** Drc report for masaüstü güç kaynağı.kicad_pcb **
** Created on 2026-09-11T20:43:05 **
** Report includes: Errors, Warnings, Exclusions **

** Found 213 DRC violations **
[annular_width]: Halka genişliği (tahta kurulum kısıtlamaları minimum halka genişliği 0.1000 mm; gerçek 0.0000 mm)
    Rule: tahta kurulum kısıtlamaları; error
    @(16.6500 mm, 34.3200 mm): PTH pad SH [GND] of J1
[annular_width]: Halka genişliği (tahta kurulum kısıtlamaları minimum halka genişliği 0.1000 mm; gerçek 0.0000 mm)
    Rule: tahta kurulum kısıtlamaları; error
    @(17.2500 mm, 34.0000 mm): PTH pad SH [GND] of J1
[annular_width]: Halka genişliği (tahta kurulum kısıtlamaları minimum halka genişliği 0.1000 mm; gerçek 0.0000 mm)
    Rule: tahta kurulum kısıtlamaları; error
    @(17.2500 mm, 26.0000 mm): PTH pad SH [GND] of J1
[annular_width]: Halka genişliği (tahta kurulum kısıtlamaları minimum halka genişliği 0.1000 mm; gerçek 0.0000 mm)
    Rule: tahta kurulum kısıtlamaları; error
    @(16.6500 mm, 25.6800 mm): PTH pad SH [GND] of J1
[shorting_items]: İki ağa kısa devre yaptıran ögeler (ağ bağlantıları Net-(Q3-S-Pad1) ve PD_VBUS_SENSED)
    Local override; error
    @(42.5250 mm, 24.5950 mm): Pad 1 [Net-(Q3-S-Pad1)] of Q4 on F.Cu
    @(40.9625 mm, 23.0000 mm): Pad 2 [PD_VBUS_SENSED] of R11 on F.Cu
[clearance]: Boşluk ihlali ( açıklık 0.2000 mm; şu anki 0.1500 mm)
    Local override; error
    @(66.2875 mm, 60.0000 mm): Pad 1 [/USER INTERFACE/BL_BOOST_FB] of U7 on F.Cu
    @(66.2875 mm, 60.5000 mm): Pad 2 [+3.3V] of U7 on F.Cu
[clearance]: Boşluk ihlali ( açıklık 0.2000 mm; şu anki 0.1500 mm)
    Local override; error
    @(67.7125 mm, 61.0000 mm): Pad 4 [GND] of U7 on F.Cu
    @(67.7125 mm, 60.5000 mm): Pad 5 [/USER INTERFACE/BL_BOOST_SW] of U7 on F.Cu
[clearance]: Boşluk ihlali ( açıklık 0.2000 mm; şu anki 0.1500 mm)
    Local override; error
    @(67.7125 mm, 60.5000 mm): Pad 5 [/USER INTERFACE/BL_BOOST_SW] of U7 on F.Cu
    @(67.7125 mm, 60.0000 mm): Pad 6 [BACKLIGHT_4V2] of U7 on F.Cu
[clearance]: Boşluk ihlali ( açıklık 0.2000 mm; şu anki 0.1750 mm)
    Local override; error
    @(30.5000 mm, 29.3870 mm): Pad 2 [USB_DM] of U9 on F.Cu
    @(31.0000 mm, 29.3870 mm): Pad 3 [GND] of U9 on F.Cu
[shorting_items]: İki ağa kısa devre yaptıran ögeler (ağ bağlantıları Net-(U2-GPIO9) ve Net-(U2-EN/CHIP_PU))
    Local override; error
    @(88.0750 mm, 56.0750 mm): Pad 2 [Net-(U2-GPIO9)] of SW1 on F.Cu
    @(87.9250 mm, 56.0750 mm): Pad 2 [Net-(U2-EN/CHIP_PU)] of SW2 on F.Cu
[clearance]: Boşluk ihlali ( açıklık 0.2000 mm; şu anki 0.1730 mm)
    Local override; error
    @(31.4980 mm, 29.3870 mm): Pad 4 [unconnected-(U9-D2+-Pad4)] of U9 on F.Cu
    @(31.0000 mm, 29.3870 mm): Pad 3 [GND] of U9 on F.Cu
[clearance]: Boşluk ihlali ( açıklık 0.2000 mm; şu anki 0.1730 mm)
    Local override; error
    @(31.4980 mm, 28.6150 mm): Pad 7 [unconnected-(U9-NC-Pad7)] of U9 on F.Cu
    @(31.0000 mm, 28.6150 mm): Pad 8 [GND] of U9 on F.Cu
[clearance]: Boşluk ihlali ( açıklık 0.2000 mm; şu anki 0.1750 mm)
    Local override; error
    @(31.0000 mm, 28.6150 mm): Pad 8 [GND] of U9 on F.Cu
    @(30.5000 mm, 28.6150 mm): Pad 9 [unconnected-(U9-NC-Pad9)] of U9 on F.Cu
[shorting_items]: İki ağa kısa devre yaptıran ögeler (ağ bağlantıları <ağ yok> ve )
    Local override; error
    @(83.0500 mm, 72.4016 mm): Polygon [<no net>] of J3 on F.Cu
    @(81.4500 mm, 71.2016 mm): Pad P2 [<no net>] of J3 on F.Cu
[courtyards_overlap]: Courtyards overlap
    Rule: tahta kurulum kısıtlamaları avlu; error
    @(86.0000 mm, 55.0000 mm): Footprint SW1
    @(90.0000 mm, 55.0000 mm): Footprint SW2
[courtyards_overlap]: Courtyards overlap
    Rule: tahta kurulum kısıtlamaları avlu; error
    @(45.0000 mm, 26.5000 mm): Footprint Q4
    @(38.0000 mm, 23.0000 mm): Footprint R11
[copper_edge_clearance]: Kart kenarı boşluk ihlali (tahta kurulum kısıtlamaları kenar açıklık 0.5000 mm; şu anki 0.3000 mm)
    Rule: tahta kurulum kısıtlamaları kenar; error
    @(18.2500 mm, 25.3000 mm): Segment of J1 on Edge.Cuts
    @(17.5500 mm, 27.2500 mm): Pad B1 [GND] of J1 on F.Cu
[copper_edge_clearance]: Kart kenarı boşluk ihlali (tahta kurulum kısıtlamaları kenar açıklık 0.5000 mm; şu anki 0.3000 mm)
    Rule: tahta kurulum kısıtlamaları kenar; error
    @(18.2500 mm, 25.3000 mm): Segment of J1 on Edge.Cuts
    @(17.5500 mm, 27.7500 mm): Pad B2 [unconnected-(J1-TX2+-PadB2)] of J1 on F.Cu
[copper_edge_clearance]: Kart kenarı boşluk ihlali (tahta kurulum kısıtlamaları kenar açıklık 0.5000 mm; şu anki 0.3000 mm)
    Rule: tahta kurulum kısıtlamaları kenar; error
    @(18.2500 mm, 25.3000 mm): Segment of J1 on Edge.Cuts
    @(17.5500 mm, 28.2500 mm): Pad B3 [unconnected-(J1-TX2--PadB3)] of J1 on F.Cu
[copper_edge_clearance]: Kart kenarı boşluk ihlali (tahta kurulum kısıtlamaları kenar açıklık 0.5000 mm; şu anki 0.3000 mm)
    Rule: tahta kurulum kısıtlamaları kenar; error
    @(18.2500 mm, 25.3000 mm): Segment of J1 on Edge.Cuts
    @(17.5500 mm, 28.7500 mm): Pad B4 [USB_VBUS] of J1 on F.Cu
[copper_edge_clearance]: Kart kenarı boşluk ihlali (tahta kurulum kısıtlamaları kenar açıklık 0.5000 mm; şu anki 0.3000 mm)
    Rule: tahta kurulum kısıtlamaları kenar; error
    @(18.2500 mm, 25.3000 mm): Segment of J1 on Edge.Cuts
    @(17.5500 mm, 29.2500 mm): Pad B5 [USB_CC2] of J1 on F.Cu
[copper_edge_clearance]: Kart kenarı boşluk ihlali (tahta kurulum kısıtlamaları kenar açıklık 0.5000 mm; şu anki 0.3000 mm)
    Rule: tahta kurulum kısıtlamaları kenar; error
    @(18.2500 mm, 25.3000 mm): Segment of J1 on Edge.Cuts
    @(17.5500 mm, 29.7500 mm): Pad B6 [USB_DP] of J1 on F.Cu
[copper_edge_clearance]: Kart kenarı boşluk ihlali (tahta kurulum kısıtlamaları kenar açıklık 0.5000 mm; şu anki 0.3213 mm)
    Rule: tahta kurulum kısıtlamaları kenar; error
    @(18.2500 mm, 25.3000 mm): Segment of J1 on Edge.Cuts
    @(17.5500 mm, 30.2500 mm): Pad B7 [USB_DM] of J1 on F.Cu
[copper_edge_clearance]: Kart kenarı boşluk ihlali (tahta kurulum kısıtlamaları kenar açıklık 0.5000 mm; şu anki 0.3000 mm)
    Rule: tahta kurulum kısıtlamaları kenar; error
    @(18.2500 mm, 34.7000 mm): Segment of J1 on Edge.Cuts
    @(17.5500 mm, 30.7500 mm): Pad B8 [unconnected-(J1-SBU2-PadB8)] of J1 on F.Cu
[copper_edge_clearance]: Kart kenarı boşluk ihlali (tahta kurulum kısıtlamaları kenar açıklık 0.5000 mm; şu anki 0.3000 mm)
    Rule: tahta kurulum kısıtlamaları kenar; error
    @(18.2500 mm, 34.7000 mm): Segment of J1 on Edge.Cuts
    @(17.5500 mm, 31.2500 mm): Pad B9 [USB_VBUS] of J1 on F.Cu
[copper_edge_clearance]: Kart kenarı boşluk ihlali (tahta kurulum kısıtlamaları kenar açıklık 0.5000 mm; şu anki 0.3000 mm)
    Rule: tahta kurulum kısıtlamaları kenar; error
    @(18.2500 mm, 34.7000 mm): Segment of J1 on Edge.Cuts
    @(17.5500 mm, 31.7500 mm): Pad B10 [unconnected-(J1-RX1--PadB10)] of J1 on F.Cu
[copper_edge_clearance]: Kart kenarı boşluk ihlali (tahta kurulum kısıtlamaları kenar açıklık 0.5000 mm; şu anki 0.3000 mm)
    Rule: tahta kurulum kısıtlamaları kenar; error
    @(18.2500 mm, 34.7000 mm): Segment of J1 on Edge.Cuts
    @(17.5500 mm, 32.2500 mm): Pad B11 [unconnected-(J1-RX1+-PadB11)] of J1 on F.Cu
[copper_edge_clearance]: Kart kenarı boşluk ihlali (tahta kurulum kısıtlamaları kenar açıklık 0.5000 mm; şu anki 0.3000 mm)
    Rule: tahta kurulum kısıtlamaları kenar; error
    @(18.2500 mm, 34.7000 mm): Segment of J1 on Edge.Cuts
    @(17.5500 mm, 32.7500 mm): Pad B12 [GND] of J1 on F.Cu
[copper_edge_clearance]: Kart kenarı boşluk ihlali (tahta kurulum kısıtlamaları kenar açıklık 0.5000 mm; şu anki 0.4500 mm)
    Rule: tahta kurulum kısıtlamaları kenar; error
    @(18.2500 mm, 34.7000 mm): Segment of J1 on Edge.Cuts
    @(16.6500 mm, 34.3200 mm): PTH pad SH [GND] of J1
[copper_edge_clearance]: Kart kenarı boşluk ihlali (tahta kurulum kısıtlamaları kenar açıklık 0.5000 mm; şu anki 0.4500 mm)
    Rule: tahta kurulum kısıtlamaları kenar; error
    @(18.2500 mm, 34.7000 mm): Segment of J1 on Edge.Cuts
    @(17.2500 mm, 34.0000 mm): PTH pad SH [GND] of J1
[copper_edge_clearance]: Kart kenarı boşluk ihlali (tahta kurulum kısıtlamaları kenar açıklık 0.5000 mm; şu anki 0.4500 mm)
    Rule: tahta kurulum kısıtlamaları kenar; error
    @(18.2500 mm, 25.3000 mm): Segment of J1 on Edge.Cuts
    @(17.2500 mm, 26.0000 mm): PTH pad SH [GND] of J1
[copper_edge_clearance]: Kart kenarı boşluk ihlali (tahta kurulum kısıtlamaları kenar açıklık 0.5000 mm; şu anki 0.4500 mm)
    Rule: tahta kurulum kısıtlamaları kenar; error
    @(18.2500 mm, 25.3000 mm): Segment of J1 on Edge.Cuts
    @(16.6500 mm, 25.6800 mm): PTH pad SH [GND] of J1
[invalid_outline]: Kart hatalı biçimlendirilmiş dış hatta sahip (segmentin uzunluğu sıfır veya çok küçük: 0 nm)
    Local override; error
    @(18.2500 mm, 25.3000 mm): Segment of J1 on Edge.Cuts
    @(18.2500 mm, 34.7000 mm): Segment of J1 on Edge.Cuts
[invalid_outline]: Kart hatalı biçimlendirilmiş dış hatta sahip (kapalı bir şekil değil) (aralık 1.9000 mm)
    Local override; error
    @(23.5000 mm, 22.0000 mm): Segment of J1 on Edge.Cuts
    @(22.0000 mm, 20.0000 mm): Segment on Edge.Cuts
[invalid_outline]: Kart hatalı biçimlendirilmiş dış hatta sahip (kapalı bir şekil değil)
    Local override; error
    @(23.5000 mm, 38.0000 mm): Segment of J1 on Edge.Cuts
    @(23.5000 mm, 38.0000 mm): Segment of J1 on Edge.Cuts
[invalid_outline]: Kart hatalı biçimlendirilmiş dış hatta sahip (kapalı bir şekil değil)
    Local override; error
    @(20.0000 mm, 22.0000 mm): Segment on Edge.Cuts
    @(20.0000 mm, 22.0000 mm): Segment on Edge.Cuts
[invalid_outline]: Kart hatalı biçimlendirilmiş dış hatta sahip (kapalı bir şekil değil) (aralık 3.2000 mm)
    Local override; error
    @(20.0000 mm, 73.0000 mm): Segment on Edge.Cuts
    @(23.5000 mm, 34.7000 mm): Segment of J1 on Edge.Cuts
[solder_mask_bridge]: Ön lehim maskesi açıklığı, farklı ağlara sahip ögeleri köprüler
    Rule: kart kurulumu lehim maskesi min genişliği; error
    @(42.5250 mm, 24.5950 mm): Pad 1 [Net-(Q3-S-Pad1)] of Q4 on F.Cu
    @(40.9625 mm, 23.0000 mm): Pad 2 [PD_VBUS_SENSED] of R11 on F.Cu
[solder_mask_bridge]: Ön lehim maskesi açıklığı, farklı ağlara sahip ögeleri köprüler
    Rule: kart kurulumu lehim maskesi min genişliği; error
    @(76.7500 mm, 68.5020 mm): Pad 34 [/USER INTERFACE/BL_K1] of J3 on F.Cu
    @(76.2500 mm, 68.5020 mm): Pad 33 [+3.3V] of J3 on F.Cu
[solder_mask_bridge]: Ön lehim maskesi açıklığı, farklı ağlara sahip ögeleri köprüler
    Rule: kart kurulumu lehim maskesi min genişliği; error
    @(87.9250 mm, 56.0750 mm): Pad 2 [Net-(U2-EN/CHIP_PU)] of SW2 on F.Cu
    @(88.0750 mm, 56.0750 mm): Pad 2 [Net-(U2-GPIO9)] of SW1 on F.Cu
[solder_mask_bridge]: Ön lehim maskesi açıklığı, farklı ağlara sahip ögeleri köprüler
    Rule: kart kurulumu lehim maskesi min genişliği; error
    @(60.2500 mm, 68.5020 mm): Pad 1 [GND] of J3 on F.Cu
    @(60.7500 mm, 68.5020 mm): Pad 2 [unconnected-(J3-Pin_2-Pad2)] of J3 on F.Cu
[solder_mask_bridge]: Ön lehim maskesi açıklığı, farklı ağlara sahip ögeleri köprüler
    Rule: kart kurulumu lehim maskesi min genişliği; error
    @(76.7500 mm, 68.5020 mm): Pad 34 [/USER INTERFACE/BL_K1] of J3 on F.Cu
    @(77.2500 mm, 68.5020 mm): Pad 35 [/USER INTERFACE/BL_K2] of J3 on F.Cu
[solder_mask_bridge]: Ön lehim maskesi açıklığı, farklı ağlara sahip ögeleri köprüler
    Rule: kart kurulumu lehim maskesi min genişliği; error
    @(74.2500 mm, 68.5020 mm): Pad 29 [GND] of J3 on F.Cu
    @(74.7500 mm, 68.5020 mm): Pad 30 [TFT_RST] of J3 on F.Cu
[solder_mask_bridge]: Ön lehim maskesi açıklığı, farklı ağlara sahip ögeleri köprüler
    Rule: kart kurulumu lehim maskesi min genişliği; error
    @(60.7500 mm, 68.5020 mm): Pad 2 [unconnected-(J3-Pin_2-Pad2)] of J3 on F.Cu
    @(61.2500 mm, 68.5020 mm): Pad 3 [unconnected-(J3-Pin_3-Pad3)] of J3 on F.Cu
[solder_mask_bridge]: Ön lehim maskesi açıklığı, farklı ağlara sahip ögeleri köprüler
    Rule: kart kurulumu lehim maskesi min genişliği; error
    @(77.2500 mm, 68.5020 mm): Pad 35 [/USER INTERFACE/BL_K2] of J3 on F.Cu
    @(77.7500 mm, 68.5020 mm): Pad 36 [/USER INTERFACE/BL_K3] of J3 on F.Cu
[solder_mask_bridge]: Ön lehim maskesi açıklığı, farklı ağlara sahip ögeleri köprüler
    Rule: kart kurulumu lehim maskesi min genişliği; error
    @(74.7500 mm, 68.5020 mm): Pad 30 [TFT_RST] of J3 on F.Cu
    @(75.2500 mm, 68.5020 mm): Pad 31 [GND] of J3 on F.Cu
[solder_mask_bridge]: Ön lehim maskesi açıklığı, farklı ağlara sahip ögeleri köprüler
    Rule: kart kurulumu lehim maskesi min genişliği; error
    @(77.7500 mm, 68.5020 mm): Pad 36 [/USER INTERFACE/BL_K3] of J3 on F.Cu
    @(78.2500 mm, 68.5020 mm): Pad 37 [/USER INTERFACE/BL_K4] of J3 on F.Cu
[solder_mask_bridge]: Ön lehim maskesi açıklığı, farklı ağlara sahip ögeleri köprüler
    Rule: kart kurulumu lehim maskesi min genişliği; error
    @(78.2500 mm, 68.5020 mm): Pad 37 [/USER INTERFACE/BL_K4] of J3 on F.Cu
    @(78.7500 mm, 68.5020 mm): Pad 38 [BACKLIGHT_4V2] of J3 on F.Cu
[solder_mask_bridge]: Ön lehim maskesi açıklığı, farklı ağlara sahip ögeleri köprüler
    Rule: kart kurulumu lehim maskesi min genişliği; error
    @(61.2500 mm, 68.5020 mm): Pad 3 [unconnected-(J3-Pin_3-Pad3)] of J3 on F.Cu
    @(61.7500 mm, 68.5020 mm): Pad 4 [unconnected-(J3-Pin_4-Pad4)] of J3 on F.Cu
[solder_mask_bridge]: Ön lehim maskesi açıklığı, farklı ağlara sahip ögeleri köprüler
    Rule: kart kurulumu lehim maskesi min genişliği; error
    @(78.7500 mm, 68.5020 mm): Pad 38 [BACKLIGHT_4V2] of J3 on F.Cu
    @(79.2500 mm, 68.5020 mm): Pad 39 [GND] of J3 on F.Cu
[solder_mask_bridge]: Ön lehim maskesi açıklığı, farklı ağlara sahip ögeleri köprüler
    Rule: kart kurulumu lehim maskesi min genişliği; error
    @(61.7500 mm, 68.5020 mm): Pad 4 [unconnected-(J3-Pin_4-Pad4)] of J3 on F.Cu
    @(62.2500 mm, 68.5020 mm): Pad 5 [unconnected-(J3-Pin_5-Pad5)] of J3 on F.Cu
[solder_mask_bridge]: Ön lehim maskesi açıklığı, farklı ağlara sahip ögeleri köprüler
    Rule: kart kurulumu lehim maskesi min genişliği; error
    @(75.2500 mm, 68.5020 mm): Pad 31 [GND] of J3 on F.Cu
    @(75.7500 mm, 68.5020 mm): Pad 32 [+3.3V] of J3 on F.Cu
[solder_mask_bridge]: Ön lehim maskesi açıklığı, farklı ağlara sahip ögeleri köprüler
    Rule: kart kurulumu lehim maskesi min genişliği; error
    @(79.2500 mm, 68.5020 mm): Pad 39 [GND] of J3 on F.Cu
    @(79.7500 mm, 68.5020 mm): Pad 40 [unconnected-(J3-Pin_40-Pad40)] of J3 on F.Cu
[solder_mask_bridge]: Ön lehim maskesi açıklığı, farklı ağlara sahip ögeleri köprüler
    Rule: kart kurulumu lehim maskesi min genişliği; error
    @(62.2500 mm, 68.5020 mm): Pad 5 [unconnected-(J3-Pin_5-Pad5)] of J3 on F.Cu
    @(62.7500 mm, 68.5020 mm): Pad 6 [unconnected-(J3-Pin_6-Pad6)] of J3 on F.Cu
[solder_mask_bridge]: Ön lehim maskesi açıklığı, farklı ağlara sahip ögeleri köprüler
    Rule: kart kurulumu lehim maskesi min genişliği; error
    @(62.7500 mm, 68.5020 mm): Pad 6 [unconnected-(J3-Pin_6-Pad6)] of J3 on F.Cu
    @(63.2500 mm, 68.5020 mm): Pad 7 [+3.3V] of J3 on F.Cu
[solder_mask_bridge]: Ön lehim maskesi açıklığı, farklı ağlara sahip ögeleri köprüler
    Rule: kart kurulumu lehim maskesi min genişliği; error
    @(63.7500 mm, 68.5020 mm): Pad 8 [+3.3V] of J3 on F.Cu
    @(64.2500 mm, 68.5020 mm): Pad 9 [TFT_MOSI] of J3 on F.Cu
[solder_mask_bridge]: Ön lehim maskesi açıklığı, farklı ağlara sahip ögeleri köprüler
    Rule: kart kurulumu lehim maskesi min genişliği; error
    @(83.0500 mm, 72.4016 mm): Polygon [<no net>] of J3 on F.Cu
    @(81.4500 mm, 71.2016 mm): Pad P2 [<no net>] of J3 on F.Cu
[solder_mask_bridge]: Ön lehim maskesi açıklığı, farklı ağlara sahip ögeleri köprüler
    Rule: kart kurulumu lehim maskesi min genişliği; error
    @(64.2500 mm, 68.5020 mm): Pad 9 [TFT_MOSI] of J3 on F.Cu
    @(64.7500 mm, 68.5020 mm): Pad 10 [TFT_CS] of J3 on F.Cu
[solder_mask_bridge]: Ön lehim maskesi açıklığı, farklı ağlara sahip ögeleri köprüler
    Rule: kart kurulumu lehim maskesi min genişliği; error
    @(64.7500 mm, 68.5020 mm): Pad 10 [TFT_CS] of J3 on F.Cu
    @(65.2500 mm, 68.5020 mm): Pad 11 [TFT_SCLK] of J3 on F.Cu
[solder_mask_bridge]: Ön lehim maskesi açıklığı, farklı ağlara sahip ögeleri köprüler
    Rule: kart kurulumu lehim maskesi min genişliği; error
    @(65.2500 mm, 68.5020 mm): Pad 11 [TFT_SCLK] of J3 on F.Cu
    @(65.7500 mm, 68.5020 mm): Pad 12 [TFT_DC] of J3 on F.Cu
[solder_mask_bridge]: Ön lehim maskesi açıklığı, farklı ağlara sahip ögeleri köprüler
    Rule: kart kurulumu lehim maskesi min genişliği; error
    @(65.7500 mm, 68.5020 mm): Pad 12 [TFT_DC] of J3 on F.Cu
    @(66.2500 mm, 68.5020 mm): Pad 13 [GND] of J3 on F.Cu
[silk_edge_clearance]: Silkscreen clipped by board edge
    Rule: tahta kurulum kısıtlamaları ipek; warning
    @(22.0000 mm, 20.0000 mm): Segment on Edge.Cuts
    @(29.0000 mm, 20.3400 mm): Reference field of C1
[silk_edge_clearance]: Silkscreen clipped by board edge
    Rule: tahta kurulum kısıtlamaları ipek; warning
    @(22.0000 mm, 20.0000 mm): Segment on Edge.Cuts
    @(44.0000 mm, 20.5700 mm): Reference field of C3
[silk_edge_clearance]: Silkscreen clipped by board edge
    Rule: tahta kurulum kısıtlamaları ipek; warning
    @(22.0000 mm, 20.0000 mm): Segment on Edge.Cuts
    @(32.0000 mm, 20.3400 mm): Reference field of C2
[silk_edge_clearance]: Silkscreen clipped by board edge
    Rule: tahta kurulum kısıtlamaları ipek; warning
    @(22.0000 mm, 20.0000 mm): Segment on Edge.Cuts
    @(50.7500 mm, 20.3300 mm): Reference field of D1
[silk_edge_clearance]: Silkscreen clipped by board edge
    Rule: tahta kurulum kısıtlamaları ipek; warning
    @(22.0000 mm, 20.0000 mm): Segment on Edge.Cuts
    @(47.7500 mm, 20.3400 mm): Reference field of C4
[silk_edge_clearance]: Silkscreen clipped by board edge
    Rule: tahta kurulum kısıtlamaları ipek; warning
    @(22.0000 mm, 20.0000 mm): Segment on Edge.Cuts
    @(38.0000 mm, 20.3700 mm): Reference field of R11
[text_height]: Metin yüksekliği aralık dışında (tahta kurulum kısıtlamaları ipek metin yüksekliği min yükseklik 0.8000 mm; gerçek 0.7000 mm)
    Rule: tahta kurulum kısıtlamaları ipek metin yüksekliği; warning
    @(29.3000 mm, 28.9820 mm): Reference field of U9
[text_height]: Metin yüksekliği aralık dışında (tahta kurulum kısıtlamaları ipek metin yüksekliği min yükseklik 0.8000 mm; gerçek 0.7000 mm)
    Rule: tahta kurulum kısıtlamaları ipek metin yüksekliği; warning
    @(14.2000 mm, 30.0000 mm): Reference field of J1
[silk_overlap]: Silkscreen clearance
    Rule: tahta kurulum kısıtlamaları ipek; warning
    @(57.0000 mm, 41.8300 mm): Reference field of R42
    @(55.5387 mm, 41.3600 mm): Segment of C13 on F.Silkscreen
[silk_overlap]: Silkscreen clearance
    Rule: tahta kurulum kısıtlamaları ipek; warning
    @(60.0000 mm, 40.3400 mm): Reference field of C19
    @(59.8922 mm, 40.3600 mm): Segment of C14 on F.Silkscreen
[silk_overlap]: Silkscreen clearance
    Rule: tahta kurulum kısıtlamaları ipek; warning
    @(50.5964 mm, 33.8800 mm): Segment of R13 on F.Silkscreen
    @(50.7500 mm, 33.8300 mm): Reference field of R14
[silk_overlap]: Silkscreen clearance
    Rule: tahta kurulum kısıtlamaları ipek; warning
    @(50.7500 mm, 32.3300 mm): Reference field of R13
    @(50.5964 mm, 32.3800 mm): Segment of R12 on F.Silkscreen
[silk_overlap]: Silkscreen clearance
    Rule: tahta kurulum kısıtlamaları ipek; warning
    @(43.7387 mm, 22.9850 mm): Segment of C3 on F.Silkscreen
    @(45.0000 mm, 23.1000 mm): Reference field of Q4
[silk_overlap]: Silkscreen clearance
    Rule: tahta kurulum kısıtlamaları ipek; warning
    @(50.5964 mm, 23.3800 mm): Segment of R4 on F.Silkscreen
    @(50.7500 mm, 23.3300 mm): Reference field of R5
[silk_overlap]: Silkscreen clearance
    Rule: tahta kurulum kısıtlamaları ipek; warning
    @(50.2887 mm, 41.3600 mm): Segment of C12 on F.Silkscreen
    @(51.0000 mm, 41.8300 mm): Reference field of R40
[silk_overlap]: Silkscreen clearance
    Rule: tahta kurulum kısıtlamaları ipek; warning
    @(50.5964 mm, 24.8800 mm): Segment of R5 on F.Silkscreen
    @(50.7500 mm, 24.8300 mm): Reference field of R8
[silk_overlap]: Silkscreen clearance
    Rule: tahta kurulum kısıtlamaları ipek; warning
    @(79.8464 mm, 54.1300 mm): Segment of R22 on F.Silkscreen
    @(80.0000 mm, 54.0800 mm): Reference field of R23
[silk_overlap]: Silkscreen clearance
    Rule: tahta kurulum kısıtlamaları ipek; warning
    @(79.8464 mm, 55.6300 mm): Segment of R23 on F.Silkscreen
    @(80.0000 mm, 55.5800 mm): Reference field of R24
[silk_overlap]: Silkscreen clearance
    Rule: tahta kurulum kısıtlamaları ipek; warning
    @(79.8464 mm, 57.1300 mm): Segment of R24 on F.Silkscreen
    @(80.7500 mm, 57.0800 mm): Reference field of R25
[silk_overlap]: Silkscreen clearance
    Rule: tahta kurulum kısıtlamaları ipek; warning
    @(67.7100 mm, 61.4350 mm): Segment of U7 on F.Silkscreen
    @(66.2500 mm, 61.6500 mm): Reference field of C21
[silk_overlap]: Silkscreen clearance
    Rule: tahta kurulum kısıtlamaları ipek; warning
    @(64.8184 mm, 62.1100 mm): Footprint text of J3 (541324062)
    @(66.2500 mm, 61.6500 mm): Reference field of C21
[silk_overlap]: Silkscreen clearance
    Rule: tahta kurulum kısıtlamaları ipek; warning
    @(67.7100 mm, 61.4350 mm): Segment of U7 on F.Silkscreen
    @(64.8184 mm, 62.1100 mm): Footprint text of J3 (541324062)
[silk_overlap]: Silkscreen clearance
    Rule: tahta kurulum kısıtlamaları ipek; warning
    @(65.5387 mm, 62.5900 mm): Segment of C21 on F.Silkscreen
    @(64.8184 mm, 62.1100 mm): Footprint text of J3 (541324062)
[silk_overlap]: Silkscreen clearance
    Rule: tahta kurulum kısıtlamaları ipek; warning
    @(66.2800 mm, 59.5600 mm): Polygon of U7 on F.Silkscreen
    @(67.0000 mm, 58.8500 mm): Reference field of U7
[silk_overlap]: Silkscreen clearance
    Rule: tahta kurulum kısıtlamaları ipek; warning
    @(80.7500 mm, 59.0520 mm): Reference field of TP7
    @(80.5964 mm, 58.6300 mm): Segment of R25 on F.Silkscreen
[silk_overlap]: Silkscreen clearance
    Rule: tahta kurulum kısıtlamaları ipek; warning
    @(64.0000 mm, 55.7100 mm): Segment of D2 on F.Silkscreen
    @(66.2500 mm, 55.6500 mm): Reference field of C20
[silk_overlap]: Silkscreen clearance
    Rule: tahta kurulum kısıtlamaları ipek; warning
    @(66.2500 mm, 55.6500 mm): Reference field of C20
    @(66.0000 mm, 55.7100 mm): Segment of D2 on F.Silkscreen
[silk_overlap]: Silkscreen clearance
    Rule: tahta kurulum kısıtlamaları ipek; warning
    @(67.0000 mm, 58.8500 mm): Reference field of U7
    @(65.5387 mm, 58.4100 mm): Segment of C20 on F.Silkscreen
[silk_overlap]: Silkscreen clearance
    Rule: tahta kurulum kısıtlamaları ipek; warning
    @(82.6150 mm, 70.5950 mm): Reference field of J2
    @(82.7508 mm, 70.4920 mm): Segment of J3 on F.Silkscreen
[silk_overlap]: Silkscreen clearance
    Rule: tahta kurulum kısıtlamaları ipek; warning
    @(80.7500 mm, 60.5000 mm): Circle of TP7 on F.Silkscreen
    @(80.5000 mm, 61.5800 mm): Reference field of R44
[silk_overlap]: Silkscreen clearance
    Rule: tahta kurulum kısıtlamaları ipek; warning
    @(86.7500 mm, 57.0800 mm): Reference field of R37
    @(83.8000 mm, 56.7000 mm): Segment of SW1 on F.Silkscreen
[silk_overlap]: Silkscreen clearance
    Rule: tahta kurulum kısıtlamaları ipek; warning
    @(63.1600 mm, 58.8400 mm): Segment of L2 on F.Silkscreen
    @(64.8184 mm, 62.1100 mm): Footprint text of J3 (541324062)
[silk_overlap]: Silkscreen clearance
    Rule: tahta kurulum kısıtlamaları ipek; warning
    @(58.8400 mm, 63.1600 mm): Segment of L2 on F.Silkscreen
    @(59.5000 mm, 63.0800 mm): Reference field of R46
[silk_overlap]: Silkscreen clearance
    Rule: tahta kurulum kısıtlamaları ipek; warning
    @(59.5000 mm, 63.0800 mm): Reference field of R46
    @(63.1600 mm, 63.1600 mm): Segment of L2 on F.Silkscreen
[silk_overlap]: Silkscreen clearance
    Rule: tahta kurulum kısıtlamaları ipek; warning
    @(59.5000 mm, 63.0800 mm): Reference field of R46
    @(64.8184 mm, 62.1100 mm): Footprint text of J3 (541324062)
[silk_overlap]: Silkscreen clearance
    Rule: tahta kurulum kısıtlamaları ipek; warning
    @(56.5000 mm, 62.3300 mm): Reference field of R45
    @(56.3464 mm, 61.6200 mm): Segment of R36 on F.Silkscreen
[silk_overlap]: Silkscreen clearance
    Rule: tahta kurulum kısıtlamaları ipek; warning
    @(56.3464 mm, 62.3800 mm): Segment of R36 on F.Silkscreen
    @(56.5000 mm, 62.3300 mm): Reference field of R45
[silk_overlap]: Silkscreen clearance
    Rule: tahta kurulum kısıtlamaları ipek; warning
    @(80.0000 mm, 51.0800 mm): Reference field of R16
    @(79.8464 mm, 51.1300 mm): Segment of R3 on F.Silkscreen
[silk_overlap]: Silkscreen clearance
    Rule: tahta kurulum kısıtlamaları ipek; warning
    @(79.8464 mm, 52.6300 mm): Segment of R16 on F.Silkscreen
    @(80.0000 mm, 52.5800 mm): Reference field of R22
[silk_overlap]: Silkscreen clearance
    Rule: tahta kurulum kısıtlamaları ipek; warning
    @(79.7387 mm, 47.7350 mm): Segment of C5 on F.Silkscreen
    @(80.0000 mm, 48.0900 mm): Reference field of C10
[silk_overlap]: Silkscreen clearance
    Rule: tahta kurulum kısıtlamaları ipek; warning
    @(87.8000 mm, 53.3000 mm): Segment of SW2 on F.Silkscreen
    @(88.2000 mm, 53.3000 mm): Segment of SW1 on F.Silkscreen
[silk_overlap]: Silkscreen clearance
    Rule: tahta kurulum kısıtlamaları ipek; warning
    @(88.2000 mm, 53.3000 mm): Segment of SW1 on F.Silkscreen
    @(92.2000 mm, 53.3000 mm): Segment of SW2 on F.Silkscreen
[silk_overlap]: Silkscreen clearance
    Rule: tahta kurulum kısıtlamaları ipek; warning
    @(88.2000 mm, 53.4200 mm): Segment of SW1 on F.Silkscreen
    @(92.2000 mm, 53.3000 mm): Segment of SW2 on F.Silkscreen
[silk_overlap]: Silkscreen clearance
    Rule: tahta kurulum kısıtlamaları ipek; warning
    @(83.8000 mm, 56.5800 mm): Segment of SW1 on F.Silkscreen
    @(83.7500 mm, 57.0800 mm): Reference field of R26
[silk_overlap]: Silkscreen clearance
    Rule: tahta kurulum kısıtlamaları ipek; warning
    @(83.7500 mm, 57.0800 mm): Reference field of R26
    @(83.8000 mm, 56.7000 mm): Segment of SW1 on F.Silkscreen
[silk_overlap]: Silkscreen clearance
    Rule: tahta kurulum kısıtlamaları ipek; warning
    @(83.7500 mm, 59.0520 mm): Reference field of TP8
    @(83.5964 mm, 58.6300 mm): Segment of R26 on F.Silkscreen
[silk_overlap]: Silkscreen clearance
    Rule: tahta kurulum kısıtlamaları ipek; warning
    @(88.2000 mm, 56.7000 mm): Segment of SW1 on F.Silkscreen
    @(87.8000 mm, 56.7000 mm): Segment of SW2 on F.Silkscreen
[silk_overlap]: Silkscreen clearance
    Rule: tahta kurulum kısıtlamaları ipek; warning
    @(87.8000 mm, 56.5800 mm): Segment of SW2 on F.Silkscreen
    @(86.7500 mm, 57.0800 mm): Reference field of R37
[silk_overlap]: Silkscreen clearance
    Rule: tahta kurulum kısıtlamaları ipek; warning
    @(87.8000 mm, 56.5800 mm): Segment of SW2 on F.Silkscreen
    @(83.8000 mm, 56.7000 mm): Segment of SW1 on F.Silkscreen
[silk_overlap]: Silkscreen clearance
    Rule: tahta kurulum kısıtlamaları ipek; warning
    @(87.8000 mm, 56.7000 mm): Segment of SW2 on F.Silkscreen
    @(86.7500 mm, 57.0800 mm): Reference field of R37
[silk_overlap]: Silkscreen clearance
    Rule: tahta kurulum kısıtlamaları ipek; warning
    @(87.8000 mm, 56.7000 mm): Segment of SW2 on F.Silkscreen
    @(83.8000 mm, 56.7000 mm): Segment of SW1 on F.Silkscreen
[silk_overlap]: Silkscreen clearance
    Rule: tahta kurulum kısıtlamaları ipek; warning
    @(86.7500 mm, 59.0520 mm): Reference field of TP9
    @(86.5964 mm, 58.6300 mm): Segment of R37 on F.Silkscreen
[silk_overlap]: Silkscreen clearance
    Rule: tahta kurulum kısıtlamaları ipek; warning
    @(75.7500 mm, 42.1000 mm): Reference field of U6
    @(75.5964 mm, 41.8800 mm): Segment of R39 on F.Silkscreen
[silk_overlap]: Silkscreen clearance
    Rule: tahta kurulum kısıtlamaları ipek; warning
    @(89.0000 mm, 49.5800 mm): Reference field of R10
    @(88.8464 mm, 49.6300 mm): Segment of R1 on F.Silkscreen
[silk_overlap]: Silkscreen clearance
    Rule: tahta kurulum kısıtlamaları ipek; warning
    @(92.0000 mm, 49.5800 mm): Reference field of R15
    @(91.8464 mm, 49.6300 mm): Segment of R2 on F.Silkscreen
[silk_overlap]: Silkscreen clearance
    Rule: tahta kurulum kısıtlamaları ipek; warning
    @(50.5964 mm, 35.3800 mm): Segment of R14 on F.Silkscreen
    @(50.7500 mm, 35.3300 mm): Reference field of R21
[silk_overlap]: Silkscreen clearance
    Rule: tahta kurulum kısıtlamaları ipek; warning
    @(35.0000 mm, 24.8300 mm): Reference field of R6
    @(35.8229 mm, 24.7100 mm): Segment of R11 on F.Silkscreen
[silk_overlap]: Silkscreen clearance
    Rule: tahta kurulum kısıtlamaları ipek; warning
    @(35.8229 mm, 24.7100 mm): Segment of R11 on F.Silkscreen
    @(38.0000 mm, 24.8300 mm): Reference field of R7
[silk_overlap]: Silkscreen clearance
    Rule: tahta kurulum kısıtlamaları ipek; warning
    @(31.8922 mm, 21.8600 mm): Segment of C2 on F.Silkscreen
    @(31.2500 mm, 22.1000 mm): Reference field of Q1
[silk_overlap]: Silkscreen clearance
    Rule: tahta kurulum kısıtlamaları ipek; warning
    @(29.3000 mm, 28.9820 mm): Reference field of U9
    @(28.0000 mm, 27.6500 mm): Reference field of D4
[silk_overlap]: Silkscreen clearance
    Rule: tahta kurulum kısıtlamaları ipek; warning
    @(30.5000 mm, 30.0800 mm): Reference field of R9
    @(29.7300 mm, 29.6800 mm): Circle of U9 on F.Silkscreen
[silk_overlap]: Silkscreen clearance
    Rule: tahta kurulum kısıtlamaları ipek; warning
    @(29.3000 mm, 28.9820 mm): Reference field of U9
    @(27.1900 mm, 28.3900 mm): Segment of D4 on F.Silkscreen
[silk_overlap]: Silkscreen clearance
    Rule: tahta kurulum kısıtlamaları ipek; warning
    @(50.8464 mm, 43.3800 mm): Segment of R40 on F.Silkscreen
    @(51.0000 mm, 43.3700 mm): Reference field of R43
[silk_over_copper]: Silkscreen clipped by solder mask
    Local override; warning
    @(54.0000 mm, 41.8300 mm): Reference field of R41
    @(54.7750 mm, 40.0000 mm): Pad 1 [PD_VOUT] of C13 on F.Cu
[silk_over_copper]: Silkscreen clipped by solder mask
    Local override; warning
    @(60.0000 mm, 40.3400 mm): Reference field of C19
    @(59.5200 mm, 40.0000 mm): Pad 1 [PD_VOUT] of C14 on F.Cu
[silk_over_copper]: Silkscreen clipped by solder mask
    Local override; warning
    @(60.0000 mm, 40.3400 mm): Reference field of C19
    @(60.4800 mm, 40.0000 mm): Pad 2 [GND] of C14 on F.Cu
[silk_over_copper]: Silkscreen clipped by solder mask
    Local override; warning
    @(72.7500 mm, 40.3300 mm): Reference field of R38
    @(72.2700 mm, 40.0000 mm): Pad 1 [Net-(U5-BST)] of C17 on F.Cu
[silk_over_copper]: Silkscreen clipped by solder mask
    Local override; warning
    @(50.7500 mm, 35.3300 mm): Reference field of R21
    @(50.2400 mm, 35.0000 mm): Pad 1 [Net-(U1-LED)] of R14 on F.Cu
[silk_over_copper]: Silkscreen clipped by solder mask
    Local override; warning
    @(50.7500 mm, 35.3300 mm): Reference field of R21
    @(51.2600 mm, 35.0000 mm): Pad 2 [Net-(D1-A)] of R14 on F.Cu
[silk_over_copper]: Silkscreen clipped by solder mask
    Local override; warning
    @(50.7500 mm, 33.8300 mm): Reference field of R14
    @(51.2600 mm, 33.5000 mm): Pad 2 [PD_VOUT] of R13 on F.Cu
[silk_over_copper]: Silkscreen clipped by solder mask
    Local override; warning
    @(50.7500 mm, 32.3300 mm): Reference field of R13
    @(50.2400 mm, 32.0000 mm): Pad 1 [Net-(U1-PWR_EN)] of R12 on F.Cu
[silk_over_copper]: Silkscreen clipped by solder mask
    Local override; warning
    @(50.7500 mm, 32.3300 mm): Reference field of R13
    @(51.2600 mm, 32.0000 mm): Pad 2 [/USB_PD_CONTROLLER/PD_GATE] of R12 on F.Cu
[silk_over_copper]: Silkscreen clipped by solder mask
    Local override; warning
    @(50.7500 mm, 30.8300 mm): Reference field of R12
    @(52.0375 mm, 29.0000 mm): Pad 1 [PD_VOUT] of RShunt on F.Cu
[silk_over_copper]: Silkscreen clipped by solder mask
    Local override; warning
    @(45.0000 mm, 23.1000 mm): Reference field of Q4
    @(44.9500 mm, 22.2500 mm): Pad 2 [GND] of C3 on F.Cu
[silk_over_copper]: Silkscreen clipped by solder mask
    Local override; warning
    @(50.7500 mm, 33.8300 mm): Reference field of R14
    @(50.2400 mm, 33.5000 mm): Pad 1 [Net-(U1-VOUT)] of R13 on F.Cu
[silk_over_copper]: Silkscreen clipped by solder mask
    Local override; warning
    @(50.7500 mm, 24.8300 mm): Reference field of R8
    @(50.2400 mm, 24.5000 mm): Pad 1 [PD_5V] of R5 on F.Cu
[silk_over_copper]: Silkscreen clipped by solder mask
    Local override; warning
    @(50.7500 mm, 24.8300 mm): Reference field of R8
    @(51.2600 mm, 24.5000 mm): Pad 2 [PD_I2C_SCL_5V] of R5 on F.Cu
[silk_over_copper]: Silkscreen clipped by solder mask
    Local override; warning
    @(50.7500 mm, 23.3300 mm): Reference field of R5
    @(50.2400 mm, 23.0000 mm): Pad 1 [PD_I2C_SCL_3V3] of R4 on F.Cu
[silk_over_copper]: Silkscreen clipped by solder mask
    Local override; warning
    @(50.7500 mm, 23.3300 mm): Reference field of R5
    @(51.2600 mm, 23.0000 mm): Pad 2 [+3.3V] of R4 on F.Cu
[silk_over_copper]: Silkscreen clipped by solder mask
    Local override; warning
    @(50.7500 mm, 21.8300 mm): Reference field of R4
    @(50.2650 mm, 21.5000 mm): Pad 1 [GND] of D1 on F.Cu
[silk_over_copper]: Silkscreen clipped by solder mask
    Local override; warning
    @(50.7500 mm, 21.8300 mm): Reference field of R4
    @(51.2350 mm, 21.5000 mm): Pad 2 [Net-(D1-A)] of D1 on F.Cu
[silk_over_copper]: Silkscreen clipped by solder mask
    Local override; warning
    @(80.0000 mm, 54.0800 mm): Reference field of R23
    @(79.4900 mm, 53.7500 mm): Pad 1 [Net-(U4-VBACKUP)] of R22 on F.Cu
[silk_over_copper]: Silkscreen clipped by solder mask
    Local override; warning
    @(80.0000 mm, 55.5800 mm): Reference field of R24
    @(79.4900 mm, 55.2500 mm): Pad 1 [Net-(U4-EVI)] of R23 on F.Cu
[silk_over_copper]: Silkscreen clipped by solder mask
    Local override; warning
    @(80.0000 mm, 55.5800 mm): Reference field of R24
    @(80.5100 mm, 55.2500 mm): Pad 2 [GND] of R23 on F.Cu
[silk_over_copper]: Silkscreen clipped by solder mask
    Local override; warning
    @(80.7500 mm, 57.0800 mm): Reference field of R25
    @(80.5100 mm, 56.7500 mm): Pad 2 [/MCU/RTC_INT] of R24 on F.Cu
[silk_over_copper]: Silkscreen clipped by solder mask
    Local override; warning
    @(80.7500 mm, 57.0800 mm): Reference field of R25
    @(79.4900 mm, 56.7500 mm): Pad 1 [+3.3V] of R24 on F.Cu
[silk_over_copper]: Silkscreen clipped by solder mask
    Local override; warning
    @(80.7500 mm, 59.0520 mm): Reference field of TP7
    @(81.2600 mm, 58.2500 mm): Pad 2 [/MCU/RTC_SCL] of R25 on F.Cu
[silk_over_copper]: Silkscreen clipped by solder mask
    Local override; warning
    @(54.0000 mm, 41.8300 mm): Reference field of R41
    @(52.4750 mm, 40.0000 mm): Pad 2 [GND] of C12 on F.Cu
[silk_over_copper]: Silkscreen clipped by solder mask
    Local override; warning
    @(57.0000 mm, 41.8300 mm): Reference field of R42
    @(57.7250 mm, 40.0000 mm): Pad 2 [GND] of C13 on F.Cu
[silk_over_copper]: Silkscreen clipped by solder mask
    Local override; warning
    @(66.2500 mm, 61.6500 mm): Reference field of C21
    @(66.2875 mm, 61.0000 mm): Pad 3 [+3.3V] of U7 on F.Cu
[silk_over_copper]: Silkscreen clipped by solder mask
    Local override; warning
    @(64.8184 mm, 62.1100 mm): Footprint text of J3 (541324062)
    @(67.7250 mm, 63.5000 mm): Pad 2 [GND] of C21 on F.Cu
[silk_over_copper]: Silkscreen clipped by solder mask
    Local override; warning
    @(66.2500 mm, 55.6500 mm): Reference field of C20
    @(65.0000 mm, 54.9000 mm): Pad 1 [/POWER GENERATION/LX_SW] of D2 on F.Cu
[silk_over_copper]: Silkscreen clipped by solder mask
    Local override; warning
    @(67.0000 mm, 58.8500 mm): Reference field of U7
    @(67.7250 mm, 57.5000 mm): Pad 2 [GND] of C20 on F.Cu
[silk_over_copper]: Silkscreen clipped by solder mask
    Local override; warning
    @(82.6150 mm, 70.5950 mm): Reference field of J2
    @(81.4500 mm, 71.2016 mm): Pad P2 [<no net>] of J3 on F.Cu
[silk_over_copper]: Silkscreen clipped by solder mask
    Local override; warning
    @(80.7500 mm, 59.0520 mm): Reference field of TP7
    @(80.2400 mm, 58.2500 mm): Pad 1 [+3.3V] of R25 on F.Cu
[silk_over_copper]: Silkscreen clipped by solder mask
    Local override; warning
    @(80.5000 mm, 61.5800 mm): Reference field of R44
    @(80.7500 mm, 60.5000 mm): Pad 1 [PD_I2C_SDA_3V3] of TP7 on F.Cu
[silk_over_copper]: Silkscreen clipped by solder mask
    Local override; warning
    @(86.7500 mm, 59.0520 mm): Reference field of TP9
    @(86.2400 mm, 58.2500 mm): Pad 1 [+3.3V] of R37 on F.Cu
[silk_over_copper]: Silkscreen clipped by solder mask
    Local override; warning
    @(61.0000 mm, 58.0000 mm): Reference field of L2
    @(61.9900 mm, 57.5000 mm): Pad 1 [Net-(U8-EN_PWM)] of R29 on F.Cu
[silk_over_copper]: Silkscreen clipped by solder mask
    Local override; warning
    @(64.8184 mm, 62.1100 mm): Footprint text of J3 (541324062)
    @(62.1850 mm, 61.0000 mm): Pad 2 [/USER INTERFACE/BL_BOOST_SW] of L2 on F.Cu
[silk_over_copper]: Silkscreen clipped by solder mask
    Local override; warning
    @(64.8184 mm, 62.1100 mm): Footprint text of J3 (541324062)
    @(64.7750 mm, 63.5000 mm): Pad 1 [BACKLIGHT_4V2] of C21 on F.Cu
[silk_over_copper]: Silkscreen clipped by solder mask
    Local override; warning
    @(59.5000 mm, 63.0800 mm): Reference field of R46
    @(59.8150 mm, 61.0000 mm): Pad 1 [+3.3V] of L2 on F.Cu
[silk_over_copper]: Silkscreen clipped by solder mask
    Local override; warning
    @(56.5000 mm, 59.3300 mm): Reference field of R35
    @(55.9900 mm, 59.0000 mm): Pad 1 [+3.3V] of R34 on F.Cu
[silk_over_copper]: Silkscreen clipped by solder mask
    Local override; warning
    @(56.5000 mm, 59.3300 mm): Reference field of R35
    @(57.0100 mm, 59.0000 mm): Pad 2 [ENCODER_A] of R34 on F.Cu
[silk_over_copper]: Silkscreen clipped by solder mask
    Local override; warning
    @(56.5000 mm, 60.8300 mm): Reference field of R36
    @(57.0100 mm, 60.5000 mm): Pad 2 [ENCODER_B] of R35 on F.Cu
[silk_over_copper]: Silkscreen clipped by solder mask
    Local override; warning
    @(56.5000 mm, 60.8300 mm): Reference field of R36
    @(55.9900 mm, 60.5000 mm): Pad 1 [+3.3V] of R35 on F.Cu
[silk_over_copper]: Silkscreen clipped by solder mask
    Local override; warning
    @(56.5000 mm, 57.8300 mm): Reference field of R34
    @(56.0200 mm, 57.5000 mm): Pad 1 [BACKLIGHT_4V2] of C22 on F.Cu
[silk_over_copper]: Silkscreen clipped by solder mask
    Local override; warning
    @(56.5000 mm, 57.8300 mm): Reference field of R34
    @(56.9800 mm, 57.5000 mm): Pad 2 [GND] of C22 on F.Cu
[silk_over_copper]: Silkscreen clipped by solder mask
    Local override; warning
    @(56.5000 mm, 62.3300 mm): Reference field of R45
    @(57.0100 mm, 62.0000 mm): Pad 2 [ENCODER_SW] of R36 on F.Cu
[silk_over_copper]: Silkscreen clipped by solder mask
    Local override; warning
    @(56.5000 mm, 62.3300 mm): Reference field of R45
    @(55.9900 mm, 62.0000 mm): Pad 1 [+3.3V] of R36 on F.Cu
[silk_over_copper]: Silkscreen clipped by solder mask
    Local override; warning
    @(80.0000 mm, 54.0800 mm): Reference field of R23
    @(80.5100 mm, 53.7500 mm): Pad 2 [Net-(BT1-+)] of R22 on F.Cu
[silk_over_copper]: Silkscreen clipped by solder mask
    Local override; warning
    @(80.0000 mm, 51.0800 mm): Reference field of R16
    @(79.4900 mm, 50.7500 mm): Pad 1 [Net-(U2-GPIO12/USB_D-)] of R3 on F.Cu
[silk_over_copper]: Silkscreen clipped by solder mask
    Local override; warning
    @(80.0000 mm, 51.0800 mm): Reference field of R16
    @(80.5100 mm, 50.7500 mm): Pad 2 [USB_DM] of R3 on F.Cu
[silk_over_copper]: Silkscreen clipped by solder mask
    Local override; warning
    @(80.0000 mm, 52.5800 mm): Reference field of R22
    @(80.5100 mm, 52.2500 mm): Pad 2 [Net-(U2-GPIO0/ADC1_CH0/XTAL_32K_P)] of R16 on F.Cu
[silk_over_copper]: Silkscreen clipped by solder mask
    Local override; warning
    @(80.0000 mm, 52.5800 mm): Reference field of R22
    @(79.4900 mm, 52.2500 mm): Pad 1 [Net-(R16-Pad1)] of R16 on F.Cu
[silk_over_copper]: Silkscreen clipped by solder mask
    Local override; warning
    @(80.0000 mm, 49.5800 mm): Reference field of R3
    @(79.5200 mm, 49.2500 mm): Pad 1 [Net-(U4-VBACKUP)] of C10 on F.Cu
[silk_over_copper]: Silkscreen clipped by solder mask
    Local override; warning
    @(80.0000 mm, 48.0900 mm): Reference field of C10
    @(79.0500 mm, 47.0000 mm): Pad 1 [+3.3V] of C5 on F.Cu
[silk_over_copper]: Silkscreen clipped by solder mask
    Local override; warning
    @(80.0000 mm, 48.0900 mm): Reference field of C10
    @(80.9500 mm, 47.0000 mm): Pad 2 [GND] of C5 on F.Cu
[silk_over_copper]: Silkscreen clipped by solder mask
    Local override; warning
    @(80.0000 mm, 49.5800 mm): Reference field of R3
    @(80.4800 mm, 49.2500 mm): Pad 2 [GND] of C10 on F.Cu
[silk_over_copper]: Silkscreen clipped by solder mask
    Local override; warning
    @(83.7500 mm, 59.0520 mm): Reference field of TP8
    @(83.2400 mm, 58.2500 mm): Pad 1 [/MCU/RTC_SDA] of R26 on F.Cu
[silk_over_copper]: Silkscreen clipped by solder mask
    Local override; warning
    @(83.7500 mm, 59.0520 mm): Reference field of TP8
    @(84.2600 mm, 58.2500 mm): Pad 2 [+3.3V] of R26 on F.Cu
[silk_over_copper]: Silkscreen clipped by solder mask
    Local override; warning
    @(86.7500 mm, 59.0520 mm): Reference field of TP9
    @(87.2600 mm, 58.2500 mm): Pad 2 [Net-(U2-GPIO8)] of R37 on F.Cu
[silk_over_copper]: Silkscreen clipped by solder mask
    Local override; warning
    @(72.7500 mm, 40.3300 mm): Reference field of R38
    @(73.2300 mm, 40.0000 mm): Pad 2 [/POWER GENERATION/LX_SW] of C17 on F.Cu
[silk_over_copper]: Silkscreen clipped by solder mask
    Local override; warning
    @(75.7500 mm, 40.3300 mm): Reference field of R39
    @(75.2700 mm, 40.0000 mm): Pad 1 [/POWER GENERATION/SS_RAMP] of C18 on F.Cu
[silk_over_copper]: Silkscreen clipped by solder mask
    Local override; warning
    @(75.7500 mm, 40.3300 mm): Reference field of R39
    @(76.2300 mm, 40.0000 mm): Pad 2 [GND] of C18 on F.Cu
[silk_over_copper]: Silkscreen clipped by solder mask
    Local override; warning
    @(75.7500 mm, 42.1000 mm): Reference field of U6
    @(75.2400 mm, 41.5000 mm): Pad 1 [+3.3V] of R39 on F.Cu
[silk_over_copper]: Silkscreen clipped by solder mask
    Local override; warning
    @(75.7500 mm, 42.1000 mm): Reference field of U6
    @(76.2600 mm, 41.5000 mm): Pad 2 [/POWER GENERATION/FB_3V3] of R39 on F.Cu
[silk_over_copper]: Silkscreen clipped by solder mask
    Local override; warning
    @(94.3000 mm, 48.5000 mm): Rectangle of SW3 on F.Silkscreen
    @(99.0000 mm, 50.0000 mm): PTH pad 1 [ENCODER_A] of SW3
[silk_over_copper]: Silkscreen clipped by solder mask
    Local override; warning
    @(94.3000 mm, 48.5000 mm): Rectangle of SW3 on F.Silkscreen
    @(101.5000 mm, 50.0000 mm): PTH pad 2 [GND] of SW3
[silk_over_copper]: Silkscreen clipped by solder mask
    Local override; warning
    @(94.3000 mm, 48.5000 mm): Rectangle of SW3 on F.Silkscreen
    @(104.0000 mm, 50.0000 mm): PTH pad 3 [ENCODER_B] of SW3
[silk_over_copper]: Silkscreen clipped by solder mask
    Local override; warning
    @(89.0000 mm, 49.5800 mm): Reference field of R10
    @(88.4900 mm, 49.2500 mm): Pad 1 [+3.3V] of R1 on F.Cu
[silk_over_copper]: Silkscreen clipped by solder mask
    Local override; warning
    @(89.0000 mm, 49.5800 mm): Reference field of R10
    @(89.5100 mm, 49.2500 mm): Pad 2 [Net-(U2-EN/CHIP_PU)] of R1 on F.Cu
[silk_over_copper]: Silkscreen clipped by solder mask
    Local override; warning
    @(89.0000 mm, 48.0800 mm): Reference field of R1
    @(88.5200 mm, 47.7500 mm): Pad 1 [GND] of C7 on F.Cu
[silk_over_copper]: Silkscreen clipped by solder mask
    Local override; warning
    @(89.0000 mm, 48.0800 mm): Reference field of R1
    @(89.4800 mm, 47.7500 mm): Pad 2 [Net-(U2-EN/CHIP_PU)] of C7 on F.Cu
[silk_over_copper]: Silkscreen clipped by solder mask
    Local override; warning
    @(92.0000 mm, 49.5800 mm): Reference field of R15
    @(91.4900 mm, 49.2500 mm): Pad 1 [Net-(U2-GPIO13/USB_D+)] of R2 on F.Cu
[silk_over_copper]: Silkscreen clipped by solder mask
    Local override; warning
    @(92.0000 mm, 48.0800 mm): Reference field of R2
    @(91.5200 mm, 47.7500 mm): Pad 1 [+3.3V] of C9 on F.Cu
[silk_over_copper]: Silkscreen clipped by solder mask
    Local override; warning
    @(92.0000 mm, 48.0800 mm): Reference field of R2
    @(92.4800 mm, 47.7500 mm): Pad 2 [GND] of C9 on F.Cu
[silk_over_copper]: Silkscreen clipped by solder mask
    Local override; warning
    @(92.0000 mm, 49.5800 mm): Reference field of R15
    @(92.5100 mm, 49.2500 mm): Pad 2 [USB_DP] of R2 on F.Cu
[silk_over_copper]: Silkscreen clipped by solder mask
    Local override; warning
    @(82.6150 mm, 70.5950 mm): Reference field of J2
    @(83.0500 mm, 72.4016 mm): Polygon of J3 on F.Mask
[silk_over_copper]: Silkscreen clipped by solder mask
    Local override; warning
    @(51.0000 mm, 41.8300 mm): Reference field of R40
    @(49.5250 mm, 40.0000 mm): Pad 1 [PD_VOUT] of C12 on F.Cu
[silk_over_copper]: Silkscreen clipped by solder mask
    Local override; warning
    @(35.0000 mm, 24.8300 mm): Reference field of R6
    @(35.0375 mm, 23.0000 mm): Pad 1 [USB_VBUS] of R11 on F.Cu
[silk_over_copper]: Silkscreen clipped by solder mask
    Local override; warning
    @(37.0000 mm, 26.6700 mm): Reference field of U1
    @(37.4900 mm, 26.0000 mm): Pad 1 [+3.3V] of R7 on F.Cu
[silk_over_copper]: Silkscreen clipped by solder mask
    Local override; warning
    @(31.2500 mm, 22.1000 mm): Reference field of Q1
    @(31.5200 mm, 21.5000 mm): Pad 1 [Net-(U1-IFB)] of C2 on F.Cu
[silk_over_copper]: Silkscreen clipped by solder mask
    Local override; warning
    @(37.2500 mm, 32.6000 mm): Reference field of Q2
    @(36.7500 mm, 31.9625 mm): Pad 9 [PD_INT_5V] of U1 on F.Cu
[silk_over_copper]: Silkscreen clipped by solder mask
    Local override; warning
    @(37.2500 mm, 32.6000 mm): Reference field of Q2
    @(37.2500 mm, 31.9625 mm): Pad 10 [unconnected-(U1-NC-Pad10)] of U1 on F.Cu
[silk_over_copper]: Silkscreen clipped by solder mask
    Local override; warning
    @(37.2500 mm, 32.6000 mm): Reference field of Q2
    @(37.7500 mm, 31.9625 mm): Pad 11 [Net-(U1-VSEL)] of U1 on F.Cu
[silk_over_copper]: Silkscreen clipped by solder mask
    Local override; warning
    @(37.2500 mm, 32.6000 mm): Reference field of Q2
    @(38.2500 mm, 31.9625 mm): Pad 12 [Net-(U1-V18)] of U1 on F.Cu
[silk_over_copper]: Silkscreen clipped by solder mask
    Local override; warning
    @(30.5000 mm, 30.0800 mm): Reference field of R9
    @(30.0000 mm, 29.3870 mm): Pad 1 [USB_DP] of U9 on F.Cu
[silk_over_copper]: Silkscreen clipped by solder mask
    Local override; warning
    @(29.3000 mm, 28.9820 mm): Reference field of U9
    @(28.3500 mm, 29.0000 mm): Pad 2 [GND] of D4 on F.Cu
[silk_over_copper]: Silkscreen clipped by solder mask
    Local override; warning
    @(30.5000 mm, 30.0800 mm): Reference field of R9
    @(31.0000 mm, 29.3870 mm): Pad 3 [GND] of U9 on F.Cu
[silk_over_copper]: Silkscreen clipped by solder mask
    Local override; warning
    @(51.0000 mm, 43.3700 mm): Reference field of R43
    @(50.4900 mm, 43.0000 mm): Pad 1 [/POWER GENERATION/FB_3V3] of R40 on F.Cu
[silk_over_copper]: Silkscreen clipped by solder mask
    Local override; warning
    @(51.0000 mm, 41.8300 mm): Reference field of R40
    @(52.4750 mm, 40.0000 mm): Pad 2 [GND] of C12 on F.Cu
[silk_over_copper]: Silkscreen clipped by solder mask
    Local override; warning
    @(51.0000 mm, 43.3700 mm): Reference field of R43
    @(51.5100 mm, 43.0000 mm): Pad 2 [GND] of R40 on F.Cu

** Found 273 unconnected pads **
[unconnected_items]: Missing connection between items
    Local override; error
    @(38.0000 mm, 38.7500 mm): Pad 1 [PD_VOUT] of TP3 on F.Cu
    @(30.5250 mm, 35.0000 mm): Pad 1 [PD_VOUT] of C8 on F.Cu
[unconnected_items]: Missing connection between items
    Local override; error
    @(47.4750 mm, 33.3650 mm): Pad 7 [PD_VOUT] of Q3 on F.Cu
    @(47.4750 mm, 32.0950 mm): Pad 8 [PD_VOUT] of Q3 on F.Cu
[unconnected_items]: Missing connection between items
    Local override; error
    @(47.4750 mm, 33.3650 mm): Pad 7 [PD_VOUT] of Q3 on F.Cu
    @(47.4750 mm, 34.6350 mm): Pad 6 [PD_VOUT] of Q3 on F.Cu
[unconnected_items]: Missing connection between items
    Local override; error
    @(47.4750 mm, 33.3650 mm): Pad 7 [PD_VOUT] of Q3 on F.Cu
    @(51.2600 mm, 33.5000 mm): Pad 2 [PD_VOUT] of R13 on F.Cu
[unconnected_items]: Missing connection between items
    Local override; error
    @(47.4750 mm, 34.6350 mm): Pad 6 [PD_VOUT] of Q3 on F.Cu
    @(47.4750 mm, 35.9050 mm): Pad 5 [PD_VOUT] of Q3 on F.Cu
[unconnected_items]: Missing connection between items
    Local override; error
    @(47.4750 mm, 35.9050 mm): Pad 5 [PD_VOUT] of Q3 on F.Cu
    @(38.0000 mm, 38.7500 mm): Pad 1 [PD_VOUT] of TP3 on F.Cu
[unconnected_items]: Missing connection between items
    Local override; error
    @(49.5250 mm, 40.0000 mm): Pad 1 [PD_VOUT] of C12 on F.Cu
    @(47.4750 mm, 35.9050 mm): Pad 5 [PD_VOUT] of Q3 on F.Cu
[unconnected_items]: Missing connection between items
    Local override; error
    @(49.5250 mm, 40.0000 mm): Pad 1 [PD_VOUT] of C12 on F.Cu
    @(48.0375 mm, 46.0000 mm): Pad 1 [PD_VOUT] of R43 on F.Cu
[unconnected_items]: Missing connection between items
    Local override; error
    @(52.0375 mm, 29.0000 mm): Pad 1 [PD_VOUT] of RShunt on F.Cu
    @(51.2600 mm, 33.5000 mm): Pad 2 [PD_VOUT] of R13 on F.Cu
[unconnected_items]: Missing connection between items
    Local override; error
    @(54.7750 mm, 40.0000 mm): Pad 1 [PD_VOUT] of C13 on F.Cu
    @(49.5250 mm, 40.0000 mm): Pad 1 [PD_VOUT] of C12 on F.Cu
[unconnected_items]: Missing connection between items
    Local override; error
    @(59.0000 mm, 47.0000 mm): Pad 9 [PD_VOUT] of U5 on F.Cu
    @(59.5200 mm, 40.0000 mm): Pad 1 [PD_VOUT] of C14 on F.Cu
[unconnected_items]: Missing connection between items
    Local override; error
    @(59.5200 mm, 40.0000 mm): Pad 1 [PD_VOUT] of C14 on F.Cu
    @(54.7750 mm, 40.0000 mm): Pad 1 [PD_VOUT] of C13 on F.Cu
[unconnected_items]: Missing connection between items
    Local override; error
    @(65.1500 mm, 28.0000 mm): Pad 10 [PD_VOUT] of U3 on F.Cu
    @(52.0375 mm, 29.0000 mm): Pad 1 [PD_VOUT] of RShunt on F.Cu
[unconnected_items]: Missing connection between items
    Local override; error
    @(15.9500 mm, 32.5000 mm): Pad A1 [GND] of J1 on F.Cu
    @(17.5500 mm, 32.7500 mm): Pad B12 [GND] of J1 on F.Cu
[unconnected_items]: Missing connection between items
    Local override; error
    @(16.6500 mm, 25.6800 mm): PTH pad SH [GND] of J1
    @(15.9500 mm, 27.0000 mm): Pad A12 [GND] of J1 on F.Cu
[unconnected_items]: Missing connection between items
    Local override; error
    @(17.2500 mm, 26.0000 mm): PTH pad SH [GND] of J1
    @(21.1000 mm, 24.1500 mm): Pad SH [GND] of J1 on B.Cu
[unconnected_items]: Missing connection between items
    Local override; error
    @(17.5500 mm, 27.2500 mm): Pad B1 [GND] of J1 on F.Cu
    @(17.2500 mm, 26.0000 mm): PTH pad SH [GND] of J1
[unconnected_items]: Missing connection between items
    Local override; error
    @(17.5500 mm, 27.2500 mm): Pad B1 [GND] of J1 on F.Cu
    @(15.9500 mm, 32.5000 mm): Pad A1 [GND] of J1 on F.Cu
[unconnected_items]: Missing connection between items
    Local override; error
    @(17.5500 mm, 32.7500 mm): Pad B12 [GND] of J1 on F.Cu
    @(17.2500 mm, 34.0000 mm): PTH pad SH [GND] of J1
[unconnected_items]: Missing connection between items
    Local override; error
    @(21.1000 mm, 35.8500 mm): Pad SH [GND] of J1 on B.Cu
    @(17.2500 mm, 34.0000 mm): PTH pad SH [GND] of J1
[unconnected_items]: Missing connection between items
    Local override; error
    @(27.6500 mm, 25.5000 mm): Pad 1 [GND] of D3 on F.Cu
    @(21.8500 mm, 24.1500 mm): PTH pad SH [GND] of J1
[unconnected_items]: Missing connection between items
    Local override; error
    @(28.3500 mm, 29.0000 mm): Pad 2 [GND] of D4 on F.Cu
    @(27.6500 mm, 25.5000 mm): Pad 1 [GND] of D3 on F.Cu
[unconnected_items]: Missing connection between items
    Local override; error
    @(28.4900 mm, 38.0000 mm): Pad 1 [GND] of TH1 on F.Cu
    @(28.3500 mm, 32.5000 mm): Pad 2 [GND] of D5 on F.Cu
[unconnected_items]: Missing connection between items
    Local override; error
    @(29.4800 mm, 21.5000 mm): Pad 2 [GND] of C1 on F.Cu
    @(27.6500 mm, 25.5000 mm): Pad 1 [GND] of D3 on F.Cu
[unconnected_items]: Missing connection between items
    Local override; error
    @(31.0000 mm, 28.6150 mm): Pad 8 [GND] of U9 on F.Cu
    @(28.3500 mm, 29.0000 mm): Pad 2 [GND] of D4 on F.Cu
[unconnected_items]: Missing connection between items
    Local override; error
    @(31.0000 mm, 29.3870 mm): Pad 3 [GND] of U9 on F.Cu
    @(31.0000 mm, 28.6150 mm): Pad 8 [GND] of U9 on F.Cu
[unconnected_items]: Missing connection between items
    Local override; error
    @(31.0100 mm, 31.2500 mm): Pad 2 [GND] of R9 on F.Cu
    @(31.0000 mm, 29.3870 mm): Pad 3 [GND] of U9 on F.Cu
[unconnected_items]: Missing connection between items
    Local override; error
    @(31.0100 mm, 31.2500 mm): Pad 2 [GND] of R9 on F.Cu
    @(28.3500 mm, 32.5000 mm): Pad 2 [GND] of D5 on F.Cu
[unconnected_items]: Missing connection between items
    Local override; error
    @(31.0100 mm, 31.2500 mm): Pad 2 [GND] of R9 on F.Cu
    @(33.4750 mm, 35.0000 mm): Pad 2 [GND] of C8 on F.Cu
[unconnected_items]: Missing connection between items
    Local override; error
    @(32.4800 mm, 21.5000 mm): Pad 2 [GND] of C2 on F.Cu
    @(29.4800 mm, 21.5000 mm): Pad 2 [GND] of C1 on F.Cu
[unconnected_items]: Missing connection between items
    Local override; error
    @(35.0375 mm, 29.7500 mm): Pad 3 [GND] of U1 on F.Cu
    @(37.0000 mm, 30.0000 mm): Pad 25 [GND] of U1 on F.Cu
[unconnected_items]: Missing connection between items
    Local override; error
    @(35.0375 mm, 29.7500 mm): Pad 3 [GND] of U1 on F.Cu
    @(31.0000 mm, 29.3870 mm): Pad 3 [GND] of U9 on F.Cu
[unconnected_items]: Missing connection between items
    Local override; error
    @(37.0000 mm, 30.0000 mm): Pad 25 [GND] of U1 on F.Cu
    @(44.9500 mm, 22.2500 mm): Pad 2 [GND] of C3 on F.Cu
[unconnected_items]: Missing connection between items
    Local override; error
    @(48.2300 mm, 21.5000 mm): Pad 2 [GND] of C4 on F.Cu
    @(44.9500 mm, 22.2500 mm): Pad 2 [GND] of C3 on F.Cu
[unconnected_items]: Missing connection between items
    Local override; error
    @(50.2400 mm, 36.5000 mm): Pad 1 [GND] of R21 on F.Cu
    @(52.4750 mm, 40.0000 mm): Pad 2 [GND] of C12 on F.Cu
[unconnected_items]: Missing connection between items
    Local override; error
    @(50.2650 mm, 21.5000 mm): Pad 1 [GND] of D1 on F.Cu
    @(48.2300 mm, 21.5000 mm): Pad 2 [GND] of C4 on F.Cu
[unconnected_items]: Missing connection between items
    Local override; error
    @(52.4750 mm, 40.0000 mm): Pad 2 [GND] of C12 on F.Cu
    @(51.5100 mm, 43.0000 mm): Pad 2 [GND] of R40 on F.Cu
[unconnected_items]: Missing connection between items
    Local override; error
    @(52.4750 mm, 40.0000 mm): Pad 2 [GND] of C12 on F.Cu
    @(57.7250 mm, 40.0000 mm): Pad 2 [GND] of C13 on F.Cu
[unconnected_items]: Missing connection between items
    Local override; error
    @(52.5500 mm, 65.0000 mm): Pad 2 [GND] of BT1 on F.Cu
    @(57.0100 mm, 63.5000 mm): Pad 2 [GND] of R45 on F.Cu
[unconnected_items]: Missing connection between items
    Local override; error
    @(53.7300 mm, 23.0000 mm): Pad 2 [GND] of C11 on F.Cu
    @(50.2650 mm, 21.5000 mm): Pad 1 [GND] of D1 on F.Cu
[unconnected_items]: Missing connection between items
    Local override; error
    @(53.7300 mm, 23.0000 mm): Pad 2 [GND] of C11 on F.Cu
    @(60.8500 mm, 28.0000 mm): Pad 1 [GND] of U3 on F.Cu
[unconnected_items]: Missing connection between items
    Local override; error
    @(56.4975 mm, 47.6350 mm): Pad 3 [GND] of U5 on F.Cu
    @(57.5100 mm, 43.0000 mm): Pad 2 [GND] of R42 on F.Cu
[unconnected_items]: Missing connection between items
    Local override; error
    @(57.0100 mm, 63.5000 mm): Pad 2 [GND] of R45 on F.Cu
    @(56.9800 mm, 57.5000 mm): Pad 2 [GND] of C22 on F.Cu
[unconnected_items]: Missing connection between items
    Local override; error
    @(57.7250 mm, 40.0000 mm): Pad 2 [GND] of C13 on F.Cu
    @(57.5100 mm, 43.0000 mm): Pad 2 [GND] of R42 on F.Cu
[unconnected_items]: Missing connection between items
    Local override; error
    @(60.0100 mm, 64.2500 mm): Pad 2 [GND] of R46 on F.Cu
    @(57.0100 mm, 63.5000 mm): Pad 2 [GND] of R45 on F.Cu
[unconnected_items]: Missing connection between items
    Local override; error
    @(60.2500 mm, 68.5020 mm): Pad 1 [GND] of J3 on F.Cu
    @(60.0100 mm, 64.2500 mm): Pad 2 [GND] of R46 on F.Cu
[unconnected_items]: Missing connection between items
    Local override; error
    @(60.2500 mm, 68.5020 mm): Pad 1 [GND] of J3 on F.Cu
    @(66.2500 mm, 68.5020 mm): Pad 13 [GND] of J3 on F.Cu
[unconnected_items]: Missing connection between items
    Local override; error
    @(60.4800 mm, 40.0000 mm): Pad 2 [GND] of C14 on F.Cu
    @(60.4800 mm, 41.5000 mm): Pad 2 [GND] of C19 on F.Cu
[unconnected_items]: Missing connection between items
    Local override; error
    @(60.4800 mm, 40.0000 mm): Pad 2 [GND] of C14 on F.Cu
    @(57.7250 mm, 40.0000 mm): Pad 2 [GND] of C13 on F.Cu
[unconnected_items]: Missing connection between items
    Local override; error
    @(60.8500 mm, 28.0000 mm): Pad 1 [GND] of U3 on F.Cu
    @(60.8500 mm, 28.5000 mm): Pad 2 [GND] of U3 on F.Cu
[unconnected_items]: Missing connection between items
    Local override; error
    @(60.8500 mm, 28.5000 mm): Pad 2 [GND] of U3 on F.Cu
    @(65.1500 mm, 29.5000 mm): Pad 7 [GND] of U3 on F.Cu
[unconnected_items]: Missing connection between items
    Local override; error
    @(63.0100 mm, 57.5000 mm): Pad 2 [GND] of R29 on F.Cu
    @(65.0000 mm, 52.1000 mm): Pad 2 [GND] of D2 on F.Cu
[unconnected_items]: Missing connection between items
    Local override; error
    @(65.1500 mm, 29.5000 mm): Pad 7 [GND] of U3 on F.Cu
    @(75.0800 mm, 30.1200 mm): PTH pad 2 [GND] of J4
[unconnected_items]: Missing connection between items
    Local override; error
    @(65.2250 mm, 40.0000 mm): Pad 2 [GND] of C15 on F.Cu
    @(60.4800 mm, 40.0000 mm): Pad 2 [GND] of C14 on F.Cu
[unconnected_items]: Missing connection between items
    Local override; error
    @(66.2500 mm, 68.5020 mm): Pad 13 [GND] of J3 on F.Cu
    @(66.7500 mm, 68.5020 mm): Pad 14 [GND] of J3 on F.Cu
[unconnected_items]: Missing connection between items
    Local override; error
    @(66.7500 mm, 68.5020 mm): Pad 14 [GND] of J3 on F.Cu
    @(67.2500 mm, 68.5020 mm): Pad 15 [GND] of J3 on F.Cu
[unconnected_items]: Missing connection between items
    Local override; error
    @(67.2500 mm, 68.5020 mm): Pad 15 [GND] of J3 on F.Cu
    @(67.7500 mm, 68.5020 mm): Pad 16 [GND] of J3 on F.Cu
[unconnected_items]: Missing connection between items
    Local override; error
    @(67.7125 mm, 61.0000 mm): Pad 4 [GND] of U7 on F.Cu
    @(67.7250 mm, 57.5000 mm): Pad 2 [GND] of C20 on F.Cu
[unconnected_items]: Missing connection between items
    Local override; error
    @(67.7250 mm, 57.5000 mm): Pad 2 [GND] of C20 on F.Cu
    @(63.0100 mm, 57.5000 mm): Pad 2 [GND] of R29 on F.Cu
[unconnected_items]: Missing connection between items
    Local override; error
    @(67.7250 mm, 63.5000 mm): Pad 2 [GND] of C21 on F.Cu
    @(67.7125 mm, 61.0000 mm): Pad 4 [GND] of U7 on F.Cu
[unconnected_items]: Missing connection between items
    Local override; error
    @(67.7500 mm, 68.5020 mm): Pad 16 [GND] of J3 on F.Cu
    @(68.2500 mm, 68.5020 mm): Pad 17 [GND] of J3 on F.Cu
[unconnected_items]: Missing connection between items
    Local override; error
    @(67.7500 mm, 68.5020 mm): Pad 16 [GND] of J3 on F.Cu
    @(67.7250 mm, 63.5000 mm): Pad 2 [GND] of C21 on F.Cu
[unconnected_items]: Missing connection between items
    Local override; error
    @(68.2500 mm, 68.5020 mm): Pad 17 [GND] of J3 on F.Cu
    @(68.7500 mm, 68.5020 mm): Pad 18 [GND] of J3 on F.Cu
[unconnected_items]: Missing connection between items
    Local override; error
    @(68.7500 mm, 68.5020 mm): Pad 18 [GND] of J3 on F.Cu
    @(69.2500 mm, 68.5020 mm): Pad 19 [GND] of J3 on F.Cu
[unconnected_items]: Missing connection between items
    Local override; error
    @(69.2500 mm, 68.5020 mm): Pad 19 [GND] of J3 on F.Cu
    @(69.7500 mm, 68.5020 mm): Pad 20 [GND] of J3 on F.Cu
[unconnected_items]: Missing connection between items
    Local override; error
    @(69.7500 mm, 68.5020 mm): Pad 20 [GND] of J3 on F.Cu
    @(70.2500 mm, 68.5020 mm): Pad 21 [GND] of J3 on F.Cu
[unconnected_items]: Missing connection between items
    Local override; error
    @(70.2500 mm, 68.5020 mm): Pad 21 [GND] of J3 on F.Cu
    @(70.7500 mm, 68.5020 mm): Pad 22 [GND] of J3 on F.Cu
[unconnected_items]: Missing connection between items
    Local override; error
    @(70.4750 mm, 40.0000 mm): Pad 2 [GND] of C16 on F.Cu
    @(73.2600 mm, 41.5000 mm): Pad 2 [GND] of R38 on F.Cu
[unconnected_items]: Missing connection between items
    Local override; error
    @(70.4750 mm, 40.0000 mm): Pad 2 [GND] of C16 on F.Cu
    @(65.2250 mm, 40.0000 mm): Pad 2 [GND] of C15 on F.Cu
[unconnected_items]: Missing connection between items
    Local override; error
    @(70.7500 mm, 68.5020 mm): Pad 22 [GND] of J3 on F.Cu
    @(71.2500 mm, 68.5020 mm): Pad 23 [GND] of J3 on F.Cu
[unconnected_items]: Missing connection between items
    Local override; error
    @(71.2500 mm, 68.5020 mm): Pad 23 [GND] of J3 on F.Cu
    @(71.7500 mm, 68.5020 mm): Pad 24 [GND] of J3 on F.Cu
[unconnected_items]: Missing connection between items
    Local override; error
    @(71.7500 mm, 68.5020 mm): Pad 24 [GND] of J3 on F.Cu
    @(72.2500 mm, 68.5020 mm): Pad 25 [GND] of J3 on F.Cu
[unconnected_items]: Missing connection between items
    Local override; error
    @(72.2500 mm, 68.5020 mm): Pad 25 [GND] of J3 on F.Cu
    @(72.7500 mm, 68.5020 mm): Pad 26 [GND] of J3 on F.Cu
[unconnected_items]: Missing connection between items
    Local override; error
    @(72.7500 mm, 68.5020 mm): Pad 26 [GND] of J3 on F.Cu
    @(73.2500 mm, 68.5020 mm): Pad 27 [GND] of J3 on F.Cu
[unconnected_items]: Missing connection between items
    Local override; error
    @(73.2500 mm, 68.5020 mm): Pad 27 [GND] of J3 on F.Cu
    @(73.7500 mm, 68.5020 mm): Pad 28 [GND] of J3 on F.Cu
[unconnected_items]: Missing connection between items
    Local override; error
    @(73.7500 mm, 68.5020 mm): Pad 28 [GND] of J3 on F.Cu
    @(74.2500 mm, 68.5020 mm): Pad 29 [GND] of J3 on F.Cu
[unconnected_items]: Missing connection between items
    Local override; error
    @(74.2500 mm, 68.5020 mm): Pad 29 [GND] of J3 on F.Cu
    @(75.2500 mm, 68.5020 mm): Pad 31 [GND] of J3 on F.Cu
[unconnected_items]: Missing connection between items
    Local override; error
    @(75.0800 mm, 30.1200 mm): PTH pad 2 [GND] of J4
    @(75.0800 mm, 22.5000 mm): PTH pad 2 [GND] of J4
[unconnected_items]: Missing connection between items
    Local override; error
    @(75.0800 mm, 30.1200 mm): PTH pad 2 [GND] of J4
    @(76.2300 mm, 40.0000 mm): Pad 2 [GND] of C18 on F.Cu
[unconnected_items]: Missing connection between items
    Local override; error
    @(75.2500 mm, 68.5020 mm): Pad 31 [GND] of J3 on F.Cu
    @(79.2500 mm, 68.5020 mm): Pad 39 [GND] of J3 on F.Cu
[unconnected_items]: Missing connection between items
    Local override; error
    @(76.2300 mm, 40.0000 mm): Pad 2 [GND] of C18 on F.Cu
    @(73.2600 mm, 41.5000 mm): Pad 2 [GND] of R38 on F.Cu
[unconnected_items]: Missing connection between items
    Local override; error
    @(76.6875 mm, 44.5000 mm): Pad 3 [GND] of U6 on F.Cu
    @(76.2300 mm, 40.0000 mm): Pad 2 [GND] of C18 on F.Cu
[unconnected_items]: Missing connection between items
    Local override; error
    @(77.4750 mm, 62.4050 mm): Pad 5 [GND] of U8 on F.Cu
    @(80.5100 mm, 55.2500 mm): Pad 2 [GND] of R23 on F.Cu
[unconnected_items]: Missing connection between items
    Local override; error
    @(79.2500 mm, 68.5020 mm): Pad 39 [GND] of J3 on F.Cu
    @(77.4750 mm, 62.4050 mm): Pad 5 [GND] of U8 on F.Cu
[unconnected_items]: Missing connection between items
    Local override; error
    @(80.9500 mm, 47.0000 mm): Pad 2 [GND] of C5 on F.Cu
    @(80.4800 mm, 49.2500 mm): Pad 2 [GND] of C10 on F.Cu
[unconnected_items]: Missing connection between items
    Local override; error
    @(80.9500 mm, 47.0000 mm): Pad 2 [GND] of C5 on F.Cu
    @(84.2300 mm, 47.0000 mm): Pad 2 [GND] of C6 on F.Cu
[unconnected_items]: Missing connection between items
    Local override; error
    @(80.9500 mm, 47.0000 mm): Pad 2 [GND] of C5 on F.Cu
    @(76.6875 mm, 44.5000 mm): Pad 3 [GND] of U6 on F.Cu
[unconnected_items]: Missing connection between items
    Local override; error
    @(83.9250 mm, 53.9250 mm): Pad 1 [GND] of SW1 on F.Cu
    @(80.5100 mm, 55.2500 mm): Pad 2 [GND] of R23 on F.Cu
[unconnected_items]: Missing connection between items
    Local override; error
    @(85.0000 mm, 67.4600 mm): PTH pad 3 [GND] of J2
    @(79.2500 mm, 68.5020 mm): Pad 39 [GND] of J3 on F.Cu
[unconnected_items]: Missing connection between items
    Local override; error
    @(86.3500 mm, 49.3500 mm): Pad 5 [GND] of U4 on F.Cu
    @(84.2300 mm, 47.0000 mm): Pad 2 [GND] of C6 on F.Cu
[unconnected_items]: Missing connection between items
    Local override; error
    @(86.3500 mm, 49.3500 mm): Pad 5 [GND] of U4 on F.Cu
    @(87.9250 mm, 53.9250 mm): Pad 1 [GND] of SW2 on F.Cu
[unconnected_items]: Missing connection between items
    Local override; error
    @(87.9250 mm, 53.9250 mm): Pad 1 [GND] of SW2 on F.Cu
    @(83.9250 mm, 53.9250 mm): Pad 1 [GND] of SW1 on F.Cu
[unconnected_items]: Missing connection between items
    Local override; error
    @(88.5200 mm, 47.7500 mm): Pad 1 [GND] of C7 on F.Cu
    @(86.3500 mm, 49.3500 mm): Pad 5 [GND] of U4 on F.Cu
[unconnected_items]: Missing connection between items
    Local override; error
    @(88.5200 mm, 47.7500 mm): Pad 1 [GND] of C7 on F.Cu
    @(92.4800 mm, 47.7500 mm): Pad 2 [GND] of C9 on F.Cu
[unconnected_items]: Missing connection between items
    Local override; error
    @(89.2500 mm, 27.7400 mm): Pad 1 [GND] of U2 on F.Cu
    @(95.2450 mm, 32.2100 mm): Pad 29 [GND] of U2 on F.Cu
[unconnected_items]: Missing connection between items
    Local override; error
    @(92.0750 mm, 53.9250 mm): Pad 1 [GND] of SW2 on F.Cu
    @(88.0750 mm, 53.9250 mm): Pad 1 [GND] of SW1 on F.Cu
[unconnected_items]: Missing connection between items
    Local override; error
    @(95.2450 mm, 33.4600 mm): Pad 29 [GND] of U2 on F.Cu
    @(95.2450 mm, 32.2100 mm): Pad 29 [GND] of U2 on F.Cu
[unconnected_items]: Missing connection between items
    Local override; error
    @(95.2450 mm, 33.4600 mm): Pad 29 [GND] of U2 on F.Cu
    @(96.4950 mm, 33.4600 mm): Pad 29 [GND] of U2 on F.Cu
[unconnected_items]: Missing connection between items
    Local override; error
    @(95.2450 mm, 34.7100 mm): Pad 29 [GND] of U2 on F.Cu
    @(96.4950 mm, 34.7100 mm): Pad 29 [GND] of U2 on F.Cu
[unconnected_items]: Missing connection between items
    Local override; error
    @(95.2450 mm, 34.7100 mm): Pad 29 [GND] of U2 on F.Cu
    @(92.4800 mm, 47.7500 mm): Pad 2 [GND] of C9 on F.Cu
[unconnected_items]: Missing connection between items
    Local override; error
    @(96.4950 mm, 33.4600 mm): Pad 29 [GND] of U2 on F.Cu
    @(96.4950 mm, 34.7100 mm): Pad 29 [GND] of U2 on F.Cu
[unconnected_items]: Missing connection between items
    Local override; error
    @(97.7450 mm, 32.2100 mm): Pad 29 [GND] of U2 on F.Cu
    @(96.4950 mm, 32.2100 mm): Pad 29 [GND] of U2 on F.Cu
[unconnected_items]: Missing connection between items
    Local override; error
    @(97.7450 mm, 33.4600 mm): Pad 29 [GND] of U2 on F.Cu
    @(97.7450 mm, 32.2100 mm): Pad 29 [GND] of U2 on F.Cu
[unconnected_items]: Missing connection between items
    Local override; error
    @(97.7450 mm, 33.4600 mm): Pad 29 [GND] of U2 on F.Cu
    @(96.4950 mm, 33.4600 mm): Pad 29 [GND] of U2 on F.Cu
[unconnected_items]: Missing connection between items
    Local override; error
    @(97.7450 mm, 34.7100 mm): Pad 29 [GND] of U2 on F.Cu
    @(97.7450 mm, 33.4600 mm): Pad 29 [GND] of U2 on F.Cu
[unconnected_items]: Missing connection between items
    Local override; error
    @(101.5000 mm, 50.0000 mm): PTH pad 2 [GND] of SW3
    @(92.4800 mm, 47.7500 mm): Pad 2 [GND] of C9 on F.Cu
[unconnected_items]: Missing connection between items
    Local override; error
    @(104.0000 mm, 66.5000 mm): PTH pad 5 [GND] of SW3
    @(101.5000 mm, 50.0000 mm): PTH pad 2 [GND] of SW3
[unconnected_items]: Missing connection between items
    Local override; error
    @(106.7500 mm, 27.7400 mm): Pad 28 [GND] of U2 on F.Cu
    @(97.7450 mm, 32.2100 mm): Pad 29 [GND] of U2 on F.Cu
[unconnected_items]: Missing connection between items
    Local override; error
    @(53.4900 mm, 43.0000 mm): Pad 1 [/POWER GENERATION/COMP_NODE] of R41 on F.Cu
    @(61.5025 mm, 48.9050 mm): Pad 5 [/POWER GENERATION/COMP_NODE] of U5 on F.Cu
[unconnected_items]: Missing connection between items
    Local override; error
    @(54.5100 mm, 43.0000 mm): Pad 2 [Net-(C19-Pad1)] of R41 on F.Cu
    @(59.5200 mm, 41.5000 mm): Pad 1 [Net-(C19-Pad1)] of C19 on F.Cu
[unconnected_items]: Missing connection between items
    Local override; error
    @(34.4900 mm, 26.0000 mm): Pad 1 [PD_5V] of R6 on F.Cu
    @(37.7500 mm, 28.0375 mm): Pad 20 [PD_5V] of U1 on F.Cu
[unconnected_items]: Missing connection between items
    Local override; error
    @(37.7500 mm, 28.0375 mm): Pad 20 [PD_5V] of U1 on F.Cu
    @(47.2700 mm, 21.5000 mm): Pad 1 [PD_5V] of C4 on F.Cu
[unconnected_items]: Missing connection between items
    Local override; error
    @(41.0000 mm, 38.7500 mm): Pad 1 [PD_5V] of TP4 on F.Cu
    @(37.7500 mm, 28.0375 mm): Pad 20 [PD_5V] of U1 on F.Cu
[unconnected_items]: Missing connection between items
    Local override; error
    @(50.2400 mm, 24.5000 mm): Pad 1 [PD_5V] of R5 on F.Cu
    @(47.2700 mm, 21.5000 mm): Pad 1 [PD_5V] of C4 on F.Cu
[unconnected_items]: Missing connection between items
    Local override; error
    @(35.0375 mm, 30.2500 mm): Pad 4 [PD_I2C_SDA_5V] of U1 on F.Cu
    @(38.1875 mm, 35.0000 mm): Pad 3 [PD_I2C_SDA_5V] of Q2 on F.Cu
[unconnected_items]: Missing connection between items
    Local override; error
    @(35.5100 mm, 26.0000 mm): Pad 2 [PD_I2C_SDA_5V] of R6 on F.Cu
    @(35.0375 mm, 30.2500 mm): Pad 4 [PD_I2C_SDA_5V] of U1 on F.Cu
[unconnected_items]: Missing connection between items
    Local override; error
    @(42.5250 mm, 24.5950 mm): Pad 1 [Net-(Q3-S-Pad1)] of Q4 on F.Cu
    @(42.5250 mm, 25.8650 mm): Pad 2 [Net-(Q3-S-Pad1)] of Q4 on F.Cu
[unconnected_items]: Missing connection between items
    Local override; error
    @(42.5250 mm, 25.8650 mm): Pad 2 [Net-(Q3-S-Pad1)] of Q4 on F.Cu
    @(42.5250 mm, 27.1350 mm): Pad 3 [Net-(Q3-S-Pad1)] of Q4 on F.Cu
[unconnected_items]: Missing connection between items
    Local override; error
    @(42.5250 mm, 27.1350 mm): Pad 3 [Net-(Q3-S-Pad1)] of Q4 on F.Cu
    @(42.5250 mm, 32.0950 mm): Pad 1 [Net-(Q3-S-Pad1)] of Q3 on F.Cu
[unconnected_items]: Missing connection between items
    Local override; error
    @(42.5250 mm, 32.0950 mm): Pad 1 [Net-(Q3-S-Pad1)] of Q3 on F.Cu
    @(42.5250 mm, 33.3650 mm): Pad 2 [Net-(Q3-S-Pad1)] of Q3 on F.Cu
[unconnected_items]: Missing connection between items
    Local override; error
    @(42.5250 mm, 33.3650 mm): Pad 2 [Net-(Q3-S-Pad1)] of Q3 on F.Cu
    @(42.5250 mm, 34.6350 mm): Pad 3 [Net-(Q3-S-Pad1)] of Q3 on F.Cu
[unconnected_items]: Missing connection between items
    Local override; error
    @(42.5250 mm, 28.4050 mm): Pad 4 [/USB_PD_CONTROLLER/PD_GATE] of Q4 on F.Cu
    @(42.5250 mm, 35.9050 mm): Pad 4 [/USB_PD_CONTROLLER/PD_GATE] of Q3 on F.Cu
[unconnected_items]: Missing connection between items
    Local override; error
    @(42.5250 mm, 35.9050 mm): Pad 4 [/USB_PD_CONTROLLER/PD_GATE] of Q3 on F.Cu
    @(44.0000 mm, 38.7500 mm): Pad 1 [/USB_PD_CONTROLLER/PD_GATE] of TP5 on F.Cu
[unconnected_items]: Missing connection between items
    Local override; error
    @(51.2600 mm, 32.0000 mm): Pad 2 [/USB_PD_CONTROLLER/PD_GATE] of R12 on F.Cu
    @(42.5250 mm, 28.4050 mm): Pad 4 [/USB_PD_CONTROLLER/PD_GATE] of Q4 on F.Cu
[unconnected_items]: Missing connection between items
    Local override; error
    @(79.4900 mm, 55.2500 mm): Pad 1 [Net-(U4-EVI)] of R23 on F.Cu
    @(83.6500 mm, 49.3500 mm): Pad 8 [Net-(U4-EVI)] of U4 on F.Cu
[unconnected_items]: Missing connection between items
    Local override; error
    @(30.3125 mm, 23.5500 mm): Pad 1 [+3.3V] of Q1 on F.Cu
    @(37.4900 mm, 26.0000 mm): Pad 1 [+3.3V] of R7 on F.Cu
[unconnected_items]: Missing connection between items
    Local override; error
    @(37.4900 mm, 26.0000 mm): Pad 1 [+3.3V] of R7 on F.Cu
    @(36.3125 mm, 34.0500 mm): Pad 1 [+3.3V] of Q2 on F.Cu
[unconnected_items]: Missing connection between items
    Local override; error
    @(51.2600 mm, 23.0000 mm): Pad 2 [+3.3V] of R4 on F.Cu
    @(37.4900 mm, 26.0000 mm): Pad 1 [+3.3V] of R7 on F.Cu
[unconnected_items]: Missing connection between items
    Local override; error
    @(52.7700 mm, 23.0000 mm): Pad 1 [+3.3V] of C11 on F.Cu
    @(51.2600 mm, 23.0000 mm): Pad 2 [+3.3V] of R4 on F.Cu
[unconnected_items]: Missing connection between items
    Local override; error
    @(55.7400 mm, 23.0000 mm): Pad 1 [+3.3V] of R27 on F.Cu
    @(52.7700 mm, 23.0000 mm): Pad 1 [+3.3V] of C11 on F.Cu
[unconnected_items]: Missing connection between items
    Local override; error
    @(55.9900 mm, 59.0000 mm): Pad 1 [+3.3V] of R34 on F.Cu
    @(55.9900 mm, 60.5000 mm): Pad 1 [+3.3V] of R35 on F.Cu
[unconnected_items]: Missing connection between items
    Local override; error
    @(55.9900 mm, 62.0000 mm): Pad 1 [+3.3V] of R36 on F.Cu
    @(55.9900 mm, 60.5000 mm): Pad 1 [+3.3V] of R35 on F.Cu
[unconnected_items]: Missing connection between items
    Local override; error
    @(59.8150 mm, 61.0000 mm): Pad 1 [+3.3V] of L2 on F.Cu
    @(55.9900 mm, 60.5000 mm): Pad 1 [+3.3V] of R35 on F.Cu
[unconnected_items]: Missing connection between items
    Local override; error
    @(59.8150 mm, 61.0000 mm): Pad 1 [+3.3V] of L2 on F.Cu
    @(64.7750 mm, 57.5000 mm): Pad 1 [+3.3V] of C20 on F.Cu
[unconnected_items]: Missing connection between items
    Local override; error
    @(62.2750 mm, 40.0000 mm): Pad 1 [+3.3V] of C15 on F.Cu
    @(67.5250 mm, 40.0000 mm): Pad 1 [+3.3V] of C16 on F.Cu
[unconnected_items]: Missing connection between items
    Local override; error
    @(63.2500 mm, 68.5020 mm): Pad 7 [+3.3V] of J3 on F.Cu
    @(63.7500 mm, 68.5020 mm): Pad 8 [+3.3V] of J3 on F.Cu
[unconnected_items]: Missing connection between items
    Local override; error
    @(63.7500 mm, 68.5020 mm): Pad 8 [+3.3V] of J3 on F.Cu
    @(66.2875 mm, 61.0000 mm): Pad 3 [+3.3V] of U7 on F.Cu
[unconnected_items]: Missing connection between items
    Local override; error
    @(63.7500 mm, 68.5020 mm): Pad 8 [+3.3V] of J3 on F.Cu
    @(75.7500 mm, 68.5020 mm): Pad 32 [+3.3V] of J3 on F.Cu
[unconnected_items]: Missing connection between items
    Local override; error
    @(65.1500 mm, 30.0000 mm): Pad 6 [+3.3V] of U3 on F.Cu
    @(55.7400 mm, 23.0000 mm): Pad 1 [+3.3V] of R27 on F.Cu
[unconnected_items]: Missing connection between items
    Local override; error
    @(66.2875 mm, 60.5000 mm): Pad 2 [+3.3V] of U7 on F.Cu
    @(64.7750 mm, 57.5000 mm): Pad 1 [+3.3V] of C20 on F.Cu
[unconnected_items]: Missing connection between items
    Local override; error
    @(66.2875 mm, 61.0000 mm): Pad 3 [+3.3V] of U7 on F.Cu
    @(66.2875 mm, 60.5000 mm): Pad 2 [+3.3V] of U7 on F.Cu
[unconnected_items]: Missing connection between items
    Local override; error
    @(67.5250 mm, 40.0000 mm): Pad 1 [+3.3V] of C16 on F.Cu
    @(65.1500 mm, 30.0000 mm): Pad 6 [+3.3V] of U3 on F.Cu
[unconnected_items]: Missing connection between items
    Local override; error
    @(72.2000 mm, 47.0000 mm): Pad 2 [+3.3V] of L1 on F.Cu
    @(75.2400 mm, 41.5000 mm): Pad 1 [+3.3V] of R39 on F.Cu
[unconnected_items]: Missing connection between items
    Local override; error
    @(75.2400 mm, 41.5000 mm): Pad 1 [+3.3V] of R39 on F.Cu
    @(79.0500 mm, 47.0000 mm): Pad 1 [+3.3V] of C5 on F.Cu
[unconnected_items]: Missing connection between items
    Local override; error
    @(75.2400 mm, 41.5000 mm): Pad 1 [+3.3V] of R39 on F.Cu
    @(67.5250 mm, 40.0000 mm): Pad 1 [+3.3V] of C16 on F.Cu
[unconnected_items]: Missing connection between items
    Local override; error
    @(75.7500 mm, 68.5020 mm): Pad 32 [+3.3V] of J3 on F.Cu
    @(76.2500 mm, 68.5020 mm): Pad 33 [+3.3V] of J3 on F.Cu
[unconnected_items]: Missing connection between items
    Local override; error
    @(76.2500 mm, 68.5020 mm): Pad 33 [+3.3V] of J3 on F.Cu
    @(80.2400 mm, 58.2500 mm): Pad 1 [+3.3V] of R25 on F.Cu
[unconnected_items]: Missing connection between items
    Local override; error
    @(79.0500 mm, 47.0000 mm): Pad 1 [+3.3V] of C5 on F.Cu
    @(83.2700 mm, 47.0000 mm): Pad 1 [+3.3V] of C6 on F.Cu
[unconnected_items]: Missing connection between items
    Local override; error
    @(79.4900 mm, 56.7500 mm): Pad 1 [+3.3V] of R24 on F.Cu
    @(80.2400 mm, 58.2500 mm): Pad 1 [+3.3V] of R25 on F.Cu
[unconnected_items]: Missing connection between items
    Local override; error
    @(80.2400 mm, 58.2500 mm): Pad 1 [+3.3V] of R25 on F.Cu
    @(84.2600 mm, 58.2500 mm): Pad 2 [+3.3V] of R26 on F.Cu
[unconnected_items]: Missing connection between items
    Local override; error
    @(84.2600 mm, 58.2500 mm): Pad 2 [+3.3V] of R26 on F.Cu
    @(86.2400 mm, 58.2500 mm): Pad 1 [+3.3V] of R37 on F.Cu
[unconnected_items]: Missing connection between items
    Local override; error
    @(84.5500 mm, 49.3500 mm): Pad 7 [+3.3V] of U4 on F.Cu
    @(83.2700 mm, 47.0000 mm): Pad 1 [+3.3V] of C6 on F.Cu
[unconnected_items]: Missing connection between items
    Local override; error
    @(86.2400 mm, 58.2500 mm): Pad 1 [+3.3V] of R37 on F.Cu
    @(89.5100 mm, 50.7500 mm): Pad 2 [+3.3V] of R10 on F.Cu
[unconnected_items]: Missing connection between items
    Local override; error
    @(88.4900 mm, 49.2500 mm): Pad 1 [+3.3V] of R1 on F.Cu
    @(91.5200 mm, 47.7500 mm): Pad 1 [+3.3V] of C9 on F.Cu
[unconnected_items]: Missing connection between items
    Local override; error
    @(88.4900 mm, 49.2500 mm): Pad 1 [+3.3V] of R1 on F.Cu
    @(84.5500 mm, 49.3500 mm): Pad 7 [+3.3V] of U4 on F.Cu
[unconnected_items]: Missing connection between items
    Local override; error
    @(89.2500 mm, 29.0100 mm): Pad 2 [+3.3V] of U2 on F.Cu
    @(75.2400 mm, 41.5000 mm): Pad 1 [+3.3V] of R39 on F.Cu
[unconnected_items]: Missing connection between items
    Local override; error
    @(89.5100 mm, 50.7500 mm): Pad 2 [+3.3V] of R10 on F.Cu
    @(88.4900 mm, 49.2500 mm): Pad 1 [+3.3V] of R1 on F.Cu
[unconnected_items]: Missing connection between items
    Local override; error
    @(84.5500 mm, 50.6500 mm): Pad 2 [/MCU/RTC_INT] of U4 on F.Cu
    @(80.5100 mm, 56.7500 mm): Pad 2 [/MCU/RTC_INT] of R24 on F.Cu
[unconnected_items]: Missing connection between items
    Local override; error
    @(106.7500 mm, 29.0100 mm): Pad 27 [/MCU/RTC_INT] of U2 on F.Cu
    @(84.5500 mm, 50.6500 mm): Pad 2 [/MCU/RTC_INT] of U4 on F.Cu
[unconnected_items]: Missing connection between items
    Local override; error
    @(79.4900 mm, 52.2500 mm): Pad 1 [Net-(R16-Pad1)] of R16 on F.Cu
    @(89.7500 mm, 62.0000 mm): Pad 1 [Net-(R16-Pad1)] of TP10 on F.Cu
[unconnected_items]: Missing connection between items
    Local override; error
    @(80.5100 mm, 52.2500 mm): Pad 2 [Net-(U2-GPIO0/ADC1_CH0/XTAL_32K_P)] of R16 on F.Cu
    @(89.2500 mm, 36.6300 mm): Pad 8 [Net-(U2-GPIO0/ADC1_CH0/XTAL_32K_P)] of U2 on F.Cu
[unconnected_items]: Missing connection between items
    Local override; error
    @(17.5500 mm, 28.7500 mm): Pad B4 [USB_VBUS] of J1 on F.Cu
    @(15.9500 mm, 28.5000 mm): Pad A9 [USB_VBUS] of J1 on F.Cu
[unconnected_items]: Missing connection between items
    Local override; error
    @(17.5500 mm, 28.7500 mm): Pad B4 [USB_VBUS] of J1 on F.Cu
    @(17.5500 mm, 31.2500 mm): Pad B9 [USB_VBUS] of J1 on F.Cu
[unconnected_items]: Missing connection between items
    Local override; error
    @(17.5500 mm, 28.7500 mm): Pad B4 [USB_VBUS] of J1 on F.Cu
    @(28.3500 mm, 25.5000 mm): Pad 2 [USB_VBUS] of D3 on F.Cu
[unconnected_items]: Missing connection between items
    Local override; error
    @(17.5500 mm, 31.2500 mm): Pad B9 [USB_VBUS] of J1 on F.Cu
    @(15.9500 mm, 31.0000 mm): Pad A4 [USB_VBUS] of J1 on F.Cu
[unconnected_items]: Missing connection between items
    Local override; error
    @(32.0000 mm, 38.7500 mm): Pad 1 [USB_VBUS] of TP1 on F.Cu
    @(35.0375 mm, 28.7500 mm): Pad 1 [USB_VBUS] of U1 on F.Cu
[unconnected_items]: Missing connection between items
    Local override; error
    @(35.0375 mm, 23.0000 mm): Pad 1 [USB_VBUS] of R11 on F.Cu
    @(28.3500 mm, 25.5000 mm): Pad 2 [USB_VBUS] of D3 on F.Cu
[unconnected_items]: Missing connection between items
    Local override; error
    @(35.0375 mm, 28.7500 mm): Pad 1 [USB_VBUS] of U1 on F.Cu
    @(35.0375 mm, 23.0000 mm): Pad 1 [USB_VBUS] of R11 on F.Cu
[unconnected_items]: Missing connection between items
    Local override; error
    @(32.1875 mm, 24.5000 mm): Pad 3 [PD_I2C_SCL_5V] of Q1 on F.Cu
    @(35.0375 mm, 30.7500 mm): Pad 5 [PD_I2C_SCL_5V] of U1 on F.Cu
[unconnected_items]: Missing connection between items
    Local override; error
    @(35.0375 mm, 30.7500 mm): Pad 5 [PD_I2C_SCL_5V] of U1 on F.Cu
    @(51.2600 mm, 24.5000 mm): Pad 2 [PD_I2C_SCL_5V] of R5 on F.Cu
[unconnected_items]: Missing connection between items
    Local override; error
    @(36.2500 mm, 31.9625 mm): Pad 8 [Net-(U1-LED)] of U1 on F.Cu
    @(50.2400 mm, 35.0000 mm): Pad 1 [Net-(U1-LED)] of R14 on F.Cu
[unconnected_items]: Missing connection between items
    Local override; error
    @(36.7500 mm, 31.9625 mm): Pad 9 [PD_INT_5V] of U1 on F.Cu
    @(50.2400 mm, 26.0000 mm): Pad 1 [PD_INT_5V] of R8 on F.Cu
[unconnected_items]: Missing connection between items
    Local override; error
    @(37.7500 mm, 31.9625 mm): Pad 11 [Net-(U1-VSEL)] of U1 on F.Cu
    @(51.2600 mm, 36.5000 mm): Pad 2 [Net-(U1-VSEL)] of R21 on F.Cu
[unconnected_items]: Missing connection between items
    Local override; error
    @(28.5200 mm, 21.5000 mm): Pad 1 [Net-(U1-V18)] of C1 on F.Cu
    @(38.2500 mm, 31.9625 mm): Pad 12 [Net-(U1-V18)] of U1 on F.Cu
[unconnected_items]: Missing connection between items
    Local override; error
    @(29.5100 mm, 38.0000 mm): Pad 2 [Net-(U1-OTP)] of TH1 on F.Cu
    @(38.9625 mm, 31.2500 mm): Pad 13 [Net-(U1-OTP)] of U1 on F.Cu
[unconnected_items]: Missing connection between items
    Local override; error
    @(31.5200 mm, 21.5000 mm): Pad 1 [Net-(U1-IFB)] of C2 on F.Cu
    @(38.9625 mm, 30.2500 mm): Pad 15 [Net-(U1-IFB)] of U1 on F.Cu
[unconnected_items]: Missing connection between items
    Local override; error
    @(17.5500 mm, 29.2500 mm): Pad B5 [USB_CC2] of J1 on F.Cu
    @(27.6500 mm, 32.5000 mm): Pad 1 [USB_CC2] of D5 on F.Cu
[unconnected_items]: Missing connection between items
    Local override; error
    @(27.6500 mm, 32.5000 mm): Pad 1 [USB_CC2] of D5 on F.Cu
    @(38.9625 mm, 29.7500 mm): Pad 16 [USB_CC2] of U1 on F.Cu
[unconnected_items]: Missing connection between items
    Local override; error
    @(27.6500 mm, 29.0000 mm): Pad 1 [USB_CC1] of D4 on F.Cu
    @(15.9500 mm, 30.5000 mm): Pad A5 [USB_CC1] of J1 on F.Cu
[unconnected_items]: Missing connection between items
    Local override; error
    @(38.9625 mm, 29.2500 mm): Pad 17 [USB_CC1] of U1 on F.Cu
    @(27.6500 mm, 29.0000 mm): Pad 1 [USB_CC1] of D4 on F.Cu
[unconnected_items]: Missing connection between items
    Local override; error
    @(36.7500 mm, 28.0375 mm): Pad 22 [Net-(U1-VOUT)] of U1 on F.Cu
    @(50.2400 mm, 33.5000 mm): Pad 1 [Net-(U1-VOUT)] of R13 on F.Cu
[unconnected_items]: Missing connection between items
    Local override; error
    @(36.2500 mm, 28.0375 mm): Pad 23 [Net-(U1-PWR_EN)] of U1 on F.Cu
    @(50.2400 mm, 32.0000 mm): Pad 1 [Net-(U1-PWR_EN)] of R12 on F.Cu
[unconnected_items]: Missing connection between items
    Local override; error
    @(35.7500 mm, 28.0375 mm): Pad 24 [PD_VBUS_SENSED] of U1 on F.Cu
    @(35.0000 mm, 38.7500 mm): Pad 1 [PD_VBUS_SENSED] of TP2 on F.Cu
[unconnected_items]: Missing connection between items
    Local override; error
    @(40.9625 mm, 23.0000 mm): Pad 2 [PD_VBUS_SENSED] of R11 on F.Cu
    @(35.7500 mm, 28.0375 mm): Pad 24 [PD_VBUS_SENSED] of U1 on F.Cu
[unconnected_items]: Missing connection between items
    Local override; error
    @(43.0500 mm, 22.2500 mm): Pad 1 [PD_VBUS_SENSED] of C3 on F.Cu
    @(40.9625 mm, 23.0000 mm): Pad 2 [PD_VBUS_SENSED] of R11 on F.Cu
[unconnected_items]: Missing connection between items
    Local override; error
    @(47.4750 mm, 24.5950 mm): Pad 8 [PD_VBUS_SENSED] of Q4 on F.Cu
    @(43.0500 mm, 22.2500 mm): Pad 1 [PD_VBUS_SENSED] of C3 on F.Cu
[unconnected_items]: Missing connection between items
    Local override; error
    @(47.4750 mm, 25.8650 mm): Pad 7 [PD_VBUS_SENSED] of Q4 on F.Cu
    @(47.4750 mm, 24.5950 mm): Pad 8 [PD_VBUS_SENSED] of Q4 on F.Cu
[unconnected_items]: Missing connection between items
    Local override; error
    @(47.4750 mm, 27.1350 mm): Pad 6 [PD_VBUS_SENSED] of Q4 on F.Cu
    @(47.4750 mm, 25.8650 mm): Pad 7 [PD_VBUS_SENSED] of Q4 on F.Cu
[unconnected_items]: Missing connection between items
    Local override; error
    @(47.4750 mm, 28.4050 mm): Pad 5 [PD_VBUS_SENSED] of Q4 on F.Cu
    @(47.4750 mm, 27.1350 mm): Pad 6 [PD_VBUS_SENSED] of Q4 on F.Cu
[unconnected_items]: Missing connection between items
    Local override; error
    @(58.9900 mm, 57.5000 mm): Pad 1 [TFT_BL_PWM] of R28 on F.Cu
    @(89.2500 mm, 37.9000 mm): Pad 9 [TFT_BL_PWM] of U2 on F.Cu
[unconnected_items]: Missing connection between items
    Local override; error
    @(61.9900 mm, 57.5000 mm): Pad 1 [Net-(U8-EN_PWM)] of R29 on F.Cu
    @(60.0100 mm, 57.5000 mm): Pad 2 [Net-(U8-EN_PWM)] of R28 on F.Cu
[unconnected_items]: Missing connection between items
    Local override; error
    @(77.4750 mm, 61.1350 mm): Pad 6 [Net-(U8-EN_PWM)] of U8 on F.Cu
    @(61.9900 mm, 57.5000 mm): Pad 1 [Net-(U8-EN_PWM)] of R29 on F.Cu
[unconnected_items]: Missing connection between items
    Local override; error
    @(62.1850 mm, 61.0000 mm): Pad 2 [/USER INTERFACE/BL_BOOST_SW] of L2 on F.Cu
    @(67.7125 mm, 60.5000 mm): Pad 5 [/USER INTERFACE/BL_BOOST_SW] of U7 on F.Cu
[unconnected_items]: Missing connection between items
    Local override; error
    @(83.9250 mm, 56.0750 mm): Pad 2 [Net-(U2-GPIO9)] of SW1 on F.Cu
    @(88.0750 mm, 56.0750 mm): Pad 2 [Net-(U2-GPIO9)] of SW1 on F.Cu
[unconnected_items]: Missing connection between items
    Local override; error
    @(88.0750 mm, 56.0750 mm): Pad 2 [Net-(U2-GPIO9)] of SW1 on F.Cu
    @(88.4900 mm, 50.7500 mm): Pad 1 [Net-(U2-GPIO9)] of R10 on F.Cu
[unconnected_items]: Missing connection between items
    Local override; error
    @(106.7500 mm, 44.2500 mm): Pad 15 [Net-(U2-GPIO9)] of U2 on F.Cu
    @(88.4900 mm, 50.7500 mm): Pad 1 [Net-(U2-GPIO9)] of R10 on F.Cu
[unconnected_items]: Missing connection between items
    Local override; error
    @(56.4975 mm, 48.9050 mm): Pad 4 [/POWER GENERATION/FSW_SET] of U5 on F.Cu
    @(72.2400 mm, 41.5000 mm): Pad 1 [/POWER GENERATION/FSW_SET] of R38 on F.Cu
[unconnected_items]: Missing connection between items
    Local override; error
    @(87.9250 mm, 56.0750 mm): Pad 2 [Net-(U2-EN/CHIP_PU)] of SW2 on F.Cu
    @(92.0750 mm, 56.0750 mm): Pad 2 [Net-(U2-EN/CHIP_PU)] of SW2 on F.Cu
[unconnected_items]: Missing connection between items
    Local override; error
    @(89.2500 mm, 30.2800 mm): Pad 3 [Net-(U2-EN/CHIP_PU)] of U2 on F.Cu
    @(89.4800 mm, 47.7500 mm): Pad 2 [Net-(U2-EN/CHIP_PU)] of C7 on F.Cu
[unconnected_items]: Missing connection between items
    Local override; error
    @(89.4800 mm, 47.7500 mm): Pad 2 [Net-(U2-EN/CHIP_PU)] of C7 on F.Cu
    @(89.5100 mm, 49.2500 mm): Pad 2 [Net-(U2-EN/CHIP_PU)] of R1 on F.Cu
[unconnected_items]: Missing connection between items
    Local override; error
    @(89.5100 mm, 49.2500 mm): Pad 2 [Net-(U2-EN/CHIP_PU)] of R1 on F.Cu
    @(87.9250 mm, 56.0750 mm): Pad 2 [Net-(U2-EN/CHIP_PU)] of SW2 on F.Cu
[unconnected_items]: Missing connection between items
    Local override; error
    @(65.2500 mm, 68.5020 mm): Pad 11 [TFT_SCLK] of J3 on F.Cu
    @(89.2500 mm, 31.5500 mm): Pad 4 [TFT_SCLK] of U2 on F.Cu
[unconnected_items]: Missing connection between items
    Local override; error
    @(64.2500 mm, 68.5020 mm): Pad 9 [TFT_MOSI] of J3 on F.Cu
    @(89.2500 mm, 32.8200 mm): Pad 5 [TFT_MOSI] of U2 on F.Cu
[unconnected_items]: Missing connection between items
    Local override; error
    @(83.2400 mm, 58.2500 mm): Pad 1 [/MCU/RTC_SDA] of R26 on F.Cu
    @(86.3500 mm, 50.6500 mm): Pad 4 [/MCU/RTC_SDA] of U4 on F.Cu
[unconnected_items]: Missing connection between items
    Local override; error
    @(86.3500 mm, 50.6500 mm): Pad 4 [/MCU/RTC_SDA] of U4 on F.Cu
    @(89.2500 mm, 34.0900 mm): Pad 6 [/MCU/RTC_SDA] of U2 on F.Cu
[unconnected_items]: Missing connection between items
    Local override; error
    @(81.2600 mm, 58.2500 mm): Pad 2 [/MCU/RTC_SCL] of R25 on F.Cu
    @(85.4500 mm, 50.6500 mm): Pad 3 [/MCU/RTC_SCL] of U4 on F.Cu
[unconnected_items]: Missing connection between items
    Local override; error
    @(85.4500 mm, 50.6500 mm): Pad 3 [/MCU/RTC_SCL] of U4 on F.Cu
    @(89.2500 mm, 35.3600 mm): Pad 7 [/MCU/RTC_SCL] of U2 on F.Cu
[unconnected_items]: Missing connection between items
    Local override; error
    @(87.2600 mm, 58.2500 mm): Pad 2 [Net-(U2-GPIO8)] of R37 on F.Cu
    @(91.4900 mm, 50.7500 mm): Pad 1 [Net-(U2-GPIO8)] of R15 on F.Cu
[unconnected_items]: Missing connection between items
    Local override; error
    @(91.4900 mm, 50.7500 mm): Pad 1 [Net-(U2-GPIO8)] of R15 on F.Cu
    @(89.2500 mm, 39.1700 mm): Pad 10 [Net-(U2-GPIO8)] of U2 on F.Cu
[unconnected_items]: Missing connection between items
    Local override; error
    @(64.7500 mm, 68.5020 mm): Pad 10 [TFT_CS] of J3 on F.Cu
    @(89.2500 mm, 40.4400 mm): Pad 11 [TFT_CS] of U2 on F.Cu
[unconnected_items]: Missing connection between items
    Local override; error
    @(65.7500 mm, 68.5020 mm): Pad 12 [TFT_DC] of J3 on F.Cu
    @(89.2500 mm, 41.7100 mm): Pad 12 [TFT_DC] of U2 on F.Cu
[unconnected_items]: Missing connection between items
    Local override; error
    @(79.4900 mm, 50.7500 mm): Pad 1 [Net-(U2-GPIO12/USB_D-)] of R3 on F.Cu
    @(89.2500 mm, 42.9800 mm): Pad 13 [Net-(U2-GPIO12/USB_D-)] of U2 on F.Cu
[unconnected_items]: Missing connection between items
    Local override; error
    @(89.2500 mm, 44.2500 mm): Pad 14 [Net-(U2-GPIO13/USB_D+)] of U2 on F.Cu
    @(91.4900 mm, 49.2500 mm): Pad 1 [Net-(U2-GPIO13/USB_D+)] of R2 on F.Cu
[unconnected_items]: Missing connection between items
    Local override; error
    @(50.2400 mm, 23.0000 mm): Pad 1 [PD_I2C_SCL_3V3] of R4 on F.Cu
    @(30.3125 mm, 25.4500 mm): Pad 2 [PD_I2C_SCL_3V3] of Q1 on F.Cu
[unconnected_items]: Missing connection between items
    Local override; error
    @(60.8500 mm, 30.0000 mm): Pad 5 [PD_I2C_SCL_3V3] of U3 on F.Cu
    @(50.2400 mm, 23.0000 mm): Pad 1 [PD_I2C_SCL_3V3] of R4 on F.Cu
[unconnected_items]: Missing connection between items
    Local override; error
    @(89.7500 mm, 59.0000 mm): Pad 1 [PD_I2C_SCL_3V3] of TP6 on F.Cu
    @(106.7500 mm, 42.9800 mm): Pad 16 [PD_I2C_SCL_3V3] of U2 on F.Cu
[unconnected_items]: Missing connection between items
    Local override; error
    @(89.7500 mm, 59.0000 mm): Pad 1 [PD_I2C_SCL_3V3] of TP6 on F.Cu
    @(60.8500 mm, 30.0000 mm): Pad 5 [PD_I2C_SCL_3V3] of U3 on F.Cu
[unconnected_items]: Missing connection between items
    Local override; error
    @(38.5100 mm, 26.0000 mm): Pad 2 [PD_I2C_SDA_3V3] of R7 on F.Cu
    @(36.3125 mm, 35.9500 mm): Pad 2 [PD_I2C_SDA_3V3] of Q2 on F.Cu
[unconnected_items]: Missing connection between items
    Local override; error
    @(60.8500 mm, 29.5000 mm): Pad 4 [PD_I2C_SDA_3V3] of U3 on F.Cu
    @(38.5100 mm, 26.0000 mm): Pad 2 [PD_I2C_SDA_3V3] of R7 on F.Cu
[unconnected_items]: Missing connection between items
    Local override; error
    @(80.7500 mm, 60.5000 mm): Pad 1 [PD_I2C_SDA_3V3] of TP7 on F.Cu
    @(106.7500 mm, 41.7100 mm): Pad 17 [PD_I2C_SDA_3V3] of U2 on F.Cu
[unconnected_items]: Missing connection between items
    Local override; error
    @(80.7500 mm, 60.5000 mm): Pad 1 [PD_I2C_SDA_3V3] of TP7 on F.Cu
    @(60.8500 mm, 29.5000 mm): Pad 4 [PD_I2C_SDA_3V3] of U3 on F.Cu
[unconnected_items]: Missing connection between items
    Local override; error
    @(51.2600 mm, 26.0000 mm): Pad 2 [PD_INT_3V3] of R8 on F.Cu
    @(29.9900 mm, 31.2500 mm): Pad 1 [PD_INT_3V3] of R9 on F.Cu
[unconnected_items]: Missing connection between items
    Local override; error
    @(51.2600 mm, 26.0000 mm): Pad 2 [PD_INT_3V3] of R8 on F.Cu
    @(83.7500 mm, 60.5000 mm): Pad 1 [PD_INT_3V3] of TP8 on F.Cu
[unconnected_items]: Missing connection between items
    Local override; error
    @(83.7500 mm, 60.5000 mm): Pad 1 [PD_INT_3V3] of TP8 on F.Cu
    @(106.7500 mm, 40.4400 mm): Pad 18 [PD_INT_3V3] of U2 on F.Cu
[unconnected_items]: Missing connection between items
    Local override; error
    @(57.0100 mm, 62.0000 mm): Pad 2 [ENCODER_SW] of R36 on F.Cu
    @(99.0000 mm, 66.5000 mm): PTH pad 4 [ENCODER_SW] of SW3
[unconnected_items]: Missing connection between items
    Local override; error
    @(99.0000 mm, 66.5000 mm): PTH pad 4 [ENCODER_SW] of SW3
    @(106.7500 mm, 39.1700 mm): Pad 19 [ENCODER_SW] of U2 on F.Cu
[unconnected_items]: Missing connection between items
    Local override; error
    @(57.0100 mm, 59.0000 mm): Pad 2 [ENCODER_A] of R34 on F.Cu
    @(99.0000 mm, 50.0000 mm): PTH pad 1 [ENCODER_A] of SW3
[unconnected_items]: Missing connection between items
    Local override; error
    @(99.0000 mm, 50.0000 mm): PTH pad 1 [ENCODER_A] of SW3
    @(106.7500 mm, 37.9000 mm): Pad 20 [ENCODER_A] of U2 on F.Cu
[unconnected_items]: Missing connection between items
    Local override; error
    @(57.0100 mm, 60.5000 mm): Pad 2 [ENCODER_B] of R35 on F.Cu
    @(104.0000 mm, 50.0000 mm): PTH pad 3 [ENCODER_B] of SW3
[unconnected_items]: Missing connection between items
    Local override; error
    @(104.0000 mm, 50.0000 mm): PTH pad 3 [ENCODER_B] of SW3
    @(106.7500 mm, 36.6300 mm): Pad 21 [ENCODER_B] of U2 on F.Cu
[unconnected_items]: Missing connection between items
    Local override; error
    @(74.7500 mm, 68.5020 mm): Pad 30 [TFT_RST] of J3 on F.Cu
    @(106.7500 mm, 34.0900 mm): Pad 23 [TFT_RST] of U2 on F.Cu
[unconnected_items]: Missing connection between items
    Local override; error
    @(85.0000 mm, 70.0000 mm): PTH pad 2 [/MCU/UART_RX] of J2
    @(106.7500 mm, 32.8200 mm): Pad 24 [/MCU/UART_RX] of U2 on F.Cu
[unconnected_items]: Missing connection between items
    Local override; error
    @(85.0000 mm, 72.5400 mm): PTH pad 1 [/MCU/UART_TX] of J2
    @(106.7500 mm, 31.5500 mm): Pad 25 [/MCU/UART_TX] of U2 on F.Cu
[unconnected_items]: Missing connection between items
    Local override; error
    @(56.7600 mm, 23.0000 mm): Pad 2 [INA_ALERT] of R27 on F.Cu
    @(60.8500 mm, 29.0000 mm): Pad 3 [INA_ALERT] of U3 on F.Cu
[unconnected_items]: Missing connection between items
    Local override; error
    @(60.8500 mm, 29.0000 mm): Pad 3 [INA_ALERT] of U3 on F.Cu
    @(106.7500 mm, 30.2800 mm): Pad 26 [INA_ALERT] of U2 on F.Cu
[unconnected_items]: Missing connection between items
    Local override; error
    @(79.5200 mm, 49.2500 mm): Pad 1 [Net-(U4-VBACKUP)] of C10 on F.Cu
    @(79.4900 mm, 53.7500 mm): Pad 1 [Net-(U4-VBACKUP)] of R22 on F.Cu
[unconnected_items]: Missing connection between items
    Local override; error
    @(85.4500 mm, 49.3500 mm): Pad 6 [Net-(U4-VBACKUP)] of U4 on F.Cu
    @(79.5200 mm, 49.2500 mm): Pad 1 [Net-(U4-VBACKUP)] of C10 on F.Cu
[unconnected_items]: Missing connection between items
    Local override; error
    @(57.9625 mm, 29.0000 mm): Pad 2 [OUT_POS] of RShunt on F.Cu
    @(65.1500 mm, 29.0000 mm): Pad 8 [OUT_POS] of U3 on F.Cu
[unconnected_items]: Missing connection between items
    Local override; error
    @(65.1500 mm, 28.5000 mm): Pad 9 [OUT_POS] of U3 on F.Cu
    @(65.1500 mm, 29.0000 mm): Pad 8 [OUT_POS] of U3 on F.Cu
[unconnected_items]: Missing connection between items
    Local override; error
    @(65.1500 mm, 29.0000 mm): Pad 8 [OUT_POS] of U3 on F.Cu
    @(70.0000 mm, 30.1200 mm): PTH pad 1 [OUT_POS] of J4
[unconnected_items]: Missing connection between items
    Local override; error
    @(70.0000 mm, 30.1200 mm): PTH pad 1 [OUT_POS] of J4
    @(70.0000 mm, 22.5000 mm): PTH pad 1 [OUT_POS] of J4
[unconnected_items]: Missing connection between items
    Local override; error
    @(50.4900 mm, 43.0000 mm): Pad 1 [/POWER GENERATION/FB_3V3] of R40 on F.Cu
    @(61.5025 mm, 47.6350 mm): Pad 6 [/POWER GENERATION/FB_3V3] of U5 on F.Cu
[unconnected_items]: Missing connection between items
    Local override; error
    @(61.5025 mm, 47.6350 mm): Pad 6 [/POWER GENERATION/FB_3V3] of U5 on F.Cu
    @(76.2600 mm, 41.5000 mm): Pad 2 [/POWER GENERATION/FB_3V3] of R39 on F.Cu
[unconnected_items]: Missing connection between items
    Local override; error
    @(17.5500 mm, 29.7500 mm): Pad B6 [USB_DP] of J1 on F.Cu
    @(15.9500 mm, 30.0000 mm): Pad A6 [USB_DP] of J1 on F.Cu
[unconnected_items]: Missing connection between items
    Local override; error
    @(30.0000 mm, 29.3870 mm): Pad 1 [USB_DP] of U9 on F.Cu
    @(17.5500 mm, 29.7500 mm): Pad B6 [USB_DP] of J1 on F.Cu
[unconnected_items]: Missing connection between items
    Local override; error
    @(92.5100 mm, 49.2500 mm): Pad 2 [USB_DP] of R2 on F.Cu
    @(30.0000 mm, 29.3870 mm): Pad 1 [USB_DP] of U9 on F.Cu
[unconnected_items]: Missing connection between items
    Local override; error
    @(15.9500 mm, 29.5000 mm): Pad A7 [USB_DM] of J1 on F.Cu
    @(17.5500 mm, 30.2500 mm): Pad B7 [USB_DM] of J1 on F.Cu
[unconnected_items]: Missing connection between items
    Local override; error
    @(17.5500 mm, 30.2500 mm): Pad B7 [USB_DM] of J1 on F.Cu
    @(30.5000 mm, 29.3870 mm): Pad 2 [USB_DM] of U9 on F.Cu
[unconnected_items]: Missing connection between items
    Local override; error
    @(80.5100 mm, 50.7500 mm): Pad 2 [USB_DM] of R3 on F.Cu
    @(30.5000 mm, 29.3870 mm): Pad 2 [USB_DM] of U9 on F.Cu
[unconnected_items]: Missing connection between items
    Local override; error
    @(56.4900 mm, 43.0000 mm): Pad 1 [/POWER GENERATION/EN_CTRL] of R42 on F.Cu
    @(53.9625 mm, 46.0000 mm): Pad 2 [/POWER GENERATION/EN_CTRL] of R43 on F.Cu
[unconnected_items]: Missing connection between items
    Local override; error
    @(61.5025 mm, 45.0950 mm): Pad 8 [/POWER GENERATION/EN_CTRL] of U5 on F.Cu
    @(56.4900 mm, 43.0000 mm): Pad 1 [/POWER GENERATION/EN_CTRL] of R42 on F.Cu
[unconnected_items]: Missing connection between items
    Local override; error
    @(74.8125 mm, 45.4500 mm): Pad 2 [/POWER GENERATION/EN_CTRL] of U6 on F.Cu
    @(74.8125 mm, 43.5500 mm): Pad 1 [/POWER GENERATION/EN_CTRL] of U6 on F.Cu
[unconnected_items]: Missing connection between items
    Local override; error
    @(74.8125 mm, 45.4500 mm): Pad 2 [/POWER GENERATION/EN_CTRL] of U6 on F.Cu
    @(61.5025 mm, 45.0950 mm): Pad 8 [/POWER GENERATION/EN_CTRL] of U5 on F.Cu
[unconnected_items]: Missing connection between items
    Local override; error
    @(65.0000 mm, 54.9000 mm): Pad 1 [/POWER GENERATION/LX_SW] of D2 on F.Cu
    @(65.8000 mm, 47.0000 mm): Pad 1 [/POWER GENERATION/LX_SW] of L1 on F.Cu
[unconnected_items]: Missing connection between items
    Local override; error
    @(65.8000 mm, 47.0000 mm): Pad 1 [/POWER GENERATION/LX_SW] of L1 on F.Cu
    @(56.4975 mm, 45.0950 mm): Pad 1 [/POWER GENERATION/LX_SW] of U5 on F.Cu
[unconnected_items]: Missing connection between items
    Local override; error
    @(65.8000 mm, 47.0000 mm): Pad 1 [/POWER GENERATION/LX_SW] of L1 on F.Cu
    @(73.2300 mm, 40.0000 mm): Pad 2 [/POWER GENERATION/LX_SW] of C17 on F.Cu
[unconnected_items]: Missing connection between items
    Local override; error
    @(56.4975 mm, 46.3650 mm): Pad 2 [Net-(U5-BST)] of U5 on F.Cu
    @(72.2700 mm, 40.0000 mm): Pad 1 [Net-(U5-BST)] of C17 on F.Cu
[unconnected_items]: Missing connection between items
    Local override; error
    @(61.5025 mm, 46.3650 mm): Pad 7 [/POWER GENERATION/SS_RAMP] of U5 on F.Cu
    @(75.2700 mm, 40.0000 mm): Pad 1 [/POWER GENERATION/SS_RAMP] of C18 on F.Cu
[unconnected_items]: Missing connection between items
    Local override; error
    @(56.0200 mm, 57.5000 mm): Pad 1 [BACKLIGHT_4V2] of C22 on F.Cu
    @(64.7750 mm, 63.5000 mm): Pad 1 [BACKLIGHT_4V2] of C21 on F.Cu
[unconnected_items]: Missing connection between items
    Local override; error
    @(64.7750 mm, 63.5000 mm): Pad 1 [BACKLIGHT_4V2] of C21 on F.Cu
    @(67.7125 mm, 60.0000 mm): Pad 6 [BACKLIGHT_4V2] of U7 on F.Cu
[unconnected_items]: Missing connection between items
    Local override; error
    @(67.7125 mm, 60.0000 mm): Pad 6 [BACKLIGHT_4V2] of U7 on F.Cu
    @(77.4750 mm, 59.8650 mm): Pad 7 [BACKLIGHT_4V2] of U8 on F.Cu
[unconnected_items]: Missing connection between items
    Local override; error
    @(78.7500 mm, 68.5020 mm): Pad 38 [BACKLIGHT_4V2] of J3 on F.Cu
    @(79.9900 mm, 62.7500 mm): Pad 1 [BACKLIGHT_4V2] of R44 on F.Cu
[unconnected_items]: Missing connection between items
    Local override; error
    @(79.9900 mm, 62.7500 mm): Pad 1 [BACKLIGHT_4V2] of R44 on F.Cu
    @(77.4750 mm, 59.8650 mm): Pad 7 [BACKLIGHT_4V2] of U8 on F.Cu
[unconnected_items]: Missing connection between items
    Local override; error
    @(66.2875 mm, 60.0000 mm): Pad 1 [/USER INTERFACE/BL_BOOST_FB] of U7 on F.Cu
    @(55.9900 mm, 63.5000 mm): Pad 1 [/USER INTERFACE/BL_BOOST_FB] of R45 on F.Cu
[unconnected_items]: Missing connection between items
    Local override; error
    @(81.0100 mm, 62.7500 mm): Pad 2 [/USER INTERFACE/BL_BOOST_FB] of R44 on F.Cu
    @(66.2875 mm, 60.0000 mm): Pad 1 [/USER INTERFACE/BL_BOOST_FB] of U7 on F.Cu
[unconnected_items]: Missing connection between items
    Local override; error
    @(86.7500 mm, 60.5000 mm): Pad 1 [Net-(R15-Pad2)] of TP9 on F.Cu
    @(92.5100 mm, 50.7500 mm): Pad 2 [Net-(R15-Pad2)] of R15 on F.Cu
[unconnected_items]: Missing connection between items
    Local override; error
    @(23.4500 mm, 65.0000 mm): Pad 1 [Net-(BT1-+)] of BT1 on F.Cu
    @(80.5100 mm, 53.7500 mm): Pad 2 [Net-(BT1-+)] of R22 on F.Cu
[unconnected_items]: Missing connection between items
    Local override; error
    @(72.5250 mm, 58.5950 mm): Pad 1 [/USER INTERFACE/BL_K1] of U8 on F.Cu
    @(76.7500 mm, 68.5020 mm): Pad 34 [/USER INTERFACE/BL_K1] of J3 on F.Cu
[unconnected_items]: Missing connection between items
    Local override; error
    @(72.5250 mm, 59.8650 mm): Pad 2 [/USER INTERFACE/BL_K2] of U8 on F.Cu
    @(77.2500 mm, 68.5020 mm): Pad 35 [/USER INTERFACE/BL_K2] of J3 on F.Cu
[unconnected_items]: Missing connection between items
    Local override; error
    @(72.5250 mm, 61.1350 mm): Pad 3 [/USER INTERFACE/BL_K3] of U8 on F.Cu
    @(77.7500 mm, 68.5020 mm): Pad 36 [/USER INTERFACE/BL_K3] of J3 on F.Cu
[unconnected_items]: Missing connection between items
    Local override; error
    @(72.5250 mm, 62.4050 mm): Pad 4 [/USER INTERFACE/BL_K4] of U8 on F.Cu
    @(78.2500 mm, 68.5020 mm): Pad 37 [/USER INTERFACE/BL_K4] of J3 on F.Cu
[unconnected_items]: Missing connection between items
    Local override; error
    @(58.9900 mm, 64.2500 mm): Pad 1 [Net-(U8-RSET)] of R46 on F.Cu
    @(77.4750 mm, 58.5950 mm): Pad 8 [Net-(U8-RSET)] of U8 on F.Cu
[unconnected_items]: Missing connection between items
    Local override; error
    @(51.2350 mm, 21.5000 mm): Pad 2 [Net-(D1-A)] of D1 on F.Cu
    @(51.2600 mm, 35.0000 mm): Pad 2 [Net-(D1-A)] of R14 on F.Cu

** Found 123 Footprint errors **
[footprint_symbol_field_mismatch]: 'Description' alanı farklı (Baskı Devre: '', Şematik: 'Unpolarized capacitor')
    Local override; warning
    @(29.0000 mm, 21.5000 mm): Footprint C1
[footprint_symbol_field_mismatch]: 'Description' alanı farklı (Baskı Devre: '', Şematik: 'Unpolarized capacitor')
    Local override; warning
    @(32.0000 mm, 21.5000 mm): Footprint C2
[footprint_symbol_field_mismatch]: 'Description' alanı farklı (Baskı Devre: '', Şematik: 'Unpolarized capacitor')
    Local override; warning
    @(44.0000 mm, 22.2500 mm): Footprint C3
[footprint_symbol_field_mismatch]: 'Description' alanı farklı (Baskı Devre: '', Şematik: 'Unpolarized capacitor')
    Local override; warning
    @(47.7500 mm, 21.5000 mm): Footprint C4
[footprint_symbol_field_mismatch]: 'Description' alanı farklı (Baskı Devre: '', Şematik: 'Unpolarized capacitor')
    Local override; warning
    @(32.0000 mm, 35.0000 mm): Footprint C8
[footprint_symbol_field_mismatch]: Ayak izinde eksik sembol alanı 'Sim.Pins'
    Local override; warning
    @(50.7500 mm, 21.5000 mm): Footprint D1
[footprint_symbol_field_mismatch]: 'Datasheet' alanı farklı (Baskı Devre: '', Şematik: 'https://www.onsemi.com/pub/Collateral/BSS138-D.PDF')
    Local override; warning
    @(31.2500 mm, 24.5000 mm): Footprint Q1
[footprint_symbol_field_mismatch]: 'Datasheet' alanı farklı (Baskı Devre: '', Şematik: 'https://www.onsemi.com/pub/Collateral/BSS138-D.PDF')
    Local override; warning
    @(37.2500 mm, 35.0000 mm): Footprint Q2
[footprint_symbol_field_mismatch]: Ayak izinde eksik sembol alanı 'Field5'
    Local override; warning
    @(45.0000 mm, 34.0000 mm): Footprint Q3
[footprint_symbol_field_mismatch]: Ayak izinde eksik sembol alanı 'Field5'
    Local override; warning
    @(45.0000 mm, 26.5000 mm): Footprint Q4
[footprint_symbol_field_mismatch]: 'Description' alanı farklı (Baskı Devre: '', Şematik: 'Resistor')
    Local override; warning
    @(50.7500 mm, 23.0000 mm): Footprint R4
[footprint_symbol_field_mismatch]: 'Description' alanı farklı (Baskı Devre: '', Şematik: 'Resistor')
    Local override; warning
    @(50.7500 mm, 24.5000 mm): Footprint R5
[footprint_symbol_field_mismatch]: 'Description' alanı farklı (Baskı Devre: '', Şematik: 'Resistor')
    Local override; warning
    @(35.0000 mm, 26.0000 mm): Footprint R6
[footprint_symbol_field_mismatch]: 'Description' alanı farklı (Baskı Devre: '', Şematik: 'Resistor')
    Local override; warning
    @(38.0000 mm, 26.0000 mm): Footprint R7
[footprint_symbol_field_mismatch]: 'Description' alanı farklı (Baskı Devre: '', Şematik: 'Resistor')
    Local override; warning
    @(50.7500 mm, 26.0000 mm): Footprint R8
[footprint_symbol_field_mismatch]: 'Description' alanı farklı (Baskı Devre: '', Şematik: 'Resistor')
    Local override; warning
    @(30.5000 mm, 31.2500 mm): Footprint R9
[footprint_symbol_field_mismatch]: Ayak izinde eksik sembol alanı 'Field5'
    Local override; warning
    @(38.0000 mm, 23.0000 mm): Footprint R11
[footprint_symbol_field_mismatch]: 'Description' alanı farklı (Baskı Devre: '', Şematik: 'Resistor')
    Local override; warning
    @(50.7500 mm, 32.0000 mm): Footprint R12
[footprint_symbol_field_mismatch]: 'Description' alanı farklı (Baskı Devre: '', Şematik: 'Resistor')
    Local override; warning
    @(50.7500 mm, 33.5000 mm): Footprint R13
[footprint_symbol_field_mismatch]: 'Description' alanı farklı (Baskı Devre: '', Şematik: 'Resistor')
    Local override; warning
    @(50.7500 mm, 35.0000 mm): Footprint R14
[footprint_symbol_mismatch]: Ayak izi nitelikleri sembolle eşleşmiyor: 'Yerleştirmeyin' ayarları farklı
    Local override; warning
    @(50.7500 mm, 36.5000 mm): Footprint R21
[footprint_symbol_field_mismatch]: 'Description' alanı farklı (Baskı Devre: '', Şematik: 'Resistor')
    Local override; warning
    @(50.7500 mm, 36.5000 mm): Footprint R21
[footprint_symbol_field_mismatch]: 'Description' alanı farklı (Baskı Devre: '', Şematik: 'Temperature dependent resistor, negative temperature coefficient')
    Local override; warning
    @(29.0000 mm, 38.0000 mm): Footprint TH1
[footprint_symbol_mismatch]: Ayak izi nitelikleri sembolle eşleşmiyor: 'Malzeme listesinden hariç tut' ayarları farklı
    Local override; warning
    @(32.0000 mm, 38.7500 mm): Footprint TP1
[footprint_symbol_field_mismatch]: 'Description' alanı farklı (Baskı Devre: '', Şematik: 'test point')
    Local override; warning
    @(32.0000 mm, 38.7500 mm): Footprint TP1
[footprint_symbol_mismatch]: Ayak izi nitelikleri sembolle eşleşmiyor: 'Malzeme listesinden hariç tut' ayarları farklı
    Local override; warning
    @(35.0000 mm, 38.7500 mm): Footprint TP2
[footprint_symbol_field_mismatch]: 'Description' alanı farklı (Baskı Devre: '', Şematik: 'test point')
    Local override; warning
    @(35.0000 mm, 38.7500 mm): Footprint TP2
[footprint_symbol_mismatch]: Ayak izi nitelikleri sembolle eşleşmiyor: 'Malzeme listesinden hariç tut' ayarları farklı
    Local override; warning
    @(38.0000 mm, 38.7500 mm): Footprint TP3
[footprint_symbol_field_mismatch]: 'Description' alanı farklı (Baskı Devre: '', Şematik: 'test point')
    Local override; warning
    @(38.0000 mm, 38.7500 mm): Footprint TP3
[footprint_symbol_mismatch]: Ayak izi nitelikleri sembolle eşleşmiyor: 'Malzeme listesinden hariç tut' ayarları farklı
    Local override; warning
    @(41.0000 mm, 38.7500 mm): Footprint TP4
[footprint_symbol_field_mismatch]: 'Description' alanı farklı (Baskı Devre: '', Şematik: 'test point')
    Local override; warning
    @(41.0000 mm, 38.7500 mm): Footprint TP4
[footprint_symbol_mismatch]: Ayak izi nitelikleri sembolle eşleşmiyor: 'Malzeme listesinden hariç tut' ayarları farklı
    Local override; warning
    @(44.0000 mm, 38.7500 mm): Footprint TP5
[footprint_symbol_field_mismatch]: 'Description' alanı farklı (Baskı Devre: '', Şematik: 'test point')
    Local override; warning
    @(44.0000 mm, 38.7500 mm): Footprint TP5
[footprint_symbol_mismatch]: Ayak izi nitelikleri sembolle eşleşmiyor: 'Malzeme listesinden hariç tut' ayarları farklı
    Local override; warning
    @(37.0000 mm, 30.0000 mm): Footprint U1
[footprint_symbol_field_mismatch]: 'Datasheet' alanı farklı (Baskı Devre: '', Şematik: 'https://www.diodes.com/datasheet/download/AP33772S.pdf')
    Local override; warning
    @(37.0000 mm, 30.0000 mm): Footprint U1
[footprint_symbol_field_mismatch]: Ayak izinde eksik sembol alanı 'DesignNote'
    Local override; warning
    @(28.0000 mm, 25.5000 mm): Footprint D3
[footprint_symbol_field_mismatch]: Ayak izinde eksik sembol alanı 'DesignNote'
    Local override; warning
    @(28.0000 mm, 29.0000 mm): Footprint D4
[footprint_symbol_field_mismatch]: Ayak izinde eksik sembol alanı 'DesignNote'
    Local override; warning
    @(28.0000 mm, 32.5000 mm): Footprint D5
[footprint_symbol_field_mismatch]: 'Datasheet' alanı farklı (Baskı Devre: '', Şematik: 'https://www.usb.org/sites/default/files/documents/usb_type-c.zip')
    Local override; warning
    @(21.7500 mm, 30.0000 mm): Footprint J1
[footprint_symbol_field_mismatch]: Ayak izinde eksik sembol alanı 'MPN'
    Local override; warning
    @(31.0000 mm, 29.0000 mm): Footprint U9
[footprint_symbol_field_mismatch]: Ayak izinde eksik sembol alanı 'Sim.Device'
    Local override; warning
    @(38.0000 mm, 65.0000 mm): Footprint BT1
[footprint_symbol_field_mismatch]: 'Description' alanı farklı (Baskı Devre: '', Şematik: 'Unpolarized capacitor')
    Local override; warning
    @(80.0000 mm, 47.0000 mm): Footprint C5
[footprint_symbol_field_mismatch]: 'Description' alanı farklı (Baskı Devre: '', Şematik: 'Unpolarized capacitor')
    Local override; warning
    @(83.7500 mm, 47.0000 mm): Footprint C6
[footprint_symbol_field_mismatch]: 'Description' alanı farklı (Baskı Devre: '', Şematik: 'Unpolarized capacitor')
    Local override; warning
    @(89.0000 mm, 47.7500 mm): Footprint C7
[net_conflict]: Ped ağı (Net-(U2-EN/CHIP_PU)), şematik tarafından verilen ağla (Net-(U2-EN{slash}CHIP_PU)) eşleşmiyor
    Local override; warning
    @(89.4800 mm, 47.7500 mm): Pad 2 [Net-(U2-EN/CHIP_PU)] of C7 on F.Cu
[footprint_symbol_field_mismatch]: 'Description' alanı farklı (Baskı Devre: '', Şematik: 'Unpolarized capacitor')
    Local override; warning
    @(92.0000 mm, 47.7500 mm): Footprint C9
[footprint_symbol_field_mismatch]: 'Description' alanı farklı (Baskı Devre: '', Şematik: 'Unpolarized capacitor')
    Local override; warning
    @(80.0000 mm, 49.2500 mm): Footprint C10
[footprint_symbol_field_mismatch]: Ayak izinde eksik sembol alanı 'MF'
    Local override; warning
    @(85.0000 mm, 70.0000 mm): Footprint J2
[footprint_symbol_field_mismatch]: 'Description' alanı farklı (Baskı Devre: '', Şematik: 'Resistor')
    Local override; warning
    @(89.0000 mm, 49.2500 mm): Footprint R1
[net_conflict]: Ped ağı (Net-(U2-EN/CHIP_PU)), şematik tarafından verilen ağla (Net-(U2-EN{slash}CHIP_PU)) eşleşmiyor
    Local override; warning
    @(89.5100 mm, 49.2500 mm): Pad 2 [Net-(U2-EN/CHIP_PU)] of R1 on F.Cu
[footprint_symbol_field_mismatch]: 'Description' alanı farklı (Baskı Devre: '', Şematik: 'Resistor')
    Local override; warning
    @(92.0000 mm, 49.2500 mm): Footprint R2
[net_conflict]: Ped ağı (Net-(U2-GPIO13/USB_D+)), şematik tarafından verilen ağla (Net-(U2-GPIO13{slash}USB_D+)) eşleşmiyor
    Local override; warning
    @(91.4900 mm, 49.2500 mm): Pad 1 [Net-(U2-GPIO13/USB_D+)] of R2 on F.Cu
[footprint_symbol_field_mismatch]: 'Description' alanı farklı (Baskı Devre: '', Şematik: 'Resistor')
    Local override; warning
    @(80.0000 mm, 50.7500 mm): Footprint R3
[net_conflict]: Ped ağı (Net-(U2-GPIO12/USB_D-)), şematik tarafından verilen ağla (Net-(U2-GPIO12{slash}USB_D-)) eşleşmiyor
    Local override; warning
    @(79.4900 mm, 50.7500 mm): Pad 1 [Net-(U2-GPIO12/USB_D-)] of R3 on F.Cu
[footprint_symbol_field_mismatch]: 'Description' alanı farklı (Baskı Devre: '', Şematik: 'Resistor')
    Local override; warning
    @(89.0000 mm, 50.7500 mm): Footprint R10
[footprint_symbol_field_mismatch]: 'Description' alanı farklı (Baskı Devre: '', Şematik: 'Resistor')
    Local override; warning
    @(92.0000 mm, 50.7500 mm): Footprint R15
[footprint_symbol_field_mismatch]: 'Description' alanı farklı (Baskı Devre: '', Şematik: 'Resistor')
    Local override; warning
    @(80.0000 mm, 52.2500 mm): Footprint R16
[net_conflict]: Ped ağı (Net-(U2-GPIO0/ADC1_CH0/XTAL_32K_P)), şematik tarafından verilen ağla (Net-(U2-GPIO0{slash}ADC1_CH0{slash}XTAL_32K_P)) eşleşmiyor
    Local override; warning
    @(80.5100 mm, 52.2500 mm): Pad 2 [Net-(U2-GPIO0/ADC1_CH0/XTAL_32K_P)] of R16 on F.Cu
[footprint_symbol_field_mismatch]: 'Description' alanı farklı (Baskı Devre: '', Şematik: 'Resistor')
    Local override; warning
    @(80.0000 mm, 53.7500 mm): Footprint R22
[footprint_symbol_field_mismatch]: 'Description' alanı farklı (Baskı Devre: '', Şematik: 'Resistor')
    Local override; warning
    @(80.0000 mm, 55.2500 mm): Footprint R23
[footprint_symbol_field_mismatch]: 'Description' alanı farklı (Baskı Devre: '', Şematik: 'Resistor')
    Local override; warning
    @(80.0000 mm, 56.7500 mm): Footprint R24
[footprint_symbol_field_mismatch]: 'Description' alanı farklı (Baskı Devre: '', Şematik: 'Resistor')
    Local override; warning
    @(80.7500 mm, 58.2500 mm): Footprint R25
[footprint_symbol_field_mismatch]: 'Description' alanı farklı (Baskı Devre: '', Şematik: 'Resistor')
    Local override; warning
    @(83.7500 mm, 58.2500 mm): Footprint R26
[footprint_symbol_field_mismatch]: 'Description' alanı farklı (Baskı Devre: '', Şematik: 'Resistor')
    Local override; warning
    @(86.7500 mm, 58.2500 mm): Footprint R37
[footprint_symbol_field_mismatch]: 'Description' alanı farklı (Baskı Devre: '', Şematik: 'Push button switch, generic, two pins')
    Local override; warning
    @(86.0000 mm, 55.0000 mm): Footprint SW1
[footprint_symbol_field_mismatch]: 'Description' alanı farklı (Baskı Devre: '', Şematik: 'Push button switch, generic, two pins')
    Local override; warning
    @(90.0000 mm, 55.0000 mm): Footprint SW2
[net_conflict]: Ped ağı (Net-(U2-EN/CHIP_PU)), şematik tarafından verilen ağla (Net-(U2-EN{slash}CHIP_PU)) eşleşmiyor
    Local override; warning
    @(87.9250 mm, 56.0750 mm): Pad 2 [Net-(U2-EN/CHIP_PU)] of SW2 on F.Cu
[net_conflict]: Ped ağı (Net-(U2-EN/CHIP_PU)), şematik tarafından verilen ağla (Net-(U2-EN{slash}CHIP_PU)) eşleşmiyor
    Local override; warning
    @(92.0750 mm, 56.0750 mm): Pad 2 [Net-(U2-EN/CHIP_PU)] of SW2 on F.Cu
[footprint_symbol_mismatch]: Ayak izi nitelikleri sembolle eşleşmiyor: 'Malzeme listesinden hariç tut' ayarları farklı
    Local override; warning
    @(89.7500 mm, 59.0000 mm): Footprint TP6
[footprint_symbol_field_mismatch]: 'Description' alanı farklı (Baskı Devre: '', Şematik: 'test point')
    Local override; warning
    @(89.7500 mm, 59.0000 mm): Footprint TP6
[footprint_symbol_mismatch]: Ayak izi nitelikleri sembolle eşleşmiyor: 'Malzeme listesinden hariç tut' ayarları farklı
    Local override; warning
    @(80.7500 mm, 60.5000 mm): Footprint TP7
[footprint_symbol_field_mismatch]: 'Description' alanı farklı (Baskı Devre: '', Şematik: 'test point')
    Local override; warning
    @(80.7500 mm, 60.5000 mm): Footprint TP7
[footprint_symbol_mismatch]: Ayak izi nitelikleri sembolle eşleşmiyor: 'Malzeme listesinden hariç tut' ayarları farklı
    Local override; warning
    @(83.7500 mm, 60.5000 mm): Footprint TP8
[footprint_symbol_field_mismatch]: 'Description' alanı farklı (Baskı Devre: '', Şematik: 'test point')
    Local override; warning
    @(83.7500 mm, 60.5000 mm): Footprint TP8
[footprint_symbol_mismatch]: Ayak izi nitelikleri sembolle eşleşmiyor: 'Malzeme listesinden hariç tut' ayarları farklı
    Local override; warning
    @(86.7500 mm, 60.5000 mm): Footprint TP9
[footprint_symbol_field_mismatch]: 'Description' alanı farklı (Baskı Devre: '', Şematik: 'test point')
    Local override; warning
    @(86.7500 mm, 60.5000 mm): Footprint TP9
[footprint_symbol_mismatch]: Ayak izi nitelikleri sembolle eşleşmiyor: 'Malzeme listesinden hariç tut' ayarları farklı
    Local override; warning
    @(89.7500 mm, 62.0000 mm): Footprint TP10
[footprint_symbol_field_mismatch]: 'Description' alanı farklı (Baskı Devre: '', Şematik: 'test point')
    Local override; warning
    @(89.7500 mm, 62.0000 mm): Footprint TP10
[footprint_symbol_field_mismatch]: 'Datasheet' alanı farklı (Baskı Devre: '', Şematik: 'https://www.espressif.com/sites/default/files/documentation/esp32-c6-wroom-1_wroom-1u_datasheet_en.pdf')
    Local override; warning
    @(98.0000 mm, 36.0000 mm): Footprint U2
[net_conflict]: Ped ağı (Net-(U2-EN/CHIP_PU)), şematik tarafından verilen ağla (Net-(U2-EN{slash}CHIP_PU)) eşleşmiyor
    Local override; warning
    @(89.2500 mm, 30.2800 mm): Pad 3 [Net-(U2-EN/CHIP_PU)] of U2 on F.Cu
[net_conflict]: Ped ağı (Net-(U2-GPIO0/ADC1_CH0/XTAL_32K_P)), şematik tarafından verilen ağla (Net-(U2-GPIO0{slash}ADC1_CH0{slash}XTAL_32K_P)) eşleşmiyor
    Local override; warning
    @(89.2500 mm, 36.6300 mm): Pad 8 [Net-(U2-GPIO0/ADC1_CH0/XTAL_32K_P)] of U2 on F.Cu
[net_conflict]: Ped ağı (Net-(U2-GPIO12/USB_D-)), şematik tarafından verilen ağla (Net-(U2-GPIO12{slash}USB_D-)) eşleşmiyor
    Local override; warning
    @(89.2500 mm, 42.9800 mm): Pad 13 [Net-(U2-GPIO12/USB_D-)] of U2 on F.Cu
[net_conflict]: Ped ağı (Net-(U2-GPIO13/USB_D+)), şematik tarafından verilen ağla (Net-(U2-GPIO13{slash}USB_D+)) eşleşmiyor
    Local override; warning
    @(89.2500 mm, 44.2500 mm): Pad 14 [Net-(U2-GPIO13/USB_D+)] of U2 on F.Cu
[footprint_symbol_field_mismatch]: 'Datasheet' alanı farklı (Baskı Devre: '', Şematik: 'https://www.microcrystal.com/fileadmin/Media/Products/RTC/Datasheet/RV-3028-C7.pdf')
    Local override; warning
    @(85.0000 mm, 50.0000 mm): Footprint U4
[footprint_symbol_field_mismatch]: Ayak izinde eksik sembol alanı 'DesignNote'
    Local override; warning
    @(66.2500 mm, 57.5000 mm): Footprint C20
[footprint_symbol_field_mismatch]: Ayak izinde eksik sembol alanı 'DesignNote'
    Local override; warning
    @(66.2500 mm, 63.5000 mm): Footprint C21
[footprint_symbol_field_mismatch]: Ayak izinde eksik sembol alanı 'DesignNote'
    Local override; warning
    @(56.5000 mm, 57.5000 mm): Footprint C22
[footprint_symbol_field_mismatch]: Ayak izinde eksik sembol alanı 'MPN'
    Local override; warning
    @(70.0000 mm, 71.0000 mm): Footprint J3
[footprint_symbol_field_mismatch]: Ayak izinde eksik sembol alanı 'DesignNote'
    Local override; warning
    @(61.0000 mm, 61.0000 mm): Footprint L2
[footprint_symbol_field_mismatch]: 'Description' alanı farklı (Baskı Devre: '', Şematik: 'Resistor')
    Local override; warning
    @(59.5000 mm, 57.5000 mm): Footprint R28
[footprint_symbol_field_mismatch]: 'Description' alanı farklı (Baskı Devre: '', Şematik: 'Resistor')
    Local override; warning
    @(62.5000 mm, 57.5000 mm): Footprint R29
[footprint_symbol_field_mismatch]: 'Description' alanı farklı (Baskı Devre: '', Şematik: 'Resistor')
    Local override; warning
    @(56.5000 mm, 59.0000 mm): Footprint R34
[footprint_symbol_field_mismatch]: 'Description' alanı farklı (Baskı Devre: '', Şematik: 'Resistor')
    Local override; warning
    @(56.5000 mm, 60.5000 mm): Footprint R35
[footprint_symbol_field_mismatch]: 'Description' alanı farklı (Baskı Devre: '', Şematik: 'Resistor')
    Local override; warning
    @(56.5000 mm, 62.0000 mm): Footprint R36
[footprint_symbol_field_mismatch]: 'Description' alanı farklı (Baskı Devre: '', Şematik: 'Resistor')
    Local override; warning
    @(80.5000 mm, 62.7500 mm): Footprint R44
[footprint_symbol_field_mismatch]: 'Description' alanı farklı (Baskı Devre: '', Şematik: 'Resistor')
    Local override; warning
    @(56.5000 mm, 63.5000 mm): Footprint R45
[footprint_symbol_field_mismatch]: 'Description' alanı farklı (Baskı Devre: '', Şematik: 'Resistor')
    Local override; warning
    @(59.5000 mm, 64.2500 mm): Footprint R46
[footprint_symbol_field_mismatch]: 'Description' alanı farklı (Baskı Devre: '12mm incremental rotary encoder, 24 detents, 24 pulses; mechanical locating feature Y positions unresolved', Şematik: '12 mm incremental rotary encoder with SPST push switch')
    Local override; warning
    @(101.5000 mm, 50.0000 mm): Footprint SW3
[footprint_symbol_field_mismatch]: Ayak izinde eksik sembol alanı 'MPN'
    Local override; warning
    @(67.0000 mm, 60.5000 mm): Footprint U7
[footprint_symbol_field_mismatch]: Ayak izinde eksik sembol alanı 'MPN'
    Local override; warning
    @(75.0000 mm, 60.5000 mm): Footprint U8
[footprint_symbol_field_mismatch]: Ayak izinde eksik sembol alanı 'DesignNote'
    Local override; warning
    @(51.0000 mm, 40.0000 mm): Footprint C12
[footprint_symbol_field_mismatch]: Ayak izinde eksik sembol alanı 'DesignNote'
    Local override; warning
    @(56.2500 mm, 40.0000 mm): Footprint C13
[footprint_symbol_field_mismatch]: Ayak izinde eksik sembol alanı 'DesignNote'
    Local override; warning
    @(60.0000 mm, 40.0000 mm): Footprint C14
[footprint_symbol_field_mismatch]: Ayak izinde eksik sembol alanı 'DesignNote'
    Local override; warning
    @(63.7500 mm, 40.0000 mm): Footprint C15
[footprint_symbol_field_mismatch]: Ayak izinde eksik sembol alanı 'DesignNote'
    Local override; warning
    @(69.0000 mm, 40.0000 mm): Footprint C16
[footprint_symbol_field_mismatch]: Ayak izinde eksik sembol alanı 'DesignNote'
    Local override; warning
    @(72.7500 mm, 40.0000 mm): Footprint C17
[footprint_symbol_field_mismatch]: Ayak izinde eksik sembol alanı 'DesignNote'
    Local override; warning
    @(75.7500 mm, 40.0000 mm): Footprint C18
[footprint_symbol_field_mismatch]: Ayak izinde eksik sembol alanı 'DesignNote'
    Local override; warning
    @(60.0000 mm, 41.5000 mm): Footprint C19
[footprint_symbol_field_mismatch]: Ayak izinde eksik sembol alanı 'DesignNote'
    Local override; warning
    @(65.0000 mm, 53.5000 mm): Footprint D2
[footprint_symbol_field_mismatch]: Ayak izinde eksik sembol alanı 'DesignNote'
    Local override; warning
    @(69.0000 mm, 47.0000 mm): Footprint L1
[footprint_symbol_field_mismatch]: Ayak izinde eksik sembol alanı 'DesignNote'
    Local override; warning
    @(72.7500 mm, 41.5000 mm): Footprint R38
[footprint_symbol_field_mismatch]: Ayak izinde eksik sembol alanı 'DesignNote'
    Local override; warning
    @(75.7500 mm, 41.5000 mm): Footprint R39
[footprint_symbol_field_mismatch]: Ayak izinde eksik sembol alanı 'DesignNote'
    Local override; warning
    @(51.0000 mm, 43.0000 mm): Footprint R40
[footprint_symbol_field_mismatch]: Ayak izinde eksik sembol alanı 'DesignNote'
    Local override; warning
    @(54.0000 mm, 43.0000 mm): Footprint R41
[footprint_symbol_field_mismatch]: Ayak izinde eksik sembol alanı 'DesignNote'
    Local override; warning
    @(57.0000 mm, 43.0000 mm): Footprint R42
[footprint_symbol_field_mismatch]: Ayak izinde eksik sembol alanı 'DesignNote'
    Local override; warning
    @(51.0000 mm, 46.0000 mm): Footprint R43
[footprint_symbol_field_mismatch]: 'Datasheet' alanı farklı (Baskı Devre: '', Şematik: 'https://www.aosmd.com/res/datasheets/AOZ1284PI.pdf')
    Local override; warning
    @(59.0000 mm, 47.0000 mm): Footprint U5
[footprint_symbol_field_mismatch]: Ayak izinde eksik sembol alanı 'DesignNote'
    Local override; warning
    @(75.7500 mm, 44.5000 mm): Footprint U6
[footprint_symbol_field_mismatch]: 'Description' alanı farklı (Baskı Devre: '', Şematik: 'Unpolarized capacitor')
    Local override; warning
    @(53.2500 mm, 23.0000 mm): Footprint C11
[footprint_symbol_field_mismatch]: 'Description' alanı farklı (Baskı Devre: '', Şematik: 'Resistor')
    Local override; warning
    @(56.2500 mm, 23.0000 mm): Footprint R27
[footprint_symbol_field_mismatch]: 'Description' alanı farklı (Baskı Devre: '', Şematik: 'Resistor')
    Local override; warning
    @(55.0000 mm, 29.0000 mm): Footprint RShunt
[footprint_symbol_field_mismatch]: 'Datasheet' alanı farklı (Baskı Devre: '', Şematik: 'https://www.ti.com/lit/ds/symlink/ina228.pdf')
    Local override; warning
    @(63.0000 mm, 29.0000 mm): Footprint U3
[footprint_symbol_field_mismatch]: 'Description' alanı farklı (Baskı Devre: '', Şematik: 'DG142R right-angle 2-position terminal block, 5.08 mm pitch')
    Local override; warning
    @(70.0000 mm, 22.5000 mm): Footprint J4

** Ignored checks **
    - Footprint has no courtyard defined
    - Track endpoint not centered on via
    - Tuning profile track geometries
    - Footprint doesn't match symbol's footprint filters
    - Footprint component type doesn't match footprint pads

** End of Report **
