** Drc report for gopo.kicad_pcb **
** Created on 2026-09-25T10:30:09 **
** Report includes: Errors, Warnings **

** Found 128 DRC violations **
[silk_edge_clearance]: Silkscreen clipped by board edge
    Rule: board setup constraints silk; warning
    @(53.3000 mm, 69.4800 mm): Segment on Edge.Cuts
    @(71.2500 mm, 81.3500 mm): Segment of U2 on F.Silkscreen
[silk_edge_clearance]: Silkscreen clipped by board edge
    Rule: board setup constraints silk; warning
    @(53.3000 mm, 69.4800 mm): Segment on Edge.Cuts
    @(84.7500 mm, 64.4500 mm): Segment of U2 on F.Silkscreen
[text_thickness]: Text thickness out of range (board setup constraints silk text thickness min thickness 0.0800 mm; actual 0.0250 mm)
    Rule: board setup constraints silk text thickness; warning
    @(19.4350 mm, 98.1110 mm): Reference field of R29
[text_height]: Text height out of range (board setup constraints silk text height min height 0.8000 mm; actual 0.1000 mm)
    Rule: board setup constraints silk text height; warning
    @(19.4350 mm, 98.1110 mm): Reference field of R29
[text_thickness]: Text thickness out of range (board setup constraints silk text thickness min thickness 0.0800 mm; actual 0.0250 mm)
    Rule: board setup constraints silk text thickness; warning
    @(58.7100 mm, 77.0390 mm): Reference field of J7
[text_height]: Text height out of range (board setup constraints silk text height min height 0.8000 mm; actual 0.1000 mm)
    Rule: board setup constraints silk text height; warning
    @(58.7100 mm, 77.0390 mm): Reference field of J7
[text_thickness]: Text thickness out of range (board setup constraints silk text thickness min thickness 0.0800 mm; actual 0.0250 mm)
    Rule: board setup constraints silk text thickness; warning
    @(16.7620 mm, 98.6850 mm): Reference field of R28
[text_height]: Text height out of range (board setup constraints silk text height min height 0.8000 mm; actual 0.1000 mm)
    Rule: board setup constraints silk text height; warning
    @(16.7620 mm, 98.6850 mm): Reference field of R28
[text_thickness]: Text thickness out of range (board setup constraints silk text thickness min thickness 0.0800 mm; actual 0.0250 mm)
    Rule: board setup constraints silk text thickness; warning
    @(66.2070 mm, 150.1190 mm): Reference field of D1
[text_height]: Text height out of range (board setup constraints silk text height min height 0.8000 mm; actual 0.1000 mm)
    Rule: board setup constraints silk text height; warning
    @(66.2070 mm, 150.1190 mm): Reference field of D1
[text_thickness]: Text thickness out of range (board setup constraints silk text thickness min thickness 0.0800 mm; actual 0.0250 mm)
    Rule: board setup constraints silk text thickness; warning
    @(157.5880 mm, 102.9060 mm): Reference field of R1
[text_height]: Text height out of range (board setup constraints silk text height min height 0.8000 mm; actual 0.1000 mm)
    Rule: board setup constraints silk text height; warning
    @(157.5880 mm, 102.9060 mm): Reference field of R1
[text_thickness]: Text thickness out of range (board setup constraints silk text thickness min thickness 0.0800 mm; actual 0.0250 mm)
    Rule: board setup constraints silk text thickness; warning
    @(78.5400 mm, 18.8410 mm): Reference field of U6
[text_height]: Text height out of range (board setup constraints silk text height min height 0.8000 mm; actual 0.1000 mm)
    Rule: board setup constraints silk text height; warning
    @(78.5400 mm, 18.8410 mm): Reference field of U6
[text_thickness]: Text thickness out of range (board setup constraints silk text thickness min thickness 0.0800 mm; actual 0.0250 mm)
    Rule: board setup constraints silk text thickness; warning
    @(56.5160 mm, 152.0080 mm): Reference field of C2
[text_height]: Text height out of range (board setup constraints silk text height min height 0.8000 mm; actual 0.1000 mm)
    Rule: board setup constraints silk text height; warning
    @(56.5160 mm, 152.0080 mm): Reference field of C2
[text_thickness]: Text thickness out of range (board setup constraints silk text thickness min thickness 0.0800 mm; actual 0.0250 mm)
    Rule: board setup constraints silk text thickness; warning
    @(139.8650 mm, 142.2000 mm): Reference field of C21
[text_height]: Text height out of range (board setup constraints silk text height min height 0.8000 mm; actual 0.1000 mm)
    Rule: board setup constraints silk text height; warning
    @(139.8650 mm, 142.2000 mm): Reference field of C21
[text_thickness]: Text thickness out of range (board setup constraints silk text thickness min thickness 0.0800 mm; actual 0.0250 mm)
    Rule: board setup constraints silk text thickness; warning
    @(150.9120 mm, 92.5940 mm): Reference field of R3
[text_height]: Text height out of range (board setup constraints silk text height min height 0.8000 mm; actual 0.1000 mm)
    Rule: board setup constraints silk text height; warning
    @(150.9120 mm, 92.5940 mm): Reference field of R3
[text_thickness]: Text thickness out of range (board setup constraints silk text thickness min thickness 0.0800 mm; actual 0.0250 mm)
    Rule: board setup constraints silk text thickness; warning
    @(42.3490 mm, 115.1940 mm): Reference field of R35
[text_height]: Text height out of range (board setup constraints silk text height min height 0.8000 mm; actual 0.1000 mm)
    Rule: board setup constraints silk text height; warning
    @(42.3490 mm, 115.1940 mm): Reference field of R35
[text_thickness]: Text thickness out of range (board setup constraints silk text thickness min thickness 0.0800 mm; actual 0.0250 mm)
    Rule: board setup constraints silk text thickness; warning
    @(161.4100 mm, 18.6350 mm): Reference field of C11
[text_height]: Text height out of range (board setup constraints silk text height min height 0.8000 mm; actual 0.1000 mm)
    Rule: board setup constraints silk text height; warning
    @(161.4100 mm, 18.6350 mm): Reference field of C11
[text_thickness]: Text thickness out of range (board setup constraints silk text thickness min thickness 0.0800 mm; actual 0.0250 mm)
    Rule: board setup constraints silk text thickness; warning
    @(63.1840 mm, 150.1190 mm): Reference field of R14
[text_height]: Text height out of range (board setup constraints silk text height min height 0.8000 mm; actual 0.1000 mm)
    Rule: board setup constraints silk text height; warning
    @(63.1840 mm, 150.1190 mm): Reference field of R14
[text_thickness]: Text thickness out of range (board setup constraints silk text thickness min thickness 0.0800 mm; actual 0.0250 mm)
    Rule: board setup constraints silk text thickness; warning
    @(95.3810 mm, 25.0570 mm): Reference field of R41
[text_height]: Text height out of range (board setup constraints silk text height min height 0.8000 mm; actual 0.1000 mm)
    Rule: board setup constraints silk text height; warning
    @(95.3810 mm, 25.0570 mm): Reference field of R41
[text_thickness]: Text thickness out of range (board setup constraints silk text thickness min thickness 0.0800 mm; actual 0.0250 mm)
    Rule: board setup constraints silk text thickness; warning
    @(207.7080 mm, 98.3460 mm): Reference field of R24
[text_height]: Text height out of range (board setup constraints silk text height min height 0.8000 mm; actual 0.1000 mm)
    Rule: board setup constraints silk text height; warning
    @(207.7080 mm, 98.3460 mm): Reference field of R24
[text_thickness]: Text thickness out of range (board setup constraints silk text thickness min thickness 0.0800 mm; actual 0.0250 mm)
    Rule: board setup constraints silk text thickness; warning
    @(95.8410 mm, 18.7350 mm): Reference field of U5
[text_height]: Text height out of range (board setup constraints silk text height min height 0.8000 mm; actual 0.1000 mm)
    Rule: board setup constraints silk text height; warning
    @(95.8410 mm, 18.7350 mm): Reference field of U5
[text_thickness]: Text thickness out of range (board setup constraints silk text thickness min thickness 0.0800 mm; actual 0.0250 mm)
    Rule: board setup constraints silk text thickness; warning
    @(152.9590 mm, 106.0410 mm): Reference field of TP10
[text_height]: Text height out of range (board setup constraints silk text height min height 0.8000 mm; actual 0.1000 mm)
    Rule: board setup constraints silk text height; warning
    @(152.9590 mm, 106.0410 mm): Reference field of TP10
[text_thickness]: Text thickness out of range (board setup constraints silk text thickness min thickness 0.0800 mm; actual 0.0250 mm)
    Rule: board setup constraints silk text thickness; warning
    @(61.5655 mm, 146.0360 mm): Reference field of R12
[text_height]: Text height out of range (board setup constraints silk text height min height 0.8000 mm; actual 0.1000 mm)
    Rule: board setup constraints silk text height; warning
    @(61.5655 mm, 146.0360 mm): Reference field of R12
[text_thickness]: Text thickness out of range (board setup constraints silk text thickness min thickness 0.0800 mm; actual 0.0250 mm)
    Rule: board setup constraints silk text thickness; warning
    @(61.1820 mm, 155.1190 mm): Reference field of R8
[text_height]: Text height out of range (board setup constraints silk text height min height 0.8000 mm; actual 0.1000 mm)
    Rule: board setup constraints silk text height; warning
    @(61.1820 mm, 155.1190 mm): Reference field of R8
[text_thickness]: Text thickness out of range (board setup constraints silk text thickness min thickness 0.0800 mm; actual 0.0250 mm)
    Rule: board setup constraints silk text thickness; warning
    @(68.4840 mm, 139.3670 mm): Reference field of TP3
[text_height]: Text height out of range (board setup constraints silk text height min height 0.8000 mm; actual 0.1000 mm)
    Rule: board setup constraints silk text height; warning
    @(68.4840 mm, 139.3670 mm): Reference field of TP3
[text_thickness]: Text thickness out of range (board setup constraints silk text thickness min thickness 0.0800 mm; actual 0.0250 mm)
    Rule: board setup constraints silk text thickness; warning
    @(44.3790 mm, 115.1920 mm): Reference field of R36
[text_height]: Text height out of range (board setup constraints silk text height min height 0.8000 mm; actual 0.1000 mm)
    Rule: board setup constraints silk text height; warning
    @(44.3790 mm, 115.1920 mm): Reference field of R36
[text_thickness]: Text thickness out of range (board setup constraints silk text thickness min thickness 0.0800 mm; actual 0.0250 mm)
    Rule: board setup constraints silk text thickness; warning
    @(214.6788 mm, 124.6988 mm): Reference field of TP8
[text_height]: Text height out of range (board setup constraints silk text height min height 0.8000 mm; actual 0.1000 mm)
    Rule: board setup constraints silk text height; warning
    @(214.6788 mm, 124.6988 mm): Reference field of TP8
[text_thickness]: Text thickness out of range (board setup constraints silk text thickness min thickness 0.0800 mm; actual 0.0250 mm)
    Rule: board setup constraints silk text thickness; warning
    @(152.8320 mm, 85.5410 mm): Reference field of TP9
[text_height]: Text height out of range (board setup constraints silk text height min height 0.8000 mm; actual 0.1000 mm)
    Rule: board setup constraints silk text height; warning
    @(152.8320 mm, 85.5410 mm): Reference field of TP9
[text_thickness]: Text thickness out of range (board setup constraints silk text thickness min thickness 0.0800 mm; actual 0.0250 mm)
    Rule: board setup constraints silk text thickness; warning
    @(211.5862 mm, 124.6988 mm): Reference field of TP7
[text_height]: Text height out of range (board setup constraints silk text height min height 0.8000 mm; actual 0.1000 mm)
    Rule: board setup constraints silk text height; warning
    @(211.5862 mm, 124.6988 mm): Reference field of TP7
[text_thickness]: Text thickness out of range (board setup constraints silk text thickness min thickness 0.0800 mm; actual 0.0250 mm)
    Rule: board setup constraints silk text thickness; warning
    @(55.4920 mm, 146.3450 mm): Reference field of TH1
[text_height]: Text height out of range (board setup constraints silk text height min height 0.8000 mm; actual 0.1000 mm)
    Rule: board setup constraints silk text height; warning
    @(55.4920 mm, 146.3450 mm): Reference field of TH1
[text_thickness]: Text thickness out of range (board setup constraints silk text thickness min thickness 0.0800 mm; actual 0.0250 mm)
    Rule: board setup constraints silk text thickness; warning
    @(58.1350 mm, 148.1740 mm): Reference field of U1
[text_height]: Text height out of range (board setup constraints silk text height min height 0.8000 mm; actual 0.1000 mm)
    Rule: board setup constraints silk text height; warning
    @(58.1350 mm, 148.1740 mm): Reference field of U1
[text_thickness]: Text thickness out of range (board setup constraints silk text thickness min thickness 0.0800 mm; actual 0.0250 mm)
    Rule: board setup constraints silk text thickness; warning
    @(151.4350 mm, 145.0220 mm): Reference field of C20
[text_height]: Text height out of range (board setup constraints silk text height min height 0.8000 mm; actual 0.1000 mm)
    Rule: board setup constraints silk text height; warning
    @(151.4350 mm, 145.0220 mm): Reference field of C20
[text_thickness]: Text thickness out of range (board setup constraints silk text thickness min thickness 0.0800 mm; actual 0.0250 mm)
    Rule: board setup constraints silk text thickness; warning
    @(164.0410 mm, 102.0490 mm): Reference field of C6
[text_height]: Text height out of range (board setup constraints silk text height min height 0.8000 mm; actual 0.1000 mm)
    Rule: board setup constraints silk text height; warning
    @(164.0410 mm, 102.0490 mm): Reference field of C6
[text_thickness]: Text thickness out of range (board setup constraints silk text thickness min thickness 0.0800 mm; actual 0.0250 mm)
    Rule: board setup constraints silk text thickness; warning
    @(88.7600 mm, 23.4650 mm): Reference field of R40
[text_height]: Text height out of range (board setup constraints silk text height min height 0.8000 mm; actual 0.1000 mm)
    Rule: board setup constraints silk text height; warning
    @(88.7600 mm, 23.4650 mm): Reference field of R40
[text_thickness]: Text thickness out of range (board setup constraints silk text thickness min thickness 0.0800 mm; actual 0.0250 mm)
    Rule: board setup constraints silk text thickness; warning
    @(157.9140 mm, 102.0940 mm): Reference field of C7
[text_height]: Text height out of range (board setup constraints silk text height min height 0.8000 mm; actual 0.1000 mm)
    Rule: board setup constraints silk text height; warning
    @(157.9140 mm, 102.0940 mm): Reference field of C7
[text_thickness]: Text thickness out of range (board setup constraints silk text thickness min thickness 0.0800 mm; actual 0.0250 mm)
    Rule: board setup constraints silk text thickness; warning
    @(66.3380 mm, 143.9345 mm): Reference field of R13
[text_height]: Text height out of range (board setup constraints silk text height min height 0.8000 mm; actual 0.1000 mm)
    Rule: board setup constraints silk text height; warning
    @(66.3380 mm, 143.9345 mm): Reference field of R13
[text_thickness]: Text thickness out of range (board setup constraints silk text thickness min thickness 0.0800 mm; actual 0.0250 mm)
    Rule: board setup constraints silk text thickness; warning
    @(56.5120 mm, 155.1190 mm): Reference field of C1
[text_height]: Text height out of range (board setup constraints silk text height min height 0.8000 mm; actual 0.1000 mm)
    Rule: board setup constraints silk text height; warning
    @(56.5120 mm, 155.1190 mm): Reference field of C1
[text_thickness]: Text thickness out of range (board setup constraints silk text thickness min thickness 0.0800 mm; actual 0.0250 mm)
    Rule: board setup constraints silk text thickness; warning
    @(213.1190 mm, 115.5140 mm): Reference field of R6
[text_height]: Text height out of range (board setup constraints silk text height min height 0.8000 mm; actual 0.1000 mm)
    Rule: board setup constraints silk text height; warning
    @(213.1190 mm, 115.5140 mm): Reference field of R6
[text_thickness]: Text thickness out of range (board setup constraints silk text thickness min thickness 0.0800 mm; actual 0.0250 mm)
    Rule: board setup constraints silk text thickness; warning
    @(92.5540 mm, 27.3590 mm): Reference field of C19
[text_height]: Text height out of range (board setup constraints silk text height min height 0.8000 mm; actual 0.1000 mm)
    Rule: board setup constraints silk text height; warning
    @(92.5540 mm, 27.3590 mm): Reference field of C19
[text_thickness]: Text thickness out of range (board setup constraints silk text thickness min thickness 0.0800 mm; actual 0.0250 mm)
    Rule: board setup constraints silk text thickness; warning
    @(153.0860 mm, 94.8060 mm): Reference field of R2
[text_height]: Text height out of range (board setup constraints silk text height min height 0.8000 mm; actual 0.1000 mm)
    Rule: board setup constraints silk text height; warning
    @(153.0860 mm, 94.8060 mm): Reference field of R2
[text_thickness]: Text thickness out of range (board setup constraints silk text thickness min thickness 0.0800 mm; actual 0.0250 mm)
    Rule: board setup constraints silk text thickness; warning
    @(153.0880 mm, 91.4790 mm): Reference field of R37
[text_height]: Text height out of range (board setup constraints silk text height min height 0.8000 mm; actual 0.1000 mm)
    Rule: board setup constraints silk text height; warning
    @(153.0880 mm, 91.4790 mm): Reference field of R37
[text_thickness]: Text thickness out of range (board setup constraints silk text thickness min thickness 0.0800 mm; actual 0.0250 mm)
    Rule: board setup constraints silk text thickness; warning
    @(159.2720 mm, 17.9050 mm): Reference field of U3
[text_height]: Text height out of range (board setup constraints silk text height min height 0.8000 mm; actual 0.1000 mm)
    Rule: board setup constraints silk text height; warning
    @(159.2720 mm, 17.9050 mm): Reference field of U3
[text_thickness]: Text thickness out of range (board setup constraints silk text thickness min thickness 0.0800 mm; actual 0.0250 mm)
    Rule: board setup constraints silk text thickness; warning
    @(104.7900 mm, 22.8650 mm): Reference field of C17
[text_height]: Text height out of range (board setup constraints silk text height min height 0.8000 mm; actual 0.1000 mm)
    Rule: board setup constraints silk text height; warning
    @(104.7900 mm, 22.8650 mm): Reference field of C17
[text_thickness]: Text thickness out of range (board setup constraints silk text thickness min thickness 0.0800 mm; actual 0.0250 mm)
    Rule: board setup constraints silk text thickness; warning
    @(68.0840 mm, 155.1190 mm): Reference field of R9
[text_height]: Text height out of range (board setup constraints silk text height min height 0.8000 mm; actual 0.1000 mm)
    Rule: board setup constraints silk text height; warning
    @(68.0840 mm, 155.1190 mm): Reference field of R9
[text_thickness]: Text thickness out of range (board setup constraints silk text thickness min thickness 0.0800 mm; actual 0.0250 mm)
    Rule: board setup constraints silk text thickness; warning
    @(207.8587 mm, 124.4448 mm): Reference field of TP6
[text_height]: Text height out of range (board setup constraints silk text height min height 0.8000 mm; actual 0.1000 mm)
    Rule: board setup constraints silk text height; warning
    @(207.8587 mm, 124.4448 mm): Reference field of TP6
[text_thickness]: Text thickness out of range (board setup constraints silk text thickness min thickness 0.0800 mm; actual 0.0250 mm)
    Rule: board setup constraints silk text thickness; warning
    @(210.6510 mm, 109.9840 mm): Reference field of Q1
[text_height]: Text height out of range (board setup constraints silk text height min height 0.8000 mm; actual 0.1000 mm)
    Rule: board setup constraints silk text height; warning
    @(210.6510 mm, 109.9840 mm): Reference field of Q1
[text_thickness]: Text thickness out of range (board setup constraints silk text thickness min thickness 0.0800 mm; actual 0.0250 mm)
    Rule: board setup constraints silk text thickness; warning
    @(153.0880 mm, 98.6790 mm): Reference field of R16
[text_height]: Text height out of range (board setup constraints silk text height min height 0.8000 mm; actual 0.1000 mm)
    Rule: board setup constraints silk text height; warning
    @(153.0880 mm, 98.6790 mm): Reference field of R16
[text_thickness]: Text thickness out of range (board setup constraints silk text thickness min thickness 0.0800 mm; actual 0.0250 mm)
    Rule: board setup constraints silk text thickness; warning
    @(60.8160 mm, 155.8810 mm): Reference field of R21
[text_height]: Text height out of range (board setup constraints silk text height min height 0.8000 mm; actual 0.1000 mm)
    Rule: board setup constraints silk text height; warning
    @(60.8160 mm, 155.8810 mm): Reference field of R21
[text_thickness]: Text thickness out of range (board setup constraints silk text thickness min thickness 0.0800 mm; actual 0.0250 mm)
    Rule: board setup constraints silk text thickness; warning
    @(99.7530 mm, 24.8850 mm): Reference field of C14
[text_height]: Text height out of range (board setup constraints silk text height min height 0.8000 mm; actual 0.1000 mm)
    Rule: board setup constraints silk text height; warning
    @(99.7530 mm, 24.8850 mm): Reference field of C14
[text_thickness]: Text thickness out of range (board setup constraints silk text thickness min thickness 0.0800 mm; actual 0.0250 mm)
    Rule: board setup constraints silk text thickness; warning
    @(57.0160 mm, 148.1190 mm): Reference field of C4
[text_height]: Text height out of range (board setup constraints silk text height min height 0.8000 mm; actual 0.1000 mm)
    Rule: board setup constraints silk text height; warning
    @(57.0160 mm, 148.1190 mm): Reference field of C4
[text_thickness]: Text thickness out of range (board setup constraints silk text thickness min thickness 0.0800 mm; actual 0.0250 mm)
    Rule: board setup constraints silk text thickness; warning
    @(91.7620 mm, 24.8670 mm): Reference field of R39
[text_height]: Text height out of range (board setup constraints silk text height min height 0.8000 mm; actual 0.1000 mm)
    Rule: board setup constraints silk text height; warning
    @(91.7620 mm, 24.8670 mm): Reference field of R39
[text_thickness]: Text thickness out of range (board setup constraints silk text thickness min thickness 0.0800 mm; actual 0.0250 mm)
    Rule: board setup constraints silk text thickness; warning
    @(153.6290 mm, 14.2310 mm): Reference field of R27
[text_height]: Text height out of range (board setup constraints silk text height min height 0.8000 mm; actual 0.1000 mm)
    Rule: board setup constraints silk text height; warning
    @(153.6290 mm, 14.2310 mm): Reference field of R27
[text_thickness]: Text thickness out of range (board setup constraints silk text thickness min thickness 0.0800 mm; actual 0.0250 mm)
    Rule: board setup constraints silk text thickness; warning
    @(215.1510 mm, 109.9840 mm): Reference field of Q2
[text_height]: Text height out of range (board setup constraints silk text height min height 0.8000 mm; actual 0.1000 mm)
    Rule: board setup constraints silk text height; warning
    @(215.1510 mm, 109.9840 mm): Reference field of Q2
[text_thickness]: Text thickness out of range (board setup constraints silk text thickness min thickness 0.0800 mm; actual 0.0250 mm)
    Rule: board setup constraints silk text thickness; warning
    @(45.4840 mm, 139.2380 mm): Reference field of TP1
[text_height]: Text height out of range (board setup constraints silk text height min height 0.8000 mm; actual 0.1000 mm)
    Rule: board setup constraints silk text height; warning
    @(45.4840 mm, 139.2380 mm): Reference field of TP1
[text_thickness]: Text thickness out of range (board setup constraints silk text thickness min thickness 0.0800 mm; actual 0.0250 mm)
    Rule: board setup constraints silk text thickness; warning
    @(94.0340 mm, 23.6650 mm): Reference field of C18
[text_height]: Text height out of range (board setup constraints silk text height min height 0.8000 mm; actual 0.1000 mm)
    Rule: board setup constraints silk text height; warning
    @(94.0340 mm, 23.6650 mm): Reference field of C18
[text_thickness]: Text thickness out of range (board setup constraints silk text thickness min thickness 0.0800 mm; actual 0.0250 mm)
    Rule: board setup constraints silk text thickness; warning
    @(40.3190 mm, 115.1940 mm): Reference field of R34
[text_height]: Text height out of range (board setup constraints silk text height min height 0.8000 mm; actual 0.1000 mm)
    Rule: board setup constraints silk text height; warning
    @(40.3190 mm, 115.1940 mm): Reference field of R34
[text_thickness]: Text thickness out of range (board setup constraints silk text thickness min thickness 0.0800 mm; actual 0.0250 mm)
    Rule: board setup constraints silk text thickness; warning
    @(211.8810 mm, 93.4420 mm): Reference field of C9
[text_height]: Text height out of range (board setup constraints silk text height min height 0.8000 mm; actual 0.1000 mm)
    Rule: board setup constraints silk text height; warning
    @(211.8810 mm, 93.4420 mm): Reference field of C9
[text_thickness]: Text thickness out of range (board setup constraints silk text thickness min thickness 0.0800 mm; actual 0.0250 mm)
    Rule: board setup constraints silk text thickness; warning
    @(60.1805 mm, 133.6620 mm): Footprint text of TP5 (TP5)
[text_height]: Text height out of range (board setup constraints silk text height min height 0.8000 mm; actual 0.1000 mm)
    Rule: board setup constraints silk text height; warning
    @(60.1805 mm, 133.6620 mm): Footprint text of TP5 (TP5)
[text_thickness]: Text thickness out of range (board setup constraints silk text thickness min thickness 0.0800 mm; actual 0.0250 mm)
    Rule: board setup constraints silk text thickness; warning
    @(208.6190 mm, 115.5180 mm): Reference field of R5
[text_height]: Text height out of range (board setup constraints silk text height min height 0.8000 mm; actual 0.1000 mm)
    Rule: board setup constraints silk text height; warning
    @(208.6190 mm, 115.5180 mm): Reference field of R5
[text_thickness]: Text thickness out of range (board setup constraints silk text thickness min thickness 0.0800 mm; actual 0.0250 mm)
    Rule: board setup constraints silk text thickness; warning
    @(150.9120 mm, 87.2210 mm): Reference field of R15
[text_height]: Text height out of range (board setup constraints silk text height min height 0.8000 mm; actual 0.1000 mm)
    Rule: board setup constraints silk text height; warning
    @(150.9120 mm, 87.2210 mm): Reference field of R15
[text_thickness]: Text thickness out of range (board setup constraints silk text thickness min thickness 0.0800 mm; actual 0.0250 mm)
    Rule: board setup constraints silk text thickness; warning
    @(102.1440 mm, 20.7700 mm): Reference field of D2
[text_height]: Text height out of range (board setup constraints silk text height min height 0.8000 mm; actual 0.1000 mm)
    Rule: board setup constraints silk text height; warning
    @(102.1440 mm, 20.7700 mm): Reference field of D2
[text_thickness]: Text thickness out of range (board setup constraints silk text thickness min thickness 0.0800 mm; actual 0.0250 mm)
    Rule: board setup constraints silk text thickness; warning
    @(103.2600 mm, 24.6650 mm): Reference field of R38
[text_height]: Text height out of range (board setup constraints silk text height min height 0.8000 mm; actual 0.1000 mm)
    Rule: board setup constraints silk text height; warning
    @(103.2600 mm, 24.6650 mm): Reference field of R38
[text_thickness]: Text thickness out of range (board setup constraints silk text thickness min thickness 0.0800 mm; actual 0.0250 mm)
    Rule: board setup constraints silk text thickness; warning
    @(160.5570 mm, 106.7200 mm): Reference field of SW2
[text_height]: Text height out of range (board setup constraints silk text height min height 0.8000 mm; actual 0.1000 mm)
    Rule: board setup constraints silk text height; warning
    @(160.5570 mm, 106.7200 mm): Reference field of SW2
[text_thickness]: Text thickness out of range (board setup constraints silk text thickness min thickness 0.0800 mm; actual 0.0250 mm)
    Rule: board setup constraints silk text thickness; warning
    @(153.1170 mm, 90.0060 mm): Reference field of R10
[text_height]: Text height out of range (board setup constraints silk text height min height 0.8000 mm; actual 0.1000 mm)
    Rule: board setup constraints silk text height; warning
    @(153.1170 mm, 90.0060 mm): Reference field of R10
[text_thickness]: Text thickness out of range (board setup constraints silk text thickness min thickness 0.0800 mm; actual 0.0250 mm)
    Rule: board setup constraints silk text thickness; warning
    @(53.6110 mm, 134.6110 mm): Reference field of TP2
[text_height]: Text height out of range (board setup constraints silk text height min height 0.8000 mm; actual 0.1000 mm)
    Rule: board setup constraints silk text height; warning
    @(53.6110 mm, 134.6110 mm): Reference field of TP2
[text_thickness]: Text thickness out of range (board setup constraints silk text thickness min thickness 0.0800 mm; actual 0.0250 mm)
    Rule: board setup constraints silk text thickness; warning
    @(207.9820 mm, 107.1190 mm): Reference field of R4
[text_height]: Text height out of range (board setup constraints silk text height min height 0.8000 mm; actual 0.1000 mm)
    Rule: board setup constraints silk text height; warning
    @(207.9820 mm, 107.1190 mm): Reference field of R4
[text_thickness]: Text thickness out of range (board setup constraints silk text thickness min thickness 0.0800 mm; actual 0.0250 mm)
    Rule: board setup constraints silk text thickness; warning
    @(160.1260 mm, 113.4400 mm): Reference field of SW1
[text_height]: Text height out of range (board setup constraints silk text height min height 0.8000 mm; actual 0.1000 mm)
    Rule: board setup constraints silk text height; warning
    @(160.1260 mm, 113.4400 mm): Reference field of SW1
[text_thickness]: Text thickness out of range (board setup constraints silk text thickness min thickness 0.0800 mm; actual 0.0250 mm)
    Rule: board setup constraints silk text thickness; warning
    @(52.7620 mm, 150.1430 mm): Reference field of TP4
[text_height]: Text height out of range (board setup constraints silk text height min height 0.8000 mm; actual 0.1000 mm)
    Rule: board setup constraints silk text height; warning
    @(52.7620 mm, 150.1430 mm): Reference field of TP4
[text_thickness]: Text thickness out of range (board setup constraints silk text thickness min thickness 0.0800 mm; actual 0.0250 mm)
    Rule: board setup constraints silk text thickness; warning
    @(212.4860 mm, 107.1190 mm): Reference field of R7
[text_height]: Text height out of range (board setup constraints silk text height min height 0.8000 mm; actual 0.1000 mm)
    Rule: board setup constraints silk text height; warning
    @(212.4860 mm, 107.1190 mm): Reference field of R7

** Found 360 unconnected pads **
[unconnected_items]: Missing connection between items
    Local override; error
    @(108.5950 mm, 21.7150 mm): Pad 1 [/USB_PD_CONTROLLER/SRC_COMMON] of Q5 on F.Cu
    @(108.4500 mm, 24.5000 mm): Pad 2 [/USB_PD_CONTROLLER/SRC_COMMON] of D6 on F.Cu
[unconnected_items]: Missing connection between items
    Local override; error
    @(111.1350 mm, 21.7150 mm): Pad 3 [/USB_PD_CONTROLLER/SRC_COMMON] of Q5 on F.Cu
    @(108.5950 mm, 21.7150 mm): Pad 1 [/USB_PD_CONTROLLER/SRC_COMMON] of Q5 on F.Cu
[unconnected_items]: Missing connection between items
    Local override; error
    @(116.0625 mm, 20.7500 mm): Pad 2 [/USB_PD_CONTROLLER/SRC_COMMON] of U12 on F.Cu
    @(111.1350 mm, 21.7150 mm): Pad 3 [/USB_PD_CONTROLLER/SRC_COMMON] of Q5 on F.Cu
[unconnected_items]: Missing connection between items
    Local override; error
    @(118.9375 mm, 21.7500 mm): Pad 9 [/USB_PD_CONTROLLER/SRC_COMMON] of U12 on F.Cu
    @(116.0625 mm, 20.7500 mm): Pad 2 [/USB_PD_CONTROLLER/SRC_COMMON] of U12 on F.Cu
[unconnected_items]: Missing connection between items
    Local override; error
    @(105.1500 mm, 24.5000 mm): Pad 1 [/USB_PD_CONTROLLER/GATE_DRV] of D6 on F.Cu
    @(106.2900 mm, 27.2000 mm): Pad 1 [/USB_PD_CONTROLLER/GATE_DRV] of R54 on F.Cu
[unconnected_items]: Missing connection between items
    Local override; error
    @(109.8650 mm, 21.7150 mm): Pad 2 [/USB_PD_CONTROLLER/GATE_DRV] of Q5 on F.Cu
    @(105.1500 mm, 24.5000 mm): Pad 1 [/USB_PD_CONTROLLER/GATE_DRV] of D6 on F.Cu
[unconnected_items]: Missing connection between items
    Local override; error
    @(118.9375 mm, 22.2500 mm): Pad 8 [/USB_PD_CONTROLLER/GATE_DRV] of U12 on F.Cu
    @(109.8650 mm, 21.7150 mm): Pad 2 [/USB_PD_CONTROLLER/GATE_DRV] of Q5 on F.Cu
[unconnected_items]: Missing connection between items
    Local override; error
    @(112.4050 mm, 21.7150 mm): Pad 4 [/USB_PD_CONTROLLER/DGATE] of Q5 on F.Cu
    @(116.0625 mm, 20.2500 mm): Pad 1 [/USB_PD_CONTROLLER/DGATE] of U12 on F.Cu
[unconnected_items]: Missing connection between items
    Local override; error
    @(112.7725 mm, 19.0000 mm): Pad 5 [/USB_PD_CONTROLLER/SW_OUT] of Q5 on F.Cu
    @(118.9375 mm, 20.2500 mm): Pad 12 [/USB_PD_CONTROLLER/SW_OUT] of U12 on F.Cu
[unconnected_items]: Missing connection between items
    Local override; error
    @(118.9375 mm, 20.2500 mm): Pad 12 [/USB_PD_CONTROLLER/SW_OUT] of U12 on F.Cu
    @(154.0375 mm, 21.5000 mm): Pad 1 [/USB_PD_CONTROLLER/SW_OUT] of RShunt1 on B.Cu
[unconnected_items]: Missing connection between items
    Local override; error
    @(154.0375 mm, 21.5000 mm): Pad 1 [/USB_PD_CONTROLLER/SW_OUT] of RShunt1 on B.Cu
    @(156.7500 mm, 18.1500 mm): Pad 10 [/USB_PD_CONTROLLER/SW_OUT] of U3 on B.Cu
[unconnected_items]: Missing connection between items
    Local override; error
    @(198.5000 mm, 21.6750 mm): Pad 1 [/USB_PD_CONTROLLER/SW_OUT] of R66 on F.Cu
    @(156.7500 mm, 18.1500 mm): Pad 10 [/USB_PD_CONTROLLER/SW_OUT] of U3 on B.Cu
[unconnected_items]: Missing connection between items
    Local override; error
    @(54.9625 mm, 140.0000 mm): Pad 2 [/USB_PD_CONTROLLER/PD_VBUS_SENSED] of R11 on B.Cu
    @(54.5000 mm, 135.5000 mm): Pad 1 [/USB_PD_CONTROLLER/PD_VBUS_SENSED] of TP2 on B.Cu
[unconnected_items]: Missing connection between items
    Local override; error
    @(57.2275 mm, 140.0000 mm): Pad 7 [/USB_PD_CONTROLLER/PD_VBUS_SENSED] of Q3 on B.Cu
    @(54.9625 mm, 140.0000 mm): Pad 2 [/USB_PD_CONTROLLER/PD_VBUS_SENSED] of R11 on B.Cu
[unconnected_items]: Missing connection between items
    Local override; error
    @(57.2850 mm, 142.8700 mm): Pad 7 [/USB_PD_CONTROLLER/PD_VBUS_SENSED] of Q3 on B.Cu
    @(52.4500 mm, 145.0000 mm): Pad 1 [/USB_PD_CONTROLLER/PD_VBUS_SENSED] of C3 on B.Cu
[unconnected_items]: Missing connection between items
    Local override; error
    @(57.2850 mm, 142.8700 mm): Pad 7 [/USB_PD_CONTROLLER/PD_VBUS_SENSED] of Q3 on B.Cu
    @(61.2500 mm, 148.5375 mm): Pad 24 [/USB_PD_CONTROLLER/PD_VBUS_SENSED] of U1 on B.Cu
[unconnected_items]: Missing connection between items
    Local override; error
    @(111.0000 mm, 28.0100 mm): Pad 1 [/USB_PD_CONTROLLER/PD_VBUS_SENSED] of R55 on F.Cu
    @(108.2275 mm, 19.0000 mm): Pad 7 [/USB_PD_CONTROLLER/PD_VBUS_SENSED] of Q5 on F.Cu
[unconnected_items]: Missing connection between items
    Local override; error
    @(111.0000 mm, 28.0100 mm): Pad 1 [/USB_PD_CONTROLLER/PD_VBUS_SENSED] of R55 on F.Cu
    @(54.5000 mm, 135.5000 mm): Pad 1 [/USB_PD_CONTROLLER/PD_VBUS_SENSED] of TP2 on B.Cu
[unconnected_items]: Missing connection between items
    Local override; error
    @(106.3200 mm, 29.4000 mm): Pad 1 [Net-(C30-Pad1)] of C30 on F.Cu
    @(107.3100 mm, 27.2000 mm): Pad 2 [Net-(C30-Pad1)] of R54 on F.Cu
[unconnected_items]: Missing connection between items
    Local override; error
    @(18.8000 mm, 99.5100 mm): Pad 2 [GND] of R29 on F.Cu
    @(21.0625 mm, 99.9500 mm): Pad 2 [GND] of Q7 on F.Cu
[unconnected_items]: Missing connection between items
    Local override; error
    @(21.0625 mm, 99.9500 mm): Pad 2 [GND] of Q7 on F.Cu
    @(28.4900 mm, 80.9000 mm): Pad 2 [GND] of R63 on B.Cu
[unconnected_items]: Missing connection between items
    Local override; error
    @(28.4900 mm, 80.9000 mm): Pad 2 [GND] of R63 on B.Cu
    @(31.6000 mm, 80.9000 mm): Pad 2 [GND] of D9 on B.Cu
[unconnected_items]: Missing connection between items
    Local override; error
    @(31.6000 mm, 74.0000 mm): Pad 2 [GND] of D8 on B.Cu
    @(28.4900 mm, 74.0000 mm): Pad 2 [GND] of R62 on B.Cu
[unconnected_items]: Missing connection between items
    Local override; error
    @(31.6000 mm, 74.0000 mm): Pad 2 [GND] of D8 on B.Cu
    @(33.8375 mm, 77.3000 mm): Pad 2 [GND] of U10 on B.Cu
[unconnected_items]: Missing connection between items
    Local override; error
    @(33.8375 mm, 77.3000 mm): Pad 2 [GND] of U10 on B.Cu
    @(31.6000 mm, 80.9000 mm): Pad 2 [GND] of D9 on B.Cu
[unconnected_items]: Missing connection between items
    Local override; error
    @(40.0000 mm, 89.1500 mm): Pad 2 [GND] of D3 on B.Cu
    @(31.6000 mm, 80.9000 mm): Pad 2 [GND] of D9 on B.Cu
[unconnected_items]: Missing connection between items
    Local override; error
    @(50.5500 mm, 145.0000 mm): Pad 2 [GND] of C3 on B.Cu
    @(56.0000 mm, 145.7100 mm): Pad 1 [GND] of TH1 on B.Cu
[unconnected_items]: Missing connection between items
    Local override; error
    @(52.9000 mm, 78.1800 mm): PTH pad SH [GND] of J7
    @(57.0800 mm, 78.1800 mm): PTH pad SH [GND] of J7
[unconnected_items]: Missing connection between items
    Local override; error
    @(52.9000 mm, 86.8200 mm): PTH pad SH [GND] of J7
    @(40.0000 mm, 89.1500 mm): Pad 2 [GND] of D3 on B.Cu
[unconnected_items]: Missing connection between items
    Local override; error
    @(55.9800 mm, 151.5000 mm): Pad 2 [GND] of C2 on B.Cu
    @(56.4800 mm, 148.5000 mm): Pad 2 [GND] of C4 on B.Cu
[unconnected_items]: Missing connection between items
    Local override; error
    @(56.0000 mm, 145.7100 mm): Pad 1 [GND] of TH1 on B.Cu
    @(56.4800 mm, 148.5000 mm): Pad 2 [GND] of C4 on B.Cu
[unconnected_items]: Missing connection between items
    Local override; error
    @(56.4800 mm, 148.5000 mm): Pad 2 [GND] of C4 on B.Cu
    @(60.0000 mm, 150.5000 mm): Pad 25 [GND] of U1 on B.Cu
[unconnected_items]: Missing connection between items
    Local override; error
    @(56.8000 mm, 11.0000 mm): Pad 2 [GND] of C29 on B.Cu
    @(58.0250 mm, 19.0000 mm): Pad 2 [GND] of C25 on B.Cu
[unconnected_items]: Missing connection between items
    Local override; error
    @(57.0800 mm, 86.8200 mm): PTH pad SH [GND] of J7
    @(52.9000 mm, 86.8200 mm): PTH pad SH [GND] of J7
[unconnected_items]: Missing connection between items
    Local override; error
    @(57.6550 mm, 79.3000 mm): Pad B12 [GND] of J7 on F.Cu
    @(57.0800 mm, 78.1800 mm): PTH pad SH [GND] of J7
[unconnected_items]: Missing connection between items
    Local override; error
    @(57.6550 mm, 79.3000 mm): Pad B12 [GND] of J7 on F.Cu
    @(72.1000 mm, 79.6000 mm): Pad 11 [GND] of U2 on F.Cu
[unconnected_items]: Missing connection between items
    Local override; error
    @(57.6550 mm, 85.7000 mm): Pad B1 [GND] of J7 on F.Cu
    @(57.0800 mm, 86.8200 mm): PTH pad SH [GND] of J7
[unconnected_items]: Missing connection between items
    Local override; error
    @(57.6550 mm, 85.7000 mm): Pad B1 [GND] of J7 on F.Cu
    @(57.6550 mm, 79.3000 mm): Pad B12 [GND] of J7 on F.Cu
[unconnected_items]: Missing connection between items
    Local override; error
    @(57.9800 mm, 155.5000 mm): Pad 2 [GND] of C1 on B.Cu
    @(59.2900 mm, 155.5000 mm): Pad 1 [GND] of R21 on B.Cu
[unconnected_items]: Missing connection between items
    Local override; error
    @(57.9800 mm, 155.5000 mm): Pad 2 [GND] of C1 on B.Cu
    @(55.9800 mm, 151.5000 mm): Pad 2 [GND] of C2 on B.Cu
[unconnected_items]: Missing connection between items
    Local override; error
    @(58.0000 mm, 94.2000 mm): PTH pad 2 [GND] of J9
    @(57.0800 mm, 86.8200 mm): PTH pad SH [GND] of J7
[unconnected_items]: Missing connection between items
    Local override; error
    @(58.0000 mm, 106.8000 mm): PTH pad 5 [GND] of J9
    @(58.0000 mm, 94.2000 mm): PTH pad 2 [GND] of J9
[unconnected_items]: Missing connection between items
    Local override; error
    @(58.0250 mm, 19.0000 mm): Pad 2 [GND] of C25 on B.Cu
    @(62.9900 mm, 19.0000 mm): Pad 2 [GND] of R47 on B.Cu
[unconnected_items]: Missing connection between items
    Local override; error
    @(60.0000 mm, 150.5000 mm): Pad 25 [GND] of U1 on B.Cu
    @(61.9625 mm, 150.2500 mm): Pad 3 [GND] of U1 on B.Cu
[unconnected_items]: Missing connection between items
    Local override; error
    @(62.9200 mm, 27.3000 mm): Pad 2 [GND] of C24 on B.Cu
    @(60.4900 mm, 27.3000 mm): Pad 2 [GND] of R49 on B.Cu
[unconnected_items]: Missing connection between items
    Local override; error
    @(62.9900 mm, 19.0000 mm): Pad 2 [GND] of R47 on B.Cu
    @(66.9875 mm, 19.0400 mm): Pad 13 [GND] of U11 on B.Cu
[unconnected_items]: Missing connection between items
    Local override; error
    @(65.5000 mm, 141.4750 mm): Pad 2 [GND] of C8 on B.Cu
    @(58.0000 mm, 106.8000 mm): PTH pad 5 [GND] of J9
[unconnected_items]: Missing connection between items
    Local override; error
    @(66.9875 mm, 19.0400 mm): Pad 13 [GND] of U11 on B.Cu
    @(66.9875 mm, 18.3900 mm): Pad 14 [GND] of U11 on B.Cu
[unconnected_items]: Missing connection between items
    Local override; error
    @(66.9875 mm, 19.6900 mm): Pad 12 [GND] of U11 on B.Cu
    @(66.9875 mm, 19.0400 mm): Pad 13 [GND] of U11 on B.Cu
[unconnected_items]: Missing connection between items
    Local override; error
    @(66.9875 mm, 20.3400 mm): Pad 11 [GND] of U11 on B.Cu
    @(66.9875 mm, 19.6900 mm): Pad 12 [GND] of U11 on B.Cu
[unconnected_items]: Missing connection between items
    Local override; error
    @(67.3100 mm, 155.5000 mm): Pad 2 [GND] of R65 on B.Cu
    @(67.6850 mm, 150.5000 mm): Pad 1 [GND] of D1 on B.Cu
[unconnected_items]: Missing connection between items
    Local override; error
    @(67.6850 mm, 150.5000 mm): Pad 1 [GND] of D1 on B.Cu
    @(61.9625 mm, 150.2500 mm): Pad 3 [GND] of U1 on B.Cu
[unconnected_items]: Missing connection between items
    Local override; error
    @(67.6850 mm, 150.5000 mm): Pad 1 [GND] of D1 on B.Cu
    @(65.5000 mm, 141.4750 mm): Pad 2 [GND] of C8 on B.Cu
[unconnected_items]: Missing connection between items
    Local override; error
    @(68.7500 mm, 20.3400 mm): PTH pad 15 [GND] of U11
    @(66.9875 mm, 20.3400 mm): Pad 11 [GND] of U11 on B.Cu
[unconnected_items]: Missing connection between items
    Local override; error
    @(68.7500 mm, 22.5400 mm): PTH pad 15 [GND] of U11
    @(62.9200 mm, 27.3000 mm): Pad 2 [GND] of C24 on B.Cu
[unconnected_items]: Missing connection between items
    Local override; error
    @(70.9500 mm, 18.1400 mm): PTH pad 15 [GND] of U11
    @(75.5200 mm, 16.7000 mm): Pad 2 [GND] of C26 on B.Cu
[unconnected_items]: Missing connection between items
    Local override; error
    @(70.9500 mm, 21.4400 mm): PTH pad 15 [GND] of U11
    @(72.7125 mm, 21.6400 mm): Pad 6 [GND] of U11 on B.Cu
[unconnected_items]: Missing connection between items
    Local override; error
    @(70.9500 mm, 22.5400 mm): PTH pad 15 [GND] of U11
    @(71.5200 mm, 25.1000 mm): Pad 2 [GND] of C23 on B.Cu
[unconnected_items]: Missing connection between items
    Local override; error
    @(72.0500 mm, 70.6500 mm): Pad 53 [GND] of U2 on F.Cu
    @(72.1000 mm, 71.6000 mm): Pad 1 [GND] of U2 on F.Cu
[unconnected_items]: Missing connection between items
    Local override; error
    @(72.0500 mm, 70.6500 mm): Pad 53 [GND] of U2 on F.Cu
    @(73.2000 mm, 70.7000 mm): Pad 48 [GND] of U2 on F.Cu
[unconnected_items]: Missing connection between items
    Local override; error
    @(72.0500 mm, 80.5500 mm): Pad 52 [GND] of U2 on F.Cu
    @(74.8000 mm, 80.5000 mm): Pad 14 [GND] of U2 on F.Cu
[unconnected_items]: Missing connection between items
    Local override; error
    @(72.1000 mm, 71.6000 mm): Pad 1 [GND] of U2 on F.Cu
    @(72.1000 mm, 72.4000 mm): Pad 2 [GND] of U2 on F.Cu
[unconnected_items]: Missing connection between items
    Local override; error
    @(72.1000 mm, 79.6000 mm): Pad 11 [GND] of U2 on F.Cu
    @(72.0500 mm, 80.5500 mm): Pad 52 [GND] of U2 on F.Cu
[unconnected_items]: Missing connection between items
    Local override; error
    @(72.7125 mm, 21.6400 mm): Pad 6 [GND] of U11 on B.Cu
    @(72.7125 mm, 22.2900 mm): Pad 7 [GND] of U11 on B.Cu
[unconnected_items]: Missing connection between items
    Local override; error
    @(72.7125 mm, 22.2900 mm): Pad 7 [GND] of U11 on B.Cu
    @(75.8000 mm, 21.9750 mm): Pad 2 [GND] of C27 on B.Cu
[unconnected_items]: Missing connection between items
    Local override; error
    @(74.0000 mm, 70.7000 mm): Pad 47 [GND] of U2 on F.Cu
    @(73.2000 mm, 70.7000 mm): Pad 48 [GND] of U2 on F.Cu
[unconnected_items]: Missing connection between items
    Local override; error
    @(74.8000 mm, 70.7000 mm): Pad 46 [GND] of U2 on F.Cu
    @(74.0000 mm, 70.7000 mm): Pad 47 [GND] of U2 on F.Cu
[unconnected_items]: Missing connection between items
    Local override; error
    @(74.8000 mm, 70.7000 mm): Pad 46 [GND] of U2 on F.Cu
    @(75.6000 mm, 70.7000 mm): Pad 45 [GND] of U2 on F.Cu
[unconnected_items]: Missing connection between items
    Local override; error
    @(74.8000 mm, 80.5000 mm): Pad 14 [GND] of U2 on F.Cu
    @(76.0250 mm, 77.5750 mm): Pad 49 [GND] of U2 on F.Cu
[unconnected_items]: Missing connection between items
    Local override; error
    @(75.5200 mm, 16.7000 mm): Pad 2 [GND] of C26 on B.Cu
    @(82.1000 mm, 12.7000 mm): Pad 2 [GND] of C15 on B.Cu
[unconnected_items]: Missing connection between items
    Local override; error
    @(75.6000 mm, 70.7000 mm): Pad 45 [GND] of U2 on F.Cu
    @(76.4000 mm, 70.7000 mm): Pad 44 [GND] of U2 on F.Cu
[unconnected_items]: Missing connection between items
    Local override; error
    @(75.8000 mm, 21.9750 mm): Pad 2 [GND] of C27 on B.Cu
    @(79.1900 mm, 24.0000 mm): Pad 2 [GND] of R51 on B.Cu
[unconnected_items]: Missing connection between items
    Local override; error
    @(76.0250 mm, 75.6000 mm): Pad 49 [GND] of U2 on F.Cu
    @(76.0250 mm, 77.5750 mm): Pad 49 [GND] of U2 on F.Cu
[unconnected_items]: Missing connection between items
    Local override; error
    @(76.0250 mm, 75.6000 mm): Pad 49 [GND] of U2 on F.Cu
    @(78.0000 mm, 75.6000 mm): Pad 49 [GND] of U2 on F.Cu
[unconnected_items]: Missing connection between items
    Local override; error
    @(76.4000 mm, 70.7000 mm): Pad 44 [GND] of U2 on F.Cu
    @(77.2000 mm, 70.7000 mm): Pad 43 [GND] of U2 on F.Cu
[unconnected_items]: Missing connection between items
    Local override; error
    @(77.2000 mm, 70.7000 mm): Pad 43 [GND] of U2 on F.Cu
    @(78.0000 mm, 70.7000 mm): Pad 42 [GND] of U2 on F.Cu
[unconnected_items]: Missing connection between items
    Local override; error
    @(78.0000 mm, 70.7000 mm): Pad 42 [GND] of U2 on F.Cu
    @(78.8000 mm, 70.7000 mm): Pad 41 [GND] of U2 on F.Cu
[unconnected_items]: Missing connection between items
    Local override; error
    @(78.0000 mm, 73.6250 mm): Pad 49 [GND] of U2 on F.Cu
    @(76.0250 mm, 73.6250 mm): Pad 49 [GND] of U2 on F.Cu
[unconnected_items]: Missing connection between items
    Local override; error
    @(78.0000 mm, 73.6250 mm): Pad 49 [GND] of U2 on F.Cu
    @(78.0000 mm, 70.7000 mm): Pad 42 [GND] of U2 on F.Cu
[unconnected_items]: Missing connection between items
    Local override; error
    @(78.0000 mm, 75.6000 mm): Pad 49 [GND] of U2 on F.Cu
    @(78.0000 mm, 73.6250 mm): Pad 49 [GND] of U2 on F.Cu
[unconnected_items]: Missing connection between items
    Local override; error
    @(78.0000 mm, 77.5750 mm): Pad 49 [GND] of U2 on F.Cu
    @(76.0250 mm, 77.5750 mm): Pad 49 [GND] of U2 on F.Cu
[unconnected_items]: Missing connection between items
    Local override; error
    @(78.8000 mm, 70.7000 mm): Pad 41 [GND] of U2 on F.Cu
    @(79.6000 mm, 70.7000 mm): Pad 40 [GND] of U2 on F.Cu
[unconnected_items]: Missing connection between items
    Local override; error
    @(79.6000 mm, 70.7000 mm): Pad 40 [GND] of U2 on F.Cu
    @(80.4000 mm, 70.7000 mm): Pad 39 [GND] of U2 on F.Cu
[unconnected_items]: Missing connection between items
    Local override; error
    @(79.9350 mm, 21.9375 mm): Pad 3 [GND] of U6 on B.Cu
    @(79.1900 mm, 24.0000 mm): Pad 2 [GND] of R51 on B.Cu
[unconnected_items]: Missing connection between items
    Local override; error
    @(79.9750 mm, 73.6250 mm): Pad 49 [GND] of U2 on F.Cu
    @(79.9750 mm, 75.6000 mm): Pad 49 [GND] of U2 on F.Cu
[unconnected_items]: Missing connection between items
    Local override; error
    @(79.9750 mm, 75.6000 mm): Pad 49 [GND] of U2 on F.Cu
    @(78.0000 mm, 75.6000 mm): Pad 49 [GND] of U2 on F.Cu
[unconnected_items]: Missing connection between items
    Local override; error
    @(79.9750 mm, 77.5750 mm): Pad 49 [GND] of U2 on F.Cu
    @(78.0000 mm, 77.5750 mm): Pad 49 [GND] of U2 on F.Cu
[unconnected_items]: Missing connection between items
    Local override; error
    @(80.4000 mm, 70.7000 mm): Pad 39 [GND] of U2 on F.Cu
    @(80.5250 mm, 29.0000 mm): Pad 2 [GND] of C28 on B.Cu
[unconnected_items]: Missing connection between items
    Local override; error
    @(80.5250 mm, 29.0000 mm): Pad 2 [GND] of C28 on B.Cu
    @(79.1900 mm, 24.0000 mm): Pad 2 [GND] of R51 on B.Cu
[unconnected_items]: Missing connection between items
    Local override; error
    @(81.2000 mm, 70.7000 mm): Pad 38 [GND] of U2 on F.Cu
    @(82.0000 mm, 70.7000 mm): Pad 37 [GND] of U2 on F.Cu
[unconnected_items]: Missing connection between items
    Local override; error
    @(81.2000 mm, 70.7000 mm): Pad 38 [GND] of U2 on F.Cu
    @(80.4000 mm, 70.7000 mm): Pad 39 [GND] of U2 on F.Cu
[unconnected_items]: Missing connection between items
    Local override; error
    @(82.0000 mm, 70.7000 mm): Pad 37 [GND] of U2 on F.Cu
    @(82.8000 mm, 70.7000 mm): Pad 36 [GND] of U2 on F.Cu
[unconnected_items]: Missing connection between items
    Local override; error
    @(82.8000 mm, 70.7000 mm): Pad 36 [GND] of U2 on F.Cu
    @(83.9500 mm, 70.6500 mm): Pad 50 [GND] of U2 on F.Cu
[unconnected_items]: Missing connection between items
    Local override; error
    @(83.9500 mm, 80.5500 mm): Pad 51 [GND] of U2 on F.Cu
    @(79.9750 mm, 77.5750 mm): Pad 49 [GND] of U2 on F.Cu
[unconnected_items]: Missing connection between items
    Local override; error
    @(83.9500 mm, 80.5500 mm): Pad 51 [GND] of U2 on F.Cu
    @(98.0000 mm, 102.0500 mm): Pad 30 [GND] of J3 on F.Cu
[unconnected_items]: Missing connection between items
    Local override; error
    @(87.4900 mm, 24.1000 mm): Pad 2 [GND] of R40 on B.Cu
    @(88.6150 mm, 19.4350 mm): Pad 2 [GND] of C13 on B.Cu
[unconnected_items]: Missing connection between items
    Local override; error
    @(87.4900 mm, 24.1000 mm): Pad 2 [GND] of R40 on B.Cu
    @(79.9350 mm, 21.9375 mm): Pad 3 [GND] of U6 on B.Cu
[unconnected_items]: Missing connection between items
    Local override; error
    @(88.6150 mm, 19.4350 mm): Pad 2 [GND] of C13 on B.Cu
    @(92.3000 mm, 19.4350 mm): Pad 2 [GND] of C12 on B.Cu
[unconnected_items]: Missing connection between items
    Local override; error
    @(92.3000 mm, 19.4350 mm): Pad 2 [GND] of C12 on B.Cu
    @(91.5000 mm, 14.7750 mm): Pad 2 [GND] of C16 on B.Cu
[unconnected_items]: Missing connection between items
    Local override; error
    @(92.3000 mm, 28.0200 mm): Pad 2 [GND] of C19 on B.Cu
    @(92.8200 mm, 24.3000 mm): Pad 2 [GND] of C18 on B.Cu
[unconnected_items]: Missing connection between items
    Local override; error
    @(92.8200 mm, 24.3000 mm): Pad 2 [GND] of C18 on B.Cu
    @(92.3000 mm, 19.4350 mm): Pad 2 [GND] of C12 on B.Cu
[unconnected_items]: Missing connection between items
    Local override; error
    @(98.0000 mm, 104.5500 mm): Pad 25 [GND] of J3 on F.Cu
    @(98.0000 mm, 102.0500 mm): Pad 30 [GND] of J3 on F.Cu
[unconnected_items]: Missing connection between items
    Local override; error
    @(98.0000 mm, 109.5500 mm): Pad 15 [GND] of J3 on F.Cu
    @(98.0000 mm, 110.0500 mm): Pad 14 [GND] of J3 on F.Cu
[unconnected_items]: Missing connection between items
    Local override; error
    @(98.0000 mm, 109.5500 mm): Pad 15 [GND] of J3 on F.Cu
    @(98.0000 mm, 104.5500 mm): Pad 25 [GND] of J3 on F.Cu
[unconnected_items]: Missing connection between items
    Local override; error
    @(98.0000 mm, 110.0500 mm): Pad 14 [GND] of J3 on F.Cu
    @(98.0000 mm, 110.5500 mm): Pad 13 [GND] of J3 on F.Cu
[unconnected_items]: Missing connection between items
    Local override; error
    @(98.0000 mm, 110.5500 mm): Pad 13 [GND] of J3 on F.Cu
    @(98.0000 mm, 111.0500 mm): Pad 12 [GND] of J3 on F.Cu
[unconnected_items]: Missing connection between items
    Local override; error
    @(98.0000 mm, 111.0500 mm): Pad 12 [GND] of J3 on F.Cu
    @(98.0000 mm, 111.5500 mm): Pad 11 [GND] of J3 on F.Cu
[unconnected_items]: Missing connection between items
    Local override; error
    @(98.0000 mm, 112.0500 mm): Pad 10 [GND] of J3 on F.Cu
    @(98.0000 mm, 111.5500 mm): Pad 11 [GND] of J3 on F.Cu
[unconnected_items]: Missing connection between items
    Local override; error
    @(98.0000 mm, 112.5500 mm): Pad 9 [GND] of J3 on F.Cu
    @(98.0000 mm, 112.0500 mm): Pad 10 [GND] of J3 on F.Cu
[unconnected_items]: Missing connection between items
    Local override; error
    @(98.0000 mm, 113.0500 mm): Pad 8 [GND] of J3 on F.Cu
    @(98.0000 mm, 112.5500 mm): Pad 9 [GND] of J3 on F.Cu
[unconnected_items]: Missing connection between items
    Local override; error
    @(98.0000 mm, 113.5500 mm): Pad 7 [GND] of J3 on F.Cu
    @(98.0000 mm, 113.0500 mm): Pad 8 [GND] of J3 on F.Cu
[unconnected_items]: Missing connection between items
    Local override; error
    @(98.0000 mm, 113.5500 mm): Pad 7 [GND] of J3 on F.Cu
    @(98.0000 mm, 114.5500 mm): Pad 5 [GND] of J3 on F.Cu
[unconnected_items]: Missing connection between items
    Local override; error
    @(98.0000 mm, 114.5500 mm): Pad 5 [GND] of J3 on F.Cu
    @(99.9600 mm, 114.7000 mm): PTH pad 12 [GND] of J8
[unconnected_items]: Missing connection between items
    Local override; error
    @(99.4000 mm, 25.5200 mm): Pad 2 [GND] of C14 on B.Cu
    @(103.0100 mm, 25.3000 mm): Pad 2 [GND] of R38 on B.Cu
[unconnected_items]: Missing connection between items
    Local override; error
    @(99.4000 mm, 25.5200 mm): Pad 2 [GND] of C14 on B.Cu
    @(100.7025 mm, 21.9450 mm): Pad 3 [GND] of U5 on B.Cu
[unconnected_items]: Missing connection between items
    Local override; error
    @(99.4000 mm, 25.5200 mm): Pad 2 [GND] of C14 on B.Cu
    @(92.8200 mm, 24.3000 mm): Pad 2 [GND] of C18 on B.Cu
[unconnected_items]: Missing connection between items
    Local override; error
    @(99.9600 mm, 114.7000 mm): PTH pad 12 [GND] of J8
    @(102.5000 mm, 114.7000 mm): PTH pad 11 [GND] of J8
[unconnected_items]: Missing connection between items
    Local override; error
    @(100.7025 mm, 21.9450 mm): Pad 3 [GND] of U5 on B.Cu
    @(105.7000 mm, 19.5000 mm): Pad 2 [GND] of D2 on B.Cu
[unconnected_items]: Missing connection between items
    Local override; error
    @(104.8000 mm, 105.0700 mm): Pad 2 [GND] of C34 on F.Cu
    @(98.0000 mm, 104.5500 mm): Pad 25 [GND] of J3 on F.Cu
[unconnected_items]: Missing connection between items
    Local override; error
    @(104.8000 mm, 105.0700 mm): Pad 2 [GND] of C34 on F.Cu
    @(158.5200 mm, 102.5000 mm): Pad 1 [GND] of C7 on B.Cu
[unconnected_items]: Missing connection between items
    Local override; error
    @(107.2800 mm, 29.4000 mm): Pad 2 [GND] of C30 on F.Cu
    @(103.0100 mm, 25.3000 mm): Pad 2 [GND] of R38 on B.Cu
[unconnected_items]: Missing connection between items
    Local override; error
    @(113.2000 mm, 26.9900 mm): Pad 2 [GND] of R56 on F.Cu
    @(115.4000 mm, 26.9900 mm): Pad 2 [GND] of R58 on F.Cu
[unconnected_items]: Missing connection between items
    Local override; error
    @(113.2000 mm, 26.9900 mm): Pad 2 [GND] of R56 on F.Cu
    @(107.2800 mm, 29.4000 mm): Pad 2 [GND] of C30 on F.Cu
[unconnected_items]: Missing connection between items
    Local override; error
    @(115.4000 mm, 26.9900 mm): Pad 2 [GND] of R58 on F.Cu
    @(118.9375 mm, 22.7500 mm): Pad 7 [GND] of U12 on F.Cu
[unconnected_items]: Missing connection between items
    Local override; error
    @(118.9375 mm, 22.7500 mm): Pad 7 [GND] of U12 on F.Cu
    @(121.5000 mm, 22.5200 mm): Pad 2 [GND] of C32 on F.Cu
[unconnected_items]: Missing connection between items
    Local override; error
    @(147.0100 mm, 27.9500 mm): Pad 2 [GND] of R61 on B.Cu
    @(121.5000 mm, 22.5200 mm): Pad 2 [GND] of C32 on F.Cu
[unconnected_items]: Missing connection between items
    Local override; error
    @(148.8625 mm, 26.0500 mm): Pad 3 [GND] of U13 on B.Cu
    @(147.0100 mm, 27.9500 mm): Pad 2 [GND] of R61 on B.Cu
[unconnected_items]: Missing connection between items
    Local override; error
    @(148.8625 mm, 26.0500 mm): Pad 3 [GND] of U13 on B.Cu
    @(153.9800 mm, 27.9500 mm): Pad 2 [GND] of C35 on B.Cu
[unconnected_items]: Missing connection between items
    Local override; error
    @(150.8000 mm, 144.7400 mm): Pad 2 [GND] of C20 on B.Cu
    @(154.0000 mm, 145.2100 mm): Pad 2 [GND] of C10 on B.Cu
[unconnected_items]: Missing connection between items
    Local override; error
    @(153.9800 mm, 27.9500 mm): Pad 2 [GND] of C35 on B.Cu
    @(158.2500 mm, 18.1500 mm): Pad 7 [GND] of U3 on B.Cu
[unconnected_items]: Missing connection between items
    Local override; error
    @(156.7500 mm, 13.8500 mm): Pad 1 [GND] of U3 on B.Cu
    @(157.2500 mm, 13.8500 mm): Pad 2 [GND] of U3 on B.Cu
[unconnected_items]: Missing connection between items
    Local override; error
    @(158.2500 mm, 18.1500 mm): Pad 7 [GND] of U3 on B.Cu
    @(157.2500 mm, 13.8500 mm): Pad 2 [GND] of U3 on B.Cu
[unconnected_items]: Missing connection between items
    Local override; error
    @(159.5750 mm, 107.4250 mm): Pad 1 [GND] of SW2 on B.Cu
    @(159.5750 mm, 111.5750 mm): Pad 1 [GND] of SW2 on B.Cu
[unconnected_items]: Missing connection between items
    Local override; error
    @(159.5750 mm, 107.4250 mm): Pad 1 [GND] of SW2 on B.Cu
    @(163.9500 mm, 105.5000 mm): Pad 2 [GND] of C5 on B.Cu
[unconnected_items]: Missing connection between items
    Local override; error
    @(159.5750 mm, 111.5750 mm): Pad 1 [GND] of SW2 on B.Cu
    @(159.5750 mm, 114.4250 mm): Pad 1 [GND] of SW1 on B.Cu
[unconnected_items]: Missing connection between items
    Local override; error
    @(159.5750 mm, 118.5750 mm): Pad 1 [GND] of SW1 on B.Cu
    @(159.5750 mm, 114.4250 mm): Pad 1 [GND] of SW1 on B.Cu
[unconnected_items]: Missing connection between items
    Local override; error
    @(159.5750 mm, 118.5750 mm): Pad 1 [GND] of SW1 on B.Cu
    @(154.0000 mm, 145.2100 mm): Pad 2 [GND] of C10 on B.Cu
[unconnected_items]: Missing connection between items
    Local override; error
    @(162.6800 mm, 18.0000 mm): Pad 2 [GND] of C11 on B.Cu
    @(158.2500 mm, 18.1500 mm): Pad 7 [GND] of U3 on B.Cu
[unconnected_items]: Missing connection between items
    Local override; error
    @(162.6800 mm, 18.0000 mm): Pad 2 [GND] of C11 on B.Cu
    @(169.1500 mm, 22.5000 mm): Pad 2 [GND] of D7 on B.Cu
[unconnected_items]: Missing connection between items
    Local override; error
    @(163.4800 mm, 102.5000 mm): Pad 2 [GND] of C6 on B.Cu
    @(163.9500 mm, 105.5000 mm): Pad 2 [GND] of C5 on B.Cu
[unconnected_items]: Missing connection between items
    Local override; error
    @(163.4800 mm, 102.5000 mm): Pad 2 [GND] of C6 on B.Cu
    @(158.5200 mm, 102.5000 mm): Pad 1 [GND] of C7 on B.Cu
[unconnected_items]: Missing connection between items
    Local override; error
    @(163.4800 mm, 102.5000 mm): Pad 2 [GND] of C6 on B.Cu
    @(211.5000 mm, 94.0200 mm): Pad 2 [GND] of C9 on B.Cu
[unconnected_items]: Missing connection between items
    Local override; error
    @(169.1500 mm, 22.5000 mm): Pad 2 [GND] of D7 on B.Cu
    @(167.8250 mm, 27.5000 mm): Pad 2 [GND] of R59 on B.Cu
[unconnected_items]: Missing connection between items
    Local override; error
    @(169.1500 mm, 22.5000 mm): Pad 2 [GND] of D7 on B.Cu
    @(175.8000 mm, 16.5000 mm): PTH pad 2 [GND] of J4
[unconnected_items]: Missing connection between items
    Local override; error
    @(191.4375 mm, 21.5500 mm): Pad 2 [GND] of Q6 on F.Cu
    @(190.0625 mm, 26.5500 mm): Pad 2 [GND] of Q4 on B.Cu
[unconnected_items]: Missing connection between items
    Local override; error
    @(191.4375 mm, 21.5500 mm): Pad 2 [GND] of Q6 on F.Cu
    @(175.8000 mm, 16.5000 mm): PTH pad 2 [GND] of J4
[unconnected_items]: Missing connection between items
    Local override; error
    @(195.0000 mm, 20.8500 mm): Pad 2 [GND] of D10 on F.Cu
    @(191.4375 mm, 21.5500 mm): Pad 2 [GND] of Q6 on F.Cu
[unconnected_items]: Missing connection between items
    Local override; error
    @(211.5000 mm, 94.0200 mm): Pad 2 [GND] of C9 on B.Cu
    @(216.4750 mm, 100.9050 mm): Pad 4 [GND] of U4 on B.Cu
[unconnected_items]: Missing connection between items
    Local override; error
    @(216.4750 mm, 100.9050 mm): Pad 4 [GND] of U4 on B.Cu
    @(226.2500 mm, 99.3250 mm): Pad 3 [GND] of Y1 on B.Cu
[unconnected_items]: Missing connection between items
    Local override; error
    @(216.4750 mm, 100.9050 mm): Pad 4 [GND] of U4 on B.Cu
    @(213.6628 mm, 122.4813 mm): Pad 1 [GND] of TP13 on F.Cu
[unconnected_items]: Missing connection between items
    Local override; error
    @(226.2500 mm, 96.1250 mm): Pad 2 [GND] of Y1 on B.Cu
    @(226.2500 mm, 99.3250 mm): Pad 3 [GND] of Y1 on B.Cu
[unconnected_items]: Missing connection between items
    Local override; error
    @(226.2500 mm, 96.1250 mm): Pad 2 [GND] of Y1 on B.Cu
    @(227.9800 mm, 82.5000 mm): PTH pad 2 [GND] of C33
[unconnected_items]: Missing connection between items
    Local override; error
    @(191.4375 mm, 23.4500 mm): Pad 1 [/USB_PD_CONTROLLER/DISCH_G] of Q6 on F.Cu
    @(195.0000 mm, 24.1500 mm): Pad 1 [/USB_PD_CONTROLLER/DISCH_G] of D10 on F.Cu
[unconnected_items]: Missing connection between items
    Local override; error
    @(191.4375 mm, 23.4500 mm): Pad 1 [/USB_PD_CONTROLLER/DISCH_G] of Q6 on F.Cu
    @(191.9375 mm, 27.5000 mm): Pad 3 [/USB_PD_CONTROLLER/DISCH_G] of Q4 on B.Cu
[unconnected_items]: Missing connection between items
    Local override; error
    @(198.5000 mm, 23.3250 mm): Pad 2 [/USB_PD_CONTROLLER/DISCH_G] of R66 on F.Cu
    @(195.0000 mm, 24.1500 mm): Pad 1 [/USB_PD_CONTROLLER/DISCH_G] of D10 on F.Cu
[unconnected_items]: Missing connection between items
    Local override; error
    @(60.7100 mm, 24.5000 mm): Pad 1 [V_PRE] of R48 on B.Cu
    @(75.8000 mm, 19.0250 mm): Pad 1 [V_PRE] of C27 on B.Cu
[unconnected_items]: Missing connection between items
    Local override; error
    @(75.8000 mm, 19.0250 mm): Pad 1 [V_PRE] of C27 on B.Cu
    @(76.8000 mm, 14.0000 mm): Pad 1 [V_PRE] of D4 on B.Cu
[unconnected_items]: Missing connection between items
    Local override; error
    @(75.8000 mm, 19.0250 mm): Pad 1 [V_PRE] of C27 on B.Cu
    @(83.4750 mm, 29.0000 mm): Pad 1 [V_PRE] of C28 on B.Cu
[unconnected_items]: Missing connection between items
    Local override; error
    @(83.4750 mm, 29.0000 mm): Pad 1 [V_PRE] of C28 on B.Cu
    @(88.0000 mm, 31.9625 mm): Pad 1 [V_PRE] of R43 on B.Cu
[unconnected_items]: Missing connection between items
    Local override; error
    @(88.6150 mm, 22.3850 mm): Pad 1 [V_PRE] of C13 on B.Cu
    @(92.3000 mm, 22.3850 mm): Pad 1 [V_PRE] of C12 on B.Cu
[unconnected_items]: Missing connection between items
    Local override; error
    @(88.6150 mm, 22.3850 mm): Pad 1 [V_PRE] of C13 on B.Cu
    @(83.4750 mm, 29.0000 mm): Pad 1 [V_PRE] of C28 on B.Cu
[unconnected_items]: Missing connection between items
    Local override; error
    @(98.2000 mm, 21.3100 mm): Pad 9 [V_PRE] of U5 on B.Cu
    @(99.4000 mm, 26.4800 mm): Pad 1 [V_PRE] of C14 on B.Cu
[unconnected_items]: Missing connection between items
    Local override; error
    @(98.2000 mm, 21.3100 mm): Pad 9 [V_PRE] of U5 on B.Cu
    @(92.3000 mm, 22.3850 mm): Pad 1 [V_PRE] of C12 on B.Cu
[unconnected_items]: Missing connection between items
    Local override; error
    @(116.0625 mm, 21.2500 mm): Pad 3 [V_PRE] of U12 on F.Cu
    @(116.0625 mm, 21.7500 mm): Pad 4 [V_PRE] of U12 on F.Cu
[unconnected_items]: Missing connection between items
    Local override; error
    @(116.0625 mm, 21.7500 mm): Pad 4 [V_PRE] of U12 on F.Cu
    @(99.4000 mm, 26.4800 mm): Pad 1 [V_PRE] of C14 on B.Cu
[unconnected_items]: Missing connection between items
    Local override; error
    @(118.9375 mm, 21.2500 mm): Pad 10 [V_PRE] of U12 on F.Cu
    @(116.0625 mm, 21.2500 mm): Pad 3 [V_PRE] of U12 on F.Cu
[unconnected_items]: Missing connection between items
    Local override; error
    @(121.5000 mm, 23.4800 mm): Pad 1 [V_PRE] of C32 on F.Cu
    @(122.0000 mm, 20.2750 mm): Pad 1 [V_PRE] of C31 on F.Cu
[unconnected_items]: Missing connection between items
    Local override; error
    @(122.0000 mm, 20.2750 mm): Pad 1 [V_PRE] of C31 on F.Cu
    @(118.9375 mm, 21.2500 mm): Pad 10 [V_PRE] of U12 on F.Cu
[unconnected_items]: Missing connection between items
    Local override; error
    @(118.9375 mm, 20.7500 mm): Pad 11 [Net-(U12-CAP)] of U12 on F.Cu
    @(122.0000 mm, 18.7250 mm): Pad 2 [Net-(U12-CAP)] of C31 on F.Cu
[unconnected_items]: Missing connection between items
    Local override; error
    @(16.5100 mm, 98.0500 mm): Pad 2 [Net-(Q7-G)] of R28 on F.Cu
    @(18.8000 mm, 98.4900 mm): Pad 1 [Net-(Q7-G)] of R29 on F.Cu
[unconnected_items]: Missing connection between items
    Local override; error
    @(18.8000 mm, 98.4900 mm): Pad 1 [Net-(Q7-G)] of R29 on F.Cu
    @(21.0625 mm, 98.0500 mm): Pad 1 [Net-(Q7-G)] of Q7 on F.Cu
[unconnected_items]: Missing connection between items
    Local override; error
    @(22.9375 mm, 99.0000 mm): Pad 3 [/USER INTERFACE/BL_K] of Q7 on F.Cu
    @(98.0000 mm, 115.0500 mm): Pad 4 [/USER INTERFACE/BL_K] of J3 on F.Cu
[unconnected_items]: Missing connection between items
    Local override; error
    @(21.0875 mm, 94.5000 mm): Pad 1 [+3.3V] of R60 on F.Cu
    @(40.7000 mm, 116.7200 mm): Pad 1 [+3.3V] of R34 on B.Cu
[unconnected_items]: Missing connection between items
    Local override; error
    @(31.5625 mm, 77.3000 mm): Pad 5 [+3.3V] of U10 on B.Cu
    @(21.0875 mm, 94.5000 mm): Pad 1 [+3.3V] of R60 on F.Cu
[unconnected_items]: Missing connection between items
    Local override; error
    @(31.5625 mm, 77.3000 mm): Pad 5 [+3.3V] of U10 on B.Cu
    @(72.1000 mm, 73.2000 mm): Pad 3 [+3.3V] of U2 on F.Cu
[unconnected_items]: Missing connection between items
    Local override; error
    @(40.7000 mm, 116.7200 mm): Pad 1 [+3.3V] of R34 on B.Cu
    @(42.7300 mm, 116.7200 mm): Pad 1 [+3.3V] of R35 on B.Cu
[unconnected_items]: Missing connection between items
    Local override; error
    @(42.7300 mm, 116.7200 mm): Pad 1 [+3.3V] of R35 on B.Cu
    @(44.7600 mm, 115.7000 mm): Pad 1 [+3.3V] of R36 on B.Cu
[unconnected_items]: Missing connection between items
    Local override; error
    @(72.1000 mm, 73.2000 mm): Pad 3 [+3.3V] of U2 on F.Cu
    @(98.0000 mm, 105.5500 mm): Pad 23 [+3.3V] of J3 on F.Cu
[unconnected_items]: Missing connection between items
    Local override; error
    @(72.1000 mm, 73.2000 mm): Pad 3 [+3.3V] of U2 on F.Cu
    @(90.4900 mm, 25.5000 mm): Pad 1 [+3.3V] of R39 on B.Cu
[unconnected_items]: Missing connection between items
    Local override; error
    @(90.4900 mm, 25.5000 mm): Pad 1 [+3.3V] of R39 on B.Cu
    @(87.5000 mm, 12.7000 mm): Pad 1 [+3.3V] of C15 on B.Cu
[unconnected_items]: Missing connection between items
    Local override; error
    @(91.5000 mm, 11.8250 mm): Pad 1 [+3.3V] of C16 on B.Cu
    @(87.5000 mm, 12.7000 mm): Pad 1 [+3.3V] of C15 on B.Cu
[unconnected_items]: Missing connection between items
    Local override; error
    @(91.5000 mm, 11.8250 mm): Pad 1 [+3.3V] of C16 on B.Cu
    @(95.8700 mm, 13.3700 mm): Pad 2 [+3.3V] of L1 on B.Cu
[unconnected_items]: Missing connection between items
    Local override; error
    @(95.8700 mm, 13.3700 mm): Pad 2 [+3.3V] of L1 on B.Cu
    @(151.9900 mm, 13.8500 mm): Pad 1 [+3.3V] of R27 on B.Cu
[unconnected_items]: Missing connection between items
    Local override; error
    @(98.0000 mm, 105.5500 mm): Pad 23 [+3.3V] of J3 on F.Cu
    @(98.0000 mm, 106.0500 mm): Pad 22 [+3.3V] of J3 on F.Cu
[unconnected_items]: Missing connection between items
    Local override; error
    @(98.0000 mm, 106.0500 mm): Pad 22 [+3.3V] of J3 on F.Cu
    @(104.8000 mm, 106.0300 mm): Pad 1 [+3.3V] of C34 on F.Cu
[unconnected_items]: Missing connection between items
    Local override; error
    @(98.0000 mm, 106.5500 mm): Pad 21 [+3.3V] of J3 on F.Cu
    @(98.0000 mm, 106.0500 mm): Pad 22 [+3.3V] of J3 on F.Cu
[unconnected_items]: Missing connection between items
    Local override; error
    @(140.5000 mm, 142.5100 mm): Pad 1 [+3.3V] of C21 on B.Cu
    @(143.5000 mm, 142.4800 mm): Pad 1 [+3.3V] of R17 on B.Cu
[unconnected_items]: Missing connection between items
    Local override; error
    @(143.5000 mm, 142.4800 mm): Pad 1 [+3.3V] of R17 on B.Cu
    @(146.0500 mm, 141.8525 mm): Pad 4 [+3.3V] of Q8 on B.Cu
[unconnected_items]: Missing connection between items
    Local override; error
    @(146.0500 mm, 141.8525 mm): Pad 4 [+3.3V] of Q8 on B.Cu
    @(162.0500 mm, 105.5000 mm): Pad 1 [+3.3V] of C5 on B.Cu
[unconnected_items]: Missing connection between items
    Local override; error
    @(151.1375 mm, 27.9500 mm): Pad 5 [+3.3V] of U13 on B.Cu
    @(153.0200 mm, 27.9500 mm): Pad 1 [+3.3V] of C35 on B.Cu
[unconnected_items]: Missing connection between items
    Local override; error
    @(151.9900 mm, 13.8500 mm): Pad 1 [+3.3V] of R27 on B.Cu
    @(158.7500 mm, 18.1500 mm): Pad 6 [+3.3V] of U3 on B.Cu
[unconnected_items]: Missing connection between items
    Local override; error
    @(152.5100 mm, 91.2000 mm): Pad 2 [+3.3V] of R37 on B.Cu
    @(152.5100 mm, 89.6000 mm): Pad 2 [+3.3V] of R10 on B.Cu
[unconnected_items]: Missing connection between items
    Local override; error
    @(152.5100 mm, 91.2000 mm): Pad 2 [+3.3V] of R37 on B.Cu
    @(104.8000 mm, 106.0300 mm): Pad 1 [+3.3V] of C34 on F.Cu
[unconnected_items]: Missing connection between items
    Local override; error
    @(153.0200 mm, 27.9500 mm): Pad 1 [+3.3V] of C35 on B.Cu
    @(158.7500 mm, 18.1500 mm): Pad 6 [+3.3V] of U3 on B.Cu
[unconnected_items]: Missing connection between items
    Local override; error
    @(155.9900 mm, 102.5000 mm): Pad 1 [+3.3V] of R1 on B.Cu
    @(162.5200 mm, 102.5000 mm): Pad 1 [+3.3V] of C6 on B.Cu
[unconnected_items]: Missing connection between items
    Local override; error
    @(155.9900 mm, 102.5000 mm): Pad 1 [+3.3V] of R1 on B.Cu
    @(152.5100 mm, 91.2000 mm): Pad 2 [+3.3V] of R37 on B.Cu
[unconnected_items]: Missing connection between items
    Local override; error
    @(158.7500 mm, 18.1500 mm): Pad 6 [+3.3V] of U3 on B.Cu
    @(161.7200 mm, 18.0000 mm): Pad 1 [+3.3V] of C11 on B.Cu
[unconnected_items]: Missing connection between items
    Local override; error
    @(162.5200 mm, 102.5000 mm): Pad 1 [+3.3V] of C6 on B.Cu
    @(162.0500 mm, 105.5000 mm): Pad 1 [+3.3V] of C5 on B.Cu
[unconnected_items]: Missing connection between items
    Local override; error
    @(162.5200 mm, 102.5000 mm): Pad 1 [+3.3V] of C6 on B.Cu
    @(207.9900 mm, 97.7000 mm): Pad 1 [+3.3V] of R24 on B.Cu
[unconnected_items]: Missing connection between items
    Local override; error
    @(207.9900 mm, 97.7000 mm): Pad 1 [+3.3V] of R24 on B.Cu
    @(208.4900 mm, 107.5000 mm): Pad 2 [+3.3V] of R4 on B.Cu
[unconnected_items]: Missing connection between items
    Local override; error
    @(208.4900 mm, 107.5000 mm): Pad 2 [+3.3V] of R4 on B.Cu
    @(208.0500 mm, 110.0625 mm): Pad 1 [+3.3V] of Q1 on B.Cu
[unconnected_items]: Missing connection between items
    Local override; error
    @(211.5000 mm, 94.9800 mm): Pad 1 [+3.3V] of C9 on B.Cu
    @(211.5250 mm, 97.0950 mm): Pad 8 [+3.3V] of U4 on B.Cu
[unconnected_items]: Missing connection between items
    Local override; error
    @(211.5250 mm, 97.0950 mm): Pad 8 [+3.3V] of U4 on B.Cu
    @(207.9900 mm, 97.7000 mm): Pad 1 [+3.3V] of R24 on B.Cu
[unconnected_items]: Missing connection between items
    Local override; error
    @(212.5500 mm, 110.0625 mm): Pad 1 [+3.3V] of Q2 on B.Cu
    @(212.9900 mm, 107.5000 mm): Pad 1 [+3.3V] of R7 on B.Cu
[unconnected_items]: Missing connection between items
    Local override; error
    @(212.5500 mm, 110.0625 mm): Pad 1 [+3.3V] of Q2 on B.Cu
    @(208.0500 mm, 110.0625 mm): Pad 1 [+3.3V] of Q1 on B.Cu
[unconnected_items]: Missing connection between items
    Local override; error
    @(209.0100 mm, 97.7000 mm): Pad 2 [/MCU/RTC_INT] of R24 on B.Cu
    @(72.1000 mm, 74.8000 mm): Pad 5 [/MCU/RTC_INT] of U2 on F.Cu
[unconnected_items]: Missing connection between items
    Local override; error
    @(211.5250 mm, 98.3650 mm): Pad 7 [/MCU/RTC_INT] of U4 on B.Cu
    @(209.0100 mm, 97.7000 mm): Pad 2 [/MCU/RTC_INT] of R24 on B.Cu
[unconnected_items]: Missing connection between items
    Local override; error
    @(72.1000 mm, 75.6000 mm): Pad 6 [INA_ALERT] of U2 on F.Cu
    @(148.8625 mm, 27.0000 mm): Pad 2 [INA_ALERT] of U13 on B.Cu
[unconnected_items]: Missing connection between items
    Local override; error
    @(153.0100 mm, 13.8500 mm): Pad 2 [INA_ALERT] of R27 on B.Cu
    @(148.8625 mm, 27.0000 mm): Pad 2 [INA_ALERT] of U13 on B.Cu
[unconnected_items]: Missing connection between items
    Local override; error
    @(157.7500 mm, 13.8500 mm): Pad 3 [INA_ALERT] of U3 on B.Cu
    @(153.0100 mm, 13.8500 mm): Pad 2 [INA_ALERT] of R27 on B.Cu
[unconnected_items]: Missing connection between items
    Local override; error
    @(72.1000 mm, 77.2000 mm): Pad 8 [Net-(U2-EN)] of U2 on F.Cu
    @(157.0100 mm, 102.5000 mm): Pad 2 [Net-(U2-EN)] of R1 on B.Cu
[unconnected_items]: Missing connection between items
    Local override; error
    @(157.0100 mm, 102.5000 mm): Pad 2 [Net-(U2-EN)] of R1 on B.Cu
    @(157.4250 mm, 107.4250 mm): Pad 2 [Net-(U2-EN)] of SW2 on B.Cu
[unconnected_items]: Missing connection between items
    Local override; error
    @(157.4250 mm, 111.5750 mm): Pad 2 [Net-(U2-EN)] of SW2 on B.Cu
    @(157.4250 mm, 107.4250 mm): Pad 2 [Net-(U2-EN)] of SW2 on B.Cu
[unconnected_items]: Missing connection between items
    Local override; error
    @(159.4800 mm, 102.5000 mm): Pad 2 [Net-(U2-EN)] of C7 on B.Cu
    @(157.0100 mm, 102.5000 mm): Pad 2 [Net-(U2-EN)] of R1 on B.Cu
[unconnected_items]: Missing connection between items
    Local override; error
    @(72.1000 mm, 78.0000 mm): Pad 9 [TFT_SCLK] of U2 on F.Cu
    @(98.0000 mm, 108.5500 mm): Pad 17 [TFT_SCLK] of J3 on F.Cu
[unconnected_items]: Missing connection between items
    Local override; error
    @(72.1000 mm, 78.8000 mm): Pad 10 [TFT_MOSI] of U2 on F.Cu
    @(98.0000 mm, 107.5500 mm): Pad 19 [TFT_MOSI] of J3 on F.Cu
[unconnected_items]: Missing connection between items
    Local override; error
    @(73.2000 mm, 80.5000 mm): Pad 12 [Net-(U2-IO0)] of U2 on F.Cu
    @(152.5100 mm, 98.4000 mm): Pad 2 [Net-(U2-IO0)] of R16 on B.Cu
[unconnected_items]: Missing connection between items
    Local override; error
    @(15.4900 mm, 98.0500 mm): Pad 1 [TFT_BL_PWM] of R28 on F.Cu
    @(74.0000 mm, 80.5000 mm): Pad 13 [TFT_BL_PWM] of U2 on F.Cu
[unconnected_items]: Missing connection between items
    Local override; error
    @(145.9900 mm, 27.9500 mm): Pad 1 [OUT_EN] of R61 on B.Cu
    @(75.6000 mm, 80.5000 mm): Pad 15 [OUT_EN] of U2 on F.Cu
[unconnected_items]: Missing connection between items
    Local override; error
    @(148.8625 mm, 27.9500 mm): Pad 1 [OUT_EN] of U13 on B.Cu
    @(145.9900 mm, 27.9500 mm): Pad 1 [OUT_EN] of R61 on B.Cu
[unconnected_items]: Missing connection between items
    Local override; error
    @(76.4000 mm, 80.5000 mm): Pad 16 [TFT_DC] of U2 on F.Cu
    @(98.0000 mm, 109.0500 mm): Pad 16 [TFT_DC] of J3 on F.Cu
[unconnected_items]: Missing connection between items
    Local override; error
    @(77.2000 mm, 80.5000 mm): Pad 17 [Net-(U2-IO12)] of U2 on F.Cu
    @(151.4900 mm, 94.4000 mm): Pad 1 [Net-(U2-IO12)] of R2 on B.Cu
[unconnected_items]: Missing connection between items
    Local override; error
    @(78.0000 mm, 80.5000 mm): Pad 18 [Net-(U2-IO13)] of U2 on F.Cu
    @(151.4900 mm, 93.0000 mm): Pad 1 [Net-(U2-IO13)] of R3 on B.Cu
[unconnected_items]: Missing connection between items
    Local override; error
    @(78.8000 mm, 80.5000 mm): Pad 19 [TFT_CS] of U2 on F.Cu
    @(98.0000 mm, 108.0500 mm): Pad 18 [TFT_CS] of J3 on F.Cu
[unconnected_items]: Missing connection between items
    Local override; error
    @(79.6000 mm, 80.5000 mm): Pad 20 [TFT_RST] of U2 on F.Cu
    @(98.0000 mm, 107.0500 mm): Pad 20 [TFT_RST] of J3 on F.Cu
[unconnected_items]: Missing connection between items
    Local override; error
    @(151.4900 mm, 87.5000 mm): Pad 1 [Net-(U2-IO8)] of R15 on B.Cu
    @(81.2000 mm, 80.5000 mm): Pad 22 [Net-(U2-IO8)] of U2 on F.Cu
[unconnected_items]: Missing connection between items
    Local override; error
    @(151.4900 mm, 91.2000 mm): Pad 1 [Net-(U2-IO8)] of R37 on B.Cu
    @(151.4900 mm, 87.5000 mm): Pad 1 [Net-(U2-IO8)] of R15 on B.Cu
[unconnected_items]: Missing connection between items
    Local override; error
    @(151.4900 mm, 89.6000 mm): Pad 1 [Net-(U2-IO9)] of R10 on B.Cu
    @(82.0000 mm, 80.5000 mm): Pad 23 [Net-(U2-IO9)] of U2 on F.Cu
[unconnected_items]: Missing connection between items
    Local override; error
    @(157.4250 mm, 114.4250 mm): Pad 2 [Net-(U2-IO9)] of SW1 on B.Cu
    @(151.4900 mm, 89.6000 mm): Pad 1 [Net-(U2-IO9)] of R10 on B.Cu
[unconnected_items]: Missing connection between items
    Local override; error
    @(157.4250 mm, 118.5750 mm): Pad 2 [Net-(U2-IO9)] of SW1 on B.Cu
    @(157.4250 mm, 114.4250 mm): Pad 2 [Net-(U2-IO9)] of SW1 on B.Cu
[unconnected_items]: Missing connection between items
    Local override; error
    @(158.7500 mm, 13.8500 mm): Pad 5 [PD_I2C_SCL_3V3] of U3 on B.Cu
    @(82.8000 mm, 80.5000 mm): Pad 24 [PD_I2C_SCL_3V3] of U2 on F.Cu
[unconnected_items]: Missing connection between items
    Local override; error
    @(207.4777 mm, 125.5738 mm): Pad 1 [PD_I2C_SCL_3V3] of TP6 on B.Cu
    @(209.9500 mm, 110.0625 mm): Pad 2 [PD_I2C_SCL_3V3] of Q1 on B.Cu
[unconnected_items]: Missing connection between items
    Local override; error
    @(209.5100 mm, 107.5000 mm): Pad 1 [PD_I2C_SCL_3V3] of R4 on B.Cu
    @(211.5250 mm, 99.6350 mm): Pad 6 [PD_I2C_SCL_3V3] of U4 on B.Cu
[unconnected_items]: Missing connection between items
    Local override; error
    @(209.9500 mm, 110.0625 mm): Pad 2 [PD_I2C_SCL_3V3] of Q1 on B.Cu
    @(209.5100 mm, 107.5000 mm): Pad 1 [PD_I2C_SCL_3V3] of R4 on B.Cu
[unconnected_items]: Missing connection between items
    Local override; error
    @(211.5250 mm, 99.6350 mm): Pad 6 [PD_I2C_SCL_3V3] of U4 on B.Cu
    @(158.7500 mm, 13.8500 mm): Pad 5 [PD_I2C_SCL_3V3] of U3 on B.Cu
[unconnected_items]: Missing connection between items
    Local override; error
    @(158.2500 mm, 13.8500 mm): Pad 4 [PD_I2C_SDA_3V3] of U3 on B.Cu
    @(83.9000 mm, 79.6000 mm): Pad 25 [PD_I2C_SDA_3V3] of U2 on F.Cu
[unconnected_items]: Missing connection between items
    Local override; error
    @(210.5702 mm, 125.5738 mm): Pad 1 [PD_I2C_SDA_3V3] of TP7 on B.Cu
    @(214.4500 mm, 110.0625 mm): Pad 2 [PD_I2C_SDA_3V3] of Q2 on B.Cu
[unconnected_items]: Missing connection between items
    Local override; error
    @(211.5250 mm, 100.9050 mm): Pad 5 [PD_I2C_SDA_3V3] of U4 on B.Cu
    @(158.2500 mm, 13.8500 mm): Pad 4 [PD_I2C_SDA_3V3] of U3 on B.Cu
[unconnected_items]: Missing connection between items
    Local override; error
    @(214.0100 mm, 107.5000 mm): Pad 2 [PD_I2C_SDA_3V3] of R7 on B.Cu
    @(211.5250 mm, 100.9050 mm): Pad 5 [PD_I2C_SDA_3V3] of U4 on B.Cu
[unconnected_items]: Missing connection between items
    Local override; error
    @(214.4500 mm, 110.0625 mm): Pad 2 [PD_I2C_SDA_3V3] of Q2 on B.Cu
    @(214.0100 mm, 107.5000 mm): Pad 2 [PD_I2C_SDA_3V3] of R7 on B.Cu
[unconnected_items]: Missing connection between items
    Local override; error
    @(65.0100 mm, 155.5000 mm): Pad 2 [PD_INT_3V3] of R64 on B.Cu
    @(68.5900 mm, 155.5000 mm): Pad 1 [PD_INT_3V3] of R9 on B.Cu
[unconnected_items]: Missing connection between items
    Local override; error
    @(68.5900 mm, 155.5000 mm): Pad 1 [PD_INT_3V3] of R9 on B.Cu
    @(83.9000 mm, 78.8000 mm): Pad 26 [PD_INT_3V3] of U2 on F.Cu
[unconnected_items]: Missing connection between items
    Local override; error
    @(213.6628 mm, 125.5738 mm): Pad 1 [PD_INT_3V3] of TP8 on B.Cu
    @(83.9000 mm, 78.8000 mm): Pad 26 [PD_INT_3V3] of U2 on F.Cu
[unconnected_items]: Missing connection between items
    Local override; error
    @(58.0000 mm, 102.6000 mm): PTH pad 4 [ENCODER_SW] of J9
    @(44.7600 mm, 116.7200 mm): Pad 2 [ENCODER_SW] of R36 on B.Cu
[unconnected_items]: Missing connection between items
    Local override; error
    @(83.9000 mm, 78.0000 mm): Pad 27 [ENCODER_SW] of U2 on F.Cu
    @(58.0000 mm, 102.6000 mm): PTH pad 4 [ENCODER_SW] of J9
[unconnected_items]: Missing connection between items
    Local override; error
    @(58.0000 mm, 90.0000 mm): PTH pad 1 [ENCODER_A] of J9
    @(40.7000 mm, 115.7000 mm): Pad 2 [ENCODER_A] of R34 on B.Cu
[unconnected_items]: Missing connection between items
    Local override; error
    @(83.9000 mm, 77.2000 mm): Pad 28 [ENCODER_A] of U2 on F.Cu
    @(58.0000 mm, 90.0000 mm): PTH pad 1 [ENCODER_A] of J9
[unconnected_items]: Missing connection between items
    Local override; error
    @(58.0000 mm, 98.4000 mm): PTH pad 3 [ENCODER_B] of J9
    @(42.7300 mm, 115.7000 mm): Pad 2 [ENCODER_B] of R35 on B.Cu
[unconnected_items]: Missing connection between items
    Local override; error
    @(83.9000 mm, 76.4000 mm): Pad 29 [ENCODER_B] of U2 on F.Cu
    @(58.0000 mm, 98.4000 mm): PTH pad 3 [ENCODER_B] of J9
[unconnected_items]: Missing connection between items
    Local override; error
    @(83.9000 mm, 75.6000 mm): Pad 30 [/MCU/UART_RX] of U2 on F.Cu
    @(102.5000 mm, 109.6200 mm): PTH pad 7 [/MCU/UART_RX] of J8
[unconnected_items]: Missing connection between items
    Local override; error
    @(102.5000 mm, 109.6200 mm): PTH pad 7 [/MCU/UART_RX] of J8
    @(210.5702 mm, 122.4813 mm): Pad 1 [/MCU/UART_RX] of TP12 on F.Cu
[unconnected_items]: Missing connection between items
    Local override; error
    @(83.9000 mm, 74.8000 mm): Pad 31 [/MCU/UART_TX] of U2 on F.Cu
    @(102.5000 mm, 107.0800 mm): PTH pad 5 [/MCU/UART_TX] of J8
[unconnected_items]: Missing connection between items
    Local override; error
    @(102.5000 mm, 107.0800 mm): PTH pad 5 [/MCU/UART_TX] of J8
    @(207.4777 mm, 122.4813 mm): Pad 1 [/MCU/UART_TX] of TP11 on F.Cu
[unconnected_items]: Missing connection between items
    Local override; error
    @(111.0000 mm, 26.9900 mm): Pad 2 [/USB_PD_CONTROLLER/OV_SENSE] of R55 on F.Cu
    @(113.2000 mm, 28.0100 mm): Pad 1 [/USB_PD_CONTROLLER/OV_SENSE] of R56 on F.Cu
[unconnected_items]: Missing connection between items
    Local override; error
    @(113.2000 mm, 28.0100 mm): Pad 1 [/USB_PD_CONTROLLER/OV_SENSE] of R56 on F.Cu
    @(116.0625 mm, 22.2500 mm): Pad 5 [/USB_PD_CONTROLLER/OV_SENSE] of U12 on F.Cu
[unconnected_items]: Missing connection between items
    Local override; error
    @(40.0000 mm, 84.8500 mm): Pad 1 [USB_VBUS] of D3 on B.Cu
    @(46.5000 mm, 140.0000 mm): Pad 1 [USB_VBUS] of TP1 on B.Cu
[unconnected_items]: Missing connection between items
    Local override; error
    @(46.5000 mm, 140.0000 mm): Pad 1 [USB_VBUS] of TP1 on B.Cu
    @(49.0375 mm, 140.0000 mm): Pad 1 [USB_VBUS] of R11 on B.Cu
[unconnected_items]: Missing connection between items
    Local override; error
    @(57.6550 mm, 80.1000 mm): Pad B9 [USB_VBUS] of J7 on F.Cu
    @(57.6550 mm, 84.9000 mm): Pad B4 [USB_VBUS] of J7 on F.Cu
[unconnected_items]: Missing connection between items
    Local override; error
    @(57.6550 mm, 84.9000 mm): Pad B4 [USB_VBUS] of J7 on F.Cu
    @(40.0000 mm, 84.8500 mm): Pad 1 [USB_VBUS] of D3 on B.Cu
[unconnected_items]: Missing connection between items
    Local override; error
    @(61.9625 mm, 149.2500 mm): Pad 1 [USB_VBUS] of U1 on B.Cu
    @(49.0375 mm, 140.0000 mm): Pad 1 [USB_VBUS] of R11 on B.Cu
[unconnected_items]: Missing connection between items
    Local override; error
    @(34.4000 mm, 74.0000 mm): Pad 1 [USB_CC1] of D8 on B.Cu
    @(29.5100 mm, 74.0000 mm): Pad 1 [USB_CC1] of R62 on B.Cu
[unconnected_items]: Missing connection between items
    Local override; error
    @(57.6550 mm, 81.2500 mm): Pad A5 [USB_CC1] of J7 on F.Cu
    @(34.4000 mm, 74.0000 mm): Pad 1 [USB_CC1] of D8 on B.Cu
[unconnected_items]: Missing connection between items
    Local override; error
    @(58.0375 mm, 149.7500 mm): Pad 17 [USB_CC1] of U1 on B.Cu
    @(57.6550 mm, 81.2500 mm): Pad A5 [USB_CC1] of J7 on F.Cu
[unconnected_items]: Missing connection between items
    Local override; error
    @(33.8375 mm, 78.2500 mm): Pad 3 [USB_DP] of U10 on B.Cu
    @(31.5625 mm, 78.2500 mm): Pad 4 [USB_DP] of U10 on B.Cu
[unconnected_items]: Missing connection between items
    Local override; error
    @(57.6550 mm, 82.2500 mm): Pad A6 [USB_DP] of J7 on F.Cu
    @(33.8375 mm, 78.2500 mm): Pad 3 [USB_DP] of U10 on B.Cu
[unconnected_items]: Missing connection between items
    Local override; error
    @(57.6550 mm, 83.2500 mm): Pad B6 [USB_DP] of J7 on F.Cu
    @(57.6550 mm, 82.2500 mm): Pad A6 [USB_DP] of J7 on F.Cu
[unconnected_items]: Missing connection between items
    Local override; error
    @(57.6550 mm, 83.2500 mm): Pad B6 [USB_DP] of J7 on F.Cu
    @(152.5100 mm, 93.0000 mm): Pad 2 [USB_DP] of R3 on B.Cu
[unconnected_items]: Missing connection between items
    Local override; error
    @(33.8375 mm, 76.3500 mm): Pad 1 [USB_DM] of U10 on B.Cu
    @(31.5625 mm, 76.3500 mm): Pad 6 [USB_DM] of U10 on B.Cu
[unconnected_items]: Missing connection between items
    Local override; error
    @(57.6550 mm, 81.7500 mm): Pad B7 [USB_DM] of J7 on F.Cu
    @(33.8375 mm, 76.3500 mm): Pad 1 [USB_DM] of U10 on B.Cu
[unconnected_items]: Missing connection between items
    Local override; error
    @(57.6550 mm, 82.7500 mm): Pad A7 [USB_DM] of J7 on F.Cu
    @(57.6550 mm, 81.7500 mm): Pad B7 [USB_DM] of J7 on F.Cu
[unconnected_items]: Missing connection between items
    Local override; error
    @(57.6550 mm, 82.7500 mm): Pad A7 [USB_DM] of J7 on F.Cu
    @(152.5100 mm, 94.4000 mm): Pad 2 [USB_DM] of R2 on B.Cu
[unconnected_items]: Missing connection between items
    Local override; error
    @(34.4000 mm, 80.9000 mm): Pad 1 [USB_CC2] of D9 on B.Cu
    @(29.5100 mm, 80.9000 mm): Pad 1 [USB_CC2] of R63 on B.Cu
[unconnected_items]: Missing connection between items
    Local override; error
    @(57.6550 mm, 84.2500 mm): Pad B5 [USB_CC2] of J7 on F.Cu
    @(34.4000 mm, 80.9000 mm): Pad 1 [USB_CC2] of D9 on B.Cu
[unconnected_items]: Missing connection between items
    Local override; error
    @(58.0375 mm, 150.2500 mm): Pad 16 [USB_CC2] of U1 on B.Cu
    @(57.6550 mm, 84.2500 mm): Pad B5 [USB_CC2] of J7 on F.Cu
[unconnected_items]: Missing connection between items
    Local override; error
    @(186.9625 mm, 22.5000 mm): Pad 2 [Net-(Q6-D)] of R67 on F.Cu
    @(189.5625 mm, 22.5000 mm): Pad 3 [Net-(Q6-D)] of Q6 on F.Cu
[unconnected_items]: Missing connection between items
    Local override; error
    @(22.9125 mm, 94.5000 mm): Pad 2 [/USER INTERFACE/BL_A] of R60 on F.Cu
    @(98.0000 mm, 116.0500 mm): Pad 2 [/USER INTERFACE/BL_A] of J3 on F.Cu
[unconnected_items]: Missing connection between items
    Local override; error
    @(116.0625 mm, 22.7500 mm): Pad 6 [/USB_PD_CONTROLLER/SW_EN] of U12 on F.Cu
    @(115.4000 mm, 28.0100 mm): Pad 1 [/USB_PD_CONTROLLER/SW_EN] of R58 on F.Cu
[unconnected_items]: Missing connection between items
    Local override; error
    @(151.1375 mm, 26.0500 mm): Pad 4 [/USB_PD_CONTROLLER/SW_EN] of U13 on B.Cu
    @(116.0625 mm, 22.7500 mm): Pad 6 [/USB_PD_CONTROLLER/SW_EN] of U12 on F.Cu
[unconnected_items]: Missing connection between items
    Local override; error
    @(190.0625 mm, 28.4500 mm): Pad 1 [/USB_PD_CONTROLLER/SW_EN] of Q4 on B.Cu
    @(151.1375 mm, 26.0500 mm): Pad 4 [/USB_PD_CONTROLLER/SW_EN] of U13 on B.Cu
[unconnected_items]: Missing connection between items
    Local override; error
    @(157.7500 mm, 18.1500 mm): Pad 8 [OUT_POS] of U3 on B.Cu
    @(157.2500 mm, 18.1500 mm): Pad 9 [OUT_POS] of U3 on B.Cu
[unconnected_items]: Missing connection between items
    Local override; error
    @(157.7500 mm, 18.1500 mm): Pad 8 [OUT_POS] of U3 on B.Cu
    @(159.9625 mm, 21.5000 mm): Pad 2 [OUT_POS] of RShunt1 on B.Cu
[unconnected_items]: Missing connection between items
    Local override; error
    @(164.8500 mm, 22.5000 mm): Pad 1 [OUT_POS] of D7 on B.Cu
    @(159.9625 mm, 21.5000 mm): Pad 2 [OUT_POS] of RShunt1 on B.Cu
[unconnected_items]: Missing connection between items
    Local override; error
    @(164.8500 mm, 22.5000 mm): Pad 1 [OUT_POS] of D7 on B.Cu
    @(168.0000 mm, 16.5000 mm): PTH pad 1 [OUT_POS] of J4
[unconnected_items]: Missing connection between items
    Local override; error
    @(166.1750 mm, 27.5000 mm): Pad 1 [OUT_POS] of R59 on B.Cu
    @(164.8500 mm, 22.5000 mm): Pad 1 [OUT_POS] of D7 on B.Cu
[unconnected_items]: Missing connection between items
    Local override; error
    @(181.0375 mm, 22.5000 mm): Pad 1 [OUT_POS] of R67 on F.Cu
    @(168.0000 mm, 16.5000 mm): PTH pad 1 [OUT_POS] of J4
[unconnected_items]: Missing connection between items
    Local override; error
    @(64.7100 mm, 150.5000 mm): Pad 2 [Net-(D1-A)] of R14 on B.Cu
    @(66.7150 mm, 150.5000 mm): Pad 2 [Net-(D1-A)] of D1 on B.Cu
[unconnected_items]: Missing connection between items
    Local override; error
    @(78.9850 mm, 20.0625 mm): Pad 1 [Net-(U6-REF)] of U6 on B.Cu
    @(80.2100 mm, 24.0000 mm): Pad 1 [Net-(U6-REF)] of R51 on B.Cu
[unconnected_items]: Missing connection between items
    Local override; error
    @(80.2100 mm, 24.0000 mm): Pad 1 [Net-(U6-REF)] of R51 on B.Cu
    @(82.0900 mm, 24.0000 mm): Pad 2 [Net-(U6-REF)] of R50 on B.Cu
[unconnected_items]: Missing connection between items
    Local override; error
    @(80.8850 mm, 20.0625 mm): Pad 2 [/USB_PD_CONTROLLER/EN_CTRL] of U6 on B.Cu
    @(83.1100 mm, 24.0000 mm): Pad 1 [/USB_PD_CONTROLLER/EN_CTRL] of R50 on B.Cu
[unconnected_items]: Missing connection between items
    Local override; error
    @(80.8850 mm, 20.0625 mm): Pad 2 [/USB_PD_CONTROLLER/EN_CTRL] of U6 on B.Cu
    @(62.9700 mm, 22.6000 mm): Pad 1 [/USB_PD_CONTROLLER/EN_CTRL] of D5 on B.Cu
[unconnected_items]: Missing connection between items
    Local override; error
    @(83.1100 mm, 24.0000 mm): Pad 1 [/USB_PD_CONTROLLER/EN_CTRL] of R50 on B.Cu
    @(88.0000 mm, 26.0375 mm): Pad 2 [/USB_PD_CONTROLLER/EN_CTRL] of R43 on B.Cu
[unconnected_items]: Missing connection between items
    Local override; error
    @(88.0000 mm, 26.0375 mm): Pad 2 [/USB_PD_CONTROLLER/EN_CTRL] of R43 on B.Cu
    @(95.6975 mm, 19.4050 mm): Pad 8 [/USB_PD_CONTROLLER/EN_CTRL] of U5 on B.Cu
[unconnected_items]: Missing connection between items
    Local override; error
    @(55.0200 mm, 151.5000 mm): Pad 1 [Net-(U1-IFB)] of C2 on B.Cu
    @(58.0375 mm, 150.7500 mm): Pad 15 [Net-(U1-IFB)] of U1 on B.Cu
[unconnected_items]: Missing connection between items
    Local override; error
    @(140.5000 mm, 143.4700 mm): Pad 2 [/MCU/ETH_PWR_EN] of C21 on B.Cu
    @(143.5000 mm, 143.5000 mm): Pad 2 [/MCU/ETH_PWR_EN] of R17 on B.Cu
[unconnected_items]: Missing connection between items
    Local override; error
    @(143.5000 mm, 143.5000 mm): Pad 2 [/MCU/ETH_PWR_EN] of R17 on B.Cu
    @(152.0000 mm, 105.0000 mm): Pad 1 [/MCU/ETH_PWR_EN] of TP10 on B.Cu
[unconnected_items]: Missing connection between items
    Local override; error
    @(146.0500 mm, 144.1275 mm): Pad 3 [/MCU/ETH_PWR_EN] of Q8 on B.Cu
    @(143.5000 mm, 143.5000 mm): Pad 2 [/MCU/ETH_PWR_EN] of R17 on B.Cu
[unconnected_items]: Missing connection between items
    Local override; error
    @(152.0000 mm, 105.0000 mm): Pad 1 [/MCU/ETH_PWR_EN] of TP10 on B.Cu
    @(151.4900 mm, 98.4000 mm): Pad 1 [/MCU/ETH_PWR_EN] of R16 on B.Cu
[unconnected_items]: Missing connection between items
    Local override; error
    @(207.9800 mm, 82.5000 mm): PTH pad 1 [Net-(U4-VBACK)] of C33
    @(216.4750 mm, 99.6350 mm): Pad 3 [Net-(U4-VBACK)] of U4 on B.Cu
[unconnected_items]: Missing connection between items
    Local override; error
    @(63.8800 mm, 27.3000 mm): Pad 1 [Net-(C24-Pad1)] of C24 on B.Cu
    @(65.9900 mm, 27.3000 mm): Pad 2 [Net-(C24-Pad1)] of R52 on B.Cu
[unconnected_items]: Missing connection between items
    Local override; error
    @(102.5000 mm, 117.2400 mm): PTH pad 13 [/MCU/ETH_3V3] of J8
    @(99.9600 mm, 117.2400 mm): PTH pad 14 [/MCU/ETH_3V3] of J8
[unconnected_items]: Missing connection between items
    Local override; error
    @(147.0000 mm, 141.8525 mm): Pad 5 [/MCU/ETH_3V3] of Q8 on B.Cu
    @(147.0000 mm, 144.1275 mm): Pad 2 [/MCU/ETH_3V3] of Q8 on B.Cu
[unconnected_items]: Missing connection between items
    Local override; error
    @(147.0000 mm, 141.8525 mm): Pad 5 [/MCU/ETH_3V3] of Q8 on B.Cu
    @(102.5000 mm, 117.2400 mm): PTH pad 13 [/MCU/ETH_3V3] of J8
[unconnected_items]: Missing connection between items
    Local override; error
    @(147.0000 mm, 144.1275 mm): Pad 2 [/MCU/ETH_3V3] of Q8 on B.Cu
    @(147.9500 mm, 144.1275 mm): Pad 1 [/MCU/ETH_3V3] of Q8 on B.Cu
[unconnected_items]: Missing connection between items
    Local override; error
    @(147.9500 mm, 141.8525 mm): Pad 6 [/MCU/ETH_3V3] of Q8 on B.Cu
    @(147.0000 mm, 141.8525 mm): Pad 5 [/MCU/ETH_3V3] of Q8 on B.Cu
[unconnected_items]: Missing connection between items
    Local override; error
    @(147.9500 mm, 144.1275 mm): Pad 1 [/MCU/ETH_3V3] of Q8 on B.Cu
    @(150.8000 mm, 143.7800 mm): Pad 1 [/MCU/ETH_3V3] of C20 on B.Cu
[unconnected_items]: Missing connection between items
    Local override; error
    @(150.8000 mm, 143.7800 mm): Pad 1 [/MCU/ETH_3V3] of C20 on B.Cu
    @(154.0000 mm, 143.3100 mm): Pad 1 [/MCU/ETH_3V3] of C10 on B.Cu
[unconnected_items]: Missing connection between items
    Local override; error
    @(60.7500 mm, 152.4625 mm): Pad 8 [Net-(U1-LED)] of U1 on B.Cu
    @(63.6900 mm, 150.5000 mm): Pad 1 [Net-(U1-LED)] of R14 on B.Cu
[unconnected_items]: Missing connection between items
    Local override; error
    @(95.0000 mm, 25.6900 mm): Pad 1 [/USB_PD_CONTROLLER/COMP_NODE] of R41 on B.Cu
    @(95.6975 mm, 23.2150 mm): Pad 5 [/USB_PD_CONTROLLER/COMP_NODE] of U5 on B.Cu
[unconnected_items]: Missing connection between items
    Local override; error
    @(92.3000 mm, 28.9800 mm): Pad 1 [Net-(C19-Pad1)] of C19 on B.Cu
    @(95.0000 mm, 26.7100 mm): Pad 2 [Net-(C19-Pad1)] of R41 on B.Cu
[unconnected_items]: Missing connection between items
    Local override; error
    @(101.1200 mm, 13.3700 mm): Pad 1 [/USB_PD_CONTROLLER/LX_SW] of L1 on B.Cu
    @(100.7025 mm, 19.4050 mm): Pad 1 [/USB_PD_CONTROLLER/LX_SW] of U5 on B.Cu
[unconnected_items]: Missing connection between items
    Local override; error
    @(102.9000 mm, 19.5000 mm): Pad 1 [/USB_PD_CONTROLLER/LX_SW] of D2 on B.Cu
    @(100.7025 mm, 19.4050 mm): Pad 1 [/USB_PD_CONTROLLER/LX_SW] of U5 on B.Cu
[unconnected_items]: Missing connection between items
    Local override; error
    @(103.5200 mm, 23.5000 mm): Pad 2 [/USB_PD_CONTROLLER/LX_SW] of C17 on B.Cu
    @(102.9000 mm, 19.5000 mm): Pad 1 [/USB_PD_CONTROLLER/LX_SW] of D2 on B.Cu
[unconnected_items]: Missing connection between items
    Local override; error
    @(100.7025 mm, 20.6750 mm): Pad 2 [Net-(U5-BST)] of U5 on B.Cu
    @(104.4800 mm, 23.5000 mm): Pad 1 [Net-(U5-BST)] of C17 on B.Cu
[unconnected_items]: Missing connection between items
    Local override; error
    @(100.7025 mm, 23.2150 mm): Pad 4 [/USB_PD_CONTROLLER/FSW_SET] of U5 on B.Cu
    @(101.9900 mm, 25.3000 mm): Pad 1 [/USB_PD_CONTROLLER/FSW_SET] of R38 on B.Cu
[unconnected_items]: Missing connection between items
    Local override; error
    @(88.5100 mm, 24.1000 mm): Pad 1 [/USB_PD_CONTROLLER/FB_3V3] of R40 on B.Cu
    @(91.5100 mm, 25.5000 mm): Pad 2 [/USB_PD_CONTROLLER/FB_3V3] of R39 on B.Cu
[unconnected_items]: Missing connection between items
    Local override; error
    @(91.5100 mm, 25.5000 mm): Pad 2 [/USB_PD_CONTROLLER/FB_3V3] of R39 on B.Cu
    @(95.6975 mm, 21.9450 mm): Pad 6 [/USB_PD_CONTROLLER/FB_3V3] of U5 on B.Cu
[unconnected_items]: Missing connection between items
    Local override; error
    @(93.7800 mm, 24.3000 mm): Pad 1 [/USB_PD_CONTROLLER/SS_RAMP] of C18 on B.Cu
    @(95.6975 mm, 20.6750 mm): Pad 7 [/USB_PD_CONTROLLER/SS_RAMP] of U5 on B.Cu
[unconnected_items]: Missing connection between items
    Local override; error
    @(59.6900 mm, 24.5000 mm): Pad 2 [/USB_PD_CONTROLLER/BOOST_FB] of R48 on B.Cu
    @(61.5100 mm, 27.3000 mm): Pad 1 [/USB_PD_CONTROLLER/BOOST_FB] of R49 on B.Cu
[unconnected_items]: Missing connection between items
    Local override; error
    @(65.0700 mm, 22.6000 mm): Pad 2 [/USB_PD_CONTROLLER/BOOST_FB] of D5 on B.Cu
    @(59.6900 mm, 24.5000 mm): Pad 2 [/USB_PD_CONTROLLER/BOOST_FB] of R48 on B.Cu
[unconnected_items]: Missing connection between items
    Local override; error
    @(60.9750 mm, 19.0000 mm): Pad 1 [PD_VOUT] of C25 on B.Cu
    @(72.7125 mm, 19.6900 mm): Pad 3 [PD_VOUT] of U11 on B.Cu
[unconnected_items]: Missing connection between items
    Local override; error
    @(61.7150 mm, 142.8700 mm): Pad 5 [PD_VOUT] of Q3 on B.Cu
    @(66.0100 mm, 144.5000 mm): Pad 2 [PD_VOUT] of R13 on B.Cu
[unconnected_items]: Missing connection between items
    Local override; error
    @(62.2000 mm, 11.0000 mm): Pad 1 [PD_VOUT] of C29 on B.Cu
    @(60.9750 mm, 19.0000 mm): Pad 1 [PD_VOUT] of C25 on B.Cu
[unconnected_items]: Missing connection between items
    Local override; error
    @(65.5000 mm, 138.5250 mm): Pad 1 [PD_VOUT] of C8 on B.Cu
    @(61.7725 mm, 140.0000 mm): Pad 5 [PD_VOUT] of Q3 on B.Cu
[unconnected_items]: Missing connection between items
    Local override; error
    @(65.5000 mm, 138.5250 mm): Pad 1 [PD_VOUT] of C8 on B.Cu
    @(76.0100 mm, 25.1000 mm): Pad 1 [PD_VOUT] of R53 on B.Cu
[unconnected_items]: Missing connection between items
    Local override; error
    @(66.3500 mm, 7.5000 mm): Pad 2 [PD_VOUT] of L3 on B.Cu
    @(62.2000 mm, 11.0000 mm): Pad 1 [PD_VOUT] of C29 on B.Cu
[unconnected_items]: Missing connection between items
    Local override; error
    @(69.5000 mm, 140.0000 mm): Pad 1 [PD_VOUT] of TP3 on B.Cu
    @(65.5000 mm, 138.5250 mm): Pad 1 [PD_VOUT] of C8 on B.Cu
[unconnected_items]: Missing connection between items
    Local override; error
    @(76.0100 mm, 25.1000 mm): Pad 1 [PD_VOUT] of R53 on B.Cu
    @(72.7125 mm, 19.6900 mm): Pad 3 [PD_VOUT] of U11 on B.Cu
[unconnected_items]: Missing connection between items
    Local override; error
    @(76.4800 mm, 16.7000 mm): Pad 1 [PD_VOUT] of C26 on B.Cu
    @(72.7125 mm, 19.6900 mm): Pad 3 [PD_VOUT] of U11 on B.Cu
[unconnected_items]: Missing connection between items
    Local override; error
    @(60.7500 mm, 148.5375 mm): Pad 23 [Net-(U1-PWR_EN)] of U1 on B.Cu
    @(61.0000 mm, 145.7100 mm): Pad 1 [Net-(U1-PWR_EN)] of R12 on B.Cu
[unconnected_items]: Missing connection between items
    Local override; error
    @(58.8650 mm, 137.2850 mm): Pad 2 [/USB_PD_CONTROLLER/PD_GATE] of Q3 on B.Cu
    @(61.4050 mm, 137.2850 mm): Pad 4 [/USB_PD_CONTROLLER/PD_GATE] of Q3 on B.Cu
[unconnected_items]: Missing connection between items
    Local override; error
    @(61.0000 mm, 144.6900 mm): Pad 2 [/USB_PD_CONTROLLER/PD_GATE] of R12 on B.Cu
    @(61.4050 mm, 137.2850 mm): Pad 4 [/USB_PD_CONTROLLER/PD_GATE] of Q3 on B.Cu
[unconnected_items]: Missing connection between items
    Local override; error
    @(61.4050 mm, 137.2850 mm): Pad 4 [/USB_PD_CONTROLLER/PD_GATE] of Q3 on B.Cu
    @(61.0000 mm, 134.5000 mm): Pad 1 [/USB_PD_CONTROLLER/PD_GATE] of TP5 on B.Cu
[unconnected_items]: Missing connection between items
    Local override; error
    @(72.7125 mm, 20.3400 mm): Pad 4 [Net-(U11-EN)] of U11 on B.Cu
    @(74.9900 mm, 25.1000 mm): Pad 2 [Net-(U11-EN)] of R53 on B.Cu
[unconnected_items]: Missing connection between items
    Local override; error
    @(60.2500 mm, 152.4625 mm): Pad 9 [PD_INT_5V] of U1 on B.Cu
    @(61.6900 mm, 155.5000 mm): Pad 1 [PD_INT_5V] of R8 on B.Cu
[unconnected_items]: Missing connection between items
    Local override; error
    @(62.7100 mm, 155.5000 mm): Pad 2 [Net-(R64-Pad1)] of R8 on B.Cu
    @(63.9900 mm, 155.5000 mm): Pad 1 [Net-(R64-Pad1)] of R64 on B.Cu
[unconnected_items]: Missing connection between items
    Local override; error
    @(72.7125 mm, 18.3900 mm): Pad 1 [/USB_PD_CONTROLLER/BOOST_SW] of U11 on B.Cu
    @(72.7125 mm, 19.0400 mm): Pad 2 [/USB_PD_CONTROLLER/BOOST_SW] of U11 on B.Cu
[unconnected_items]: Missing connection between items
    Local override; error
    @(72.8000 mm, 14.0000 mm): Pad 2 [/USB_PD_CONTROLLER/BOOST_SW] of D4 on B.Cu
    @(72.7125 mm, 18.3900 mm): Pad 1 [/USB_PD_CONTROLLER/BOOST_SW] of U11 on B.Cu
[unconnected_items]: Missing connection between items
    Local override; error
    @(72.8000 mm, 14.0000 mm): Pad 2 [/USB_PD_CONTROLLER/BOOST_SW] of D4 on B.Cu
    @(72.7500 mm, 7.5000 mm): Pad 1 [/USB_PD_CONTROLLER/BOOST_SW] of L3 on B.Cu
[unconnected_items]: Missing connection between items
    Local override; error
    @(72.4800 mm, 25.1000 mm): Pad 1 [Net-(U11-SS)] of C23 on B.Cu
    @(72.7125 mm, 20.9900 mm): Pad 5 [Net-(U11-SS)] of U11 on B.Cu
[unconnected_items]: Missing connection between items
    Local override; error
    @(66.9875 mm, 22.2900 mm): Pad 8 [Net-(U11-COMP)] of U11 on B.Cu
    @(67.0100 mm, 27.3000 mm): Pad 1 [Net-(U11-COMP)] of R52 on B.Cu
[unconnected_items]: Missing connection between items
    Local override; error
    @(64.0100 mm, 19.0000 mm): Pad 1 [Net-(U11-FREQ)] of R47 on B.Cu
    @(66.9875 mm, 20.9900 mm): Pad 10 [Net-(U11-FREQ)] of U11 on B.Cu
[unconnected_items]: Missing connection between items
    Local override; error
    @(216.4750 mm, 97.0950 mm): Pad 1 [Net-(U4-OSCI)] of U4 on B.Cu
    @(220.7500 mm, 96.1250 mm): Pad 1 [Net-(U4-OSCI)] of Y1 on B.Cu
[unconnected_items]: Missing connection between items
    Local override; error
    @(216.4750 mm, 98.3650 mm): Pad 2 [Net-(U4-OSCO)] of U4 on B.Cu
    @(220.7500 mm, 99.3250 mm): Pad 4 [Net-(U4-OSCO)] of Y1 on B.Cu
[unconnected_items]: Missing connection between items
    Local override; error
    @(102.5000 mm, 104.5400 mm): PTH pad 3 [/MCU/ETH_CFG0] of J8
    @(152.5100 mm, 87.5000 mm): Pad 2 [/MCU/ETH_CFG0] of R15 on B.Cu
[unconnected_items]: Missing connection between items
    Local override; error
    @(152.5100 mm, 87.5000 mm): Pad 2 [/MCU/ETH_CFG0] of R15 on B.Cu
    @(152.0000 mm, 84.5000 mm): Pad 1 [/MCU/ETH_CFG0] of TP9 on B.Cu
[unconnected_items]: Missing connection between items
    Local override; error
    @(56.0000 mm, 144.6900 mm): Pad 2 [Net-(U1-OTP)] of TH1 on B.Cu
    @(58.0375 mm, 151.7500 mm): Pad 13 [Net-(U1-OTP)] of U1 on B.Cu
[unconnected_items]: Missing connection between items
    Local override; error
    @(61.9625 mm, 150.7500 mm): Pad 4 [PD_I2C_SDA_5V] of U1 on B.Cu
    @(213.5000 mm, 113.9900 mm): Pad 2 [PD_I2C_SDA_5V] of R6 on B.Cu
[unconnected_items]: Missing connection between items
    Local override; error
    @(213.5000 mm, 113.9900 mm): Pad 2 [PD_I2C_SDA_5V] of R6 on B.Cu
    @(213.5000 mm, 111.9375 mm): Pad 3 [PD_I2C_SDA_5V] of Q2 on B.Cu
[unconnected_items]: Missing connection between items
    Local override; error
    @(61.9625 mm, 151.2500 mm): Pad 5 [PD_I2C_SCL_5V] of U1 on B.Cu
    @(209.0000 mm, 113.9900 mm): Pad 2 [PD_I2C_SCL_5V] of R5 on B.Cu
[unconnected_items]: Missing connection between items
    Local override; error
    @(209.0000 mm, 113.9900 mm): Pad 2 [PD_I2C_SCL_5V] of R5 on B.Cu
    @(209.0000 mm, 111.9375 mm): Pad 3 [PD_I2C_SCL_5V] of Q1 on B.Cu
[unconnected_items]: Missing connection between items
    Local override; error
    @(59.2500 mm, 152.4625 mm): Pad 11 [Net-(U1-VSEL)] of U1 on B.Cu
    @(60.3100 mm, 155.5000 mm): Pad 2 [Net-(U1-VSEL)] of R21 on B.Cu
[unconnected_items]: Missing connection between items
    Local override; error
    @(57.0200 mm, 155.5000 mm): Pad 1 [Net-(U1-V18)] of C1 on B.Cu
    @(58.7500 mm, 152.4625 mm): Pad 12 [Net-(U1-V18)] of U1 on B.Cu
[unconnected_items]: Missing connection between items
    Local override; error
    @(55.5200 mm, 148.5000 mm): Pad 1 [PD_5V] of C4 on B.Cu
    @(52.0000 mm, 149.0000 mm): Pad 1 [PD_5V] of TP4 on B.Cu
[unconnected_items]: Missing connection between items
    Local override; error
    @(59.2500 mm, 148.5375 mm): Pad 20 [PD_5V] of U1 on B.Cu
    @(55.5200 mm, 148.5000 mm): Pad 1 [PD_5V] of C4 on B.Cu
[unconnected_items]: Missing connection between items
    Local override; error
    @(59.2500 mm, 148.5375 mm): Pad 20 [PD_5V] of U1 on B.Cu
    @(209.0000 mm, 115.0100 mm): Pad 1 [PD_5V] of R5 on B.Cu
[unconnected_items]: Missing connection between items
    Local override; error
    @(213.5000 mm, 115.0100 mm): Pad 1 [PD_5V] of R6 on B.Cu
    @(209.0000 mm, 115.0100 mm): Pad 1 [PD_5V] of R5 on B.Cu
[unconnected_items]: Missing connection between items
    Local override; error
    @(60.2500 mm, 148.5375 mm): Pad 22 [Net-(U1-VOUT)] of U1 on B.Cu
    @(64.9900 mm, 144.5000 mm): Pad 1 [Net-(U1-VOUT)] of R13 on B.Cu
[unconnected_items]: Missing connection between items
    Local override; error
    @(66.2900 mm, 155.5000 mm): Pad 1 [Net-(R65-Pad1)] of R65 on B.Cu
    @(69.6100 mm, 155.5000 mm): Pad 2 [Net-(R65-Pad1)] of R9 on B.Cu
[unconnected_items]: Missing connection between items
    Local override; error
    @(57.5950 mm, 137.2850 mm): Pad 1 [Net-(Q3A-S)] of Q3 on B.Cu
    @(60.1350 mm, 137.2850 mm): Pad 3 [Net-(Q3A-S)] of Q3 on B.Cu
[unconnected_items]: Missing connection between items
    Local override; error
    @(99.9600 mm, 104.5400 mm): PTH pad 4 [/MCU/ETH_RUN] of J8
    @(153.0000 mm, 155.6900 mm): Pad 1 [/MCU/ETH_RUN] of TP14 on B.Cu

** Found 0 Footprint errors **

** Ignored checks **
    - Footprint has no courtyard defined
    - Track endpoint not centered on via
    - Tuning profile track geometries
    - Footprint doesn't match symbol's footprint filters
    - Footprint component type doesn't match footprint pads

** End of Report **
