ISO-10303-21;
HEADER;
FILE_DESCRIPTION(('KiCad electronic assembly'),'2;1');
FILE_NAME('J9.step','2026-09-25T11:04:43',('Pcbnew'),('Kicad'),
  'Open CASCADE STEP processor 7.9','KiCad to STEP converter','Unknown'
  );
FILE_SCHEMA(('AUTOMOTIVE_DESIGN { 1 0 10303 214 1 1 1 1 }'));
ENDSEC;
DATA;
#1 = APPLICATION_PROTOCOL_DEFINITION('international standard',
  'automotive_design',2000,#2);
#2 = APPLICATION_CONTEXT(
  'core data for automotive mechanical design processes');
#3 = SHAPE_DEFINITION_REPRESENTATION(#4,#10);
#4 = PRODUCT_DEFINITION_SHAPE('','',#5);
#5 = PRODUCT_DEFINITION('design','',#6,#9);
#6 = PRODUCT_DEFINITION_FORMATION('','',#7);
#7 = PRODUCT('J9 1','J9 1','',(#8));
#8 = PRODUCT_CONTEXT('',#2,'mechanical');
#9 = PRODUCT_DEFINITION_CONTEXT('part definition',#2,'design');
#10 = SHAPE_REPRESENTATION('',(#11,#15),#19);
#11 = AXIS2_PLACEMENT_3D('',#12,#13,#14);
#12 = CARTESIAN_POINT('',(0.,0.,0.));
#13 = DIRECTION('',(0.,0.,1.));
#14 = DIRECTION('',(1.,0.,-0.));
#15 = AXIS2_PLACEMENT_3D('',#16,#17,#18);
#16 = CARTESIAN_POINT('',(58.,-104.,1.595));
#17 = DIRECTION('',(-0.,0.,1.));
#18 = DIRECTION('',(1.110223024625E-16,-1.,0.));
#19 = ( GEOMETRIC_REPRESENTATION_CONTEXT(3) 
GLOBAL_UNCERTAINTY_ASSIGNED_CONTEXT((#23)) GLOBAL_UNIT_ASSIGNED_CONTEXT(
(#20,#21,#22)) REPRESENTATION_CONTEXT('Context #1',
  '3D Context with UNIT and UNCERTAINTY') );
#20 = ( LENGTH_UNIT() NAMED_UNIT(*) SI_UNIT(.MILLI.,.METRE.) );
#21 = ( NAMED_UNIT(*) PLANE_ANGLE_UNIT() SI_UNIT($,.RADIAN.) );
#22 = ( NAMED_UNIT(*) SI_UNIT($,.STERADIAN.) SOLID_ANGLE_UNIT() );
#23 = UNCERTAINTY_MEASURE_WITH_UNIT(LENGTH_MEASURE(1.E-07),#20,
  'distance_accuracy_value','confusion accuracy');
#24 = PRODUCT_RELATED_PRODUCT_CATEGORY('part',$,(#7));
#25 = SHAPE_DEFINITION_REPRESENTATION(#26,#32);
#26 = PRODUCT_DEFINITION_SHAPE('','',#27);
#27 = PRODUCT_DEFINITION('design','',#28,#31);
#28 = PRODUCT_DEFINITION_FORMATION('','',#29);
#29 = PRODUCT('SolderWire-0.25sqmm_1x05_P4.2mm_D0.65mm_OD1.7mm',
  'SolderWire-0.25sqmm_1x05_P4.2mm_D0.65mm_OD1.7mm','',(#30));
#30 = PRODUCT_CONTEXT('',#2,'mechanical');
#31 = PRODUCT_DEFINITION_CONTEXT('part definition',#2,'design');
#32 = SHAPE_REPRESENTATION('',(#11,#33),#37);
#33 = AXIS2_PLACEMENT_3D('',#34,#35,#36);
#34 = CARTESIAN_POINT('',(0.,0.,0.));
#35 = DIRECTION('',(0.,0.,1.));
#36 = DIRECTION('',(1.,0.,-0.));
#37 = ( GEOMETRIC_REPRESENTATION_CONTEXT(3) 
GLOBAL_UNCERTAINTY_ASSIGNED_CONTEXT((#41)) GLOBAL_UNIT_ASSIGNED_CONTEXT(
(#38,#39,#40)) REPRESENTATION_CONTEXT('Context #1',
  '3D Context with UNIT and UNCERTAINTY') );
#38 = ( LENGTH_UNIT() NAMED_UNIT(*) SI_UNIT(.MILLI.,.METRE.) );
#39 = ( NAMED_UNIT(*) PLANE_ANGLE_UNIT() SI_UNIT($,.RADIAN.) );
#40 = ( NAMED_UNIT(*) SI_UNIT($,.STERADIAN.) SOLID_ANGLE_UNIT() );
#41 = UNCERTAINTY_MEASURE_WITH_UNIT(LENGTH_MEASURE(1.E-07),#38,
  'distance_accuracy_value','confusion accuracy');
#42 = CONTEXT_DEPENDENT_SHAPE_REPRESENTATION(#43,#45);
#43 = ( REPRESENTATION_RELATIONSHIP('','',#32,#10) 
REPRESENTATION_RELATIONSHIP_WITH_TRANSFORMATION(#44) 
SHAPE_REPRESENTATION_RELATIONSHIP() );
#44 = ITEM_DEFINED_TRANSFORMATION('','',#11,#15);
#45 = PRODUCT_DEFINITION_SHAPE('Placement','Placement of an item',#46);
#46 = NEXT_ASSEMBLY_USAGE_OCCURRENCE('2','J9','',#5,#27,$);
#47 = PRODUCT_RELATED_PRODUCT_CATEGORY('part',$,(#29));
#48 = SHAPE_DEFINITION_REPRESENTATION(#49,#55);
#49 = PRODUCT_DEFINITION_SHAPE('','',#50);
#50 = PRODUCT_DEFINITION('design','',#51,#54);
#51 = PRODUCT_DEFINITION_FORMATION('','',#52);
#52 = PRODUCT('J9_wire_exit_envelope_TASK065',
  'J9_wire_exit_envelope_TASK065','',(#53));
#53 = PRODUCT_CONTEXT('',#2,'mechanical');
#54 = PRODUCT_DEFINITION_CONTEXT('part definition',#2,'design');
#55 = SHAPE_REPRESENTATION('',(#11,#56,#206,#356,#506,#656,#806,#956,
    #1106,#1256,#1406,#1556,#1706,#1856,#2006,#2156,#2306,#2456,#2606,
    #2756,#2906,#3056,#3206,#3356,#3506,#3656,#3806,#3956,#4106,#4256,
    #4406,#4556,#4706,#4856,#5006,#5156,#5306,#5456,#5606,#5756,#5906,
    #6056,#6206,#6356,#6506,#6656,#6806,#6956,#7106,#7256,#7406,#7556,
    #7706,#7856,#8006,#8156,#8306,#8456,#8606,#8756,#8906,#9056,#9206,
    #9356,#9506,#9656,#9806,#9956,#10106,#10256,#10406,#10556,#10706,
    #10856,#11006,#11156,#11306,#11456,#11606,#11756,#11906,#12056,
    #12206,#12356,#12506,#12656,#12806,#12956,#13106,#13256,#13406),
  #13556);
#56 = MANIFOLD_SOLID_BREP('',#57);
#57 = CLOSED_SHELL('',(#58,#98,#138,#160,#182,#194));
#58 = ADVANCED_FACE('',(#59),#93,.T.);
#59 = FACE_BOUND('',#60,.T.);
#60 = EDGE_LOOP('',(#61,#71,#79,#87));
#61 = ORIENTED_EDGE('',*,*,#62,.T.);
#62 = EDGE_CURVE('',#63,#65,#67,.T.);
#63 = VERTEX_POINT('',#64);
#64 = CARTESIAN_POINT('',(-0.4699,0.7083,0.3));
#65 = VERTEX_POINT('',#66);
#66 = CARTESIAN_POINT('',(-0.4699,0.85,0.3));
#67 = LINE('',#68,#69);
#68 = CARTESIAN_POINT('',(-0.4699,0.7083,0.3));
#69 = VECTOR('',#70,1.);
#70 = DIRECTION('',(0.,1.,0.));
#71 = ORIENTED_EDGE('',*,*,#72,.T.);
#72 = EDGE_CURVE('',#65,#73,#75,.T.);
#73 = VERTEX_POINT('',#74);
#74 = CARTESIAN_POINT('',(0.4699,0.85,0.3));
#75 = LINE('',#76,#77);
#76 = CARTESIAN_POINT('',(-0.4699,0.85,0.3));
#77 = VECTOR('',#78,1.);
#78 = DIRECTION('',(1.,0.,0.));
#79 = ORIENTED_EDGE('',*,*,#80,.F.);
#80 = EDGE_CURVE('',#81,#73,#83,.T.);
#81 = VERTEX_POINT('',#82);
#82 = CARTESIAN_POINT('',(0.4699,0.7083,0.3));
#83 = LINE('',#84,#85);
#84 = CARTESIAN_POINT('',(0.4699,0.7083,0.3));
#85 = VECTOR('',#86,1.);
#86 = DIRECTION('',(0.,1.,0.));
#87 = ORIENTED_EDGE('',*,*,#88,.F.);
#88 = EDGE_CURVE('',#63,#81,#89,.T.);
#89 = LINE('',#90,#91);
#90 = CARTESIAN_POINT('',(-0.4699,0.7083,0.3));
#91 = VECTOR('',#92,1.);
#92 = DIRECTION('',(1.,0.,0.));
#93 = PLANE('',#94);
#94 = AXIS2_PLACEMENT_3D('',#95,#96,#97);
#95 = CARTESIAN_POINT('',(-0.4699,0.7083,0.3));
#96 = DIRECTION('',(0.,0.,-1.));
#97 = DIRECTION('',(1.,0.,0.));
#98 = ADVANCED_FACE('',(#99),#133,.T.);
#99 = FACE_BOUND('',#100,.T.);
#100 = EDGE_LOOP('',(#101,#111,#119,#127));
#101 = ORIENTED_EDGE('',*,*,#102,.T.);
#102 = EDGE_CURVE('',#103,#105,#107,.T.);
#103 = VERTEX_POINT('',#104);
#104 = CARTESIAN_POINT('',(-0.4699,0.7083,10.));
#105 = VERTEX_POINT('',#106);
#106 = CARTESIAN_POINT('',(0.4699,0.7083,10.));
#107 = LINE('',#108,#109);
#108 = CARTESIAN_POINT('',(-0.4699,0.7083,10.));
#109 = VECTOR('',#110,1.);
#110 = DIRECTION('',(1.,0.,0.));
#111 = ORIENTED_EDGE('',*,*,#112,.T.);
#112 = EDGE_CURVE('',#105,#113,#115,.T.);
#113 = VERTEX_POINT('',#114);
#114 = CARTESIAN_POINT('',(0.4699,0.85,10.));
#115 = LINE('',#116,#117);
#116 = CARTESIAN_POINT('',(0.4699,0.7083,10.));
#117 = VECTOR('',#118,1.);
#118 = DIRECTION('',(0.,1.,0.));
#119 = ORIENTED_EDGE('',*,*,#120,.F.);
#120 = EDGE_CURVE('',#121,#113,#123,.T.);
#121 = VERTEX_POINT('',#122);
#122 = CARTESIAN_POINT('',(-0.4699,0.85,10.));
#123 = LINE('',#124,#125);
#124 = CARTESIAN_POINT('',(-0.4699,0.85,10.));
#125 = VECTOR('',#126,1.);
#126 = DIRECTION('',(1.,0.,0.));
#127 = ORIENTED_EDGE('',*,*,#128,.F.);
#128 = EDGE_CURVE('',#103,#121,#129,.T.);
#129 = LINE('',#130,#131);
#130 = CARTESIAN_POINT('',(-0.4699,0.7083,10.));
#131 = VECTOR('',#132,1.);
#132 = DIRECTION('',(0.,1.,0.));
#133 = PLANE('',#134);
#134 = AXIS2_PLACEMENT_3D('',#135,#136,#137);
#135 = CARTESIAN_POINT('',(-0.4699,0.7083,10.));
#136 = DIRECTION('',(0.,0.,1.));
#137 = DIRECTION('',(1.,0.,-0.));
#138 = ADVANCED_FACE('',(#139),#155,.T.);
#139 = FACE_BOUND('',#140,.T.);
#140 = EDGE_LOOP('',(#141,#142,#148,#149));
#141 = ORIENTED_EDGE('',*,*,#88,.T.);
#142 = ORIENTED_EDGE('',*,*,#143,.T.);
#143 = EDGE_CURVE('',#81,#105,#144,.T.);
#144 = LINE('',#145,#146);
#145 = CARTESIAN_POINT('',(0.4699,0.7083,0.3));
#146 = VECTOR('',#147,1.);
#147 = DIRECTION('',(0.,0.,1.));
#148 = ORIENTED_EDGE('',*,*,#102,.F.);
#149 = ORIENTED_EDGE('',*,*,#150,.F.);
#150 = EDGE_CURVE('',#63,#103,#151,.T.);
#151 = LINE('',#152,#153);
#152 = CARTESIAN_POINT('',(-0.4699,0.7083,0.3));
#153 = VECTOR('',#154,1.);
#154 = DIRECTION('',(0.,0.,1.));
#155 = PLANE('',#156);
#156 = AXIS2_PLACEMENT_3D('',#157,#158,#159);
#157 = CARTESIAN_POINT('',(-0.4699,0.7083,0.3));
#158 = DIRECTION('',(0.,-1.,0.));
#159 = DIRECTION('',(1.,0.,0.));
#160 = ADVANCED_FACE('',(#161),#177,.T.);
#161 = FACE_BOUND('',#162,.T.);
#162 = EDGE_LOOP('',(#163,#169,#170,#176));
#163 = ORIENTED_EDGE('',*,*,#164,.T.);
#164 = EDGE_CURVE('',#65,#121,#165,.T.);
#165 = LINE('',#166,#167);
#166 = CARTESIAN_POINT('',(-0.4699,0.85,0.3));
#167 = VECTOR('',#168,1.);
#168 = DIRECTION('',(0.,0.,1.));
#169 = ORIENTED_EDGE('',*,*,#120,.T.);
#170 = ORIENTED_EDGE('',*,*,#171,.F.);
#171 = EDGE_CURVE('',#73,#113,#172,.T.);
#172 = LINE('',#173,#174);
#173 = CARTESIAN_POINT('',(0.4699,0.85,0.3));
#174 = VECTOR('',#175,1.);
#175 = DIRECTION('',(0.,0.,1.));
#176 = ORIENTED_EDGE('',*,*,#72,.F.);
#177 = PLANE('',#178);
#178 = AXIS2_PLACEMENT_3D('',#179,#180,#181);
#179 = CARTESIAN_POINT('',(-0.4699,0.85,0.3));
#180 = DIRECTION('',(0.,1.,0.));
#181 = DIRECTION('',(1.,0.,0.));
#182 = ADVANCED_FACE('',(#183),#189,.T.);
#183 = FACE_BOUND('',#184,.T.);
#184 = EDGE_LOOP('',(#185,#186,#187,#188));
#185 = ORIENTED_EDGE('',*,*,#150,.T.);
#186 = ORIENTED_EDGE('',*,*,#128,.T.);
#187 = ORIENTED_EDGE('',*,*,#164,.F.);
#188 = ORIENTED_EDGE('',*,*,#62,.F.);
#189 = PLANE('',#190);
#190 = AXIS2_PLACEMENT_3D('',#191,#192,#193);
#191 = CARTESIAN_POINT('',(-0.4699,0.7083,0.3));
#192 = DIRECTION('',(-1.,0.,0.));
#193 = DIRECTION('',(0.,1.,0.));
#194 = ADVANCED_FACE('',(#195),#201,.T.);
#195 = FACE_BOUND('',#196,.T.);
#196 = EDGE_LOOP('',(#197,#198,#199,#200));
#197 = ORIENTED_EDGE('',*,*,#80,.T.);
#198 = ORIENTED_EDGE('',*,*,#171,.T.);
#199 = ORIENTED_EDGE('',*,*,#112,.F.);
#200 = ORIENTED_EDGE('',*,*,#143,.F.);
#201 = PLANE('',#202);
#202 = AXIS2_PLACEMENT_3D('',#203,#204,#205);
#203 = CARTESIAN_POINT('',(0.4699,0.7083,0.3));
#204 = DIRECTION('',(1.,0.,0.));
#205 = DIRECTION('',(-0.,1.,0.));
#206 = MANIFOLD_SOLID_BREP('',#207);
#207 = CLOSED_SHELL('',(#208,#248,#288,#310,#332,#344));
#208 = ADVANCED_FACE('',(#209),#243,.T.);
#209 = FACE_BOUND('',#210,.T.);
#210 = EDGE_LOOP('',(#211,#221,#229,#237));
#211 = ORIENTED_EDGE('',*,*,#212,.T.);
#212 = EDGE_CURVE('',#213,#215,#217,.T.);
#213 = VERTEX_POINT('',#214);
#214 = CARTESIAN_POINT('',(-0.6336,0.5667,0.3));
#215 = VERTEX_POINT('',#216);
#216 = CARTESIAN_POINT('',(-0.6336,0.7083,0.3));
#217 = LINE('',#218,#219);
#218 = CARTESIAN_POINT('',(-0.6336,0.5667,0.3));
#219 = VECTOR('',#220,1.);
#220 = DIRECTION('',(0.,1.,0.));
#221 = ORIENTED_EDGE('',*,*,#222,.T.);
#222 = EDGE_CURVE('',#215,#223,#225,.T.);
#223 = VERTEX_POINT('',#224);
#224 = CARTESIAN_POINT('',(0.6336,0.7083,0.3));
#225 = LINE('',#226,#227);
#226 = CARTESIAN_POINT('',(-0.6336,0.7083,0.3));
#227 = VECTOR('',#228,1.);
#228 = DIRECTION('',(1.,0.,0.));
#229 = ORIENTED_EDGE('',*,*,#230,.F.);
#230 = EDGE_CURVE('',#231,#223,#233,.T.);
#231 = VERTEX_POINT('',#232);
#232 = CARTESIAN_POINT('',(0.6336,0.5667,0.3));
#233 = LINE('',#234,#235);
#234 = CARTESIAN_POINT('',(0.6336,0.5667,0.3));
#235 = VECTOR('',#236,1.);
#236 = DIRECTION('',(0.,1.,0.));
#237 = ORIENTED_EDGE('',*,*,#238,.F.);
#238 = EDGE_CURVE('',#213,#231,#239,.T.);
#239 = LINE('',#240,#241);
#240 = CARTESIAN_POINT('',(-0.6336,0.5667,0.3));
#241 = VECTOR('',#242,1.);
#242 = DIRECTION('',(1.,0.,0.));
#243 = PLANE('',#244);
#244 = AXIS2_PLACEMENT_3D('',#245,#246,#247);
#245 = CARTESIAN_POINT('',(-0.6336,0.5667,0.3));
#246 = DIRECTION('',(0.,0.,-1.));
#247 = DIRECTION('',(1.,0.,0.));
#248 = ADVANCED_FACE('',(#249),#283,.T.);
#249 = FACE_BOUND('',#250,.T.);
#250 = EDGE_LOOP('',(#251,#261,#269,#277));
#251 = ORIENTED_EDGE('',*,*,#252,.T.);
#252 = EDGE_CURVE('',#253,#255,#257,.T.);
#253 = VERTEX_POINT('',#254);
#254 = CARTESIAN_POINT('',(-0.6336,0.5667,10.));
#255 = VERTEX_POINT('',#256);
#256 = CARTESIAN_POINT('',(0.6336,0.5667,10.));
#257 = LINE('',#258,#259);
#258 = CARTESIAN_POINT('',(-0.6336,0.5667,10.));
#259 = VECTOR('',#260,1.);
#260 = DIRECTION('',(1.,0.,0.));
#261 = ORIENTED_EDGE('',*,*,#262,.T.);
#262 = EDGE_CURVE('',#255,#263,#265,.T.);
#263 = VERTEX_POINT('',#264);
#264 = CARTESIAN_POINT('',(0.6336,0.7083,10.));
#265 = LINE('',#266,#267);
#266 = CARTESIAN_POINT('',(0.6336,0.5667,10.));
#267 = VECTOR('',#268,1.);
#268 = DIRECTION('',(0.,1.,0.));
#269 = ORIENTED_EDGE('',*,*,#270,.F.);
#270 = EDGE_CURVE('',#271,#263,#273,.T.);
#271 = VERTEX_POINT('',#272);
#272 = CARTESIAN_POINT('',(-0.6336,0.7083,10.));
#273 = LINE('',#274,#275);
#274 = CARTESIAN_POINT('',(-0.6336,0.7083,10.));
#275 = VECTOR('',#276,1.);
#276 = DIRECTION('',(1.,0.,0.));
#277 = ORIENTED_EDGE('',*,*,#278,.F.);
#278 = EDGE_CURVE('',#253,#271,#279,.T.);
#279 = LINE('',#280,#281);
#280 = CARTESIAN_POINT('',(-0.6336,0.5667,10.));
#281 = VECTOR('',#282,1.);
#282 = DIRECTION('',(0.,1.,0.));
#283 = PLANE('',#284);
#284 = AXIS2_PLACEMENT_3D('',#285,#286,#287);
#285 = CARTESIAN_POINT('',(-0.6336,0.5667,10.));
#286 = DIRECTION('',(0.,0.,1.));
#287 = DIRECTION('',(1.,0.,-0.));
#288 = ADVANCED_FACE('',(#289),#305,.T.);
#289 = FACE_BOUND('',#290,.T.);
#290 = EDGE_LOOP('',(#291,#292,#298,#299));
#291 = ORIENTED_EDGE('',*,*,#238,.T.);
#292 = ORIENTED_EDGE('',*,*,#293,.T.);
#293 = EDGE_CURVE('',#231,#255,#294,.T.);
#294 = LINE('',#295,#296);
#295 = CARTESIAN_POINT('',(0.6336,0.5667,0.3));
#296 = VECTOR('',#297,1.);
#297 = DIRECTION('',(0.,0.,1.));
#298 = ORIENTED_EDGE('',*,*,#252,.F.);
#299 = ORIENTED_EDGE('',*,*,#300,.F.);
#300 = EDGE_CURVE('',#213,#253,#301,.T.);
#301 = LINE('',#302,#303);
#302 = CARTESIAN_POINT('',(-0.6336,0.5667,0.3));
#303 = VECTOR('',#304,1.);
#304 = DIRECTION('',(0.,0.,1.));
#305 = PLANE('',#306);
#306 = AXIS2_PLACEMENT_3D('',#307,#308,#309);
#307 = CARTESIAN_POINT('',(-0.6336,0.5667,0.3));
#308 = DIRECTION('',(0.,-1.,0.));
#309 = DIRECTION('',(1.,0.,0.));
#310 = ADVANCED_FACE('',(#311),#327,.T.);
#311 = FACE_BOUND('',#312,.T.);
#312 = EDGE_LOOP('',(#313,#319,#320,#326));
#313 = ORIENTED_EDGE('',*,*,#314,.T.);
#314 = EDGE_CURVE('',#215,#271,#315,.T.);
#315 = LINE('',#316,#317);
#316 = CARTESIAN_POINT('',(-0.6336,0.7083,0.3));
#317 = VECTOR('',#318,1.);
#318 = DIRECTION('',(0.,0.,1.));
#319 = ORIENTED_EDGE('',*,*,#270,.T.);
#320 = ORIENTED_EDGE('',*,*,#321,.F.);
#321 = EDGE_CURVE('',#223,#263,#322,.T.);
#322 = LINE('',#323,#324);
#323 = CARTESIAN_POINT('',(0.6336,0.7083,0.3));
#324 = VECTOR('',#325,1.);
#325 = DIRECTION('',(0.,0.,1.));
#326 = ORIENTED_EDGE('',*,*,#222,.F.);
#327 = PLANE('',#328);
#328 = AXIS2_PLACEMENT_3D('',#329,#330,#331);
#329 = CARTESIAN_POINT('',(-0.6336,0.7083,0.3));
#330 = DIRECTION('',(0.,1.,0.));
#331 = DIRECTION('',(1.,0.,0.));
#332 = ADVANCED_FACE('',(#333),#339,.T.);
#333 = FACE_BOUND('',#334,.T.);
#334 = EDGE_LOOP('',(#335,#336,#337,#338));
#335 = ORIENTED_EDGE('',*,*,#300,.T.);
#336 = ORIENTED_EDGE('',*,*,#278,.T.);
#337 = ORIENTED_EDGE('',*,*,#314,.F.);
#338 = ORIENTED_EDGE('',*,*,#212,.F.);
#339 = PLANE('',#340);
#340 = AXIS2_PLACEMENT_3D('',#341,#342,#343);
#341 = CARTESIAN_POINT('',(-0.6336,0.5667,0.3));
#342 = DIRECTION('',(-1.,0.,0.));
#343 = DIRECTION('',(0.,1.,0.));
#344 = ADVANCED_FACE('',(#345),#351,.T.);
#345 = FACE_BOUND('',#346,.T.);
#346 = EDGE_LOOP('',(#347,#348,#349,#350));
#347 = ORIENTED_EDGE('',*,*,#230,.T.);
#348 = ORIENTED_EDGE('',*,*,#321,.T.);
#349 = ORIENTED_EDGE('',*,*,#262,.F.);
#350 = ORIENTED_EDGE('',*,*,#293,.F.);
#351 = PLANE('',#352);
#352 = AXIS2_PLACEMENT_3D('',#353,#354,#355);
#353 = CARTESIAN_POINT('',(0.6336,0.5667,0.3));
#354 = DIRECTION('',(1.,0.,0.));
#355 = DIRECTION('',(-0.,1.,0.));
#356 = MANIFOLD_SOLID_BREP('',#357);
#357 = CLOSED_SHELL('',(#358,#398,#438,#460,#482,#494));
#358 = ADVANCED_FACE('',(#359),#393,.T.);
#359 = FACE_BOUND('',#360,.T.);
#360 = EDGE_LOOP('',(#361,#371,#379,#387));
#361 = ORIENTED_EDGE('',*,*,#362,.T.);
#362 = EDGE_CURVE('',#363,#365,#367,.T.);
#363 = VERTEX_POINT('',#364);
#364 = CARTESIAN_POINT('',(-0.7361,0.425,0.3));
#365 = VERTEX_POINT('',#366);
#366 = CARTESIAN_POINT('',(-0.7361,0.5667,0.3));
#367 = LINE('',#368,#369);
#368 = CARTESIAN_POINT('',(-0.7361,0.425,0.3));
#369 = VECTOR('',#370,1.);
#370 = DIRECTION('',(0.,1.,0.));
#371 = ORIENTED_EDGE('',*,*,#372,.T.);
#372 = EDGE_CURVE('',#365,#373,#375,.T.);
#373 = VERTEX_POINT('',#374);
#374 = CARTESIAN_POINT('',(0.7361,0.5667,0.3));
#375 = LINE('',#376,#377);
#376 = CARTESIAN_POINT('',(-0.7361,0.5667,0.3));
#377 = VECTOR('',#378,1.);
#378 = DIRECTION('',(1.,0.,0.));
#379 = ORIENTED_EDGE('',*,*,#380,.F.);
#380 = EDGE_CURVE('',#381,#373,#383,.T.);
#381 = VERTEX_POINT('',#382);
#382 = CARTESIAN_POINT('',(0.7361,0.425,0.3));
#383 = LINE('',#384,#385);
#384 = CARTESIAN_POINT('',(0.7361,0.425,0.3));
#385 = VECTOR('',#386,1.);
#386 = DIRECTION('',(0.,1.,0.));
#387 = ORIENTED_EDGE('',*,*,#388,.F.);
#388 = EDGE_CURVE('',#363,#381,#389,.T.);
#389 = LINE('',#390,#391);
#390 = CARTESIAN_POINT('',(-0.7361,0.425,0.3));
#391 = VECTOR('',#392,1.);
#392 = DIRECTION('',(1.,0.,0.));
#393 = PLANE('',#394);
#394 = AXIS2_PLACEMENT_3D('',#395,#396,#397);
#395 = CARTESIAN_POINT('',(-0.7361,0.425,0.3));
#396 = DIRECTION('',(0.,0.,-1.));
#397 = DIRECTION('',(1.,0.,0.));
#398 = ADVANCED_FACE('',(#399),#433,.T.);
#399 = FACE_BOUND('',#400,.T.);
#400 = EDGE_LOOP('',(#401,#411,#419,#427));
#401 = ORIENTED_EDGE('',*,*,#402,.T.);
#402 = EDGE_CURVE('',#403,#405,#407,.T.);
#403 = VERTEX_POINT('',#404);
#404 = CARTESIAN_POINT('',(-0.7361,0.425,10.));
#405 = VERTEX_POINT('',#406);
#406 = CARTESIAN_POINT('',(0.7361,0.425,10.));
#407 = LINE('',#408,#409);
#408 = CARTESIAN_POINT('',(-0.7361,0.425,10.));
#409 = VECTOR('',#410,1.);
#410 = DIRECTION('',(1.,0.,0.));
#411 = ORIENTED_EDGE('',*,*,#412,.T.);
#412 = EDGE_CURVE('',#405,#413,#415,.T.);
#413 = VERTEX_POINT('',#414);
#414 = CARTESIAN_POINT('',(0.7361,0.5667,10.));
#415 = LINE('',#416,#417);
#416 = CARTESIAN_POINT('',(0.7361,0.425,10.));
#417 = VECTOR('',#418,1.);
#418 = DIRECTION('',(0.,1.,0.));
#419 = ORIENTED_EDGE('',*,*,#420,.F.);
#420 = EDGE_CURVE('',#421,#413,#423,.T.);
#421 = VERTEX_POINT('',#422);
#422 = CARTESIAN_POINT('',(-0.7361,0.5667,10.));
#423 = LINE('',#424,#425);
#424 = CARTESIAN_POINT('',(-0.7361,0.5667,10.));
#425 = VECTOR('',#426,1.);
#426 = DIRECTION('',(1.,0.,0.));
#427 = ORIENTED_EDGE('',*,*,#428,.F.);
#428 = EDGE_CURVE('',#403,#421,#429,.T.);
#429 = LINE('',#430,#431);
#430 = CARTESIAN_POINT('',(-0.7361,0.425,10.));
#431 = VECTOR('',#432,1.);
#432 = DIRECTION('',(0.,1.,0.));
#433 = PLANE('',#434);
#434 = AXIS2_PLACEMENT_3D('',#435,#436,#437);
#435 = CARTESIAN_POINT('',(-0.7361,0.425,10.));
#436 = DIRECTION('',(0.,0.,1.));
#437 = DIRECTION('',(1.,0.,-0.));
#438 = ADVANCED_FACE('',(#439),#455,.T.);
#439 = FACE_BOUND('',#440,.T.);
#440 = EDGE_LOOP('',(#441,#442,#448,#449));
#441 = ORIENTED_EDGE('',*,*,#388,.T.);
#442 = ORIENTED_EDGE('',*,*,#443,.T.);
#443 = EDGE_CURVE('',#381,#405,#444,.T.);
#444 = LINE('',#445,#446);
#445 = CARTESIAN_POINT('',(0.7361,0.425,0.3));
#446 = VECTOR('',#447,1.);
#447 = DIRECTION('',(0.,0.,1.));
#448 = ORIENTED_EDGE('',*,*,#402,.F.);
#449 = ORIENTED_EDGE('',*,*,#450,.F.);
#450 = EDGE_CURVE('',#363,#403,#451,.T.);
#451 = LINE('',#452,#453);
#452 = CARTESIAN_POINT('',(-0.7361,0.425,0.3));
#453 = VECTOR('',#454,1.);
#454 = DIRECTION('',(0.,0.,1.));
#455 = PLANE('',#456);
#456 = AXIS2_PLACEMENT_3D('',#457,#458,#459);
#457 = CARTESIAN_POINT('',(-0.7361,0.425,0.3));
#458 = DIRECTION('',(0.,-1.,0.));
#459 = DIRECTION('',(1.,0.,0.));
#460 = ADVANCED_FACE('',(#461),#477,.T.);
#461 = FACE_BOUND('',#462,.T.);
#462 = EDGE_LOOP('',(#463,#469,#470,#476));
#463 = ORIENTED_EDGE('',*,*,#464,.T.);
#464 = EDGE_CURVE('',#365,#421,#465,.T.);
#465 = LINE('',#466,#467);
#466 = CARTESIAN_POINT('',(-0.7361,0.5667,0.3));
#467 = VECTOR('',#468,1.);
#468 = DIRECTION('',(0.,0.,1.));
#469 = ORIENTED_EDGE('',*,*,#420,.T.);
#470 = ORIENTED_EDGE('',*,*,#471,.F.);
#471 = EDGE_CURVE('',#373,#413,#472,.T.);
#472 = LINE('',#473,#474);
#473 = CARTESIAN_POINT('',(0.7361,0.5667,0.3));
#474 = VECTOR('',#475,1.);
#475 = DIRECTION('',(0.,0.,1.));
#476 = ORIENTED_EDGE('',*,*,#372,.F.);
#477 = PLANE('',#478);
#478 = AXIS2_PLACEMENT_3D('',#479,#480,#481);
#479 = CARTESIAN_POINT('',(-0.7361,0.5667,0.3));
#480 = DIRECTION('',(0.,1.,0.));
#481 = DIRECTION('',(1.,0.,0.));
#482 = ADVANCED_FACE('',(#483),#489,.T.);
#483 = FACE_BOUND('',#484,.T.);
#484 = EDGE_LOOP('',(#485,#486,#487,#488));
#485 = ORIENTED_EDGE('',*,*,#450,.T.);
#486 = ORIENTED_EDGE('',*,*,#428,.T.);
#487 = ORIENTED_EDGE('',*,*,#464,.F.);
#488 = ORIENTED_EDGE('',*,*,#362,.F.);
#489 = PLANE('',#490);
#490 = AXIS2_PLACEMENT_3D('',#491,#492,#493);
#491 = CARTESIAN_POINT('',(-0.7361,0.425,0.3));
#492 = DIRECTION('',(-1.,0.,0.));
#493 = DIRECTION('',(0.,1.,0.));
#494 = ADVANCED_FACE('',(#495),#501,.T.);
#495 = FACE_BOUND('',#496,.T.);
#496 = EDGE_LOOP('',(#497,#498,#499,#500));
#497 = ORIENTED_EDGE('',*,*,#380,.T.);
#498 = ORIENTED_EDGE('',*,*,#471,.T.);
#499 = ORIENTED_EDGE('',*,*,#412,.F.);
#500 = ORIENTED_EDGE('',*,*,#443,.F.);
#501 = PLANE('',#502);
#502 = AXIS2_PLACEMENT_3D('',#503,#504,#505);
#503 = CARTESIAN_POINT('',(0.7361,0.425,0.3));
#504 = DIRECTION('',(1.,0.,0.));
#505 = DIRECTION('',(-0.,1.,0.));
#506 = MANIFOLD_SOLID_BREP('',#507);
#507 = CLOSED_SHELL('',(#508,#548,#588,#610,#632,#644));
#508 = ADVANCED_FACE('',(#509),#543,.T.);
#509 = FACE_BOUND('',#510,.T.);
#510 = EDGE_LOOP('',(#511,#521,#529,#537));
#511 = ORIENTED_EDGE('',*,*,#512,.T.);
#512 = EDGE_CURVE('',#513,#515,#517,.T.);
#513 = VERTEX_POINT('',#514);
#514 = CARTESIAN_POINT('',(-0.8014,0.2833,0.3));
#515 = VERTEX_POINT('',#516);
#516 = CARTESIAN_POINT('',(-0.8014,0.425,0.3));
#517 = LINE('',#518,#519);
#518 = CARTESIAN_POINT('',(-0.8014,0.2833,0.3));
#519 = VECTOR('',#520,1.);
#520 = DIRECTION('',(0.,1.,0.));
#521 = ORIENTED_EDGE('',*,*,#522,.T.);
#522 = EDGE_CURVE('',#515,#523,#525,.T.);
#523 = VERTEX_POINT('',#524);
#524 = CARTESIAN_POINT('',(0.8014,0.425,0.3));
#525 = LINE('',#526,#527);
#526 = CARTESIAN_POINT('',(-0.8014,0.425,0.3));
#527 = VECTOR('',#528,1.);
#528 = DIRECTION('',(1.,0.,0.));
#529 = ORIENTED_EDGE('',*,*,#530,.F.);
#530 = EDGE_CURVE('',#531,#523,#533,.T.);
#531 = VERTEX_POINT('',#532);
#532 = CARTESIAN_POINT('',(0.8014,0.2833,0.3));
#533 = LINE('',#534,#535);
#534 = CARTESIAN_POINT('',(0.8014,0.2833,0.3));
#535 = VECTOR('',#536,1.);
#536 = DIRECTION('',(0.,1.,0.));
#537 = ORIENTED_EDGE('',*,*,#538,.F.);
#538 = EDGE_CURVE('',#513,#531,#539,.T.);
#539 = LINE('',#540,#541);
#540 = CARTESIAN_POINT('',(-0.8014,0.2833,0.3));
#541 = VECTOR('',#542,1.);
#542 = DIRECTION('',(1.,0.,0.));
#543 = PLANE('',#544);
#544 = AXIS2_PLACEMENT_3D('',#545,#546,#547);
#545 = CARTESIAN_POINT('',(-0.8014,0.2833,0.3));
#546 = DIRECTION('',(0.,0.,-1.));
#547 = DIRECTION('',(1.,0.,0.));
#548 = ADVANCED_FACE('',(#549),#583,.T.);
#549 = FACE_BOUND('',#550,.T.);
#550 = EDGE_LOOP('',(#551,#561,#569,#577));
#551 = ORIENTED_EDGE('',*,*,#552,.T.);
#552 = EDGE_CURVE('',#553,#555,#557,.T.);
#553 = VERTEX_POINT('',#554);
#554 = CARTESIAN_POINT('',(-0.8014,0.2833,10.));
#555 = VERTEX_POINT('',#556);
#556 = CARTESIAN_POINT('',(0.8014,0.2833,10.));
#557 = LINE('',#558,#559);
#558 = CARTESIAN_POINT('',(-0.8014,0.2833,10.));
#559 = VECTOR('',#560,1.);
#560 = DIRECTION('',(1.,0.,0.));
#561 = ORIENTED_EDGE('',*,*,#562,.T.);
#562 = EDGE_CURVE('',#555,#563,#565,.T.);
#563 = VERTEX_POINT('',#564);
#564 = CARTESIAN_POINT('',(0.8014,0.425,10.));
#565 = LINE('',#566,#567);
#566 = CARTESIAN_POINT('',(0.8014,0.2833,10.));
#567 = VECTOR('',#568,1.);
#568 = DIRECTION('',(0.,1.,0.));
#569 = ORIENTED_EDGE('',*,*,#570,.F.);
#570 = EDGE_CURVE('',#571,#563,#573,.T.);
#571 = VERTEX_POINT('',#572);
#572 = CARTESIAN_POINT('',(-0.8014,0.425,10.));
#573 = LINE('',#574,#575);
#574 = CARTESIAN_POINT('',(-0.8014,0.425,10.));
#575 = VECTOR('',#576,1.);
#576 = DIRECTION('',(1.,0.,0.));
#577 = ORIENTED_EDGE('',*,*,#578,.F.);
#578 = EDGE_CURVE('',#553,#571,#579,.T.);
#579 = LINE('',#580,#581);
#580 = CARTESIAN_POINT('',(-0.8014,0.2833,10.));
#581 = VECTOR('',#582,1.);
#582 = DIRECTION('',(0.,1.,0.));
#583 = PLANE('',#584);
#584 = AXIS2_PLACEMENT_3D('',#585,#586,#587);
#585 = CARTESIAN_POINT('',(-0.8014,0.2833,10.));
#586 = DIRECTION('',(0.,0.,1.));
#587 = DIRECTION('',(1.,0.,-0.));
#588 = ADVANCED_FACE('',(#589),#605,.T.);
#589 = FACE_BOUND('',#590,.T.);
#590 = EDGE_LOOP('',(#591,#592,#598,#599));
#591 = ORIENTED_EDGE('',*,*,#538,.T.);
#592 = ORIENTED_EDGE('',*,*,#593,.T.);
#593 = EDGE_CURVE('',#531,#555,#594,.T.);
#594 = LINE('',#595,#596);
#595 = CARTESIAN_POINT('',(0.8014,0.2833,0.3));
#596 = VECTOR('',#597,1.);
#597 = DIRECTION('',(0.,0.,1.));
#598 = ORIENTED_EDGE('',*,*,#552,.F.);
#599 = ORIENTED_EDGE('',*,*,#600,.F.);
#600 = EDGE_CURVE('',#513,#553,#601,.T.);
#601 = LINE('',#602,#603);
#602 = CARTESIAN_POINT('',(-0.8014,0.2833,0.3));
#603 = VECTOR('',#604,1.);
#604 = DIRECTION('',(0.,0.,1.));
#605 = PLANE('',#606);
#606 = AXIS2_PLACEMENT_3D('',#607,#608,#609);
#607 = CARTESIAN_POINT('',(-0.8014,0.2833,0.3));
#608 = DIRECTION('',(0.,-1.,0.));
#609 = DIRECTION('',(1.,0.,0.));
#610 = ADVANCED_FACE('',(#611),#627,.T.);
#611 = FACE_BOUND('',#612,.T.);
#612 = EDGE_LOOP('',(#613,#619,#620,#626));
#613 = ORIENTED_EDGE('',*,*,#614,.T.);
#614 = EDGE_CURVE('',#515,#571,#615,.T.);
#615 = LINE('',#616,#617);
#616 = CARTESIAN_POINT('',(-0.8014,0.425,0.3));
#617 = VECTOR('',#618,1.);
#618 = DIRECTION('',(0.,0.,1.));
#619 = ORIENTED_EDGE('',*,*,#570,.T.);
#620 = ORIENTED_EDGE('',*,*,#621,.F.);
#621 = EDGE_CURVE('',#523,#563,#622,.T.);
#622 = LINE('',#623,#624);
#623 = CARTESIAN_POINT('',(0.8014,0.425,0.3));
#624 = VECTOR('',#625,1.);
#625 = DIRECTION('',(0.,0.,1.));
#626 = ORIENTED_EDGE('',*,*,#522,.F.);
#627 = PLANE('',#628);
#628 = AXIS2_PLACEMENT_3D('',#629,#630,#631);
#629 = CARTESIAN_POINT('',(-0.8014,0.425,0.3));
#630 = DIRECTION('',(0.,1.,0.));
#631 = DIRECTION('',(1.,0.,0.));
#632 = ADVANCED_FACE('',(#633),#639,.T.);
#633 = FACE_BOUND('',#634,.T.);
#634 = EDGE_LOOP('',(#635,#636,#637,#638));
#635 = ORIENTED_EDGE('',*,*,#600,.T.);
#636 = ORIENTED_EDGE('',*,*,#578,.T.);
#637 = ORIENTED_EDGE('',*,*,#614,.F.);
#638 = ORIENTED_EDGE('',*,*,#512,.F.);
#639 = PLANE('',#640);
#640 = AXIS2_PLACEMENT_3D('',#641,#642,#643);
#641 = CARTESIAN_POINT('',(-0.8014,0.2833,0.3));
#642 = DIRECTION('',(-1.,0.,0.));
#643 = DIRECTION('',(0.,1.,0.));
#644 = ADVANCED_FACE('',(#645),#651,.T.);
#645 = FACE_BOUND('',#646,.T.);
#646 = EDGE_LOOP('',(#647,#648,#649,#650));
#647 = ORIENTED_EDGE('',*,*,#530,.T.);
#648 = ORIENTED_EDGE('',*,*,#621,.T.);
#649 = ORIENTED_EDGE('',*,*,#562,.F.);
#650 = ORIENTED_EDGE('',*,*,#593,.F.);
#651 = PLANE('',#652);
#652 = AXIS2_PLACEMENT_3D('',#653,#654,#655);
#653 = CARTESIAN_POINT('',(0.8014,0.2833,0.3));
#654 = DIRECTION('',(1.,0.,0.));
#655 = DIRECTION('',(-0.,1.,0.));
#656 = MANIFOLD_SOLID_BREP('',#657);
#657 = CLOSED_SHELL('',(#658,#698,#738,#760,#782,#794));
#658 = ADVANCED_FACE('',(#659),#693,.T.);
#659 = FACE_BOUND('',#660,.T.);
#660 = EDGE_LOOP('',(#661,#671,#679,#687));
#661 = ORIENTED_EDGE('',*,*,#662,.T.);
#662 = EDGE_CURVE('',#663,#665,#667,.T.);
#663 = VERTEX_POINT('',#664);
#664 = CARTESIAN_POINT('',(-0.8381,0.1417,0.3));
#665 = VERTEX_POINT('',#666);
#666 = CARTESIAN_POINT('',(-0.8381,0.2833,0.3));
#667 = LINE('',#668,#669);
#668 = CARTESIAN_POINT('',(-0.8381,0.1417,0.3));
#669 = VECTOR('',#670,1.);
#670 = DIRECTION('',(0.,1.,0.));
#671 = ORIENTED_EDGE('',*,*,#672,.T.);
#672 = EDGE_CURVE('',#665,#673,#675,.T.);
#673 = VERTEX_POINT('',#674);
#674 = CARTESIAN_POINT('',(0.8381,0.2833,0.3));
#675 = LINE('',#676,#677);
#676 = CARTESIAN_POINT('',(-0.8381,0.2833,0.3));
#677 = VECTOR('',#678,1.);
#678 = DIRECTION('',(1.,0.,0.));
#679 = ORIENTED_EDGE('',*,*,#680,.F.);
#680 = EDGE_CURVE('',#681,#673,#683,.T.);
#681 = VERTEX_POINT('',#682);
#682 = CARTESIAN_POINT('',(0.8381,0.1417,0.3));
#683 = LINE('',#684,#685);
#684 = CARTESIAN_POINT('',(0.8381,0.1417,0.3));
#685 = VECTOR('',#686,1.);
#686 = DIRECTION('',(0.,1.,0.));
#687 = ORIENTED_EDGE('',*,*,#688,.F.);
#688 = EDGE_CURVE('',#663,#681,#689,.T.);
#689 = LINE('',#690,#691);
#690 = CARTESIAN_POINT('',(-0.8381,0.1417,0.3));
#691 = VECTOR('',#692,1.);
#692 = DIRECTION('',(1.,0.,0.));
#693 = PLANE('',#694);
#694 = AXIS2_PLACEMENT_3D('',#695,#696,#697);
#695 = CARTESIAN_POINT('',(-0.8381,0.1417,0.3));
#696 = DIRECTION('',(0.,0.,-1.));
#697 = DIRECTION('',(1.,0.,0.));
#698 = ADVANCED_FACE('',(#699),#733,.T.);
#699 = FACE_BOUND('',#700,.T.);
#700 = EDGE_LOOP('',(#701,#711,#719,#727));
#701 = ORIENTED_EDGE('',*,*,#702,.T.);
#702 = EDGE_CURVE('',#703,#705,#707,.T.);
#703 = VERTEX_POINT('',#704);
#704 = CARTESIAN_POINT('',(-0.8381,0.1417,10.));
#705 = VERTEX_POINT('',#706);
#706 = CARTESIAN_POINT('',(0.8381,0.1417,10.));
#707 = LINE('',#708,#709);
#708 = CARTESIAN_POINT('',(-0.8381,0.1417,10.));
#709 = VECTOR('',#710,1.);
#710 = DIRECTION('',(1.,0.,0.));
#711 = ORIENTED_EDGE('',*,*,#712,.T.);
#712 = EDGE_CURVE('',#705,#713,#715,.T.);
#713 = VERTEX_POINT('',#714);
#714 = CARTESIAN_POINT('',(0.8381,0.2833,10.));
#715 = LINE('',#716,#717);
#716 = CARTESIAN_POINT('',(0.8381,0.1417,10.));
#717 = VECTOR('',#718,1.);
#718 = DIRECTION('',(0.,1.,0.));
#719 = ORIENTED_EDGE('',*,*,#720,.F.);
#720 = EDGE_CURVE('',#721,#713,#723,.T.);
#721 = VERTEX_POINT('',#722);
#722 = CARTESIAN_POINT('',(-0.8381,0.2833,10.));
#723 = LINE('',#724,#725);
#724 = CARTESIAN_POINT('',(-0.8381,0.2833,10.));
#725 = VECTOR('',#726,1.);
#726 = DIRECTION('',(1.,0.,0.));
#727 = ORIENTED_EDGE('',*,*,#728,.F.);
#728 = EDGE_CURVE('',#703,#721,#729,.T.);
#729 = LINE('',#730,#731);
#730 = CARTESIAN_POINT('',(-0.8381,0.1417,10.));
#731 = VECTOR('',#732,1.);
#732 = DIRECTION('',(0.,1.,0.));
#733 = PLANE('',#734);
#734 = AXIS2_PLACEMENT_3D('',#735,#736,#737);
#735 = CARTESIAN_POINT('',(-0.8381,0.1417,10.));
#736 = DIRECTION('',(0.,0.,1.));
#737 = DIRECTION('',(1.,0.,-0.));
#738 = ADVANCED_FACE('',(#739),#755,.T.);
#739 = FACE_BOUND('',#740,.T.);
#740 = EDGE_LOOP('',(#741,#742,#748,#749));
#741 = ORIENTED_EDGE('',*,*,#688,.T.);
#742 = ORIENTED_EDGE('',*,*,#743,.T.);
#743 = EDGE_CURVE('',#681,#705,#744,.T.);
#744 = LINE('',#745,#746);
#745 = CARTESIAN_POINT('',(0.8381,0.1417,0.3));
#746 = VECTOR('',#747,1.);
#747 = DIRECTION('',(0.,0.,1.));
#748 = ORIENTED_EDGE('',*,*,#702,.F.);
#749 = ORIENTED_EDGE('',*,*,#750,.F.);
#750 = EDGE_CURVE('',#663,#703,#751,.T.);
#751 = LINE('',#752,#753);
#752 = CARTESIAN_POINT('',(-0.8381,0.1417,0.3));
#753 = VECTOR('',#754,1.);
#754 = DIRECTION('',(0.,0.,1.));
#755 = PLANE('',#756);
#756 = AXIS2_PLACEMENT_3D('',#757,#758,#759);
#757 = CARTESIAN_POINT('',(-0.8381,0.1417,0.3));
#758 = DIRECTION('',(0.,-1.,0.));
#759 = DIRECTION('',(1.,0.,0.));
#760 = ADVANCED_FACE('',(#761),#777,.T.);
#761 = FACE_BOUND('',#762,.T.);
#762 = EDGE_LOOP('',(#763,#769,#770,#776));
#763 = ORIENTED_EDGE('',*,*,#764,.T.);
#764 = EDGE_CURVE('',#665,#721,#765,.T.);
#765 = LINE('',#766,#767);
#766 = CARTESIAN_POINT('',(-0.8381,0.2833,0.3));
#767 = VECTOR('',#768,1.);
#768 = DIRECTION('',(0.,0.,1.));
#769 = ORIENTED_EDGE('',*,*,#720,.T.);
#770 = ORIENTED_EDGE('',*,*,#771,.F.);
#771 = EDGE_CURVE('',#673,#713,#772,.T.);
#772 = LINE('',#773,#774);
#773 = CARTESIAN_POINT('',(0.8381,0.2833,0.3));
#774 = VECTOR('',#775,1.);
#775 = DIRECTION('',(0.,0.,1.));
#776 = ORIENTED_EDGE('',*,*,#672,.F.);
#777 = PLANE('',#778);
#778 = AXIS2_PLACEMENT_3D('',#779,#780,#781);
#779 = CARTESIAN_POINT('',(-0.8381,0.2833,0.3));
#780 = DIRECTION('',(0.,1.,0.));
#781 = DIRECTION('',(1.,0.,0.));
#782 = ADVANCED_FACE('',(#783),#789,.T.);
#783 = FACE_BOUND('',#784,.T.);
#784 = EDGE_LOOP('',(#785,#786,#787,#788));
#785 = ORIENTED_EDGE('',*,*,#750,.T.);
#786 = ORIENTED_EDGE('',*,*,#728,.T.);
#787 = ORIENTED_EDGE('',*,*,#764,.F.);
#788 = ORIENTED_EDGE('',*,*,#662,.F.);
#789 = PLANE('',#790);
#790 = AXIS2_PLACEMENT_3D('',#791,#792,#793);
#791 = CARTESIAN_POINT('',(-0.8381,0.1417,0.3));
#792 = DIRECTION('',(-1.,0.,0.));
#793 = DIRECTION('',(0.,1.,0.));
#794 = ADVANCED_FACE('',(#795),#801,.T.);
#795 = FACE_BOUND('',#796,.T.);
#796 = EDGE_LOOP('',(#797,#798,#799,#800));
#797 = ORIENTED_EDGE('',*,*,#680,.T.);
#798 = ORIENTED_EDGE('',*,*,#771,.T.);
#799 = ORIENTED_EDGE('',*,*,#712,.F.);
#800 = ORIENTED_EDGE('',*,*,#743,.F.);
#801 = PLANE('',#802);
#802 = AXIS2_PLACEMENT_3D('',#803,#804,#805);
#803 = CARTESIAN_POINT('',(0.8381,0.1417,0.3));
#804 = DIRECTION('',(1.,0.,0.));
#805 = DIRECTION('',(-0.,1.,0.));
#806 = MANIFOLD_SOLID_BREP('',#807);
#807 = CLOSED_SHELL('',(#808,#848,#888,#910,#932,#944));
#808 = ADVANCED_FACE('',(#809),#843,.T.);
#809 = FACE_BOUND('',#810,.T.);
#810 = EDGE_LOOP('',(#811,#821,#829,#837));
#811 = ORIENTED_EDGE('',*,*,#812,.T.);
#812 = EDGE_CURVE('',#813,#815,#817,.T.);
#813 = VERTEX_POINT('',#814);
#814 = CARTESIAN_POINT('',(-0.85,-0.,0.3));
#815 = VERTEX_POINT('',#816);
#816 = CARTESIAN_POINT('',(-0.85,0.1417,0.3));
#817 = LINE('',#818,#819);
#818 = CARTESIAN_POINT('',(-0.85,-0.,0.3));
#819 = VECTOR('',#820,1.);
#820 = DIRECTION('',(0.,1.,0.));
#821 = ORIENTED_EDGE('',*,*,#822,.T.);
#822 = EDGE_CURVE('',#815,#823,#825,.T.);
#823 = VERTEX_POINT('',#824);
#824 = CARTESIAN_POINT('',(0.85,0.1417,0.3));
#825 = LINE('',#826,#827);
#826 = CARTESIAN_POINT('',(-0.85,0.1417,0.3));
#827 = VECTOR('',#828,1.);
#828 = DIRECTION('',(1.,0.,0.));
#829 = ORIENTED_EDGE('',*,*,#830,.F.);
#830 = EDGE_CURVE('',#831,#823,#833,.T.);
#831 = VERTEX_POINT('',#832);
#832 = CARTESIAN_POINT('',(0.85,-0.,0.3));
#833 = LINE('',#834,#835);
#834 = CARTESIAN_POINT('',(0.85,-0.,0.3));
#835 = VECTOR('',#836,1.);
#836 = DIRECTION('',(0.,1.,0.));
#837 = ORIENTED_EDGE('',*,*,#838,.F.);
#838 = EDGE_CURVE('',#813,#831,#839,.T.);
#839 = LINE('',#840,#841);
#840 = CARTESIAN_POINT('',(-0.85,-0.,0.3));
#841 = VECTOR('',#842,1.);
#842 = DIRECTION('',(1.,0.,0.));
#843 = PLANE('',#844);
#844 = AXIS2_PLACEMENT_3D('',#845,#846,#847);
#845 = CARTESIAN_POINT('',(-0.85,-0.,0.3));
#846 = DIRECTION('',(0.,0.,-1.));
#847 = DIRECTION('',(1.,0.,0.));
#848 = ADVANCED_FACE('',(#849),#883,.T.);
#849 = FACE_BOUND('',#850,.T.);
#850 = EDGE_LOOP('',(#851,#861,#869,#877));
#851 = ORIENTED_EDGE('',*,*,#852,.T.);
#852 = EDGE_CURVE('',#853,#855,#857,.T.);
#853 = VERTEX_POINT('',#854);
#854 = CARTESIAN_POINT('',(-0.85,-0.,10.));
#855 = VERTEX_POINT('',#856);
#856 = CARTESIAN_POINT('',(0.85,-0.,10.));
#857 = LINE('',#858,#859);
#858 = CARTESIAN_POINT('',(-0.85,-0.,10.));
#859 = VECTOR('',#860,1.);
#860 = DIRECTION('',(1.,0.,0.));
#861 = ORIENTED_EDGE('',*,*,#862,.T.);
#862 = EDGE_CURVE('',#855,#863,#865,.T.);
#863 = VERTEX_POINT('',#864);
#864 = CARTESIAN_POINT('',(0.85,0.1417,10.));
#865 = LINE('',#866,#867);
#866 = CARTESIAN_POINT('',(0.85,-0.,10.));
#867 = VECTOR('',#868,1.);
#868 = DIRECTION('',(0.,1.,0.));
#869 = ORIENTED_EDGE('',*,*,#870,.F.);
#870 = EDGE_CURVE('',#871,#863,#873,.T.);
#871 = VERTEX_POINT('',#872);
#872 = CARTESIAN_POINT('',(-0.85,0.1417,10.));
#873 = LINE('',#874,#875);
#874 = CARTESIAN_POINT('',(-0.85,0.1417,10.));
#875 = VECTOR('',#876,1.);
#876 = DIRECTION('',(1.,0.,0.));
#877 = ORIENTED_EDGE('',*,*,#878,.F.);
#878 = EDGE_CURVE('',#853,#871,#879,.T.);
#879 = LINE('',#880,#881);
#880 = CARTESIAN_POINT('',(-0.85,-0.,10.));
#881 = VECTOR('',#882,1.);
#882 = DIRECTION('',(0.,1.,0.));
#883 = PLANE('',#884);
#884 = AXIS2_PLACEMENT_3D('',#885,#886,#887);
#885 = CARTESIAN_POINT('',(-0.85,-0.,10.));
#886 = DIRECTION('',(0.,0.,1.));
#887 = DIRECTION('',(1.,0.,-0.));
#888 = ADVANCED_FACE('',(#889),#905,.T.);
#889 = FACE_BOUND('',#890,.T.);
#890 = EDGE_LOOP('',(#891,#892,#898,#899));
#891 = ORIENTED_EDGE('',*,*,#838,.T.);
#892 = ORIENTED_EDGE('',*,*,#893,.T.);
#893 = EDGE_CURVE('',#831,#855,#894,.T.);
#894 = LINE('',#895,#896);
#895 = CARTESIAN_POINT('',(0.85,-0.,0.3));
#896 = VECTOR('',#897,1.);
#897 = DIRECTION('',(0.,0.,1.));
#898 = ORIENTED_EDGE('',*,*,#852,.F.);
#899 = ORIENTED_EDGE('',*,*,#900,.F.);
#900 = EDGE_CURVE('',#813,#853,#901,.T.);
#901 = LINE('',#902,#903);
#902 = CARTESIAN_POINT('',(-0.85,-0.,0.3));
#903 = VECTOR('',#904,1.);
#904 = DIRECTION('',(0.,0.,1.));
#905 = PLANE('',#906);
#906 = AXIS2_PLACEMENT_3D('',#907,#908,#909);
#907 = CARTESIAN_POINT('',(-0.85,-0.,0.3));
#908 = DIRECTION('',(0.,-1.,0.));
#909 = DIRECTION('',(1.,0.,0.));
#910 = ADVANCED_FACE('',(#911),#927,.T.);
#911 = FACE_BOUND('',#912,.T.);
#912 = EDGE_LOOP('',(#913,#919,#920,#926));
#913 = ORIENTED_EDGE('',*,*,#914,.T.);
#914 = EDGE_CURVE('',#815,#871,#915,.T.);
#915 = LINE('',#916,#917);
#916 = CARTESIAN_POINT('',(-0.85,0.1417,0.3));
#917 = VECTOR('',#918,1.);
#918 = DIRECTION('',(0.,0.,1.));
#919 = ORIENTED_EDGE('',*,*,#870,.T.);
#920 = ORIENTED_EDGE('',*,*,#921,.F.);
#921 = EDGE_CURVE('',#823,#863,#922,.T.);
#922 = LINE('',#923,#924);
#923 = CARTESIAN_POINT('',(0.85,0.1417,0.3));
#924 = VECTOR('',#925,1.);
#925 = DIRECTION('',(0.,0.,1.));
#926 = ORIENTED_EDGE('',*,*,#822,.F.);
#927 = PLANE('',#928);
#928 = AXIS2_PLACEMENT_3D('',#929,#930,#931);
#929 = CARTESIAN_POINT('',(-0.85,0.1417,0.3));
#930 = DIRECTION('',(0.,1.,0.));
#931 = DIRECTION('',(1.,0.,0.));
#932 = ADVANCED_FACE('',(#933),#939,.T.);
#933 = FACE_BOUND('',#934,.T.);
#934 = EDGE_LOOP('',(#935,#936,#937,#938));
#935 = ORIENTED_EDGE('',*,*,#900,.T.);
#936 = ORIENTED_EDGE('',*,*,#878,.T.);
#937 = ORIENTED_EDGE('',*,*,#914,.F.);
#938 = ORIENTED_EDGE('',*,*,#812,.F.);
#939 = PLANE('',#940);
#940 = AXIS2_PLACEMENT_3D('',#941,#942,#943);
#941 = CARTESIAN_POINT('',(-0.85,-0.,0.3));
#942 = DIRECTION('',(-1.,0.,0.));
#943 = DIRECTION('',(0.,1.,0.));
#944 = ADVANCED_FACE('',(#945),#951,.T.);
#945 = FACE_BOUND('',#946,.T.);
#946 = EDGE_LOOP('',(#947,#948,#949,#950));
#947 = ORIENTED_EDGE('',*,*,#830,.T.);
#948 = ORIENTED_EDGE('',*,*,#921,.T.);
#949 = ORIENTED_EDGE('',*,*,#862,.F.);
#950 = ORIENTED_EDGE('',*,*,#893,.F.);
#951 = PLANE('',#952);
#952 = AXIS2_PLACEMENT_3D('',#953,#954,#955);
#953 = CARTESIAN_POINT('',(0.85,-0.,0.3));
#954 = DIRECTION('',(1.,0.,0.));
#955 = DIRECTION('',(-0.,1.,0.));
#956 = MANIFOLD_SOLID_BREP('',#957);
#957 = CLOSED_SHELL('',(#958,#998,#1038,#1060,#1082,#1094));
#958 = ADVANCED_FACE('',(#959),#993,.T.);
#959 = FACE_BOUND('',#960,.T.);
#960 = EDGE_LOOP('',(#961,#971,#979,#987));
#961 = ORIENTED_EDGE('',*,*,#962,.T.);
#962 = EDGE_CURVE('',#963,#965,#967,.T.);
#963 = VERTEX_POINT('',#964);
#964 = CARTESIAN_POINT('',(-0.85,-0.1417,0.3));
#965 = VERTEX_POINT('',#966);
#966 = CARTESIAN_POINT('',(-0.85,-0.,0.3));
#967 = LINE('',#968,#969);
#968 = CARTESIAN_POINT('',(-0.85,-0.1417,0.3));
#969 = VECTOR('',#970,1.);
#970 = DIRECTION('',(0.,1.,0.));
#971 = ORIENTED_EDGE('',*,*,#972,.T.);
#972 = EDGE_CURVE('',#965,#973,#975,.T.);
#973 = VERTEX_POINT('',#974);
#974 = CARTESIAN_POINT('',(0.85,-0.,0.3));
#975 = LINE('',#976,#977);
#976 = CARTESIAN_POINT('',(-0.85,-0.,0.3));
#977 = VECTOR('',#978,1.);
#978 = DIRECTION('',(1.,0.,0.));
#979 = ORIENTED_EDGE('',*,*,#980,.F.);
#980 = EDGE_CURVE('',#981,#973,#983,.T.);
#981 = VERTEX_POINT('',#982);
#982 = CARTESIAN_POINT('',(0.85,-0.1417,0.3));
#983 = LINE('',#984,#985);
#984 = CARTESIAN_POINT('',(0.85,-0.1417,0.3));
#985 = VECTOR('',#986,1.);
#986 = DIRECTION('',(0.,1.,0.));
#987 = ORIENTED_EDGE('',*,*,#988,.F.);
#988 = EDGE_CURVE('',#963,#981,#989,.T.);
#989 = LINE('',#990,#991);
#990 = CARTESIAN_POINT('',(-0.85,-0.1417,0.3));
#991 = VECTOR('',#992,1.);
#992 = DIRECTION('',(1.,0.,0.));
#993 = PLANE('',#994);
#994 = AXIS2_PLACEMENT_3D('',#995,#996,#997);
#995 = CARTESIAN_POINT('',(-0.85,-0.1417,0.3));
#996 = DIRECTION('',(0.,0.,-1.));
#997 = DIRECTION('',(1.,0.,0.));
#998 = ADVANCED_FACE('',(#999),#1033,.T.);
#999 = FACE_BOUND('',#1000,.T.);
#1000 = EDGE_LOOP('',(#1001,#1011,#1019,#1027));
#1001 = ORIENTED_EDGE('',*,*,#1002,.T.);
#1002 = EDGE_CURVE('',#1003,#1005,#1007,.T.);
#1003 = VERTEX_POINT('',#1004);
#1004 = CARTESIAN_POINT('',(-0.85,-0.1417,10.));
#1005 = VERTEX_POINT('',#1006);
#1006 = CARTESIAN_POINT('',(0.85,-0.1417,10.));
#1007 = LINE('',#1008,#1009);
#1008 = CARTESIAN_POINT('',(-0.85,-0.1417,10.));
#1009 = VECTOR('',#1010,1.);
#1010 = DIRECTION('',(1.,0.,0.));
#1011 = ORIENTED_EDGE('',*,*,#1012,.T.);
#1012 = EDGE_CURVE('',#1005,#1013,#1015,.T.);
#1013 = VERTEX_POINT('',#1014);
#1014 = CARTESIAN_POINT('',(0.85,-0.,10.));
#1015 = LINE('',#1016,#1017);
#1016 = CARTESIAN_POINT('',(0.85,-0.1417,10.));
#1017 = VECTOR('',#1018,1.);
#1018 = DIRECTION('',(0.,1.,0.));
#1019 = ORIENTED_EDGE('',*,*,#1020,.F.);
#1020 = EDGE_CURVE('',#1021,#1013,#1023,.T.);
#1021 = VERTEX_POINT('',#1022);
#1022 = CARTESIAN_POINT('',(-0.85,-0.,10.));
#1023 = LINE('',#1024,#1025);
#1024 = CARTESIAN_POINT('',(-0.85,-0.,10.));
#1025 = VECTOR('',#1026,1.);
#1026 = DIRECTION('',(1.,0.,0.));
#1027 = ORIENTED_EDGE('',*,*,#1028,.F.);
#1028 = EDGE_CURVE('',#1003,#1021,#1029,.T.);
#1029 = LINE('',#1030,#1031);
#1030 = CARTESIAN_POINT('',(-0.85,-0.1417,10.));
#1031 = VECTOR('',#1032,1.);
#1032 = DIRECTION('',(0.,1.,0.));
#1033 = PLANE('',#1034);
#1034 = AXIS2_PLACEMENT_3D('',#1035,#1036,#1037);
#1035 = CARTESIAN_POINT('',(-0.85,-0.1417,10.));
#1036 = DIRECTION('',(0.,0.,1.));
#1037 = DIRECTION('',(1.,0.,-0.));
#1038 = ADVANCED_FACE('',(#1039),#1055,.T.);
#1039 = FACE_BOUND('',#1040,.T.);
#1040 = EDGE_LOOP('',(#1041,#1042,#1048,#1049));
#1041 = ORIENTED_EDGE('',*,*,#988,.T.);
#1042 = ORIENTED_EDGE('',*,*,#1043,.T.);
#1043 = EDGE_CURVE('',#981,#1005,#1044,.T.);
#1044 = LINE('',#1045,#1046);
#1045 = CARTESIAN_POINT('',(0.85,-0.1417,0.3));
#1046 = VECTOR('',#1047,1.);
#1047 = DIRECTION('',(0.,0.,1.));
#1048 = ORIENTED_EDGE('',*,*,#1002,.F.);
#1049 = ORIENTED_EDGE('',*,*,#1050,.F.);
#1050 = EDGE_CURVE('',#963,#1003,#1051,.T.);
#1051 = LINE('',#1052,#1053);
#1052 = CARTESIAN_POINT('',(-0.85,-0.1417,0.3));
#1053 = VECTOR('',#1054,1.);
#1054 = DIRECTION('',(0.,0.,1.));
#1055 = PLANE('',#1056);
#1056 = AXIS2_PLACEMENT_3D('',#1057,#1058,#1059);
#1057 = CARTESIAN_POINT('',(-0.85,-0.1417,0.3));
#1058 = DIRECTION('',(0.,-1.,0.));
#1059 = DIRECTION('',(1.,0.,0.));
#1060 = ADVANCED_FACE('',(#1061),#1077,.T.);
#1061 = FACE_BOUND('',#1062,.T.);
#1062 = EDGE_LOOP('',(#1063,#1069,#1070,#1076));
#1063 = ORIENTED_EDGE('',*,*,#1064,.T.);
#1064 = EDGE_CURVE('',#965,#1021,#1065,.T.);
#1065 = LINE('',#1066,#1067);
#1066 = CARTESIAN_POINT('',(-0.85,-0.,0.3));
#1067 = VECTOR('',#1068,1.);
#1068 = DIRECTION('',(0.,0.,1.));
#1069 = ORIENTED_EDGE('',*,*,#1020,.T.);
#1070 = ORIENTED_EDGE('',*,*,#1071,.F.);
#1071 = EDGE_CURVE('',#973,#1013,#1072,.T.);
#1072 = LINE('',#1073,#1074);
#1073 = CARTESIAN_POINT('',(0.85,-0.,0.3));
#1074 = VECTOR('',#1075,1.);
#1075 = DIRECTION('',(0.,0.,1.));
#1076 = ORIENTED_EDGE('',*,*,#972,.F.);
#1077 = PLANE('',#1078);
#1078 = AXIS2_PLACEMENT_3D('',#1079,#1080,#1081);
#1079 = CARTESIAN_POINT('',(-0.85,-0.,0.3));
#1080 = DIRECTION('',(0.,1.,0.));
#1081 = DIRECTION('',(1.,0.,0.));
#1082 = ADVANCED_FACE('',(#1083),#1089,.T.);
#1083 = FACE_BOUND('',#1084,.T.);
#1084 = EDGE_LOOP('',(#1085,#1086,#1087,#1088));
#1085 = ORIENTED_EDGE('',*,*,#1050,.T.);
#1086 = ORIENTED_EDGE('',*,*,#1028,.T.);
#1087 = ORIENTED_EDGE('',*,*,#1064,.F.);
#1088 = ORIENTED_EDGE('',*,*,#962,.F.);
#1089 = PLANE('',#1090);
#1090 = AXIS2_PLACEMENT_3D('',#1091,#1092,#1093);
#1091 = CARTESIAN_POINT('',(-0.85,-0.1417,0.3));
#1092 = DIRECTION('',(-1.,0.,0.));
#1093 = DIRECTION('',(0.,1.,0.));
#1094 = ADVANCED_FACE('',(#1095),#1101,.T.);
#1095 = FACE_BOUND('',#1096,.T.);
#1096 = EDGE_LOOP('',(#1097,#1098,#1099,#1100));
#1097 = ORIENTED_EDGE('',*,*,#980,.T.);
#1098 = ORIENTED_EDGE('',*,*,#1071,.T.);
#1099 = ORIENTED_EDGE('',*,*,#1012,.F.);
#1100 = ORIENTED_EDGE('',*,*,#1043,.F.);
#1101 = PLANE('',#1102);
#1102 = AXIS2_PLACEMENT_3D('',#1103,#1104,#1105);
#1103 = CARTESIAN_POINT('',(0.85,-0.1417,0.3));
#1104 = DIRECTION('',(1.,0.,0.));
#1105 = DIRECTION('',(-0.,1.,0.));
#1106 = MANIFOLD_SOLID_BREP('',#1107);
#1107 = CLOSED_SHELL('',(#1108,#1148,#1188,#1210,#1232,#1244));
#1108 = ADVANCED_FACE('',(#1109),#1143,.T.);
#1109 = FACE_BOUND('',#1110,.T.);
#1110 = EDGE_LOOP('',(#1111,#1121,#1129,#1137));
#1111 = ORIENTED_EDGE('',*,*,#1112,.T.);
#1112 = EDGE_CURVE('',#1113,#1115,#1117,.T.);
#1113 = VERTEX_POINT('',#1114);
#1114 = CARTESIAN_POINT('',(-0.8381,-0.2833,0.3));
#1115 = VERTEX_POINT('',#1116);
#1116 = CARTESIAN_POINT('',(-0.8381,-0.1417,0.3));
#1117 = LINE('',#1118,#1119);
#1118 = CARTESIAN_POINT('',(-0.8381,-0.2833,0.3));
#1119 = VECTOR('',#1120,1.);
#1120 = DIRECTION('',(0.,1.,0.));
#1121 = ORIENTED_EDGE('',*,*,#1122,.T.);
#1122 = EDGE_CURVE('',#1115,#1123,#1125,.T.);
#1123 = VERTEX_POINT('',#1124);
#1124 = CARTESIAN_POINT('',(0.8381,-0.1417,0.3));
#1125 = LINE('',#1126,#1127);
#1126 = CARTESIAN_POINT('',(-0.8381,-0.1417,0.3));
#1127 = VECTOR('',#1128,1.);
#1128 = DIRECTION('',(1.,0.,0.));
#1129 = ORIENTED_EDGE('',*,*,#1130,.F.);
#1130 = EDGE_CURVE('',#1131,#1123,#1133,.T.);
#1131 = VERTEX_POINT('',#1132);
#1132 = CARTESIAN_POINT('',(0.8381,-0.2833,0.3));
#1133 = LINE('',#1134,#1135);
#1134 = CARTESIAN_POINT('',(0.8381,-0.2833,0.3));
#1135 = VECTOR('',#1136,1.);
#1136 = DIRECTION('',(0.,1.,0.));
#1137 = ORIENTED_EDGE('',*,*,#1138,.F.);
#1138 = EDGE_CURVE('',#1113,#1131,#1139,.T.);
#1139 = LINE('',#1140,#1141);
#1140 = CARTESIAN_POINT('',(-0.8381,-0.2833,0.3));
#1141 = VECTOR('',#1142,1.);
#1142 = DIRECTION('',(1.,0.,0.));
#1143 = PLANE('',#1144);
#1144 = AXIS2_PLACEMENT_3D('',#1145,#1146,#1147);
#1145 = CARTESIAN_POINT('',(-0.8381,-0.2833,0.3));
#1146 = DIRECTION('',(0.,0.,-1.));
#1147 = DIRECTION('',(1.,0.,0.));
#1148 = ADVANCED_FACE('',(#1149),#1183,.T.);
#1149 = FACE_BOUND('',#1150,.T.);
#1150 = EDGE_LOOP('',(#1151,#1161,#1169,#1177));
#1151 = ORIENTED_EDGE('',*,*,#1152,.T.);
#1152 = EDGE_CURVE('',#1153,#1155,#1157,.T.);
#1153 = VERTEX_POINT('',#1154);
#1154 = CARTESIAN_POINT('',(-0.8381,-0.2833,10.));
#1155 = VERTEX_POINT('',#1156);
#1156 = CARTESIAN_POINT('',(0.8381,-0.2833,10.));
#1157 = LINE('',#1158,#1159);
#1158 = CARTESIAN_POINT('',(-0.8381,-0.2833,10.));
#1159 = VECTOR('',#1160,1.);
#1160 = DIRECTION('',(1.,0.,0.));
#1161 = ORIENTED_EDGE('',*,*,#1162,.T.);
#1162 = EDGE_CURVE('',#1155,#1163,#1165,.T.);
#1163 = VERTEX_POINT('',#1164);
#1164 = CARTESIAN_POINT('',(0.8381,-0.1417,10.));
#1165 = LINE('',#1166,#1167);
#1166 = CARTESIAN_POINT('',(0.8381,-0.2833,10.));
#1167 = VECTOR('',#1168,1.);
#1168 = DIRECTION('',(0.,1.,0.));
#1169 = ORIENTED_EDGE('',*,*,#1170,.F.);
#1170 = EDGE_CURVE('',#1171,#1163,#1173,.T.);
#1171 = VERTEX_POINT('',#1172);
#1172 = CARTESIAN_POINT('',(-0.8381,-0.1417,10.));
#1173 = LINE('',#1174,#1175);
#1174 = CARTESIAN_POINT('',(-0.8381,-0.1417,10.));
#1175 = VECTOR('',#1176,1.);
#1176 = DIRECTION('',(1.,0.,0.));
#1177 = ORIENTED_EDGE('',*,*,#1178,.F.);
#1178 = EDGE_CURVE('',#1153,#1171,#1179,.T.);
#1179 = LINE('',#1180,#1181);
#1180 = CARTESIAN_POINT('',(-0.8381,-0.2833,10.));
#1181 = VECTOR('',#1182,1.);
#1182 = DIRECTION('',(0.,1.,0.));
#1183 = PLANE('',#1184);
#1184 = AXIS2_PLACEMENT_3D('',#1185,#1186,#1187);
#1185 = CARTESIAN_POINT('',(-0.8381,-0.2833,10.));
#1186 = DIRECTION('',(0.,0.,1.));
#1187 = DIRECTION('',(1.,0.,-0.));
#1188 = ADVANCED_FACE('',(#1189),#1205,.T.);
#1189 = FACE_BOUND('',#1190,.T.);
#1190 = EDGE_LOOP('',(#1191,#1192,#1198,#1199));
#1191 = ORIENTED_EDGE('',*,*,#1138,.T.);
#1192 = ORIENTED_EDGE('',*,*,#1193,.T.);
#1193 = EDGE_CURVE('',#1131,#1155,#1194,.T.);
#1194 = LINE('',#1195,#1196);
#1195 = CARTESIAN_POINT('',(0.8381,-0.2833,0.3));
#1196 = VECTOR('',#1197,1.);
#1197 = DIRECTION('',(0.,0.,1.));
#1198 = ORIENTED_EDGE('',*,*,#1152,.F.);
#1199 = ORIENTED_EDGE('',*,*,#1200,.F.);
#1200 = EDGE_CURVE('',#1113,#1153,#1201,.T.);
#1201 = LINE('',#1202,#1203);
#1202 = CARTESIAN_POINT('',(-0.8381,-0.2833,0.3));
#1203 = VECTOR('',#1204,1.);
#1204 = DIRECTION('',(0.,0.,1.));
#1205 = PLANE('',#1206);
#1206 = AXIS2_PLACEMENT_3D('',#1207,#1208,#1209);
#1207 = CARTESIAN_POINT('',(-0.8381,-0.2833,0.3));
#1208 = DIRECTION('',(0.,-1.,0.));
#1209 = DIRECTION('',(1.,0.,0.));
#1210 = ADVANCED_FACE('',(#1211),#1227,.T.);
#1211 = FACE_BOUND('',#1212,.T.);
#1212 = EDGE_LOOP('',(#1213,#1219,#1220,#1226));
#1213 = ORIENTED_EDGE('',*,*,#1214,.T.);
#1214 = EDGE_CURVE('',#1115,#1171,#1215,.T.);
#1215 = LINE('',#1216,#1217);
#1216 = CARTESIAN_POINT('',(-0.8381,-0.1417,0.3));
#1217 = VECTOR('',#1218,1.);
#1218 = DIRECTION('',(0.,0.,1.));
#1219 = ORIENTED_EDGE('',*,*,#1170,.T.);
#1220 = ORIENTED_EDGE('',*,*,#1221,.F.);
#1221 = EDGE_CURVE('',#1123,#1163,#1222,.T.);
#1222 = LINE('',#1223,#1224);
#1223 = CARTESIAN_POINT('',(0.8381,-0.1417,0.3));
#1224 = VECTOR('',#1225,1.);
#1225 = DIRECTION('',(0.,0.,1.));
#1226 = ORIENTED_EDGE('',*,*,#1122,.F.);
#1227 = PLANE('',#1228);
#1228 = AXIS2_PLACEMENT_3D('',#1229,#1230,#1231);
#1229 = CARTESIAN_POINT('',(-0.8381,-0.1417,0.3));
#1230 = DIRECTION('',(0.,1.,0.));
#1231 = DIRECTION('',(1.,0.,0.));
#1232 = ADVANCED_FACE('',(#1233),#1239,.T.);
#1233 = FACE_BOUND('',#1234,.T.);
#1234 = EDGE_LOOP('',(#1235,#1236,#1237,#1238));
#1235 = ORIENTED_EDGE('',*,*,#1200,.T.);
#1236 = ORIENTED_EDGE('',*,*,#1178,.T.);
#1237 = ORIENTED_EDGE('',*,*,#1214,.F.);
#1238 = ORIENTED_EDGE('',*,*,#1112,.F.);
#1239 = PLANE('',#1240);
#1240 = AXIS2_PLACEMENT_3D('',#1241,#1242,#1243);
#1241 = CARTESIAN_POINT('',(-0.8381,-0.2833,0.3));
#1242 = DIRECTION('',(-1.,0.,0.));
#1243 = DIRECTION('',(0.,1.,0.));
#1244 = ADVANCED_FACE('',(#1245),#1251,.T.);
#1245 = FACE_BOUND('',#1246,.T.);
#1246 = EDGE_LOOP('',(#1247,#1248,#1249,#1250));
#1247 = ORIENTED_EDGE('',*,*,#1130,.T.);
#1248 = ORIENTED_EDGE('',*,*,#1221,.T.);
#1249 = ORIENTED_EDGE('',*,*,#1162,.F.);
#1250 = ORIENTED_EDGE('',*,*,#1193,.F.);
#1251 = PLANE('',#1252);
#1252 = AXIS2_PLACEMENT_3D('',#1253,#1254,#1255);
#1253 = CARTESIAN_POINT('',(0.8381,-0.2833,0.3));
#1254 = DIRECTION('',(1.,0.,0.));
#1255 = DIRECTION('',(-0.,1.,0.));
#1256 = MANIFOLD_SOLID_BREP('',#1257);
#1257 = CLOSED_SHELL('',(#1258,#1298,#1338,#1360,#1382,#1394));
#1258 = ADVANCED_FACE('',(#1259),#1293,.T.);
#1259 = FACE_BOUND('',#1260,.T.);
#1260 = EDGE_LOOP('',(#1261,#1271,#1279,#1287));
#1261 = ORIENTED_EDGE('',*,*,#1262,.T.);
#1262 = EDGE_CURVE('',#1263,#1265,#1267,.T.);
#1263 = VERTEX_POINT('',#1264);
#1264 = CARTESIAN_POINT('',(-0.8014,-0.425,0.3));
#1265 = VERTEX_POINT('',#1266);
#1266 = CARTESIAN_POINT('',(-0.8014,-0.2833,0.3));
#1267 = LINE('',#1268,#1269);
#1268 = CARTESIAN_POINT('',(-0.8014,-0.425,0.3));
#1269 = VECTOR('',#1270,1.);
#1270 = DIRECTION('',(0.,1.,0.));
#1271 = ORIENTED_EDGE('',*,*,#1272,.T.);
#1272 = EDGE_CURVE('',#1265,#1273,#1275,.T.);
#1273 = VERTEX_POINT('',#1274);
#1274 = CARTESIAN_POINT('',(0.8014,-0.2833,0.3));
#1275 = LINE('',#1276,#1277);
#1276 = CARTESIAN_POINT('',(-0.8014,-0.2833,0.3));
#1277 = VECTOR('',#1278,1.);
#1278 = DIRECTION('',(1.,0.,0.));
#1279 = ORIENTED_EDGE('',*,*,#1280,.F.);
#1280 = EDGE_CURVE('',#1281,#1273,#1283,.T.);
#1281 = VERTEX_POINT('',#1282);
#1282 = CARTESIAN_POINT('',(0.8014,-0.425,0.3));
#1283 = LINE('',#1284,#1285);
#1284 = CARTESIAN_POINT('',(0.8014,-0.425,0.3));
#1285 = VECTOR('',#1286,1.);
#1286 = DIRECTION('',(0.,1.,0.));
#1287 = ORIENTED_EDGE('',*,*,#1288,.F.);
#1288 = EDGE_CURVE('',#1263,#1281,#1289,.T.);
#1289 = LINE('',#1290,#1291);
#1290 = CARTESIAN_POINT('',(-0.8014,-0.425,0.3));
#1291 = VECTOR('',#1292,1.);
#1292 = DIRECTION('',(1.,0.,0.));
#1293 = PLANE('',#1294);
#1294 = AXIS2_PLACEMENT_3D('',#1295,#1296,#1297);
#1295 = CARTESIAN_POINT('',(-0.8014,-0.425,0.3));
#1296 = DIRECTION('',(0.,0.,-1.));
#1297 = DIRECTION('',(1.,0.,0.));
#1298 = ADVANCED_FACE('',(#1299),#1333,.T.);
#1299 = FACE_BOUND('',#1300,.T.);
#1300 = EDGE_LOOP('',(#1301,#1311,#1319,#1327));
#1301 = ORIENTED_EDGE('',*,*,#1302,.T.);
#1302 = EDGE_CURVE('',#1303,#1305,#1307,.T.);
#1303 = VERTEX_POINT('',#1304);
#1304 = CARTESIAN_POINT('',(-0.8014,-0.425,10.));
#1305 = VERTEX_POINT('',#1306);
#1306 = CARTESIAN_POINT('',(0.8014,-0.425,10.));
#1307 = LINE('',#1308,#1309);
#1308 = CARTESIAN_POINT('',(-0.8014,-0.425,10.));
#1309 = VECTOR('',#1310,1.);
#1310 = DIRECTION('',(1.,0.,0.));
#1311 = ORIENTED_EDGE('',*,*,#1312,.T.);
#1312 = EDGE_CURVE('',#1305,#1313,#1315,.T.);
#1313 = VERTEX_POINT('',#1314);
#1314 = CARTESIAN_POINT('',(0.8014,-0.2833,10.));
#1315 = LINE('',#1316,#1317);
#1316 = CARTESIAN_POINT('',(0.8014,-0.425,10.));
#1317 = VECTOR('',#1318,1.);
#1318 = DIRECTION('',(0.,1.,0.));
#1319 = ORIENTED_EDGE('',*,*,#1320,.F.);
#1320 = EDGE_CURVE('',#1321,#1313,#1323,.T.);
#1321 = VERTEX_POINT('',#1322);
#1322 = CARTESIAN_POINT('',(-0.8014,-0.2833,10.));
#1323 = LINE('',#1324,#1325);
#1324 = CARTESIAN_POINT('',(-0.8014,-0.2833,10.));
#1325 = VECTOR('',#1326,1.);
#1326 = DIRECTION('',(1.,0.,0.));
#1327 = ORIENTED_EDGE('',*,*,#1328,.F.);
#1328 = EDGE_CURVE('',#1303,#1321,#1329,.T.);
#1329 = LINE('',#1330,#1331);
#1330 = CARTESIAN_POINT('',(-0.8014,-0.425,10.));
#1331 = VECTOR('',#1332,1.);
#1332 = DIRECTION('',(0.,1.,0.));
#1333 = PLANE('',#1334);
#1334 = AXIS2_PLACEMENT_3D('',#1335,#1336,#1337);
#1335 = CARTESIAN_POINT('',(-0.8014,-0.425,10.));
#1336 = DIRECTION('',(0.,0.,1.));
#1337 = DIRECTION('',(1.,0.,-0.));
#1338 = ADVANCED_FACE('',(#1339),#1355,.T.);
#1339 = FACE_BOUND('',#1340,.T.);
#1340 = EDGE_LOOP('',(#1341,#1342,#1348,#1349));
#1341 = ORIENTED_EDGE('',*,*,#1288,.T.);
#1342 = ORIENTED_EDGE('',*,*,#1343,.T.);
#1343 = EDGE_CURVE('',#1281,#1305,#1344,.T.);
#1344 = LINE('',#1345,#1346);
#1345 = CARTESIAN_POINT('',(0.8014,-0.425,0.3));
#1346 = VECTOR('',#1347,1.);
#1347 = DIRECTION('',(0.,0.,1.));
#1348 = ORIENTED_EDGE('',*,*,#1302,.F.);
#1349 = ORIENTED_EDGE('',*,*,#1350,.F.);
#1350 = EDGE_CURVE('',#1263,#1303,#1351,.T.);
#1351 = LINE('',#1352,#1353);
#1352 = CARTESIAN_POINT('',(-0.8014,-0.425,0.3));
#1353 = VECTOR('',#1354,1.);
#1354 = DIRECTION('',(0.,0.,1.));
#1355 = PLANE('',#1356);
#1356 = AXIS2_PLACEMENT_3D('',#1357,#1358,#1359);
#1357 = CARTESIAN_POINT('',(-0.8014,-0.425,0.3));
#1358 = DIRECTION('',(0.,-1.,0.));
#1359 = DIRECTION('',(1.,0.,0.));
#1360 = ADVANCED_FACE('',(#1361),#1377,.T.);
#1361 = FACE_BOUND('',#1362,.T.);
#1362 = EDGE_LOOP('',(#1363,#1369,#1370,#1376));
#1363 = ORIENTED_EDGE('',*,*,#1364,.T.);
#1364 = EDGE_CURVE('',#1265,#1321,#1365,.T.);
#1365 = LINE('',#1366,#1367);
#1366 = CARTESIAN_POINT('',(-0.8014,-0.2833,0.3));
#1367 = VECTOR('',#1368,1.);
#1368 = DIRECTION('',(0.,0.,1.));
#1369 = ORIENTED_EDGE('',*,*,#1320,.T.);
#1370 = ORIENTED_EDGE('',*,*,#1371,.F.);
#1371 = EDGE_CURVE('',#1273,#1313,#1372,.T.);
#1372 = LINE('',#1373,#1374);
#1373 = CARTESIAN_POINT('',(0.8014,-0.2833,0.3));
#1374 = VECTOR('',#1375,1.);
#1375 = DIRECTION('',(0.,0.,1.));
#1376 = ORIENTED_EDGE('',*,*,#1272,.F.);
#1377 = PLANE('',#1378);
#1378 = AXIS2_PLACEMENT_3D('',#1379,#1380,#1381);
#1379 = CARTESIAN_POINT('',(-0.8014,-0.2833,0.3));
#1380 = DIRECTION('',(0.,1.,0.));
#1381 = DIRECTION('',(1.,0.,0.));
#1382 = ADVANCED_FACE('',(#1383),#1389,.T.);
#1383 = FACE_BOUND('',#1384,.T.);
#1384 = EDGE_LOOP('',(#1385,#1386,#1387,#1388));
#1385 = ORIENTED_EDGE('',*,*,#1350,.T.);
#1386 = ORIENTED_EDGE('',*,*,#1328,.T.);
#1387 = ORIENTED_EDGE('',*,*,#1364,.F.);
#1388 = ORIENTED_EDGE('',*,*,#1262,.F.);
#1389 = PLANE('',#1390);
#1390 = AXIS2_PLACEMENT_3D('',#1391,#1392,#1393);
#1391 = CARTESIAN_POINT('',(-0.8014,-0.425,0.3));
#1392 = DIRECTION('',(-1.,0.,0.));
#1393 = DIRECTION('',(0.,1.,0.));
#1394 = ADVANCED_FACE('',(#1395),#1401,.T.);
#1395 = FACE_BOUND('',#1396,.T.);
#1396 = EDGE_LOOP('',(#1397,#1398,#1399,#1400));
#1397 = ORIENTED_EDGE('',*,*,#1280,.T.);
#1398 = ORIENTED_EDGE('',*,*,#1371,.T.);
#1399 = ORIENTED_EDGE('',*,*,#1312,.F.);
#1400 = ORIENTED_EDGE('',*,*,#1343,.F.);
#1401 = PLANE('',#1402);
#1402 = AXIS2_PLACEMENT_3D('',#1403,#1404,#1405);
#1403 = CARTESIAN_POINT('',(0.8014,-0.425,0.3));
#1404 = DIRECTION('',(1.,0.,0.));
#1405 = DIRECTION('',(-0.,1.,0.));
#1406 = MANIFOLD_SOLID_BREP('',#1407);
#1407 = CLOSED_SHELL('',(#1408,#1448,#1488,#1510,#1532,#1544));
#1408 = ADVANCED_FACE('',(#1409),#1443,.T.);
#1409 = FACE_BOUND('',#1410,.T.);
#1410 = EDGE_LOOP('',(#1411,#1421,#1429,#1437));
#1411 = ORIENTED_EDGE('',*,*,#1412,.T.);
#1412 = EDGE_CURVE('',#1413,#1415,#1417,.T.);
#1413 = VERTEX_POINT('',#1414);
#1414 = CARTESIAN_POINT('',(-0.7361,-0.5667,0.3));
#1415 = VERTEX_POINT('',#1416);
#1416 = CARTESIAN_POINT('',(-0.7361,-0.425,0.3));
#1417 = LINE('',#1418,#1419);
#1418 = CARTESIAN_POINT('',(-0.7361,-0.5667,0.3));
#1419 = VECTOR('',#1420,1.);
#1420 = DIRECTION('',(0.,1.,0.));
#1421 = ORIENTED_EDGE('',*,*,#1422,.T.);
#1422 = EDGE_CURVE('',#1415,#1423,#1425,.T.);
#1423 = VERTEX_POINT('',#1424);
#1424 = CARTESIAN_POINT('',(0.7361,-0.425,0.3));
#1425 = LINE('',#1426,#1427);
#1426 = CARTESIAN_POINT('',(-0.7361,-0.425,0.3));
#1427 = VECTOR('',#1428,1.);
#1428 = DIRECTION('',(1.,0.,0.));
#1429 = ORIENTED_EDGE('',*,*,#1430,.F.);
#1430 = EDGE_CURVE('',#1431,#1423,#1433,.T.);
#1431 = VERTEX_POINT('',#1432);
#1432 = CARTESIAN_POINT('',(0.7361,-0.5667,0.3));
#1433 = LINE('',#1434,#1435);
#1434 = CARTESIAN_POINT('',(0.7361,-0.5667,0.3));
#1435 = VECTOR('',#1436,1.);
#1436 = DIRECTION('',(0.,1.,0.));
#1437 = ORIENTED_EDGE('',*,*,#1438,.F.);
#1438 = EDGE_CURVE('',#1413,#1431,#1439,.T.);
#1439 = LINE('',#1440,#1441);
#1440 = CARTESIAN_POINT('',(-0.7361,-0.5667,0.3));
#1441 = VECTOR('',#1442,1.);
#1442 = DIRECTION('',(1.,0.,0.));
#1443 = PLANE('',#1444);
#1444 = AXIS2_PLACEMENT_3D('',#1445,#1446,#1447);
#1445 = CARTESIAN_POINT('',(-0.7361,-0.5667,0.3));
#1446 = DIRECTION('',(0.,0.,-1.));
#1447 = DIRECTION('',(1.,0.,0.));
#1448 = ADVANCED_FACE('',(#1449),#1483,.T.);
#1449 = FACE_BOUND('',#1450,.T.);
#1450 = EDGE_LOOP('',(#1451,#1461,#1469,#1477));
#1451 = ORIENTED_EDGE('',*,*,#1452,.T.);
#1452 = EDGE_CURVE('',#1453,#1455,#1457,.T.);
#1453 = VERTEX_POINT('',#1454);
#1454 = CARTESIAN_POINT('',(-0.7361,-0.5667,10.));
#1455 = VERTEX_POINT('',#1456);
#1456 = CARTESIAN_POINT('',(0.7361,-0.5667,10.));
#1457 = LINE('',#1458,#1459);
#1458 = CARTESIAN_POINT('',(-0.7361,-0.5667,10.));
#1459 = VECTOR('',#1460,1.);
#1460 = DIRECTION('',(1.,0.,0.));
#1461 = ORIENTED_EDGE('',*,*,#1462,.T.);
#1462 = EDGE_CURVE('',#1455,#1463,#1465,.T.);
#1463 = VERTEX_POINT('',#1464);
#1464 = CARTESIAN_POINT('',(0.7361,-0.425,10.));
#1465 = LINE('',#1466,#1467);
#1466 = CARTESIAN_POINT('',(0.7361,-0.5667,10.));
#1467 = VECTOR('',#1468,1.);
#1468 = DIRECTION('',(0.,1.,0.));
#1469 = ORIENTED_EDGE('',*,*,#1470,.F.);
#1470 = EDGE_CURVE('',#1471,#1463,#1473,.T.);
#1471 = VERTEX_POINT('',#1472);
#1472 = CARTESIAN_POINT('',(-0.7361,-0.425,10.));
#1473 = LINE('',#1474,#1475);
#1474 = CARTESIAN_POINT('',(-0.7361,-0.425,10.));
#1475 = VECTOR('',#1476,1.);
#1476 = DIRECTION('',(1.,0.,0.));
#1477 = ORIENTED_EDGE('',*,*,#1478,.F.);
#1478 = EDGE_CURVE('',#1453,#1471,#1479,.T.);
#1479 = LINE('',#1480,#1481);
#1480 = CARTESIAN_POINT('',(-0.7361,-0.5667,10.));
#1481 = VECTOR('',#1482,1.);
#1482 = DIRECTION('',(0.,1.,0.));
#1483 = PLANE('',#1484);
#1484 = AXIS2_PLACEMENT_3D('',#1485,#1486,#1487);
#1485 = CARTESIAN_POINT('',(-0.7361,-0.5667,10.));
#1486 = DIRECTION('',(0.,0.,1.));
#1487 = DIRECTION('',(1.,0.,-0.));
#1488 = ADVANCED_FACE('',(#1489),#1505,.T.);
#1489 = FACE_BOUND('',#1490,.T.);
#1490 = EDGE_LOOP('',(#1491,#1492,#1498,#1499));
#1491 = ORIENTED_EDGE('',*,*,#1438,.T.);
#1492 = ORIENTED_EDGE('',*,*,#1493,.T.);
#1493 = EDGE_CURVE('',#1431,#1455,#1494,.T.);
#1494 = LINE('',#1495,#1496);
#1495 = CARTESIAN_POINT('',(0.7361,-0.5667,0.3));
#1496 = VECTOR('',#1497,1.);
#1497 = DIRECTION('',(0.,0.,1.));
#1498 = ORIENTED_EDGE('',*,*,#1452,.F.);
#1499 = ORIENTED_EDGE('',*,*,#1500,.F.);
#1500 = EDGE_CURVE('',#1413,#1453,#1501,.T.);
#1501 = LINE('',#1502,#1503);
#1502 = CARTESIAN_POINT('',(-0.7361,-0.5667,0.3));
#1503 = VECTOR('',#1504,1.);
#1504 = DIRECTION('',(0.,0.,1.));
#1505 = PLANE('',#1506);
#1506 = AXIS2_PLACEMENT_3D('',#1507,#1508,#1509);
#1507 = CARTESIAN_POINT('',(-0.7361,-0.5667,0.3));
#1508 = DIRECTION('',(0.,-1.,0.));
#1509 = DIRECTION('',(1.,0.,0.));
#1510 = ADVANCED_FACE('',(#1511),#1527,.T.);
#1511 = FACE_BOUND('',#1512,.T.);
#1512 = EDGE_LOOP('',(#1513,#1519,#1520,#1526));
#1513 = ORIENTED_EDGE('',*,*,#1514,.T.);
#1514 = EDGE_CURVE('',#1415,#1471,#1515,.T.);
#1515 = LINE('',#1516,#1517);
#1516 = CARTESIAN_POINT('',(-0.7361,-0.425,0.3));
#1517 = VECTOR('',#1518,1.);
#1518 = DIRECTION('',(0.,0.,1.));
#1519 = ORIENTED_EDGE('',*,*,#1470,.T.);
#1520 = ORIENTED_EDGE('',*,*,#1521,.F.);
#1521 = EDGE_CURVE('',#1423,#1463,#1522,.T.);
#1522 = LINE('',#1523,#1524);
#1523 = CARTESIAN_POINT('',(0.7361,-0.425,0.3));
#1524 = VECTOR('',#1525,1.);
#1525 = DIRECTION('',(0.,0.,1.));
#1526 = ORIENTED_EDGE('',*,*,#1422,.F.);
#1527 = PLANE('',#1528);
#1528 = AXIS2_PLACEMENT_3D('',#1529,#1530,#1531);
#1529 = CARTESIAN_POINT('',(-0.7361,-0.425,0.3));
#1530 = DIRECTION('',(0.,1.,0.));
#1531 = DIRECTION('',(1.,0.,0.));
#1532 = ADVANCED_FACE('',(#1533),#1539,.T.);
#1533 = FACE_BOUND('',#1534,.T.);
#1534 = EDGE_LOOP('',(#1535,#1536,#1537,#1538));
#1535 = ORIENTED_EDGE('',*,*,#1500,.T.);
#1536 = ORIENTED_EDGE('',*,*,#1478,.T.);
#1537 = ORIENTED_EDGE('',*,*,#1514,.F.);
#1538 = ORIENTED_EDGE('',*,*,#1412,.F.);
#1539 = PLANE('',#1540);
#1540 = AXIS2_PLACEMENT_3D('',#1541,#1542,#1543);
#1541 = CARTESIAN_POINT('',(-0.7361,-0.5667,0.3));
#1542 = DIRECTION('',(-1.,0.,0.));
#1543 = DIRECTION('',(0.,1.,0.));
#1544 = ADVANCED_FACE('',(#1545),#1551,.T.);
#1545 = FACE_BOUND('',#1546,.T.);
#1546 = EDGE_LOOP('',(#1547,#1548,#1549,#1550));
#1547 = ORIENTED_EDGE('',*,*,#1430,.T.);
#1548 = ORIENTED_EDGE('',*,*,#1521,.T.);
#1549 = ORIENTED_EDGE('',*,*,#1462,.F.);
#1550 = ORIENTED_EDGE('',*,*,#1493,.F.);
#1551 = PLANE('',#1552);
#1552 = AXIS2_PLACEMENT_3D('',#1553,#1554,#1555);
#1553 = CARTESIAN_POINT('',(0.7361,-0.5667,0.3));
#1554 = DIRECTION('',(1.,0.,0.));
#1555 = DIRECTION('',(-0.,1.,0.));
#1556 = MANIFOLD_SOLID_BREP('',#1557);
#1557 = CLOSED_SHELL('',(#1558,#1598,#1638,#1660,#1682,#1694));
#1558 = ADVANCED_FACE('',(#1559),#1593,.T.);
#1559 = FACE_BOUND('',#1560,.T.);
#1560 = EDGE_LOOP('',(#1561,#1571,#1579,#1587));
#1561 = ORIENTED_EDGE('',*,*,#1562,.T.);
#1562 = EDGE_CURVE('',#1563,#1565,#1567,.T.);
#1563 = VERTEX_POINT('',#1564);
#1564 = CARTESIAN_POINT('',(-0.6336,-0.7083,0.3));
#1565 = VERTEX_POINT('',#1566);
#1566 = CARTESIAN_POINT('',(-0.6336,-0.5667,0.3));
#1567 = LINE('',#1568,#1569);
#1568 = CARTESIAN_POINT('',(-0.6336,-0.7083,0.3));
#1569 = VECTOR('',#1570,1.);
#1570 = DIRECTION('',(0.,1.,0.));
#1571 = ORIENTED_EDGE('',*,*,#1572,.T.);
#1572 = EDGE_CURVE('',#1565,#1573,#1575,.T.);
#1573 = VERTEX_POINT('',#1574);
#1574 = CARTESIAN_POINT('',(0.6336,-0.5667,0.3));
#1575 = LINE('',#1576,#1577);
#1576 = CARTESIAN_POINT('',(-0.6336,-0.5667,0.3));
#1577 = VECTOR('',#1578,1.);
#1578 = DIRECTION('',(1.,0.,0.));
#1579 = ORIENTED_EDGE('',*,*,#1580,.F.);
#1580 = EDGE_CURVE('',#1581,#1573,#1583,.T.);
#1581 = VERTEX_POINT('',#1582);
#1582 = CARTESIAN_POINT('',(0.6336,-0.7083,0.3));
#1583 = LINE('',#1584,#1585);
#1584 = CARTESIAN_POINT('',(0.6336,-0.7083,0.3));
#1585 = VECTOR('',#1586,1.);
#1586 = DIRECTION('',(0.,1.,0.));
#1587 = ORIENTED_EDGE('',*,*,#1588,.F.);
#1588 = EDGE_CURVE('',#1563,#1581,#1589,.T.);
#1589 = LINE('',#1590,#1591);
#1590 = CARTESIAN_POINT('',(-0.6336,-0.7083,0.3));
#1591 = VECTOR('',#1592,1.);
#1592 = DIRECTION('',(1.,0.,0.));
#1593 = PLANE('',#1594);
#1594 = AXIS2_PLACEMENT_3D('',#1595,#1596,#1597);
#1595 = CARTESIAN_POINT('',(-0.6336,-0.7083,0.3));
#1596 = DIRECTION('',(0.,0.,-1.));
#1597 = DIRECTION('',(1.,0.,0.));
#1598 = ADVANCED_FACE('',(#1599),#1633,.T.);
#1599 = FACE_BOUND('',#1600,.T.);
#1600 = EDGE_LOOP('',(#1601,#1611,#1619,#1627));
#1601 = ORIENTED_EDGE('',*,*,#1602,.T.);
#1602 = EDGE_CURVE('',#1603,#1605,#1607,.T.);
#1603 = VERTEX_POINT('',#1604);
#1604 = CARTESIAN_POINT('',(-0.6336,-0.7083,10.));
#1605 = VERTEX_POINT('',#1606);
#1606 = CARTESIAN_POINT('',(0.6336,-0.7083,10.));
#1607 = LINE('',#1608,#1609);
#1608 = CARTESIAN_POINT('',(-0.6336,-0.7083,10.));
#1609 = VECTOR('',#1610,1.);
#1610 = DIRECTION('',(1.,0.,0.));
#1611 = ORIENTED_EDGE('',*,*,#1612,.T.);
#1612 = EDGE_CURVE('',#1605,#1613,#1615,.T.);
#1613 = VERTEX_POINT('',#1614);
#1614 = CARTESIAN_POINT('',(0.6336,-0.5667,10.));
#1615 = LINE('',#1616,#1617);
#1616 = CARTESIAN_POINT('',(0.6336,-0.7083,10.));
#1617 = VECTOR('',#1618,1.);
#1618 = DIRECTION('',(0.,1.,0.));
#1619 = ORIENTED_EDGE('',*,*,#1620,.F.);
#1620 = EDGE_CURVE('',#1621,#1613,#1623,.T.);
#1621 = VERTEX_POINT('',#1622);
#1622 = CARTESIAN_POINT('',(-0.6336,-0.5667,10.));
#1623 = LINE('',#1624,#1625);
#1624 = CARTESIAN_POINT('',(-0.6336,-0.5667,10.));
#1625 = VECTOR('',#1626,1.);
#1626 = DIRECTION('',(1.,0.,0.));
#1627 = ORIENTED_EDGE('',*,*,#1628,.F.);
#1628 = EDGE_CURVE('',#1603,#1621,#1629,.T.);
#1629 = LINE('',#1630,#1631);
#1630 = CARTESIAN_POINT('',(-0.6336,-0.7083,10.));
#1631 = VECTOR('',#1632,1.);
#1632 = DIRECTION('',(0.,1.,0.));
#1633 = PLANE('',#1634);
#1634 = AXIS2_PLACEMENT_3D('',#1635,#1636,#1637);
#1635 = CARTESIAN_POINT('',(-0.6336,-0.7083,10.));
#1636 = DIRECTION('',(0.,0.,1.));
#1637 = DIRECTION('',(1.,0.,-0.));
#1638 = ADVANCED_FACE('',(#1639),#1655,.T.);
#1639 = FACE_BOUND('',#1640,.T.);
#1640 = EDGE_LOOP('',(#1641,#1642,#1648,#1649));
#1641 = ORIENTED_EDGE('',*,*,#1588,.T.);
#1642 = ORIENTED_EDGE('',*,*,#1643,.T.);
#1643 = EDGE_CURVE('',#1581,#1605,#1644,.T.);
#1644 = LINE('',#1645,#1646);
#1645 = CARTESIAN_POINT('',(0.6336,-0.7083,0.3));
#1646 = VECTOR('',#1647,1.);
#1647 = DIRECTION('',(0.,0.,1.));
#1648 = ORIENTED_EDGE('',*,*,#1602,.F.);
#1649 = ORIENTED_EDGE('',*,*,#1650,.F.);
#1650 = EDGE_CURVE('',#1563,#1603,#1651,.T.);
#1651 = LINE('',#1652,#1653);
#1652 = CARTESIAN_POINT('',(-0.6336,-0.7083,0.3));
#1653 = VECTOR('',#1654,1.);
#1654 = DIRECTION('',(0.,0.,1.));
#1655 = PLANE('',#1656);
#1656 = AXIS2_PLACEMENT_3D('',#1657,#1658,#1659);
#1657 = CARTESIAN_POINT('',(-0.6336,-0.7083,0.3));
#1658 = DIRECTION('',(0.,-1.,0.));
#1659 = DIRECTION('',(1.,0.,0.));
#1660 = ADVANCED_FACE('',(#1661),#1677,.T.);
#1661 = FACE_BOUND('',#1662,.T.);
#1662 = EDGE_LOOP('',(#1663,#1669,#1670,#1676));
#1663 = ORIENTED_EDGE('',*,*,#1664,.T.);
#1664 = EDGE_CURVE('',#1565,#1621,#1665,.T.);
#1665 = LINE('',#1666,#1667);
#1666 = CARTESIAN_POINT('',(-0.6336,-0.5667,0.3));
#1667 = VECTOR('',#1668,1.);
#1668 = DIRECTION('',(0.,0.,1.));
#1669 = ORIENTED_EDGE('',*,*,#1620,.T.);
#1670 = ORIENTED_EDGE('',*,*,#1671,.F.);
#1671 = EDGE_CURVE('',#1573,#1613,#1672,.T.);
#1672 = LINE('',#1673,#1674);
#1673 = CARTESIAN_POINT('',(0.6336,-0.5667,0.3));
#1674 = VECTOR('',#1675,1.);
#1675 = DIRECTION('',(0.,0.,1.));
#1676 = ORIENTED_EDGE('',*,*,#1572,.F.);
#1677 = PLANE('',#1678);
#1678 = AXIS2_PLACEMENT_3D('',#1679,#1680,#1681);
#1679 = CARTESIAN_POINT('',(-0.6336,-0.5667,0.3));
#1680 = DIRECTION('',(0.,1.,0.));
#1681 = DIRECTION('',(1.,0.,0.));
#1682 = ADVANCED_FACE('',(#1683),#1689,.T.);
#1683 = FACE_BOUND('',#1684,.T.);
#1684 = EDGE_LOOP('',(#1685,#1686,#1687,#1688));
#1685 = ORIENTED_EDGE('',*,*,#1650,.T.);
#1686 = ORIENTED_EDGE('',*,*,#1628,.T.);
#1687 = ORIENTED_EDGE('',*,*,#1664,.F.);
#1688 = ORIENTED_EDGE('',*,*,#1562,.F.);
#1689 = PLANE('',#1690);
#1690 = AXIS2_PLACEMENT_3D('',#1691,#1692,#1693);
#1691 = CARTESIAN_POINT('',(-0.6336,-0.7083,0.3));
#1692 = DIRECTION('',(-1.,0.,0.));
#1693 = DIRECTION('',(0.,1.,0.));
#1694 = ADVANCED_FACE('',(#1695),#1701,.T.);
#1695 = FACE_BOUND('',#1696,.T.);
#1696 = EDGE_LOOP('',(#1697,#1698,#1699,#1700));
#1697 = ORIENTED_EDGE('',*,*,#1580,.T.);
#1698 = ORIENTED_EDGE('',*,*,#1671,.T.);
#1699 = ORIENTED_EDGE('',*,*,#1612,.F.);
#1700 = ORIENTED_EDGE('',*,*,#1643,.F.);
#1701 = PLANE('',#1702);
#1702 = AXIS2_PLACEMENT_3D('',#1703,#1704,#1705);
#1703 = CARTESIAN_POINT('',(0.6336,-0.7083,0.3));
#1704 = DIRECTION('',(1.,0.,0.));
#1705 = DIRECTION('',(-0.,1.,0.));
#1706 = MANIFOLD_SOLID_BREP('',#1707);
#1707 = CLOSED_SHELL('',(#1708,#1748,#1788,#1810,#1832,#1844));
#1708 = ADVANCED_FACE('',(#1709),#1743,.T.);
#1709 = FACE_BOUND('',#1710,.T.);
#1710 = EDGE_LOOP('',(#1711,#1721,#1729,#1737));
#1711 = ORIENTED_EDGE('',*,*,#1712,.T.);
#1712 = EDGE_CURVE('',#1713,#1715,#1717,.T.);
#1713 = VERTEX_POINT('',#1714);
#1714 = CARTESIAN_POINT('',(-0.4699,-0.85,0.3));
#1715 = VERTEX_POINT('',#1716);
#1716 = CARTESIAN_POINT('',(-0.4699,-0.7083,0.3));
#1717 = LINE('',#1718,#1719);
#1718 = CARTESIAN_POINT('',(-0.4699,-0.85,0.3));
#1719 = VECTOR('',#1720,1.);
#1720 = DIRECTION('',(0.,1.,0.));
#1721 = ORIENTED_EDGE('',*,*,#1722,.T.);
#1722 = EDGE_CURVE('',#1715,#1723,#1725,.T.);
#1723 = VERTEX_POINT('',#1724);
#1724 = CARTESIAN_POINT('',(0.4699,-0.7083,0.3));
#1725 = LINE('',#1726,#1727);
#1726 = CARTESIAN_POINT('',(-0.4699,-0.7083,0.3));
#1727 = VECTOR('',#1728,1.);
#1728 = DIRECTION('',(1.,0.,0.));
#1729 = ORIENTED_EDGE('',*,*,#1730,.F.);
#1730 = EDGE_CURVE('',#1731,#1723,#1733,.T.);
#1731 = VERTEX_POINT('',#1732);
#1732 = CARTESIAN_POINT('',(0.4699,-0.85,0.3));
#1733 = LINE('',#1734,#1735);
#1734 = CARTESIAN_POINT('',(0.4699,-0.85,0.3));
#1735 = VECTOR('',#1736,1.);
#1736 = DIRECTION('',(0.,1.,0.));
#1737 = ORIENTED_EDGE('',*,*,#1738,.F.);
#1738 = EDGE_CURVE('',#1713,#1731,#1739,.T.);
#1739 = LINE('',#1740,#1741);
#1740 = CARTESIAN_POINT('',(-0.4699,-0.85,0.3));
#1741 = VECTOR('',#1742,1.);
#1742 = DIRECTION('',(1.,0.,0.));
#1743 = PLANE('',#1744);
#1744 = AXIS2_PLACEMENT_3D('',#1745,#1746,#1747);
#1745 = CARTESIAN_POINT('',(-0.4699,-0.85,0.3));
#1746 = DIRECTION('',(0.,0.,-1.));
#1747 = DIRECTION('',(1.,0.,0.));
#1748 = ADVANCED_FACE('',(#1749),#1783,.T.);
#1749 = FACE_BOUND('',#1750,.T.);
#1750 = EDGE_LOOP('',(#1751,#1761,#1769,#1777));
#1751 = ORIENTED_EDGE('',*,*,#1752,.T.);
#1752 = EDGE_CURVE('',#1753,#1755,#1757,.T.);
#1753 = VERTEX_POINT('',#1754);
#1754 = CARTESIAN_POINT('',(-0.4699,-0.85,10.));
#1755 = VERTEX_POINT('',#1756);
#1756 = CARTESIAN_POINT('',(0.4699,-0.85,10.));
#1757 = LINE('',#1758,#1759);
#1758 = CARTESIAN_POINT('',(-0.4699,-0.85,10.));
#1759 = VECTOR('',#1760,1.);
#1760 = DIRECTION('',(1.,0.,0.));
#1761 = ORIENTED_EDGE('',*,*,#1762,.T.);
#1762 = EDGE_CURVE('',#1755,#1763,#1765,.T.);
#1763 = VERTEX_POINT('',#1764);
#1764 = CARTESIAN_POINT('',(0.4699,-0.7083,10.));
#1765 = LINE('',#1766,#1767);
#1766 = CARTESIAN_POINT('',(0.4699,-0.85,10.));
#1767 = VECTOR('',#1768,1.);
#1768 = DIRECTION('',(0.,1.,0.));
#1769 = ORIENTED_EDGE('',*,*,#1770,.F.);
#1770 = EDGE_CURVE('',#1771,#1763,#1773,.T.);
#1771 = VERTEX_POINT('',#1772);
#1772 = CARTESIAN_POINT('',(-0.4699,-0.7083,10.));
#1773 = LINE('',#1774,#1775);
#1774 = CARTESIAN_POINT('',(-0.4699,-0.7083,10.));
#1775 = VECTOR('',#1776,1.);
#1776 = DIRECTION('',(1.,0.,0.));
#1777 = ORIENTED_EDGE('',*,*,#1778,.F.);
#1778 = EDGE_CURVE('',#1753,#1771,#1779,.T.);
#1779 = LINE('',#1780,#1781);
#1780 = CARTESIAN_POINT('',(-0.4699,-0.85,10.));
#1781 = VECTOR('',#1782,1.);
#1782 = DIRECTION('',(0.,1.,0.));
#1783 = PLANE('',#1784);
#1784 = AXIS2_PLACEMENT_3D('',#1785,#1786,#1787);
#1785 = CARTESIAN_POINT('',(-0.4699,-0.85,10.));
#1786 = DIRECTION('',(0.,0.,1.));
#1787 = DIRECTION('',(1.,0.,-0.));
#1788 = ADVANCED_FACE('',(#1789),#1805,.T.);
#1789 = FACE_BOUND('',#1790,.T.);
#1790 = EDGE_LOOP('',(#1791,#1792,#1798,#1799));
#1791 = ORIENTED_EDGE('',*,*,#1738,.T.);
#1792 = ORIENTED_EDGE('',*,*,#1793,.T.);
#1793 = EDGE_CURVE('',#1731,#1755,#1794,.T.);
#1794 = LINE('',#1795,#1796);
#1795 = CARTESIAN_POINT('',(0.4699,-0.85,0.3));
#1796 = VECTOR('',#1797,1.);
#1797 = DIRECTION('',(0.,0.,1.));
#1798 = ORIENTED_EDGE('',*,*,#1752,.F.);
#1799 = ORIENTED_EDGE('',*,*,#1800,.F.);
#1800 = EDGE_CURVE('',#1713,#1753,#1801,.T.);
#1801 = LINE('',#1802,#1803);
#1802 = CARTESIAN_POINT('',(-0.4699,-0.85,0.3));
#1803 = VECTOR('',#1804,1.);
#1804 = DIRECTION('',(0.,0.,1.));
#1805 = PLANE('',#1806);
#1806 = AXIS2_PLACEMENT_3D('',#1807,#1808,#1809);
#1807 = CARTESIAN_POINT('',(-0.4699,-0.85,0.3));
#1808 = DIRECTION('',(0.,-1.,0.));
#1809 = DIRECTION('',(1.,0.,0.));
#1810 = ADVANCED_FACE('',(#1811),#1827,.T.);
#1811 = FACE_BOUND('',#1812,.T.);
#1812 = EDGE_LOOP('',(#1813,#1819,#1820,#1826));
#1813 = ORIENTED_EDGE('',*,*,#1814,.T.);
#1814 = EDGE_CURVE('',#1715,#1771,#1815,.T.);
#1815 = LINE('',#1816,#1817);
#1816 = CARTESIAN_POINT('',(-0.4699,-0.7083,0.3));
#1817 = VECTOR('',#1818,1.);
#1818 = DIRECTION('',(0.,0.,1.));
#1819 = ORIENTED_EDGE('',*,*,#1770,.T.);
#1820 = ORIENTED_EDGE('',*,*,#1821,.F.);
#1821 = EDGE_CURVE('',#1723,#1763,#1822,.T.);
#1822 = LINE('',#1823,#1824);
#1823 = CARTESIAN_POINT('',(0.4699,-0.7083,0.3));
#1824 = VECTOR('',#1825,1.);
#1825 = DIRECTION('',(0.,0.,1.));
#1826 = ORIENTED_EDGE('',*,*,#1722,.F.);
#1827 = PLANE('',#1828);
#1828 = AXIS2_PLACEMENT_3D('',#1829,#1830,#1831);
#1829 = CARTESIAN_POINT('',(-0.4699,-0.7083,0.3));
#1830 = DIRECTION('',(0.,1.,0.));
#1831 = DIRECTION('',(1.,0.,0.));
#1832 = ADVANCED_FACE('',(#1833),#1839,.T.);
#1833 = FACE_BOUND('',#1834,.T.);
#1834 = EDGE_LOOP('',(#1835,#1836,#1837,#1838));
#1835 = ORIENTED_EDGE('',*,*,#1800,.T.);
#1836 = ORIENTED_EDGE('',*,*,#1778,.T.);
#1837 = ORIENTED_EDGE('',*,*,#1814,.F.);
#1838 = ORIENTED_EDGE('',*,*,#1712,.F.);
#1839 = PLANE('',#1840);
#1840 = AXIS2_PLACEMENT_3D('',#1841,#1842,#1843);
#1841 = CARTESIAN_POINT('',(-0.4699,-0.85,0.3));
#1842 = DIRECTION('',(-1.,0.,0.));
#1843 = DIRECTION('',(0.,1.,0.));
#1844 = ADVANCED_FACE('',(#1845),#1851,.T.);
#1845 = FACE_BOUND('',#1846,.T.);
#1846 = EDGE_LOOP('',(#1847,#1848,#1849,#1850));
#1847 = ORIENTED_EDGE('',*,*,#1730,.T.);
#1848 = ORIENTED_EDGE('',*,*,#1821,.T.);
#1849 = ORIENTED_EDGE('',*,*,#1762,.F.);
#1850 = ORIENTED_EDGE('',*,*,#1793,.F.);
#1851 = PLANE('',#1852);
#1852 = AXIS2_PLACEMENT_3D('',#1853,#1854,#1855);
#1853 = CARTESIAN_POINT('',(0.4699,-0.85,0.3));
#1854 = DIRECTION('',(1.,0.,0.));
#1855 = DIRECTION('',(-0.,1.,0.));
#1856 = MANIFOLD_SOLID_BREP('',#1857);
#1857 = CLOSED_SHELL('',(#1858,#1898,#1938,#1960,#1982,#1994));
#1858 = ADVANCED_FACE('',(#1859),#1893,.T.);
#1859 = FACE_BOUND('',#1860,.T.);
#1860 = EDGE_LOOP('',(#1861,#1871,#1879,#1887));
#1861 = ORIENTED_EDGE('',*,*,#1862,.T.);
#1862 = EDGE_CURVE('',#1863,#1865,#1867,.T.);
#1863 = VERTEX_POINT('',#1864);
#1864 = CARTESIAN_POINT('',(-0.1863,0.1667,-1.8));
#1865 = VERTEX_POINT('',#1866);
#1866 = CARTESIAN_POINT('',(-0.1863,0.25,-1.8));
#1867 = LINE('',#1868,#1869);
#1868 = CARTESIAN_POINT('',(-0.1863,0.1667,-1.8));
#1869 = VECTOR('',#1870,1.);
#1870 = DIRECTION('',(0.,1.,0.));
#1871 = ORIENTED_EDGE('',*,*,#1872,.T.);
#1872 = EDGE_CURVE('',#1865,#1873,#1875,.T.);
#1873 = VERTEX_POINT('',#1874);
#1874 = CARTESIAN_POINT('',(0.1863,0.25,-1.8));
#1875 = LINE('',#1876,#1877);
#1876 = CARTESIAN_POINT('',(-0.1863,0.25,-1.8));
#1877 = VECTOR('',#1878,1.);
#1878 = DIRECTION('',(1.,0.,0.));
#1879 = ORIENTED_EDGE('',*,*,#1880,.F.);
#1880 = EDGE_CURVE('',#1881,#1873,#1883,.T.);
#1881 = VERTEX_POINT('',#1882);
#1882 = CARTESIAN_POINT('',(0.1863,0.1667,-1.8));
#1883 = LINE('',#1884,#1885);
#1884 = CARTESIAN_POINT('',(0.1863,0.1667,-1.8));
#1885 = VECTOR('',#1886,1.);
#1886 = DIRECTION('',(0.,1.,0.));
#1887 = ORIENTED_EDGE('',*,*,#1888,.F.);
#1888 = EDGE_CURVE('',#1863,#1881,#1889,.T.);
#1889 = LINE('',#1890,#1891);
#1890 = CARTESIAN_POINT('',(-0.1863,0.1667,-1.8));
#1891 = VECTOR('',#1892,1.);
#1892 = DIRECTION('',(1.,0.,0.));
#1893 = PLANE('',#1894);
#1894 = AXIS2_PLACEMENT_3D('',#1895,#1896,#1897);
#1895 = CARTESIAN_POINT('',(-0.1863,0.1667,-1.8));
#1896 = DIRECTION('',(0.,0.,-1.));
#1897 = DIRECTION('',(1.,0.,0.));
#1898 = ADVANCED_FACE('',(#1899),#1933,.T.);
#1899 = FACE_BOUND('',#1900,.T.);
#1900 = EDGE_LOOP('',(#1901,#1911,#1919,#1927));
#1901 = ORIENTED_EDGE('',*,*,#1902,.T.);
#1902 = EDGE_CURVE('',#1903,#1905,#1907,.T.);
#1903 = VERTEX_POINT('',#1904);
#1904 = CARTESIAN_POINT('',(-0.1863,0.1667,0.3));
#1905 = VERTEX_POINT('',#1906);
#1906 = CARTESIAN_POINT('',(0.1863,0.1667,0.3));
#1907 = LINE('',#1908,#1909);
#1908 = CARTESIAN_POINT('',(-0.1863,0.1667,0.3));
#1909 = VECTOR('',#1910,1.);
#1910 = DIRECTION('',(1.,0.,0.));
#1911 = ORIENTED_EDGE('',*,*,#1912,.T.);
#1912 = EDGE_CURVE('',#1905,#1913,#1915,.T.);
#1913 = VERTEX_POINT('',#1914);
#1914 = CARTESIAN_POINT('',(0.1863,0.25,0.3));
#1915 = LINE('',#1916,#1917);
#1916 = CARTESIAN_POINT('',(0.1863,0.1667,0.3));
#1917 = VECTOR('',#1918,1.);
#1918 = DIRECTION('',(0.,1.,0.));
#1919 = ORIENTED_EDGE('',*,*,#1920,.F.);
#1920 = EDGE_CURVE('',#1921,#1913,#1923,.T.);
#1921 = VERTEX_POINT('',#1922);
#1922 = CARTESIAN_POINT('',(-0.1863,0.25,0.3));
#1923 = LINE('',#1924,#1925);
#1924 = CARTESIAN_POINT('',(-0.1863,0.25,0.3));
#1925 = VECTOR('',#1926,1.);
#1926 = DIRECTION('',(1.,0.,0.));
#1927 = ORIENTED_EDGE('',*,*,#1928,.F.);
#1928 = EDGE_CURVE('',#1903,#1921,#1929,.T.);
#1929 = LINE('',#1930,#1931);
#1930 = CARTESIAN_POINT('',(-0.1863,0.1667,0.3));
#1931 = VECTOR('',#1932,1.);
#1932 = DIRECTION('',(0.,1.,0.));
#1933 = PLANE('',#1934);
#1934 = AXIS2_PLACEMENT_3D('',#1935,#1936,#1937);
#1935 = CARTESIAN_POINT('',(-0.1863,0.1667,0.3));
#1936 = DIRECTION('',(0.,0.,1.));
#1937 = DIRECTION('',(1.,0.,-0.));
#1938 = ADVANCED_FACE('',(#1939),#1955,.T.);
#1939 = FACE_BOUND('',#1940,.T.);
#1940 = EDGE_LOOP('',(#1941,#1942,#1948,#1949));
#1941 = ORIENTED_EDGE('',*,*,#1888,.T.);
#1942 = ORIENTED_EDGE('',*,*,#1943,.T.);
#1943 = EDGE_CURVE('',#1881,#1905,#1944,.T.);
#1944 = LINE('',#1945,#1946);
#1945 = CARTESIAN_POINT('',(0.1863,0.1667,-1.8));
#1946 = VECTOR('',#1947,1.);
#1947 = DIRECTION('',(0.,0.,1.));
#1948 = ORIENTED_EDGE('',*,*,#1902,.F.);
#1949 = ORIENTED_EDGE('',*,*,#1950,.F.);
#1950 = EDGE_CURVE('',#1863,#1903,#1951,.T.);
#1951 = LINE('',#1952,#1953);
#1952 = CARTESIAN_POINT('',(-0.1863,0.1667,-1.8));
#1953 = VECTOR('',#1954,1.);
#1954 = DIRECTION('',(0.,0.,1.));
#1955 = PLANE('',#1956);
#1956 = AXIS2_PLACEMENT_3D('',#1957,#1958,#1959);
#1957 = CARTESIAN_POINT('',(-0.1863,0.1667,-1.8));
#1958 = DIRECTION('',(0.,-1.,0.));
#1959 = DIRECTION('',(1.,0.,0.));
#1960 = ADVANCED_FACE('',(#1961),#1977,.T.);
#1961 = FACE_BOUND('',#1962,.T.);
#1962 = EDGE_LOOP('',(#1963,#1969,#1970,#1976));
#1963 = ORIENTED_EDGE('',*,*,#1964,.T.);
#1964 = EDGE_CURVE('',#1865,#1921,#1965,.T.);
#1965 = LINE('',#1966,#1967);
#1966 = CARTESIAN_POINT('',(-0.1863,0.25,-1.8));
#1967 = VECTOR('',#1968,1.);
#1968 = DIRECTION('',(0.,0.,1.));
#1969 = ORIENTED_EDGE('',*,*,#1920,.T.);
#1970 = ORIENTED_EDGE('',*,*,#1971,.F.);
#1971 = EDGE_CURVE('',#1873,#1913,#1972,.T.);
#1972 = LINE('',#1973,#1974);
#1973 = CARTESIAN_POINT('',(0.1863,0.25,-1.8));
#1974 = VECTOR('',#1975,1.);
#1975 = DIRECTION('',(0.,0.,1.));
#1976 = ORIENTED_EDGE('',*,*,#1872,.F.);
#1977 = PLANE('',#1978);
#1978 = AXIS2_PLACEMENT_3D('',#1979,#1980,#1981);
#1979 = CARTESIAN_POINT('',(-0.1863,0.25,-1.8));
#1980 = DIRECTION('',(0.,1.,0.));
#1981 = DIRECTION('',(1.,0.,0.));
#1982 = ADVANCED_FACE('',(#1983),#1989,.T.);
#1983 = FACE_BOUND('',#1984,.T.);
#1984 = EDGE_LOOP('',(#1985,#1986,#1987,#1988));
#1985 = ORIENTED_EDGE('',*,*,#1950,.T.);
#1986 = ORIENTED_EDGE('',*,*,#1928,.T.);
#1987 = ORIENTED_EDGE('',*,*,#1964,.F.);
#1988 = ORIENTED_EDGE('',*,*,#1862,.F.);
#1989 = PLANE('',#1990);
#1990 = AXIS2_PLACEMENT_3D('',#1991,#1992,#1993);
#1991 = CARTESIAN_POINT('',(-0.1863,0.1667,-1.8));
#1992 = DIRECTION('',(-1.,0.,0.));
#1993 = DIRECTION('',(0.,1.,0.));
#1994 = ADVANCED_FACE('',(#1995),#2001,.T.);
#1995 = FACE_BOUND('',#1996,.T.);
#1996 = EDGE_LOOP('',(#1997,#1998,#1999,#2000));
#1997 = ORIENTED_EDGE('',*,*,#1880,.T.);
#1998 = ORIENTED_EDGE('',*,*,#1971,.T.);
#1999 = ORIENTED_EDGE('',*,*,#1912,.F.);
#2000 = ORIENTED_EDGE('',*,*,#1943,.F.);
#2001 = PLANE('',#2002);
#2002 = AXIS2_PLACEMENT_3D('',#2003,#2004,#2005);
#2003 = CARTESIAN_POINT('',(0.1863,0.1667,-1.8));
#2004 = DIRECTION('',(1.,0.,0.));
#2005 = DIRECTION('',(-0.,1.,0.));
#2006 = MANIFOLD_SOLID_BREP('',#2007);
#2007 = CLOSED_SHELL('',(#2008,#2048,#2088,#2110,#2132,#2144));
#2008 = ADVANCED_FACE('',(#2009),#2043,.T.);
#2009 = FACE_BOUND('',#2010,.T.);
#2010 = EDGE_LOOP('',(#2011,#2021,#2029,#2037));
#2011 = ORIENTED_EDGE('',*,*,#2012,.T.);
#2012 = EDGE_CURVE('',#2013,#2015,#2017,.T.);
#2013 = VERTEX_POINT('',#2014);
#2014 = CARTESIAN_POINT('',(-0.2357,8.33E-02,-1.8));
#2015 = VERTEX_POINT('',#2016);
#2016 = CARTESIAN_POINT('',(-0.2357,0.1667,-1.8));
#2017 = LINE('',#2018,#2019);
#2018 = CARTESIAN_POINT('',(-0.2357,8.33E-02,-1.8));
#2019 = VECTOR('',#2020,1.);
#2020 = DIRECTION('',(0.,1.,0.));
#2021 = ORIENTED_EDGE('',*,*,#2022,.T.);
#2022 = EDGE_CURVE('',#2015,#2023,#2025,.T.);
#2023 = VERTEX_POINT('',#2024);
#2024 = CARTESIAN_POINT('',(0.2357,0.1667,-1.8));
#2025 = LINE('',#2026,#2027);
#2026 = CARTESIAN_POINT('',(-0.2357,0.1667,-1.8));
#2027 = VECTOR('',#2028,1.);
#2028 = DIRECTION('',(1.,0.,0.));
#2029 = ORIENTED_EDGE('',*,*,#2030,.F.);
#2030 = EDGE_CURVE('',#2031,#2023,#2033,.T.);
#2031 = VERTEX_POINT('',#2032);
#2032 = CARTESIAN_POINT('',(0.2357,8.33E-02,-1.8));
#2033 = LINE('',#2034,#2035);
#2034 = CARTESIAN_POINT('',(0.2357,8.33E-02,-1.8));
#2035 = VECTOR('',#2036,1.);
#2036 = DIRECTION('',(0.,1.,0.));
#2037 = ORIENTED_EDGE('',*,*,#2038,.F.);
#2038 = EDGE_CURVE('',#2013,#2031,#2039,.T.);
#2039 = LINE('',#2040,#2041);
#2040 = CARTESIAN_POINT('',(-0.2357,8.33E-02,-1.8));
#2041 = VECTOR('',#2042,1.);
#2042 = DIRECTION('',(1.,0.,0.));
#2043 = PLANE('',#2044);
#2044 = AXIS2_PLACEMENT_3D('',#2045,#2046,#2047);
#2045 = CARTESIAN_POINT('',(-0.2357,8.33E-02,-1.8));
#2046 = DIRECTION('',(0.,0.,-1.));
#2047 = DIRECTION('',(1.,0.,0.));
#2048 = ADVANCED_FACE('',(#2049),#2083,.T.);
#2049 = FACE_BOUND('',#2050,.T.);
#2050 = EDGE_LOOP('',(#2051,#2061,#2069,#2077));
#2051 = ORIENTED_EDGE('',*,*,#2052,.T.);
#2052 = EDGE_CURVE('',#2053,#2055,#2057,.T.);
#2053 = VERTEX_POINT('',#2054);
#2054 = CARTESIAN_POINT('',(-0.2357,8.33E-02,0.3));
#2055 = VERTEX_POINT('',#2056);
#2056 = CARTESIAN_POINT('',(0.2357,8.33E-02,0.3));
#2057 = LINE('',#2058,#2059);
#2058 = CARTESIAN_POINT('',(-0.2357,8.33E-02,0.3));
#2059 = VECTOR('',#2060,1.);
#2060 = DIRECTION('',(1.,0.,0.));
#2061 = ORIENTED_EDGE('',*,*,#2062,.T.);
#2062 = EDGE_CURVE('',#2055,#2063,#2065,.T.);
#2063 = VERTEX_POINT('',#2064);
#2064 = CARTESIAN_POINT('',(0.2357,0.1667,0.3));
#2065 = LINE('',#2066,#2067);
#2066 = CARTESIAN_POINT('',(0.2357,8.33E-02,0.3));
#2067 = VECTOR('',#2068,1.);
#2068 = DIRECTION('',(0.,1.,0.));
#2069 = ORIENTED_EDGE('',*,*,#2070,.F.);
#2070 = EDGE_CURVE('',#2071,#2063,#2073,.T.);
#2071 = VERTEX_POINT('',#2072);
#2072 = CARTESIAN_POINT('',(-0.2357,0.1667,0.3));
#2073 = LINE('',#2074,#2075);
#2074 = CARTESIAN_POINT('',(-0.2357,0.1667,0.3));
#2075 = VECTOR('',#2076,1.);
#2076 = DIRECTION('',(1.,0.,0.));
#2077 = ORIENTED_EDGE('',*,*,#2078,.F.);
#2078 = EDGE_CURVE('',#2053,#2071,#2079,.T.);
#2079 = LINE('',#2080,#2081);
#2080 = CARTESIAN_POINT('',(-0.2357,8.33E-02,0.3));
#2081 = VECTOR('',#2082,1.);
#2082 = DIRECTION('',(0.,1.,0.));
#2083 = PLANE('',#2084);
#2084 = AXIS2_PLACEMENT_3D('',#2085,#2086,#2087);
#2085 = CARTESIAN_POINT('',(-0.2357,8.33E-02,0.3));
#2086 = DIRECTION('',(0.,0.,1.));
#2087 = DIRECTION('',(1.,0.,-0.));
#2088 = ADVANCED_FACE('',(#2089),#2105,.T.);
#2089 = FACE_BOUND('',#2090,.T.);
#2090 = EDGE_LOOP('',(#2091,#2092,#2098,#2099));
#2091 = ORIENTED_EDGE('',*,*,#2038,.T.);
#2092 = ORIENTED_EDGE('',*,*,#2093,.T.);
#2093 = EDGE_CURVE('',#2031,#2055,#2094,.T.);
#2094 = LINE('',#2095,#2096);
#2095 = CARTESIAN_POINT('',(0.2357,8.33E-02,-1.8));
#2096 = VECTOR('',#2097,1.);
#2097 = DIRECTION('',(0.,0.,1.));
#2098 = ORIENTED_EDGE('',*,*,#2052,.F.);
#2099 = ORIENTED_EDGE('',*,*,#2100,.F.);
#2100 = EDGE_CURVE('',#2013,#2053,#2101,.T.);
#2101 = LINE('',#2102,#2103);
#2102 = CARTESIAN_POINT('',(-0.2357,8.33E-02,-1.8));
#2103 = VECTOR('',#2104,1.);
#2104 = DIRECTION('',(0.,0.,1.));
#2105 = PLANE('',#2106);
#2106 = AXIS2_PLACEMENT_3D('',#2107,#2108,#2109);
#2107 = CARTESIAN_POINT('',(-0.2357,8.33E-02,-1.8));
#2108 = DIRECTION('',(0.,-1.,0.));
#2109 = DIRECTION('',(1.,0.,0.));
#2110 = ADVANCED_FACE('',(#2111),#2127,.T.);
#2111 = FACE_BOUND('',#2112,.T.);
#2112 = EDGE_LOOP('',(#2113,#2119,#2120,#2126));
#2113 = ORIENTED_EDGE('',*,*,#2114,.T.);
#2114 = EDGE_CURVE('',#2015,#2071,#2115,.T.);
#2115 = LINE('',#2116,#2117);
#2116 = CARTESIAN_POINT('',(-0.2357,0.1667,-1.8));
#2117 = VECTOR('',#2118,1.);
#2118 = DIRECTION('',(0.,0.,1.));
#2119 = ORIENTED_EDGE('',*,*,#2070,.T.);
#2120 = ORIENTED_EDGE('',*,*,#2121,.F.);
#2121 = EDGE_CURVE('',#2023,#2063,#2122,.T.);
#2122 = LINE('',#2123,#2124);
#2123 = CARTESIAN_POINT('',(0.2357,0.1667,-1.8));
#2124 = VECTOR('',#2125,1.);
#2125 = DIRECTION('',(0.,0.,1.));
#2126 = ORIENTED_EDGE('',*,*,#2022,.F.);
#2127 = PLANE('',#2128);
#2128 = AXIS2_PLACEMENT_3D('',#2129,#2130,#2131);
#2129 = CARTESIAN_POINT('',(-0.2357,0.1667,-1.8));
#2130 = DIRECTION('',(0.,1.,0.));
#2131 = DIRECTION('',(1.,0.,0.));
#2132 = ADVANCED_FACE('',(#2133),#2139,.T.);
#2133 = FACE_BOUND('',#2134,.T.);
#2134 = EDGE_LOOP('',(#2135,#2136,#2137,#2138));
#2135 = ORIENTED_EDGE('',*,*,#2100,.T.);
#2136 = ORIENTED_EDGE('',*,*,#2078,.T.);
#2137 = ORIENTED_EDGE('',*,*,#2114,.F.);
#2138 = ORIENTED_EDGE('',*,*,#2012,.F.);
#2139 = PLANE('',#2140);
#2140 = AXIS2_PLACEMENT_3D('',#2141,#2142,#2143);
#2141 = CARTESIAN_POINT('',(-0.2357,8.33E-02,-1.8));
#2142 = DIRECTION('',(-1.,0.,0.));
#2143 = DIRECTION('',(0.,1.,0.));
#2144 = ADVANCED_FACE('',(#2145),#2151,.T.);
#2145 = FACE_BOUND('',#2146,.T.);
#2146 = EDGE_LOOP('',(#2147,#2148,#2149,#2150));
#2147 = ORIENTED_EDGE('',*,*,#2030,.T.);
#2148 = ORIENTED_EDGE('',*,*,#2121,.T.);
#2149 = ORIENTED_EDGE('',*,*,#2062,.F.);
#2150 = ORIENTED_EDGE('',*,*,#2093,.F.);
#2151 = PLANE('',#2152);
#2152 = AXIS2_PLACEMENT_3D('',#2153,#2154,#2155);
#2153 = CARTESIAN_POINT('',(0.2357,8.33E-02,-1.8));
#2154 = DIRECTION('',(1.,0.,0.));
#2155 = DIRECTION('',(-0.,1.,0.));
#2156 = MANIFOLD_SOLID_BREP('',#2157);
#2157 = CLOSED_SHELL('',(#2158,#2198,#2238,#2260,#2282,#2294));
#2158 = ADVANCED_FACE('',(#2159),#2193,.T.);
#2159 = FACE_BOUND('',#2160,.T.);
#2160 = EDGE_LOOP('',(#2161,#2171,#2179,#2187));
#2161 = ORIENTED_EDGE('',*,*,#2162,.T.);
#2162 = EDGE_CURVE('',#2163,#2165,#2167,.T.);
#2163 = VERTEX_POINT('',#2164);
#2164 = CARTESIAN_POINT('',(-0.25,-0.,-1.8));
#2165 = VERTEX_POINT('',#2166);
#2166 = CARTESIAN_POINT('',(-0.25,8.33E-02,-1.8));
#2167 = LINE('',#2168,#2169);
#2168 = CARTESIAN_POINT('',(-0.25,-0.,-1.8));
#2169 = VECTOR('',#2170,1.);
#2170 = DIRECTION('',(0.,1.,0.));
#2171 = ORIENTED_EDGE('',*,*,#2172,.T.);
#2172 = EDGE_CURVE('',#2165,#2173,#2175,.T.);
#2173 = VERTEX_POINT('',#2174);
#2174 = CARTESIAN_POINT('',(0.25,8.33E-02,-1.8));
#2175 = LINE('',#2176,#2177);
#2176 = CARTESIAN_POINT('',(-0.25,8.33E-02,-1.8));
#2177 = VECTOR('',#2178,1.);
#2178 = DIRECTION('',(1.,0.,0.));
#2179 = ORIENTED_EDGE('',*,*,#2180,.F.);
#2180 = EDGE_CURVE('',#2181,#2173,#2183,.T.);
#2181 = VERTEX_POINT('',#2182);
#2182 = CARTESIAN_POINT('',(0.25,-0.,-1.8));
#2183 = LINE('',#2184,#2185);
#2184 = CARTESIAN_POINT('',(0.25,-0.,-1.8));
#2185 = VECTOR('',#2186,1.);
#2186 = DIRECTION('',(0.,1.,0.));
#2187 = ORIENTED_EDGE('',*,*,#2188,.F.);
#2188 = EDGE_CURVE('',#2163,#2181,#2189,.T.);
#2189 = LINE('',#2190,#2191);
#2190 = CARTESIAN_POINT('',(-0.25,-0.,-1.8));
#2191 = VECTOR('',#2192,1.);
#2192 = DIRECTION('',(1.,0.,0.));
#2193 = PLANE('',#2194);
#2194 = AXIS2_PLACEMENT_3D('',#2195,#2196,#2197);
#2195 = CARTESIAN_POINT('',(-0.25,-0.,-1.8));
#2196 = DIRECTION('',(0.,0.,-1.));
#2197 = DIRECTION('',(1.,0.,0.));
#2198 = ADVANCED_FACE('',(#2199),#2233,.T.);
#2199 = FACE_BOUND('',#2200,.T.);
#2200 = EDGE_LOOP('',(#2201,#2211,#2219,#2227));
#2201 = ORIENTED_EDGE('',*,*,#2202,.T.);
#2202 = EDGE_CURVE('',#2203,#2205,#2207,.T.);
#2203 = VERTEX_POINT('',#2204);
#2204 = CARTESIAN_POINT('',(-0.25,-0.,0.3));
#2205 = VERTEX_POINT('',#2206);
#2206 = CARTESIAN_POINT('',(0.25,-0.,0.3));
#2207 = LINE('',#2208,#2209);
#2208 = CARTESIAN_POINT('',(-0.25,-0.,0.3));
#2209 = VECTOR('',#2210,1.);
#2210 = DIRECTION('',(1.,0.,0.));
#2211 = ORIENTED_EDGE('',*,*,#2212,.T.);
#2212 = EDGE_CURVE('',#2205,#2213,#2215,.T.);
#2213 = VERTEX_POINT('',#2214);
#2214 = CARTESIAN_POINT('',(0.25,8.33E-02,0.3));
#2215 = LINE('',#2216,#2217);
#2216 = CARTESIAN_POINT('',(0.25,-0.,0.3));
#2217 = VECTOR('',#2218,1.);
#2218 = DIRECTION('',(0.,1.,0.));
#2219 = ORIENTED_EDGE('',*,*,#2220,.F.);
#2220 = EDGE_CURVE('',#2221,#2213,#2223,.T.);
#2221 = VERTEX_POINT('',#2222);
#2222 = CARTESIAN_POINT('',(-0.25,8.33E-02,0.3));
#2223 = LINE('',#2224,#2225);
#2224 = CARTESIAN_POINT('',(-0.25,8.33E-02,0.3));
#2225 = VECTOR('',#2226,1.);
#2226 = DIRECTION('',(1.,0.,0.));
#2227 = ORIENTED_EDGE('',*,*,#2228,.F.);
#2228 = EDGE_CURVE('',#2203,#2221,#2229,.T.);
#2229 = LINE('',#2230,#2231);
#2230 = CARTESIAN_POINT('',(-0.25,-0.,0.3));
#2231 = VECTOR('',#2232,1.);
#2232 = DIRECTION('',(0.,1.,0.));
#2233 = PLANE('',#2234);
#2234 = AXIS2_PLACEMENT_3D('',#2235,#2236,#2237);
#2235 = CARTESIAN_POINT('',(-0.25,-0.,0.3));
#2236 = DIRECTION('',(0.,0.,1.));
#2237 = DIRECTION('',(1.,0.,-0.));
#2238 = ADVANCED_FACE('',(#2239),#2255,.T.);
#2239 = FACE_BOUND('',#2240,.T.);
#2240 = EDGE_LOOP('',(#2241,#2242,#2248,#2249));
#2241 = ORIENTED_EDGE('',*,*,#2188,.T.);
#2242 = ORIENTED_EDGE('',*,*,#2243,.T.);
#2243 = EDGE_CURVE('',#2181,#2205,#2244,.T.);
#2244 = LINE('',#2245,#2246);
#2245 = CARTESIAN_POINT('',(0.25,-0.,-1.8));
#2246 = VECTOR('',#2247,1.);
#2247 = DIRECTION('',(0.,0.,1.));
#2248 = ORIENTED_EDGE('',*,*,#2202,.F.);
#2249 = ORIENTED_EDGE('',*,*,#2250,.F.);
#2250 = EDGE_CURVE('',#2163,#2203,#2251,.T.);
#2251 = LINE('',#2252,#2253);
#2252 = CARTESIAN_POINT('',(-0.25,-0.,-1.8));
#2253 = VECTOR('',#2254,1.);
#2254 = DIRECTION('',(0.,0.,1.));
#2255 = PLANE('',#2256);
#2256 = AXIS2_PLACEMENT_3D('',#2257,#2258,#2259);
#2257 = CARTESIAN_POINT('',(-0.25,-0.,-1.8));
#2258 = DIRECTION('',(0.,-1.,0.));
#2259 = DIRECTION('',(1.,0.,0.));
#2260 = ADVANCED_FACE('',(#2261),#2277,.T.);
#2261 = FACE_BOUND('',#2262,.T.);
#2262 = EDGE_LOOP('',(#2263,#2269,#2270,#2276));
#2263 = ORIENTED_EDGE('',*,*,#2264,.T.);
#2264 = EDGE_CURVE('',#2165,#2221,#2265,.T.);
#2265 = LINE('',#2266,#2267);
#2266 = CARTESIAN_POINT('',(-0.25,8.33E-02,-1.8));
#2267 = VECTOR('',#2268,1.);
#2268 = DIRECTION('',(0.,0.,1.));
#2269 = ORIENTED_EDGE('',*,*,#2220,.T.);
#2270 = ORIENTED_EDGE('',*,*,#2271,.F.);
#2271 = EDGE_CURVE('',#2173,#2213,#2272,.T.);
#2272 = LINE('',#2273,#2274);
#2273 = CARTESIAN_POINT('',(0.25,8.33E-02,-1.8));
#2274 = VECTOR('',#2275,1.);
#2275 = DIRECTION('',(0.,0.,1.));
#2276 = ORIENTED_EDGE('',*,*,#2172,.F.);
#2277 = PLANE('',#2278);
#2278 = AXIS2_PLACEMENT_3D('',#2279,#2280,#2281);
#2279 = CARTESIAN_POINT('',(-0.25,8.33E-02,-1.8));
#2280 = DIRECTION('',(0.,1.,0.));
#2281 = DIRECTION('',(1.,0.,0.));
#2282 = ADVANCED_FACE('',(#2283),#2289,.T.);
#2283 = FACE_BOUND('',#2284,.T.);
#2284 = EDGE_LOOP('',(#2285,#2286,#2287,#2288));
#2285 = ORIENTED_EDGE('',*,*,#2250,.T.);
#2286 = ORIENTED_EDGE('',*,*,#2228,.T.);
#2287 = ORIENTED_EDGE('',*,*,#2264,.F.);
#2288 = ORIENTED_EDGE('',*,*,#2162,.F.);
#2289 = PLANE('',#2290);
#2290 = AXIS2_PLACEMENT_3D('',#2291,#2292,#2293);
#2291 = CARTESIAN_POINT('',(-0.25,-0.,-1.8));
#2292 = DIRECTION('',(-1.,0.,0.));
#2293 = DIRECTION('',(0.,1.,0.));
#2294 = ADVANCED_FACE('',(#2295),#2301,.T.);
#2295 = FACE_BOUND('',#2296,.T.);
#2296 = EDGE_LOOP('',(#2297,#2298,#2299,#2300));
#2297 = ORIENTED_EDGE('',*,*,#2180,.T.);
#2298 = ORIENTED_EDGE('',*,*,#2271,.T.);
#2299 = ORIENTED_EDGE('',*,*,#2212,.F.);
#2300 = ORIENTED_EDGE('',*,*,#2243,.F.);
#2301 = PLANE('',#2302);
#2302 = AXIS2_PLACEMENT_3D('',#2303,#2304,#2305);
#2303 = CARTESIAN_POINT('',(0.25,-0.,-1.8));
#2304 = DIRECTION('',(1.,0.,0.));
#2305 = DIRECTION('',(-0.,1.,0.));
#2306 = MANIFOLD_SOLID_BREP('',#2307);
#2307 = CLOSED_SHELL('',(#2308,#2348,#2388,#2410,#2432,#2444));
#2308 = ADVANCED_FACE('',(#2309),#2343,.T.);
#2309 = FACE_BOUND('',#2310,.T.);
#2310 = EDGE_LOOP('',(#2311,#2321,#2329,#2337));
#2311 = ORIENTED_EDGE('',*,*,#2312,.T.);
#2312 = EDGE_CURVE('',#2313,#2315,#2317,.T.);
#2313 = VERTEX_POINT('',#2314);
#2314 = CARTESIAN_POINT('',(-0.25,-8.33E-02,-1.8));
#2315 = VERTEX_POINT('',#2316);
#2316 = CARTESIAN_POINT('',(-0.25,-0.,-1.8));
#2317 = LINE('',#2318,#2319);
#2318 = CARTESIAN_POINT('',(-0.25,-8.33E-02,-1.8));
#2319 = VECTOR('',#2320,1.);
#2320 = DIRECTION('',(0.,1.,0.));
#2321 = ORIENTED_EDGE('',*,*,#2322,.T.);
#2322 = EDGE_CURVE('',#2315,#2323,#2325,.T.);
#2323 = VERTEX_POINT('',#2324);
#2324 = CARTESIAN_POINT('',(0.25,-0.,-1.8));
#2325 = LINE('',#2326,#2327);
#2326 = CARTESIAN_POINT('',(-0.25,-0.,-1.8));
#2327 = VECTOR('',#2328,1.);
#2328 = DIRECTION('',(1.,0.,0.));
#2329 = ORIENTED_EDGE('',*,*,#2330,.F.);
#2330 = EDGE_CURVE('',#2331,#2323,#2333,.T.);
#2331 = VERTEX_POINT('',#2332);
#2332 = CARTESIAN_POINT('',(0.25,-8.33E-02,-1.8));
#2333 = LINE('',#2334,#2335);
#2334 = CARTESIAN_POINT('',(0.25,-8.33E-02,-1.8));
#2335 = VECTOR('',#2336,1.);
#2336 = DIRECTION('',(0.,1.,0.));
#2337 = ORIENTED_EDGE('',*,*,#2338,.F.);
#2338 = EDGE_CURVE('',#2313,#2331,#2339,.T.);
#2339 = LINE('',#2340,#2341);
#2340 = CARTESIAN_POINT('',(-0.25,-8.33E-02,-1.8));
#2341 = VECTOR('',#2342,1.);
#2342 = DIRECTION('',(1.,0.,0.));
#2343 = PLANE('',#2344);
#2344 = AXIS2_PLACEMENT_3D('',#2345,#2346,#2347);
#2345 = CARTESIAN_POINT('',(-0.25,-8.33E-02,-1.8));
#2346 = DIRECTION('',(0.,0.,-1.));
#2347 = DIRECTION('',(1.,0.,0.));
#2348 = ADVANCED_FACE('',(#2349),#2383,.T.);
#2349 = FACE_BOUND('',#2350,.T.);
#2350 = EDGE_LOOP('',(#2351,#2361,#2369,#2377));
#2351 = ORIENTED_EDGE('',*,*,#2352,.T.);
#2352 = EDGE_CURVE('',#2353,#2355,#2357,.T.);
#2353 = VERTEX_POINT('',#2354);
#2354 = CARTESIAN_POINT('',(-0.25,-8.33E-02,0.3));
#2355 = VERTEX_POINT('',#2356);
#2356 = CARTESIAN_POINT('',(0.25,-8.33E-02,0.3));
#2357 = LINE('',#2358,#2359);
#2358 = CARTESIAN_POINT('',(-0.25,-8.33E-02,0.3));
#2359 = VECTOR('',#2360,1.);
#2360 = DIRECTION('',(1.,0.,0.));
#2361 = ORIENTED_EDGE('',*,*,#2362,.T.);
#2362 = EDGE_CURVE('',#2355,#2363,#2365,.T.);
#2363 = VERTEX_POINT('',#2364);
#2364 = CARTESIAN_POINT('',(0.25,-0.,0.3));
#2365 = LINE('',#2366,#2367);
#2366 = CARTESIAN_POINT('',(0.25,-8.33E-02,0.3));
#2367 = VECTOR('',#2368,1.);
#2368 = DIRECTION('',(0.,1.,0.));
#2369 = ORIENTED_EDGE('',*,*,#2370,.F.);
#2370 = EDGE_CURVE('',#2371,#2363,#2373,.T.);
#2371 = VERTEX_POINT('',#2372);
#2372 = CARTESIAN_POINT('',(-0.25,-0.,0.3));
#2373 = LINE('',#2374,#2375);
#2374 = CARTESIAN_POINT('',(-0.25,-0.,0.3));
#2375 = VECTOR('',#2376,1.);
#2376 = DIRECTION('',(1.,0.,0.));
#2377 = ORIENTED_EDGE('',*,*,#2378,.F.);
#2378 = EDGE_CURVE('',#2353,#2371,#2379,.T.);
#2379 = LINE('',#2380,#2381);
#2380 = CARTESIAN_POINT('',(-0.25,-8.33E-02,0.3));
#2381 = VECTOR('',#2382,1.);
#2382 = DIRECTION('',(0.,1.,0.));
#2383 = PLANE('',#2384);
#2384 = AXIS2_PLACEMENT_3D('',#2385,#2386,#2387);
#2385 = CARTESIAN_POINT('',(-0.25,-8.33E-02,0.3));
#2386 = DIRECTION('',(0.,0.,1.));
#2387 = DIRECTION('',(1.,0.,-0.));
#2388 = ADVANCED_FACE('',(#2389),#2405,.T.);
#2389 = FACE_BOUND('',#2390,.T.);
#2390 = EDGE_LOOP('',(#2391,#2392,#2398,#2399));
#2391 = ORIENTED_EDGE('',*,*,#2338,.T.);
#2392 = ORIENTED_EDGE('',*,*,#2393,.T.);
#2393 = EDGE_CURVE('',#2331,#2355,#2394,.T.);
#2394 = LINE('',#2395,#2396);
#2395 = CARTESIAN_POINT('',(0.25,-8.33E-02,-1.8));
#2396 = VECTOR('',#2397,1.);
#2397 = DIRECTION('',(0.,0.,1.));
#2398 = ORIENTED_EDGE('',*,*,#2352,.F.);
#2399 = ORIENTED_EDGE('',*,*,#2400,.F.);
#2400 = EDGE_CURVE('',#2313,#2353,#2401,.T.);
#2401 = LINE('',#2402,#2403);
#2402 = CARTESIAN_POINT('',(-0.25,-8.33E-02,-1.8));
#2403 = VECTOR('',#2404,1.);
#2404 = DIRECTION('',(0.,0.,1.));
#2405 = PLANE('',#2406);
#2406 = AXIS2_PLACEMENT_3D('',#2407,#2408,#2409);
#2407 = CARTESIAN_POINT('',(-0.25,-8.33E-02,-1.8));
#2408 = DIRECTION('',(0.,-1.,0.));
#2409 = DIRECTION('',(1.,0.,0.));
#2410 = ADVANCED_FACE('',(#2411),#2427,.T.);
#2411 = FACE_BOUND('',#2412,.T.);
#2412 = EDGE_LOOP('',(#2413,#2419,#2420,#2426));
#2413 = ORIENTED_EDGE('',*,*,#2414,.T.);
#2414 = EDGE_CURVE('',#2315,#2371,#2415,.T.);
#2415 = LINE('',#2416,#2417);
#2416 = CARTESIAN_POINT('',(-0.25,-0.,-1.8));
#2417 = VECTOR('',#2418,1.);
#2418 = DIRECTION('',(0.,0.,1.));
#2419 = ORIENTED_EDGE('',*,*,#2370,.T.);
#2420 = ORIENTED_EDGE('',*,*,#2421,.F.);
#2421 = EDGE_CURVE('',#2323,#2363,#2422,.T.);
#2422 = LINE('',#2423,#2424);
#2423 = CARTESIAN_POINT('',(0.25,-0.,-1.8));
#2424 = VECTOR('',#2425,1.);
#2425 = DIRECTION('',(0.,0.,1.));
#2426 = ORIENTED_EDGE('',*,*,#2322,.F.);
#2427 = PLANE('',#2428);
#2428 = AXIS2_PLACEMENT_3D('',#2429,#2430,#2431);
#2429 = CARTESIAN_POINT('',(-0.25,-0.,-1.8));
#2430 = DIRECTION('',(0.,1.,0.));
#2431 = DIRECTION('',(1.,0.,0.));
#2432 = ADVANCED_FACE('',(#2433),#2439,.T.);
#2433 = FACE_BOUND('',#2434,.T.);
#2434 = EDGE_LOOP('',(#2435,#2436,#2437,#2438));
#2435 = ORIENTED_EDGE('',*,*,#2400,.T.);
#2436 = ORIENTED_EDGE('',*,*,#2378,.T.);
#2437 = ORIENTED_EDGE('',*,*,#2414,.F.);
#2438 = ORIENTED_EDGE('',*,*,#2312,.F.);
#2439 = PLANE('',#2440);
#2440 = AXIS2_PLACEMENT_3D('',#2441,#2442,#2443);
#2441 = CARTESIAN_POINT('',(-0.25,-8.33E-02,-1.8));
#2442 = DIRECTION('',(-1.,0.,0.));
#2443 = DIRECTION('',(0.,1.,0.));
#2444 = ADVANCED_FACE('',(#2445),#2451,.T.);
#2445 = FACE_BOUND('',#2446,.T.);
#2446 = EDGE_LOOP('',(#2447,#2448,#2449,#2450));
#2447 = ORIENTED_EDGE('',*,*,#2330,.T.);
#2448 = ORIENTED_EDGE('',*,*,#2421,.T.);
#2449 = ORIENTED_EDGE('',*,*,#2362,.F.);
#2450 = ORIENTED_EDGE('',*,*,#2393,.F.);
#2451 = PLANE('',#2452);
#2452 = AXIS2_PLACEMENT_3D('',#2453,#2454,#2455);
#2453 = CARTESIAN_POINT('',(0.25,-8.33E-02,-1.8));
#2454 = DIRECTION('',(1.,0.,0.));
#2455 = DIRECTION('',(-0.,1.,0.));
#2456 = MANIFOLD_SOLID_BREP('',#2457);
#2457 = CLOSED_SHELL('',(#2458,#2498,#2538,#2560,#2582,#2594));
#2458 = ADVANCED_FACE('',(#2459),#2493,.T.);
#2459 = FACE_BOUND('',#2460,.T.);
#2460 = EDGE_LOOP('',(#2461,#2471,#2479,#2487));
#2461 = ORIENTED_EDGE('',*,*,#2462,.T.);
#2462 = EDGE_CURVE('',#2463,#2465,#2467,.T.);
#2463 = VERTEX_POINT('',#2464);
#2464 = CARTESIAN_POINT('',(-0.2357,-0.1667,-1.8));
#2465 = VERTEX_POINT('',#2466);
#2466 = CARTESIAN_POINT('',(-0.2357,-8.33E-02,-1.8));
#2467 = LINE('',#2468,#2469);
#2468 = CARTESIAN_POINT('',(-0.2357,-0.1667,-1.8));
#2469 = VECTOR('',#2470,1.);
#2470 = DIRECTION('',(0.,1.,0.));
#2471 = ORIENTED_EDGE('',*,*,#2472,.T.);
#2472 = EDGE_CURVE('',#2465,#2473,#2475,.T.);
#2473 = VERTEX_POINT('',#2474);
#2474 = CARTESIAN_POINT('',(0.2357,-8.33E-02,-1.8));
#2475 = LINE('',#2476,#2477);
#2476 = CARTESIAN_POINT('',(-0.2357,-8.33E-02,-1.8));
#2477 = VECTOR('',#2478,1.);
#2478 = DIRECTION('',(1.,0.,0.));
#2479 = ORIENTED_EDGE('',*,*,#2480,.F.);
#2480 = EDGE_CURVE('',#2481,#2473,#2483,.T.);
#2481 = VERTEX_POINT('',#2482);
#2482 = CARTESIAN_POINT('',(0.2357,-0.1667,-1.8));
#2483 = LINE('',#2484,#2485);
#2484 = CARTESIAN_POINT('',(0.2357,-0.1667,-1.8));
#2485 = VECTOR('',#2486,1.);
#2486 = DIRECTION('',(0.,1.,0.));
#2487 = ORIENTED_EDGE('',*,*,#2488,.F.);
#2488 = EDGE_CURVE('',#2463,#2481,#2489,.T.);
#2489 = LINE('',#2490,#2491);
#2490 = CARTESIAN_POINT('',(-0.2357,-0.1667,-1.8));
#2491 = VECTOR('',#2492,1.);
#2492 = DIRECTION('',(1.,0.,0.));
#2493 = PLANE('',#2494);
#2494 = AXIS2_PLACEMENT_3D('',#2495,#2496,#2497);
#2495 = CARTESIAN_POINT('',(-0.2357,-0.1667,-1.8));
#2496 = DIRECTION('',(0.,0.,-1.));
#2497 = DIRECTION('',(1.,0.,0.));
#2498 = ADVANCED_FACE('',(#2499),#2533,.T.);
#2499 = FACE_BOUND('',#2500,.T.);
#2500 = EDGE_LOOP('',(#2501,#2511,#2519,#2527));
#2501 = ORIENTED_EDGE('',*,*,#2502,.T.);
#2502 = EDGE_CURVE('',#2503,#2505,#2507,.T.);
#2503 = VERTEX_POINT('',#2504);
#2504 = CARTESIAN_POINT('',(-0.2357,-0.1667,0.3));
#2505 = VERTEX_POINT('',#2506);
#2506 = CARTESIAN_POINT('',(0.2357,-0.1667,0.3));
#2507 = LINE('',#2508,#2509);
#2508 = CARTESIAN_POINT('',(-0.2357,-0.1667,0.3));
#2509 = VECTOR('',#2510,1.);
#2510 = DIRECTION('',(1.,0.,0.));
#2511 = ORIENTED_EDGE('',*,*,#2512,.T.);
#2512 = EDGE_CURVE('',#2505,#2513,#2515,.T.);
#2513 = VERTEX_POINT('',#2514);
#2514 = CARTESIAN_POINT('',(0.2357,-8.33E-02,0.3));
#2515 = LINE('',#2516,#2517);
#2516 = CARTESIAN_POINT('',(0.2357,-0.1667,0.3));
#2517 = VECTOR('',#2518,1.);
#2518 = DIRECTION('',(0.,1.,0.));
#2519 = ORIENTED_EDGE('',*,*,#2520,.F.);
#2520 = EDGE_CURVE('',#2521,#2513,#2523,.T.);
#2521 = VERTEX_POINT('',#2522);
#2522 = CARTESIAN_POINT('',(-0.2357,-8.33E-02,0.3));
#2523 = LINE('',#2524,#2525);
#2524 = CARTESIAN_POINT('',(-0.2357,-8.33E-02,0.3));
#2525 = VECTOR('',#2526,1.);
#2526 = DIRECTION('',(1.,0.,0.));
#2527 = ORIENTED_EDGE('',*,*,#2528,.F.);
#2528 = EDGE_CURVE('',#2503,#2521,#2529,.T.);
#2529 = LINE('',#2530,#2531);
#2530 = CARTESIAN_POINT('',(-0.2357,-0.1667,0.3));
#2531 = VECTOR('',#2532,1.);
#2532 = DIRECTION('',(0.,1.,0.));
#2533 = PLANE('',#2534);
#2534 = AXIS2_PLACEMENT_3D('',#2535,#2536,#2537);
#2535 = CARTESIAN_POINT('',(-0.2357,-0.1667,0.3));
#2536 = DIRECTION('',(0.,0.,1.));
#2537 = DIRECTION('',(1.,0.,-0.));
#2538 = ADVANCED_FACE('',(#2539),#2555,.T.);
#2539 = FACE_BOUND('',#2540,.T.);
#2540 = EDGE_LOOP('',(#2541,#2542,#2548,#2549));
#2541 = ORIENTED_EDGE('',*,*,#2488,.T.);
#2542 = ORIENTED_EDGE('',*,*,#2543,.T.);
#2543 = EDGE_CURVE('',#2481,#2505,#2544,.T.);
#2544 = LINE('',#2545,#2546);
#2545 = CARTESIAN_POINT('',(0.2357,-0.1667,-1.8));
#2546 = VECTOR('',#2547,1.);
#2547 = DIRECTION('',(0.,0.,1.));
#2548 = ORIENTED_EDGE('',*,*,#2502,.F.);
#2549 = ORIENTED_EDGE('',*,*,#2550,.F.);
#2550 = EDGE_CURVE('',#2463,#2503,#2551,.T.);
#2551 = LINE('',#2552,#2553);
#2552 = CARTESIAN_POINT('',(-0.2357,-0.1667,-1.8));
#2553 = VECTOR('',#2554,1.);
#2554 = DIRECTION('',(0.,0.,1.));
#2555 = PLANE('',#2556);
#2556 = AXIS2_PLACEMENT_3D('',#2557,#2558,#2559);
#2557 = CARTESIAN_POINT('',(-0.2357,-0.1667,-1.8));
#2558 = DIRECTION('',(0.,-1.,0.));
#2559 = DIRECTION('',(1.,0.,0.));
#2560 = ADVANCED_FACE('',(#2561),#2577,.T.);
#2561 = FACE_BOUND('',#2562,.T.);
#2562 = EDGE_LOOP('',(#2563,#2569,#2570,#2576));
#2563 = ORIENTED_EDGE('',*,*,#2564,.T.);
#2564 = EDGE_CURVE('',#2465,#2521,#2565,.T.);
#2565 = LINE('',#2566,#2567);
#2566 = CARTESIAN_POINT('',(-0.2357,-8.33E-02,-1.8));
#2567 = VECTOR('',#2568,1.);
#2568 = DIRECTION('',(0.,0.,1.));
#2569 = ORIENTED_EDGE('',*,*,#2520,.T.);
#2570 = ORIENTED_EDGE('',*,*,#2571,.F.);
#2571 = EDGE_CURVE('',#2473,#2513,#2572,.T.);
#2572 = LINE('',#2573,#2574);
#2573 = CARTESIAN_POINT('',(0.2357,-8.33E-02,-1.8));
#2574 = VECTOR('',#2575,1.);
#2575 = DIRECTION('',(0.,0.,1.));
#2576 = ORIENTED_EDGE('',*,*,#2472,.F.);
#2577 = PLANE('',#2578);
#2578 = AXIS2_PLACEMENT_3D('',#2579,#2580,#2581);
#2579 = CARTESIAN_POINT('',(-0.2357,-8.33E-02,-1.8));
#2580 = DIRECTION('',(0.,1.,0.));
#2581 = DIRECTION('',(1.,0.,0.));
#2582 = ADVANCED_FACE('',(#2583),#2589,.T.);
#2583 = FACE_BOUND('',#2584,.T.);
#2584 = EDGE_LOOP('',(#2585,#2586,#2587,#2588));
#2585 = ORIENTED_EDGE('',*,*,#2550,.T.);
#2586 = ORIENTED_EDGE('',*,*,#2528,.T.);
#2587 = ORIENTED_EDGE('',*,*,#2564,.F.);
#2588 = ORIENTED_EDGE('',*,*,#2462,.F.);
#2589 = PLANE('',#2590);
#2590 = AXIS2_PLACEMENT_3D('',#2591,#2592,#2593);
#2591 = CARTESIAN_POINT('',(-0.2357,-0.1667,-1.8));
#2592 = DIRECTION('',(-1.,0.,0.));
#2593 = DIRECTION('',(0.,1.,0.));
#2594 = ADVANCED_FACE('',(#2595),#2601,.T.);
#2595 = FACE_BOUND('',#2596,.T.);
#2596 = EDGE_LOOP('',(#2597,#2598,#2599,#2600));
#2597 = ORIENTED_EDGE('',*,*,#2480,.T.);
#2598 = ORIENTED_EDGE('',*,*,#2571,.T.);
#2599 = ORIENTED_EDGE('',*,*,#2512,.F.);
#2600 = ORIENTED_EDGE('',*,*,#2543,.F.);
#2601 = PLANE('',#2602);
#2602 = AXIS2_PLACEMENT_3D('',#2603,#2604,#2605);
#2603 = CARTESIAN_POINT('',(0.2357,-0.1667,-1.8));
#2604 = DIRECTION('',(1.,0.,0.));
#2605 = DIRECTION('',(-0.,1.,0.));
#2606 = MANIFOLD_SOLID_BREP('',#2607);
#2607 = CLOSED_SHELL('',(#2608,#2648,#2688,#2710,#2732,#2744));
#2608 = ADVANCED_FACE('',(#2609),#2643,.T.);
#2609 = FACE_BOUND('',#2610,.T.);
#2610 = EDGE_LOOP('',(#2611,#2621,#2629,#2637));
#2611 = ORIENTED_EDGE('',*,*,#2612,.T.);
#2612 = EDGE_CURVE('',#2613,#2615,#2617,.T.);
#2613 = VERTEX_POINT('',#2614);
#2614 = CARTESIAN_POINT('',(-0.1863,-0.25,-1.8));
#2615 = VERTEX_POINT('',#2616);
#2616 = CARTESIAN_POINT('',(-0.1863,-0.1667,-1.8));
#2617 = LINE('',#2618,#2619);
#2618 = CARTESIAN_POINT('',(-0.1863,-0.25,-1.8));
#2619 = VECTOR('',#2620,1.);
#2620 = DIRECTION('',(0.,1.,0.));
#2621 = ORIENTED_EDGE('',*,*,#2622,.T.);
#2622 = EDGE_CURVE('',#2615,#2623,#2625,.T.);
#2623 = VERTEX_POINT('',#2624);
#2624 = CARTESIAN_POINT('',(0.1863,-0.1667,-1.8));
#2625 = LINE('',#2626,#2627);
#2626 = CARTESIAN_POINT('',(-0.1863,-0.1667,-1.8));
#2627 = VECTOR('',#2628,1.);
#2628 = DIRECTION('',(1.,0.,0.));
#2629 = ORIENTED_EDGE('',*,*,#2630,.F.);
#2630 = EDGE_CURVE('',#2631,#2623,#2633,.T.);
#2631 = VERTEX_POINT('',#2632);
#2632 = CARTESIAN_POINT('',(0.1863,-0.25,-1.8));
#2633 = LINE('',#2634,#2635);
#2634 = CARTESIAN_POINT('',(0.1863,-0.25,-1.8));
#2635 = VECTOR('',#2636,1.);
#2636 = DIRECTION('',(0.,1.,0.));
#2637 = ORIENTED_EDGE('',*,*,#2638,.F.);
#2638 = EDGE_CURVE('',#2613,#2631,#2639,.T.);
#2639 = LINE('',#2640,#2641);
#2640 = CARTESIAN_POINT('',(-0.1863,-0.25,-1.8));
#2641 = VECTOR('',#2642,1.);
#2642 = DIRECTION('',(1.,0.,0.));
#2643 = PLANE('',#2644);
#2644 = AXIS2_PLACEMENT_3D('',#2645,#2646,#2647);
#2645 = CARTESIAN_POINT('',(-0.1863,-0.25,-1.8));
#2646 = DIRECTION('',(0.,0.,-1.));
#2647 = DIRECTION('',(1.,0.,0.));
#2648 = ADVANCED_FACE('',(#2649),#2683,.T.);
#2649 = FACE_BOUND('',#2650,.T.);
#2650 = EDGE_LOOP('',(#2651,#2661,#2669,#2677));
#2651 = ORIENTED_EDGE('',*,*,#2652,.T.);
#2652 = EDGE_CURVE('',#2653,#2655,#2657,.T.);
#2653 = VERTEX_POINT('',#2654);
#2654 = CARTESIAN_POINT('',(-0.1863,-0.25,0.3));
#2655 = VERTEX_POINT('',#2656);
#2656 = CARTESIAN_POINT('',(0.1863,-0.25,0.3));
#2657 = LINE('',#2658,#2659);
#2658 = CARTESIAN_POINT('',(-0.1863,-0.25,0.3));
#2659 = VECTOR('',#2660,1.);
#2660 = DIRECTION('',(1.,0.,0.));
#2661 = ORIENTED_EDGE('',*,*,#2662,.T.);
#2662 = EDGE_CURVE('',#2655,#2663,#2665,.T.);
#2663 = VERTEX_POINT('',#2664);
#2664 = CARTESIAN_POINT('',(0.1863,-0.1667,0.3));
#2665 = LINE('',#2666,#2667);
#2666 = CARTESIAN_POINT('',(0.1863,-0.25,0.3));
#2667 = VECTOR('',#2668,1.);
#2668 = DIRECTION('',(0.,1.,0.));
#2669 = ORIENTED_EDGE('',*,*,#2670,.F.);
#2670 = EDGE_CURVE('',#2671,#2663,#2673,.T.);
#2671 = VERTEX_POINT('',#2672);
#2672 = CARTESIAN_POINT('',(-0.1863,-0.1667,0.3));
#2673 = LINE('',#2674,#2675);
#2674 = CARTESIAN_POINT('',(-0.1863,-0.1667,0.3));
#2675 = VECTOR('',#2676,1.);
#2676 = DIRECTION('',(1.,0.,0.));
#2677 = ORIENTED_EDGE('',*,*,#2678,.F.);
#2678 = EDGE_CURVE('',#2653,#2671,#2679,.T.);
#2679 = LINE('',#2680,#2681);
#2680 = CARTESIAN_POINT('',(-0.1863,-0.25,0.3));
#2681 = VECTOR('',#2682,1.);
#2682 = DIRECTION('',(0.,1.,0.));
#2683 = PLANE('',#2684);
#2684 = AXIS2_PLACEMENT_3D('',#2685,#2686,#2687);
#2685 = CARTESIAN_POINT('',(-0.1863,-0.25,0.3));
#2686 = DIRECTION('',(0.,0.,1.));
#2687 = DIRECTION('',(1.,0.,-0.));
#2688 = ADVANCED_FACE('',(#2689),#2705,.T.);
#2689 = FACE_BOUND('',#2690,.T.);
#2690 = EDGE_LOOP('',(#2691,#2692,#2698,#2699));
#2691 = ORIENTED_EDGE('',*,*,#2638,.T.);
#2692 = ORIENTED_EDGE('',*,*,#2693,.T.);
#2693 = EDGE_CURVE('',#2631,#2655,#2694,.T.);
#2694 = LINE('',#2695,#2696);
#2695 = CARTESIAN_POINT('',(0.1863,-0.25,-1.8));
#2696 = VECTOR('',#2697,1.);
#2697 = DIRECTION('',(0.,0.,1.));
#2698 = ORIENTED_EDGE('',*,*,#2652,.F.);
#2699 = ORIENTED_EDGE('',*,*,#2700,.F.);
#2700 = EDGE_CURVE('',#2613,#2653,#2701,.T.);
#2701 = LINE('',#2702,#2703);
#2702 = CARTESIAN_POINT('',(-0.1863,-0.25,-1.8));
#2703 = VECTOR('',#2704,1.);
#2704 = DIRECTION('',(0.,0.,1.));
#2705 = PLANE('',#2706);
#2706 = AXIS2_PLACEMENT_3D('',#2707,#2708,#2709);
#2707 = CARTESIAN_POINT('',(-0.1863,-0.25,-1.8));
#2708 = DIRECTION('',(0.,-1.,0.));
#2709 = DIRECTION('',(1.,0.,0.));
#2710 = ADVANCED_FACE('',(#2711),#2727,.T.);
#2711 = FACE_BOUND('',#2712,.T.);
#2712 = EDGE_LOOP('',(#2713,#2719,#2720,#2726));
#2713 = ORIENTED_EDGE('',*,*,#2714,.T.);
#2714 = EDGE_CURVE('',#2615,#2671,#2715,.T.);
#2715 = LINE('',#2716,#2717);
#2716 = CARTESIAN_POINT('',(-0.1863,-0.1667,-1.8));
#2717 = VECTOR('',#2718,1.);
#2718 = DIRECTION('',(0.,0.,1.));
#2719 = ORIENTED_EDGE('',*,*,#2670,.T.);
#2720 = ORIENTED_EDGE('',*,*,#2721,.F.);
#2721 = EDGE_CURVE('',#2623,#2663,#2722,.T.);
#2722 = LINE('',#2723,#2724);
#2723 = CARTESIAN_POINT('',(0.1863,-0.1667,-1.8));
#2724 = VECTOR('',#2725,1.);
#2725 = DIRECTION('',(0.,0.,1.));
#2726 = ORIENTED_EDGE('',*,*,#2622,.F.);
#2727 = PLANE('',#2728);
#2728 = AXIS2_PLACEMENT_3D('',#2729,#2730,#2731);
#2729 = CARTESIAN_POINT('',(-0.1863,-0.1667,-1.8));
#2730 = DIRECTION('',(0.,1.,0.));
#2731 = DIRECTION('',(1.,0.,0.));
#2732 = ADVANCED_FACE('',(#2733),#2739,.T.);
#2733 = FACE_BOUND('',#2734,.T.);
#2734 = EDGE_LOOP('',(#2735,#2736,#2737,#2738));
#2735 = ORIENTED_EDGE('',*,*,#2700,.T.);
#2736 = ORIENTED_EDGE('',*,*,#2678,.T.);
#2737 = ORIENTED_EDGE('',*,*,#2714,.F.);
#2738 = ORIENTED_EDGE('',*,*,#2612,.F.);
#2739 = PLANE('',#2740);
#2740 = AXIS2_PLACEMENT_3D('',#2741,#2742,#2743);
#2741 = CARTESIAN_POINT('',(-0.1863,-0.25,-1.8));
#2742 = DIRECTION('',(-1.,0.,0.));
#2743 = DIRECTION('',(0.,1.,0.));
#2744 = ADVANCED_FACE('',(#2745),#2751,.T.);
#2745 = FACE_BOUND('',#2746,.T.);
#2746 = EDGE_LOOP('',(#2747,#2748,#2749,#2750));
#2747 = ORIENTED_EDGE('',*,*,#2630,.T.);
#2748 = ORIENTED_EDGE('',*,*,#2721,.T.);
#2749 = ORIENTED_EDGE('',*,*,#2662,.F.);
#2750 = ORIENTED_EDGE('',*,*,#2693,.F.);
#2751 = PLANE('',#2752);
#2752 = AXIS2_PLACEMENT_3D('',#2753,#2754,#2755);
#2753 = CARTESIAN_POINT('',(0.1863,-0.25,-1.8));
#2754 = DIRECTION('',(1.,0.,0.));
#2755 = DIRECTION('',(-0.,1.,0.));
#2756 = MANIFOLD_SOLID_BREP('',#2757);
#2757 = CLOSED_SHELL('',(#2758,#2798,#2838,#2860,#2882,#2894));
#2758 = ADVANCED_FACE('',(#2759),#2793,.T.);
#2759 = FACE_BOUND('',#2760,.T.);
#2760 = EDGE_LOOP('',(#2761,#2771,#2779,#2787));
#2761 = ORIENTED_EDGE('',*,*,#2762,.T.);
#2762 = EDGE_CURVE('',#2763,#2765,#2767,.T.);
#2763 = VERTEX_POINT('',#2764);
#2764 = CARTESIAN_POINT('',(3.7301,0.7083,0.3));
#2765 = VERTEX_POINT('',#2766);
#2766 = CARTESIAN_POINT('',(3.7301,0.85,0.3));
#2767 = LINE('',#2768,#2769);
#2768 = CARTESIAN_POINT('',(3.7301,0.7083,0.3));
#2769 = VECTOR('',#2770,1.);
#2770 = DIRECTION('',(0.,1.,0.));
#2771 = ORIENTED_EDGE('',*,*,#2772,.T.);
#2772 = EDGE_CURVE('',#2765,#2773,#2775,.T.);
#2773 = VERTEX_POINT('',#2774);
#2774 = CARTESIAN_POINT('',(4.6699,0.85,0.3));
#2775 = LINE('',#2776,#2777);
#2776 = CARTESIAN_POINT('',(3.7301,0.85,0.3));
#2777 = VECTOR('',#2778,1.);
#2778 = DIRECTION('',(1.,0.,0.));
#2779 = ORIENTED_EDGE('',*,*,#2780,.F.);
#2780 = EDGE_CURVE('',#2781,#2773,#2783,.T.);
#2781 = VERTEX_POINT('',#2782);
#2782 = CARTESIAN_POINT('',(4.6699,0.7083,0.3));
#2783 = LINE('',#2784,#2785);
#2784 = CARTESIAN_POINT('',(4.6699,0.7083,0.3));
#2785 = VECTOR('',#2786,1.);
#2786 = DIRECTION('',(0.,1.,0.));
#2787 = ORIENTED_EDGE('',*,*,#2788,.F.);
#2788 = EDGE_CURVE('',#2763,#2781,#2789,.T.);
#2789 = LINE('',#2790,#2791);
#2790 = CARTESIAN_POINT('',(3.7301,0.7083,0.3));
#2791 = VECTOR('',#2792,1.);
#2792 = DIRECTION('',(1.,0.,0.));
#2793 = PLANE('',#2794);
#2794 = AXIS2_PLACEMENT_3D('',#2795,#2796,#2797);
#2795 = CARTESIAN_POINT('',(3.7301,0.7083,0.3));
#2796 = DIRECTION('',(0.,0.,-1.));
#2797 = DIRECTION('',(1.,0.,0.));
#2798 = ADVANCED_FACE('',(#2799),#2833,.T.);
#2799 = FACE_BOUND('',#2800,.T.);
#2800 = EDGE_LOOP('',(#2801,#2811,#2819,#2827));
#2801 = ORIENTED_EDGE('',*,*,#2802,.T.);
#2802 = EDGE_CURVE('',#2803,#2805,#2807,.T.);
#2803 = VERTEX_POINT('',#2804);
#2804 = CARTESIAN_POINT('',(3.7301,0.7083,10.));
#2805 = VERTEX_POINT('',#2806);
#2806 = CARTESIAN_POINT('',(4.6699,0.7083,10.));
#2807 = LINE('',#2808,#2809);
#2808 = CARTESIAN_POINT('',(3.7301,0.7083,10.));
#2809 = VECTOR('',#2810,1.);
#2810 = DIRECTION('',(1.,0.,0.));
#2811 = ORIENTED_EDGE('',*,*,#2812,.T.);
#2812 = EDGE_CURVE('',#2805,#2813,#2815,.T.);
#2813 = VERTEX_POINT('',#2814);
#2814 = CARTESIAN_POINT('',(4.6699,0.85,10.));
#2815 = LINE('',#2816,#2817);
#2816 = CARTESIAN_POINT('',(4.6699,0.7083,10.));
#2817 = VECTOR('',#2818,1.);
#2818 = DIRECTION('',(0.,1.,0.));
#2819 = ORIENTED_EDGE('',*,*,#2820,.F.);
#2820 = EDGE_CURVE('',#2821,#2813,#2823,.T.);
#2821 = VERTEX_POINT('',#2822);
#2822 = CARTESIAN_POINT('',(3.7301,0.85,10.));
#2823 = LINE('',#2824,#2825);
#2824 = CARTESIAN_POINT('',(3.7301,0.85,10.));
#2825 = VECTOR('',#2826,1.);
#2826 = DIRECTION('',(1.,0.,0.));
#2827 = ORIENTED_EDGE('',*,*,#2828,.F.);
#2828 = EDGE_CURVE('',#2803,#2821,#2829,.T.);
#2829 = LINE('',#2830,#2831);
#2830 = CARTESIAN_POINT('',(3.7301,0.7083,10.));
#2831 = VECTOR('',#2832,1.);
#2832 = DIRECTION('',(0.,1.,0.));
#2833 = PLANE('',#2834);
#2834 = AXIS2_PLACEMENT_3D('',#2835,#2836,#2837);
#2835 = CARTESIAN_POINT('',(3.7301,0.7083,10.));
#2836 = DIRECTION('',(0.,0.,1.));
#2837 = DIRECTION('',(1.,0.,-0.));
#2838 = ADVANCED_FACE('',(#2839),#2855,.T.);
#2839 = FACE_BOUND('',#2840,.T.);
#2840 = EDGE_LOOP('',(#2841,#2842,#2848,#2849));
#2841 = ORIENTED_EDGE('',*,*,#2788,.T.);
#2842 = ORIENTED_EDGE('',*,*,#2843,.T.);
#2843 = EDGE_CURVE('',#2781,#2805,#2844,.T.);
#2844 = LINE('',#2845,#2846);
#2845 = CARTESIAN_POINT('',(4.6699,0.7083,0.3));
#2846 = VECTOR('',#2847,1.);
#2847 = DIRECTION('',(0.,0.,1.));
#2848 = ORIENTED_EDGE('',*,*,#2802,.F.);
#2849 = ORIENTED_EDGE('',*,*,#2850,.F.);
#2850 = EDGE_CURVE('',#2763,#2803,#2851,.T.);
#2851 = LINE('',#2852,#2853);
#2852 = CARTESIAN_POINT('',(3.7301,0.7083,0.3));
#2853 = VECTOR('',#2854,1.);
#2854 = DIRECTION('',(0.,0.,1.));
#2855 = PLANE('',#2856);
#2856 = AXIS2_PLACEMENT_3D('',#2857,#2858,#2859);
#2857 = CARTESIAN_POINT('',(3.7301,0.7083,0.3));
#2858 = DIRECTION('',(0.,-1.,0.));
#2859 = DIRECTION('',(1.,0.,0.));
#2860 = ADVANCED_FACE('',(#2861),#2877,.T.);
#2861 = FACE_BOUND('',#2862,.T.);
#2862 = EDGE_LOOP('',(#2863,#2869,#2870,#2876));
#2863 = ORIENTED_EDGE('',*,*,#2864,.T.);
#2864 = EDGE_CURVE('',#2765,#2821,#2865,.T.);
#2865 = LINE('',#2866,#2867);
#2866 = CARTESIAN_POINT('',(3.7301,0.85,0.3));
#2867 = VECTOR('',#2868,1.);
#2868 = DIRECTION('',(0.,0.,1.));
#2869 = ORIENTED_EDGE('',*,*,#2820,.T.);
#2870 = ORIENTED_EDGE('',*,*,#2871,.F.);
#2871 = EDGE_CURVE('',#2773,#2813,#2872,.T.);
#2872 = LINE('',#2873,#2874);
#2873 = CARTESIAN_POINT('',(4.6699,0.85,0.3));
#2874 = VECTOR('',#2875,1.);
#2875 = DIRECTION('',(0.,0.,1.));
#2876 = ORIENTED_EDGE('',*,*,#2772,.F.);
#2877 = PLANE('',#2878);
#2878 = AXIS2_PLACEMENT_3D('',#2879,#2880,#2881);
#2879 = CARTESIAN_POINT('',(3.7301,0.85,0.3));
#2880 = DIRECTION('',(0.,1.,0.));
#2881 = DIRECTION('',(1.,0.,0.));
#2882 = ADVANCED_FACE('',(#2883),#2889,.T.);
#2883 = FACE_BOUND('',#2884,.T.);
#2884 = EDGE_LOOP('',(#2885,#2886,#2887,#2888));
#2885 = ORIENTED_EDGE('',*,*,#2850,.T.);
#2886 = ORIENTED_EDGE('',*,*,#2828,.T.);
#2887 = ORIENTED_EDGE('',*,*,#2864,.F.);
#2888 = ORIENTED_EDGE('',*,*,#2762,.F.);
#2889 = PLANE('',#2890);
#2890 = AXIS2_PLACEMENT_3D('',#2891,#2892,#2893);
#2891 = CARTESIAN_POINT('',(3.7301,0.7083,0.3));
#2892 = DIRECTION('',(-1.,0.,0.));
#2893 = DIRECTION('',(0.,1.,0.));
#2894 = ADVANCED_FACE('',(#2895),#2901,.T.);
#2895 = FACE_BOUND('',#2896,.T.);
#2896 = EDGE_LOOP('',(#2897,#2898,#2899,#2900));
#2897 = ORIENTED_EDGE('',*,*,#2780,.T.);
#2898 = ORIENTED_EDGE('',*,*,#2871,.T.);
#2899 = ORIENTED_EDGE('',*,*,#2812,.F.);
#2900 = ORIENTED_EDGE('',*,*,#2843,.F.);
#2901 = PLANE('',#2902);
#2902 = AXIS2_PLACEMENT_3D('',#2903,#2904,#2905);
#2903 = CARTESIAN_POINT('',(4.6699,0.7083,0.3));
#2904 = DIRECTION('',(1.,0.,0.));
#2905 = DIRECTION('',(-0.,1.,0.));
#2906 = MANIFOLD_SOLID_BREP('',#2907);
#2907 = CLOSED_SHELL('',(#2908,#2948,#2988,#3010,#3032,#3044));
#2908 = ADVANCED_FACE('',(#2909),#2943,.T.);
#2909 = FACE_BOUND('',#2910,.T.);
#2910 = EDGE_LOOP('',(#2911,#2921,#2929,#2937));
#2911 = ORIENTED_EDGE('',*,*,#2912,.T.);
#2912 = EDGE_CURVE('',#2913,#2915,#2917,.T.);
#2913 = VERTEX_POINT('',#2914);
#2914 = CARTESIAN_POINT('',(3.5664,0.5667,0.3));
#2915 = VERTEX_POINT('',#2916);
#2916 = CARTESIAN_POINT('',(3.5664,0.7083,0.3));
#2917 = LINE('',#2918,#2919);
#2918 = CARTESIAN_POINT('',(3.5664,0.5667,0.3));
#2919 = VECTOR('',#2920,1.);
#2920 = DIRECTION('',(0.,1.,0.));
#2921 = ORIENTED_EDGE('',*,*,#2922,.T.);
#2922 = EDGE_CURVE('',#2915,#2923,#2925,.T.);
#2923 = VERTEX_POINT('',#2924);
#2924 = CARTESIAN_POINT('',(4.8336,0.7083,0.3));
#2925 = LINE('',#2926,#2927);
#2926 = CARTESIAN_POINT('',(3.5664,0.7083,0.3));
#2927 = VECTOR('',#2928,1.);
#2928 = DIRECTION('',(1.,0.,0.));
#2929 = ORIENTED_EDGE('',*,*,#2930,.F.);
#2930 = EDGE_CURVE('',#2931,#2923,#2933,.T.);
#2931 = VERTEX_POINT('',#2932);
#2932 = CARTESIAN_POINT('',(4.8336,0.5667,0.3));
#2933 = LINE('',#2934,#2935);
#2934 = CARTESIAN_POINT('',(4.8336,0.5667,0.3));
#2935 = VECTOR('',#2936,1.);
#2936 = DIRECTION('',(0.,1.,0.));
#2937 = ORIENTED_EDGE('',*,*,#2938,.F.);
#2938 = EDGE_CURVE('',#2913,#2931,#2939,.T.);
#2939 = LINE('',#2940,#2941);
#2940 = CARTESIAN_POINT('',(3.5664,0.5667,0.3));
#2941 = VECTOR('',#2942,1.);
#2942 = DIRECTION('',(1.,0.,0.));
#2943 = PLANE('',#2944);
#2944 = AXIS2_PLACEMENT_3D('',#2945,#2946,#2947);
#2945 = CARTESIAN_POINT('',(3.5664,0.5667,0.3));
#2946 = DIRECTION('',(0.,0.,-1.));
#2947 = DIRECTION('',(1.,0.,0.));
#2948 = ADVANCED_FACE('',(#2949),#2983,.T.);
#2949 = FACE_BOUND('',#2950,.T.);
#2950 = EDGE_LOOP('',(#2951,#2961,#2969,#2977));
#2951 = ORIENTED_EDGE('',*,*,#2952,.T.);
#2952 = EDGE_CURVE('',#2953,#2955,#2957,.T.);
#2953 = VERTEX_POINT('',#2954);
#2954 = CARTESIAN_POINT('',(3.5664,0.5667,10.));
#2955 = VERTEX_POINT('',#2956);
#2956 = CARTESIAN_POINT('',(4.8336,0.5667,10.));
#2957 = LINE('',#2958,#2959);
#2958 = CARTESIAN_POINT('',(3.5664,0.5667,10.));
#2959 = VECTOR('',#2960,1.);
#2960 = DIRECTION('',(1.,0.,0.));
#2961 = ORIENTED_EDGE('',*,*,#2962,.T.);
#2962 = EDGE_CURVE('',#2955,#2963,#2965,.T.);
#2963 = VERTEX_POINT('',#2964);
#2964 = CARTESIAN_POINT('',(4.8336,0.7083,10.));
#2965 = LINE('',#2966,#2967);
#2966 = CARTESIAN_POINT('',(4.8336,0.5667,10.));
#2967 = VECTOR('',#2968,1.);
#2968 = DIRECTION('',(0.,1.,0.));
#2969 = ORIENTED_EDGE('',*,*,#2970,.F.);
#2970 = EDGE_CURVE('',#2971,#2963,#2973,.T.);
#2971 = VERTEX_POINT('',#2972);
#2972 = CARTESIAN_POINT('',(3.5664,0.7083,10.));
#2973 = LINE('',#2974,#2975);
#2974 = CARTESIAN_POINT('',(3.5664,0.7083,10.));
#2975 = VECTOR('',#2976,1.);
#2976 = DIRECTION('',(1.,0.,0.));
#2977 = ORIENTED_EDGE('',*,*,#2978,.F.);
#2978 = EDGE_CURVE('',#2953,#2971,#2979,.T.);
#2979 = LINE('',#2980,#2981);
#2980 = CARTESIAN_POINT('',(3.5664,0.5667,10.));
#2981 = VECTOR('',#2982,1.);
#2982 = DIRECTION('',(0.,1.,0.));
#2983 = PLANE('',#2984);
#2984 = AXIS2_PLACEMENT_3D('',#2985,#2986,#2987);
#2985 = CARTESIAN_POINT('',(3.5664,0.5667,10.));
#2986 = DIRECTION('',(0.,0.,1.));
#2987 = DIRECTION('',(1.,0.,-0.));
#2988 = ADVANCED_FACE('',(#2989),#3005,.T.);
#2989 = FACE_BOUND('',#2990,.T.);
#2990 = EDGE_LOOP('',(#2991,#2992,#2998,#2999));
#2991 = ORIENTED_EDGE('',*,*,#2938,.T.);
#2992 = ORIENTED_EDGE('',*,*,#2993,.T.);
#2993 = EDGE_CURVE('',#2931,#2955,#2994,.T.);
#2994 = LINE('',#2995,#2996);
#2995 = CARTESIAN_POINT('',(4.8336,0.5667,0.3));
#2996 = VECTOR('',#2997,1.);
#2997 = DIRECTION('',(0.,0.,1.));
#2998 = ORIENTED_EDGE('',*,*,#2952,.F.);
#2999 = ORIENTED_EDGE('',*,*,#3000,.F.);
#3000 = EDGE_CURVE('',#2913,#2953,#3001,.T.);
#3001 = LINE('',#3002,#3003);
#3002 = CARTESIAN_POINT('',(3.5664,0.5667,0.3));
#3003 = VECTOR('',#3004,1.);
#3004 = DIRECTION('',(0.,0.,1.));
#3005 = PLANE('',#3006);
#3006 = AXIS2_PLACEMENT_3D('',#3007,#3008,#3009);
#3007 = CARTESIAN_POINT('',(3.5664,0.5667,0.3));
#3008 = DIRECTION('',(0.,-1.,0.));
#3009 = DIRECTION('',(1.,0.,0.));
#3010 = ADVANCED_FACE('',(#3011),#3027,.T.);
#3011 = FACE_BOUND('',#3012,.T.);
#3012 = EDGE_LOOP('',(#3013,#3019,#3020,#3026));
#3013 = ORIENTED_EDGE('',*,*,#3014,.T.);
#3014 = EDGE_CURVE('',#2915,#2971,#3015,.T.);
#3015 = LINE('',#3016,#3017);
#3016 = CARTESIAN_POINT('',(3.5664,0.7083,0.3));
#3017 = VECTOR('',#3018,1.);
#3018 = DIRECTION('',(0.,0.,1.));
#3019 = ORIENTED_EDGE('',*,*,#2970,.T.);
#3020 = ORIENTED_EDGE('',*,*,#3021,.F.);
#3021 = EDGE_CURVE('',#2923,#2963,#3022,.T.);
#3022 = LINE('',#3023,#3024);
#3023 = CARTESIAN_POINT('',(4.8336,0.7083,0.3));
#3024 = VECTOR('',#3025,1.);
#3025 = DIRECTION('',(0.,0.,1.));
#3026 = ORIENTED_EDGE('',*,*,#2922,.F.);
#3027 = PLANE('',#3028);
#3028 = AXIS2_PLACEMENT_3D('',#3029,#3030,#3031);
#3029 = CARTESIAN_POINT('',(3.5664,0.7083,0.3));
#3030 = DIRECTION('',(0.,1.,0.));
#3031 = DIRECTION('',(1.,0.,0.));
#3032 = ADVANCED_FACE('',(#3033),#3039,.T.);
#3033 = FACE_BOUND('',#3034,.T.);
#3034 = EDGE_LOOP('',(#3035,#3036,#3037,#3038));
#3035 = ORIENTED_EDGE('',*,*,#3000,.T.);
#3036 = ORIENTED_EDGE('',*,*,#2978,.T.);
#3037 = ORIENTED_EDGE('',*,*,#3014,.F.);
#3038 = ORIENTED_EDGE('',*,*,#2912,.F.);
#3039 = PLANE('',#3040);
#3040 = AXIS2_PLACEMENT_3D('',#3041,#3042,#3043);
#3041 = CARTESIAN_POINT('',(3.5664,0.5667,0.3));
#3042 = DIRECTION('',(-1.,0.,0.));
#3043 = DIRECTION('',(0.,1.,0.));
#3044 = ADVANCED_FACE('',(#3045),#3051,.T.);
#3045 = FACE_BOUND('',#3046,.T.);
#3046 = EDGE_LOOP('',(#3047,#3048,#3049,#3050));
#3047 = ORIENTED_EDGE('',*,*,#2930,.T.);
#3048 = ORIENTED_EDGE('',*,*,#3021,.T.);
#3049 = ORIENTED_EDGE('',*,*,#2962,.F.);
#3050 = ORIENTED_EDGE('',*,*,#2993,.F.);
#3051 = PLANE('',#3052);
#3052 = AXIS2_PLACEMENT_3D('',#3053,#3054,#3055);
#3053 = CARTESIAN_POINT('',(4.8336,0.5667,0.3));
#3054 = DIRECTION('',(1.,0.,0.));
#3055 = DIRECTION('',(-0.,1.,0.));
#3056 = MANIFOLD_SOLID_BREP('',#3057);
#3057 = CLOSED_SHELL('',(#3058,#3098,#3138,#3160,#3182,#3194));
#3058 = ADVANCED_FACE('',(#3059),#3093,.T.);
#3059 = FACE_BOUND('',#3060,.T.);
#3060 = EDGE_LOOP('',(#3061,#3071,#3079,#3087));
#3061 = ORIENTED_EDGE('',*,*,#3062,.T.);
#3062 = EDGE_CURVE('',#3063,#3065,#3067,.T.);
#3063 = VERTEX_POINT('',#3064);
#3064 = CARTESIAN_POINT('',(3.4639,0.425,0.3));
#3065 = VERTEX_POINT('',#3066);
#3066 = CARTESIAN_POINT('',(3.4639,0.5667,0.3));
#3067 = LINE('',#3068,#3069);
#3068 = CARTESIAN_POINT('',(3.4639,0.425,0.3));
#3069 = VECTOR('',#3070,1.);
#3070 = DIRECTION('',(0.,1.,0.));
#3071 = ORIENTED_EDGE('',*,*,#3072,.T.);
#3072 = EDGE_CURVE('',#3065,#3073,#3075,.T.);
#3073 = VERTEX_POINT('',#3074);
#3074 = CARTESIAN_POINT('',(4.9361,0.5667,0.3));
#3075 = LINE('',#3076,#3077);
#3076 = CARTESIAN_POINT('',(3.4639,0.5667,0.3));
#3077 = VECTOR('',#3078,1.);
#3078 = DIRECTION('',(1.,0.,0.));
#3079 = ORIENTED_EDGE('',*,*,#3080,.F.);
#3080 = EDGE_CURVE('',#3081,#3073,#3083,.T.);
#3081 = VERTEX_POINT('',#3082);
#3082 = CARTESIAN_POINT('',(4.9361,0.425,0.3));
#3083 = LINE('',#3084,#3085);
#3084 = CARTESIAN_POINT('',(4.9361,0.425,0.3));
#3085 = VECTOR('',#3086,1.);
#3086 = DIRECTION('',(0.,1.,0.));
#3087 = ORIENTED_EDGE('',*,*,#3088,.F.);
#3088 = EDGE_CURVE('',#3063,#3081,#3089,.T.);
#3089 = LINE('',#3090,#3091);
#3090 = CARTESIAN_POINT('',(3.4639,0.425,0.3));
#3091 = VECTOR('',#3092,1.);
#3092 = DIRECTION('',(1.,0.,0.));
#3093 = PLANE('',#3094);
#3094 = AXIS2_PLACEMENT_3D('',#3095,#3096,#3097);
#3095 = CARTESIAN_POINT('',(3.4639,0.425,0.3));
#3096 = DIRECTION('',(0.,0.,-1.));
#3097 = DIRECTION('',(1.,0.,0.));
#3098 = ADVANCED_FACE('',(#3099),#3133,.T.);
#3099 = FACE_BOUND('',#3100,.T.);
#3100 = EDGE_LOOP('',(#3101,#3111,#3119,#3127));
#3101 = ORIENTED_EDGE('',*,*,#3102,.T.);
#3102 = EDGE_CURVE('',#3103,#3105,#3107,.T.);
#3103 = VERTEX_POINT('',#3104);
#3104 = CARTESIAN_POINT('',(3.4639,0.425,10.));
#3105 = VERTEX_POINT('',#3106);
#3106 = CARTESIAN_POINT('',(4.9361,0.425,10.));
#3107 = LINE('',#3108,#3109);
#3108 = CARTESIAN_POINT('',(3.4639,0.425,10.));
#3109 = VECTOR('',#3110,1.);
#3110 = DIRECTION('',(1.,0.,0.));
#3111 = ORIENTED_EDGE('',*,*,#3112,.T.);
#3112 = EDGE_CURVE('',#3105,#3113,#3115,.T.);
#3113 = VERTEX_POINT('',#3114);
#3114 = CARTESIAN_POINT('',(4.9361,0.5667,10.));
#3115 = LINE('',#3116,#3117);
#3116 = CARTESIAN_POINT('',(4.9361,0.425,10.));
#3117 = VECTOR('',#3118,1.);
#3118 = DIRECTION('',(0.,1.,0.));
#3119 = ORIENTED_EDGE('',*,*,#3120,.F.);
#3120 = EDGE_CURVE('',#3121,#3113,#3123,.T.);
#3121 = VERTEX_POINT('',#3122);
#3122 = CARTESIAN_POINT('',(3.4639,0.5667,10.));
#3123 = LINE('',#3124,#3125);
#3124 = CARTESIAN_POINT('',(3.4639,0.5667,10.));
#3125 = VECTOR('',#3126,1.);
#3126 = DIRECTION('',(1.,0.,0.));
#3127 = ORIENTED_EDGE('',*,*,#3128,.F.);
#3128 = EDGE_CURVE('',#3103,#3121,#3129,.T.);
#3129 = LINE('',#3130,#3131);
#3130 = CARTESIAN_POINT('',(3.4639,0.425,10.));
#3131 = VECTOR('',#3132,1.);
#3132 = DIRECTION('',(0.,1.,0.));
#3133 = PLANE('',#3134);
#3134 = AXIS2_PLACEMENT_3D('',#3135,#3136,#3137);
#3135 = CARTESIAN_POINT('',(3.4639,0.425,10.));
#3136 = DIRECTION('',(0.,0.,1.));
#3137 = DIRECTION('',(1.,0.,-0.));
#3138 = ADVANCED_FACE('',(#3139),#3155,.T.);
#3139 = FACE_BOUND('',#3140,.T.);
#3140 = EDGE_LOOP('',(#3141,#3142,#3148,#3149));
#3141 = ORIENTED_EDGE('',*,*,#3088,.T.);
#3142 = ORIENTED_EDGE('',*,*,#3143,.T.);
#3143 = EDGE_CURVE('',#3081,#3105,#3144,.T.);
#3144 = LINE('',#3145,#3146);
#3145 = CARTESIAN_POINT('',(4.9361,0.425,0.3));
#3146 = VECTOR('',#3147,1.);
#3147 = DIRECTION('',(0.,0.,1.));
#3148 = ORIENTED_EDGE('',*,*,#3102,.F.);
#3149 = ORIENTED_EDGE('',*,*,#3150,.F.);
#3150 = EDGE_CURVE('',#3063,#3103,#3151,.T.);
#3151 = LINE('',#3152,#3153);
#3152 = CARTESIAN_POINT('',(3.4639,0.425,0.3));
#3153 = VECTOR('',#3154,1.);
#3154 = DIRECTION('',(0.,0.,1.));
#3155 = PLANE('',#3156);
#3156 = AXIS2_PLACEMENT_3D('',#3157,#3158,#3159);
#3157 = CARTESIAN_POINT('',(3.4639,0.425,0.3));
#3158 = DIRECTION('',(0.,-1.,0.));
#3159 = DIRECTION('',(1.,0.,0.));
#3160 = ADVANCED_FACE('',(#3161),#3177,.T.);
#3161 = FACE_BOUND('',#3162,.T.);
#3162 = EDGE_LOOP('',(#3163,#3169,#3170,#3176));
#3163 = ORIENTED_EDGE('',*,*,#3164,.T.);
#3164 = EDGE_CURVE('',#3065,#3121,#3165,.T.);
#3165 = LINE('',#3166,#3167);
#3166 = CARTESIAN_POINT('',(3.4639,0.5667,0.3));
#3167 = VECTOR('',#3168,1.);
#3168 = DIRECTION('',(0.,0.,1.));
#3169 = ORIENTED_EDGE('',*,*,#3120,.T.);
#3170 = ORIENTED_EDGE('',*,*,#3171,.F.);
#3171 = EDGE_CURVE('',#3073,#3113,#3172,.T.);
#3172 = LINE('',#3173,#3174);
#3173 = CARTESIAN_POINT('',(4.9361,0.5667,0.3));
#3174 = VECTOR('',#3175,1.);
#3175 = DIRECTION('',(0.,0.,1.));
#3176 = ORIENTED_EDGE('',*,*,#3072,.F.);
#3177 = PLANE('',#3178);
#3178 = AXIS2_PLACEMENT_3D('',#3179,#3180,#3181);
#3179 = CARTESIAN_POINT('',(3.4639,0.5667,0.3));
#3180 = DIRECTION('',(0.,1.,0.));
#3181 = DIRECTION('',(1.,0.,0.));
#3182 = ADVANCED_FACE('',(#3183),#3189,.T.);
#3183 = FACE_BOUND('',#3184,.T.);
#3184 = EDGE_LOOP('',(#3185,#3186,#3187,#3188));
#3185 = ORIENTED_EDGE('',*,*,#3150,.T.);
#3186 = ORIENTED_EDGE('',*,*,#3128,.T.);
#3187 = ORIENTED_EDGE('',*,*,#3164,.F.);
#3188 = ORIENTED_EDGE('',*,*,#3062,.F.);
#3189 = PLANE('',#3190);
#3190 = AXIS2_PLACEMENT_3D('',#3191,#3192,#3193);
#3191 = CARTESIAN_POINT('',(3.4639,0.425,0.3));
#3192 = DIRECTION('',(-1.,0.,0.));
#3193 = DIRECTION('',(0.,1.,0.));
#3194 = ADVANCED_FACE('',(#3195),#3201,.T.);
#3195 = FACE_BOUND('',#3196,.T.);
#3196 = EDGE_LOOP('',(#3197,#3198,#3199,#3200));
#3197 = ORIENTED_EDGE('',*,*,#3080,.T.);
#3198 = ORIENTED_EDGE('',*,*,#3171,.T.);
#3199 = ORIENTED_EDGE('',*,*,#3112,.F.);
#3200 = ORIENTED_EDGE('',*,*,#3143,.F.);
#3201 = PLANE('',#3202);
#3202 = AXIS2_PLACEMENT_3D('',#3203,#3204,#3205);
#3203 = CARTESIAN_POINT('',(4.9361,0.425,0.3));
#3204 = DIRECTION('',(1.,0.,0.));
#3205 = DIRECTION('',(-0.,1.,0.));
#3206 = MANIFOLD_SOLID_BREP('',#3207);
#3207 = CLOSED_SHELL('',(#3208,#3248,#3288,#3310,#3332,#3344));
#3208 = ADVANCED_FACE('',(#3209),#3243,.T.);
#3209 = FACE_BOUND('',#3210,.T.);
#3210 = EDGE_LOOP('',(#3211,#3221,#3229,#3237));
#3211 = ORIENTED_EDGE('',*,*,#3212,.T.);
#3212 = EDGE_CURVE('',#3213,#3215,#3217,.T.);
#3213 = VERTEX_POINT('',#3214);
#3214 = CARTESIAN_POINT('',(3.3986,0.2833,0.3));
#3215 = VERTEX_POINT('',#3216);
#3216 = CARTESIAN_POINT('',(3.3986,0.425,0.3));
#3217 = LINE('',#3218,#3219);
#3218 = CARTESIAN_POINT('',(3.3986,0.2833,0.3));
#3219 = VECTOR('',#3220,1.);
#3220 = DIRECTION('',(0.,1.,0.));
#3221 = ORIENTED_EDGE('',*,*,#3222,.T.);
#3222 = EDGE_CURVE('',#3215,#3223,#3225,.T.);
#3223 = VERTEX_POINT('',#3224);
#3224 = CARTESIAN_POINT('',(5.0014,0.425,0.3));
#3225 = LINE('',#3226,#3227);
#3226 = CARTESIAN_POINT('',(3.3986,0.425,0.3));
#3227 = VECTOR('',#3228,1.);
#3228 = DIRECTION('',(1.,0.,0.));
#3229 = ORIENTED_EDGE('',*,*,#3230,.F.);
#3230 = EDGE_CURVE('',#3231,#3223,#3233,.T.);
#3231 = VERTEX_POINT('',#3232);
#3232 = CARTESIAN_POINT('',(5.0014,0.2833,0.3));
#3233 = LINE('',#3234,#3235);
#3234 = CARTESIAN_POINT('',(5.0014,0.2833,0.3));
#3235 = VECTOR('',#3236,1.);
#3236 = DIRECTION('',(0.,1.,0.));
#3237 = ORIENTED_EDGE('',*,*,#3238,.F.);
#3238 = EDGE_CURVE('',#3213,#3231,#3239,.T.);
#3239 = LINE('',#3240,#3241);
#3240 = CARTESIAN_POINT('',(3.3986,0.2833,0.3));
#3241 = VECTOR('',#3242,1.);
#3242 = DIRECTION('',(1.,0.,0.));
#3243 = PLANE('',#3244);
#3244 = AXIS2_PLACEMENT_3D('',#3245,#3246,#3247);
#3245 = CARTESIAN_POINT('',(3.3986,0.2833,0.3));
#3246 = DIRECTION('',(0.,0.,-1.));
#3247 = DIRECTION('',(1.,0.,0.));
#3248 = ADVANCED_FACE('',(#3249),#3283,.T.);
#3249 = FACE_BOUND('',#3250,.T.);
#3250 = EDGE_LOOP('',(#3251,#3261,#3269,#3277));
#3251 = ORIENTED_EDGE('',*,*,#3252,.T.);
#3252 = EDGE_CURVE('',#3253,#3255,#3257,.T.);
#3253 = VERTEX_POINT('',#3254);
#3254 = CARTESIAN_POINT('',(3.3986,0.2833,10.));
#3255 = VERTEX_POINT('',#3256);
#3256 = CARTESIAN_POINT('',(5.0014,0.2833,10.));
#3257 = LINE('',#3258,#3259);
#3258 = CARTESIAN_POINT('',(3.3986,0.2833,10.));
#3259 = VECTOR('',#3260,1.);
#3260 = DIRECTION('',(1.,0.,0.));
#3261 = ORIENTED_EDGE('',*,*,#3262,.T.);
#3262 = EDGE_CURVE('',#3255,#3263,#3265,.T.);
#3263 = VERTEX_POINT('',#3264);
#3264 = CARTESIAN_POINT('',(5.0014,0.425,10.));
#3265 = LINE('',#3266,#3267);
#3266 = CARTESIAN_POINT('',(5.0014,0.2833,10.));
#3267 = VECTOR('',#3268,1.);
#3268 = DIRECTION('',(0.,1.,0.));
#3269 = ORIENTED_EDGE('',*,*,#3270,.F.);
#3270 = EDGE_CURVE('',#3271,#3263,#3273,.T.);
#3271 = VERTEX_POINT('',#3272);
#3272 = CARTESIAN_POINT('',(3.3986,0.425,10.));
#3273 = LINE('',#3274,#3275);
#3274 = CARTESIAN_POINT('',(3.3986,0.425,10.));
#3275 = VECTOR('',#3276,1.);
#3276 = DIRECTION('',(1.,0.,0.));
#3277 = ORIENTED_EDGE('',*,*,#3278,.F.);
#3278 = EDGE_CURVE('',#3253,#3271,#3279,.T.);
#3279 = LINE('',#3280,#3281);
#3280 = CARTESIAN_POINT('',(3.3986,0.2833,10.));
#3281 = VECTOR('',#3282,1.);
#3282 = DIRECTION('',(0.,1.,0.));
#3283 = PLANE('',#3284);
#3284 = AXIS2_PLACEMENT_3D('',#3285,#3286,#3287);
#3285 = CARTESIAN_POINT('',(3.3986,0.2833,10.));
#3286 = DIRECTION('',(0.,0.,1.));
#3287 = DIRECTION('',(1.,0.,-0.));
#3288 = ADVANCED_FACE('',(#3289),#3305,.T.);
#3289 = FACE_BOUND('',#3290,.T.);
#3290 = EDGE_LOOP('',(#3291,#3292,#3298,#3299));
#3291 = ORIENTED_EDGE('',*,*,#3238,.T.);
#3292 = ORIENTED_EDGE('',*,*,#3293,.T.);
#3293 = EDGE_CURVE('',#3231,#3255,#3294,.T.);
#3294 = LINE('',#3295,#3296);
#3295 = CARTESIAN_POINT('',(5.0014,0.2833,0.3));
#3296 = VECTOR('',#3297,1.);
#3297 = DIRECTION('',(0.,0.,1.));
#3298 = ORIENTED_EDGE('',*,*,#3252,.F.);
#3299 = ORIENTED_EDGE('',*,*,#3300,.F.);
#3300 = EDGE_CURVE('',#3213,#3253,#3301,.T.);
#3301 = LINE('',#3302,#3303);
#3302 = CARTESIAN_POINT('',(3.3986,0.2833,0.3));
#3303 = VECTOR('',#3304,1.);
#3304 = DIRECTION('',(0.,0.,1.));
#3305 = PLANE('',#3306);
#3306 = AXIS2_PLACEMENT_3D('',#3307,#3308,#3309);
#3307 = CARTESIAN_POINT('',(3.3986,0.2833,0.3));
#3308 = DIRECTION('',(0.,-1.,0.));
#3309 = DIRECTION('',(1.,0.,0.));
#3310 = ADVANCED_FACE('',(#3311),#3327,.T.);
#3311 = FACE_BOUND('',#3312,.T.);
#3312 = EDGE_LOOP('',(#3313,#3319,#3320,#3326));
#3313 = ORIENTED_EDGE('',*,*,#3314,.T.);
#3314 = EDGE_CURVE('',#3215,#3271,#3315,.T.);
#3315 = LINE('',#3316,#3317);
#3316 = CARTESIAN_POINT('',(3.3986,0.425,0.3));
#3317 = VECTOR('',#3318,1.);
#3318 = DIRECTION('',(0.,0.,1.));
#3319 = ORIENTED_EDGE('',*,*,#3270,.T.);
#3320 = ORIENTED_EDGE('',*,*,#3321,.F.);
#3321 = EDGE_CURVE('',#3223,#3263,#3322,.T.);
#3322 = LINE('',#3323,#3324);
#3323 = CARTESIAN_POINT('',(5.0014,0.425,0.3));
#3324 = VECTOR('',#3325,1.);
#3325 = DIRECTION('',(0.,0.,1.));
#3326 = ORIENTED_EDGE('',*,*,#3222,.F.);
#3327 = PLANE('',#3328);
#3328 = AXIS2_PLACEMENT_3D('',#3329,#3330,#3331);
#3329 = CARTESIAN_POINT('',(3.3986,0.425,0.3));
#3330 = DIRECTION('',(0.,1.,0.));
#3331 = DIRECTION('',(1.,0.,0.));
#3332 = ADVANCED_FACE('',(#3333),#3339,.T.);
#3333 = FACE_BOUND('',#3334,.T.);
#3334 = EDGE_LOOP('',(#3335,#3336,#3337,#3338));
#3335 = ORIENTED_EDGE('',*,*,#3300,.T.);
#3336 = ORIENTED_EDGE('',*,*,#3278,.T.);
#3337 = ORIENTED_EDGE('',*,*,#3314,.F.);
#3338 = ORIENTED_EDGE('',*,*,#3212,.F.);
#3339 = PLANE('',#3340);
#3340 = AXIS2_PLACEMENT_3D('',#3341,#3342,#3343);
#3341 = CARTESIAN_POINT('',(3.3986,0.2833,0.3));
#3342 = DIRECTION('',(-1.,0.,0.));
#3343 = DIRECTION('',(0.,1.,0.));
#3344 = ADVANCED_FACE('',(#3345),#3351,.T.);
#3345 = FACE_BOUND('',#3346,.T.);
#3346 = EDGE_LOOP('',(#3347,#3348,#3349,#3350));
#3347 = ORIENTED_EDGE('',*,*,#3230,.T.);
#3348 = ORIENTED_EDGE('',*,*,#3321,.T.);
#3349 = ORIENTED_EDGE('',*,*,#3262,.F.);
#3350 = ORIENTED_EDGE('',*,*,#3293,.F.);
#3351 = PLANE('',#3352);
#3352 = AXIS2_PLACEMENT_3D('',#3353,#3354,#3355);
#3353 = CARTESIAN_POINT('',(5.0014,0.2833,0.3));
#3354 = DIRECTION('',(1.,0.,0.));
#3355 = DIRECTION('',(-0.,1.,0.));
#3356 = MANIFOLD_SOLID_BREP('',#3357);
#3357 = CLOSED_SHELL('',(#3358,#3398,#3438,#3460,#3482,#3494));
#3358 = ADVANCED_FACE('',(#3359),#3393,.T.);
#3359 = FACE_BOUND('',#3360,.T.);
#3360 = EDGE_LOOP('',(#3361,#3371,#3379,#3387));
#3361 = ORIENTED_EDGE('',*,*,#3362,.T.);
#3362 = EDGE_CURVE('',#3363,#3365,#3367,.T.);
#3363 = VERTEX_POINT('',#3364);
#3364 = CARTESIAN_POINT('',(3.3619,0.1417,0.3));
#3365 = VERTEX_POINT('',#3366);
#3366 = CARTESIAN_POINT('',(3.3619,0.2833,0.3));
#3367 = LINE('',#3368,#3369);
#3368 = CARTESIAN_POINT('',(3.3619,0.1417,0.3));
#3369 = VECTOR('',#3370,1.);
#3370 = DIRECTION('',(0.,1.,0.));
#3371 = ORIENTED_EDGE('',*,*,#3372,.T.);
#3372 = EDGE_CURVE('',#3365,#3373,#3375,.T.);
#3373 = VERTEX_POINT('',#3374);
#3374 = CARTESIAN_POINT('',(5.0381,0.2833,0.3));
#3375 = LINE('',#3376,#3377);
#3376 = CARTESIAN_POINT('',(3.3619,0.2833,0.3));
#3377 = VECTOR('',#3378,1.);
#3378 = DIRECTION('',(1.,0.,0.));
#3379 = ORIENTED_EDGE('',*,*,#3380,.F.);
#3380 = EDGE_CURVE('',#3381,#3373,#3383,.T.);
#3381 = VERTEX_POINT('',#3382);
#3382 = CARTESIAN_POINT('',(5.0381,0.1417,0.3));
#3383 = LINE('',#3384,#3385);
#3384 = CARTESIAN_POINT('',(5.0381,0.1417,0.3));
#3385 = VECTOR('',#3386,1.);
#3386 = DIRECTION('',(0.,1.,0.));
#3387 = ORIENTED_EDGE('',*,*,#3388,.F.);
#3388 = EDGE_CURVE('',#3363,#3381,#3389,.T.);
#3389 = LINE('',#3390,#3391);
#3390 = CARTESIAN_POINT('',(3.3619,0.1417,0.3));
#3391 = VECTOR('',#3392,1.);
#3392 = DIRECTION('',(1.,0.,0.));
#3393 = PLANE('',#3394);
#3394 = AXIS2_PLACEMENT_3D('',#3395,#3396,#3397);
#3395 = CARTESIAN_POINT('',(3.3619,0.1417,0.3));
#3396 = DIRECTION('',(0.,0.,-1.));
#3397 = DIRECTION('',(1.,0.,0.));
#3398 = ADVANCED_FACE('',(#3399),#3433,.T.);
#3399 = FACE_BOUND('',#3400,.T.);
#3400 = EDGE_LOOP('',(#3401,#3411,#3419,#3427));
#3401 = ORIENTED_EDGE('',*,*,#3402,.T.);
#3402 = EDGE_CURVE('',#3403,#3405,#3407,.T.);
#3403 = VERTEX_POINT('',#3404);
#3404 = CARTESIAN_POINT('',(3.3619,0.1417,10.));
#3405 = VERTEX_POINT('',#3406);
#3406 = CARTESIAN_POINT('',(5.0381,0.1417,10.));
#3407 = LINE('',#3408,#3409);
#3408 = CARTESIAN_POINT('',(3.3619,0.1417,10.));
#3409 = VECTOR('',#3410,1.);
#3410 = DIRECTION('',(1.,0.,0.));
#3411 = ORIENTED_EDGE('',*,*,#3412,.T.);
#3412 = EDGE_CURVE('',#3405,#3413,#3415,.T.);
#3413 = VERTEX_POINT('',#3414);
#3414 = CARTESIAN_POINT('',(5.0381,0.2833,10.));
#3415 = LINE('',#3416,#3417);
#3416 = CARTESIAN_POINT('',(5.0381,0.1417,10.));
#3417 = VECTOR('',#3418,1.);
#3418 = DIRECTION('',(0.,1.,0.));
#3419 = ORIENTED_EDGE('',*,*,#3420,.F.);
#3420 = EDGE_CURVE('',#3421,#3413,#3423,.T.);
#3421 = VERTEX_POINT('',#3422);
#3422 = CARTESIAN_POINT('',(3.3619,0.2833,10.));
#3423 = LINE('',#3424,#3425);
#3424 = CARTESIAN_POINT('',(3.3619,0.2833,10.));
#3425 = VECTOR('',#3426,1.);
#3426 = DIRECTION('',(1.,0.,0.));
#3427 = ORIENTED_EDGE('',*,*,#3428,.F.);
#3428 = EDGE_CURVE('',#3403,#3421,#3429,.T.);
#3429 = LINE('',#3430,#3431);
#3430 = CARTESIAN_POINT('',(3.3619,0.1417,10.));
#3431 = VECTOR('',#3432,1.);
#3432 = DIRECTION('',(0.,1.,0.));
#3433 = PLANE('',#3434);
#3434 = AXIS2_PLACEMENT_3D('',#3435,#3436,#3437);
#3435 = CARTESIAN_POINT('',(3.3619,0.1417,10.));
#3436 = DIRECTION('',(0.,0.,1.));
#3437 = DIRECTION('',(1.,0.,-0.));
#3438 = ADVANCED_FACE('',(#3439),#3455,.T.);
#3439 = FACE_BOUND('',#3440,.T.);
#3440 = EDGE_LOOP('',(#3441,#3442,#3448,#3449));
#3441 = ORIENTED_EDGE('',*,*,#3388,.T.);
#3442 = ORIENTED_EDGE('',*,*,#3443,.T.);
#3443 = EDGE_CURVE('',#3381,#3405,#3444,.T.);
#3444 = LINE('',#3445,#3446);
#3445 = CARTESIAN_POINT('',(5.0381,0.1417,0.3));
#3446 = VECTOR('',#3447,1.);
#3447 = DIRECTION('',(0.,0.,1.));
#3448 = ORIENTED_EDGE('',*,*,#3402,.F.);
#3449 = ORIENTED_EDGE('',*,*,#3450,.F.);
#3450 = EDGE_CURVE('',#3363,#3403,#3451,.T.);
#3451 = LINE('',#3452,#3453);
#3452 = CARTESIAN_POINT('',(3.3619,0.1417,0.3));
#3453 = VECTOR('',#3454,1.);
#3454 = DIRECTION('',(0.,0.,1.));
#3455 = PLANE('',#3456);
#3456 = AXIS2_PLACEMENT_3D('',#3457,#3458,#3459);
#3457 = CARTESIAN_POINT('',(3.3619,0.1417,0.3));
#3458 = DIRECTION('',(0.,-1.,0.));
#3459 = DIRECTION('',(1.,0.,0.));
#3460 = ADVANCED_FACE('',(#3461),#3477,.T.);
#3461 = FACE_BOUND('',#3462,.T.);
#3462 = EDGE_LOOP('',(#3463,#3469,#3470,#3476));
#3463 = ORIENTED_EDGE('',*,*,#3464,.T.);
#3464 = EDGE_CURVE('',#3365,#3421,#3465,.T.);
#3465 = LINE('',#3466,#3467);
#3466 = CARTESIAN_POINT('',(3.3619,0.2833,0.3));
#3467 = VECTOR('',#3468,1.);
#3468 = DIRECTION('',(0.,0.,1.));
#3469 = ORIENTED_EDGE('',*,*,#3420,.T.);
#3470 = ORIENTED_EDGE('',*,*,#3471,.F.);
#3471 = EDGE_CURVE('',#3373,#3413,#3472,.T.);
#3472 = LINE('',#3473,#3474);
#3473 = CARTESIAN_POINT('',(5.0381,0.2833,0.3));
#3474 = VECTOR('',#3475,1.);
#3475 = DIRECTION('',(0.,0.,1.));
#3476 = ORIENTED_EDGE('',*,*,#3372,.F.);
#3477 = PLANE('',#3478);
#3478 = AXIS2_PLACEMENT_3D('',#3479,#3480,#3481);
#3479 = CARTESIAN_POINT('',(3.3619,0.2833,0.3));
#3480 = DIRECTION('',(0.,1.,0.));
#3481 = DIRECTION('',(1.,0.,0.));
#3482 = ADVANCED_FACE('',(#3483),#3489,.T.);
#3483 = FACE_BOUND('',#3484,.T.);
#3484 = EDGE_LOOP('',(#3485,#3486,#3487,#3488));
#3485 = ORIENTED_EDGE('',*,*,#3450,.T.);
#3486 = ORIENTED_EDGE('',*,*,#3428,.T.);
#3487 = ORIENTED_EDGE('',*,*,#3464,.F.);
#3488 = ORIENTED_EDGE('',*,*,#3362,.F.);
#3489 = PLANE('',#3490);
#3490 = AXIS2_PLACEMENT_3D('',#3491,#3492,#3493);
#3491 = CARTESIAN_POINT('',(3.3619,0.1417,0.3));
#3492 = DIRECTION('',(-1.,0.,0.));
#3493 = DIRECTION('',(0.,1.,0.));
#3494 = ADVANCED_FACE('',(#3495),#3501,.T.);
#3495 = FACE_BOUND('',#3496,.T.);
#3496 = EDGE_LOOP('',(#3497,#3498,#3499,#3500));
#3497 = ORIENTED_EDGE('',*,*,#3380,.T.);
#3498 = ORIENTED_EDGE('',*,*,#3471,.T.);
#3499 = ORIENTED_EDGE('',*,*,#3412,.F.);
#3500 = ORIENTED_EDGE('',*,*,#3443,.F.);
#3501 = PLANE('',#3502);
#3502 = AXIS2_PLACEMENT_3D('',#3503,#3504,#3505);
#3503 = CARTESIAN_POINT('',(5.0381,0.1417,0.3));
#3504 = DIRECTION('',(1.,0.,0.));
#3505 = DIRECTION('',(-0.,1.,0.));
#3506 = MANIFOLD_SOLID_BREP('',#3507);
#3507 = CLOSED_SHELL('',(#3508,#3548,#3588,#3610,#3632,#3644));
#3508 = ADVANCED_FACE('',(#3509),#3543,.T.);
#3509 = FACE_BOUND('',#3510,.T.);
#3510 = EDGE_LOOP('',(#3511,#3521,#3529,#3537));
#3511 = ORIENTED_EDGE('',*,*,#3512,.T.);
#3512 = EDGE_CURVE('',#3513,#3515,#3517,.T.);
#3513 = VERTEX_POINT('',#3514);
#3514 = CARTESIAN_POINT('',(3.35,-0.,0.3));
#3515 = VERTEX_POINT('',#3516);
#3516 = CARTESIAN_POINT('',(3.35,0.1417,0.3));
#3517 = LINE('',#3518,#3519);
#3518 = CARTESIAN_POINT('',(3.35,-0.,0.3));
#3519 = VECTOR('',#3520,1.);
#3520 = DIRECTION('',(0.,1.,0.));
#3521 = ORIENTED_EDGE('',*,*,#3522,.T.);
#3522 = EDGE_CURVE('',#3515,#3523,#3525,.T.);
#3523 = VERTEX_POINT('',#3524);
#3524 = CARTESIAN_POINT('',(5.05,0.1417,0.3));
#3525 = LINE('',#3526,#3527);
#3526 = CARTESIAN_POINT('',(3.35,0.1417,0.3));
#3527 = VECTOR('',#3528,1.);
#3528 = DIRECTION('',(1.,0.,0.));
#3529 = ORIENTED_EDGE('',*,*,#3530,.F.);
#3530 = EDGE_CURVE('',#3531,#3523,#3533,.T.);
#3531 = VERTEX_POINT('',#3532);
#3532 = CARTESIAN_POINT('',(5.05,-0.,0.3));
#3533 = LINE('',#3534,#3535);
#3534 = CARTESIAN_POINT('',(5.05,-0.,0.3));
#3535 = VECTOR('',#3536,1.);
#3536 = DIRECTION('',(0.,1.,0.));
#3537 = ORIENTED_EDGE('',*,*,#3538,.F.);
#3538 = EDGE_CURVE('',#3513,#3531,#3539,.T.);
#3539 = LINE('',#3540,#3541);
#3540 = CARTESIAN_POINT('',(3.35,-0.,0.3));
#3541 = VECTOR('',#3542,1.);
#3542 = DIRECTION('',(1.,0.,0.));
#3543 = PLANE('',#3544);
#3544 = AXIS2_PLACEMENT_3D('',#3545,#3546,#3547);
#3545 = CARTESIAN_POINT('',(3.35,-0.,0.3));
#3546 = DIRECTION('',(0.,0.,-1.));
#3547 = DIRECTION('',(1.,0.,0.));
#3548 = ADVANCED_FACE('',(#3549),#3583,.T.);
#3549 = FACE_BOUND('',#3550,.T.);
#3550 = EDGE_LOOP('',(#3551,#3561,#3569,#3577));
#3551 = ORIENTED_EDGE('',*,*,#3552,.T.);
#3552 = EDGE_CURVE('',#3553,#3555,#3557,.T.);
#3553 = VERTEX_POINT('',#3554);
#3554 = CARTESIAN_POINT('',(3.35,-0.,10.));
#3555 = VERTEX_POINT('',#3556);
#3556 = CARTESIAN_POINT('',(5.05,-0.,10.));
#3557 = LINE('',#3558,#3559);
#3558 = CARTESIAN_POINT('',(3.35,-0.,10.));
#3559 = VECTOR('',#3560,1.);
#3560 = DIRECTION('',(1.,0.,0.));
#3561 = ORIENTED_EDGE('',*,*,#3562,.T.);
#3562 = EDGE_CURVE('',#3555,#3563,#3565,.T.);
#3563 = VERTEX_POINT('',#3564);
#3564 = CARTESIAN_POINT('',(5.05,0.1417,10.));
#3565 = LINE('',#3566,#3567);
#3566 = CARTESIAN_POINT('',(5.05,-0.,10.));
#3567 = VECTOR('',#3568,1.);
#3568 = DIRECTION('',(0.,1.,0.));
#3569 = ORIENTED_EDGE('',*,*,#3570,.F.);
#3570 = EDGE_CURVE('',#3571,#3563,#3573,.T.);
#3571 = VERTEX_POINT('',#3572);
#3572 = CARTESIAN_POINT('',(3.35,0.1417,10.));
#3573 = LINE('',#3574,#3575);
#3574 = CARTESIAN_POINT('',(3.35,0.1417,10.));
#3575 = VECTOR('',#3576,1.);
#3576 = DIRECTION('',(1.,0.,0.));
#3577 = ORIENTED_EDGE('',*,*,#3578,.F.);
#3578 = EDGE_CURVE('',#3553,#3571,#3579,.T.);
#3579 = LINE('',#3580,#3581);
#3580 = CARTESIAN_POINT('',(3.35,-0.,10.));
#3581 = VECTOR('',#3582,1.);
#3582 = DIRECTION('',(0.,1.,0.));
#3583 = PLANE('',#3584);
#3584 = AXIS2_PLACEMENT_3D('',#3585,#3586,#3587);
#3585 = CARTESIAN_POINT('',(3.35,-0.,10.));
#3586 = DIRECTION('',(0.,0.,1.));
#3587 = DIRECTION('',(1.,0.,-0.));
#3588 = ADVANCED_FACE('',(#3589),#3605,.T.);
#3589 = FACE_BOUND('',#3590,.T.);
#3590 = EDGE_LOOP('',(#3591,#3592,#3598,#3599));
#3591 = ORIENTED_EDGE('',*,*,#3538,.T.);
#3592 = ORIENTED_EDGE('',*,*,#3593,.T.);
#3593 = EDGE_CURVE('',#3531,#3555,#3594,.T.);
#3594 = LINE('',#3595,#3596);
#3595 = CARTESIAN_POINT('',(5.05,-0.,0.3));
#3596 = VECTOR('',#3597,1.);
#3597 = DIRECTION('',(0.,0.,1.));
#3598 = ORIENTED_EDGE('',*,*,#3552,.F.);
#3599 = ORIENTED_EDGE('',*,*,#3600,.F.);
#3600 = EDGE_CURVE('',#3513,#3553,#3601,.T.);
#3601 = LINE('',#3602,#3603);
#3602 = CARTESIAN_POINT('',(3.35,-0.,0.3));
#3603 = VECTOR('',#3604,1.);
#3604 = DIRECTION('',(0.,0.,1.));
#3605 = PLANE('',#3606);
#3606 = AXIS2_PLACEMENT_3D('',#3607,#3608,#3609);
#3607 = CARTESIAN_POINT('',(3.35,-0.,0.3));
#3608 = DIRECTION('',(0.,-1.,0.));
#3609 = DIRECTION('',(1.,0.,0.));
#3610 = ADVANCED_FACE('',(#3611),#3627,.T.);
#3611 = FACE_BOUND('',#3612,.T.);
#3612 = EDGE_LOOP('',(#3613,#3619,#3620,#3626));
#3613 = ORIENTED_EDGE('',*,*,#3614,.T.);
#3614 = EDGE_CURVE('',#3515,#3571,#3615,.T.);
#3615 = LINE('',#3616,#3617);
#3616 = CARTESIAN_POINT('',(3.35,0.1417,0.3));
#3617 = VECTOR('',#3618,1.);
#3618 = DIRECTION('',(0.,0.,1.));
#3619 = ORIENTED_EDGE('',*,*,#3570,.T.);
#3620 = ORIENTED_EDGE('',*,*,#3621,.F.);
#3621 = EDGE_CURVE('',#3523,#3563,#3622,.T.);
#3622 = LINE('',#3623,#3624);
#3623 = CARTESIAN_POINT('',(5.05,0.1417,0.3));
#3624 = VECTOR('',#3625,1.);
#3625 = DIRECTION('',(0.,0.,1.));
#3626 = ORIENTED_EDGE('',*,*,#3522,.F.);
#3627 = PLANE('',#3628);
#3628 = AXIS2_PLACEMENT_3D('',#3629,#3630,#3631);
#3629 = CARTESIAN_POINT('',(3.35,0.1417,0.3));
#3630 = DIRECTION('',(0.,1.,0.));
#3631 = DIRECTION('',(1.,0.,0.));
#3632 = ADVANCED_FACE('',(#3633),#3639,.T.);
#3633 = FACE_BOUND('',#3634,.T.);
#3634 = EDGE_LOOP('',(#3635,#3636,#3637,#3638));
#3635 = ORIENTED_EDGE('',*,*,#3600,.T.);
#3636 = ORIENTED_EDGE('',*,*,#3578,.T.);
#3637 = ORIENTED_EDGE('',*,*,#3614,.F.);
#3638 = ORIENTED_EDGE('',*,*,#3512,.F.);
#3639 = PLANE('',#3640);
#3640 = AXIS2_PLACEMENT_3D('',#3641,#3642,#3643);
#3641 = CARTESIAN_POINT('',(3.35,-0.,0.3));
#3642 = DIRECTION('',(-1.,0.,0.));
#3643 = DIRECTION('',(0.,1.,0.));
#3644 = ADVANCED_FACE('',(#3645),#3651,.T.);
#3645 = FACE_BOUND('',#3646,.T.);
#3646 = EDGE_LOOP('',(#3647,#3648,#3649,#3650));
#3647 = ORIENTED_EDGE('',*,*,#3530,.T.);
#3648 = ORIENTED_EDGE('',*,*,#3621,.T.);
#3649 = ORIENTED_EDGE('',*,*,#3562,.F.);
#3650 = ORIENTED_EDGE('',*,*,#3593,.F.);
#3651 = PLANE('',#3652);
#3652 = AXIS2_PLACEMENT_3D('',#3653,#3654,#3655);
#3653 = CARTESIAN_POINT('',(5.05,-0.,0.3));
#3654 = DIRECTION('',(1.,0.,0.));
#3655 = DIRECTION('',(-0.,1.,0.));
#3656 = MANIFOLD_SOLID_BREP('',#3657);
#3657 = CLOSED_SHELL('',(#3658,#3698,#3738,#3760,#3782,#3794));
#3658 = ADVANCED_FACE('',(#3659),#3693,.T.);
#3659 = FACE_BOUND('',#3660,.T.);
#3660 = EDGE_LOOP('',(#3661,#3671,#3679,#3687));
#3661 = ORIENTED_EDGE('',*,*,#3662,.T.);
#3662 = EDGE_CURVE('',#3663,#3665,#3667,.T.);
#3663 = VERTEX_POINT('',#3664);
#3664 = CARTESIAN_POINT('',(3.35,-0.1417,0.3));
#3665 = VERTEX_POINT('',#3666);
#3666 = CARTESIAN_POINT('',(3.35,-0.,0.3));
#3667 = LINE('',#3668,#3669);
#3668 = CARTESIAN_POINT('',(3.35,-0.1417,0.3));
#3669 = VECTOR('',#3670,1.);
#3670 = DIRECTION('',(0.,1.,0.));
#3671 = ORIENTED_EDGE('',*,*,#3672,.T.);
#3672 = EDGE_CURVE('',#3665,#3673,#3675,.T.);
#3673 = VERTEX_POINT('',#3674);
#3674 = CARTESIAN_POINT('',(5.05,-0.,0.3));
#3675 = LINE('',#3676,#3677);
#3676 = CARTESIAN_POINT('',(3.35,-0.,0.3));
#3677 = VECTOR('',#3678,1.);
#3678 = DIRECTION('',(1.,0.,0.));
#3679 = ORIENTED_EDGE('',*,*,#3680,.F.);
#3680 = EDGE_CURVE('',#3681,#3673,#3683,.T.);
#3681 = VERTEX_POINT('',#3682);
#3682 = CARTESIAN_POINT('',(5.05,-0.1417,0.3));
#3683 = LINE('',#3684,#3685);
#3684 = CARTESIAN_POINT('',(5.05,-0.1417,0.3));
#3685 = VECTOR('',#3686,1.);
#3686 = DIRECTION('',(0.,1.,0.));
#3687 = ORIENTED_EDGE('',*,*,#3688,.F.);
#3688 = EDGE_CURVE('',#3663,#3681,#3689,.T.);
#3689 = LINE('',#3690,#3691);
#3690 = CARTESIAN_POINT('',(3.35,-0.1417,0.3));
#3691 = VECTOR('',#3692,1.);
#3692 = DIRECTION('',(1.,0.,0.));
#3693 = PLANE('',#3694);
#3694 = AXIS2_PLACEMENT_3D('',#3695,#3696,#3697);
#3695 = CARTESIAN_POINT('',(3.35,-0.1417,0.3));
#3696 = DIRECTION('',(0.,0.,-1.));
#3697 = DIRECTION('',(1.,0.,0.));
#3698 = ADVANCED_FACE('',(#3699),#3733,.T.);
#3699 = FACE_BOUND('',#3700,.T.);
#3700 = EDGE_LOOP('',(#3701,#3711,#3719,#3727));
#3701 = ORIENTED_EDGE('',*,*,#3702,.T.);
#3702 = EDGE_CURVE('',#3703,#3705,#3707,.T.);
#3703 = VERTEX_POINT('',#3704);
#3704 = CARTESIAN_POINT('',(3.35,-0.1417,10.));
#3705 = VERTEX_POINT('',#3706);
#3706 = CARTESIAN_POINT('',(5.05,-0.1417,10.));
#3707 = LINE('',#3708,#3709);
#3708 = CARTESIAN_POINT('',(3.35,-0.1417,10.));
#3709 = VECTOR('',#3710,1.);
#3710 = DIRECTION('',(1.,0.,0.));
#3711 = ORIENTED_EDGE('',*,*,#3712,.T.);
#3712 = EDGE_CURVE('',#3705,#3713,#3715,.T.);
#3713 = VERTEX_POINT('',#3714);
#3714 = CARTESIAN_POINT('',(5.05,-0.,10.));
#3715 = LINE('',#3716,#3717);
#3716 = CARTESIAN_POINT('',(5.05,-0.1417,10.));
#3717 = VECTOR('',#3718,1.);
#3718 = DIRECTION('',(0.,1.,0.));
#3719 = ORIENTED_EDGE('',*,*,#3720,.F.);
#3720 = EDGE_CURVE('',#3721,#3713,#3723,.T.);
#3721 = VERTEX_POINT('',#3722);
#3722 = CARTESIAN_POINT('',(3.35,-0.,10.));
#3723 = LINE('',#3724,#3725);
#3724 = CARTESIAN_POINT('',(3.35,-0.,10.));
#3725 = VECTOR('',#3726,1.);
#3726 = DIRECTION('',(1.,0.,0.));
#3727 = ORIENTED_EDGE('',*,*,#3728,.F.);
#3728 = EDGE_CURVE('',#3703,#3721,#3729,.T.);
#3729 = LINE('',#3730,#3731);
#3730 = CARTESIAN_POINT('',(3.35,-0.1417,10.));
#3731 = VECTOR('',#3732,1.);
#3732 = DIRECTION('',(0.,1.,0.));
#3733 = PLANE('',#3734);
#3734 = AXIS2_PLACEMENT_3D('',#3735,#3736,#3737);
#3735 = CARTESIAN_POINT('',(3.35,-0.1417,10.));
#3736 = DIRECTION('',(0.,0.,1.));
#3737 = DIRECTION('',(1.,0.,-0.));
#3738 = ADVANCED_FACE('',(#3739),#3755,.T.);
#3739 = FACE_BOUND('',#3740,.T.);
#3740 = EDGE_LOOP('',(#3741,#3742,#3748,#3749));
#3741 = ORIENTED_EDGE('',*,*,#3688,.T.);
#3742 = ORIENTED_EDGE('',*,*,#3743,.T.);
#3743 = EDGE_CURVE('',#3681,#3705,#3744,.T.);
#3744 = LINE('',#3745,#3746);
#3745 = CARTESIAN_POINT('',(5.05,-0.1417,0.3));
#3746 = VECTOR('',#3747,1.);
#3747 = DIRECTION('',(0.,0.,1.));
#3748 = ORIENTED_EDGE('',*,*,#3702,.F.);
#3749 = ORIENTED_EDGE('',*,*,#3750,.F.);
#3750 = EDGE_CURVE('',#3663,#3703,#3751,.T.);
#3751 = LINE('',#3752,#3753);
#3752 = CARTESIAN_POINT('',(3.35,-0.1417,0.3));
#3753 = VECTOR('',#3754,1.);
#3754 = DIRECTION('',(0.,0.,1.));
#3755 = PLANE('',#3756);
#3756 = AXIS2_PLACEMENT_3D('',#3757,#3758,#3759);
#3757 = CARTESIAN_POINT('',(3.35,-0.1417,0.3));
#3758 = DIRECTION('',(0.,-1.,0.));
#3759 = DIRECTION('',(1.,0.,0.));
#3760 = ADVANCED_FACE('',(#3761),#3777,.T.);
#3761 = FACE_BOUND('',#3762,.T.);
#3762 = EDGE_LOOP('',(#3763,#3769,#3770,#3776));
#3763 = ORIENTED_EDGE('',*,*,#3764,.T.);
#3764 = EDGE_CURVE('',#3665,#3721,#3765,.T.);
#3765 = LINE('',#3766,#3767);
#3766 = CARTESIAN_POINT('',(3.35,-0.,0.3));
#3767 = VECTOR('',#3768,1.);
#3768 = DIRECTION('',(0.,0.,1.));
#3769 = ORIENTED_EDGE('',*,*,#3720,.T.);
#3770 = ORIENTED_EDGE('',*,*,#3771,.F.);
#3771 = EDGE_CURVE('',#3673,#3713,#3772,.T.);
#3772 = LINE('',#3773,#3774);
#3773 = CARTESIAN_POINT('',(5.05,-0.,0.3));
#3774 = VECTOR('',#3775,1.);
#3775 = DIRECTION('',(0.,0.,1.));
#3776 = ORIENTED_EDGE('',*,*,#3672,.F.);
#3777 = PLANE('',#3778);
#3778 = AXIS2_PLACEMENT_3D('',#3779,#3780,#3781);
#3779 = CARTESIAN_POINT('',(3.35,-0.,0.3));
#3780 = DIRECTION('',(0.,1.,0.));
#3781 = DIRECTION('',(1.,0.,0.));
#3782 = ADVANCED_FACE('',(#3783),#3789,.T.);
#3783 = FACE_BOUND('',#3784,.T.);
#3784 = EDGE_LOOP('',(#3785,#3786,#3787,#3788));
#3785 = ORIENTED_EDGE('',*,*,#3750,.T.);
#3786 = ORIENTED_EDGE('',*,*,#3728,.T.);
#3787 = ORIENTED_EDGE('',*,*,#3764,.F.);
#3788 = ORIENTED_EDGE('',*,*,#3662,.F.);
#3789 = PLANE('',#3790);
#3790 = AXIS2_PLACEMENT_3D('',#3791,#3792,#3793);
#3791 = CARTESIAN_POINT('',(3.35,-0.1417,0.3));
#3792 = DIRECTION('',(-1.,0.,0.));
#3793 = DIRECTION('',(0.,1.,0.));
#3794 = ADVANCED_FACE('',(#3795),#3801,.T.);
#3795 = FACE_BOUND('',#3796,.T.);
#3796 = EDGE_LOOP('',(#3797,#3798,#3799,#3800));
#3797 = ORIENTED_EDGE('',*,*,#3680,.T.);
#3798 = ORIENTED_EDGE('',*,*,#3771,.T.);
#3799 = ORIENTED_EDGE('',*,*,#3712,.F.);
#3800 = ORIENTED_EDGE('',*,*,#3743,.F.);
#3801 = PLANE('',#3802);
#3802 = AXIS2_PLACEMENT_3D('',#3803,#3804,#3805);
#3803 = CARTESIAN_POINT('',(5.05,-0.1417,0.3));
#3804 = DIRECTION('',(1.,0.,0.));
#3805 = DIRECTION('',(-0.,1.,0.));
#3806 = MANIFOLD_SOLID_BREP('',#3807);
#3807 = CLOSED_SHELL('',(#3808,#3848,#3888,#3910,#3932,#3944));
#3808 = ADVANCED_FACE('',(#3809),#3843,.T.);
#3809 = FACE_BOUND('',#3810,.T.);
#3810 = EDGE_LOOP('',(#3811,#3821,#3829,#3837));
#3811 = ORIENTED_EDGE('',*,*,#3812,.T.);
#3812 = EDGE_CURVE('',#3813,#3815,#3817,.T.);
#3813 = VERTEX_POINT('',#3814);
#3814 = CARTESIAN_POINT('',(3.3619,-0.2833,0.3));
#3815 = VERTEX_POINT('',#3816);
#3816 = CARTESIAN_POINT('',(3.3619,-0.1417,0.3));
#3817 = LINE('',#3818,#3819);
#3818 = CARTESIAN_POINT('',(3.3619,-0.2833,0.3));
#3819 = VECTOR('',#3820,1.);
#3820 = DIRECTION('',(0.,1.,0.));
#3821 = ORIENTED_EDGE('',*,*,#3822,.T.);
#3822 = EDGE_CURVE('',#3815,#3823,#3825,.T.);
#3823 = VERTEX_POINT('',#3824);
#3824 = CARTESIAN_POINT('',(5.0381,-0.1417,0.3));
#3825 = LINE('',#3826,#3827);
#3826 = CARTESIAN_POINT('',(3.3619,-0.1417,0.3));
#3827 = VECTOR('',#3828,1.);
#3828 = DIRECTION('',(1.,0.,0.));
#3829 = ORIENTED_EDGE('',*,*,#3830,.F.);
#3830 = EDGE_CURVE('',#3831,#3823,#3833,.T.);
#3831 = VERTEX_POINT('',#3832);
#3832 = CARTESIAN_POINT('',(5.0381,-0.2833,0.3));
#3833 = LINE('',#3834,#3835);
#3834 = CARTESIAN_POINT('',(5.0381,-0.2833,0.3));
#3835 = VECTOR('',#3836,1.);
#3836 = DIRECTION('',(0.,1.,0.));
#3837 = ORIENTED_EDGE('',*,*,#3838,.F.);
#3838 = EDGE_CURVE('',#3813,#3831,#3839,.T.);
#3839 = LINE('',#3840,#3841);
#3840 = CARTESIAN_POINT('',(3.3619,-0.2833,0.3));
#3841 = VECTOR('',#3842,1.);
#3842 = DIRECTION('',(1.,0.,0.));
#3843 = PLANE('',#3844);
#3844 = AXIS2_PLACEMENT_3D('',#3845,#3846,#3847);
#3845 = CARTESIAN_POINT('',(3.3619,-0.2833,0.3));
#3846 = DIRECTION('',(0.,0.,-1.));
#3847 = DIRECTION('',(1.,0.,0.));
#3848 = ADVANCED_FACE('',(#3849),#3883,.T.);
#3849 = FACE_BOUND('',#3850,.T.);
#3850 = EDGE_LOOP('',(#3851,#3861,#3869,#3877));
#3851 = ORIENTED_EDGE('',*,*,#3852,.T.);
#3852 = EDGE_CURVE('',#3853,#3855,#3857,.T.);
#3853 = VERTEX_POINT('',#3854);
#3854 = CARTESIAN_POINT('',(3.3619,-0.2833,10.));
#3855 = VERTEX_POINT('',#3856);
#3856 = CARTESIAN_POINT('',(5.0381,-0.2833,10.));
#3857 = LINE('',#3858,#3859);
#3858 = CARTESIAN_POINT('',(3.3619,-0.2833,10.));
#3859 = VECTOR('',#3860,1.);
#3860 = DIRECTION('',(1.,0.,0.));
#3861 = ORIENTED_EDGE('',*,*,#3862,.T.);
#3862 = EDGE_CURVE('',#3855,#3863,#3865,.T.);
#3863 = VERTEX_POINT('',#3864);
#3864 = CARTESIAN_POINT('',(5.0381,-0.1417,10.));
#3865 = LINE('',#3866,#3867);
#3866 = CARTESIAN_POINT('',(5.0381,-0.2833,10.));
#3867 = VECTOR('',#3868,1.);
#3868 = DIRECTION('',(0.,1.,0.));
#3869 = ORIENTED_EDGE('',*,*,#3870,.F.);
#3870 = EDGE_CURVE('',#3871,#3863,#3873,.T.);
#3871 = VERTEX_POINT('',#3872);
#3872 = CARTESIAN_POINT('',(3.3619,-0.1417,10.));
#3873 = LINE('',#3874,#3875);
#3874 = CARTESIAN_POINT('',(3.3619,-0.1417,10.));
#3875 = VECTOR('',#3876,1.);
#3876 = DIRECTION('',(1.,0.,0.));
#3877 = ORIENTED_EDGE('',*,*,#3878,.F.);
#3878 = EDGE_CURVE('',#3853,#3871,#3879,.T.);
#3879 = LINE('',#3880,#3881);
#3880 = CARTESIAN_POINT('',(3.3619,-0.2833,10.));
#3881 = VECTOR('',#3882,1.);
#3882 = DIRECTION('',(0.,1.,0.));
#3883 = PLANE('',#3884);
#3884 = AXIS2_PLACEMENT_3D('',#3885,#3886,#3887);
#3885 = CARTESIAN_POINT('',(3.3619,-0.2833,10.));
#3886 = DIRECTION('',(0.,0.,1.));
#3887 = DIRECTION('',(1.,0.,-0.));
#3888 = ADVANCED_FACE('',(#3889),#3905,.T.);
#3889 = FACE_BOUND('',#3890,.T.);
#3890 = EDGE_LOOP('',(#3891,#3892,#3898,#3899));
#3891 = ORIENTED_EDGE('',*,*,#3838,.T.);
#3892 = ORIENTED_EDGE('',*,*,#3893,.T.);
#3893 = EDGE_CURVE('',#3831,#3855,#3894,.T.);
#3894 = LINE('',#3895,#3896);
#3895 = CARTESIAN_POINT('',(5.0381,-0.2833,0.3));
#3896 = VECTOR('',#3897,1.);
#3897 = DIRECTION('',(0.,0.,1.));
#3898 = ORIENTED_EDGE('',*,*,#3852,.F.);
#3899 = ORIENTED_EDGE('',*,*,#3900,.F.);
#3900 = EDGE_CURVE('',#3813,#3853,#3901,.T.);
#3901 = LINE('',#3902,#3903);
#3902 = CARTESIAN_POINT('',(3.3619,-0.2833,0.3));
#3903 = VECTOR('',#3904,1.);
#3904 = DIRECTION('',(0.,0.,1.));
#3905 = PLANE('',#3906);
#3906 = AXIS2_PLACEMENT_3D('',#3907,#3908,#3909);
#3907 = CARTESIAN_POINT('',(3.3619,-0.2833,0.3));
#3908 = DIRECTION('',(0.,-1.,0.));
#3909 = DIRECTION('',(1.,0.,0.));
#3910 = ADVANCED_FACE('',(#3911),#3927,.T.);
#3911 = FACE_BOUND('',#3912,.T.);
#3912 = EDGE_LOOP('',(#3913,#3919,#3920,#3926));
#3913 = ORIENTED_EDGE('',*,*,#3914,.T.);
#3914 = EDGE_CURVE('',#3815,#3871,#3915,.T.);
#3915 = LINE('',#3916,#3917);
#3916 = CARTESIAN_POINT('',(3.3619,-0.1417,0.3));
#3917 = VECTOR('',#3918,1.);
#3918 = DIRECTION('',(0.,0.,1.));
#3919 = ORIENTED_EDGE('',*,*,#3870,.T.);
#3920 = ORIENTED_EDGE('',*,*,#3921,.F.);
#3921 = EDGE_CURVE('',#3823,#3863,#3922,.T.);
#3922 = LINE('',#3923,#3924);
#3923 = CARTESIAN_POINT('',(5.0381,-0.1417,0.3));
#3924 = VECTOR('',#3925,1.);
#3925 = DIRECTION('',(0.,0.,1.));
#3926 = ORIENTED_EDGE('',*,*,#3822,.F.);
#3927 = PLANE('',#3928);
#3928 = AXIS2_PLACEMENT_3D('',#3929,#3930,#3931);
#3929 = CARTESIAN_POINT('',(3.3619,-0.1417,0.3));
#3930 = DIRECTION('',(0.,1.,0.));
#3931 = DIRECTION('',(1.,0.,0.));
#3932 = ADVANCED_FACE('',(#3933),#3939,.T.);
#3933 = FACE_BOUND('',#3934,.T.);
#3934 = EDGE_LOOP('',(#3935,#3936,#3937,#3938));
#3935 = ORIENTED_EDGE('',*,*,#3900,.T.);
#3936 = ORIENTED_EDGE('',*,*,#3878,.T.);
#3937 = ORIENTED_EDGE('',*,*,#3914,.F.);
#3938 = ORIENTED_EDGE('',*,*,#3812,.F.);
#3939 = PLANE('',#3940);
#3940 = AXIS2_PLACEMENT_3D('',#3941,#3942,#3943);
#3941 = CARTESIAN_POINT('',(3.3619,-0.2833,0.3));
#3942 = DIRECTION('',(-1.,0.,0.));
#3943 = DIRECTION('',(0.,1.,0.));
#3944 = ADVANCED_FACE('',(#3945),#3951,.T.);
#3945 = FACE_BOUND('',#3946,.T.);
#3946 = EDGE_LOOP('',(#3947,#3948,#3949,#3950));
#3947 = ORIENTED_EDGE('',*,*,#3830,.T.);
#3948 = ORIENTED_EDGE('',*,*,#3921,.T.);
#3949 = ORIENTED_EDGE('',*,*,#3862,.F.);
#3950 = ORIENTED_EDGE('',*,*,#3893,.F.);
#3951 = PLANE('',#3952);
#3952 = AXIS2_PLACEMENT_3D('',#3953,#3954,#3955);
#3953 = CARTESIAN_POINT('',(5.0381,-0.2833,0.3));
#3954 = DIRECTION('',(1.,0.,0.));
#3955 = DIRECTION('',(-0.,1.,0.));
#3956 = MANIFOLD_SOLID_BREP('',#3957);
#3957 = CLOSED_SHELL('',(#3958,#3998,#4038,#4060,#4082,#4094));
#3958 = ADVANCED_FACE('',(#3959),#3993,.T.);
#3959 = FACE_BOUND('',#3960,.T.);
#3960 = EDGE_LOOP('',(#3961,#3971,#3979,#3987));
#3961 = ORIENTED_EDGE('',*,*,#3962,.T.);
#3962 = EDGE_CURVE('',#3963,#3965,#3967,.T.);
#3963 = VERTEX_POINT('',#3964);
#3964 = CARTESIAN_POINT('',(3.3986,-0.425,0.3));
#3965 = VERTEX_POINT('',#3966);
#3966 = CARTESIAN_POINT('',(3.3986,-0.2833,0.3));
#3967 = LINE('',#3968,#3969);
#3968 = CARTESIAN_POINT('',(3.3986,-0.425,0.3));
#3969 = VECTOR('',#3970,1.);
#3970 = DIRECTION('',(0.,1.,0.));
#3971 = ORIENTED_EDGE('',*,*,#3972,.T.);
#3972 = EDGE_CURVE('',#3965,#3973,#3975,.T.);
#3973 = VERTEX_POINT('',#3974);
#3974 = CARTESIAN_POINT('',(5.0014,-0.2833,0.3));
#3975 = LINE('',#3976,#3977);
#3976 = CARTESIAN_POINT('',(3.3986,-0.2833,0.3));
#3977 = VECTOR('',#3978,1.);
#3978 = DIRECTION('',(1.,0.,0.));
#3979 = ORIENTED_EDGE('',*,*,#3980,.F.);
#3980 = EDGE_CURVE('',#3981,#3973,#3983,.T.);
#3981 = VERTEX_POINT('',#3982);
#3982 = CARTESIAN_POINT('',(5.0014,-0.425,0.3));
#3983 = LINE('',#3984,#3985);
#3984 = CARTESIAN_POINT('',(5.0014,-0.425,0.3));
#3985 = VECTOR('',#3986,1.);
#3986 = DIRECTION('',(0.,1.,0.));
#3987 = ORIENTED_EDGE('',*,*,#3988,.F.);
#3988 = EDGE_CURVE('',#3963,#3981,#3989,.T.);
#3989 = LINE('',#3990,#3991);
#3990 = CARTESIAN_POINT('',(3.3986,-0.425,0.3));
#3991 = VECTOR('',#3992,1.);
#3992 = DIRECTION('',(1.,0.,0.));
#3993 = PLANE('',#3994);
#3994 = AXIS2_PLACEMENT_3D('',#3995,#3996,#3997);
#3995 = CARTESIAN_POINT('',(3.3986,-0.425,0.3));
#3996 = DIRECTION('',(0.,0.,-1.));
#3997 = DIRECTION('',(1.,0.,0.));
#3998 = ADVANCED_FACE('',(#3999),#4033,.T.);
#3999 = FACE_BOUND('',#4000,.T.);
#4000 = EDGE_LOOP('',(#4001,#4011,#4019,#4027));
#4001 = ORIENTED_EDGE('',*,*,#4002,.T.);
#4002 = EDGE_CURVE('',#4003,#4005,#4007,.T.);
#4003 = VERTEX_POINT('',#4004);
#4004 = CARTESIAN_POINT('',(3.3986,-0.425,10.));
#4005 = VERTEX_POINT('',#4006);
#4006 = CARTESIAN_POINT('',(5.0014,-0.425,10.));
#4007 = LINE('',#4008,#4009);
#4008 = CARTESIAN_POINT('',(3.3986,-0.425,10.));
#4009 = VECTOR('',#4010,1.);
#4010 = DIRECTION('',(1.,0.,0.));
#4011 = ORIENTED_EDGE('',*,*,#4012,.T.);
#4012 = EDGE_CURVE('',#4005,#4013,#4015,.T.);
#4013 = VERTEX_POINT('',#4014);
#4014 = CARTESIAN_POINT('',(5.0014,-0.2833,10.));
#4015 = LINE('',#4016,#4017);
#4016 = CARTESIAN_POINT('',(5.0014,-0.425,10.));
#4017 = VECTOR('',#4018,1.);
#4018 = DIRECTION('',(0.,1.,0.));
#4019 = ORIENTED_EDGE('',*,*,#4020,.F.);
#4020 = EDGE_CURVE('',#4021,#4013,#4023,.T.);
#4021 = VERTEX_POINT('',#4022);
#4022 = CARTESIAN_POINT('',(3.3986,-0.2833,10.));
#4023 = LINE('',#4024,#4025);
#4024 = CARTESIAN_POINT('',(3.3986,-0.2833,10.));
#4025 = VECTOR('',#4026,1.);
#4026 = DIRECTION('',(1.,0.,0.));
#4027 = ORIENTED_EDGE('',*,*,#4028,.F.);
#4028 = EDGE_CURVE('',#4003,#4021,#4029,.T.);
#4029 = LINE('',#4030,#4031);
#4030 = CARTESIAN_POINT('',(3.3986,-0.425,10.));
#4031 = VECTOR('',#4032,1.);
#4032 = DIRECTION('',(0.,1.,0.));
#4033 = PLANE('',#4034);
#4034 = AXIS2_PLACEMENT_3D('',#4035,#4036,#4037);
#4035 = CARTESIAN_POINT('',(3.3986,-0.425,10.));
#4036 = DIRECTION('',(0.,0.,1.));
#4037 = DIRECTION('',(1.,0.,-0.));
#4038 = ADVANCED_FACE('',(#4039),#4055,.T.);
#4039 = FACE_BOUND('',#4040,.T.);
#4040 = EDGE_LOOP('',(#4041,#4042,#4048,#4049));
#4041 = ORIENTED_EDGE('',*,*,#3988,.T.);
#4042 = ORIENTED_EDGE('',*,*,#4043,.T.);
#4043 = EDGE_CURVE('',#3981,#4005,#4044,.T.);
#4044 = LINE('',#4045,#4046);
#4045 = CARTESIAN_POINT('',(5.0014,-0.425,0.3));
#4046 = VECTOR('',#4047,1.);
#4047 = DIRECTION('',(0.,0.,1.));
#4048 = ORIENTED_EDGE('',*,*,#4002,.F.);
#4049 = ORIENTED_EDGE('',*,*,#4050,.F.);
#4050 = EDGE_CURVE('',#3963,#4003,#4051,.T.);
#4051 = LINE('',#4052,#4053);
#4052 = CARTESIAN_POINT('',(3.3986,-0.425,0.3));
#4053 = VECTOR('',#4054,1.);
#4054 = DIRECTION('',(0.,0.,1.));
#4055 = PLANE('',#4056);
#4056 = AXIS2_PLACEMENT_3D('',#4057,#4058,#4059);
#4057 = CARTESIAN_POINT('',(3.3986,-0.425,0.3));
#4058 = DIRECTION('',(0.,-1.,0.));
#4059 = DIRECTION('',(1.,0.,0.));
#4060 = ADVANCED_FACE('',(#4061),#4077,.T.);
#4061 = FACE_BOUND('',#4062,.T.);
#4062 = EDGE_LOOP('',(#4063,#4069,#4070,#4076));
#4063 = ORIENTED_EDGE('',*,*,#4064,.T.);
#4064 = EDGE_CURVE('',#3965,#4021,#4065,.T.);
#4065 = LINE('',#4066,#4067);
#4066 = CARTESIAN_POINT('',(3.3986,-0.2833,0.3));
#4067 = VECTOR('',#4068,1.);
#4068 = DIRECTION('',(0.,0.,1.));
#4069 = ORIENTED_EDGE('',*,*,#4020,.T.);
#4070 = ORIENTED_EDGE('',*,*,#4071,.F.);
#4071 = EDGE_CURVE('',#3973,#4013,#4072,.T.);
#4072 = LINE('',#4073,#4074);
#4073 = CARTESIAN_POINT('',(5.0014,-0.2833,0.3));
#4074 = VECTOR('',#4075,1.);
#4075 = DIRECTION('',(0.,0.,1.));
#4076 = ORIENTED_EDGE('',*,*,#3972,.F.);
#4077 = PLANE('',#4078);
#4078 = AXIS2_PLACEMENT_3D('',#4079,#4080,#4081);
#4079 = CARTESIAN_POINT('',(3.3986,-0.2833,0.3));
#4080 = DIRECTION('',(0.,1.,0.));
#4081 = DIRECTION('',(1.,0.,0.));
#4082 = ADVANCED_FACE('',(#4083),#4089,.T.);
#4083 = FACE_BOUND('',#4084,.T.);
#4084 = EDGE_LOOP('',(#4085,#4086,#4087,#4088));
#4085 = ORIENTED_EDGE('',*,*,#4050,.T.);
#4086 = ORIENTED_EDGE('',*,*,#4028,.T.);
#4087 = ORIENTED_EDGE('',*,*,#4064,.F.);
#4088 = ORIENTED_EDGE('',*,*,#3962,.F.);
#4089 = PLANE('',#4090);
#4090 = AXIS2_PLACEMENT_3D('',#4091,#4092,#4093);
#4091 = CARTESIAN_POINT('',(3.3986,-0.425,0.3));
#4092 = DIRECTION('',(-1.,0.,0.));
#4093 = DIRECTION('',(0.,1.,0.));
#4094 = ADVANCED_FACE('',(#4095),#4101,.T.);
#4095 = FACE_BOUND('',#4096,.T.);
#4096 = EDGE_LOOP('',(#4097,#4098,#4099,#4100));
#4097 = ORIENTED_EDGE('',*,*,#3980,.T.);
#4098 = ORIENTED_EDGE('',*,*,#4071,.T.);
#4099 = ORIENTED_EDGE('',*,*,#4012,.F.);
#4100 = ORIENTED_EDGE('',*,*,#4043,.F.);
#4101 = PLANE('',#4102);
#4102 = AXIS2_PLACEMENT_3D('',#4103,#4104,#4105);
#4103 = CARTESIAN_POINT('',(5.0014,-0.425,0.3));
#4104 = DIRECTION('',(1.,0.,0.));
#4105 = DIRECTION('',(-0.,1.,0.));
#4106 = MANIFOLD_SOLID_BREP('',#4107);
#4107 = CLOSED_SHELL('',(#4108,#4148,#4188,#4210,#4232,#4244));
#4108 = ADVANCED_FACE('',(#4109),#4143,.T.);
#4109 = FACE_BOUND('',#4110,.T.);
#4110 = EDGE_LOOP('',(#4111,#4121,#4129,#4137));
#4111 = ORIENTED_EDGE('',*,*,#4112,.T.);
#4112 = EDGE_CURVE('',#4113,#4115,#4117,.T.);
#4113 = VERTEX_POINT('',#4114);
#4114 = CARTESIAN_POINT('',(3.4639,-0.5667,0.3));
#4115 = VERTEX_POINT('',#4116);
#4116 = CARTESIAN_POINT('',(3.4639,-0.425,0.3));
#4117 = LINE('',#4118,#4119);
#4118 = CARTESIAN_POINT('',(3.4639,-0.5667,0.3));
#4119 = VECTOR('',#4120,1.);
#4120 = DIRECTION('',(0.,1.,0.));
#4121 = ORIENTED_EDGE('',*,*,#4122,.T.);
#4122 = EDGE_CURVE('',#4115,#4123,#4125,.T.);
#4123 = VERTEX_POINT('',#4124);
#4124 = CARTESIAN_POINT('',(4.9361,-0.425,0.3));
#4125 = LINE('',#4126,#4127);
#4126 = CARTESIAN_POINT('',(3.4639,-0.425,0.3));
#4127 = VECTOR('',#4128,1.);
#4128 = DIRECTION('',(1.,0.,0.));
#4129 = ORIENTED_EDGE('',*,*,#4130,.F.);
#4130 = EDGE_CURVE('',#4131,#4123,#4133,.T.);
#4131 = VERTEX_POINT('',#4132);
#4132 = CARTESIAN_POINT('',(4.9361,-0.5667,0.3));
#4133 = LINE('',#4134,#4135);
#4134 = CARTESIAN_POINT('',(4.9361,-0.5667,0.3));
#4135 = VECTOR('',#4136,1.);
#4136 = DIRECTION('',(0.,1.,0.));
#4137 = ORIENTED_EDGE('',*,*,#4138,.F.);
#4138 = EDGE_CURVE('',#4113,#4131,#4139,.T.);
#4139 = LINE('',#4140,#4141);
#4140 = CARTESIAN_POINT('',(3.4639,-0.5667,0.3));
#4141 = VECTOR('',#4142,1.);
#4142 = DIRECTION('',(1.,0.,0.));
#4143 = PLANE('',#4144);
#4144 = AXIS2_PLACEMENT_3D('',#4145,#4146,#4147);
#4145 = CARTESIAN_POINT('',(3.4639,-0.5667,0.3));
#4146 = DIRECTION('',(0.,0.,-1.));
#4147 = DIRECTION('',(1.,0.,0.));
#4148 = ADVANCED_FACE('',(#4149),#4183,.T.);
#4149 = FACE_BOUND('',#4150,.T.);
#4150 = EDGE_LOOP('',(#4151,#4161,#4169,#4177));
#4151 = ORIENTED_EDGE('',*,*,#4152,.T.);
#4152 = EDGE_CURVE('',#4153,#4155,#4157,.T.);
#4153 = VERTEX_POINT('',#4154);
#4154 = CARTESIAN_POINT('',(3.4639,-0.5667,10.));
#4155 = VERTEX_POINT('',#4156);
#4156 = CARTESIAN_POINT('',(4.9361,-0.5667,10.));
#4157 = LINE('',#4158,#4159);
#4158 = CARTESIAN_POINT('',(3.4639,-0.5667,10.));
#4159 = VECTOR('',#4160,1.);
#4160 = DIRECTION('',(1.,0.,0.));
#4161 = ORIENTED_EDGE('',*,*,#4162,.T.);
#4162 = EDGE_CURVE('',#4155,#4163,#4165,.T.);
#4163 = VERTEX_POINT('',#4164);
#4164 = CARTESIAN_POINT('',(4.9361,-0.425,10.));
#4165 = LINE('',#4166,#4167);
#4166 = CARTESIAN_POINT('',(4.9361,-0.5667,10.));
#4167 = VECTOR('',#4168,1.);
#4168 = DIRECTION('',(0.,1.,0.));
#4169 = ORIENTED_EDGE('',*,*,#4170,.F.);
#4170 = EDGE_CURVE('',#4171,#4163,#4173,.T.);
#4171 = VERTEX_POINT('',#4172);
#4172 = CARTESIAN_POINT('',(3.4639,-0.425,10.));
#4173 = LINE('',#4174,#4175);
#4174 = CARTESIAN_POINT('',(3.4639,-0.425,10.));
#4175 = VECTOR('',#4176,1.);
#4176 = DIRECTION('',(1.,0.,0.));
#4177 = ORIENTED_EDGE('',*,*,#4178,.F.);
#4178 = EDGE_CURVE('',#4153,#4171,#4179,.T.);
#4179 = LINE('',#4180,#4181);
#4180 = CARTESIAN_POINT('',(3.4639,-0.5667,10.));
#4181 = VECTOR('',#4182,1.);
#4182 = DIRECTION('',(0.,1.,0.));
#4183 = PLANE('',#4184);
#4184 = AXIS2_PLACEMENT_3D('',#4185,#4186,#4187);
#4185 = CARTESIAN_POINT('',(3.4639,-0.5667,10.));
#4186 = DIRECTION('',(0.,0.,1.));
#4187 = DIRECTION('',(1.,0.,-0.));
#4188 = ADVANCED_FACE('',(#4189),#4205,.T.);
#4189 = FACE_BOUND('',#4190,.T.);
#4190 = EDGE_LOOP('',(#4191,#4192,#4198,#4199));
#4191 = ORIENTED_EDGE('',*,*,#4138,.T.);
#4192 = ORIENTED_EDGE('',*,*,#4193,.T.);
#4193 = EDGE_CURVE('',#4131,#4155,#4194,.T.);
#4194 = LINE('',#4195,#4196);
#4195 = CARTESIAN_POINT('',(4.9361,-0.5667,0.3));
#4196 = VECTOR('',#4197,1.);
#4197 = DIRECTION('',(0.,0.,1.));
#4198 = ORIENTED_EDGE('',*,*,#4152,.F.);
#4199 = ORIENTED_EDGE('',*,*,#4200,.F.);
#4200 = EDGE_CURVE('',#4113,#4153,#4201,.T.);
#4201 = LINE('',#4202,#4203);
#4202 = CARTESIAN_POINT('',(3.4639,-0.5667,0.3));
#4203 = VECTOR('',#4204,1.);
#4204 = DIRECTION('',(0.,0.,1.));
#4205 = PLANE('',#4206);
#4206 = AXIS2_PLACEMENT_3D('',#4207,#4208,#4209);
#4207 = CARTESIAN_POINT('',(3.4639,-0.5667,0.3));
#4208 = DIRECTION('',(0.,-1.,0.));
#4209 = DIRECTION('',(1.,0.,0.));
#4210 = ADVANCED_FACE('',(#4211),#4227,.T.);
#4211 = FACE_BOUND('',#4212,.T.);
#4212 = EDGE_LOOP('',(#4213,#4219,#4220,#4226));
#4213 = ORIENTED_EDGE('',*,*,#4214,.T.);
#4214 = EDGE_CURVE('',#4115,#4171,#4215,.T.);
#4215 = LINE('',#4216,#4217);
#4216 = CARTESIAN_POINT('',(3.4639,-0.425,0.3));
#4217 = VECTOR('',#4218,1.);
#4218 = DIRECTION('',(0.,0.,1.));
#4219 = ORIENTED_EDGE('',*,*,#4170,.T.);
#4220 = ORIENTED_EDGE('',*,*,#4221,.F.);
#4221 = EDGE_CURVE('',#4123,#4163,#4222,.T.);
#4222 = LINE('',#4223,#4224);
#4223 = CARTESIAN_POINT('',(4.9361,-0.425,0.3));
#4224 = VECTOR('',#4225,1.);
#4225 = DIRECTION('',(0.,0.,1.));
#4226 = ORIENTED_EDGE('',*,*,#4122,.F.);
#4227 = PLANE('',#4228);
#4228 = AXIS2_PLACEMENT_3D('',#4229,#4230,#4231);
#4229 = CARTESIAN_POINT('',(3.4639,-0.425,0.3));
#4230 = DIRECTION('',(0.,1.,0.));
#4231 = DIRECTION('',(1.,0.,0.));
#4232 = ADVANCED_FACE('',(#4233),#4239,.T.);
#4233 = FACE_BOUND('',#4234,.T.);
#4234 = EDGE_LOOP('',(#4235,#4236,#4237,#4238));
#4235 = ORIENTED_EDGE('',*,*,#4200,.T.);
#4236 = ORIENTED_EDGE('',*,*,#4178,.T.);
#4237 = ORIENTED_EDGE('',*,*,#4214,.F.);
#4238 = ORIENTED_EDGE('',*,*,#4112,.F.);
#4239 = PLANE('',#4240);
#4240 = AXIS2_PLACEMENT_3D('',#4241,#4242,#4243);
#4241 = CARTESIAN_POINT('',(3.4639,-0.5667,0.3));
#4242 = DIRECTION('',(-1.,0.,0.));
#4243 = DIRECTION('',(0.,1.,0.));
#4244 = ADVANCED_FACE('',(#4245),#4251,.T.);
#4245 = FACE_BOUND('',#4246,.T.);
#4246 = EDGE_LOOP('',(#4247,#4248,#4249,#4250));
#4247 = ORIENTED_EDGE('',*,*,#4130,.T.);
#4248 = ORIENTED_EDGE('',*,*,#4221,.T.);
#4249 = ORIENTED_EDGE('',*,*,#4162,.F.);
#4250 = ORIENTED_EDGE('',*,*,#4193,.F.);
#4251 = PLANE('',#4252);
#4252 = AXIS2_PLACEMENT_3D('',#4253,#4254,#4255);
#4253 = CARTESIAN_POINT('',(4.9361,-0.5667,0.3));
#4254 = DIRECTION('',(1.,0.,0.));
#4255 = DIRECTION('',(-0.,1.,0.));
#4256 = MANIFOLD_SOLID_BREP('',#4257);
#4257 = CLOSED_SHELL('',(#4258,#4298,#4338,#4360,#4382,#4394));
#4258 = ADVANCED_FACE('',(#4259),#4293,.T.);
#4259 = FACE_BOUND('',#4260,.T.);
#4260 = EDGE_LOOP('',(#4261,#4271,#4279,#4287));
#4261 = ORIENTED_EDGE('',*,*,#4262,.T.);
#4262 = EDGE_CURVE('',#4263,#4265,#4267,.T.);
#4263 = VERTEX_POINT('',#4264);
#4264 = CARTESIAN_POINT('',(3.5664,-0.7083,0.3));
#4265 = VERTEX_POINT('',#4266);
#4266 = CARTESIAN_POINT('',(3.5664,-0.5667,0.3));
#4267 = LINE('',#4268,#4269);
#4268 = CARTESIAN_POINT('',(3.5664,-0.7083,0.3));
#4269 = VECTOR('',#4270,1.);
#4270 = DIRECTION('',(0.,1.,0.));
#4271 = ORIENTED_EDGE('',*,*,#4272,.T.);
#4272 = EDGE_CURVE('',#4265,#4273,#4275,.T.);
#4273 = VERTEX_POINT('',#4274);
#4274 = CARTESIAN_POINT('',(4.8336,-0.5667,0.3));
#4275 = LINE('',#4276,#4277);
#4276 = CARTESIAN_POINT('',(3.5664,-0.5667,0.3));
#4277 = VECTOR('',#4278,1.);
#4278 = DIRECTION('',(1.,0.,0.));
#4279 = ORIENTED_EDGE('',*,*,#4280,.F.);
#4280 = EDGE_CURVE('',#4281,#4273,#4283,.T.);
#4281 = VERTEX_POINT('',#4282);
#4282 = CARTESIAN_POINT('',(4.8336,-0.7083,0.3));
#4283 = LINE('',#4284,#4285);
#4284 = CARTESIAN_POINT('',(4.8336,-0.7083,0.3));
#4285 = VECTOR('',#4286,1.);
#4286 = DIRECTION('',(0.,1.,0.));
#4287 = ORIENTED_EDGE('',*,*,#4288,.F.);
#4288 = EDGE_CURVE('',#4263,#4281,#4289,.T.);
#4289 = LINE('',#4290,#4291);
#4290 = CARTESIAN_POINT('',(3.5664,-0.7083,0.3));
#4291 = VECTOR('',#4292,1.);
#4292 = DIRECTION('',(1.,0.,0.));
#4293 = PLANE('',#4294);
#4294 = AXIS2_PLACEMENT_3D('',#4295,#4296,#4297);
#4295 = CARTESIAN_POINT('',(3.5664,-0.7083,0.3));
#4296 = DIRECTION('',(0.,0.,-1.));
#4297 = DIRECTION('',(1.,0.,0.));
#4298 = ADVANCED_FACE('',(#4299),#4333,.T.);
#4299 = FACE_BOUND('',#4300,.T.);
#4300 = EDGE_LOOP('',(#4301,#4311,#4319,#4327));
#4301 = ORIENTED_EDGE('',*,*,#4302,.T.);
#4302 = EDGE_CURVE('',#4303,#4305,#4307,.T.);
#4303 = VERTEX_POINT('',#4304);
#4304 = CARTESIAN_POINT('',(3.5664,-0.7083,10.));
#4305 = VERTEX_POINT('',#4306);
#4306 = CARTESIAN_POINT('',(4.8336,-0.7083,10.));
#4307 = LINE('',#4308,#4309);
#4308 = CARTESIAN_POINT('',(3.5664,-0.7083,10.));
#4309 = VECTOR('',#4310,1.);
#4310 = DIRECTION('',(1.,0.,0.));
#4311 = ORIENTED_EDGE('',*,*,#4312,.T.);
#4312 = EDGE_CURVE('',#4305,#4313,#4315,.T.);
#4313 = VERTEX_POINT('',#4314);
#4314 = CARTESIAN_POINT('',(4.8336,-0.5667,10.));
#4315 = LINE('',#4316,#4317);
#4316 = CARTESIAN_POINT('',(4.8336,-0.7083,10.));
#4317 = VECTOR('',#4318,1.);
#4318 = DIRECTION('',(0.,1.,0.));
#4319 = ORIENTED_EDGE('',*,*,#4320,.F.);
#4320 = EDGE_CURVE('',#4321,#4313,#4323,.T.);
#4321 = VERTEX_POINT('',#4322);
#4322 = CARTESIAN_POINT('',(3.5664,-0.5667,10.));
#4323 = LINE('',#4324,#4325);
#4324 = CARTESIAN_POINT('',(3.5664,-0.5667,10.));
#4325 = VECTOR('',#4326,1.);
#4326 = DIRECTION('',(1.,0.,0.));
#4327 = ORIENTED_EDGE('',*,*,#4328,.F.);
#4328 = EDGE_CURVE('',#4303,#4321,#4329,.T.);
#4329 = LINE('',#4330,#4331);
#4330 = CARTESIAN_POINT('',(3.5664,-0.7083,10.));
#4331 = VECTOR('',#4332,1.);
#4332 = DIRECTION('',(0.,1.,0.));
#4333 = PLANE('',#4334);
#4334 = AXIS2_PLACEMENT_3D('',#4335,#4336,#4337);
#4335 = CARTESIAN_POINT('',(3.5664,-0.7083,10.));
#4336 = DIRECTION('',(0.,0.,1.));
#4337 = DIRECTION('',(1.,0.,-0.));
#4338 = ADVANCED_FACE('',(#4339),#4355,.T.);
#4339 = FACE_BOUND('',#4340,.T.);
#4340 = EDGE_LOOP('',(#4341,#4342,#4348,#4349));
#4341 = ORIENTED_EDGE('',*,*,#4288,.T.);
#4342 = ORIENTED_EDGE('',*,*,#4343,.T.);
#4343 = EDGE_CURVE('',#4281,#4305,#4344,.T.);
#4344 = LINE('',#4345,#4346);
#4345 = CARTESIAN_POINT('',(4.8336,-0.7083,0.3));
#4346 = VECTOR('',#4347,1.);
#4347 = DIRECTION('',(0.,0.,1.));
#4348 = ORIENTED_EDGE('',*,*,#4302,.F.);
#4349 = ORIENTED_EDGE('',*,*,#4350,.F.);
#4350 = EDGE_CURVE('',#4263,#4303,#4351,.T.);
#4351 = LINE('',#4352,#4353);
#4352 = CARTESIAN_POINT('',(3.5664,-0.7083,0.3));
#4353 = VECTOR('',#4354,1.);
#4354 = DIRECTION('',(0.,0.,1.));
#4355 = PLANE('',#4356);
#4356 = AXIS2_PLACEMENT_3D('',#4357,#4358,#4359);
#4357 = CARTESIAN_POINT('',(3.5664,-0.7083,0.3));
#4358 = DIRECTION('',(0.,-1.,0.));
#4359 = DIRECTION('',(1.,0.,0.));
#4360 = ADVANCED_FACE('',(#4361),#4377,.T.);
#4361 = FACE_BOUND('',#4362,.T.);
#4362 = EDGE_LOOP('',(#4363,#4369,#4370,#4376));
#4363 = ORIENTED_EDGE('',*,*,#4364,.T.);
#4364 = EDGE_CURVE('',#4265,#4321,#4365,.T.);
#4365 = LINE('',#4366,#4367);
#4366 = CARTESIAN_POINT('',(3.5664,-0.5667,0.3));
#4367 = VECTOR('',#4368,1.);
#4368 = DIRECTION('',(0.,0.,1.));
#4369 = ORIENTED_EDGE('',*,*,#4320,.T.);
#4370 = ORIENTED_EDGE('',*,*,#4371,.F.);
#4371 = EDGE_CURVE('',#4273,#4313,#4372,.T.);
#4372 = LINE('',#4373,#4374);
#4373 = CARTESIAN_POINT('',(4.8336,-0.5667,0.3));
#4374 = VECTOR('',#4375,1.);
#4375 = DIRECTION('',(0.,0.,1.));
#4376 = ORIENTED_EDGE('',*,*,#4272,.F.);
#4377 = PLANE('',#4378);
#4378 = AXIS2_PLACEMENT_3D('',#4379,#4380,#4381);
#4379 = CARTESIAN_POINT('',(3.5664,-0.5667,0.3));
#4380 = DIRECTION('',(0.,1.,0.));
#4381 = DIRECTION('',(1.,0.,0.));
#4382 = ADVANCED_FACE('',(#4383),#4389,.T.);
#4383 = FACE_BOUND('',#4384,.T.);
#4384 = EDGE_LOOP('',(#4385,#4386,#4387,#4388));
#4385 = ORIENTED_EDGE('',*,*,#4350,.T.);
#4386 = ORIENTED_EDGE('',*,*,#4328,.T.);
#4387 = ORIENTED_EDGE('',*,*,#4364,.F.);
#4388 = ORIENTED_EDGE('',*,*,#4262,.F.);
#4389 = PLANE('',#4390);
#4390 = AXIS2_PLACEMENT_3D('',#4391,#4392,#4393);
#4391 = CARTESIAN_POINT('',(3.5664,-0.7083,0.3));
#4392 = DIRECTION('',(-1.,0.,0.));
#4393 = DIRECTION('',(0.,1.,0.));
#4394 = ADVANCED_FACE('',(#4395),#4401,.T.);
#4395 = FACE_BOUND('',#4396,.T.);
#4396 = EDGE_LOOP('',(#4397,#4398,#4399,#4400));
#4397 = ORIENTED_EDGE('',*,*,#4280,.T.);
#4398 = ORIENTED_EDGE('',*,*,#4371,.T.);
#4399 = ORIENTED_EDGE('',*,*,#4312,.F.);
#4400 = ORIENTED_EDGE('',*,*,#4343,.F.);
#4401 = PLANE('',#4402);
#4402 = AXIS2_PLACEMENT_3D('',#4403,#4404,#4405);
#4403 = CARTESIAN_POINT('',(4.8336,-0.7083,0.3));
#4404 = DIRECTION('',(1.,0.,0.));
#4405 = DIRECTION('',(-0.,1.,0.));
#4406 = MANIFOLD_SOLID_BREP('',#4407);
#4407 = CLOSED_SHELL('',(#4408,#4448,#4488,#4510,#4532,#4544));
#4408 = ADVANCED_FACE('',(#4409),#4443,.T.);
#4409 = FACE_BOUND('',#4410,.T.);
#4410 = EDGE_LOOP('',(#4411,#4421,#4429,#4437));
#4411 = ORIENTED_EDGE('',*,*,#4412,.T.);
#4412 = EDGE_CURVE('',#4413,#4415,#4417,.T.);
#4413 = VERTEX_POINT('',#4414);
#4414 = CARTESIAN_POINT('',(3.7301,-0.85,0.3));
#4415 = VERTEX_POINT('',#4416);
#4416 = CARTESIAN_POINT('',(3.7301,-0.7083,0.3));
#4417 = LINE('',#4418,#4419);
#4418 = CARTESIAN_POINT('',(3.7301,-0.85,0.3));
#4419 = VECTOR('',#4420,1.);
#4420 = DIRECTION('',(0.,1.,0.));
#4421 = ORIENTED_EDGE('',*,*,#4422,.T.);
#4422 = EDGE_CURVE('',#4415,#4423,#4425,.T.);
#4423 = VERTEX_POINT('',#4424);
#4424 = CARTESIAN_POINT('',(4.6699,-0.7083,0.3));
#4425 = LINE('',#4426,#4427);
#4426 = CARTESIAN_POINT('',(3.7301,-0.7083,0.3));
#4427 = VECTOR('',#4428,1.);
#4428 = DIRECTION('',(1.,0.,0.));
#4429 = ORIENTED_EDGE('',*,*,#4430,.F.);
#4430 = EDGE_CURVE('',#4431,#4423,#4433,.T.);
#4431 = VERTEX_POINT('',#4432);
#4432 = CARTESIAN_POINT('',(4.6699,-0.85,0.3));
#4433 = LINE('',#4434,#4435);
#4434 = CARTESIAN_POINT('',(4.6699,-0.85,0.3));
#4435 = VECTOR('',#4436,1.);
#4436 = DIRECTION('',(0.,1.,0.));
#4437 = ORIENTED_EDGE('',*,*,#4438,.F.);
#4438 = EDGE_CURVE('',#4413,#4431,#4439,.T.);
#4439 = LINE('',#4440,#4441);
#4440 = CARTESIAN_POINT('',(3.7301,-0.85,0.3));
#4441 = VECTOR('',#4442,1.);
#4442 = DIRECTION('',(1.,0.,0.));
#4443 = PLANE('',#4444);
#4444 = AXIS2_PLACEMENT_3D('',#4445,#4446,#4447);
#4445 = CARTESIAN_POINT('',(3.7301,-0.85,0.3));
#4446 = DIRECTION('',(0.,0.,-1.));
#4447 = DIRECTION('',(1.,0.,0.));
#4448 = ADVANCED_FACE('',(#4449),#4483,.T.);
#4449 = FACE_BOUND('',#4450,.T.);
#4450 = EDGE_LOOP('',(#4451,#4461,#4469,#4477));
#4451 = ORIENTED_EDGE('',*,*,#4452,.T.);
#4452 = EDGE_CURVE('',#4453,#4455,#4457,.T.);
#4453 = VERTEX_POINT('',#4454);
#4454 = CARTESIAN_POINT('',(3.7301,-0.85,10.));
#4455 = VERTEX_POINT('',#4456);
#4456 = CARTESIAN_POINT('',(4.6699,-0.85,10.));
#4457 = LINE('',#4458,#4459);
#4458 = CARTESIAN_POINT('',(3.7301,-0.85,10.));
#4459 = VECTOR('',#4460,1.);
#4460 = DIRECTION('',(1.,0.,0.));
#4461 = ORIENTED_EDGE('',*,*,#4462,.T.);
#4462 = EDGE_CURVE('',#4455,#4463,#4465,.T.);
#4463 = VERTEX_POINT('',#4464);
#4464 = CARTESIAN_POINT('',(4.6699,-0.7083,10.));
#4465 = LINE('',#4466,#4467);
#4466 = CARTESIAN_POINT('',(4.6699,-0.85,10.));
#4467 = VECTOR('',#4468,1.);
#4468 = DIRECTION('',(0.,1.,0.));
#4469 = ORIENTED_EDGE('',*,*,#4470,.F.);
#4470 = EDGE_CURVE('',#4471,#4463,#4473,.T.);
#4471 = VERTEX_POINT('',#4472);
#4472 = CARTESIAN_POINT('',(3.7301,-0.7083,10.));
#4473 = LINE('',#4474,#4475);
#4474 = CARTESIAN_POINT('',(3.7301,-0.7083,10.));
#4475 = VECTOR('',#4476,1.);
#4476 = DIRECTION('',(1.,0.,0.));
#4477 = ORIENTED_EDGE('',*,*,#4478,.F.);
#4478 = EDGE_CURVE('',#4453,#4471,#4479,.T.);
#4479 = LINE('',#4480,#4481);
#4480 = CARTESIAN_POINT('',(3.7301,-0.85,10.));
#4481 = VECTOR('',#4482,1.);
#4482 = DIRECTION('',(0.,1.,0.));
#4483 = PLANE('',#4484);
#4484 = AXIS2_PLACEMENT_3D('',#4485,#4486,#4487);
#4485 = CARTESIAN_POINT('',(3.7301,-0.85,10.));
#4486 = DIRECTION('',(0.,0.,1.));
#4487 = DIRECTION('',(1.,0.,-0.));
#4488 = ADVANCED_FACE('',(#4489),#4505,.T.);
#4489 = FACE_BOUND('',#4490,.T.);
#4490 = EDGE_LOOP('',(#4491,#4492,#4498,#4499));
#4491 = ORIENTED_EDGE('',*,*,#4438,.T.);
#4492 = ORIENTED_EDGE('',*,*,#4493,.T.);
#4493 = EDGE_CURVE('',#4431,#4455,#4494,.T.);
#4494 = LINE('',#4495,#4496);
#4495 = CARTESIAN_POINT('',(4.6699,-0.85,0.3));
#4496 = VECTOR('',#4497,1.);
#4497 = DIRECTION('',(0.,0.,1.));
#4498 = ORIENTED_EDGE('',*,*,#4452,.F.);
#4499 = ORIENTED_EDGE('',*,*,#4500,.F.);
#4500 = EDGE_CURVE('',#4413,#4453,#4501,.T.);
#4501 = LINE('',#4502,#4503);
#4502 = CARTESIAN_POINT('',(3.7301,-0.85,0.3));
#4503 = VECTOR('',#4504,1.);
#4504 = DIRECTION('',(0.,0.,1.));
#4505 = PLANE('',#4506);
#4506 = AXIS2_PLACEMENT_3D('',#4507,#4508,#4509);
#4507 = CARTESIAN_POINT('',(3.7301,-0.85,0.3));
#4508 = DIRECTION('',(0.,-1.,0.));
#4509 = DIRECTION('',(1.,0.,0.));
#4510 = ADVANCED_FACE('',(#4511),#4527,.T.);
#4511 = FACE_BOUND('',#4512,.T.);
#4512 = EDGE_LOOP('',(#4513,#4519,#4520,#4526));
#4513 = ORIENTED_EDGE('',*,*,#4514,.T.);
#4514 = EDGE_CURVE('',#4415,#4471,#4515,.T.);
#4515 = LINE('',#4516,#4517);
#4516 = CARTESIAN_POINT('',(3.7301,-0.7083,0.3));
#4517 = VECTOR('',#4518,1.);
#4518 = DIRECTION('',(0.,0.,1.));
#4519 = ORIENTED_EDGE('',*,*,#4470,.T.);
#4520 = ORIENTED_EDGE('',*,*,#4521,.F.);
#4521 = EDGE_CURVE('',#4423,#4463,#4522,.T.);
#4522 = LINE('',#4523,#4524);
#4523 = CARTESIAN_POINT('',(4.6699,-0.7083,0.3));
#4524 = VECTOR('',#4525,1.);
#4525 = DIRECTION('',(0.,0.,1.));
#4526 = ORIENTED_EDGE('',*,*,#4422,.F.);
#4527 = PLANE('',#4528);
#4528 = AXIS2_PLACEMENT_3D('',#4529,#4530,#4531);
#4529 = CARTESIAN_POINT('',(3.7301,-0.7083,0.3));
#4530 = DIRECTION('',(0.,1.,0.));
#4531 = DIRECTION('',(1.,0.,0.));
#4532 = ADVANCED_FACE('',(#4533),#4539,.T.);
#4533 = FACE_BOUND('',#4534,.T.);
#4534 = EDGE_LOOP('',(#4535,#4536,#4537,#4538));
#4535 = ORIENTED_EDGE('',*,*,#4500,.T.);
#4536 = ORIENTED_EDGE('',*,*,#4478,.T.);
#4537 = ORIENTED_EDGE('',*,*,#4514,.F.);
#4538 = ORIENTED_EDGE('',*,*,#4412,.F.);
#4539 = PLANE('',#4540);
#4540 = AXIS2_PLACEMENT_3D('',#4541,#4542,#4543);
#4541 = CARTESIAN_POINT('',(3.7301,-0.85,0.3));
#4542 = DIRECTION('',(-1.,0.,0.));
#4543 = DIRECTION('',(0.,1.,0.));
#4544 = ADVANCED_FACE('',(#4545),#4551,.T.);
#4545 = FACE_BOUND('',#4546,.T.);
#4546 = EDGE_LOOP('',(#4547,#4548,#4549,#4550));
#4547 = ORIENTED_EDGE('',*,*,#4430,.T.);
#4548 = ORIENTED_EDGE('',*,*,#4521,.T.);
#4549 = ORIENTED_EDGE('',*,*,#4462,.F.);
#4550 = ORIENTED_EDGE('',*,*,#4493,.F.);
#4551 = PLANE('',#4552);
#4552 = AXIS2_PLACEMENT_3D('',#4553,#4554,#4555);
#4553 = CARTESIAN_POINT('',(4.6699,-0.85,0.3));
#4554 = DIRECTION('',(1.,0.,0.));
#4555 = DIRECTION('',(-0.,1.,0.));
#4556 = MANIFOLD_SOLID_BREP('',#4557);
#4557 = CLOSED_SHELL('',(#4558,#4598,#4638,#4660,#4682,#4694));
#4558 = ADVANCED_FACE('',(#4559),#4593,.T.);
#4559 = FACE_BOUND('',#4560,.T.);
#4560 = EDGE_LOOP('',(#4561,#4571,#4579,#4587));
#4561 = ORIENTED_EDGE('',*,*,#4562,.T.);
#4562 = EDGE_CURVE('',#4563,#4565,#4567,.T.);
#4563 = VERTEX_POINT('',#4564);
#4564 = CARTESIAN_POINT('',(4.0137,0.1667,-1.8));
#4565 = VERTEX_POINT('',#4566);
#4566 = CARTESIAN_POINT('',(4.0137,0.25,-1.8));
#4567 = LINE('',#4568,#4569);
#4568 = CARTESIAN_POINT('',(4.0137,0.1667,-1.8));
#4569 = VECTOR('',#4570,1.);
#4570 = DIRECTION('',(0.,1.,0.));
#4571 = ORIENTED_EDGE('',*,*,#4572,.T.);
#4572 = EDGE_CURVE('',#4565,#4573,#4575,.T.);
#4573 = VERTEX_POINT('',#4574);
#4574 = CARTESIAN_POINT('',(4.3863,0.25,-1.8));
#4575 = LINE('',#4576,#4577);
#4576 = CARTESIAN_POINT('',(4.0137,0.25,-1.8));
#4577 = VECTOR('',#4578,1.);
#4578 = DIRECTION('',(1.,0.,0.));
#4579 = ORIENTED_EDGE('',*,*,#4580,.F.);
#4580 = EDGE_CURVE('',#4581,#4573,#4583,.T.);
#4581 = VERTEX_POINT('',#4582);
#4582 = CARTESIAN_POINT('',(4.3863,0.1667,-1.8));
#4583 = LINE('',#4584,#4585);
#4584 = CARTESIAN_POINT('',(4.3863,0.1667,-1.8));
#4585 = VECTOR('',#4586,1.);
#4586 = DIRECTION('',(0.,1.,0.));
#4587 = ORIENTED_EDGE('',*,*,#4588,.F.);
#4588 = EDGE_CURVE('',#4563,#4581,#4589,.T.);
#4589 = LINE('',#4590,#4591);
#4590 = CARTESIAN_POINT('',(4.0137,0.1667,-1.8));
#4591 = VECTOR('',#4592,1.);
#4592 = DIRECTION('',(1.,0.,0.));
#4593 = PLANE('',#4594);
#4594 = AXIS2_PLACEMENT_3D('',#4595,#4596,#4597);
#4595 = CARTESIAN_POINT('',(4.0137,0.1667,-1.8));
#4596 = DIRECTION('',(0.,0.,-1.));
#4597 = DIRECTION('',(1.,0.,0.));
#4598 = ADVANCED_FACE('',(#4599),#4633,.T.);
#4599 = FACE_BOUND('',#4600,.T.);
#4600 = EDGE_LOOP('',(#4601,#4611,#4619,#4627));
#4601 = ORIENTED_EDGE('',*,*,#4602,.T.);
#4602 = EDGE_CURVE('',#4603,#4605,#4607,.T.);
#4603 = VERTEX_POINT('',#4604);
#4604 = CARTESIAN_POINT('',(4.0137,0.1667,0.3));
#4605 = VERTEX_POINT('',#4606);
#4606 = CARTESIAN_POINT('',(4.3863,0.1667,0.3));
#4607 = LINE('',#4608,#4609);
#4608 = CARTESIAN_POINT('',(4.0137,0.1667,0.3));
#4609 = VECTOR('',#4610,1.);
#4610 = DIRECTION('',(1.,0.,0.));
#4611 = ORIENTED_EDGE('',*,*,#4612,.T.);
#4612 = EDGE_CURVE('',#4605,#4613,#4615,.T.);
#4613 = VERTEX_POINT('',#4614);
#4614 = CARTESIAN_POINT('',(4.3863,0.25,0.3));
#4615 = LINE('',#4616,#4617);
#4616 = CARTESIAN_POINT('',(4.3863,0.1667,0.3));
#4617 = VECTOR('',#4618,1.);
#4618 = DIRECTION('',(0.,1.,0.));
#4619 = ORIENTED_EDGE('',*,*,#4620,.F.);
#4620 = EDGE_CURVE('',#4621,#4613,#4623,.T.);
#4621 = VERTEX_POINT('',#4622);
#4622 = CARTESIAN_POINT('',(4.0137,0.25,0.3));
#4623 = LINE('',#4624,#4625);
#4624 = CARTESIAN_POINT('',(4.0137,0.25,0.3));
#4625 = VECTOR('',#4626,1.);
#4626 = DIRECTION('',(1.,0.,0.));
#4627 = ORIENTED_EDGE('',*,*,#4628,.F.);
#4628 = EDGE_CURVE('',#4603,#4621,#4629,.T.);
#4629 = LINE('',#4630,#4631);
#4630 = CARTESIAN_POINT('',(4.0137,0.1667,0.3));
#4631 = VECTOR('',#4632,1.);
#4632 = DIRECTION('',(0.,1.,0.));
#4633 = PLANE('',#4634);
#4634 = AXIS2_PLACEMENT_3D('',#4635,#4636,#4637);
#4635 = CARTESIAN_POINT('',(4.0137,0.1667,0.3));
#4636 = DIRECTION('',(0.,0.,1.));
#4637 = DIRECTION('',(1.,0.,-0.));
#4638 = ADVANCED_FACE('',(#4639),#4655,.T.);
#4639 = FACE_BOUND('',#4640,.T.);
#4640 = EDGE_LOOP('',(#4641,#4642,#4648,#4649));
#4641 = ORIENTED_EDGE('',*,*,#4588,.T.);
#4642 = ORIENTED_EDGE('',*,*,#4643,.T.);
#4643 = EDGE_CURVE('',#4581,#4605,#4644,.T.);
#4644 = LINE('',#4645,#4646);
#4645 = CARTESIAN_POINT('',(4.3863,0.1667,-1.8));
#4646 = VECTOR('',#4647,1.);
#4647 = DIRECTION('',(0.,0.,1.));
#4648 = ORIENTED_EDGE('',*,*,#4602,.F.);
#4649 = ORIENTED_EDGE('',*,*,#4650,.F.);
#4650 = EDGE_CURVE('',#4563,#4603,#4651,.T.);
#4651 = LINE('',#4652,#4653);
#4652 = CARTESIAN_POINT('',(4.0137,0.1667,-1.8));
#4653 = VECTOR('',#4654,1.);
#4654 = DIRECTION('',(0.,0.,1.));
#4655 = PLANE('',#4656);
#4656 = AXIS2_PLACEMENT_3D('',#4657,#4658,#4659);
#4657 = CARTESIAN_POINT('',(4.0137,0.1667,-1.8));
#4658 = DIRECTION('',(0.,-1.,0.));
#4659 = DIRECTION('',(1.,0.,0.));
#4660 = ADVANCED_FACE('',(#4661),#4677,.T.);
#4661 = FACE_BOUND('',#4662,.T.);
#4662 = EDGE_LOOP('',(#4663,#4669,#4670,#4676));
#4663 = ORIENTED_EDGE('',*,*,#4664,.T.);
#4664 = EDGE_CURVE('',#4565,#4621,#4665,.T.);
#4665 = LINE('',#4666,#4667);
#4666 = CARTESIAN_POINT('',(4.0137,0.25,-1.8));
#4667 = VECTOR('',#4668,1.);
#4668 = DIRECTION('',(0.,0.,1.));
#4669 = ORIENTED_EDGE('',*,*,#4620,.T.);
#4670 = ORIENTED_EDGE('',*,*,#4671,.F.);
#4671 = EDGE_CURVE('',#4573,#4613,#4672,.T.);
#4672 = LINE('',#4673,#4674);
#4673 = CARTESIAN_POINT('',(4.3863,0.25,-1.8));
#4674 = VECTOR('',#4675,1.);
#4675 = DIRECTION('',(0.,0.,1.));
#4676 = ORIENTED_EDGE('',*,*,#4572,.F.);
#4677 = PLANE('',#4678);
#4678 = AXIS2_PLACEMENT_3D('',#4679,#4680,#4681);
#4679 = CARTESIAN_POINT('',(4.0137,0.25,-1.8));
#4680 = DIRECTION('',(0.,1.,0.));
#4681 = DIRECTION('',(1.,0.,0.));
#4682 = ADVANCED_FACE('',(#4683),#4689,.T.);
#4683 = FACE_BOUND('',#4684,.T.);
#4684 = EDGE_LOOP('',(#4685,#4686,#4687,#4688));
#4685 = ORIENTED_EDGE('',*,*,#4650,.T.);
#4686 = ORIENTED_EDGE('',*,*,#4628,.T.);
#4687 = ORIENTED_EDGE('',*,*,#4664,.F.);
#4688 = ORIENTED_EDGE('',*,*,#4562,.F.);
#4689 = PLANE('',#4690);
#4690 = AXIS2_PLACEMENT_3D('',#4691,#4692,#4693);
#4691 = CARTESIAN_POINT('',(4.0137,0.1667,-1.8));
#4692 = DIRECTION('',(-1.,0.,0.));
#4693 = DIRECTION('',(0.,1.,0.));
#4694 = ADVANCED_FACE('',(#4695),#4701,.T.);
#4695 = FACE_BOUND('',#4696,.T.);
#4696 = EDGE_LOOP('',(#4697,#4698,#4699,#4700));
#4697 = ORIENTED_EDGE('',*,*,#4580,.T.);
#4698 = ORIENTED_EDGE('',*,*,#4671,.T.);
#4699 = ORIENTED_EDGE('',*,*,#4612,.F.);
#4700 = ORIENTED_EDGE('',*,*,#4643,.F.);
#4701 = PLANE('',#4702);
#4702 = AXIS2_PLACEMENT_3D('',#4703,#4704,#4705);
#4703 = CARTESIAN_POINT('',(4.3863,0.1667,-1.8));
#4704 = DIRECTION('',(1.,0.,0.));
#4705 = DIRECTION('',(-0.,1.,0.));
#4706 = MANIFOLD_SOLID_BREP('',#4707);
#4707 = CLOSED_SHELL('',(#4708,#4748,#4788,#4810,#4832,#4844));
#4708 = ADVANCED_FACE('',(#4709),#4743,.T.);
#4709 = FACE_BOUND('',#4710,.T.);
#4710 = EDGE_LOOP('',(#4711,#4721,#4729,#4737));
#4711 = ORIENTED_EDGE('',*,*,#4712,.T.);
#4712 = EDGE_CURVE('',#4713,#4715,#4717,.T.);
#4713 = VERTEX_POINT('',#4714);
#4714 = CARTESIAN_POINT('',(3.9643,8.33E-02,-1.8));
#4715 = VERTEX_POINT('',#4716);
#4716 = CARTESIAN_POINT('',(3.9643,0.1667,-1.8));
#4717 = LINE('',#4718,#4719);
#4718 = CARTESIAN_POINT('',(3.9643,8.33E-02,-1.8));
#4719 = VECTOR('',#4720,1.);
#4720 = DIRECTION('',(0.,1.,0.));
#4721 = ORIENTED_EDGE('',*,*,#4722,.T.);
#4722 = EDGE_CURVE('',#4715,#4723,#4725,.T.);
#4723 = VERTEX_POINT('',#4724);
#4724 = CARTESIAN_POINT('',(4.4357,0.1667,-1.8));
#4725 = LINE('',#4726,#4727);
#4726 = CARTESIAN_POINT('',(3.9643,0.1667,-1.8));
#4727 = VECTOR('',#4728,1.);
#4728 = DIRECTION('',(1.,0.,0.));
#4729 = ORIENTED_EDGE('',*,*,#4730,.F.);
#4730 = EDGE_CURVE('',#4731,#4723,#4733,.T.);
#4731 = VERTEX_POINT('',#4732);
#4732 = CARTESIAN_POINT('',(4.4357,8.33E-02,-1.8));
#4733 = LINE('',#4734,#4735);
#4734 = CARTESIAN_POINT('',(4.4357,8.33E-02,-1.8));
#4735 = VECTOR('',#4736,1.);
#4736 = DIRECTION('',(0.,1.,0.));
#4737 = ORIENTED_EDGE('',*,*,#4738,.F.);
#4738 = EDGE_CURVE('',#4713,#4731,#4739,.T.);
#4739 = LINE('',#4740,#4741);
#4740 = CARTESIAN_POINT('',(3.9643,8.33E-02,-1.8));
#4741 = VECTOR('',#4742,1.);
#4742 = DIRECTION('',(1.,0.,0.));
#4743 = PLANE('',#4744);
#4744 = AXIS2_PLACEMENT_3D('',#4745,#4746,#4747);
#4745 = CARTESIAN_POINT('',(3.9643,8.33E-02,-1.8));
#4746 = DIRECTION('',(0.,0.,-1.));
#4747 = DIRECTION('',(1.,0.,0.));
#4748 = ADVANCED_FACE('',(#4749),#4783,.T.);
#4749 = FACE_BOUND('',#4750,.T.);
#4750 = EDGE_LOOP('',(#4751,#4761,#4769,#4777));
#4751 = ORIENTED_EDGE('',*,*,#4752,.T.);
#4752 = EDGE_CURVE('',#4753,#4755,#4757,.T.);
#4753 = VERTEX_POINT('',#4754);
#4754 = CARTESIAN_POINT('',(3.9643,8.33E-02,0.3));
#4755 = VERTEX_POINT('',#4756);
#4756 = CARTESIAN_POINT('',(4.4357,8.33E-02,0.3));
#4757 = LINE('',#4758,#4759);
#4758 = CARTESIAN_POINT('',(3.9643,8.33E-02,0.3));
#4759 = VECTOR('',#4760,1.);
#4760 = DIRECTION('',(1.,0.,0.));
#4761 = ORIENTED_EDGE('',*,*,#4762,.T.);
#4762 = EDGE_CURVE('',#4755,#4763,#4765,.T.);
#4763 = VERTEX_POINT('',#4764);
#4764 = CARTESIAN_POINT('',(4.4357,0.1667,0.3));
#4765 = LINE('',#4766,#4767);
#4766 = CARTESIAN_POINT('',(4.4357,8.33E-02,0.3));
#4767 = VECTOR('',#4768,1.);
#4768 = DIRECTION('',(0.,1.,0.));
#4769 = ORIENTED_EDGE('',*,*,#4770,.F.);
#4770 = EDGE_CURVE('',#4771,#4763,#4773,.T.);
#4771 = VERTEX_POINT('',#4772);
#4772 = CARTESIAN_POINT('',(3.9643,0.1667,0.3));
#4773 = LINE('',#4774,#4775);
#4774 = CARTESIAN_POINT('',(3.9643,0.1667,0.3));
#4775 = VECTOR('',#4776,1.);
#4776 = DIRECTION('',(1.,0.,0.));
#4777 = ORIENTED_EDGE('',*,*,#4778,.F.);
#4778 = EDGE_CURVE('',#4753,#4771,#4779,.T.);
#4779 = LINE('',#4780,#4781);
#4780 = CARTESIAN_POINT('',(3.9643,8.33E-02,0.3));
#4781 = VECTOR('',#4782,1.);
#4782 = DIRECTION('',(0.,1.,0.));
#4783 = PLANE('',#4784);
#4784 = AXIS2_PLACEMENT_3D('',#4785,#4786,#4787);
#4785 = CARTESIAN_POINT('',(3.9643,8.33E-02,0.3));
#4786 = DIRECTION('',(0.,0.,1.));
#4787 = DIRECTION('',(1.,0.,-0.));
#4788 = ADVANCED_FACE('',(#4789),#4805,.T.);
#4789 = FACE_BOUND('',#4790,.T.);
#4790 = EDGE_LOOP('',(#4791,#4792,#4798,#4799));
#4791 = ORIENTED_EDGE('',*,*,#4738,.T.);
#4792 = ORIENTED_EDGE('',*,*,#4793,.T.);
#4793 = EDGE_CURVE('',#4731,#4755,#4794,.T.);
#4794 = LINE('',#4795,#4796);
#4795 = CARTESIAN_POINT('',(4.4357,8.33E-02,-1.8));
#4796 = VECTOR('',#4797,1.);
#4797 = DIRECTION('',(0.,0.,1.));
#4798 = ORIENTED_EDGE('',*,*,#4752,.F.);
#4799 = ORIENTED_EDGE('',*,*,#4800,.F.);
#4800 = EDGE_CURVE('',#4713,#4753,#4801,.T.);
#4801 = LINE('',#4802,#4803);
#4802 = CARTESIAN_POINT('',(3.9643,8.33E-02,-1.8));
#4803 = VECTOR('',#4804,1.);
#4804 = DIRECTION('',(0.,0.,1.));
#4805 = PLANE('',#4806);
#4806 = AXIS2_PLACEMENT_3D('',#4807,#4808,#4809);
#4807 = CARTESIAN_POINT('',(3.9643,8.33E-02,-1.8));
#4808 = DIRECTION('',(0.,-1.,0.));
#4809 = DIRECTION('',(1.,0.,0.));
#4810 = ADVANCED_FACE('',(#4811),#4827,.T.);
#4811 = FACE_BOUND('',#4812,.T.);
#4812 = EDGE_LOOP('',(#4813,#4819,#4820,#4826));
#4813 = ORIENTED_EDGE('',*,*,#4814,.T.);
#4814 = EDGE_CURVE('',#4715,#4771,#4815,.T.);
#4815 = LINE('',#4816,#4817);
#4816 = CARTESIAN_POINT('',(3.9643,0.1667,-1.8));
#4817 = VECTOR('',#4818,1.);
#4818 = DIRECTION('',(0.,0.,1.));
#4819 = ORIENTED_EDGE('',*,*,#4770,.T.);
#4820 = ORIENTED_EDGE('',*,*,#4821,.F.);
#4821 = EDGE_CURVE('',#4723,#4763,#4822,.T.);
#4822 = LINE('',#4823,#4824);
#4823 = CARTESIAN_POINT('',(4.4357,0.1667,-1.8));
#4824 = VECTOR('',#4825,1.);
#4825 = DIRECTION('',(0.,0.,1.));
#4826 = ORIENTED_EDGE('',*,*,#4722,.F.);
#4827 = PLANE('',#4828);
#4828 = AXIS2_PLACEMENT_3D('',#4829,#4830,#4831);
#4829 = CARTESIAN_POINT('',(3.9643,0.1667,-1.8));
#4830 = DIRECTION('',(0.,1.,0.));
#4831 = DIRECTION('',(1.,0.,0.));
#4832 = ADVANCED_FACE('',(#4833),#4839,.T.);
#4833 = FACE_BOUND('',#4834,.T.);
#4834 = EDGE_LOOP('',(#4835,#4836,#4837,#4838));
#4835 = ORIENTED_EDGE('',*,*,#4800,.T.);
#4836 = ORIENTED_EDGE('',*,*,#4778,.T.);
#4837 = ORIENTED_EDGE('',*,*,#4814,.F.);
#4838 = ORIENTED_EDGE('',*,*,#4712,.F.);
#4839 = PLANE('',#4840);
#4840 = AXIS2_PLACEMENT_3D('',#4841,#4842,#4843);
#4841 = CARTESIAN_POINT('',(3.9643,8.33E-02,-1.8));
#4842 = DIRECTION('',(-1.,0.,0.));
#4843 = DIRECTION('',(0.,1.,0.));
#4844 = ADVANCED_FACE('',(#4845),#4851,.T.);
#4845 = FACE_BOUND('',#4846,.T.);
#4846 = EDGE_LOOP('',(#4847,#4848,#4849,#4850));
#4847 = ORIENTED_EDGE('',*,*,#4730,.T.);
#4848 = ORIENTED_EDGE('',*,*,#4821,.T.);
#4849 = ORIENTED_EDGE('',*,*,#4762,.F.);
#4850 = ORIENTED_EDGE('',*,*,#4793,.F.);
#4851 = PLANE('',#4852);
#4852 = AXIS2_PLACEMENT_3D('',#4853,#4854,#4855);
#4853 = CARTESIAN_POINT('',(4.4357,8.33E-02,-1.8));
#4854 = DIRECTION('',(1.,0.,0.));
#4855 = DIRECTION('',(-0.,1.,0.));
#4856 = MANIFOLD_SOLID_BREP('',#4857);
#4857 = CLOSED_SHELL('',(#4858,#4898,#4938,#4960,#4982,#4994));
#4858 = ADVANCED_FACE('',(#4859),#4893,.T.);
#4859 = FACE_BOUND('',#4860,.T.);
#4860 = EDGE_LOOP('',(#4861,#4871,#4879,#4887));
#4861 = ORIENTED_EDGE('',*,*,#4862,.T.);
#4862 = EDGE_CURVE('',#4863,#4865,#4867,.T.);
#4863 = VERTEX_POINT('',#4864);
#4864 = CARTESIAN_POINT('',(3.95,-0.,-1.8));
#4865 = VERTEX_POINT('',#4866);
#4866 = CARTESIAN_POINT('',(3.95,8.33E-02,-1.8));
#4867 = LINE('',#4868,#4869);
#4868 = CARTESIAN_POINT('',(3.95,-0.,-1.8));
#4869 = VECTOR('',#4870,1.);
#4870 = DIRECTION('',(0.,1.,0.));
#4871 = ORIENTED_EDGE('',*,*,#4872,.T.);
#4872 = EDGE_CURVE('',#4865,#4873,#4875,.T.);
#4873 = VERTEX_POINT('',#4874);
#4874 = CARTESIAN_POINT('',(4.45,8.33E-02,-1.8));
#4875 = LINE('',#4876,#4877);
#4876 = CARTESIAN_POINT('',(3.95,8.33E-02,-1.8));
#4877 = VECTOR('',#4878,1.);
#4878 = DIRECTION('',(1.,0.,0.));
#4879 = ORIENTED_EDGE('',*,*,#4880,.F.);
#4880 = EDGE_CURVE('',#4881,#4873,#4883,.T.);
#4881 = VERTEX_POINT('',#4882);
#4882 = CARTESIAN_POINT('',(4.45,-0.,-1.8));
#4883 = LINE('',#4884,#4885);
#4884 = CARTESIAN_POINT('',(4.45,-0.,-1.8));
#4885 = VECTOR('',#4886,1.);
#4886 = DIRECTION('',(0.,1.,0.));
#4887 = ORIENTED_EDGE('',*,*,#4888,.F.);
#4888 = EDGE_CURVE('',#4863,#4881,#4889,.T.);
#4889 = LINE('',#4890,#4891);
#4890 = CARTESIAN_POINT('',(3.95,-0.,-1.8));
#4891 = VECTOR('',#4892,1.);
#4892 = DIRECTION('',(1.,0.,0.));
#4893 = PLANE('',#4894);
#4894 = AXIS2_PLACEMENT_3D('',#4895,#4896,#4897);
#4895 = CARTESIAN_POINT('',(3.95,-0.,-1.8));
#4896 = DIRECTION('',(0.,0.,-1.));
#4897 = DIRECTION('',(1.,0.,0.));
#4898 = ADVANCED_FACE('',(#4899),#4933,.T.);
#4899 = FACE_BOUND('',#4900,.T.);
#4900 = EDGE_LOOP('',(#4901,#4911,#4919,#4927));
#4901 = ORIENTED_EDGE('',*,*,#4902,.T.);
#4902 = EDGE_CURVE('',#4903,#4905,#4907,.T.);
#4903 = VERTEX_POINT('',#4904);
#4904 = CARTESIAN_POINT('',(3.95,-0.,0.3));
#4905 = VERTEX_POINT('',#4906);
#4906 = CARTESIAN_POINT('',(4.45,-0.,0.3));
#4907 = LINE('',#4908,#4909);
#4908 = CARTESIAN_POINT('',(3.95,-0.,0.3));
#4909 = VECTOR('',#4910,1.);
#4910 = DIRECTION('',(1.,0.,0.));
#4911 = ORIENTED_EDGE('',*,*,#4912,.T.);
#4912 = EDGE_CURVE('',#4905,#4913,#4915,.T.);
#4913 = VERTEX_POINT('',#4914);
#4914 = CARTESIAN_POINT('',(4.45,8.33E-02,0.3));
#4915 = LINE('',#4916,#4917);
#4916 = CARTESIAN_POINT('',(4.45,-0.,0.3));
#4917 = VECTOR('',#4918,1.);
#4918 = DIRECTION('',(0.,1.,0.));
#4919 = ORIENTED_EDGE('',*,*,#4920,.F.);
#4920 = EDGE_CURVE('',#4921,#4913,#4923,.T.);
#4921 = VERTEX_POINT('',#4922);
#4922 = CARTESIAN_POINT('',(3.95,8.33E-02,0.3));
#4923 = LINE('',#4924,#4925);
#4924 = CARTESIAN_POINT('',(3.95,8.33E-02,0.3));
#4925 = VECTOR('',#4926,1.);
#4926 = DIRECTION('',(1.,0.,0.));
#4927 = ORIENTED_EDGE('',*,*,#4928,.F.);
#4928 = EDGE_CURVE('',#4903,#4921,#4929,.T.);
#4929 = LINE('',#4930,#4931);
#4930 = CARTESIAN_POINT('',(3.95,-0.,0.3));
#4931 = VECTOR('',#4932,1.);
#4932 = DIRECTION('',(0.,1.,0.));
#4933 = PLANE('',#4934);
#4934 = AXIS2_PLACEMENT_3D('',#4935,#4936,#4937);
#4935 = CARTESIAN_POINT('',(3.95,-0.,0.3));
#4936 = DIRECTION('',(0.,0.,1.));
#4937 = DIRECTION('',(1.,0.,-0.));
#4938 = ADVANCED_FACE('',(#4939),#4955,.T.);
#4939 = FACE_BOUND('',#4940,.T.);
#4940 = EDGE_LOOP('',(#4941,#4942,#4948,#4949));
#4941 = ORIENTED_EDGE('',*,*,#4888,.T.);
#4942 = ORIENTED_EDGE('',*,*,#4943,.T.);
#4943 = EDGE_CURVE('',#4881,#4905,#4944,.T.);
#4944 = LINE('',#4945,#4946);
#4945 = CARTESIAN_POINT('',(4.45,-0.,-1.8));
#4946 = VECTOR('',#4947,1.);
#4947 = DIRECTION('',(0.,0.,1.));
#4948 = ORIENTED_EDGE('',*,*,#4902,.F.);
#4949 = ORIENTED_EDGE('',*,*,#4950,.F.);
#4950 = EDGE_CURVE('',#4863,#4903,#4951,.T.);
#4951 = LINE('',#4952,#4953);
#4952 = CARTESIAN_POINT('',(3.95,-0.,-1.8));
#4953 = VECTOR('',#4954,1.);
#4954 = DIRECTION('',(0.,0.,1.));
#4955 = PLANE('',#4956);
#4956 = AXIS2_PLACEMENT_3D('',#4957,#4958,#4959);
#4957 = CARTESIAN_POINT('',(3.95,-0.,-1.8));
#4958 = DIRECTION('',(0.,-1.,0.));
#4959 = DIRECTION('',(1.,0.,0.));
#4960 = ADVANCED_FACE('',(#4961),#4977,.T.);
#4961 = FACE_BOUND('',#4962,.T.);
#4962 = EDGE_LOOP('',(#4963,#4969,#4970,#4976));
#4963 = ORIENTED_EDGE('',*,*,#4964,.T.);
#4964 = EDGE_CURVE('',#4865,#4921,#4965,.T.);
#4965 = LINE('',#4966,#4967);
#4966 = CARTESIAN_POINT('',(3.95,8.33E-02,-1.8));
#4967 = VECTOR('',#4968,1.);
#4968 = DIRECTION('',(0.,0.,1.));
#4969 = ORIENTED_EDGE('',*,*,#4920,.T.);
#4970 = ORIENTED_EDGE('',*,*,#4971,.F.);
#4971 = EDGE_CURVE('',#4873,#4913,#4972,.T.);
#4972 = LINE('',#4973,#4974);
#4973 = CARTESIAN_POINT('',(4.45,8.33E-02,-1.8));
#4974 = VECTOR('',#4975,1.);
#4975 = DIRECTION('',(0.,0.,1.));
#4976 = ORIENTED_EDGE('',*,*,#4872,.F.);
#4977 = PLANE('',#4978);
#4978 = AXIS2_PLACEMENT_3D('',#4979,#4980,#4981);
#4979 = CARTESIAN_POINT('',(3.95,8.33E-02,-1.8));
#4980 = DIRECTION('',(0.,1.,0.));
#4981 = DIRECTION('',(1.,0.,0.));
#4982 = ADVANCED_FACE('',(#4983),#4989,.T.);
#4983 = FACE_BOUND('',#4984,.T.);
#4984 = EDGE_LOOP('',(#4985,#4986,#4987,#4988));
#4985 = ORIENTED_EDGE('',*,*,#4950,.T.);
#4986 = ORIENTED_EDGE('',*,*,#4928,.T.);
#4987 = ORIENTED_EDGE('',*,*,#4964,.F.);
#4988 = ORIENTED_EDGE('',*,*,#4862,.F.);
#4989 = PLANE('',#4990);
#4990 = AXIS2_PLACEMENT_3D('',#4991,#4992,#4993);
#4991 = CARTESIAN_POINT('',(3.95,-0.,-1.8));
#4992 = DIRECTION('',(-1.,0.,0.));
#4993 = DIRECTION('',(0.,1.,0.));
#4994 = ADVANCED_FACE('',(#4995),#5001,.T.);
#4995 = FACE_BOUND('',#4996,.T.);
#4996 = EDGE_LOOP('',(#4997,#4998,#4999,#5000));
#4997 = ORIENTED_EDGE('',*,*,#4880,.T.);
#4998 = ORIENTED_EDGE('',*,*,#4971,.T.);
#4999 = ORIENTED_EDGE('',*,*,#4912,.F.);
#5000 = ORIENTED_EDGE('',*,*,#4943,.F.);
#5001 = PLANE('',#5002);
#5002 = AXIS2_PLACEMENT_3D('',#5003,#5004,#5005);
#5003 = CARTESIAN_POINT('',(4.45,-0.,-1.8));
#5004 = DIRECTION('',(1.,0.,0.));
#5005 = DIRECTION('',(-0.,1.,0.));
#5006 = MANIFOLD_SOLID_BREP('',#5007);
#5007 = CLOSED_SHELL('',(#5008,#5048,#5088,#5110,#5132,#5144));
#5008 = ADVANCED_FACE('',(#5009),#5043,.T.);
#5009 = FACE_BOUND('',#5010,.T.);
#5010 = EDGE_LOOP('',(#5011,#5021,#5029,#5037));
#5011 = ORIENTED_EDGE('',*,*,#5012,.T.);
#5012 = EDGE_CURVE('',#5013,#5015,#5017,.T.);
#5013 = VERTEX_POINT('',#5014);
#5014 = CARTESIAN_POINT('',(3.95,-8.33E-02,-1.8));
#5015 = VERTEX_POINT('',#5016);
#5016 = CARTESIAN_POINT('',(3.95,-0.,-1.8));
#5017 = LINE('',#5018,#5019);
#5018 = CARTESIAN_POINT('',(3.95,-8.33E-02,-1.8));
#5019 = VECTOR('',#5020,1.);
#5020 = DIRECTION('',(0.,1.,0.));
#5021 = ORIENTED_EDGE('',*,*,#5022,.T.);
#5022 = EDGE_CURVE('',#5015,#5023,#5025,.T.);
#5023 = VERTEX_POINT('',#5024);
#5024 = CARTESIAN_POINT('',(4.45,-0.,-1.8));
#5025 = LINE('',#5026,#5027);
#5026 = CARTESIAN_POINT('',(3.95,-0.,-1.8));
#5027 = VECTOR('',#5028,1.);
#5028 = DIRECTION('',(1.,0.,0.));
#5029 = ORIENTED_EDGE('',*,*,#5030,.F.);
#5030 = EDGE_CURVE('',#5031,#5023,#5033,.T.);
#5031 = VERTEX_POINT('',#5032);
#5032 = CARTESIAN_POINT('',(4.45,-8.33E-02,-1.8));
#5033 = LINE('',#5034,#5035);
#5034 = CARTESIAN_POINT('',(4.45,-8.33E-02,-1.8));
#5035 = VECTOR('',#5036,1.);
#5036 = DIRECTION('',(0.,1.,0.));
#5037 = ORIENTED_EDGE('',*,*,#5038,.F.);
#5038 = EDGE_CURVE('',#5013,#5031,#5039,.T.);
#5039 = LINE('',#5040,#5041);
#5040 = CARTESIAN_POINT('',(3.95,-8.33E-02,-1.8));
#5041 = VECTOR('',#5042,1.);
#5042 = DIRECTION('',(1.,0.,0.));
#5043 = PLANE('',#5044);
#5044 = AXIS2_PLACEMENT_3D('',#5045,#5046,#5047);
#5045 = CARTESIAN_POINT('',(3.95,-8.33E-02,-1.8));
#5046 = DIRECTION('',(0.,0.,-1.));
#5047 = DIRECTION('',(1.,0.,0.));
#5048 = ADVANCED_FACE('',(#5049),#5083,.T.);
#5049 = FACE_BOUND('',#5050,.T.);
#5050 = EDGE_LOOP('',(#5051,#5061,#5069,#5077));
#5051 = ORIENTED_EDGE('',*,*,#5052,.T.);
#5052 = EDGE_CURVE('',#5053,#5055,#5057,.T.);
#5053 = VERTEX_POINT('',#5054);
#5054 = CARTESIAN_POINT('',(3.95,-8.33E-02,0.3));
#5055 = VERTEX_POINT('',#5056);
#5056 = CARTESIAN_POINT('',(4.45,-8.33E-02,0.3));
#5057 = LINE('',#5058,#5059);
#5058 = CARTESIAN_POINT('',(3.95,-8.33E-02,0.3));
#5059 = VECTOR('',#5060,1.);
#5060 = DIRECTION('',(1.,0.,0.));
#5061 = ORIENTED_EDGE('',*,*,#5062,.T.);
#5062 = EDGE_CURVE('',#5055,#5063,#5065,.T.);
#5063 = VERTEX_POINT('',#5064);
#5064 = CARTESIAN_POINT('',(4.45,-0.,0.3));
#5065 = LINE('',#5066,#5067);
#5066 = CARTESIAN_POINT('',(4.45,-8.33E-02,0.3));
#5067 = VECTOR('',#5068,1.);
#5068 = DIRECTION('',(0.,1.,0.));
#5069 = ORIENTED_EDGE('',*,*,#5070,.F.);
#5070 = EDGE_CURVE('',#5071,#5063,#5073,.T.);
#5071 = VERTEX_POINT('',#5072);
#5072 = CARTESIAN_POINT('',(3.95,-0.,0.3));
#5073 = LINE('',#5074,#5075);
#5074 = CARTESIAN_POINT('',(3.95,-0.,0.3));
#5075 = VECTOR('',#5076,1.);
#5076 = DIRECTION('',(1.,0.,0.));
#5077 = ORIENTED_EDGE('',*,*,#5078,.F.);
#5078 = EDGE_CURVE('',#5053,#5071,#5079,.T.);
#5079 = LINE('',#5080,#5081);
#5080 = CARTESIAN_POINT('',(3.95,-8.33E-02,0.3));
#5081 = VECTOR('',#5082,1.);
#5082 = DIRECTION('',(0.,1.,0.));
#5083 = PLANE('',#5084);
#5084 = AXIS2_PLACEMENT_3D('',#5085,#5086,#5087);
#5085 = CARTESIAN_POINT('',(3.95,-8.33E-02,0.3));
#5086 = DIRECTION('',(0.,0.,1.));
#5087 = DIRECTION('',(1.,0.,-0.));
#5088 = ADVANCED_FACE('',(#5089),#5105,.T.);
#5089 = FACE_BOUND('',#5090,.T.);
#5090 = EDGE_LOOP('',(#5091,#5092,#5098,#5099));
#5091 = ORIENTED_EDGE('',*,*,#5038,.T.);
#5092 = ORIENTED_EDGE('',*,*,#5093,.T.);
#5093 = EDGE_CURVE('',#5031,#5055,#5094,.T.);
#5094 = LINE('',#5095,#5096);
#5095 = CARTESIAN_POINT('',(4.45,-8.33E-02,-1.8));
#5096 = VECTOR('',#5097,1.);
#5097 = DIRECTION('',(0.,0.,1.));
#5098 = ORIENTED_EDGE('',*,*,#5052,.F.);
#5099 = ORIENTED_EDGE('',*,*,#5100,.F.);
#5100 = EDGE_CURVE('',#5013,#5053,#5101,.T.);
#5101 = LINE('',#5102,#5103);
#5102 = CARTESIAN_POINT('',(3.95,-8.33E-02,-1.8));
#5103 = VECTOR('',#5104,1.);
#5104 = DIRECTION('',(0.,0.,1.));
#5105 = PLANE('',#5106);
#5106 = AXIS2_PLACEMENT_3D('',#5107,#5108,#5109);
#5107 = CARTESIAN_POINT('',(3.95,-8.33E-02,-1.8));
#5108 = DIRECTION('',(0.,-1.,0.));
#5109 = DIRECTION('',(1.,0.,0.));
#5110 = ADVANCED_FACE('',(#5111),#5127,.T.);
#5111 = FACE_BOUND('',#5112,.T.);
#5112 = EDGE_LOOP('',(#5113,#5119,#5120,#5126));
#5113 = ORIENTED_EDGE('',*,*,#5114,.T.);
#5114 = EDGE_CURVE('',#5015,#5071,#5115,.T.);
#5115 = LINE('',#5116,#5117);
#5116 = CARTESIAN_POINT('',(3.95,-0.,-1.8));
#5117 = VECTOR('',#5118,1.);
#5118 = DIRECTION('',(0.,0.,1.));
#5119 = ORIENTED_EDGE('',*,*,#5070,.T.);
#5120 = ORIENTED_EDGE('',*,*,#5121,.F.);
#5121 = EDGE_CURVE('',#5023,#5063,#5122,.T.);
#5122 = LINE('',#5123,#5124);
#5123 = CARTESIAN_POINT('',(4.45,-0.,-1.8));
#5124 = VECTOR('',#5125,1.);
#5125 = DIRECTION('',(0.,0.,1.));
#5126 = ORIENTED_EDGE('',*,*,#5022,.F.);
#5127 = PLANE('',#5128);
#5128 = AXIS2_PLACEMENT_3D('',#5129,#5130,#5131);
#5129 = CARTESIAN_POINT('',(3.95,-0.,-1.8));
#5130 = DIRECTION('',(0.,1.,0.));
#5131 = DIRECTION('',(1.,0.,0.));
#5132 = ADVANCED_FACE('',(#5133),#5139,.T.);
#5133 = FACE_BOUND('',#5134,.T.);
#5134 = EDGE_LOOP('',(#5135,#5136,#5137,#5138));
#5135 = ORIENTED_EDGE('',*,*,#5100,.T.);
#5136 = ORIENTED_EDGE('',*,*,#5078,.T.);
#5137 = ORIENTED_EDGE('',*,*,#5114,.F.);
#5138 = ORIENTED_EDGE('',*,*,#5012,.F.);
#5139 = PLANE('',#5140);
#5140 = AXIS2_PLACEMENT_3D('',#5141,#5142,#5143);
#5141 = CARTESIAN_POINT('',(3.95,-8.33E-02,-1.8));
#5142 = DIRECTION('',(-1.,0.,0.));
#5143 = DIRECTION('',(0.,1.,0.));
#5144 = ADVANCED_FACE('',(#5145),#5151,.T.);
#5145 = FACE_BOUND('',#5146,.T.);
#5146 = EDGE_LOOP('',(#5147,#5148,#5149,#5150));
#5147 = ORIENTED_EDGE('',*,*,#5030,.T.);
#5148 = ORIENTED_EDGE('',*,*,#5121,.T.);
#5149 = ORIENTED_EDGE('',*,*,#5062,.F.);
#5150 = ORIENTED_EDGE('',*,*,#5093,.F.);
#5151 = PLANE('',#5152);
#5152 = AXIS2_PLACEMENT_3D('',#5153,#5154,#5155);
#5153 = CARTESIAN_POINT('',(4.45,-8.33E-02,-1.8));
#5154 = DIRECTION('',(1.,0.,0.));
#5155 = DIRECTION('',(-0.,1.,0.));
#5156 = MANIFOLD_SOLID_BREP('',#5157);
#5157 = CLOSED_SHELL('',(#5158,#5198,#5238,#5260,#5282,#5294));
#5158 = ADVANCED_FACE('',(#5159),#5193,.T.);
#5159 = FACE_BOUND('',#5160,.T.);
#5160 = EDGE_LOOP('',(#5161,#5171,#5179,#5187));
#5161 = ORIENTED_EDGE('',*,*,#5162,.T.);
#5162 = EDGE_CURVE('',#5163,#5165,#5167,.T.);
#5163 = VERTEX_POINT('',#5164);
#5164 = CARTESIAN_POINT('',(3.9643,-0.1667,-1.8));
#5165 = VERTEX_POINT('',#5166);
#5166 = CARTESIAN_POINT('',(3.9643,-8.33E-02,-1.8));
#5167 = LINE('',#5168,#5169);
#5168 = CARTESIAN_POINT('',(3.9643,-0.1667,-1.8));
#5169 = VECTOR('',#5170,1.);
#5170 = DIRECTION('',(0.,1.,0.));
#5171 = ORIENTED_EDGE('',*,*,#5172,.T.);
#5172 = EDGE_CURVE('',#5165,#5173,#5175,.T.);
#5173 = VERTEX_POINT('',#5174);
#5174 = CARTESIAN_POINT('',(4.4357,-8.33E-02,-1.8));
#5175 = LINE('',#5176,#5177);
#5176 = CARTESIAN_POINT('',(3.9643,-8.33E-02,-1.8));
#5177 = VECTOR('',#5178,1.);
#5178 = DIRECTION('',(1.,0.,0.));
#5179 = ORIENTED_EDGE('',*,*,#5180,.F.);
#5180 = EDGE_CURVE('',#5181,#5173,#5183,.T.);
#5181 = VERTEX_POINT('',#5182);
#5182 = CARTESIAN_POINT('',(4.4357,-0.1667,-1.8));
#5183 = LINE('',#5184,#5185);
#5184 = CARTESIAN_POINT('',(4.4357,-0.1667,-1.8));
#5185 = VECTOR('',#5186,1.);
#5186 = DIRECTION('',(0.,1.,0.));
#5187 = ORIENTED_EDGE('',*,*,#5188,.F.);
#5188 = EDGE_CURVE('',#5163,#5181,#5189,.T.);
#5189 = LINE('',#5190,#5191);
#5190 = CARTESIAN_POINT('',(3.9643,-0.1667,-1.8));
#5191 = VECTOR('',#5192,1.);
#5192 = DIRECTION('',(1.,0.,0.));
#5193 = PLANE('',#5194);
#5194 = AXIS2_PLACEMENT_3D('',#5195,#5196,#5197);
#5195 = CARTESIAN_POINT('',(3.9643,-0.1667,-1.8));
#5196 = DIRECTION('',(0.,0.,-1.));
#5197 = DIRECTION('',(1.,0.,0.));
#5198 = ADVANCED_FACE('',(#5199),#5233,.T.);
#5199 = FACE_BOUND('',#5200,.T.);
#5200 = EDGE_LOOP('',(#5201,#5211,#5219,#5227));
#5201 = ORIENTED_EDGE('',*,*,#5202,.T.);
#5202 = EDGE_CURVE('',#5203,#5205,#5207,.T.);
#5203 = VERTEX_POINT('',#5204);
#5204 = CARTESIAN_POINT('',(3.9643,-0.1667,0.3));
#5205 = VERTEX_POINT('',#5206);
#5206 = CARTESIAN_POINT('',(4.4357,-0.1667,0.3));
#5207 = LINE('',#5208,#5209);
#5208 = CARTESIAN_POINT('',(3.9643,-0.1667,0.3));
#5209 = VECTOR('',#5210,1.);
#5210 = DIRECTION('',(1.,0.,0.));
#5211 = ORIENTED_EDGE('',*,*,#5212,.T.);
#5212 = EDGE_CURVE('',#5205,#5213,#5215,.T.);
#5213 = VERTEX_POINT('',#5214);
#5214 = CARTESIAN_POINT('',(4.4357,-8.33E-02,0.3));
#5215 = LINE('',#5216,#5217);
#5216 = CARTESIAN_POINT('',(4.4357,-0.1667,0.3));
#5217 = VECTOR('',#5218,1.);
#5218 = DIRECTION('',(0.,1.,0.));
#5219 = ORIENTED_EDGE('',*,*,#5220,.F.);
#5220 = EDGE_CURVE('',#5221,#5213,#5223,.T.);
#5221 = VERTEX_POINT('',#5222);
#5222 = CARTESIAN_POINT('',(3.9643,-8.33E-02,0.3));
#5223 = LINE('',#5224,#5225);
#5224 = CARTESIAN_POINT('',(3.9643,-8.33E-02,0.3));
#5225 = VECTOR('',#5226,1.);
#5226 = DIRECTION('',(1.,0.,0.));
#5227 = ORIENTED_EDGE('',*,*,#5228,.F.);
#5228 = EDGE_CURVE('',#5203,#5221,#5229,.T.);
#5229 = LINE('',#5230,#5231);
#5230 = CARTESIAN_POINT('',(3.9643,-0.1667,0.3));
#5231 = VECTOR('',#5232,1.);
#5232 = DIRECTION('',(0.,1.,0.));
#5233 = PLANE('',#5234);
#5234 = AXIS2_PLACEMENT_3D('',#5235,#5236,#5237);
#5235 = CARTESIAN_POINT('',(3.9643,-0.1667,0.3));
#5236 = DIRECTION('',(0.,0.,1.));
#5237 = DIRECTION('',(1.,0.,-0.));
#5238 = ADVANCED_FACE('',(#5239),#5255,.T.);
#5239 = FACE_BOUND('',#5240,.T.);
#5240 = EDGE_LOOP('',(#5241,#5242,#5248,#5249));
#5241 = ORIENTED_EDGE('',*,*,#5188,.T.);
#5242 = ORIENTED_EDGE('',*,*,#5243,.T.);
#5243 = EDGE_CURVE('',#5181,#5205,#5244,.T.);
#5244 = LINE('',#5245,#5246);
#5245 = CARTESIAN_POINT('',(4.4357,-0.1667,-1.8));
#5246 = VECTOR('',#5247,1.);
#5247 = DIRECTION('',(0.,0.,1.));
#5248 = ORIENTED_EDGE('',*,*,#5202,.F.);
#5249 = ORIENTED_EDGE('',*,*,#5250,.F.);
#5250 = EDGE_CURVE('',#5163,#5203,#5251,.T.);
#5251 = LINE('',#5252,#5253);
#5252 = CARTESIAN_POINT('',(3.9643,-0.1667,-1.8));
#5253 = VECTOR('',#5254,1.);
#5254 = DIRECTION('',(0.,0.,1.));
#5255 = PLANE('',#5256);
#5256 = AXIS2_PLACEMENT_3D('',#5257,#5258,#5259);
#5257 = CARTESIAN_POINT('',(3.9643,-0.1667,-1.8));
#5258 = DIRECTION('',(0.,-1.,0.));
#5259 = DIRECTION('',(1.,0.,0.));
#5260 = ADVANCED_FACE('',(#5261),#5277,.T.);
#5261 = FACE_BOUND('',#5262,.T.);
#5262 = EDGE_LOOP('',(#5263,#5269,#5270,#5276));
#5263 = ORIENTED_EDGE('',*,*,#5264,.T.);
#5264 = EDGE_CURVE('',#5165,#5221,#5265,.T.);
#5265 = LINE('',#5266,#5267);
#5266 = CARTESIAN_POINT('',(3.9643,-8.33E-02,-1.8));
#5267 = VECTOR('',#5268,1.);
#5268 = DIRECTION('',(0.,0.,1.));
#5269 = ORIENTED_EDGE('',*,*,#5220,.T.);
#5270 = ORIENTED_EDGE('',*,*,#5271,.F.);
#5271 = EDGE_CURVE('',#5173,#5213,#5272,.T.);
#5272 = LINE('',#5273,#5274);
#5273 = CARTESIAN_POINT('',(4.4357,-8.33E-02,-1.8));
#5274 = VECTOR('',#5275,1.);
#5275 = DIRECTION('',(0.,0.,1.));
#5276 = ORIENTED_EDGE('',*,*,#5172,.F.);
#5277 = PLANE('',#5278);
#5278 = AXIS2_PLACEMENT_3D('',#5279,#5280,#5281);
#5279 = CARTESIAN_POINT('',(3.9643,-8.33E-02,-1.8));
#5280 = DIRECTION('',(0.,1.,0.));
#5281 = DIRECTION('',(1.,0.,0.));
#5282 = ADVANCED_FACE('',(#5283),#5289,.T.);
#5283 = FACE_BOUND('',#5284,.T.);
#5284 = EDGE_LOOP('',(#5285,#5286,#5287,#5288));
#5285 = ORIENTED_EDGE('',*,*,#5250,.T.);
#5286 = ORIENTED_EDGE('',*,*,#5228,.T.);
#5287 = ORIENTED_EDGE('',*,*,#5264,.F.);
#5288 = ORIENTED_EDGE('',*,*,#5162,.F.);
#5289 = PLANE('',#5290);
#5290 = AXIS2_PLACEMENT_3D('',#5291,#5292,#5293);
#5291 = CARTESIAN_POINT('',(3.9643,-0.1667,-1.8));
#5292 = DIRECTION('',(-1.,0.,0.));
#5293 = DIRECTION('',(0.,1.,0.));
#5294 = ADVANCED_FACE('',(#5295),#5301,.T.);
#5295 = FACE_BOUND('',#5296,.T.);
#5296 = EDGE_LOOP('',(#5297,#5298,#5299,#5300));
#5297 = ORIENTED_EDGE('',*,*,#5180,.T.);
#5298 = ORIENTED_EDGE('',*,*,#5271,.T.);
#5299 = ORIENTED_EDGE('',*,*,#5212,.F.);
#5300 = ORIENTED_EDGE('',*,*,#5243,.F.);
#5301 = PLANE('',#5302);
#5302 = AXIS2_PLACEMENT_3D('',#5303,#5304,#5305);
#5303 = CARTESIAN_POINT('',(4.4357,-0.1667,-1.8));
#5304 = DIRECTION('',(1.,0.,0.));
#5305 = DIRECTION('',(-0.,1.,0.));
#5306 = MANIFOLD_SOLID_BREP('',#5307);
#5307 = CLOSED_SHELL('',(#5308,#5348,#5388,#5410,#5432,#5444));
#5308 = ADVANCED_FACE('',(#5309),#5343,.T.);
#5309 = FACE_BOUND('',#5310,.T.);
#5310 = EDGE_LOOP('',(#5311,#5321,#5329,#5337));
#5311 = ORIENTED_EDGE('',*,*,#5312,.T.);
#5312 = EDGE_CURVE('',#5313,#5315,#5317,.T.);
#5313 = VERTEX_POINT('',#5314);
#5314 = CARTESIAN_POINT('',(4.0137,-0.25,-1.8));
#5315 = VERTEX_POINT('',#5316);
#5316 = CARTESIAN_POINT('',(4.0137,-0.1667,-1.8));
#5317 = LINE('',#5318,#5319);
#5318 = CARTESIAN_POINT('',(4.0137,-0.25,-1.8));
#5319 = VECTOR('',#5320,1.);
#5320 = DIRECTION('',(0.,1.,0.));
#5321 = ORIENTED_EDGE('',*,*,#5322,.T.);
#5322 = EDGE_CURVE('',#5315,#5323,#5325,.T.);
#5323 = VERTEX_POINT('',#5324);
#5324 = CARTESIAN_POINT('',(4.3863,-0.1667,-1.8));
#5325 = LINE('',#5326,#5327);
#5326 = CARTESIAN_POINT('',(4.0137,-0.1667,-1.8));
#5327 = VECTOR('',#5328,1.);
#5328 = DIRECTION('',(1.,0.,0.));
#5329 = ORIENTED_EDGE('',*,*,#5330,.F.);
#5330 = EDGE_CURVE('',#5331,#5323,#5333,.T.);
#5331 = VERTEX_POINT('',#5332);
#5332 = CARTESIAN_POINT('',(4.3863,-0.25,-1.8));
#5333 = LINE('',#5334,#5335);
#5334 = CARTESIAN_POINT('',(4.3863,-0.25,-1.8));
#5335 = VECTOR('',#5336,1.);
#5336 = DIRECTION('',(0.,1.,0.));
#5337 = ORIENTED_EDGE('',*,*,#5338,.F.);
#5338 = EDGE_CURVE('',#5313,#5331,#5339,.T.);
#5339 = LINE('',#5340,#5341);
#5340 = CARTESIAN_POINT('',(4.0137,-0.25,-1.8));
#5341 = VECTOR('',#5342,1.);
#5342 = DIRECTION('',(1.,0.,0.));
#5343 = PLANE('',#5344);
#5344 = AXIS2_PLACEMENT_3D('',#5345,#5346,#5347);
#5345 = CARTESIAN_POINT('',(4.0137,-0.25,-1.8));
#5346 = DIRECTION('',(0.,0.,-1.));
#5347 = DIRECTION('',(1.,0.,0.));
#5348 = ADVANCED_FACE('',(#5349),#5383,.T.);
#5349 = FACE_BOUND('',#5350,.T.);
#5350 = EDGE_LOOP('',(#5351,#5361,#5369,#5377));
#5351 = ORIENTED_EDGE('',*,*,#5352,.T.);
#5352 = EDGE_CURVE('',#5353,#5355,#5357,.T.);
#5353 = VERTEX_POINT('',#5354);
#5354 = CARTESIAN_POINT('',(4.0137,-0.25,0.3));
#5355 = VERTEX_POINT('',#5356);
#5356 = CARTESIAN_POINT('',(4.3863,-0.25,0.3));
#5357 = LINE('',#5358,#5359);
#5358 = CARTESIAN_POINT('',(4.0137,-0.25,0.3));
#5359 = VECTOR('',#5360,1.);
#5360 = DIRECTION('',(1.,0.,0.));
#5361 = ORIENTED_EDGE('',*,*,#5362,.T.);
#5362 = EDGE_CURVE('',#5355,#5363,#5365,.T.);
#5363 = VERTEX_POINT('',#5364);
#5364 = CARTESIAN_POINT('',(4.3863,-0.1667,0.3));
#5365 = LINE('',#5366,#5367);
#5366 = CARTESIAN_POINT('',(4.3863,-0.25,0.3));
#5367 = VECTOR('',#5368,1.);
#5368 = DIRECTION('',(0.,1.,0.));
#5369 = ORIENTED_EDGE('',*,*,#5370,.F.);
#5370 = EDGE_CURVE('',#5371,#5363,#5373,.T.);
#5371 = VERTEX_POINT('',#5372);
#5372 = CARTESIAN_POINT('',(4.0137,-0.1667,0.3));
#5373 = LINE('',#5374,#5375);
#5374 = CARTESIAN_POINT('',(4.0137,-0.1667,0.3));
#5375 = VECTOR('',#5376,1.);
#5376 = DIRECTION('',(1.,0.,0.));
#5377 = ORIENTED_EDGE('',*,*,#5378,.F.);
#5378 = EDGE_CURVE('',#5353,#5371,#5379,.T.);
#5379 = LINE('',#5380,#5381);
#5380 = CARTESIAN_POINT('',(4.0137,-0.25,0.3));
#5381 = VECTOR('',#5382,1.);
#5382 = DIRECTION('',(0.,1.,0.));
#5383 = PLANE('',#5384);
#5384 = AXIS2_PLACEMENT_3D('',#5385,#5386,#5387);
#5385 = CARTESIAN_POINT('',(4.0137,-0.25,0.3));
#5386 = DIRECTION('',(0.,0.,1.));
#5387 = DIRECTION('',(1.,0.,-0.));
#5388 = ADVANCED_FACE('',(#5389),#5405,.T.);
#5389 = FACE_BOUND('',#5390,.T.);
#5390 = EDGE_LOOP('',(#5391,#5392,#5398,#5399));
#5391 = ORIENTED_EDGE('',*,*,#5338,.T.);
#5392 = ORIENTED_EDGE('',*,*,#5393,.T.);
#5393 = EDGE_CURVE('',#5331,#5355,#5394,.T.);
#5394 = LINE('',#5395,#5396);
#5395 = CARTESIAN_POINT('',(4.3863,-0.25,-1.8));
#5396 = VECTOR('',#5397,1.);
#5397 = DIRECTION('',(0.,0.,1.));
#5398 = ORIENTED_EDGE('',*,*,#5352,.F.);
#5399 = ORIENTED_EDGE('',*,*,#5400,.F.);
#5400 = EDGE_CURVE('',#5313,#5353,#5401,.T.);
#5401 = LINE('',#5402,#5403);
#5402 = CARTESIAN_POINT('',(4.0137,-0.25,-1.8));
#5403 = VECTOR('',#5404,1.);
#5404 = DIRECTION('',(0.,0.,1.));
#5405 = PLANE('',#5406);
#5406 = AXIS2_PLACEMENT_3D('',#5407,#5408,#5409);
#5407 = CARTESIAN_POINT('',(4.0137,-0.25,-1.8));
#5408 = DIRECTION('',(0.,-1.,0.));
#5409 = DIRECTION('',(1.,0.,0.));
#5410 = ADVANCED_FACE('',(#5411),#5427,.T.);
#5411 = FACE_BOUND('',#5412,.T.);
#5412 = EDGE_LOOP('',(#5413,#5419,#5420,#5426));
#5413 = ORIENTED_EDGE('',*,*,#5414,.T.);
#5414 = EDGE_CURVE('',#5315,#5371,#5415,.T.);
#5415 = LINE('',#5416,#5417);
#5416 = CARTESIAN_POINT('',(4.0137,-0.1667,-1.8));
#5417 = VECTOR('',#5418,1.);
#5418 = DIRECTION('',(0.,0.,1.));
#5419 = ORIENTED_EDGE('',*,*,#5370,.T.);
#5420 = ORIENTED_EDGE('',*,*,#5421,.F.);
#5421 = EDGE_CURVE('',#5323,#5363,#5422,.T.);
#5422 = LINE('',#5423,#5424);
#5423 = CARTESIAN_POINT('',(4.3863,-0.1667,-1.8));
#5424 = VECTOR('',#5425,1.);
#5425 = DIRECTION('',(0.,0.,1.));
#5426 = ORIENTED_EDGE('',*,*,#5322,.F.);
#5427 = PLANE('',#5428);
#5428 = AXIS2_PLACEMENT_3D('',#5429,#5430,#5431);
#5429 = CARTESIAN_POINT('',(4.0137,-0.1667,-1.8));
#5430 = DIRECTION('',(0.,1.,0.));
#5431 = DIRECTION('',(1.,0.,0.));
#5432 = ADVANCED_FACE('',(#5433),#5439,.T.);
#5433 = FACE_BOUND('',#5434,.T.);
#5434 = EDGE_LOOP('',(#5435,#5436,#5437,#5438));
#5435 = ORIENTED_EDGE('',*,*,#5400,.T.);
#5436 = ORIENTED_EDGE('',*,*,#5378,.T.);
#5437 = ORIENTED_EDGE('',*,*,#5414,.F.);
#5438 = ORIENTED_EDGE('',*,*,#5312,.F.);
#5439 = PLANE('',#5440);
#5440 = AXIS2_PLACEMENT_3D('',#5441,#5442,#5443);
#5441 = CARTESIAN_POINT('',(4.0137,-0.25,-1.8));
#5442 = DIRECTION('',(-1.,0.,0.));
#5443 = DIRECTION('',(0.,1.,0.));
#5444 = ADVANCED_FACE('',(#5445),#5451,.T.);
#5445 = FACE_BOUND('',#5446,.T.);
#5446 = EDGE_LOOP('',(#5447,#5448,#5449,#5450));
#5447 = ORIENTED_EDGE('',*,*,#5330,.T.);
#5448 = ORIENTED_EDGE('',*,*,#5421,.T.);
#5449 = ORIENTED_EDGE('',*,*,#5362,.F.);
#5450 = ORIENTED_EDGE('',*,*,#5393,.F.);
#5451 = PLANE('',#5452);
#5452 = AXIS2_PLACEMENT_3D('',#5453,#5454,#5455);
#5453 = CARTESIAN_POINT('',(4.3863,-0.25,-1.8));
#5454 = DIRECTION('',(1.,0.,0.));
#5455 = DIRECTION('',(-0.,1.,0.));
#5456 = MANIFOLD_SOLID_BREP('',#5457);
#5457 = CLOSED_SHELL('',(#5458,#5498,#5538,#5560,#5582,#5594));
#5458 = ADVANCED_FACE('',(#5459),#5493,.T.);
#5459 = FACE_BOUND('',#5460,.T.);
#5460 = EDGE_LOOP('',(#5461,#5471,#5479,#5487));
#5461 = ORIENTED_EDGE('',*,*,#5462,.T.);
#5462 = EDGE_CURVE('',#5463,#5465,#5467,.T.);
#5463 = VERTEX_POINT('',#5464);
#5464 = CARTESIAN_POINT('',(7.9301,0.7083,0.3));
#5465 = VERTEX_POINT('',#5466);
#5466 = CARTESIAN_POINT('',(7.9301,0.85,0.3));
#5467 = LINE('',#5468,#5469);
#5468 = CARTESIAN_POINT('',(7.9301,0.7083,0.3));
#5469 = VECTOR('',#5470,1.);
#5470 = DIRECTION('',(0.,1.,0.));
#5471 = ORIENTED_EDGE('',*,*,#5472,.T.);
#5472 = EDGE_CURVE('',#5465,#5473,#5475,.T.);
#5473 = VERTEX_POINT('',#5474);
#5474 = CARTESIAN_POINT('',(8.8699,0.85,0.3));
#5475 = LINE('',#5476,#5477);
#5476 = CARTESIAN_POINT('',(7.9301,0.85,0.3));
#5477 = VECTOR('',#5478,1.);
#5478 = DIRECTION('',(1.,0.,0.));
#5479 = ORIENTED_EDGE('',*,*,#5480,.F.);
#5480 = EDGE_CURVE('',#5481,#5473,#5483,.T.);
#5481 = VERTEX_POINT('',#5482);
#5482 = CARTESIAN_POINT('',(8.8699,0.7083,0.3));
#5483 = LINE('',#5484,#5485);
#5484 = CARTESIAN_POINT('',(8.8699,0.7083,0.3));
#5485 = VECTOR('',#5486,1.);
#5486 = DIRECTION('',(0.,1.,0.));
#5487 = ORIENTED_EDGE('',*,*,#5488,.F.);
#5488 = EDGE_CURVE('',#5463,#5481,#5489,.T.);
#5489 = LINE('',#5490,#5491);
#5490 = CARTESIAN_POINT('',(7.9301,0.7083,0.3));
#5491 = VECTOR('',#5492,1.);
#5492 = DIRECTION('',(1.,0.,0.));
#5493 = PLANE('',#5494);
#5494 = AXIS2_PLACEMENT_3D('',#5495,#5496,#5497);
#5495 = CARTESIAN_POINT('',(7.9301,0.7083,0.3));
#5496 = DIRECTION('',(0.,0.,-1.));
#5497 = DIRECTION('',(1.,0.,0.));
#5498 = ADVANCED_FACE('',(#5499),#5533,.T.);
#5499 = FACE_BOUND('',#5500,.T.);
#5500 = EDGE_LOOP('',(#5501,#5511,#5519,#5527));
#5501 = ORIENTED_EDGE('',*,*,#5502,.T.);
#5502 = EDGE_CURVE('',#5503,#5505,#5507,.T.);
#5503 = VERTEX_POINT('',#5504);
#5504 = CARTESIAN_POINT('',(7.9301,0.7083,10.));
#5505 = VERTEX_POINT('',#5506);
#5506 = CARTESIAN_POINT('',(8.8699,0.7083,10.));
#5507 = LINE('',#5508,#5509);
#5508 = CARTESIAN_POINT('',(7.9301,0.7083,10.));
#5509 = VECTOR('',#5510,1.);
#5510 = DIRECTION('',(1.,0.,0.));
#5511 = ORIENTED_EDGE('',*,*,#5512,.T.);
#5512 = EDGE_CURVE('',#5505,#5513,#5515,.T.);
#5513 = VERTEX_POINT('',#5514);
#5514 = CARTESIAN_POINT('',(8.8699,0.85,10.));
#5515 = LINE('',#5516,#5517);
#5516 = CARTESIAN_POINT('',(8.8699,0.7083,10.));
#5517 = VECTOR('',#5518,1.);
#5518 = DIRECTION('',(0.,1.,0.));
#5519 = ORIENTED_EDGE('',*,*,#5520,.F.);
#5520 = EDGE_CURVE('',#5521,#5513,#5523,.T.);
#5521 = VERTEX_POINT('',#5522);
#5522 = CARTESIAN_POINT('',(7.9301,0.85,10.));
#5523 = LINE('',#5524,#5525);
#5524 = CARTESIAN_POINT('',(7.9301,0.85,10.));
#5525 = VECTOR('',#5526,1.);
#5526 = DIRECTION('',(1.,0.,0.));
#5527 = ORIENTED_EDGE('',*,*,#5528,.F.);
#5528 = EDGE_CURVE('',#5503,#5521,#5529,.T.);
#5529 = LINE('',#5530,#5531);
#5530 = CARTESIAN_POINT('',(7.9301,0.7083,10.));
#5531 = VECTOR('',#5532,1.);
#5532 = DIRECTION('',(0.,1.,0.));
#5533 = PLANE('',#5534);
#5534 = AXIS2_PLACEMENT_3D('',#5535,#5536,#5537);
#5535 = CARTESIAN_POINT('',(7.9301,0.7083,10.));
#5536 = DIRECTION('',(0.,0.,1.));
#5537 = DIRECTION('',(1.,0.,-0.));
#5538 = ADVANCED_FACE('',(#5539),#5555,.T.);
#5539 = FACE_BOUND('',#5540,.T.);
#5540 = EDGE_LOOP('',(#5541,#5542,#5548,#5549));
#5541 = ORIENTED_EDGE('',*,*,#5488,.T.);
#5542 = ORIENTED_EDGE('',*,*,#5543,.T.);
#5543 = EDGE_CURVE('',#5481,#5505,#5544,.T.);
#5544 = LINE('',#5545,#5546);
#5545 = CARTESIAN_POINT('',(8.8699,0.7083,0.3));
#5546 = VECTOR('',#5547,1.);
#5547 = DIRECTION('',(0.,0.,1.));
#5548 = ORIENTED_EDGE('',*,*,#5502,.F.);
#5549 = ORIENTED_EDGE('',*,*,#5550,.F.);
#5550 = EDGE_CURVE('',#5463,#5503,#5551,.T.);
#5551 = LINE('',#5552,#5553);
#5552 = CARTESIAN_POINT('',(7.9301,0.7083,0.3));
#5553 = VECTOR('',#5554,1.);
#5554 = DIRECTION('',(0.,0.,1.));
#5555 = PLANE('',#5556);
#5556 = AXIS2_PLACEMENT_3D('',#5557,#5558,#5559);
#5557 = CARTESIAN_POINT('',(7.9301,0.7083,0.3));
#5558 = DIRECTION('',(0.,-1.,0.));
#5559 = DIRECTION('',(1.,0.,0.));
#5560 = ADVANCED_FACE('',(#5561),#5577,.T.);
#5561 = FACE_BOUND('',#5562,.T.);
#5562 = EDGE_LOOP('',(#5563,#5569,#5570,#5576));
#5563 = ORIENTED_EDGE('',*,*,#5564,.T.);
#5564 = EDGE_CURVE('',#5465,#5521,#5565,.T.);
#5565 = LINE('',#5566,#5567);
#5566 = CARTESIAN_POINT('',(7.9301,0.85,0.3));
#5567 = VECTOR('',#5568,1.);
#5568 = DIRECTION('',(0.,0.,1.));
#5569 = ORIENTED_EDGE('',*,*,#5520,.T.);
#5570 = ORIENTED_EDGE('',*,*,#5571,.F.);
#5571 = EDGE_CURVE('',#5473,#5513,#5572,.T.);
#5572 = LINE('',#5573,#5574);
#5573 = CARTESIAN_POINT('',(8.8699,0.85,0.3));
#5574 = VECTOR('',#5575,1.);
#5575 = DIRECTION('',(0.,0.,1.));
#5576 = ORIENTED_EDGE('',*,*,#5472,.F.);
#5577 = PLANE('',#5578);
#5578 = AXIS2_PLACEMENT_3D('',#5579,#5580,#5581);
#5579 = CARTESIAN_POINT('',(7.9301,0.85,0.3));
#5580 = DIRECTION('',(0.,1.,0.));
#5581 = DIRECTION('',(1.,0.,0.));
#5582 = ADVANCED_FACE('',(#5583),#5589,.T.);
#5583 = FACE_BOUND('',#5584,.T.);
#5584 = EDGE_LOOP('',(#5585,#5586,#5587,#5588));
#5585 = ORIENTED_EDGE('',*,*,#5550,.T.);
#5586 = ORIENTED_EDGE('',*,*,#5528,.T.);
#5587 = ORIENTED_EDGE('',*,*,#5564,.F.);
#5588 = ORIENTED_EDGE('',*,*,#5462,.F.);
#5589 = PLANE('',#5590);
#5590 = AXIS2_PLACEMENT_3D('',#5591,#5592,#5593);
#5591 = CARTESIAN_POINT('',(7.9301,0.7083,0.3));
#5592 = DIRECTION('',(-1.,0.,0.));
#5593 = DIRECTION('',(0.,1.,0.));
#5594 = ADVANCED_FACE('',(#5595),#5601,.T.);
#5595 = FACE_BOUND('',#5596,.T.);
#5596 = EDGE_LOOP('',(#5597,#5598,#5599,#5600));
#5597 = ORIENTED_EDGE('',*,*,#5480,.T.);
#5598 = ORIENTED_EDGE('',*,*,#5571,.T.);
#5599 = ORIENTED_EDGE('',*,*,#5512,.F.);
#5600 = ORIENTED_EDGE('',*,*,#5543,.F.);
#5601 = PLANE('',#5602);
#5602 = AXIS2_PLACEMENT_3D('',#5603,#5604,#5605);
#5603 = CARTESIAN_POINT('',(8.8699,0.7083,0.3));
#5604 = DIRECTION('',(1.,0.,0.));
#5605 = DIRECTION('',(-0.,1.,0.));
#5606 = MANIFOLD_SOLID_BREP('',#5607);
#5607 = CLOSED_SHELL('',(#5608,#5648,#5688,#5710,#5732,#5744));
#5608 = ADVANCED_FACE('',(#5609),#5643,.T.);
#5609 = FACE_BOUND('',#5610,.T.);
#5610 = EDGE_LOOP('',(#5611,#5621,#5629,#5637));
#5611 = ORIENTED_EDGE('',*,*,#5612,.T.);
#5612 = EDGE_CURVE('',#5613,#5615,#5617,.T.);
#5613 = VERTEX_POINT('',#5614);
#5614 = CARTESIAN_POINT('',(7.7664,0.5667,0.3));
#5615 = VERTEX_POINT('',#5616);
#5616 = CARTESIAN_POINT('',(7.7664,0.7083,0.3));
#5617 = LINE('',#5618,#5619);
#5618 = CARTESIAN_POINT('',(7.7664,0.5667,0.3));
#5619 = VECTOR('',#5620,1.);
#5620 = DIRECTION('',(0.,1.,0.));
#5621 = ORIENTED_EDGE('',*,*,#5622,.T.);
#5622 = EDGE_CURVE('',#5615,#5623,#5625,.T.);
#5623 = VERTEX_POINT('',#5624);
#5624 = CARTESIAN_POINT('',(9.0336,0.7083,0.3));
#5625 = LINE('',#5626,#5627);
#5626 = CARTESIAN_POINT('',(7.7664,0.7083,0.3));
#5627 = VECTOR('',#5628,1.);
#5628 = DIRECTION('',(1.,0.,0.));
#5629 = ORIENTED_EDGE('',*,*,#5630,.F.);
#5630 = EDGE_CURVE('',#5631,#5623,#5633,.T.);
#5631 = VERTEX_POINT('',#5632);
#5632 = CARTESIAN_POINT('',(9.0336,0.5667,0.3));
#5633 = LINE('',#5634,#5635);
#5634 = CARTESIAN_POINT('',(9.0336,0.5667,0.3));
#5635 = VECTOR('',#5636,1.);
#5636 = DIRECTION('',(0.,1.,0.));
#5637 = ORIENTED_EDGE('',*,*,#5638,.F.);
#5638 = EDGE_CURVE('',#5613,#5631,#5639,.T.);
#5639 = LINE('',#5640,#5641);
#5640 = CARTESIAN_POINT('',(7.7664,0.5667,0.3));
#5641 = VECTOR('',#5642,1.);
#5642 = DIRECTION('',(1.,0.,0.));
#5643 = PLANE('',#5644);
#5644 = AXIS2_PLACEMENT_3D('',#5645,#5646,#5647);
#5645 = CARTESIAN_POINT('',(7.7664,0.5667,0.3));
#5646 = DIRECTION('',(0.,0.,-1.));
#5647 = DIRECTION('',(1.,0.,0.));
#5648 = ADVANCED_FACE('',(#5649),#5683,.T.);
#5649 = FACE_BOUND('',#5650,.T.);
#5650 = EDGE_LOOP('',(#5651,#5661,#5669,#5677));
#5651 = ORIENTED_EDGE('',*,*,#5652,.T.);
#5652 = EDGE_CURVE('',#5653,#5655,#5657,.T.);
#5653 = VERTEX_POINT('',#5654);
#5654 = CARTESIAN_POINT('',(7.7664,0.5667,10.));
#5655 = VERTEX_POINT('',#5656);
#5656 = CARTESIAN_POINT('',(9.0336,0.5667,10.));
#5657 = LINE('',#5658,#5659);
#5658 = CARTESIAN_POINT('',(7.7664,0.5667,10.));
#5659 = VECTOR('',#5660,1.);
#5660 = DIRECTION('',(1.,0.,0.));
#5661 = ORIENTED_EDGE('',*,*,#5662,.T.);
#5662 = EDGE_CURVE('',#5655,#5663,#5665,.T.);
#5663 = VERTEX_POINT('',#5664);
#5664 = CARTESIAN_POINT('',(9.0336,0.7083,10.));
#5665 = LINE('',#5666,#5667);
#5666 = CARTESIAN_POINT('',(9.0336,0.5667,10.));
#5667 = VECTOR('',#5668,1.);
#5668 = DIRECTION('',(0.,1.,0.));
#5669 = ORIENTED_EDGE('',*,*,#5670,.F.);
#5670 = EDGE_CURVE('',#5671,#5663,#5673,.T.);
#5671 = VERTEX_POINT('',#5672);
#5672 = CARTESIAN_POINT('',(7.7664,0.7083,10.));
#5673 = LINE('',#5674,#5675);
#5674 = CARTESIAN_POINT('',(7.7664,0.7083,10.));
#5675 = VECTOR('',#5676,1.);
#5676 = DIRECTION('',(1.,0.,0.));
#5677 = ORIENTED_EDGE('',*,*,#5678,.F.);
#5678 = EDGE_CURVE('',#5653,#5671,#5679,.T.);
#5679 = LINE('',#5680,#5681);
#5680 = CARTESIAN_POINT('',(7.7664,0.5667,10.));
#5681 = VECTOR('',#5682,1.);
#5682 = DIRECTION('',(0.,1.,0.));
#5683 = PLANE('',#5684);
#5684 = AXIS2_PLACEMENT_3D('',#5685,#5686,#5687);
#5685 = CARTESIAN_POINT('',(7.7664,0.5667,10.));
#5686 = DIRECTION('',(0.,0.,1.));
#5687 = DIRECTION('',(1.,0.,-0.));
#5688 = ADVANCED_FACE('',(#5689),#5705,.T.);
#5689 = FACE_BOUND('',#5690,.T.);
#5690 = EDGE_LOOP('',(#5691,#5692,#5698,#5699));
#5691 = ORIENTED_EDGE('',*,*,#5638,.T.);
#5692 = ORIENTED_EDGE('',*,*,#5693,.T.);
#5693 = EDGE_CURVE('',#5631,#5655,#5694,.T.);
#5694 = LINE('',#5695,#5696);
#5695 = CARTESIAN_POINT('',(9.0336,0.5667,0.3));
#5696 = VECTOR('',#5697,1.);
#5697 = DIRECTION('',(0.,0.,1.));
#5698 = ORIENTED_EDGE('',*,*,#5652,.F.);
#5699 = ORIENTED_EDGE('',*,*,#5700,.F.);
#5700 = EDGE_CURVE('',#5613,#5653,#5701,.T.);
#5701 = LINE('',#5702,#5703);
#5702 = CARTESIAN_POINT('',(7.7664,0.5667,0.3));
#5703 = VECTOR('',#5704,1.);
#5704 = DIRECTION('',(0.,0.,1.));
#5705 = PLANE('',#5706);
#5706 = AXIS2_PLACEMENT_3D('',#5707,#5708,#5709);
#5707 = CARTESIAN_POINT('',(7.7664,0.5667,0.3));
#5708 = DIRECTION('',(0.,-1.,0.));
#5709 = DIRECTION('',(1.,0.,0.));
#5710 = ADVANCED_FACE('',(#5711),#5727,.T.);
#5711 = FACE_BOUND('',#5712,.T.);
#5712 = EDGE_LOOP('',(#5713,#5719,#5720,#5726));
#5713 = ORIENTED_EDGE('',*,*,#5714,.T.);
#5714 = EDGE_CURVE('',#5615,#5671,#5715,.T.);
#5715 = LINE('',#5716,#5717);
#5716 = CARTESIAN_POINT('',(7.7664,0.7083,0.3));
#5717 = VECTOR('',#5718,1.);
#5718 = DIRECTION('',(0.,0.,1.));
#5719 = ORIENTED_EDGE('',*,*,#5670,.T.);
#5720 = ORIENTED_EDGE('',*,*,#5721,.F.);
#5721 = EDGE_CURVE('',#5623,#5663,#5722,.T.);
#5722 = LINE('',#5723,#5724);
#5723 = CARTESIAN_POINT('',(9.0336,0.7083,0.3));
#5724 = VECTOR('',#5725,1.);
#5725 = DIRECTION('',(0.,0.,1.));
#5726 = ORIENTED_EDGE('',*,*,#5622,.F.);
#5727 = PLANE('',#5728);
#5728 = AXIS2_PLACEMENT_3D('',#5729,#5730,#5731);
#5729 = CARTESIAN_POINT('',(7.7664,0.7083,0.3));
#5730 = DIRECTION('',(0.,1.,0.));
#5731 = DIRECTION('',(1.,0.,0.));
#5732 = ADVANCED_FACE('',(#5733),#5739,.T.);
#5733 = FACE_BOUND('',#5734,.T.);
#5734 = EDGE_LOOP('',(#5735,#5736,#5737,#5738));
#5735 = ORIENTED_EDGE('',*,*,#5700,.T.);
#5736 = ORIENTED_EDGE('',*,*,#5678,.T.);
#5737 = ORIENTED_EDGE('',*,*,#5714,.F.);
#5738 = ORIENTED_EDGE('',*,*,#5612,.F.);
#5739 = PLANE('',#5740);
#5740 = AXIS2_PLACEMENT_3D('',#5741,#5742,#5743);
#5741 = CARTESIAN_POINT('',(7.7664,0.5667,0.3));
#5742 = DIRECTION('',(-1.,0.,0.));
#5743 = DIRECTION('',(0.,1.,0.));
#5744 = ADVANCED_FACE('',(#5745),#5751,.T.);
#5745 = FACE_BOUND('',#5746,.T.);
#5746 = EDGE_LOOP('',(#5747,#5748,#5749,#5750));
#5747 = ORIENTED_EDGE('',*,*,#5630,.T.);
#5748 = ORIENTED_EDGE('',*,*,#5721,.T.);
#5749 = ORIENTED_EDGE('',*,*,#5662,.F.);
#5750 = ORIENTED_EDGE('',*,*,#5693,.F.);
#5751 = PLANE('',#5752);
#5752 = AXIS2_PLACEMENT_3D('',#5753,#5754,#5755);
#5753 = CARTESIAN_POINT('',(9.0336,0.5667,0.3));
#5754 = DIRECTION('',(1.,0.,0.));
#5755 = DIRECTION('',(-0.,1.,0.));
#5756 = MANIFOLD_SOLID_BREP('',#5757);
#5757 = CLOSED_SHELL('',(#5758,#5798,#5838,#5860,#5882,#5894));
#5758 = ADVANCED_FACE('',(#5759),#5793,.T.);
#5759 = FACE_BOUND('',#5760,.T.);
#5760 = EDGE_LOOP('',(#5761,#5771,#5779,#5787));
#5761 = ORIENTED_EDGE('',*,*,#5762,.T.);
#5762 = EDGE_CURVE('',#5763,#5765,#5767,.T.);
#5763 = VERTEX_POINT('',#5764);
#5764 = CARTESIAN_POINT('',(7.6639,0.425,0.3));
#5765 = VERTEX_POINT('',#5766);
#5766 = CARTESIAN_POINT('',(7.6639,0.5667,0.3));
#5767 = LINE('',#5768,#5769);
#5768 = CARTESIAN_POINT('',(7.6639,0.425,0.3));
#5769 = VECTOR('',#5770,1.);
#5770 = DIRECTION('',(0.,1.,0.));
#5771 = ORIENTED_EDGE('',*,*,#5772,.T.);
#5772 = EDGE_CURVE('',#5765,#5773,#5775,.T.);
#5773 = VERTEX_POINT('',#5774);
#5774 = CARTESIAN_POINT('',(9.1361,0.5667,0.3));
#5775 = LINE('',#5776,#5777);
#5776 = CARTESIAN_POINT('',(7.6639,0.5667,0.3));
#5777 = VECTOR('',#5778,1.);
#5778 = DIRECTION('',(1.,0.,0.));
#5779 = ORIENTED_EDGE('',*,*,#5780,.F.);
#5780 = EDGE_CURVE('',#5781,#5773,#5783,.T.);
#5781 = VERTEX_POINT('',#5782);
#5782 = CARTESIAN_POINT('',(9.1361,0.425,0.3));
#5783 = LINE('',#5784,#5785);
#5784 = CARTESIAN_POINT('',(9.1361,0.425,0.3));
#5785 = VECTOR('',#5786,1.);
#5786 = DIRECTION('',(0.,1.,0.));
#5787 = ORIENTED_EDGE('',*,*,#5788,.F.);
#5788 = EDGE_CURVE('',#5763,#5781,#5789,.T.);
#5789 = LINE('',#5790,#5791);
#5790 = CARTESIAN_POINT('',(7.6639,0.425,0.3));
#5791 = VECTOR('',#5792,1.);
#5792 = DIRECTION('',(1.,0.,0.));
#5793 = PLANE('',#5794);
#5794 = AXIS2_PLACEMENT_3D('',#5795,#5796,#5797);
#5795 = CARTESIAN_POINT('',(7.6639,0.425,0.3));
#5796 = DIRECTION('',(0.,0.,-1.));
#5797 = DIRECTION('',(1.,0.,0.));
#5798 = ADVANCED_FACE('',(#5799),#5833,.T.);
#5799 = FACE_BOUND('',#5800,.T.);
#5800 = EDGE_LOOP('',(#5801,#5811,#5819,#5827));
#5801 = ORIENTED_EDGE('',*,*,#5802,.T.);
#5802 = EDGE_CURVE('',#5803,#5805,#5807,.T.);
#5803 = VERTEX_POINT('',#5804);
#5804 = CARTESIAN_POINT('',(7.6639,0.425,10.));
#5805 = VERTEX_POINT('',#5806);
#5806 = CARTESIAN_POINT('',(9.1361,0.425,10.));
#5807 = LINE('',#5808,#5809);
#5808 = CARTESIAN_POINT('',(7.6639,0.425,10.));
#5809 = VECTOR('',#5810,1.);
#5810 = DIRECTION('',(1.,0.,0.));
#5811 = ORIENTED_EDGE('',*,*,#5812,.T.);
#5812 = EDGE_CURVE('',#5805,#5813,#5815,.T.);
#5813 = VERTEX_POINT('',#5814);
#5814 = CARTESIAN_POINT('',(9.1361,0.5667,10.));
#5815 = LINE('',#5816,#5817);
#5816 = CARTESIAN_POINT('',(9.1361,0.425,10.));
#5817 = VECTOR('',#5818,1.);
#5818 = DIRECTION('',(0.,1.,0.));
#5819 = ORIENTED_EDGE('',*,*,#5820,.F.);
#5820 = EDGE_CURVE('',#5821,#5813,#5823,.T.);
#5821 = VERTEX_POINT('',#5822);
#5822 = CARTESIAN_POINT('',(7.6639,0.5667,10.));
#5823 = LINE('',#5824,#5825);
#5824 = CARTESIAN_POINT('',(7.6639,0.5667,10.));
#5825 = VECTOR('',#5826,1.);
#5826 = DIRECTION('',(1.,0.,0.));
#5827 = ORIENTED_EDGE('',*,*,#5828,.F.);
#5828 = EDGE_CURVE('',#5803,#5821,#5829,.T.);
#5829 = LINE('',#5830,#5831);
#5830 = CARTESIAN_POINT('',(7.6639,0.425,10.));
#5831 = VECTOR('',#5832,1.);
#5832 = DIRECTION('',(0.,1.,0.));
#5833 = PLANE('',#5834);
#5834 = AXIS2_PLACEMENT_3D('',#5835,#5836,#5837);
#5835 = CARTESIAN_POINT('',(7.6639,0.425,10.));
#5836 = DIRECTION('',(0.,0.,1.));
#5837 = DIRECTION('',(1.,0.,-0.));
#5838 = ADVANCED_FACE('',(#5839),#5855,.T.);
#5839 = FACE_BOUND('',#5840,.T.);
#5840 = EDGE_LOOP('',(#5841,#5842,#5848,#5849));
#5841 = ORIENTED_EDGE('',*,*,#5788,.T.);
#5842 = ORIENTED_EDGE('',*,*,#5843,.T.);
#5843 = EDGE_CURVE('',#5781,#5805,#5844,.T.);
#5844 = LINE('',#5845,#5846);
#5845 = CARTESIAN_POINT('',(9.1361,0.425,0.3));
#5846 = VECTOR('',#5847,1.);
#5847 = DIRECTION('',(0.,0.,1.));
#5848 = ORIENTED_EDGE('',*,*,#5802,.F.);
#5849 = ORIENTED_EDGE('',*,*,#5850,.F.);
#5850 = EDGE_CURVE('',#5763,#5803,#5851,.T.);
#5851 = LINE('',#5852,#5853);
#5852 = CARTESIAN_POINT('',(7.6639,0.425,0.3));
#5853 = VECTOR('',#5854,1.);
#5854 = DIRECTION('',(0.,0.,1.));
#5855 = PLANE('',#5856);
#5856 = AXIS2_PLACEMENT_3D('',#5857,#5858,#5859);
#5857 = CARTESIAN_POINT('',(7.6639,0.425,0.3));
#5858 = DIRECTION('',(0.,-1.,0.));
#5859 = DIRECTION('',(1.,0.,0.));
#5860 = ADVANCED_FACE('',(#5861),#5877,.T.);
#5861 = FACE_BOUND('',#5862,.T.);
#5862 = EDGE_LOOP('',(#5863,#5869,#5870,#5876));
#5863 = ORIENTED_EDGE('',*,*,#5864,.T.);
#5864 = EDGE_CURVE('',#5765,#5821,#5865,.T.);
#5865 = LINE('',#5866,#5867);
#5866 = CARTESIAN_POINT('',(7.6639,0.5667,0.3));
#5867 = VECTOR('',#5868,1.);
#5868 = DIRECTION('',(0.,0.,1.));
#5869 = ORIENTED_EDGE('',*,*,#5820,.T.);
#5870 = ORIENTED_EDGE('',*,*,#5871,.F.);
#5871 = EDGE_CURVE('',#5773,#5813,#5872,.T.);
#5872 = LINE('',#5873,#5874);
#5873 = CARTESIAN_POINT('',(9.1361,0.5667,0.3));
#5874 = VECTOR('',#5875,1.);
#5875 = DIRECTION('',(0.,0.,1.));
#5876 = ORIENTED_EDGE('',*,*,#5772,.F.);
#5877 = PLANE('',#5878);
#5878 = AXIS2_PLACEMENT_3D('',#5879,#5880,#5881);
#5879 = CARTESIAN_POINT('',(7.6639,0.5667,0.3));
#5880 = DIRECTION('',(0.,1.,0.));
#5881 = DIRECTION('',(1.,0.,0.));
#5882 = ADVANCED_FACE('',(#5883),#5889,.T.);
#5883 = FACE_BOUND('',#5884,.T.);
#5884 = EDGE_LOOP('',(#5885,#5886,#5887,#5888));
#5885 = ORIENTED_EDGE('',*,*,#5850,.T.);
#5886 = ORIENTED_EDGE('',*,*,#5828,.T.);
#5887 = ORIENTED_EDGE('',*,*,#5864,.F.);
#5888 = ORIENTED_EDGE('',*,*,#5762,.F.);
#5889 = PLANE('',#5890);
#5890 = AXIS2_PLACEMENT_3D('',#5891,#5892,#5893);
#5891 = CARTESIAN_POINT('',(7.6639,0.425,0.3));
#5892 = DIRECTION('',(-1.,0.,0.));
#5893 = DIRECTION('',(0.,1.,0.));
#5894 = ADVANCED_FACE('',(#5895),#5901,.T.);
#5895 = FACE_BOUND('',#5896,.T.);
#5896 = EDGE_LOOP('',(#5897,#5898,#5899,#5900));
#5897 = ORIENTED_EDGE('',*,*,#5780,.T.);
#5898 = ORIENTED_EDGE('',*,*,#5871,.T.);
#5899 = ORIENTED_EDGE('',*,*,#5812,.F.);
#5900 = ORIENTED_EDGE('',*,*,#5843,.F.);
#5901 = PLANE('',#5902);
#5902 = AXIS2_PLACEMENT_3D('',#5903,#5904,#5905);
#5903 = CARTESIAN_POINT('',(9.1361,0.425,0.3));
#5904 = DIRECTION('',(1.,0.,0.));
#5905 = DIRECTION('',(-0.,1.,0.));
#5906 = MANIFOLD_SOLID_BREP('',#5907);
#5907 = CLOSED_SHELL('',(#5908,#5948,#5988,#6010,#6032,#6044));
#5908 = ADVANCED_FACE('',(#5909),#5943,.T.);
#5909 = FACE_BOUND('',#5910,.T.);
#5910 = EDGE_LOOP('',(#5911,#5921,#5929,#5937));
#5911 = ORIENTED_EDGE('',*,*,#5912,.T.);
#5912 = EDGE_CURVE('',#5913,#5915,#5917,.T.);
#5913 = VERTEX_POINT('',#5914);
#5914 = CARTESIAN_POINT('',(7.5986,0.2833,0.3));
#5915 = VERTEX_POINT('',#5916);
#5916 = CARTESIAN_POINT('',(7.5986,0.425,0.3));
#5917 = LINE('',#5918,#5919);
#5918 = CARTESIAN_POINT('',(7.5986,0.2833,0.3));
#5919 = VECTOR('',#5920,1.);
#5920 = DIRECTION('',(0.,1.,0.));
#5921 = ORIENTED_EDGE('',*,*,#5922,.T.);
#5922 = EDGE_CURVE('',#5915,#5923,#5925,.T.);
#5923 = VERTEX_POINT('',#5924);
#5924 = CARTESIAN_POINT('',(9.2014,0.425,0.3));
#5925 = LINE('',#5926,#5927);
#5926 = CARTESIAN_POINT('',(7.5986,0.425,0.3));
#5927 = VECTOR('',#5928,1.);
#5928 = DIRECTION('',(1.,0.,0.));
#5929 = ORIENTED_EDGE('',*,*,#5930,.F.);
#5930 = EDGE_CURVE('',#5931,#5923,#5933,.T.);
#5931 = VERTEX_POINT('',#5932);
#5932 = CARTESIAN_POINT('',(9.2014,0.2833,0.3));
#5933 = LINE('',#5934,#5935);
#5934 = CARTESIAN_POINT('',(9.2014,0.2833,0.3));
#5935 = VECTOR('',#5936,1.);
#5936 = DIRECTION('',(0.,1.,0.));
#5937 = ORIENTED_EDGE('',*,*,#5938,.F.);
#5938 = EDGE_CURVE('',#5913,#5931,#5939,.T.);
#5939 = LINE('',#5940,#5941);
#5940 = CARTESIAN_POINT('',(7.5986,0.2833,0.3));
#5941 = VECTOR('',#5942,1.);
#5942 = DIRECTION('',(1.,0.,0.));
#5943 = PLANE('',#5944);
#5944 = AXIS2_PLACEMENT_3D('',#5945,#5946,#5947);
#5945 = CARTESIAN_POINT('',(7.5986,0.2833,0.3));
#5946 = DIRECTION('',(0.,0.,-1.));
#5947 = DIRECTION('',(1.,0.,0.));
#5948 = ADVANCED_FACE('',(#5949),#5983,.T.);
#5949 = FACE_BOUND('',#5950,.T.);
#5950 = EDGE_LOOP('',(#5951,#5961,#5969,#5977));
#5951 = ORIENTED_EDGE('',*,*,#5952,.T.);
#5952 = EDGE_CURVE('',#5953,#5955,#5957,.T.);
#5953 = VERTEX_POINT('',#5954);
#5954 = CARTESIAN_POINT('',(7.5986,0.2833,10.));
#5955 = VERTEX_POINT('',#5956);
#5956 = CARTESIAN_POINT('',(9.2014,0.2833,10.));
#5957 = LINE('',#5958,#5959);
#5958 = CARTESIAN_POINT('',(7.5986,0.2833,10.));
#5959 = VECTOR('',#5960,1.);
#5960 = DIRECTION('',(1.,0.,0.));
#5961 = ORIENTED_EDGE('',*,*,#5962,.T.);
#5962 = EDGE_CURVE('',#5955,#5963,#5965,.T.);
#5963 = VERTEX_POINT('',#5964);
#5964 = CARTESIAN_POINT('',(9.2014,0.425,10.));
#5965 = LINE('',#5966,#5967);
#5966 = CARTESIAN_POINT('',(9.2014,0.2833,10.));
#5967 = VECTOR('',#5968,1.);
#5968 = DIRECTION('',(0.,1.,0.));
#5969 = ORIENTED_EDGE('',*,*,#5970,.F.);
#5970 = EDGE_CURVE('',#5971,#5963,#5973,.T.);
#5971 = VERTEX_POINT('',#5972);
#5972 = CARTESIAN_POINT('',(7.5986,0.425,10.));
#5973 = LINE('',#5974,#5975);
#5974 = CARTESIAN_POINT('',(7.5986,0.425,10.));
#5975 = VECTOR('',#5976,1.);
#5976 = DIRECTION('',(1.,0.,0.));
#5977 = ORIENTED_EDGE('',*,*,#5978,.F.);
#5978 = EDGE_CURVE('',#5953,#5971,#5979,.T.);
#5979 = LINE('',#5980,#5981);
#5980 = CARTESIAN_POINT('',(7.5986,0.2833,10.));
#5981 = VECTOR('',#5982,1.);
#5982 = DIRECTION('',(0.,1.,0.));
#5983 = PLANE('',#5984);
#5984 = AXIS2_PLACEMENT_3D('',#5985,#5986,#5987);
#5985 = CARTESIAN_POINT('',(7.5986,0.2833,10.));
#5986 = DIRECTION('',(0.,0.,1.));
#5987 = DIRECTION('',(1.,0.,-0.));
#5988 = ADVANCED_FACE('',(#5989),#6005,.T.);
#5989 = FACE_BOUND('',#5990,.T.);
#5990 = EDGE_LOOP('',(#5991,#5992,#5998,#5999));
#5991 = ORIENTED_EDGE('',*,*,#5938,.T.);
#5992 = ORIENTED_EDGE('',*,*,#5993,.T.);
#5993 = EDGE_CURVE('',#5931,#5955,#5994,.T.);
#5994 = LINE('',#5995,#5996);
#5995 = CARTESIAN_POINT('',(9.2014,0.2833,0.3));
#5996 = VECTOR('',#5997,1.);
#5997 = DIRECTION('',(0.,0.,1.));
#5998 = ORIENTED_EDGE('',*,*,#5952,.F.);
#5999 = ORIENTED_EDGE('',*,*,#6000,.F.);
#6000 = EDGE_CURVE('',#5913,#5953,#6001,.T.);
#6001 = LINE('',#6002,#6003);
#6002 = CARTESIAN_POINT('',(7.5986,0.2833,0.3));
#6003 = VECTOR('',#6004,1.);
#6004 = DIRECTION('',(0.,0.,1.));
#6005 = PLANE('',#6006);
#6006 = AXIS2_PLACEMENT_3D('',#6007,#6008,#6009);
#6007 = CARTESIAN_POINT('',(7.5986,0.2833,0.3));
#6008 = DIRECTION('',(0.,-1.,0.));
#6009 = DIRECTION('',(1.,0.,0.));
#6010 = ADVANCED_FACE('',(#6011),#6027,.T.);
#6011 = FACE_BOUND('',#6012,.T.);
#6012 = EDGE_LOOP('',(#6013,#6019,#6020,#6026));
#6013 = ORIENTED_EDGE('',*,*,#6014,.T.);
#6014 = EDGE_CURVE('',#5915,#5971,#6015,.T.);
#6015 = LINE('',#6016,#6017);
#6016 = CARTESIAN_POINT('',(7.5986,0.425,0.3));
#6017 = VECTOR('',#6018,1.);
#6018 = DIRECTION('',(0.,0.,1.));
#6019 = ORIENTED_EDGE('',*,*,#5970,.T.);
#6020 = ORIENTED_EDGE('',*,*,#6021,.F.);
#6021 = EDGE_CURVE('',#5923,#5963,#6022,.T.);
#6022 = LINE('',#6023,#6024);
#6023 = CARTESIAN_POINT('',(9.2014,0.425,0.3));
#6024 = VECTOR('',#6025,1.);
#6025 = DIRECTION('',(0.,0.,1.));
#6026 = ORIENTED_EDGE('',*,*,#5922,.F.);
#6027 = PLANE('',#6028);
#6028 = AXIS2_PLACEMENT_3D('',#6029,#6030,#6031);
#6029 = CARTESIAN_POINT('',(7.5986,0.425,0.3));
#6030 = DIRECTION('',(0.,1.,0.));
#6031 = DIRECTION('',(1.,0.,0.));
#6032 = ADVANCED_FACE('',(#6033),#6039,.T.);
#6033 = FACE_BOUND('',#6034,.T.);
#6034 = EDGE_LOOP('',(#6035,#6036,#6037,#6038));
#6035 = ORIENTED_EDGE('',*,*,#6000,.T.);
#6036 = ORIENTED_EDGE('',*,*,#5978,.T.);
#6037 = ORIENTED_EDGE('',*,*,#6014,.F.);
#6038 = ORIENTED_EDGE('',*,*,#5912,.F.);
#6039 = PLANE('',#6040);
#6040 = AXIS2_PLACEMENT_3D('',#6041,#6042,#6043);
#6041 = CARTESIAN_POINT('',(7.5986,0.2833,0.3));
#6042 = DIRECTION('',(-1.,0.,0.));
#6043 = DIRECTION('',(0.,1.,0.));
#6044 = ADVANCED_FACE('',(#6045),#6051,.T.);
#6045 = FACE_BOUND('',#6046,.T.);
#6046 = EDGE_LOOP('',(#6047,#6048,#6049,#6050));
#6047 = ORIENTED_EDGE('',*,*,#5930,.T.);
#6048 = ORIENTED_EDGE('',*,*,#6021,.T.);
#6049 = ORIENTED_EDGE('',*,*,#5962,.F.);
#6050 = ORIENTED_EDGE('',*,*,#5993,.F.);
#6051 = PLANE('',#6052);
#6052 = AXIS2_PLACEMENT_3D('',#6053,#6054,#6055);
#6053 = CARTESIAN_POINT('',(9.2014,0.2833,0.3));
#6054 = DIRECTION('',(1.,0.,0.));
#6055 = DIRECTION('',(-0.,1.,0.));
#6056 = MANIFOLD_SOLID_BREP('',#6057);
#6057 = CLOSED_SHELL('',(#6058,#6098,#6138,#6160,#6182,#6194));
#6058 = ADVANCED_FACE('',(#6059),#6093,.T.);
#6059 = FACE_BOUND('',#6060,.T.);
#6060 = EDGE_LOOP('',(#6061,#6071,#6079,#6087));
#6061 = ORIENTED_EDGE('',*,*,#6062,.T.);
#6062 = EDGE_CURVE('',#6063,#6065,#6067,.T.);
#6063 = VERTEX_POINT('',#6064);
#6064 = CARTESIAN_POINT('',(7.5619,0.1417,0.3));
#6065 = VERTEX_POINT('',#6066);
#6066 = CARTESIAN_POINT('',(7.5619,0.2833,0.3));
#6067 = LINE('',#6068,#6069);
#6068 = CARTESIAN_POINT('',(7.5619,0.1417,0.3));
#6069 = VECTOR('',#6070,1.);
#6070 = DIRECTION('',(0.,1.,0.));
#6071 = ORIENTED_EDGE('',*,*,#6072,.T.);
#6072 = EDGE_CURVE('',#6065,#6073,#6075,.T.);
#6073 = VERTEX_POINT('',#6074);
#6074 = CARTESIAN_POINT('',(9.2381,0.2833,0.3));
#6075 = LINE('',#6076,#6077);
#6076 = CARTESIAN_POINT('',(7.5619,0.2833,0.3));
#6077 = VECTOR('',#6078,1.);
#6078 = DIRECTION('',(1.,0.,0.));
#6079 = ORIENTED_EDGE('',*,*,#6080,.F.);
#6080 = EDGE_CURVE('',#6081,#6073,#6083,.T.);
#6081 = VERTEX_POINT('',#6082);
#6082 = CARTESIAN_POINT('',(9.2381,0.1417,0.3));
#6083 = LINE('',#6084,#6085);
#6084 = CARTESIAN_POINT('',(9.2381,0.1417,0.3));
#6085 = VECTOR('',#6086,1.);
#6086 = DIRECTION('',(0.,1.,0.));
#6087 = ORIENTED_EDGE('',*,*,#6088,.F.);
#6088 = EDGE_CURVE('',#6063,#6081,#6089,.T.);
#6089 = LINE('',#6090,#6091);
#6090 = CARTESIAN_POINT('',(7.5619,0.1417,0.3));
#6091 = VECTOR('',#6092,1.);
#6092 = DIRECTION('',(1.,0.,0.));
#6093 = PLANE('',#6094);
#6094 = AXIS2_PLACEMENT_3D('',#6095,#6096,#6097);
#6095 = CARTESIAN_POINT('',(7.5619,0.1417,0.3));
#6096 = DIRECTION('',(0.,0.,-1.));
#6097 = DIRECTION('',(1.,0.,0.));
#6098 = ADVANCED_FACE('',(#6099),#6133,.T.);
#6099 = FACE_BOUND('',#6100,.T.);
#6100 = EDGE_LOOP('',(#6101,#6111,#6119,#6127));
#6101 = ORIENTED_EDGE('',*,*,#6102,.T.);
#6102 = EDGE_CURVE('',#6103,#6105,#6107,.T.);
#6103 = VERTEX_POINT('',#6104);
#6104 = CARTESIAN_POINT('',(7.5619,0.1417,10.));
#6105 = VERTEX_POINT('',#6106);
#6106 = CARTESIAN_POINT('',(9.2381,0.1417,10.));
#6107 = LINE('',#6108,#6109);
#6108 = CARTESIAN_POINT('',(7.5619,0.1417,10.));
#6109 = VECTOR('',#6110,1.);
#6110 = DIRECTION('',(1.,0.,0.));
#6111 = ORIENTED_EDGE('',*,*,#6112,.T.);
#6112 = EDGE_CURVE('',#6105,#6113,#6115,.T.);
#6113 = VERTEX_POINT('',#6114);
#6114 = CARTESIAN_POINT('',(9.2381,0.2833,10.));
#6115 = LINE('',#6116,#6117);
#6116 = CARTESIAN_POINT('',(9.2381,0.1417,10.));
#6117 = VECTOR('',#6118,1.);
#6118 = DIRECTION('',(0.,1.,0.));
#6119 = ORIENTED_EDGE('',*,*,#6120,.F.);
#6120 = EDGE_CURVE('',#6121,#6113,#6123,.T.);
#6121 = VERTEX_POINT('',#6122);
#6122 = CARTESIAN_POINT('',(7.5619,0.2833,10.));
#6123 = LINE('',#6124,#6125);
#6124 = CARTESIAN_POINT('',(7.5619,0.2833,10.));
#6125 = VECTOR('',#6126,1.);
#6126 = DIRECTION('',(1.,0.,0.));
#6127 = ORIENTED_EDGE('',*,*,#6128,.F.);
#6128 = EDGE_CURVE('',#6103,#6121,#6129,.T.);
#6129 = LINE('',#6130,#6131);
#6130 = CARTESIAN_POINT('',(7.5619,0.1417,10.));
#6131 = VECTOR('',#6132,1.);
#6132 = DIRECTION('',(0.,1.,0.));
#6133 = PLANE('',#6134);
#6134 = AXIS2_PLACEMENT_3D('',#6135,#6136,#6137);
#6135 = CARTESIAN_POINT('',(7.5619,0.1417,10.));
#6136 = DIRECTION('',(0.,0.,1.));
#6137 = DIRECTION('',(1.,0.,-0.));
#6138 = ADVANCED_FACE('',(#6139),#6155,.T.);
#6139 = FACE_BOUND('',#6140,.T.);
#6140 = EDGE_LOOP('',(#6141,#6142,#6148,#6149));
#6141 = ORIENTED_EDGE('',*,*,#6088,.T.);
#6142 = ORIENTED_EDGE('',*,*,#6143,.T.);
#6143 = EDGE_CURVE('',#6081,#6105,#6144,.T.);
#6144 = LINE('',#6145,#6146);
#6145 = CARTESIAN_POINT('',(9.2381,0.1417,0.3));
#6146 = VECTOR('',#6147,1.);
#6147 = DIRECTION('',(0.,0.,1.));
#6148 = ORIENTED_EDGE('',*,*,#6102,.F.);
#6149 = ORIENTED_EDGE('',*,*,#6150,.F.);
#6150 = EDGE_CURVE('',#6063,#6103,#6151,.T.);
#6151 = LINE('',#6152,#6153);
#6152 = CARTESIAN_POINT('',(7.5619,0.1417,0.3));
#6153 = VECTOR('',#6154,1.);
#6154 = DIRECTION('',(0.,0.,1.));
#6155 = PLANE('',#6156);
#6156 = AXIS2_PLACEMENT_3D('',#6157,#6158,#6159);
#6157 = CARTESIAN_POINT('',(7.5619,0.1417,0.3));
#6158 = DIRECTION('',(0.,-1.,0.));
#6159 = DIRECTION('',(1.,0.,0.));
#6160 = ADVANCED_FACE('',(#6161),#6177,.T.);
#6161 = FACE_BOUND('',#6162,.T.);
#6162 = EDGE_LOOP('',(#6163,#6169,#6170,#6176));
#6163 = ORIENTED_EDGE('',*,*,#6164,.T.);
#6164 = EDGE_CURVE('',#6065,#6121,#6165,.T.);
#6165 = LINE('',#6166,#6167);
#6166 = CARTESIAN_POINT('',(7.5619,0.2833,0.3));
#6167 = VECTOR('',#6168,1.);
#6168 = DIRECTION('',(0.,0.,1.));
#6169 = ORIENTED_EDGE('',*,*,#6120,.T.);
#6170 = ORIENTED_EDGE('',*,*,#6171,.F.);
#6171 = EDGE_CURVE('',#6073,#6113,#6172,.T.);
#6172 = LINE('',#6173,#6174);
#6173 = CARTESIAN_POINT('',(9.2381,0.2833,0.3));
#6174 = VECTOR('',#6175,1.);
#6175 = DIRECTION('',(0.,0.,1.));
#6176 = ORIENTED_EDGE('',*,*,#6072,.F.);
#6177 = PLANE('',#6178);
#6178 = AXIS2_PLACEMENT_3D('',#6179,#6180,#6181);
#6179 = CARTESIAN_POINT('',(7.5619,0.2833,0.3));
#6180 = DIRECTION('',(0.,1.,0.));
#6181 = DIRECTION('',(1.,0.,0.));
#6182 = ADVANCED_FACE('',(#6183),#6189,.T.);
#6183 = FACE_BOUND('',#6184,.T.);
#6184 = EDGE_LOOP('',(#6185,#6186,#6187,#6188));
#6185 = ORIENTED_EDGE('',*,*,#6150,.T.);
#6186 = ORIENTED_EDGE('',*,*,#6128,.T.);
#6187 = ORIENTED_EDGE('',*,*,#6164,.F.);
#6188 = ORIENTED_EDGE('',*,*,#6062,.F.);
#6189 = PLANE('',#6190);
#6190 = AXIS2_PLACEMENT_3D('',#6191,#6192,#6193);
#6191 = CARTESIAN_POINT('',(7.5619,0.1417,0.3));
#6192 = DIRECTION('',(-1.,0.,0.));
#6193 = DIRECTION('',(0.,1.,0.));
#6194 = ADVANCED_FACE('',(#6195),#6201,.T.);
#6195 = FACE_BOUND('',#6196,.T.);
#6196 = EDGE_LOOP('',(#6197,#6198,#6199,#6200));
#6197 = ORIENTED_EDGE('',*,*,#6080,.T.);
#6198 = ORIENTED_EDGE('',*,*,#6171,.T.);
#6199 = ORIENTED_EDGE('',*,*,#6112,.F.);
#6200 = ORIENTED_EDGE('',*,*,#6143,.F.);
#6201 = PLANE('',#6202);
#6202 = AXIS2_PLACEMENT_3D('',#6203,#6204,#6205);
#6203 = CARTESIAN_POINT('',(9.2381,0.1417,0.3));
#6204 = DIRECTION('',(1.,0.,0.));
#6205 = DIRECTION('',(-0.,1.,0.));
#6206 = MANIFOLD_SOLID_BREP('',#6207);
#6207 = CLOSED_SHELL('',(#6208,#6248,#6288,#6310,#6332,#6344));
#6208 = ADVANCED_FACE('',(#6209),#6243,.T.);
#6209 = FACE_BOUND('',#6210,.T.);
#6210 = EDGE_LOOP('',(#6211,#6221,#6229,#6237));
#6211 = ORIENTED_EDGE('',*,*,#6212,.T.);
#6212 = EDGE_CURVE('',#6213,#6215,#6217,.T.);
#6213 = VERTEX_POINT('',#6214);
#6214 = CARTESIAN_POINT('',(7.55,-0.,0.3));
#6215 = VERTEX_POINT('',#6216);
#6216 = CARTESIAN_POINT('',(7.55,0.1417,0.3));
#6217 = LINE('',#6218,#6219);
#6218 = CARTESIAN_POINT('',(7.55,-0.,0.3));
#6219 = VECTOR('',#6220,1.);
#6220 = DIRECTION('',(0.,1.,0.));
#6221 = ORIENTED_EDGE('',*,*,#6222,.T.);
#6222 = EDGE_CURVE('',#6215,#6223,#6225,.T.);
#6223 = VERTEX_POINT('',#6224);
#6224 = CARTESIAN_POINT('',(9.25,0.1417,0.3));
#6225 = LINE('',#6226,#6227);
#6226 = CARTESIAN_POINT('',(7.55,0.1417,0.3));
#6227 = VECTOR('',#6228,1.);
#6228 = DIRECTION('',(1.,0.,0.));
#6229 = ORIENTED_EDGE('',*,*,#6230,.F.);
#6230 = EDGE_CURVE('',#6231,#6223,#6233,.T.);
#6231 = VERTEX_POINT('',#6232);
#6232 = CARTESIAN_POINT('',(9.25,-0.,0.3));
#6233 = LINE('',#6234,#6235);
#6234 = CARTESIAN_POINT('',(9.25,-0.,0.3));
#6235 = VECTOR('',#6236,1.);
#6236 = DIRECTION('',(0.,1.,0.));
#6237 = ORIENTED_EDGE('',*,*,#6238,.F.);
#6238 = EDGE_CURVE('',#6213,#6231,#6239,.T.);
#6239 = LINE('',#6240,#6241);
#6240 = CARTESIAN_POINT('',(7.55,-0.,0.3));
#6241 = VECTOR('',#6242,1.);
#6242 = DIRECTION('',(1.,0.,0.));
#6243 = PLANE('',#6244);
#6244 = AXIS2_PLACEMENT_3D('',#6245,#6246,#6247);
#6245 = CARTESIAN_POINT('',(7.55,-0.,0.3));
#6246 = DIRECTION('',(0.,0.,-1.));
#6247 = DIRECTION('',(1.,0.,0.));
#6248 = ADVANCED_FACE('',(#6249),#6283,.T.);
#6249 = FACE_BOUND('',#6250,.T.);
#6250 = EDGE_LOOP('',(#6251,#6261,#6269,#6277));
#6251 = ORIENTED_EDGE('',*,*,#6252,.T.);
#6252 = EDGE_CURVE('',#6253,#6255,#6257,.T.);
#6253 = VERTEX_POINT('',#6254);
#6254 = CARTESIAN_POINT('',(7.55,-0.,10.));
#6255 = VERTEX_POINT('',#6256);
#6256 = CARTESIAN_POINT('',(9.25,-0.,10.));
#6257 = LINE('',#6258,#6259);
#6258 = CARTESIAN_POINT('',(7.55,-0.,10.));
#6259 = VECTOR('',#6260,1.);
#6260 = DIRECTION('',(1.,0.,0.));
#6261 = ORIENTED_EDGE('',*,*,#6262,.T.);
#6262 = EDGE_CURVE('',#6255,#6263,#6265,.T.);
#6263 = VERTEX_POINT('',#6264);
#6264 = CARTESIAN_POINT('',(9.25,0.1417,10.));
#6265 = LINE('',#6266,#6267);
#6266 = CARTESIAN_POINT('',(9.25,-0.,10.));
#6267 = VECTOR('',#6268,1.);
#6268 = DIRECTION('',(0.,1.,0.));
#6269 = ORIENTED_EDGE('',*,*,#6270,.F.);
#6270 = EDGE_CURVE('',#6271,#6263,#6273,.T.);
#6271 = VERTEX_POINT('',#6272);
#6272 = CARTESIAN_POINT('',(7.55,0.1417,10.));
#6273 = LINE('',#6274,#6275);
#6274 = CARTESIAN_POINT('',(7.55,0.1417,10.));
#6275 = VECTOR('',#6276,1.);
#6276 = DIRECTION('',(1.,0.,0.));
#6277 = ORIENTED_EDGE('',*,*,#6278,.F.);
#6278 = EDGE_CURVE('',#6253,#6271,#6279,.T.);
#6279 = LINE('',#6280,#6281);
#6280 = CARTESIAN_POINT('',(7.55,-0.,10.));
#6281 = VECTOR('',#6282,1.);
#6282 = DIRECTION('',(0.,1.,0.));
#6283 = PLANE('',#6284);
#6284 = AXIS2_PLACEMENT_3D('',#6285,#6286,#6287);
#6285 = CARTESIAN_POINT('',(7.55,-0.,10.));
#6286 = DIRECTION('',(0.,0.,1.));
#6287 = DIRECTION('',(1.,0.,-0.));
#6288 = ADVANCED_FACE('',(#6289),#6305,.T.);
#6289 = FACE_BOUND('',#6290,.T.);
#6290 = EDGE_LOOP('',(#6291,#6292,#6298,#6299));
#6291 = ORIENTED_EDGE('',*,*,#6238,.T.);
#6292 = ORIENTED_EDGE('',*,*,#6293,.T.);
#6293 = EDGE_CURVE('',#6231,#6255,#6294,.T.);
#6294 = LINE('',#6295,#6296);
#6295 = CARTESIAN_POINT('',(9.25,-0.,0.3));
#6296 = VECTOR('',#6297,1.);
#6297 = DIRECTION('',(0.,0.,1.));
#6298 = ORIENTED_EDGE('',*,*,#6252,.F.);
#6299 = ORIENTED_EDGE('',*,*,#6300,.F.);
#6300 = EDGE_CURVE('',#6213,#6253,#6301,.T.);
#6301 = LINE('',#6302,#6303);
#6302 = CARTESIAN_POINT('',(7.55,-0.,0.3));
#6303 = VECTOR('',#6304,1.);
#6304 = DIRECTION('',(0.,0.,1.));
#6305 = PLANE('',#6306);
#6306 = AXIS2_PLACEMENT_3D('',#6307,#6308,#6309);
#6307 = CARTESIAN_POINT('',(7.55,-0.,0.3));
#6308 = DIRECTION('',(0.,-1.,0.));
#6309 = DIRECTION('',(1.,0.,0.));
#6310 = ADVANCED_FACE('',(#6311),#6327,.T.);
#6311 = FACE_BOUND('',#6312,.T.);
#6312 = EDGE_LOOP('',(#6313,#6319,#6320,#6326));
#6313 = ORIENTED_EDGE('',*,*,#6314,.T.);
#6314 = EDGE_CURVE('',#6215,#6271,#6315,.T.);
#6315 = LINE('',#6316,#6317);
#6316 = CARTESIAN_POINT('',(7.55,0.1417,0.3));
#6317 = VECTOR('',#6318,1.);
#6318 = DIRECTION('',(0.,0.,1.));
#6319 = ORIENTED_EDGE('',*,*,#6270,.T.);
#6320 = ORIENTED_EDGE('',*,*,#6321,.F.);
#6321 = EDGE_CURVE('',#6223,#6263,#6322,.T.);
#6322 = LINE('',#6323,#6324);
#6323 = CARTESIAN_POINT('',(9.25,0.1417,0.3));
#6324 = VECTOR('',#6325,1.);
#6325 = DIRECTION('',(0.,0.,1.));
#6326 = ORIENTED_EDGE('',*,*,#6222,.F.);
#6327 = PLANE('',#6328);
#6328 = AXIS2_PLACEMENT_3D('',#6329,#6330,#6331);
#6329 = CARTESIAN_POINT('',(7.55,0.1417,0.3));
#6330 = DIRECTION('',(0.,1.,0.));
#6331 = DIRECTION('',(1.,0.,0.));
#6332 = ADVANCED_FACE('',(#6333),#6339,.T.);
#6333 = FACE_BOUND('',#6334,.T.);
#6334 = EDGE_LOOP('',(#6335,#6336,#6337,#6338));
#6335 = ORIENTED_EDGE('',*,*,#6300,.T.);
#6336 = ORIENTED_EDGE('',*,*,#6278,.T.);
#6337 = ORIENTED_EDGE('',*,*,#6314,.F.);
#6338 = ORIENTED_EDGE('',*,*,#6212,.F.);
#6339 = PLANE('',#6340);
#6340 = AXIS2_PLACEMENT_3D('',#6341,#6342,#6343);
#6341 = CARTESIAN_POINT('',(7.55,-0.,0.3));
#6342 = DIRECTION('',(-1.,0.,0.));
#6343 = DIRECTION('',(0.,1.,0.));
#6344 = ADVANCED_FACE('',(#6345),#6351,.T.);
#6345 = FACE_BOUND('',#6346,.T.);
#6346 = EDGE_LOOP('',(#6347,#6348,#6349,#6350));
#6347 = ORIENTED_EDGE('',*,*,#6230,.T.);
#6348 = ORIENTED_EDGE('',*,*,#6321,.T.);
#6349 = ORIENTED_EDGE('',*,*,#6262,.F.);
#6350 = ORIENTED_EDGE('',*,*,#6293,.F.);
#6351 = PLANE('',#6352);
#6352 = AXIS2_PLACEMENT_3D('',#6353,#6354,#6355);
#6353 = CARTESIAN_POINT('',(9.25,-0.,0.3));
#6354 = DIRECTION('',(1.,0.,0.));
#6355 = DIRECTION('',(-0.,1.,0.));
#6356 = MANIFOLD_SOLID_BREP('',#6357);
#6357 = CLOSED_SHELL('',(#6358,#6398,#6438,#6460,#6482,#6494));
#6358 = ADVANCED_FACE('',(#6359),#6393,.T.);
#6359 = FACE_BOUND('',#6360,.T.);
#6360 = EDGE_LOOP('',(#6361,#6371,#6379,#6387));
#6361 = ORIENTED_EDGE('',*,*,#6362,.T.);
#6362 = EDGE_CURVE('',#6363,#6365,#6367,.T.);
#6363 = VERTEX_POINT('',#6364);
#6364 = CARTESIAN_POINT('',(7.55,-0.1417,0.3));
#6365 = VERTEX_POINT('',#6366);
#6366 = CARTESIAN_POINT('',(7.55,-0.,0.3));
#6367 = LINE('',#6368,#6369);
#6368 = CARTESIAN_POINT('',(7.55,-0.1417,0.3));
#6369 = VECTOR('',#6370,1.);
#6370 = DIRECTION('',(0.,1.,0.));
#6371 = ORIENTED_EDGE('',*,*,#6372,.T.);
#6372 = EDGE_CURVE('',#6365,#6373,#6375,.T.);
#6373 = VERTEX_POINT('',#6374);
#6374 = CARTESIAN_POINT('',(9.25,-0.,0.3));
#6375 = LINE('',#6376,#6377);
#6376 = CARTESIAN_POINT('',(7.55,-0.,0.3));
#6377 = VECTOR('',#6378,1.);
#6378 = DIRECTION('',(1.,0.,0.));
#6379 = ORIENTED_EDGE('',*,*,#6380,.F.);
#6380 = EDGE_CURVE('',#6381,#6373,#6383,.T.);
#6381 = VERTEX_POINT('',#6382);
#6382 = CARTESIAN_POINT('',(9.25,-0.1417,0.3));
#6383 = LINE('',#6384,#6385);
#6384 = CARTESIAN_POINT('',(9.25,-0.1417,0.3));
#6385 = VECTOR('',#6386,1.);
#6386 = DIRECTION('',(0.,1.,0.));
#6387 = ORIENTED_EDGE('',*,*,#6388,.F.);
#6388 = EDGE_CURVE('',#6363,#6381,#6389,.T.);
#6389 = LINE('',#6390,#6391);
#6390 = CARTESIAN_POINT('',(7.55,-0.1417,0.3));
#6391 = VECTOR('',#6392,1.);
#6392 = DIRECTION('',(1.,0.,0.));
#6393 = PLANE('',#6394);
#6394 = AXIS2_PLACEMENT_3D('',#6395,#6396,#6397);
#6395 = CARTESIAN_POINT('',(7.55,-0.1417,0.3));
#6396 = DIRECTION('',(0.,0.,-1.));
#6397 = DIRECTION('',(1.,0.,0.));
#6398 = ADVANCED_FACE('',(#6399),#6433,.T.);
#6399 = FACE_BOUND('',#6400,.T.);
#6400 = EDGE_LOOP('',(#6401,#6411,#6419,#6427));
#6401 = ORIENTED_EDGE('',*,*,#6402,.T.);
#6402 = EDGE_CURVE('',#6403,#6405,#6407,.T.);
#6403 = VERTEX_POINT('',#6404);
#6404 = CARTESIAN_POINT('',(7.55,-0.1417,10.));
#6405 = VERTEX_POINT('',#6406);
#6406 = CARTESIAN_POINT('',(9.25,-0.1417,10.));
#6407 = LINE('',#6408,#6409);
#6408 = CARTESIAN_POINT('',(7.55,-0.1417,10.));
#6409 = VECTOR('',#6410,1.);
#6410 = DIRECTION('',(1.,0.,0.));
#6411 = ORIENTED_EDGE('',*,*,#6412,.T.);
#6412 = EDGE_CURVE('',#6405,#6413,#6415,.T.);
#6413 = VERTEX_POINT('',#6414);
#6414 = CARTESIAN_POINT('',(9.25,-0.,10.));
#6415 = LINE('',#6416,#6417);
#6416 = CARTESIAN_POINT('',(9.25,-0.1417,10.));
#6417 = VECTOR('',#6418,1.);
#6418 = DIRECTION('',(0.,1.,0.));
#6419 = ORIENTED_EDGE('',*,*,#6420,.F.);
#6420 = EDGE_CURVE('',#6421,#6413,#6423,.T.);
#6421 = VERTEX_POINT('',#6422);
#6422 = CARTESIAN_POINT('',(7.55,-0.,10.));
#6423 = LINE('',#6424,#6425);
#6424 = CARTESIAN_POINT('',(7.55,-0.,10.));
#6425 = VECTOR('',#6426,1.);
#6426 = DIRECTION('',(1.,0.,0.));
#6427 = ORIENTED_EDGE('',*,*,#6428,.F.);
#6428 = EDGE_CURVE('',#6403,#6421,#6429,.T.);
#6429 = LINE('',#6430,#6431);
#6430 = CARTESIAN_POINT('',(7.55,-0.1417,10.));
#6431 = VECTOR('',#6432,1.);
#6432 = DIRECTION('',(0.,1.,0.));
#6433 = PLANE('',#6434);
#6434 = AXIS2_PLACEMENT_3D('',#6435,#6436,#6437);
#6435 = CARTESIAN_POINT('',(7.55,-0.1417,10.));
#6436 = DIRECTION('',(0.,0.,1.));
#6437 = DIRECTION('',(1.,0.,-0.));
#6438 = ADVANCED_FACE('',(#6439),#6455,.T.);
#6439 = FACE_BOUND('',#6440,.T.);
#6440 = EDGE_LOOP('',(#6441,#6442,#6448,#6449));
#6441 = ORIENTED_EDGE('',*,*,#6388,.T.);
#6442 = ORIENTED_EDGE('',*,*,#6443,.T.);
#6443 = EDGE_CURVE('',#6381,#6405,#6444,.T.);
#6444 = LINE('',#6445,#6446);
#6445 = CARTESIAN_POINT('',(9.25,-0.1417,0.3));
#6446 = VECTOR('',#6447,1.);
#6447 = DIRECTION('',(0.,0.,1.));
#6448 = ORIENTED_EDGE('',*,*,#6402,.F.);
#6449 = ORIENTED_EDGE('',*,*,#6450,.F.);
#6450 = EDGE_CURVE('',#6363,#6403,#6451,.T.);
#6451 = LINE('',#6452,#6453);
#6452 = CARTESIAN_POINT('',(7.55,-0.1417,0.3));
#6453 = VECTOR('',#6454,1.);
#6454 = DIRECTION('',(0.,0.,1.));
#6455 = PLANE('',#6456);
#6456 = AXIS2_PLACEMENT_3D('',#6457,#6458,#6459);
#6457 = CARTESIAN_POINT('',(7.55,-0.1417,0.3));
#6458 = DIRECTION('',(0.,-1.,0.));
#6459 = DIRECTION('',(1.,0.,0.));
#6460 = ADVANCED_FACE('',(#6461),#6477,.T.);
#6461 = FACE_BOUND('',#6462,.T.);
#6462 = EDGE_LOOP('',(#6463,#6469,#6470,#6476));
#6463 = ORIENTED_EDGE('',*,*,#6464,.T.);
#6464 = EDGE_CURVE('',#6365,#6421,#6465,.T.);
#6465 = LINE('',#6466,#6467);
#6466 = CARTESIAN_POINT('',(7.55,-0.,0.3));
#6467 = VECTOR('',#6468,1.);
#6468 = DIRECTION('',(0.,0.,1.));
#6469 = ORIENTED_EDGE('',*,*,#6420,.T.);
#6470 = ORIENTED_EDGE('',*,*,#6471,.F.);
#6471 = EDGE_CURVE('',#6373,#6413,#6472,.T.);
#6472 = LINE('',#6473,#6474);
#6473 = CARTESIAN_POINT('',(9.25,-0.,0.3));
#6474 = VECTOR('',#6475,1.);
#6475 = DIRECTION('',(0.,0.,1.));
#6476 = ORIENTED_EDGE('',*,*,#6372,.F.);
#6477 = PLANE('',#6478);
#6478 = AXIS2_PLACEMENT_3D('',#6479,#6480,#6481);
#6479 = CARTESIAN_POINT('',(7.55,-0.,0.3));
#6480 = DIRECTION('',(0.,1.,0.));
#6481 = DIRECTION('',(1.,0.,0.));
#6482 = ADVANCED_FACE('',(#6483),#6489,.T.);
#6483 = FACE_BOUND('',#6484,.T.);
#6484 = EDGE_LOOP('',(#6485,#6486,#6487,#6488));
#6485 = ORIENTED_EDGE('',*,*,#6450,.T.);
#6486 = ORIENTED_EDGE('',*,*,#6428,.T.);
#6487 = ORIENTED_EDGE('',*,*,#6464,.F.);
#6488 = ORIENTED_EDGE('',*,*,#6362,.F.);
#6489 = PLANE('',#6490);
#6490 = AXIS2_PLACEMENT_3D('',#6491,#6492,#6493);
#6491 = CARTESIAN_POINT('',(7.55,-0.1417,0.3));
#6492 = DIRECTION('',(-1.,0.,0.));
#6493 = DIRECTION('',(0.,1.,0.));
#6494 = ADVANCED_FACE('',(#6495),#6501,.T.);
#6495 = FACE_BOUND('',#6496,.T.);
#6496 = EDGE_LOOP('',(#6497,#6498,#6499,#6500));
#6497 = ORIENTED_EDGE('',*,*,#6380,.T.);
#6498 = ORIENTED_EDGE('',*,*,#6471,.T.);
#6499 = ORIENTED_EDGE('',*,*,#6412,.F.);
#6500 = ORIENTED_EDGE('',*,*,#6443,.F.);
#6501 = PLANE('',#6502);
#6502 = AXIS2_PLACEMENT_3D('',#6503,#6504,#6505);
#6503 = CARTESIAN_POINT('',(9.25,-0.1417,0.3));
#6504 = DIRECTION('',(1.,0.,0.));
#6505 = DIRECTION('',(-0.,1.,0.));
#6506 = MANIFOLD_SOLID_BREP('',#6507);
#6507 = CLOSED_SHELL('',(#6508,#6548,#6588,#6610,#6632,#6644));
#6508 = ADVANCED_FACE('',(#6509),#6543,.T.);
#6509 = FACE_BOUND('',#6510,.T.);
#6510 = EDGE_LOOP('',(#6511,#6521,#6529,#6537));
#6511 = ORIENTED_EDGE('',*,*,#6512,.T.);
#6512 = EDGE_CURVE('',#6513,#6515,#6517,.T.);
#6513 = VERTEX_POINT('',#6514);
#6514 = CARTESIAN_POINT('',(7.5619,-0.2833,0.3));
#6515 = VERTEX_POINT('',#6516);
#6516 = CARTESIAN_POINT('',(7.5619,-0.1417,0.3));
#6517 = LINE('',#6518,#6519);
#6518 = CARTESIAN_POINT('',(7.5619,-0.2833,0.3));
#6519 = VECTOR('',#6520,1.);
#6520 = DIRECTION('',(0.,1.,0.));
#6521 = ORIENTED_EDGE('',*,*,#6522,.T.);
#6522 = EDGE_CURVE('',#6515,#6523,#6525,.T.);
#6523 = VERTEX_POINT('',#6524);
#6524 = CARTESIAN_POINT('',(9.2381,-0.1417,0.3));
#6525 = LINE('',#6526,#6527);
#6526 = CARTESIAN_POINT('',(7.5619,-0.1417,0.3));
#6527 = VECTOR('',#6528,1.);
#6528 = DIRECTION('',(1.,0.,0.));
#6529 = ORIENTED_EDGE('',*,*,#6530,.F.);
#6530 = EDGE_CURVE('',#6531,#6523,#6533,.T.);
#6531 = VERTEX_POINT('',#6532);
#6532 = CARTESIAN_POINT('',(9.2381,-0.2833,0.3));
#6533 = LINE('',#6534,#6535);
#6534 = CARTESIAN_POINT('',(9.2381,-0.2833,0.3));
#6535 = VECTOR('',#6536,1.);
#6536 = DIRECTION('',(0.,1.,0.));
#6537 = ORIENTED_EDGE('',*,*,#6538,.F.);
#6538 = EDGE_CURVE('',#6513,#6531,#6539,.T.);
#6539 = LINE('',#6540,#6541);
#6540 = CARTESIAN_POINT('',(7.5619,-0.2833,0.3));
#6541 = VECTOR('',#6542,1.);
#6542 = DIRECTION('',(1.,0.,0.));
#6543 = PLANE('',#6544);
#6544 = AXIS2_PLACEMENT_3D('',#6545,#6546,#6547);
#6545 = CARTESIAN_POINT('',(7.5619,-0.2833,0.3));
#6546 = DIRECTION('',(0.,0.,-1.));
#6547 = DIRECTION('',(1.,0.,0.));
#6548 = ADVANCED_FACE('',(#6549),#6583,.T.);
#6549 = FACE_BOUND('',#6550,.T.);
#6550 = EDGE_LOOP('',(#6551,#6561,#6569,#6577));
#6551 = ORIENTED_EDGE('',*,*,#6552,.T.);
#6552 = EDGE_CURVE('',#6553,#6555,#6557,.T.);
#6553 = VERTEX_POINT('',#6554);
#6554 = CARTESIAN_POINT('',(7.5619,-0.2833,10.));
#6555 = VERTEX_POINT('',#6556);
#6556 = CARTESIAN_POINT('',(9.2381,-0.2833,10.));
#6557 = LINE('',#6558,#6559);
#6558 = CARTESIAN_POINT('',(7.5619,-0.2833,10.));
#6559 = VECTOR('',#6560,1.);
#6560 = DIRECTION('',(1.,0.,0.));
#6561 = ORIENTED_EDGE('',*,*,#6562,.T.);
#6562 = EDGE_CURVE('',#6555,#6563,#6565,.T.);
#6563 = VERTEX_POINT('',#6564);
#6564 = CARTESIAN_POINT('',(9.2381,-0.1417,10.));
#6565 = LINE('',#6566,#6567);
#6566 = CARTESIAN_POINT('',(9.2381,-0.2833,10.));
#6567 = VECTOR('',#6568,1.);
#6568 = DIRECTION('',(0.,1.,0.));
#6569 = ORIENTED_EDGE('',*,*,#6570,.F.);
#6570 = EDGE_CURVE('',#6571,#6563,#6573,.T.);
#6571 = VERTEX_POINT('',#6572);
#6572 = CARTESIAN_POINT('',(7.5619,-0.1417,10.));
#6573 = LINE('',#6574,#6575);
#6574 = CARTESIAN_POINT('',(7.5619,-0.1417,10.));
#6575 = VECTOR('',#6576,1.);
#6576 = DIRECTION('',(1.,0.,0.));
#6577 = ORIENTED_EDGE('',*,*,#6578,.F.);
#6578 = EDGE_CURVE('',#6553,#6571,#6579,.T.);
#6579 = LINE('',#6580,#6581);
#6580 = CARTESIAN_POINT('',(7.5619,-0.2833,10.));
#6581 = VECTOR('',#6582,1.);
#6582 = DIRECTION('',(0.,1.,0.));
#6583 = PLANE('',#6584);
#6584 = AXIS2_PLACEMENT_3D('',#6585,#6586,#6587);
#6585 = CARTESIAN_POINT('',(7.5619,-0.2833,10.));
#6586 = DIRECTION('',(0.,0.,1.));
#6587 = DIRECTION('',(1.,0.,-0.));
#6588 = ADVANCED_FACE('',(#6589),#6605,.T.);
#6589 = FACE_BOUND('',#6590,.T.);
#6590 = EDGE_LOOP('',(#6591,#6592,#6598,#6599));
#6591 = ORIENTED_EDGE('',*,*,#6538,.T.);
#6592 = ORIENTED_EDGE('',*,*,#6593,.T.);
#6593 = EDGE_CURVE('',#6531,#6555,#6594,.T.);
#6594 = LINE('',#6595,#6596);
#6595 = CARTESIAN_POINT('',(9.2381,-0.2833,0.3));
#6596 = VECTOR('',#6597,1.);
#6597 = DIRECTION('',(0.,0.,1.));
#6598 = ORIENTED_EDGE('',*,*,#6552,.F.);
#6599 = ORIENTED_EDGE('',*,*,#6600,.F.);
#6600 = EDGE_CURVE('',#6513,#6553,#6601,.T.);
#6601 = LINE('',#6602,#6603);
#6602 = CARTESIAN_POINT('',(7.5619,-0.2833,0.3));
#6603 = VECTOR('',#6604,1.);
#6604 = DIRECTION('',(0.,0.,1.));
#6605 = PLANE('',#6606);
#6606 = AXIS2_PLACEMENT_3D('',#6607,#6608,#6609);
#6607 = CARTESIAN_POINT('',(7.5619,-0.2833,0.3));
#6608 = DIRECTION('',(0.,-1.,0.));
#6609 = DIRECTION('',(1.,0.,0.));
#6610 = ADVANCED_FACE('',(#6611),#6627,.T.);
#6611 = FACE_BOUND('',#6612,.T.);
#6612 = EDGE_LOOP('',(#6613,#6619,#6620,#6626));
#6613 = ORIENTED_EDGE('',*,*,#6614,.T.);
#6614 = EDGE_CURVE('',#6515,#6571,#6615,.T.);
#6615 = LINE('',#6616,#6617);
#6616 = CARTESIAN_POINT('',(7.5619,-0.1417,0.3));
#6617 = VECTOR('',#6618,1.);
#6618 = DIRECTION('',(0.,0.,1.));
#6619 = ORIENTED_EDGE('',*,*,#6570,.T.);
#6620 = ORIENTED_EDGE('',*,*,#6621,.F.);
#6621 = EDGE_CURVE('',#6523,#6563,#6622,.T.);
#6622 = LINE('',#6623,#6624);
#6623 = CARTESIAN_POINT('',(9.2381,-0.1417,0.3));
#6624 = VECTOR('',#6625,1.);
#6625 = DIRECTION('',(0.,0.,1.));
#6626 = ORIENTED_EDGE('',*,*,#6522,.F.);
#6627 = PLANE('',#6628);
#6628 = AXIS2_PLACEMENT_3D('',#6629,#6630,#6631);
#6629 = CARTESIAN_POINT('',(7.5619,-0.1417,0.3));
#6630 = DIRECTION('',(0.,1.,0.));
#6631 = DIRECTION('',(1.,0.,0.));
#6632 = ADVANCED_FACE('',(#6633),#6639,.T.);
#6633 = FACE_BOUND('',#6634,.T.);
#6634 = EDGE_LOOP('',(#6635,#6636,#6637,#6638));
#6635 = ORIENTED_EDGE('',*,*,#6600,.T.);
#6636 = ORIENTED_EDGE('',*,*,#6578,.T.);
#6637 = ORIENTED_EDGE('',*,*,#6614,.F.);
#6638 = ORIENTED_EDGE('',*,*,#6512,.F.);
#6639 = PLANE('',#6640);
#6640 = AXIS2_PLACEMENT_3D('',#6641,#6642,#6643);
#6641 = CARTESIAN_POINT('',(7.5619,-0.2833,0.3));
#6642 = DIRECTION('',(-1.,0.,0.));
#6643 = DIRECTION('',(0.,1.,0.));
#6644 = ADVANCED_FACE('',(#6645),#6651,.T.);
#6645 = FACE_BOUND('',#6646,.T.);
#6646 = EDGE_LOOP('',(#6647,#6648,#6649,#6650));
#6647 = ORIENTED_EDGE('',*,*,#6530,.T.);
#6648 = ORIENTED_EDGE('',*,*,#6621,.T.);
#6649 = ORIENTED_EDGE('',*,*,#6562,.F.);
#6650 = ORIENTED_EDGE('',*,*,#6593,.F.);
#6651 = PLANE('',#6652);
#6652 = AXIS2_PLACEMENT_3D('',#6653,#6654,#6655);
#6653 = CARTESIAN_POINT('',(9.2381,-0.2833,0.3));
#6654 = DIRECTION('',(1.,0.,0.));
#6655 = DIRECTION('',(-0.,1.,0.));
#6656 = MANIFOLD_SOLID_BREP('',#6657);
#6657 = CLOSED_SHELL('',(#6658,#6698,#6738,#6760,#6782,#6794));
#6658 = ADVANCED_FACE('',(#6659),#6693,.T.);
#6659 = FACE_BOUND('',#6660,.T.);
#6660 = EDGE_LOOP('',(#6661,#6671,#6679,#6687));
#6661 = ORIENTED_EDGE('',*,*,#6662,.T.);
#6662 = EDGE_CURVE('',#6663,#6665,#6667,.T.);
#6663 = VERTEX_POINT('',#6664);
#6664 = CARTESIAN_POINT('',(7.5986,-0.425,0.3));
#6665 = VERTEX_POINT('',#6666);
#6666 = CARTESIAN_POINT('',(7.5986,-0.2833,0.3));
#6667 = LINE('',#6668,#6669);
#6668 = CARTESIAN_POINT('',(7.5986,-0.425,0.3));
#6669 = VECTOR('',#6670,1.);
#6670 = DIRECTION('',(0.,1.,0.));
#6671 = ORIENTED_EDGE('',*,*,#6672,.T.);
#6672 = EDGE_CURVE('',#6665,#6673,#6675,.T.);
#6673 = VERTEX_POINT('',#6674);
#6674 = CARTESIAN_POINT('',(9.2014,-0.2833,0.3));
#6675 = LINE('',#6676,#6677);
#6676 = CARTESIAN_POINT('',(7.5986,-0.2833,0.3));
#6677 = VECTOR('',#6678,1.);
#6678 = DIRECTION('',(1.,0.,0.));
#6679 = ORIENTED_EDGE('',*,*,#6680,.F.);
#6680 = EDGE_CURVE('',#6681,#6673,#6683,.T.);
#6681 = VERTEX_POINT('',#6682);
#6682 = CARTESIAN_POINT('',(9.2014,-0.425,0.3));
#6683 = LINE('',#6684,#6685);
#6684 = CARTESIAN_POINT('',(9.2014,-0.425,0.3));
#6685 = VECTOR('',#6686,1.);
#6686 = DIRECTION('',(0.,1.,0.));
#6687 = ORIENTED_EDGE('',*,*,#6688,.F.);
#6688 = EDGE_CURVE('',#6663,#6681,#6689,.T.);
#6689 = LINE('',#6690,#6691);
#6690 = CARTESIAN_POINT('',(7.5986,-0.425,0.3));
#6691 = VECTOR('',#6692,1.);
#6692 = DIRECTION('',(1.,0.,0.));
#6693 = PLANE('',#6694);
#6694 = AXIS2_PLACEMENT_3D('',#6695,#6696,#6697);
#6695 = CARTESIAN_POINT('',(7.5986,-0.425,0.3));
#6696 = DIRECTION('',(0.,0.,-1.));
#6697 = DIRECTION('',(1.,0.,0.));
#6698 = ADVANCED_FACE('',(#6699),#6733,.T.);
#6699 = FACE_BOUND('',#6700,.T.);
#6700 = EDGE_LOOP('',(#6701,#6711,#6719,#6727));
#6701 = ORIENTED_EDGE('',*,*,#6702,.T.);
#6702 = EDGE_CURVE('',#6703,#6705,#6707,.T.);
#6703 = VERTEX_POINT('',#6704);
#6704 = CARTESIAN_POINT('',(7.5986,-0.425,10.));
#6705 = VERTEX_POINT('',#6706);
#6706 = CARTESIAN_POINT('',(9.2014,-0.425,10.));
#6707 = LINE('',#6708,#6709);
#6708 = CARTESIAN_POINT('',(7.5986,-0.425,10.));
#6709 = VECTOR('',#6710,1.);
#6710 = DIRECTION('',(1.,0.,0.));
#6711 = ORIENTED_EDGE('',*,*,#6712,.T.);
#6712 = EDGE_CURVE('',#6705,#6713,#6715,.T.);
#6713 = VERTEX_POINT('',#6714);
#6714 = CARTESIAN_POINT('',(9.2014,-0.2833,10.));
#6715 = LINE('',#6716,#6717);
#6716 = CARTESIAN_POINT('',(9.2014,-0.425,10.));
#6717 = VECTOR('',#6718,1.);
#6718 = DIRECTION('',(0.,1.,0.));
#6719 = ORIENTED_EDGE('',*,*,#6720,.F.);
#6720 = EDGE_CURVE('',#6721,#6713,#6723,.T.);
#6721 = VERTEX_POINT('',#6722);
#6722 = CARTESIAN_POINT('',(7.5986,-0.2833,10.));
#6723 = LINE('',#6724,#6725);
#6724 = CARTESIAN_POINT('',(7.5986,-0.2833,10.));
#6725 = VECTOR('',#6726,1.);
#6726 = DIRECTION('',(1.,0.,0.));
#6727 = ORIENTED_EDGE('',*,*,#6728,.F.);
#6728 = EDGE_CURVE('',#6703,#6721,#6729,.T.);
#6729 = LINE('',#6730,#6731);
#6730 = CARTESIAN_POINT('',(7.5986,-0.425,10.));
#6731 = VECTOR('',#6732,1.);
#6732 = DIRECTION('',(0.,1.,0.));
#6733 = PLANE('',#6734);
#6734 = AXIS2_PLACEMENT_3D('',#6735,#6736,#6737);
#6735 = CARTESIAN_POINT('',(7.5986,-0.425,10.));
#6736 = DIRECTION('',(0.,0.,1.));
#6737 = DIRECTION('',(1.,0.,-0.));
#6738 = ADVANCED_FACE('',(#6739),#6755,.T.);
#6739 = FACE_BOUND('',#6740,.T.);
#6740 = EDGE_LOOP('',(#6741,#6742,#6748,#6749));
#6741 = ORIENTED_EDGE('',*,*,#6688,.T.);
#6742 = ORIENTED_EDGE('',*,*,#6743,.T.);
#6743 = EDGE_CURVE('',#6681,#6705,#6744,.T.);
#6744 = LINE('',#6745,#6746);
#6745 = CARTESIAN_POINT('',(9.2014,-0.425,0.3));
#6746 = VECTOR('',#6747,1.);
#6747 = DIRECTION('',(0.,0.,1.));
#6748 = ORIENTED_EDGE('',*,*,#6702,.F.);
#6749 = ORIENTED_EDGE('',*,*,#6750,.F.);
#6750 = EDGE_CURVE('',#6663,#6703,#6751,.T.);
#6751 = LINE('',#6752,#6753);
#6752 = CARTESIAN_POINT('',(7.5986,-0.425,0.3));
#6753 = VECTOR('',#6754,1.);
#6754 = DIRECTION('',(0.,0.,1.));
#6755 = PLANE('',#6756);
#6756 = AXIS2_PLACEMENT_3D('',#6757,#6758,#6759);
#6757 = CARTESIAN_POINT('',(7.5986,-0.425,0.3));
#6758 = DIRECTION('',(0.,-1.,0.));
#6759 = DIRECTION('',(1.,0.,0.));
#6760 = ADVANCED_FACE('',(#6761),#6777,.T.);
#6761 = FACE_BOUND('',#6762,.T.);
#6762 = EDGE_LOOP('',(#6763,#6769,#6770,#6776));
#6763 = ORIENTED_EDGE('',*,*,#6764,.T.);
#6764 = EDGE_CURVE('',#6665,#6721,#6765,.T.);
#6765 = LINE('',#6766,#6767);
#6766 = CARTESIAN_POINT('',(7.5986,-0.2833,0.3));
#6767 = VECTOR('',#6768,1.);
#6768 = DIRECTION('',(0.,0.,1.));
#6769 = ORIENTED_EDGE('',*,*,#6720,.T.);
#6770 = ORIENTED_EDGE('',*,*,#6771,.F.);
#6771 = EDGE_CURVE('',#6673,#6713,#6772,.T.);
#6772 = LINE('',#6773,#6774);
#6773 = CARTESIAN_POINT('',(9.2014,-0.2833,0.3));
#6774 = VECTOR('',#6775,1.);
#6775 = DIRECTION('',(0.,0.,1.));
#6776 = ORIENTED_EDGE('',*,*,#6672,.F.);
#6777 = PLANE('',#6778);
#6778 = AXIS2_PLACEMENT_3D('',#6779,#6780,#6781);
#6779 = CARTESIAN_POINT('',(7.5986,-0.2833,0.3));
#6780 = DIRECTION('',(0.,1.,0.));
#6781 = DIRECTION('',(1.,0.,0.));
#6782 = ADVANCED_FACE('',(#6783),#6789,.T.);
#6783 = FACE_BOUND('',#6784,.T.);
#6784 = EDGE_LOOP('',(#6785,#6786,#6787,#6788));
#6785 = ORIENTED_EDGE('',*,*,#6750,.T.);
#6786 = ORIENTED_EDGE('',*,*,#6728,.T.);
#6787 = ORIENTED_EDGE('',*,*,#6764,.F.);
#6788 = ORIENTED_EDGE('',*,*,#6662,.F.);
#6789 = PLANE('',#6790);
#6790 = AXIS2_PLACEMENT_3D('',#6791,#6792,#6793);
#6791 = CARTESIAN_POINT('',(7.5986,-0.425,0.3));
#6792 = DIRECTION('',(-1.,0.,0.));
#6793 = DIRECTION('',(0.,1.,0.));
#6794 = ADVANCED_FACE('',(#6795),#6801,.T.);
#6795 = FACE_BOUND('',#6796,.T.);
#6796 = EDGE_LOOP('',(#6797,#6798,#6799,#6800));
#6797 = ORIENTED_EDGE('',*,*,#6680,.T.);
#6798 = ORIENTED_EDGE('',*,*,#6771,.T.);
#6799 = ORIENTED_EDGE('',*,*,#6712,.F.);
#6800 = ORIENTED_EDGE('',*,*,#6743,.F.);
#6801 = PLANE('',#6802);
#6802 = AXIS2_PLACEMENT_3D('',#6803,#6804,#6805);
#6803 = CARTESIAN_POINT('',(9.2014,-0.425,0.3));
#6804 = DIRECTION('',(1.,0.,0.));
#6805 = DIRECTION('',(-0.,1.,0.));
#6806 = MANIFOLD_SOLID_BREP('',#6807);
#6807 = CLOSED_SHELL('',(#6808,#6848,#6888,#6910,#6932,#6944));
#6808 = ADVANCED_FACE('',(#6809),#6843,.T.);
#6809 = FACE_BOUND('',#6810,.T.);
#6810 = EDGE_LOOP('',(#6811,#6821,#6829,#6837));
#6811 = ORIENTED_EDGE('',*,*,#6812,.T.);
#6812 = EDGE_CURVE('',#6813,#6815,#6817,.T.);
#6813 = VERTEX_POINT('',#6814);
#6814 = CARTESIAN_POINT('',(7.6639,-0.5667,0.3));
#6815 = VERTEX_POINT('',#6816);
#6816 = CARTESIAN_POINT('',(7.6639,-0.425,0.3));
#6817 = LINE('',#6818,#6819);
#6818 = CARTESIAN_POINT('',(7.6639,-0.5667,0.3));
#6819 = VECTOR('',#6820,1.);
#6820 = DIRECTION('',(0.,1.,0.));
#6821 = ORIENTED_EDGE('',*,*,#6822,.T.);
#6822 = EDGE_CURVE('',#6815,#6823,#6825,.T.);
#6823 = VERTEX_POINT('',#6824);
#6824 = CARTESIAN_POINT('',(9.1361,-0.425,0.3));
#6825 = LINE('',#6826,#6827);
#6826 = CARTESIAN_POINT('',(7.6639,-0.425,0.3));
#6827 = VECTOR('',#6828,1.);
#6828 = DIRECTION('',(1.,0.,0.));
#6829 = ORIENTED_EDGE('',*,*,#6830,.F.);
#6830 = EDGE_CURVE('',#6831,#6823,#6833,.T.);
#6831 = VERTEX_POINT('',#6832);
#6832 = CARTESIAN_POINT('',(9.1361,-0.5667,0.3));
#6833 = LINE('',#6834,#6835);
#6834 = CARTESIAN_POINT('',(9.1361,-0.5667,0.3));
#6835 = VECTOR('',#6836,1.);
#6836 = DIRECTION('',(0.,1.,0.));
#6837 = ORIENTED_EDGE('',*,*,#6838,.F.);
#6838 = EDGE_CURVE('',#6813,#6831,#6839,.T.);
#6839 = LINE('',#6840,#6841);
#6840 = CARTESIAN_POINT('',(7.6639,-0.5667,0.3));
#6841 = VECTOR('',#6842,1.);
#6842 = DIRECTION('',(1.,0.,0.));
#6843 = PLANE('',#6844);
#6844 = AXIS2_PLACEMENT_3D('',#6845,#6846,#6847);
#6845 = CARTESIAN_POINT('',(7.6639,-0.5667,0.3));
#6846 = DIRECTION('',(0.,0.,-1.));
#6847 = DIRECTION('',(1.,0.,0.));
#6848 = ADVANCED_FACE('',(#6849),#6883,.T.);
#6849 = FACE_BOUND('',#6850,.T.);
#6850 = EDGE_LOOP('',(#6851,#6861,#6869,#6877));
#6851 = ORIENTED_EDGE('',*,*,#6852,.T.);
#6852 = EDGE_CURVE('',#6853,#6855,#6857,.T.);
#6853 = VERTEX_POINT('',#6854);
#6854 = CARTESIAN_POINT('',(7.6639,-0.5667,10.));
#6855 = VERTEX_POINT('',#6856);
#6856 = CARTESIAN_POINT('',(9.1361,-0.5667,10.));
#6857 = LINE('',#6858,#6859);
#6858 = CARTESIAN_POINT('',(7.6639,-0.5667,10.));
#6859 = VECTOR('',#6860,1.);
#6860 = DIRECTION('',(1.,0.,0.));
#6861 = ORIENTED_EDGE('',*,*,#6862,.T.);
#6862 = EDGE_CURVE('',#6855,#6863,#6865,.T.);
#6863 = VERTEX_POINT('',#6864);
#6864 = CARTESIAN_POINT('',(9.1361,-0.425,10.));
#6865 = LINE('',#6866,#6867);
#6866 = CARTESIAN_POINT('',(9.1361,-0.5667,10.));
#6867 = VECTOR('',#6868,1.);
#6868 = DIRECTION('',(0.,1.,0.));
#6869 = ORIENTED_EDGE('',*,*,#6870,.F.);
#6870 = EDGE_CURVE('',#6871,#6863,#6873,.T.);
#6871 = VERTEX_POINT('',#6872);
#6872 = CARTESIAN_POINT('',(7.6639,-0.425,10.));
#6873 = LINE('',#6874,#6875);
#6874 = CARTESIAN_POINT('',(7.6639,-0.425,10.));
#6875 = VECTOR('',#6876,1.);
#6876 = DIRECTION('',(1.,0.,0.));
#6877 = ORIENTED_EDGE('',*,*,#6878,.F.);
#6878 = EDGE_CURVE('',#6853,#6871,#6879,.T.);
#6879 = LINE('',#6880,#6881);
#6880 = CARTESIAN_POINT('',(7.6639,-0.5667,10.));
#6881 = VECTOR('',#6882,1.);
#6882 = DIRECTION('',(0.,1.,0.));
#6883 = PLANE('',#6884);
#6884 = AXIS2_PLACEMENT_3D('',#6885,#6886,#6887);
#6885 = CARTESIAN_POINT('',(7.6639,-0.5667,10.));
#6886 = DIRECTION('',(0.,0.,1.));
#6887 = DIRECTION('',(1.,0.,-0.));
#6888 = ADVANCED_FACE('',(#6889),#6905,.T.);
#6889 = FACE_BOUND('',#6890,.T.);
#6890 = EDGE_LOOP('',(#6891,#6892,#6898,#6899));
#6891 = ORIENTED_EDGE('',*,*,#6838,.T.);
#6892 = ORIENTED_EDGE('',*,*,#6893,.T.);
#6893 = EDGE_CURVE('',#6831,#6855,#6894,.T.);
#6894 = LINE('',#6895,#6896);
#6895 = CARTESIAN_POINT('',(9.1361,-0.5667,0.3));
#6896 = VECTOR('',#6897,1.);
#6897 = DIRECTION('',(0.,0.,1.));
#6898 = ORIENTED_EDGE('',*,*,#6852,.F.);
#6899 = ORIENTED_EDGE('',*,*,#6900,.F.);
#6900 = EDGE_CURVE('',#6813,#6853,#6901,.T.);
#6901 = LINE('',#6902,#6903);
#6902 = CARTESIAN_POINT('',(7.6639,-0.5667,0.3));
#6903 = VECTOR('',#6904,1.);
#6904 = DIRECTION('',(0.,0.,1.));
#6905 = PLANE('',#6906);
#6906 = AXIS2_PLACEMENT_3D('',#6907,#6908,#6909);
#6907 = CARTESIAN_POINT('',(7.6639,-0.5667,0.3));
#6908 = DIRECTION('',(0.,-1.,0.));
#6909 = DIRECTION('',(1.,0.,0.));
#6910 = ADVANCED_FACE('',(#6911),#6927,.T.);
#6911 = FACE_BOUND('',#6912,.T.);
#6912 = EDGE_LOOP('',(#6913,#6919,#6920,#6926));
#6913 = ORIENTED_EDGE('',*,*,#6914,.T.);
#6914 = EDGE_CURVE('',#6815,#6871,#6915,.T.);
#6915 = LINE('',#6916,#6917);
#6916 = CARTESIAN_POINT('',(7.6639,-0.425,0.3));
#6917 = VECTOR('',#6918,1.);
#6918 = DIRECTION('',(0.,0.,1.));
#6919 = ORIENTED_EDGE('',*,*,#6870,.T.);
#6920 = ORIENTED_EDGE('',*,*,#6921,.F.);
#6921 = EDGE_CURVE('',#6823,#6863,#6922,.T.);
#6922 = LINE('',#6923,#6924);
#6923 = CARTESIAN_POINT('',(9.1361,-0.425,0.3));
#6924 = VECTOR('',#6925,1.);
#6925 = DIRECTION('',(0.,0.,1.));
#6926 = ORIENTED_EDGE('',*,*,#6822,.F.);
#6927 = PLANE('',#6928);
#6928 = AXIS2_PLACEMENT_3D('',#6929,#6930,#6931);
#6929 = CARTESIAN_POINT('',(7.6639,-0.425,0.3));
#6930 = DIRECTION('',(0.,1.,0.));
#6931 = DIRECTION('',(1.,0.,0.));
#6932 = ADVANCED_FACE('',(#6933),#6939,.T.);
#6933 = FACE_BOUND('',#6934,.T.);
#6934 = EDGE_LOOP('',(#6935,#6936,#6937,#6938));
#6935 = ORIENTED_EDGE('',*,*,#6900,.T.);
#6936 = ORIENTED_EDGE('',*,*,#6878,.T.);
#6937 = ORIENTED_EDGE('',*,*,#6914,.F.);
#6938 = ORIENTED_EDGE('',*,*,#6812,.F.);
#6939 = PLANE('',#6940);
#6940 = AXIS2_PLACEMENT_3D('',#6941,#6942,#6943);
#6941 = CARTESIAN_POINT('',(7.6639,-0.5667,0.3));
#6942 = DIRECTION('',(-1.,0.,0.));
#6943 = DIRECTION('',(0.,1.,0.));
#6944 = ADVANCED_FACE('',(#6945),#6951,.T.);
#6945 = FACE_BOUND('',#6946,.T.);
#6946 = EDGE_LOOP('',(#6947,#6948,#6949,#6950));
#6947 = ORIENTED_EDGE('',*,*,#6830,.T.);
#6948 = ORIENTED_EDGE('',*,*,#6921,.T.);
#6949 = ORIENTED_EDGE('',*,*,#6862,.F.);
#6950 = ORIENTED_EDGE('',*,*,#6893,.F.);
#6951 = PLANE('',#6952);
#6952 = AXIS2_PLACEMENT_3D('',#6953,#6954,#6955);
#6953 = CARTESIAN_POINT('',(9.1361,-0.5667,0.3));
#6954 = DIRECTION('',(1.,0.,0.));
#6955 = DIRECTION('',(-0.,1.,0.));
#6956 = MANIFOLD_SOLID_BREP('',#6957);
#6957 = CLOSED_SHELL('',(#6958,#6998,#7038,#7060,#7082,#7094));
#6958 = ADVANCED_FACE('',(#6959),#6993,.T.);
#6959 = FACE_BOUND('',#6960,.T.);
#6960 = EDGE_LOOP('',(#6961,#6971,#6979,#6987));
#6961 = ORIENTED_EDGE('',*,*,#6962,.T.);
#6962 = EDGE_CURVE('',#6963,#6965,#6967,.T.);
#6963 = VERTEX_POINT('',#6964);
#6964 = CARTESIAN_POINT('',(7.7664,-0.7083,0.3));
#6965 = VERTEX_POINT('',#6966);
#6966 = CARTESIAN_POINT('',(7.7664,-0.5667,0.3));
#6967 = LINE('',#6968,#6969);
#6968 = CARTESIAN_POINT('',(7.7664,-0.7083,0.3));
#6969 = VECTOR('',#6970,1.);
#6970 = DIRECTION('',(0.,1.,0.));
#6971 = ORIENTED_EDGE('',*,*,#6972,.T.);
#6972 = EDGE_CURVE('',#6965,#6973,#6975,.T.);
#6973 = VERTEX_POINT('',#6974);
#6974 = CARTESIAN_POINT('',(9.0336,-0.5667,0.3));
#6975 = LINE('',#6976,#6977);
#6976 = CARTESIAN_POINT('',(7.7664,-0.5667,0.3));
#6977 = VECTOR('',#6978,1.);
#6978 = DIRECTION('',(1.,0.,0.));
#6979 = ORIENTED_EDGE('',*,*,#6980,.F.);
#6980 = EDGE_CURVE('',#6981,#6973,#6983,.T.);
#6981 = VERTEX_POINT('',#6982);
#6982 = CARTESIAN_POINT('',(9.0336,-0.7083,0.3));
#6983 = LINE('',#6984,#6985);
#6984 = CARTESIAN_POINT('',(9.0336,-0.7083,0.3));
#6985 = VECTOR('',#6986,1.);
#6986 = DIRECTION('',(0.,1.,0.));
#6987 = ORIENTED_EDGE('',*,*,#6988,.F.);
#6988 = EDGE_CURVE('',#6963,#6981,#6989,.T.);
#6989 = LINE('',#6990,#6991);
#6990 = CARTESIAN_POINT('',(7.7664,-0.7083,0.3));
#6991 = VECTOR('',#6992,1.);
#6992 = DIRECTION('',(1.,0.,0.));
#6993 = PLANE('',#6994);
#6994 = AXIS2_PLACEMENT_3D('',#6995,#6996,#6997);
#6995 = CARTESIAN_POINT('',(7.7664,-0.7083,0.3));
#6996 = DIRECTION('',(0.,0.,-1.));
#6997 = DIRECTION('',(1.,0.,0.));
#6998 = ADVANCED_FACE('',(#6999),#7033,.T.);
#6999 = FACE_BOUND('',#7000,.T.);
#7000 = EDGE_LOOP('',(#7001,#7011,#7019,#7027));
#7001 = ORIENTED_EDGE('',*,*,#7002,.T.);
#7002 = EDGE_CURVE('',#7003,#7005,#7007,.T.);
#7003 = VERTEX_POINT('',#7004);
#7004 = CARTESIAN_POINT('',(7.7664,-0.7083,10.));
#7005 = VERTEX_POINT('',#7006);
#7006 = CARTESIAN_POINT('',(9.0336,-0.7083,10.));
#7007 = LINE('',#7008,#7009);
#7008 = CARTESIAN_POINT('',(7.7664,-0.7083,10.));
#7009 = VECTOR('',#7010,1.);
#7010 = DIRECTION('',(1.,0.,0.));
#7011 = ORIENTED_EDGE('',*,*,#7012,.T.);
#7012 = EDGE_CURVE('',#7005,#7013,#7015,.T.);
#7013 = VERTEX_POINT('',#7014);
#7014 = CARTESIAN_POINT('',(9.0336,-0.5667,10.));
#7015 = LINE('',#7016,#7017);
#7016 = CARTESIAN_POINT('',(9.0336,-0.7083,10.));
#7017 = VECTOR('',#7018,1.);
#7018 = DIRECTION('',(0.,1.,0.));
#7019 = ORIENTED_EDGE('',*,*,#7020,.F.);
#7020 = EDGE_CURVE('',#7021,#7013,#7023,.T.);
#7021 = VERTEX_POINT('',#7022);
#7022 = CARTESIAN_POINT('',(7.7664,-0.5667,10.));
#7023 = LINE('',#7024,#7025);
#7024 = CARTESIAN_POINT('',(7.7664,-0.5667,10.));
#7025 = VECTOR('',#7026,1.);
#7026 = DIRECTION('',(1.,0.,0.));
#7027 = ORIENTED_EDGE('',*,*,#7028,.F.);
#7028 = EDGE_CURVE('',#7003,#7021,#7029,.T.);
#7029 = LINE('',#7030,#7031);
#7030 = CARTESIAN_POINT('',(7.7664,-0.7083,10.));
#7031 = VECTOR('',#7032,1.);
#7032 = DIRECTION('',(0.,1.,0.));
#7033 = PLANE('',#7034);
#7034 = AXIS2_PLACEMENT_3D('',#7035,#7036,#7037);
#7035 = CARTESIAN_POINT('',(7.7664,-0.7083,10.));
#7036 = DIRECTION('',(0.,0.,1.));
#7037 = DIRECTION('',(1.,0.,-0.));
#7038 = ADVANCED_FACE('',(#7039),#7055,.T.);
#7039 = FACE_BOUND('',#7040,.T.);
#7040 = EDGE_LOOP('',(#7041,#7042,#7048,#7049));
#7041 = ORIENTED_EDGE('',*,*,#6988,.T.);
#7042 = ORIENTED_EDGE('',*,*,#7043,.T.);
#7043 = EDGE_CURVE('',#6981,#7005,#7044,.T.);
#7044 = LINE('',#7045,#7046);
#7045 = CARTESIAN_POINT('',(9.0336,-0.7083,0.3));
#7046 = VECTOR('',#7047,1.);
#7047 = DIRECTION('',(0.,0.,1.));
#7048 = ORIENTED_EDGE('',*,*,#7002,.F.);
#7049 = ORIENTED_EDGE('',*,*,#7050,.F.);
#7050 = EDGE_CURVE('',#6963,#7003,#7051,.T.);
#7051 = LINE('',#7052,#7053);
#7052 = CARTESIAN_POINT('',(7.7664,-0.7083,0.3));
#7053 = VECTOR('',#7054,1.);
#7054 = DIRECTION('',(0.,0.,1.));
#7055 = PLANE('',#7056);
#7056 = AXIS2_PLACEMENT_3D('',#7057,#7058,#7059);
#7057 = CARTESIAN_POINT('',(7.7664,-0.7083,0.3));
#7058 = DIRECTION('',(0.,-1.,0.));
#7059 = DIRECTION('',(1.,0.,0.));
#7060 = ADVANCED_FACE('',(#7061),#7077,.T.);
#7061 = FACE_BOUND('',#7062,.T.);
#7062 = EDGE_LOOP('',(#7063,#7069,#7070,#7076));
#7063 = ORIENTED_EDGE('',*,*,#7064,.T.);
#7064 = EDGE_CURVE('',#6965,#7021,#7065,.T.);
#7065 = LINE('',#7066,#7067);
#7066 = CARTESIAN_POINT('',(7.7664,-0.5667,0.3));
#7067 = VECTOR('',#7068,1.);
#7068 = DIRECTION('',(0.,0.,1.));
#7069 = ORIENTED_EDGE('',*,*,#7020,.T.);
#7070 = ORIENTED_EDGE('',*,*,#7071,.F.);
#7071 = EDGE_CURVE('',#6973,#7013,#7072,.T.);
#7072 = LINE('',#7073,#7074);
#7073 = CARTESIAN_POINT('',(9.0336,-0.5667,0.3));
#7074 = VECTOR('',#7075,1.);
#7075 = DIRECTION('',(0.,0.,1.));
#7076 = ORIENTED_EDGE('',*,*,#6972,.F.);
#7077 = PLANE('',#7078);
#7078 = AXIS2_PLACEMENT_3D('',#7079,#7080,#7081);
#7079 = CARTESIAN_POINT('',(7.7664,-0.5667,0.3));
#7080 = DIRECTION('',(0.,1.,0.));
#7081 = DIRECTION('',(1.,0.,0.));
#7082 = ADVANCED_FACE('',(#7083),#7089,.T.);
#7083 = FACE_BOUND('',#7084,.T.);
#7084 = EDGE_LOOP('',(#7085,#7086,#7087,#7088));
#7085 = ORIENTED_EDGE('',*,*,#7050,.T.);
#7086 = ORIENTED_EDGE('',*,*,#7028,.T.);
#7087 = ORIENTED_EDGE('',*,*,#7064,.F.);
#7088 = ORIENTED_EDGE('',*,*,#6962,.F.);
#7089 = PLANE('',#7090);
#7090 = AXIS2_PLACEMENT_3D('',#7091,#7092,#7093);
#7091 = CARTESIAN_POINT('',(7.7664,-0.7083,0.3));
#7092 = DIRECTION('',(-1.,0.,0.));
#7093 = DIRECTION('',(0.,1.,0.));
#7094 = ADVANCED_FACE('',(#7095),#7101,.T.);
#7095 = FACE_BOUND('',#7096,.T.);
#7096 = EDGE_LOOP('',(#7097,#7098,#7099,#7100));
#7097 = ORIENTED_EDGE('',*,*,#6980,.T.);
#7098 = ORIENTED_EDGE('',*,*,#7071,.T.);
#7099 = ORIENTED_EDGE('',*,*,#7012,.F.);
#7100 = ORIENTED_EDGE('',*,*,#7043,.F.);
#7101 = PLANE('',#7102);
#7102 = AXIS2_PLACEMENT_3D('',#7103,#7104,#7105);
#7103 = CARTESIAN_POINT('',(9.0336,-0.7083,0.3));
#7104 = DIRECTION('',(1.,0.,0.));
#7105 = DIRECTION('',(-0.,1.,0.));
#7106 = MANIFOLD_SOLID_BREP('',#7107);
#7107 = CLOSED_SHELL('',(#7108,#7148,#7188,#7210,#7232,#7244));
#7108 = ADVANCED_FACE('',(#7109),#7143,.T.);
#7109 = FACE_BOUND('',#7110,.T.);
#7110 = EDGE_LOOP('',(#7111,#7121,#7129,#7137));
#7111 = ORIENTED_EDGE('',*,*,#7112,.T.);
#7112 = EDGE_CURVE('',#7113,#7115,#7117,.T.);
#7113 = VERTEX_POINT('',#7114);
#7114 = CARTESIAN_POINT('',(7.9301,-0.85,0.3));
#7115 = VERTEX_POINT('',#7116);
#7116 = CARTESIAN_POINT('',(7.9301,-0.7083,0.3));
#7117 = LINE('',#7118,#7119);
#7118 = CARTESIAN_POINT('',(7.9301,-0.85,0.3));
#7119 = VECTOR('',#7120,1.);
#7120 = DIRECTION('',(0.,1.,0.));
#7121 = ORIENTED_EDGE('',*,*,#7122,.T.);
#7122 = EDGE_CURVE('',#7115,#7123,#7125,.T.);
#7123 = VERTEX_POINT('',#7124);
#7124 = CARTESIAN_POINT('',(8.8699,-0.7083,0.3));
#7125 = LINE('',#7126,#7127);
#7126 = CARTESIAN_POINT('',(7.9301,-0.7083,0.3));
#7127 = VECTOR('',#7128,1.);
#7128 = DIRECTION('',(1.,0.,0.));
#7129 = ORIENTED_EDGE('',*,*,#7130,.F.);
#7130 = EDGE_CURVE('',#7131,#7123,#7133,.T.);
#7131 = VERTEX_POINT('',#7132);
#7132 = CARTESIAN_POINT('',(8.8699,-0.85,0.3));
#7133 = LINE('',#7134,#7135);
#7134 = CARTESIAN_POINT('',(8.8699,-0.85,0.3));
#7135 = VECTOR('',#7136,1.);
#7136 = DIRECTION('',(0.,1.,0.));
#7137 = ORIENTED_EDGE('',*,*,#7138,.F.);
#7138 = EDGE_CURVE('',#7113,#7131,#7139,.T.);
#7139 = LINE('',#7140,#7141);
#7140 = CARTESIAN_POINT('',(7.9301,-0.85,0.3));
#7141 = VECTOR('',#7142,1.);
#7142 = DIRECTION('',(1.,0.,0.));
#7143 = PLANE('',#7144);
#7144 = AXIS2_PLACEMENT_3D('',#7145,#7146,#7147);
#7145 = CARTESIAN_POINT('',(7.9301,-0.85,0.3));
#7146 = DIRECTION('',(0.,0.,-1.));
#7147 = DIRECTION('',(1.,0.,0.));
#7148 = ADVANCED_FACE('',(#7149),#7183,.T.);
#7149 = FACE_BOUND('',#7150,.T.);
#7150 = EDGE_LOOP('',(#7151,#7161,#7169,#7177));
#7151 = ORIENTED_EDGE('',*,*,#7152,.T.);
#7152 = EDGE_CURVE('',#7153,#7155,#7157,.T.);
#7153 = VERTEX_POINT('',#7154);
#7154 = CARTESIAN_POINT('',(7.9301,-0.85,10.));
#7155 = VERTEX_POINT('',#7156);
#7156 = CARTESIAN_POINT('',(8.8699,-0.85,10.));
#7157 = LINE('',#7158,#7159);
#7158 = CARTESIAN_POINT('',(7.9301,-0.85,10.));
#7159 = VECTOR('',#7160,1.);
#7160 = DIRECTION('',(1.,0.,0.));
#7161 = ORIENTED_EDGE('',*,*,#7162,.T.);
#7162 = EDGE_CURVE('',#7155,#7163,#7165,.T.);
#7163 = VERTEX_POINT('',#7164);
#7164 = CARTESIAN_POINT('',(8.8699,-0.7083,10.));
#7165 = LINE('',#7166,#7167);
#7166 = CARTESIAN_POINT('',(8.8699,-0.85,10.));
#7167 = VECTOR('',#7168,1.);
#7168 = DIRECTION('',(0.,1.,0.));
#7169 = ORIENTED_EDGE('',*,*,#7170,.F.);
#7170 = EDGE_CURVE('',#7171,#7163,#7173,.T.);
#7171 = VERTEX_POINT('',#7172);
#7172 = CARTESIAN_POINT('',(7.9301,-0.7083,10.));
#7173 = LINE('',#7174,#7175);
#7174 = CARTESIAN_POINT('',(7.9301,-0.7083,10.));
#7175 = VECTOR('',#7176,1.);
#7176 = DIRECTION('',(1.,0.,0.));
#7177 = ORIENTED_EDGE('',*,*,#7178,.F.);
#7178 = EDGE_CURVE('',#7153,#7171,#7179,.T.);
#7179 = LINE('',#7180,#7181);
#7180 = CARTESIAN_POINT('',(7.9301,-0.85,10.));
#7181 = VECTOR('',#7182,1.);
#7182 = DIRECTION('',(0.,1.,0.));
#7183 = PLANE('',#7184);
#7184 = AXIS2_PLACEMENT_3D('',#7185,#7186,#7187);
#7185 = CARTESIAN_POINT('',(7.9301,-0.85,10.));
#7186 = DIRECTION('',(0.,0.,1.));
#7187 = DIRECTION('',(1.,0.,-0.));
#7188 = ADVANCED_FACE('',(#7189),#7205,.T.);
#7189 = FACE_BOUND('',#7190,.T.);
#7190 = EDGE_LOOP('',(#7191,#7192,#7198,#7199));
#7191 = ORIENTED_EDGE('',*,*,#7138,.T.);
#7192 = ORIENTED_EDGE('',*,*,#7193,.T.);
#7193 = EDGE_CURVE('',#7131,#7155,#7194,.T.);
#7194 = LINE('',#7195,#7196);
#7195 = CARTESIAN_POINT('',(8.8699,-0.85,0.3));
#7196 = VECTOR('',#7197,1.);
#7197 = DIRECTION('',(0.,0.,1.));
#7198 = ORIENTED_EDGE('',*,*,#7152,.F.);
#7199 = ORIENTED_EDGE('',*,*,#7200,.F.);
#7200 = EDGE_CURVE('',#7113,#7153,#7201,.T.);
#7201 = LINE('',#7202,#7203);
#7202 = CARTESIAN_POINT('',(7.9301,-0.85,0.3));
#7203 = VECTOR('',#7204,1.);
#7204 = DIRECTION('',(0.,0.,1.));
#7205 = PLANE('',#7206);
#7206 = AXIS2_PLACEMENT_3D('',#7207,#7208,#7209);
#7207 = CARTESIAN_POINT('',(7.9301,-0.85,0.3));
#7208 = DIRECTION('',(0.,-1.,0.));
#7209 = DIRECTION('',(1.,0.,0.));
#7210 = ADVANCED_FACE('',(#7211),#7227,.T.);
#7211 = FACE_BOUND('',#7212,.T.);
#7212 = EDGE_LOOP('',(#7213,#7219,#7220,#7226));
#7213 = ORIENTED_EDGE('',*,*,#7214,.T.);
#7214 = EDGE_CURVE('',#7115,#7171,#7215,.T.);
#7215 = LINE('',#7216,#7217);
#7216 = CARTESIAN_POINT('',(7.9301,-0.7083,0.3));
#7217 = VECTOR('',#7218,1.);
#7218 = DIRECTION('',(0.,0.,1.));
#7219 = ORIENTED_EDGE('',*,*,#7170,.T.);
#7220 = ORIENTED_EDGE('',*,*,#7221,.F.);
#7221 = EDGE_CURVE('',#7123,#7163,#7222,.T.);
#7222 = LINE('',#7223,#7224);
#7223 = CARTESIAN_POINT('',(8.8699,-0.7083,0.3));
#7224 = VECTOR('',#7225,1.);
#7225 = DIRECTION('',(0.,0.,1.));
#7226 = ORIENTED_EDGE('',*,*,#7122,.F.);
#7227 = PLANE('',#7228);
#7228 = AXIS2_PLACEMENT_3D('',#7229,#7230,#7231);
#7229 = CARTESIAN_POINT('',(7.9301,-0.7083,0.3));
#7230 = DIRECTION('',(0.,1.,0.));
#7231 = DIRECTION('',(1.,0.,0.));
#7232 = ADVANCED_FACE('',(#7233),#7239,.T.);
#7233 = FACE_BOUND('',#7234,.T.);
#7234 = EDGE_LOOP('',(#7235,#7236,#7237,#7238));
#7235 = ORIENTED_EDGE('',*,*,#7200,.T.);
#7236 = ORIENTED_EDGE('',*,*,#7178,.T.);
#7237 = ORIENTED_EDGE('',*,*,#7214,.F.);
#7238 = ORIENTED_EDGE('',*,*,#7112,.F.);
#7239 = PLANE('',#7240);
#7240 = AXIS2_PLACEMENT_3D('',#7241,#7242,#7243);
#7241 = CARTESIAN_POINT('',(7.9301,-0.85,0.3));
#7242 = DIRECTION('',(-1.,0.,0.));
#7243 = DIRECTION('',(0.,1.,0.));
#7244 = ADVANCED_FACE('',(#7245),#7251,.T.);
#7245 = FACE_BOUND('',#7246,.T.);
#7246 = EDGE_LOOP('',(#7247,#7248,#7249,#7250));
#7247 = ORIENTED_EDGE('',*,*,#7130,.T.);
#7248 = ORIENTED_EDGE('',*,*,#7221,.T.);
#7249 = ORIENTED_EDGE('',*,*,#7162,.F.);
#7250 = ORIENTED_EDGE('',*,*,#7193,.F.);
#7251 = PLANE('',#7252);
#7252 = AXIS2_PLACEMENT_3D('',#7253,#7254,#7255);
#7253 = CARTESIAN_POINT('',(8.8699,-0.85,0.3));
#7254 = DIRECTION('',(1.,0.,0.));
#7255 = DIRECTION('',(-0.,1.,0.));
#7256 = MANIFOLD_SOLID_BREP('',#7257);
#7257 = CLOSED_SHELL('',(#7258,#7298,#7338,#7360,#7382,#7394));
#7258 = ADVANCED_FACE('',(#7259),#7293,.T.);
#7259 = FACE_BOUND('',#7260,.T.);
#7260 = EDGE_LOOP('',(#7261,#7271,#7279,#7287));
#7261 = ORIENTED_EDGE('',*,*,#7262,.T.);
#7262 = EDGE_CURVE('',#7263,#7265,#7267,.T.);
#7263 = VERTEX_POINT('',#7264);
#7264 = CARTESIAN_POINT('',(8.2137,0.1667,-1.8));
#7265 = VERTEX_POINT('',#7266);
#7266 = CARTESIAN_POINT('',(8.2137,0.25,-1.8));
#7267 = LINE('',#7268,#7269);
#7268 = CARTESIAN_POINT('',(8.2137,0.1667,-1.8));
#7269 = VECTOR('',#7270,1.);
#7270 = DIRECTION('',(0.,1.,0.));
#7271 = ORIENTED_EDGE('',*,*,#7272,.T.);
#7272 = EDGE_CURVE('',#7265,#7273,#7275,.T.);
#7273 = VERTEX_POINT('',#7274);
#7274 = CARTESIAN_POINT('',(8.5863,0.25,-1.8));
#7275 = LINE('',#7276,#7277);
#7276 = CARTESIAN_POINT('',(8.2137,0.25,-1.8));
#7277 = VECTOR('',#7278,1.);
#7278 = DIRECTION('',(1.,0.,0.));
#7279 = ORIENTED_EDGE('',*,*,#7280,.F.);
#7280 = EDGE_CURVE('',#7281,#7273,#7283,.T.);
#7281 = VERTEX_POINT('',#7282);
#7282 = CARTESIAN_POINT('',(8.5863,0.1667,-1.8));
#7283 = LINE('',#7284,#7285);
#7284 = CARTESIAN_POINT('',(8.5863,0.1667,-1.8));
#7285 = VECTOR('',#7286,1.);
#7286 = DIRECTION('',(0.,1.,0.));
#7287 = ORIENTED_EDGE('',*,*,#7288,.F.);
#7288 = EDGE_CURVE('',#7263,#7281,#7289,.T.);
#7289 = LINE('',#7290,#7291);
#7290 = CARTESIAN_POINT('',(8.2137,0.1667,-1.8));
#7291 = VECTOR('',#7292,1.);
#7292 = DIRECTION('',(1.,0.,0.));
#7293 = PLANE('',#7294);
#7294 = AXIS2_PLACEMENT_3D('',#7295,#7296,#7297);
#7295 = CARTESIAN_POINT('',(8.2137,0.1667,-1.8));
#7296 = DIRECTION('',(0.,0.,-1.));
#7297 = DIRECTION('',(1.,0.,0.));
#7298 = ADVANCED_FACE('',(#7299),#7333,.T.);
#7299 = FACE_BOUND('',#7300,.T.);
#7300 = EDGE_LOOP('',(#7301,#7311,#7319,#7327));
#7301 = ORIENTED_EDGE('',*,*,#7302,.T.);
#7302 = EDGE_CURVE('',#7303,#7305,#7307,.T.);
#7303 = VERTEX_POINT('',#7304);
#7304 = CARTESIAN_POINT('',(8.2137,0.1667,0.3));
#7305 = VERTEX_POINT('',#7306);
#7306 = CARTESIAN_POINT('',(8.5863,0.1667,0.3));
#7307 = LINE('',#7308,#7309);
#7308 = CARTESIAN_POINT('',(8.2137,0.1667,0.3));
#7309 = VECTOR('',#7310,1.);
#7310 = DIRECTION('',(1.,0.,0.));
#7311 = ORIENTED_EDGE('',*,*,#7312,.T.);
#7312 = EDGE_CURVE('',#7305,#7313,#7315,.T.);
#7313 = VERTEX_POINT('',#7314);
#7314 = CARTESIAN_POINT('',(8.5863,0.25,0.3));
#7315 = LINE('',#7316,#7317);
#7316 = CARTESIAN_POINT('',(8.5863,0.1667,0.3));
#7317 = VECTOR('',#7318,1.);
#7318 = DIRECTION('',(0.,1.,0.));
#7319 = ORIENTED_EDGE('',*,*,#7320,.F.);
#7320 = EDGE_CURVE('',#7321,#7313,#7323,.T.);
#7321 = VERTEX_POINT('',#7322);
#7322 = CARTESIAN_POINT('',(8.2137,0.25,0.3));
#7323 = LINE('',#7324,#7325);
#7324 = CARTESIAN_POINT('',(8.2137,0.25,0.3));
#7325 = VECTOR('',#7326,1.);
#7326 = DIRECTION('',(1.,0.,0.));
#7327 = ORIENTED_EDGE('',*,*,#7328,.F.);
#7328 = EDGE_CURVE('',#7303,#7321,#7329,.T.);
#7329 = LINE('',#7330,#7331);
#7330 = CARTESIAN_POINT('',(8.2137,0.1667,0.3));
#7331 = VECTOR('',#7332,1.);
#7332 = DIRECTION('',(0.,1.,0.));
#7333 = PLANE('',#7334);
#7334 = AXIS2_PLACEMENT_3D('',#7335,#7336,#7337);
#7335 = CARTESIAN_POINT('',(8.2137,0.1667,0.3));
#7336 = DIRECTION('',(0.,0.,1.));
#7337 = DIRECTION('',(1.,0.,-0.));
#7338 = ADVANCED_FACE('',(#7339),#7355,.T.);
#7339 = FACE_BOUND('',#7340,.T.);
#7340 = EDGE_LOOP('',(#7341,#7342,#7348,#7349));
#7341 = ORIENTED_EDGE('',*,*,#7288,.T.);
#7342 = ORIENTED_EDGE('',*,*,#7343,.T.);
#7343 = EDGE_CURVE('',#7281,#7305,#7344,.T.);
#7344 = LINE('',#7345,#7346);
#7345 = CARTESIAN_POINT('',(8.5863,0.1667,-1.8));
#7346 = VECTOR('',#7347,1.);
#7347 = DIRECTION('',(0.,0.,1.));
#7348 = ORIENTED_EDGE('',*,*,#7302,.F.);
#7349 = ORIENTED_EDGE('',*,*,#7350,.F.);
#7350 = EDGE_CURVE('',#7263,#7303,#7351,.T.);
#7351 = LINE('',#7352,#7353);
#7352 = CARTESIAN_POINT('',(8.2137,0.1667,-1.8));
#7353 = VECTOR('',#7354,1.);
#7354 = DIRECTION('',(0.,0.,1.));
#7355 = PLANE('',#7356);
#7356 = AXIS2_PLACEMENT_3D('',#7357,#7358,#7359);
#7357 = CARTESIAN_POINT('',(8.2137,0.1667,-1.8));
#7358 = DIRECTION('',(0.,-1.,0.));
#7359 = DIRECTION('',(1.,0.,0.));
#7360 = ADVANCED_FACE('',(#7361),#7377,.T.);
#7361 = FACE_BOUND('',#7362,.T.);
#7362 = EDGE_LOOP('',(#7363,#7369,#7370,#7376));
#7363 = ORIENTED_EDGE('',*,*,#7364,.T.);
#7364 = EDGE_CURVE('',#7265,#7321,#7365,.T.);
#7365 = LINE('',#7366,#7367);
#7366 = CARTESIAN_POINT('',(8.2137,0.25,-1.8));
#7367 = VECTOR('',#7368,1.);
#7368 = DIRECTION('',(0.,0.,1.));
#7369 = ORIENTED_EDGE('',*,*,#7320,.T.);
#7370 = ORIENTED_EDGE('',*,*,#7371,.F.);
#7371 = EDGE_CURVE('',#7273,#7313,#7372,.T.);
#7372 = LINE('',#7373,#7374);
#7373 = CARTESIAN_POINT('',(8.5863,0.25,-1.8));
#7374 = VECTOR('',#7375,1.);
#7375 = DIRECTION('',(0.,0.,1.));
#7376 = ORIENTED_EDGE('',*,*,#7272,.F.);
#7377 = PLANE('',#7378);
#7378 = AXIS2_PLACEMENT_3D('',#7379,#7380,#7381);
#7379 = CARTESIAN_POINT('',(8.2137,0.25,-1.8));
#7380 = DIRECTION('',(0.,1.,0.));
#7381 = DIRECTION('',(1.,0.,0.));
#7382 = ADVANCED_FACE('',(#7383),#7389,.T.);
#7383 = FACE_BOUND('',#7384,.T.);
#7384 = EDGE_LOOP('',(#7385,#7386,#7387,#7388));
#7385 = ORIENTED_EDGE('',*,*,#7350,.T.);
#7386 = ORIENTED_EDGE('',*,*,#7328,.T.);
#7387 = ORIENTED_EDGE('',*,*,#7364,.F.);
#7388 = ORIENTED_EDGE('',*,*,#7262,.F.);
#7389 = PLANE('',#7390);
#7390 = AXIS2_PLACEMENT_3D('',#7391,#7392,#7393);
#7391 = CARTESIAN_POINT('',(8.2137,0.1667,-1.8));
#7392 = DIRECTION('',(-1.,0.,0.));
#7393 = DIRECTION('',(0.,1.,0.));
#7394 = ADVANCED_FACE('',(#7395),#7401,.T.);
#7395 = FACE_BOUND('',#7396,.T.);
#7396 = EDGE_LOOP('',(#7397,#7398,#7399,#7400));
#7397 = ORIENTED_EDGE('',*,*,#7280,.T.);
#7398 = ORIENTED_EDGE('',*,*,#7371,.T.);
#7399 = ORIENTED_EDGE('',*,*,#7312,.F.);
#7400 = ORIENTED_EDGE('',*,*,#7343,.F.);
#7401 = PLANE('',#7402);
#7402 = AXIS2_PLACEMENT_3D('',#7403,#7404,#7405);
#7403 = CARTESIAN_POINT('',(8.5863,0.1667,-1.8));
#7404 = DIRECTION('',(1.,0.,0.));
#7405 = DIRECTION('',(-0.,1.,0.));
#7406 = MANIFOLD_SOLID_BREP('',#7407);
#7407 = CLOSED_SHELL('',(#7408,#7448,#7488,#7510,#7532,#7544));
#7408 = ADVANCED_FACE('',(#7409),#7443,.T.);
#7409 = FACE_BOUND('',#7410,.T.);
#7410 = EDGE_LOOP('',(#7411,#7421,#7429,#7437));
#7411 = ORIENTED_EDGE('',*,*,#7412,.T.);
#7412 = EDGE_CURVE('',#7413,#7415,#7417,.T.);
#7413 = VERTEX_POINT('',#7414);
#7414 = CARTESIAN_POINT('',(8.1643,8.33E-02,-1.8));
#7415 = VERTEX_POINT('',#7416);
#7416 = CARTESIAN_POINT('',(8.1643,0.1667,-1.8));
#7417 = LINE('',#7418,#7419);
#7418 = CARTESIAN_POINT('',(8.1643,8.33E-02,-1.8));
#7419 = VECTOR('',#7420,1.);
#7420 = DIRECTION('',(0.,1.,0.));
#7421 = ORIENTED_EDGE('',*,*,#7422,.T.);
#7422 = EDGE_CURVE('',#7415,#7423,#7425,.T.);
#7423 = VERTEX_POINT('',#7424);
#7424 = CARTESIAN_POINT('',(8.6357,0.1667,-1.8));
#7425 = LINE('',#7426,#7427);
#7426 = CARTESIAN_POINT('',(8.1643,0.1667,-1.8));
#7427 = VECTOR('',#7428,1.);
#7428 = DIRECTION('',(1.,0.,0.));
#7429 = ORIENTED_EDGE('',*,*,#7430,.F.);
#7430 = EDGE_CURVE('',#7431,#7423,#7433,.T.);
#7431 = VERTEX_POINT('',#7432);
#7432 = CARTESIAN_POINT('',(8.6357,8.33E-02,-1.8));
#7433 = LINE('',#7434,#7435);
#7434 = CARTESIAN_POINT('',(8.6357,8.33E-02,-1.8));
#7435 = VECTOR('',#7436,1.);
#7436 = DIRECTION('',(0.,1.,0.));
#7437 = ORIENTED_EDGE('',*,*,#7438,.F.);
#7438 = EDGE_CURVE('',#7413,#7431,#7439,.T.);
#7439 = LINE('',#7440,#7441);
#7440 = CARTESIAN_POINT('',(8.1643,8.33E-02,-1.8));
#7441 = VECTOR('',#7442,1.);
#7442 = DIRECTION('',(1.,0.,0.));
#7443 = PLANE('',#7444);
#7444 = AXIS2_PLACEMENT_3D('',#7445,#7446,#7447);
#7445 = CARTESIAN_POINT('',(8.1643,8.33E-02,-1.8));
#7446 = DIRECTION('',(0.,0.,-1.));
#7447 = DIRECTION('',(1.,0.,0.));
#7448 = ADVANCED_FACE('',(#7449),#7483,.T.);
#7449 = FACE_BOUND('',#7450,.T.);
#7450 = EDGE_LOOP('',(#7451,#7461,#7469,#7477));
#7451 = ORIENTED_EDGE('',*,*,#7452,.T.);
#7452 = EDGE_CURVE('',#7453,#7455,#7457,.T.);
#7453 = VERTEX_POINT('',#7454);
#7454 = CARTESIAN_POINT('',(8.1643,8.33E-02,0.3));
#7455 = VERTEX_POINT('',#7456);
#7456 = CARTESIAN_POINT('',(8.6357,8.33E-02,0.3));
#7457 = LINE('',#7458,#7459);
#7458 = CARTESIAN_POINT('',(8.1643,8.33E-02,0.3));
#7459 = VECTOR('',#7460,1.);
#7460 = DIRECTION('',(1.,0.,0.));
#7461 = ORIENTED_EDGE('',*,*,#7462,.T.);
#7462 = EDGE_CURVE('',#7455,#7463,#7465,.T.);
#7463 = VERTEX_POINT('',#7464);
#7464 = CARTESIAN_POINT('',(8.6357,0.1667,0.3));
#7465 = LINE('',#7466,#7467);
#7466 = CARTESIAN_POINT('',(8.6357,8.33E-02,0.3));
#7467 = VECTOR('',#7468,1.);
#7468 = DIRECTION('',(0.,1.,0.));
#7469 = ORIENTED_EDGE('',*,*,#7470,.F.);
#7470 = EDGE_CURVE('',#7471,#7463,#7473,.T.);
#7471 = VERTEX_POINT('',#7472);
#7472 = CARTESIAN_POINT('',(8.1643,0.1667,0.3));
#7473 = LINE('',#7474,#7475);
#7474 = CARTESIAN_POINT('',(8.1643,0.1667,0.3));
#7475 = VECTOR('',#7476,1.);
#7476 = DIRECTION('',(1.,0.,0.));
#7477 = ORIENTED_EDGE('',*,*,#7478,.F.);
#7478 = EDGE_CURVE('',#7453,#7471,#7479,.T.);
#7479 = LINE('',#7480,#7481);
#7480 = CARTESIAN_POINT('',(8.1643,8.33E-02,0.3));
#7481 = VECTOR('',#7482,1.);
#7482 = DIRECTION('',(0.,1.,0.));
#7483 = PLANE('',#7484);
#7484 = AXIS2_PLACEMENT_3D('',#7485,#7486,#7487);
#7485 = CARTESIAN_POINT('',(8.1643,8.33E-02,0.3));
#7486 = DIRECTION('',(0.,0.,1.));
#7487 = DIRECTION('',(1.,0.,-0.));
#7488 = ADVANCED_FACE('',(#7489),#7505,.T.);
#7489 = FACE_BOUND('',#7490,.T.);
#7490 = EDGE_LOOP('',(#7491,#7492,#7498,#7499));
#7491 = ORIENTED_EDGE('',*,*,#7438,.T.);
#7492 = ORIENTED_EDGE('',*,*,#7493,.T.);
#7493 = EDGE_CURVE('',#7431,#7455,#7494,.T.);
#7494 = LINE('',#7495,#7496);
#7495 = CARTESIAN_POINT('',(8.6357,8.33E-02,-1.8));
#7496 = VECTOR('',#7497,1.);
#7497 = DIRECTION('',(0.,0.,1.));
#7498 = ORIENTED_EDGE('',*,*,#7452,.F.);
#7499 = ORIENTED_EDGE('',*,*,#7500,.F.);
#7500 = EDGE_CURVE('',#7413,#7453,#7501,.T.);
#7501 = LINE('',#7502,#7503);
#7502 = CARTESIAN_POINT('',(8.1643,8.33E-02,-1.8));
#7503 = VECTOR('',#7504,1.);
#7504 = DIRECTION('',(0.,0.,1.));
#7505 = PLANE('',#7506);
#7506 = AXIS2_PLACEMENT_3D('',#7507,#7508,#7509);
#7507 = CARTESIAN_POINT('',(8.1643,8.33E-02,-1.8));
#7508 = DIRECTION('',(0.,-1.,0.));
#7509 = DIRECTION('',(1.,0.,0.));
#7510 = ADVANCED_FACE('',(#7511),#7527,.T.);
#7511 = FACE_BOUND('',#7512,.T.);
#7512 = EDGE_LOOP('',(#7513,#7519,#7520,#7526));
#7513 = ORIENTED_EDGE('',*,*,#7514,.T.);
#7514 = EDGE_CURVE('',#7415,#7471,#7515,.T.);
#7515 = LINE('',#7516,#7517);
#7516 = CARTESIAN_POINT('',(8.1643,0.1667,-1.8));
#7517 = VECTOR('',#7518,1.);
#7518 = DIRECTION('',(0.,0.,1.));
#7519 = ORIENTED_EDGE('',*,*,#7470,.T.);
#7520 = ORIENTED_EDGE('',*,*,#7521,.F.);
#7521 = EDGE_CURVE('',#7423,#7463,#7522,.T.);
#7522 = LINE('',#7523,#7524);
#7523 = CARTESIAN_POINT('',(8.6357,0.1667,-1.8));
#7524 = VECTOR('',#7525,1.);
#7525 = DIRECTION('',(0.,0.,1.));
#7526 = ORIENTED_EDGE('',*,*,#7422,.F.);
#7527 = PLANE('',#7528);
#7528 = AXIS2_PLACEMENT_3D('',#7529,#7530,#7531);
#7529 = CARTESIAN_POINT('',(8.1643,0.1667,-1.8));
#7530 = DIRECTION('',(0.,1.,0.));
#7531 = DIRECTION('',(1.,0.,0.));
#7532 = ADVANCED_FACE('',(#7533),#7539,.T.);
#7533 = FACE_BOUND('',#7534,.T.);
#7534 = EDGE_LOOP('',(#7535,#7536,#7537,#7538));
#7535 = ORIENTED_EDGE('',*,*,#7500,.T.);
#7536 = ORIENTED_EDGE('',*,*,#7478,.T.);
#7537 = ORIENTED_EDGE('',*,*,#7514,.F.);
#7538 = ORIENTED_EDGE('',*,*,#7412,.F.);
#7539 = PLANE('',#7540);
#7540 = AXIS2_PLACEMENT_3D('',#7541,#7542,#7543);
#7541 = CARTESIAN_POINT('',(8.1643,8.33E-02,-1.8));
#7542 = DIRECTION('',(-1.,0.,0.));
#7543 = DIRECTION('',(0.,1.,0.));
#7544 = ADVANCED_FACE('',(#7545),#7551,.T.);
#7545 = FACE_BOUND('',#7546,.T.);
#7546 = EDGE_LOOP('',(#7547,#7548,#7549,#7550));
#7547 = ORIENTED_EDGE('',*,*,#7430,.T.);
#7548 = ORIENTED_EDGE('',*,*,#7521,.T.);
#7549 = ORIENTED_EDGE('',*,*,#7462,.F.);
#7550 = ORIENTED_EDGE('',*,*,#7493,.F.);
#7551 = PLANE('',#7552);
#7552 = AXIS2_PLACEMENT_3D('',#7553,#7554,#7555);
#7553 = CARTESIAN_POINT('',(8.6357,8.33E-02,-1.8));
#7554 = DIRECTION('',(1.,0.,0.));
#7555 = DIRECTION('',(-0.,1.,0.));
#7556 = MANIFOLD_SOLID_BREP('',#7557);
#7557 = CLOSED_SHELL('',(#7558,#7598,#7638,#7660,#7682,#7694));
#7558 = ADVANCED_FACE('',(#7559),#7593,.T.);
#7559 = FACE_BOUND('',#7560,.T.);
#7560 = EDGE_LOOP('',(#7561,#7571,#7579,#7587));
#7561 = ORIENTED_EDGE('',*,*,#7562,.T.);
#7562 = EDGE_CURVE('',#7563,#7565,#7567,.T.);
#7563 = VERTEX_POINT('',#7564);
#7564 = CARTESIAN_POINT('',(8.15,-0.,-1.8));
#7565 = VERTEX_POINT('',#7566);
#7566 = CARTESIAN_POINT('',(8.15,8.33E-02,-1.8));
#7567 = LINE('',#7568,#7569);
#7568 = CARTESIAN_POINT('',(8.15,-0.,-1.8));
#7569 = VECTOR('',#7570,1.);
#7570 = DIRECTION('',(0.,1.,0.));
#7571 = ORIENTED_EDGE('',*,*,#7572,.T.);
#7572 = EDGE_CURVE('',#7565,#7573,#7575,.T.);
#7573 = VERTEX_POINT('',#7574);
#7574 = CARTESIAN_POINT('',(8.65,8.33E-02,-1.8));
#7575 = LINE('',#7576,#7577);
#7576 = CARTESIAN_POINT('',(8.15,8.33E-02,-1.8));
#7577 = VECTOR('',#7578,1.);
#7578 = DIRECTION('',(1.,0.,0.));
#7579 = ORIENTED_EDGE('',*,*,#7580,.F.);
#7580 = EDGE_CURVE('',#7581,#7573,#7583,.T.);
#7581 = VERTEX_POINT('',#7582);
#7582 = CARTESIAN_POINT('',(8.65,-0.,-1.8));
#7583 = LINE('',#7584,#7585);
#7584 = CARTESIAN_POINT('',(8.65,-0.,-1.8));
#7585 = VECTOR('',#7586,1.);
#7586 = DIRECTION('',(0.,1.,0.));
#7587 = ORIENTED_EDGE('',*,*,#7588,.F.);
#7588 = EDGE_CURVE('',#7563,#7581,#7589,.T.);
#7589 = LINE('',#7590,#7591);
#7590 = CARTESIAN_POINT('',(8.15,-0.,-1.8));
#7591 = VECTOR('',#7592,1.);
#7592 = DIRECTION('',(1.,0.,0.));
#7593 = PLANE('',#7594);
#7594 = AXIS2_PLACEMENT_3D('',#7595,#7596,#7597);
#7595 = CARTESIAN_POINT('',(8.15,-0.,-1.8));
#7596 = DIRECTION('',(0.,0.,-1.));
#7597 = DIRECTION('',(1.,0.,0.));
#7598 = ADVANCED_FACE('',(#7599),#7633,.T.);
#7599 = FACE_BOUND('',#7600,.T.);
#7600 = EDGE_LOOP('',(#7601,#7611,#7619,#7627));
#7601 = ORIENTED_EDGE('',*,*,#7602,.T.);
#7602 = EDGE_CURVE('',#7603,#7605,#7607,.T.);
#7603 = VERTEX_POINT('',#7604);
#7604 = CARTESIAN_POINT('',(8.15,-0.,0.3));
#7605 = VERTEX_POINT('',#7606);
#7606 = CARTESIAN_POINT('',(8.65,-0.,0.3));
#7607 = LINE('',#7608,#7609);
#7608 = CARTESIAN_POINT('',(8.15,-0.,0.3));
#7609 = VECTOR('',#7610,1.);
#7610 = DIRECTION('',(1.,0.,0.));
#7611 = ORIENTED_EDGE('',*,*,#7612,.T.);
#7612 = EDGE_CURVE('',#7605,#7613,#7615,.T.);
#7613 = VERTEX_POINT('',#7614);
#7614 = CARTESIAN_POINT('',(8.65,8.33E-02,0.3));
#7615 = LINE('',#7616,#7617);
#7616 = CARTESIAN_POINT('',(8.65,-0.,0.3));
#7617 = VECTOR('',#7618,1.);
#7618 = DIRECTION('',(0.,1.,0.));
#7619 = ORIENTED_EDGE('',*,*,#7620,.F.);
#7620 = EDGE_CURVE('',#7621,#7613,#7623,.T.);
#7621 = VERTEX_POINT('',#7622);
#7622 = CARTESIAN_POINT('',(8.15,8.33E-02,0.3));
#7623 = LINE('',#7624,#7625);
#7624 = CARTESIAN_POINT('',(8.15,8.33E-02,0.3));
#7625 = VECTOR('',#7626,1.);
#7626 = DIRECTION('',(1.,0.,0.));
#7627 = ORIENTED_EDGE('',*,*,#7628,.F.);
#7628 = EDGE_CURVE('',#7603,#7621,#7629,.T.);
#7629 = LINE('',#7630,#7631);
#7630 = CARTESIAN_POINT('',(8.15,-0.,0.3));
#7631 = VECTOR('',#7632,1.);
#7632 = DIRECTION('',(0.,1.,0.));
#7633 = PLANE('',#7634);
#7634 = AXIS2_PLACEMENT_3D('',#7635,#7636,#7637);
#7635 = CARTESIAN_POINT('',(8.15,-0.,0.3));
#7636 = DIRECTION('',(0.,0.,1.));
#7637 = DIRECTION('',(1.,0.,-0.));
#7638 = ADVANCED_FACE('',(#7639),#7655,.T.);
#7639 = FACE_BOUND('',#7640,.T.);
#7640 = EDGE_LOOP('',(#7641,#7642,#7648,#7649));
#7641 = ORIENTED_EDGE('',*,*,#7588,.T.);
#7642 = ORIENTED_EDGE('',*,*,#7643,.T.);
#7643 = EDGE_CURVE('',#7581,#7605,#7644,.T.);
#7644 = LINE('',#7645,#7646);
#7645 = CARTESIAN_POINT('',(8.65,-0.,-1.8));
#7646 = VECTOR('',#7647,1.);
#7647 = DIRECTION('',(0.,0.,1.));
#7648 = ORIENTED_EDGE('',*,*,#7602,.F.);
#7649 = ORIENTED_EDGE('',*,*,#7650,.F.);
#7650 = EDGE_CURVE('',#7563,#7603,#7651,.T.);
#7651 = LINE('',#7652,#7653);
#7652 = CARTESIAN_POINT('',(8.15,-0.,-1.8));
#7653 = VECTOR('',#7654,1.);
#7654 = DIRECTION('',(0.,0.,1.));
#7655 = PLANE('',#7656);
#7656 = AXIS2_PLACEMENT_3D('',#7657,#7658,#7659);
#7657 = CARTESIAN_POINT('',(8.15,-0.,-1.8));
#7658 = DIRECTION('',(0.,-1.,0.));
#7659 = DIRECTION('',(1.,0.,0.));
#7660 = ADVANCED_FACE('',(#7661),#7677,.T.);
#7661 = FACE_BOUND('',#7662,.T.);
#7662 = EDGE_LOOP('',(#7663,#7669,#7670,#7676));
#7663 = ORIENTED_EDGE('',*,*,#7664,.T.);
#7664 = EDGE_CURVE('',#7565,#7621,#7665,.T.);
#7665 = LINE('',#7666,#7667);
#7666 = CARTESIAN_POINT('',(8.15,8.33E-02,-1.8));
#7667 = VECTOR('',#7668,1.);
#7668 = DIRECTION('',(0.,0.,1.));
#7669 = ORIENTED_EDGE('',*,*,#7620,.T.);
#7670 = ORIENTED_EDGE('',*,*,#7671,.F.);
#7671 = EDGE_CURVE('',#7573,#7613,#7672,.T.);
#7672 = LINE('',#7673,#7674);
#7673 = CARTESIAN_POINT('',(8.65,8.33E-02,-1.8));
#7674 = VECTOR('',#7675,1.);
#7675 = DIRECTION('',(0.,0.,1.));
#7676 = ORIENTED_EDGE('',*,*,#7572,.F.);
#7677 = PLANE('',#7678);
#7678 = AXIS2_PLACEMENT_3D('',#7679,#7680,#7681);
#7679 = CARTESIAN_POINT('',(8.15,8.33E-02,-1.8));
#7680 = DIRECTION('',(0.,1.,0.));
#7681 = DIRECTION('',(1.,0.,0.));
#7682 = ADVANCED_FACE('',(#7683),#7689,.T.);
#7683 = FACE_BOUND('',#7684,.T.);
#7684 = EDGE_LOOP('',(#7685,#7686,#7687,#7688));
#7685 = ORIENTED_EDGE('',*,*,#7650,.T.);
#7686 = ORIENTED_EDGE('',*,*,#7628,.T.);
#7687 = ORIENTED_EDGE('',*,*,#7664,.F.);
#7688 = ORIENTED_EDGE('',*,*,#7562,.F.);
#7689 = PLANE('',#7690);
#7690 = AXIS2_PLACEMENT_3D('',#7691,#7692,#7693);
#7691 = CARTESIAN_POINT('',(8.15,-0.,-1.8));
#7692 = DIRECTION('',(-1.,0.,0.));
#7693 = DIRECTION('',(0.,1.,0.));
#7694 = ADVANCED_FACE('',(#7695),#7701,.T.);
#7695 = FACE_BOUND('',#7696,.T.);
#7696 = EDGE_LOOP('',(#7697,#7698,#7699,#7700));
#7697 = ORIENTED_EDGE('',*,*,#7580,.T.);
#7698 = ORIENTED_EDGE('',*,*,#7671,.T.);
#7699 = ORIENTED_EDGE('',*,*,#7612,.F.);
#7700 = ORIENTED_EDGE('',*,*,#7643,.F.);
#7701 = PLANE('',#7702);
#7702 = AXIS2_PLACEMENT_3D('',#7703,#7704,#7705);
#7703 = CARTESIAN_POINT('',(8.65,-0.,-1.8));
#7704 = DIRECTION('',(1.,0.,0.));
#7705 = DIRECTION('',(-0.,1.,0.));
#7706 = MANIFOLD_SOLID_BREP('',#7707);
#7707 = CLOSED_SHELL('',(#7708,#7748,#7788,#7810,#7832,#7844));
#7708 = ADVANCED_FACE('',(#7709),#7743,.T.);
#7709 = FACE_BOUND('',#7710,.T.);
#7710 = EDGE_LOOP('',(#7711,#7721,#7729,#7737));
#7711 = ORIENTED_EDGE('',*,*,#7712,.T.);
#7712 = EDGE_CURVE('',#7713,#7715,#7717,.T.);
#7713 = VERTEX_POINT('',#7714);
#7714 = CARTESIAN_POINT('',(8.15,-8.33E-02,-1.8));
#7715 = VERTEX_POINT('',#7716);
#7716 = CARTESIAN_POINT('',(8.15,-0.,-1.8));
#7717 = LINE('',#7718,#7719);
#7718 = CARTESIAN_POINT('',(8.15,-8.33E-02,-1.8));
#7719 = VECTOR('',#7720,1.);
#7720 = DIRECTION('',(0.,1.,0.));
#7721 = ORIENTED_EDGE('',*,*,#7722,.T.);
#7722 = EDGE_CURVE('',#7715,#7723,#7725,.T.);
#7723 = VERTEX_POINT('',#7724);
#7724 = CARTESIAN_POINT('',(8.65,-0.,-1.8));
#7725 = LINE('',#7726,#7727);
#7726 = CARTESIAN_POINT('',(8.15,-0.,-1.8));
#7727 = VECTOR('',#7728,1.);
#7728 = DIRECTION('',(1.,0.,0.));
#7729 = ORIENTED_EDGE('',*,*,#7730,.F.);
#7730 = EDGE_CURVE('',#7731,#7723,#7733,.T.);
#7731 = VERTEX_POINT('',#7732);
#7732 = CARTESIAN_POINT('',(8.65,-8.33E-02,-1.8));
#7733 = LINE('',#7734,#7735);
#7734 = CARTESIAN_POINT('',(8.65,-8.33E-02,-1.8));
#7735 = VECTOR('',#7736,1.);
#7736 = DIRECTION('',(0.,1.,0.));
#7737 = ORIENTED_EDGE('',*,*,#7738,.F.);
#7738 = EDGE_CURVE('',#7713,#7731,#7739,.T.);
#7739 = LINE('',#7740,#7741);
#7740 = CARTESIAN_POINT('',(8.15,-8.33E-02,-1.8));
#7741 = VECTOR('',#7742,1.);
#7742 = DIRECTION('',(1.,0.,0.));
#7743 = PLANE('',#7744);
#7744 = AXIS2_PLACEMENT_3D('',#7745,#7746,#7747);
#7745 = CARTESIAN_POINT('',(8.15,-8.33E-02,-1.8));
#7746 = DIRECTION('',(0.,0.,-1.));
#7747 = DIRECTION('',(1.,0.,0.));
#7748 = ADVANCED_FACE('',(#7749),#7783,.T.);
#7749 = FACE_BOUND('',#7750,.T.);
#7750 = EDGE_LOOP('',(#7751,#7761,#7769,#7777));
#7751 = ORIENTED_EDGE('',*,*,#7752,.T.);
#7752 = EDGE_CURVE('',#7753,#7755,#7757,.T.);
#7753 = VERTEX_POINT('',#7754);
#7754 = CARTESIAN_POINT('',(8.15,-8.33E-02,0.3));
#7755 = VERTEX_POINT('',#7756);
#7756 = CARTESIAN_POINT('',(8.65,-8.33E-02,0.3));
#7757 = LINE('',#7758,#7759);
#7758 = CARTESIAN_POINT('',(8.15,-8.33E-02,0.3));
#7759 = VECTOR('',#7760,1.);
#7760 = DIRECTION('',(1.,0.,0.));
#7761 = ORIENTED_EDGE('',*,*,#7762,.T.);
#7762 = EDGE_CURVE('',#7755,#7763,#7765,.T.);
#7763 = VERTEX_POINT('',#7764);
#7764 = CARTESIAN_POINT('',(8.65,-0.,0.3));
#7765 = LINE('',#7766,#7767);
#7766 = CARTESIAN_POINT('',(8.65,-8.33E-02,0.3));
#7767 = VECTOR('',#7768,1.);
#7768 = DIRECTION('',(0.,1.,0.));
#7769 = ORIENTED_EDGE('',*,*,#7770,.F.);
#7770 = EDGE_CURVE('',#7771,#7763,#7773,.T.);
#7771 = VERTEX_POINT('',#7772);
#7772 = CARTESIAN_POINT('',(8.15,-0.,0.3));
#7773 = LINE('',#7774,#7775);
#7774 = CARTESIAN_POINT('',(8.15,-0.,0.3));
#7775 = VECTOR('',#7776,1.);
#7776 = DIRECTION('',(1.,0.,0.));
#7777 = ORIENTED_EDGE('',*,*,#7778,.F.);
#7778 = EDGE_CURVE('',#7753,#7771,#7779,.T.);
#7779 = LINE('',#7780,#7781);
#7780 = CARTESIAN_POINT('',(8.15,-8.33E-02,0.3));
#7781 = VECTOR('',#7782,1.);
#7782 = DIRECTION('',(0.,1.,0.));
#7783 = PLANE('',#7784);
#7784 = AXIS2_PLACEMENT_3D('',#7785,#7786,#7787);
#7785 = CARTESIAN_POINT('',(8.15,-8.33E-02,0.3));
#7786 = DIRECTION('',(0.,0.,1.));
#7787 = DIRECTION('',(1.,0.,-0.));
#7788 = ADVANCED_FACE('',(#7789),#7805,.T.);
#7789 = FACE_BOUND('',#7790,.T.);
#7790 = EDGE_LOOP('',(#7791,#7792,#7798,#7799));
#7791 = ORIENTED_EDGE('',*,*,#7738,.T.);
#7792 = ORIENTED_EDGE('',*,*,#7793,.T.);
#7793 = EDGE_CURVE('',#7731,#7755,#7794,.T.);
#7794 = LINE('',#7795,#7796);
#7795 = CARTESIAN_POINT('',(8.65,-8.33E-02,-1.8));
#7796 = VECTOR('',#7797,1.);
#7797 = DIRECTION('',(0.,0.,1.));
#7798 = ORIENTED_EDGE('',*,*,#7752,.F.);
#7799 = ORIENTED_EDGE('',*,*,#7800,.F.);
#7800 = EDGE_CURVE('',#7713,#7753,#7801,.T.);
#7801 = LINE('',#7802,#7803);
#7802 = CARTESIAN_POINT('',(8.15,-8.33E-02,-1.8));
#7803 = VECTOR('',#7804,1.);
#7804 = DIRECTION('',(0.,0.,1.));
#7805 = PLANE('',#7806);
#7806 = AXIS2_PLACEMENT_3D('',#7807,#7808,#7809);
#7807 = CARTESIAN_POINT('',(8.15,-8.33E-02,-1.8));
#7808 = DIRECTION('',(0.,-1.,0.));
#7809 = DIRECTION('',(1.,0.,0.));
#7810 = ADVANCED_FACE('',(#7811),#7827,.T.);
#7811 = FACE_BOUND('',#7812,.T.);
#7812 = EDGE_LOOP('',(#7813,#7819,#7820,#7826));
#7813 = ORIENTED_EDGE('',*,*,#7814,.T.);
#7814 = EDGE_CURVE('',#7715,#7771,#7815,.T.);
#7815 = LINE('',#7816,#7817);
#7816 = CARTESIAN_POINT('',(8.15,-0.,-1.8));
#7817 = VECTOR('',#7818,1.);
#7818 = DIRECTION('',(0.,0.,1.));
#7819 = ORIENTED_EDGE('',*,*,#7770,.T.);
#7820 = ORIENTED_EDGE('',*,*,#7821,.F.);
#7821 = EDGE_CURVE('',#7723,#7763,#7822,.T.);
#7822 = LINE('',#7823,#7824);
#7823 = CARTESIAN_POINT('',(8.65,-0.,-1.8));
#7824 = VECTOR('',#7825,1.);
#7825 = DIRECTION('',(0.,0.,1.));
#7826 = ORIENTED_EDGE('',*,*,#7722,.F.);
#7827 = PLANE('',#7828);
#7828 = AXIS2_PLACEMENT_3D('',#7829,#7830,#7831);
#7829 = CARTESIAN_POINT('',(8.15,-0.,-1.8));
#7830 = DIRECTION('',(0.,1.,0.));
#7831 = DIRECTION('',(1.,0.,0.));
#7832 = ADVANCED_FACE('',(#7833),#7839,.T.);
#7833 = FACE_BOUND('',#7834,.T.);
#7834 = EDGE_LOOP('',(#7835,#7836,#7837,#7838));
#7835 = ORIENTED_EDGE('',*,*,#7800,.T.);
#7836 = ORIENTED_EDGE('',*,*,#7778,.T.);
#7837 = ORIENTED_EDGE('',*,*,#7814,.F.);
#7838 = ORIENTED_EDGE('',*,*,#7712,.F.);
#7839 = PLANE('',#7840);
#7840 = AXIS2_PLACEMENT_3D('',#7841,#7842,#7843);
#7841 = CARTESIAN_POINT('',(8.15,-8.33E-02,-1.8));
#7842 = DIRECTION('',(-1.,0.,0.));
#7843 = DIRECTION('',(0.,1.,0.));
#7844 = ADVANCED_FACE('',(#7845),#7851,.T.);
#7845 = FACE_BOUND('',#7846,.T.);
#7846 = EDGE_LOOP('',(#7847,#7848,#7849,#7850));
#7847 = ORIENTED_EDGE('',*,*,#7730,.T.);
#7848 = ORIENTED_EDGE('',*,*,#7821,.T.);
#7849 = ORIENTED_EDGE('',*,*,#7762,.F.);
#7850 = ORIENTED_EDGE('',*,*,#7793,.F.);
#7851 = PLANE('',#7852);
#7852 = AXIS2_PLACEMENT_3D('',#7853,#7854,#7855);
#7853 = CARTESIAN_POINT('',(8.65,-8.33E-02,-1.8));
#7854 = DIRECTION('',(1.,0.,0.));
#7855 = DIRECTION('',(-0.,1.,0.));
#7856 = MANIFOLD_SOLID_BREP('',#7857);
#7857 = CLOSED_SHELL('',(#7858,#7898,#7938,#7960,#7982,#7994));
#7858 = ADVANCED_FACE('',(#7859),#7893,.T.);
#7859 = FACE_BOUND('',#7860,.T.);
#7860 = EDGE_LOOP('',(#7861,#7871,#7879,#7887));
#7861 = ORIENTED_EDGE('',*,*,#7862,.T.);
#7862 = EDGE_CURVE('',#7863,#7865,#7867,.T.);
#7863 = VERTEX_POINT('',#7864);
#7864 = CARTESIAN_POINT('',(8.1643,-0.1667,-1.8));
#7865 = VERTEX_POINT('',#7866);
#7866 = CARTESIAN_POINT('',(8.1643,-8.33E-02,-1.8));
#7867 = LINE('',#7868,#7869);
#7868 = CARTESIAN_POINT('',(8.1643,-0.1667,-1.8));
#7869 = VECTOR('',#7870,1.);
#7870 = DIRECTION('',(0.,1.,0.));
#7871 = ORIENTED_EDGE('',*,*,#7872,.T.);
#7872 = EDGE_CURVE('',#7865,#7873,#7875,.T.);
#7873 = VERTEX_POINT('',#7874);
#7874 = CARTESIAN_POINT('',(8.6357,-8.33E-02,-1.8));
#7875 = LINE('',#7876,#7877);
#7876 = CARTESIAN_POINT('',(8.1643,-8.33E-02,-1.8));
#7877 = VECTOR('',#7878,1.);
#7878 = DIRECTION('',(1.,0.,0.));
#7879 = ORIENTED_EDGE('',*,*,#7880,.F.);
#7880 = EDGE_CURVE('',#7881,#7873,#7883,.T.);
#7881 = VERTEX_POINT('',#7882);
#7882 = CARTESIAN_POINT('',(8.6357,-0.1667,-1.8));
#7883 = LINE('',#7884,#7885);
#7884 = CARTESIAN_POINT('',(8.6357,-0.1667,-1.8));
#7885 = VECTOR('',#7886,1.);
#7886 = DIRECTION('',(0.,1.,0.));
#7887 = ORIENTED_EDGE('',*,*,#7888,.F.);
#7888 = EDGE_CURVE('',#7863,#7881,#7889,.T.);
#7889 = LINE('',#7890,#7891);
#7890 = CARTESIAN_POINT('',(8.1643,-0.1667,-1.8));
#7891 = VECTOR('',#7892,1.);
#7892 = DIRECTION('',(1.,0.,0.));
#7893 = PLANE('',#7894);
#7894 = AXIS2_PLACEMENT_3D('',#7895,#7896,#7897);
#7895 = CARTESIAN_POINT('',(8.1643,-0.1667,-1.8));
#7896 = DIRECTION('',(0.,0.,-1.));
#7897 = DIRECTION('',(1.,0.,0.));
#7898 = ADVANCED_FACE('',(#7899),#7933,.T.);
#7899 = FACE_BOUND('',#7900,.T.);
#7900 = EDGE_LOOP('',(#7901,#7911,#7919,#7927));
#7901 = ORIENTED_EDGE('',*,*,#7902,.T.);
#7902 = EDGE_CURVE('',#7903,#7905,#7907,.T.);
#7903 = VERTEX_POINT('',#7904);
#7904 = CARTESIAN_POINT('',(8.1643,-0.1667,0.3));
#7905 = VERTEX_POINT('',#7906);
#7906 = CARTESIAN_POINT('',(8.6357,-0.1667,0.3));
#7907 = LINE('',#7908,#7909);
#7908 = CARTESIAN_POINT('',(8.1643,-0.1667,0.3));
#7909 = VECTOR('',#7910,1.);
#7910 = DIRECTION('',(1.,0.,0.));
#7911 = ORIENTED_EDGE('',*,*,#7912,.T.);
#7912 = EDGE_CURVE('',#7905,#7913,#7915,.T.);
#7913 = VERTEX_POINT('',#7914);
#7914 = CARTESIAN_POINT('',(8.6357,-8.33E-02,0.3));
#7915 = LINE('',#7916,#7917);
#7916 = CARTESIAN_POINT('',(8.6357,-0.1667,0.3));
#7917 = VECTOR('',#7918,1.);
#7918 = DIRECTION('',(0.,1.,0.));
#7919 = ORIENTED_EDGE('',*,*,#7920,.F.);
#7920 = EDGE_CURVE('',#7921,#7913,#7923,.T.);
#7921 = VERTEX_POINT('',#7922);
#7922 = CARTESIAN_POINT('',(8.1643,-8.33E-02,0.3));
#7923 = LINE('',#7924,#7925);
#7924 = CARTESIAN_POINT('',(8.1643,-8.33E-02,0.3));
#7925 = VECTOR('',#7926,1.);
#7926 = DIRECTION('',(1.,0.,0.));
#7927 = ORIENTED_EDGE('',*,*,#7928,.F.);
#7928 = EDGE_CURVE('',#7903,#7921,#7929,.T.);
#7929 = LINE('',#7930,#7931);
#7930 = CARTESIAN_POINT('',(8.1643,-0.1667,0.3));
#7931 = VECTOR('',#7932,1.);
#7932 = DIRECTION('',(0.,1.,0.));
#7933 = PLANE('',#7934);
#7934 = AXIS2_PLACEMENT_3D('',#7935,#7936,#7937);
#7935 = CARTESIAN_POINT('',(8.1643,-0.1667,0.3));
#7936 = DIRECTION('',(0.,0.,1.));
#7937 = DIRECTION('',(1.,0.,-0.));
#7938 = ADVANCED_FACE('',(#7939),#7955,.T.);
#7939 = FACE_BOUND('',#7940,.T.);
#7940 = EDGE_LOOP('',(#7941,#7942,#7948,#7949));
#7941 = ORIENTED_EDGE('',*,*,#7888,.T.);
#7942 = ORIENTED_EDGE('',*,*,#7943,.T.);
#7943 = EDGE_CURVE('',#7881,#7905,#7944,.T.);
#7944 = LINE('',#7945,#7946);
#7945 = CARTESIAN_POINT('',(8.6357,-0.1667,-1.8));
#7946 = VECTOR('',#7947,1.);
#7947 = DIRECTION('',(0.,0.,1.));
#7948 = ORIENTED_EDGE('',*,*,#7902,.F.);
#7949 = ORIENTED_EDGE('',*,*,#7950,.F.);
#7950 = EDGE_CURVE('',#7863,#7903,#7951,.T.);
#7951 = LINE('',#7952,#7953);
#7952 = CARTESIAN_POINT('',(8.1643,-0.1667,-1.8));
#7953 = VECTOR('',#7954,1.);
#7954 = DIRECTION('',(0.,0.,1.));
#7955 = PLANE('',#7956);
#7956 = AXIS2_PLACEMENT_3D('',#7957,#7958,#7959);
#7957 = CARTESIAN_POINT('',(8.1643,-0.1667,-1.8));
#7958 = DIRECTION('',(0.,-1.,0.));
#7959 = DIRECTION('',(1.,0.,0.));
#7960 = ADVANCED_FACE('',(#7961),#7977,.T.);
#7961 = FACE_BOUND('',#7962,.T.);
#7962 = EDGE_LOOP('',(#7963,#7969,#7970,#7976));
#7963 = ORIENTED_EDGE('',*,*,#7964,.T.);
#7964 = EDGE_CURVE('',#7865,#7921,#7965,.T.);
#7965 = LINE('',#7966,#7967);
#7966 = CARTESIAN_POINT('',(8.1643,-8.33E-02,-1.8));
#7967 = VECTOR('',#7968,1.);
#7968 = DIRECTION('',(0.,0.,1.));
#7969 = ORIENTED_EDGE('',*,*,#7920,.T.);
#7970 = ORIENTED_EDGE('',*,*,#7971,.F.);
#7971 = EDGE_CURVE('',#7873,#7913,#7972,.T.);
#7972 = LINE('',#7973,#7974);
#7973 = CARTESIAN_POINT('',(8.6357,-8.33E-02,-1.8));
#7974 = VECTOR('',#7975,1.);
#7975 = DIRECTION('',(0.,0.,1.));
#7976 = ORIENTED_EDGE('',*,*,#7872,.F.);
#7977 = PLANE('',#7978);
#7978 = AXIS2_PLACEMENT_3D('',#7979,#7980,#7981);
#7979 = CARTESIAN_POINT('',(8.1643,-8.33E-02,-1.8));
#7980 = DIRECTION('',(0.,1.,0.));
#7981 = DIRECTION('',(1.,0.,0.));
#7982 = ADVANCED_FACE('',(#7983),#7989,.T.);
#7983 = FACE_BOUND('',#7984,.T.);
#7984 = EDGE_LOOP('',(#7985,#7986,#7987,#7988));
#7985 = ORIENTED_EDGE('',*,*,#7950,.T.);
#7986 = ORIENTED_EDGE('',*,*,#7928,.T.);
#7987 = ORIENTED_EDGE('',*,*,#7964,.F.);
#7988 = ORIENTED_EDGE('',*,*,#7862,.F.);
#7989 = PLANE('',#7990);
#7990 = AXIS2_PLACEMENT_3D('',#7991,#7992,#7993);
#7991 = CARTESIAN_POINT('',(8.1643,-0.1667,-1.8));
#7992 = DIRECTION('',(-1.,0.,0.));
#7993 = DIRECTION('',(0.,1.,0.));
#7994 = ADVANCED_FACE('',(#7995),#8001,.T.);
#7995 = FACE_BOUND('',#7996,.T.);
#7996 = EDGE_LOOP('',(#7997,#7998,#7999,#8000));
#7997 = ORIENTED_EDGE('',*,*,#7880,.T.);
#7998 = ORIENTED_EDGE('',*,*,#7971,.T.);
#7999 = ORIENTED_EDGE('',*,*,#7912,.F.);
#8000 = ORIENTED_EDGE('',*,*,#7943,.F.);
#8001 = PLANE('',#8002);
#8002 = AXIS2_PLACEMENT_3D('',#8003,#8004,#8005);
#8003 = CARTESIAN_POINT('',(8.6357,-0.1667,-1.8));
#8004 = DIRECTION('',(1.,0.,0.));
#8005 = DIRECTION('',(-0.,1.,0.));
#8006 = MANIFOLD_SOLID_BREP('',#8007);
#8007 = CLOSED_SHELL('',(#8008,#8048,#8088,#8110,#8132,#8144));
#8008 = ADVANCED_FACE('',(#8009),#8043,.T.);
#8009 = FACE_BOUND('',#8010,.T.);
#8010 = EDGE_LOOP('',(#8011,#8021,#8029,#8037));
#8011 = ORIENTED_EDGE('',*,*,#8012,.T.);
#8012 = EDGE_CURVE('',#8013,#8015,#8017,.T.);
#8013 = VERTEX_POINT('',#8014);
#8014 = CARTESIAN_POINT('',(8.2137,-0.25,-1.8));
#8015 = VERTEX_POINT('',#8016);
#8016 = CARTESIAN_POINT('',(8.2137,-0.1667,-1.8));
#8017 = LINE('',#8018,#8019);
#8018 = CARTESIAN_POINT('',(8.2137,-0.25,-1.8));
#8019 = VECTOR('',#8020,1.);
#8020 = DIRECTION('',(0.,1.,0.));
#8021 = ORIENTED_EDGE('',*,*,#8022,.T.);
#8022 = EDGE_CURVE('',#8015,#8023,#8025,.T.);
#8023 = VERTEX_POINT('',#8024);
#8024 = CARTESIAN_POINT('',(8.5863,-0.1667,-1.8));
#8025 = LINE('',#8026,#8027);
#8026 = CARTESIAN_POINT('',(8.2137,-0.1667,-1.8));
#8027 = VECTOR('',#8028,1.);
#8028 = DIRECTION('',(1.,0.,0.));
#8029 = ORIENTED_EDGE('',*,*,#8030,.F.);
#8030 = EDGE_CURVE('',#8031,#8023,#8033,.T.);
#8031 = VERTEX_POINT('',#8032);
#8032 = CARTESIAN_POINT('',(8.5863,-0.25,-1.8));
#8033 = LINE('',#8034,#8035);
#8034 = CARTESIAN_POINT('',(8.5863,-0.25,-1.8));
#8035 = VECTOR('',#8036,1.);
#8036 = DIRECTION('',(0.,1.,0.));
#8037 = ORIENTED_EDGE('',*,*,#8038,.F.);
#8038 = EDGE_CURVE('',#8013,#8031,#8039,.T.);
#8039 = LINE('',#8040,#8041);
#8040 = CARTESIAN_POINT('',(8.2137,-0.25,-1.8));
#8041 = VECTOR('',#8042,1.);
#8042 = DIRECTION('',(1.,0.,0.));
#8043 = PLANE('',#8044);
#8044 = AXIS2_PLACEMENT_3D('',#8045,#8046,#8047);
#8045 = CARTESIAN_POINT('',(8.2137,-0.25,-1.8));
#8046 = DIRECTION('',(0.,0.,-1.));
#8047 = DIRECTION('',(1.,0.,0.));
#8048 = ADVANCED_FACE('',(#8049),#8083,.T.);
#8049 = FACE_BOUND('',#8050,.T.);
#8050 = EDGE_LOOP('',(#8051,#8061,#8069,#8077));
#8051 = ORIENTED_EDGE('',*,*,#8052,.T.);
#8052 = EDGE_CURVE('',#8053,#8055,#8057,.T.);
#8053 = VERTEX_POINT('',#8054);
#8054 = CARTESIAN_POINT('',(8.2137,-0.25,0.3));
#8055 = VERTEX_POINT('',#8056);
#8056 = CARTESIAN_POINT('',(8.5863,-0.25,0.3));
#8057 = LINE('',#8058,#8059);
#8058 = CARTESIAN_POINT('',(8.2137,-0.25,0.3));
#8059 = VECTOR('',#8060,1.);
#8060 = DIRECTION('',(1.,0.,0.));
#8061 = ORIENTED_EDGE('',*,*,#8062,.T.);
#8062 = EDGE_CURVE('',#8055,#8063,#8065,.T.);
#8063 = VERTEX_POINT('',#8064);
#8064 = CARTESIAN_POINT('',(8.5863,-0.1667,0.3));
#8065 = LINE('',#8066,#8067);
#8066 = CARTESIAN_POINT('',(8.5863,-0.25,0.3));
#8067 = VECTOR('',#8068,1.);
#8068 = DIRECTION('',(0.,1.,0.));
#8069 = ORIENTED_EDGE('',*,*,#8070,.F.);
#8070 = EDGE_CURVE('',#8071,#8063,#8073,.T.);
#8071 = VERTEX_POINT('',#8072);
#8072 = CARTESIAN_POINT('',(8.2137,-0.1667,0.3));
#8073 = LINE('',#8074,#8075);
#8074 = CARTESIAN_POINT('',(8.2137,-0.1667,0.3));
#8075 = VECTOR('',#8076,1.);
#8076 = DIRECTION('',(1.,0.,0.));
#8077 = ORIENTED_EDGE('',*,*,#8078,.F.);
#8078 = EDGE_CURVE('',#8053,#8071,#8079,.T.);
#8079 = LINE('',#8080,#8081);
#8080 = CARTESIAN_POINT('',(8.2137,-0.25,0.3));
#8081 = VECTOR('',#8082,1.);
#8082 = DIRECTION('',(0.,1.,0.));
#8083 = PLANE('',#8084);
#8084 = AXIS2_PLACEMENT_3D('',#8085,#8086,#8087);
#8085 = CARTESIAN_POINT('',(8.2137,-0.25,0.3));
#8086 = DIRECTION('',(0.,0.,1.));
#8087 = DIRECTION('',(1.,0.,-0.));
#8088 = ADVANCED_FACE('',(#8089),#8105,.T.);
#8089 = FACE_BOUND('',#8090,.T.);
#8090 = EDGE_LOOP('',(#8091,#8092,#8098,#8099));
#8091 = ORIENTED_EDGE('',*,*,#8038,.T.);
#8092 = ORIENTED_EDGE('',*,*,#8093,.T.);
#8093 = EDGE_CURVE('',#8031,#8055,#8094,.T.);
#8094 = LINE('',#8095,#8096);
#8095 = CARTESIAN_POINT('',(8.5863,-0.25,-1.8));
#8096 = VECTOR('',#8097,1.);
#8097 = DIRECTION('',(0.,0.,1.));
#8098 = ORIENTED_EDGE('',*,*,#8052,.F.);
#8099 = ORIENTED_EDGE('',*,*,#8100,.F.);
#8100 = EDGE_CURVE('',#8013,#8053,#8101,.T.);
#8101 = LINE('',#8102,#8103);
#8102 = CARTESIAN_POINT('',(8.2137,-0.25,-1.8));
#8103 = VECTOR('',#8104,1.);
#8104 = DIRECTION('',(0.,0.,1.));
#8105 = PLANE('',#8106);
#8106 = AXIS2_PLACEMENT_3D('',#8107,#8108,#8109);
#8107 = CARTESIAN_POINT('',(8.2137,-0.25,-1.8));
#8108 = DIRECTION('',(0.,-1.,0.));
#8109 = DIRECTION('',(1.,0.,0.));
#8110 = ADVANCED_FACE('',(#8111),#8127,.T.);
#8111 = FACE_BOUND('',#8112,.T.);
#8112 = EDGE_LOOP('',(#8113,#8119,#8120,#8126));
#8113 = ORIENTED_EDGE('',*,*,#8114,.T.);
#8114 = EDGE_CURVE('',#8015,#8071,#8115,.T.);
#8115 = LINE('',#8116,#8117);
#8116 = CARTESIAN_POINT('',(8.2137,-0.1667,-1.8));
#8117 = VECTOR('',#8118,1.);
#8118 = DIRECTION('',(0.,0.,1.));
#8119 = ORIENTED_EDGE('',*,*,#8070,.T.);
#8120 = ORIENTED_EDGE('',*,*,#8121,.F.);
#8121 = EDGE_CURVE('',#8023,#8063,#8122,.T.);
#8122 = LINE('',#8123,#8124);
#8123 = CARTESIAN_POINT('',(8.5863,-0.1667,-1.8));
#8124 = VECTOR('',#8125,1.);
#8125 = DIRECTION('',(0.,0.,1.));
#8126 = ORIENTED_EDGE('',*,*,#8022,.F.);
#8127 = PLANE('',#8128);
#8128 = AXIS2_PLACEMENT_3D('',#8129,#8130,#8131);
#8129 = CARTESIAN_POINT('',(8.2137,-0.1667,-1.8));
#8130 = DIRECTION('',(0.,1.,0.));
#8131 = DIRECTION('',(1.,0.,0.));
#8132 = ADVANCED_FACE('',(#8133),#8139,.T.);
#8133 = FACE_BOUND('',#8134,.T.);
#8134 = EDGE_LOOP('',(#8135,#8136,#8137,#8138));
#8135 = ORIENTED_EDGE('',*,*,#8100,.T.);
#8136 = ORIENTED_EDGE('',*,*,#8078,.T.);
#8137 = ORIENTED_EDGE('',*,*,#8114,.F.);
#8138 = ORIENTED_EDGE('',*,*,#8012,.F.);
#8139 = PLANE('',#8140);
#8140 = AXIS2_PLACEMENT_3D('',#8141,#8142,#8143);
#8141 = CARTESIAN_POINT('',(8.2137,-0.25,-1.8));
#8142 = DIRECTION('',(-1.,0.,0.));
#8143 = DIRECTION('',(0.,1.,0.));
#8144 = ADVANCED_FACE('',(#8145),#8151,.T.);
#8145 = FACE_BOUND('',#8146,.T.);
#8146 = EDGE_LOOP('',(#8147,#8148,#8149,#8150));
#8147 = ORIENTED_EDGE('',*,*,#8030,.T.);
#8148 = ORIENTED_EDGE('',*,*,#8121,.T.);
#8149 = ORIENTED_EDGE('',*,*,#8062,.F.);
#8150 = ORIENTED_EDGE('',*,*,#8093,.F.);
#8151 = PLANE('',#8152);
#8152 = AXIS2_PLACEMENT_3D('',#8153,#8154,#8155);
#8153 = CARTESIAN_POINT('',(8.5863,-0.25,-1.8));
#8154 = DIRECTION('',(1.,0.,0.));
#8155 = DIRECTION('',(-0.,1.,0.));
#8156 = MANIFOLD_SOLID_BREP('',#8157);
#8157 = CLOSED_SHELL('',(#8158,#8198,#8238,#8260,#8282,#8294));
#8158 = ADVANCED_FACE('',(#8159),#8193,.T.);
#8159 = FACE_BOUND('',#8160,.T.);
#8160 = EDGE_LOOP('',(#8161,#8171,#8179,#8187));
#8161 = ORIENTED_EDGE('',*,*,#8162,.T.);
#8162 = EDGE_CURVE('',#8163,#8165,#8167,.T.);
#8163 = VERTEX_POINT('',#8164);
#8164 = CARTESIAN_POINT('',(12.1301,0.7083,0.3));
#8165 = VERTEX_POINT('',#8166);
#8166 = CARTESIAN_POINT('',(12.1301,0.85,0.3));
#8167 = LINE('',#8168,#8169);
#8168 = CARTESIAN_POINT('',(12.1301,0.7083,0.3));
#8169 = VECTOR('',#8170,1.);
#8170 = DIRECTION('',(0.,1.,0.));
#8171 = ORIENTED_EDGE('',*,*,#8172,.T.);
#8172 = EDGE_CURVE('',#8165,#8173,#8175,.T.);
#8173 = VERTEX_POINT('',#8174);
#8174 = CARTESIAN_POINT('',(13.0699,0.85,0.3));
#8175 = LINE('',#8176,#8177);
#8176 = CARTESIAN_POINT('',(12.1301,0.85,0.3));
#8177 = VECTOR('',#8178,1.);
#8178 = DIRECTION('',(1.,0.,0.));
#8179 = ORIENTED_EDGE('',*,*,#8180,.F.);
#8180 = EDGE_CURVE('',#8181,#8173,#8183,.T.);
#8181 = VERTEX_POINT('',#8182);
#8182 = CARTESIAN_POINT('',(13.0699,0.7083,0.3));
#8183 = LINE('',#8184,#8185);
#8184 = CARTESIAN_POINT('',(13.0699,0.7083,0.3));
#8185 = VECTOR('',#8186,1.);
#8186 = DIRECTION('',(0.,1.,0.));
#8187 = ORIENTED_EDGE('',*,*,#8188,.F.);
#8188 = EDGE_CURVE('',#8163,#8181,#8189,.T.);
#8189 = LINE('',#8190,#8191);
#8190 = CARTESIAN_POINT('',(12.1301,0.7083,0.3));
#8191 = VECTOR('',#8192,1.);
#8192 = DIRECTION('',(1.,0.,0.));
#8193 = PLANE('',#8194);
#8194 = AXIS2_PLACEMENT_3D('',#8195,#8196,#8197);
#8195 = CARTESIAN_POINT('',(12.1301,0.7083,0.3));
#8196 = DIRECTION('',(0.,0.,-1.));
#8197 = DIRECTION('',(1.,0.,0.));
#8198 = ADVANCED_FACE('',(#8199),#8233,.T.);
#8199 = FACE_BOUND('',#8200,.T.);
#8200 = EDGE_LOOP('',(#8201,#8211,#8219,#8227));
#8201 = ORIENTED_EDGE('',*,*,#8202,.T.);
#8202 = EDGE_CURVE('',#8203,#8205,#8207,.T.);
#8203 = VERTEX_POINT('',#8204);
#8204 = CARTESIAN_POINT('',(12.1301,0.7083,10.));
#8205 = VERTEX_POINT('',#8206);
#8206 = CARTESIAN_POINT('',(13.0699,0.7083,10.));
#8207 = LINE('',#8208,#8209);
#8208 = CARTESIAN_POINT('',(12.1301,0.7083,10.));
#8209 = VECTOR('',#8210,1.);
#8210 = DIRECTION('',(1.,0.,0.));
#8211 = ORIENTED_EDGE('',*,*,#8212,.T.);
#8212 = EDGE_CURVE('',#8205,#8213,#8215,.T.);
#8213 = VERTEX_POINT('',#8214);
#8214 = CARTESIAN_POINT('',(13.0699,0.85,10.));
#8215 = LINE('',#8216,#8217);
#8216 = CARTESIAN_POINT('',(13.0699,0.7083,10.));
#8217 = VECTOR('',#8218,1.);
#8218 = DIRECTION('',(0.,1.,0.));
#8219 = ORIENTED_EDGE('',*,*,#8220,.F.);
#8220 = EDGE_CURVE('',#8221,#8213,#8223,.T.);
#8221 = VERTEX_POINT('',#8222);
#8222 = CARTESIAN_POINT('',(12.1301,0.85,10.));
#8223 = LINE('',#8224,#8225);
#8224 = CARTESIAN_POINT('',(12.1301,0.85,10.));
#8225 = VECTOR('',#8226,1.);
#8226 = DIRECTION('',(1.,0.,0.));
#8227 = ORIENTED_EDGE('',*,*,#8228,.F.);
#8228 = EDGE_CURVE('',#8203,#8221,#8229,.T.);
#8229 = LINE('',#8230,#8231);
#8230 = CARTESIAN_POINT('',(12.1301,0.7083,10.));
#8231 = VECTOR('',#8232,1.);
#8232 = DIRECTION('',(0.,1.,0.));
#8233 = PLANE('',#8234);
#8234 = AXIS2_PLACEMENT_3D('',#8235,#8236,#8237);
#8235 = CARTESIAN_POINT('',(12.1301,0.7083,10.));
#8236 = DIRECTION('',(0.,0.,1.));
#8237 = DIRECTION('',(1.,0.,-0.));
#8238 = ADVANCED_FACE('',(#8239),#8255,.T.);
#8239 = FACE_BOUND('',#8240,.T.);
#8240 = EDGE_LOOP('',(#8241,#8242,#8248,#8249));
#8241 = ORIENTED_EDGE('',*,*,#8188,.T.);
#8242 = ORIENTED_EDGE('',*,*,#8243,.T.);
#8243 = EDGE_CURVE('',#8181,#8205,#8244,.T.);
#8244 = LINE('',#8245,#8246);
#8245 = CARTESIAN_POINT('',(13.0699,0.7083,0.3));
#8246 = VECTOR('',#8247,1.);
#8247 = DIRECTION('',(0.,0.,1.));
#8248 = ORIENTED_EDGE('',*,*,#8202,.F.);
#8249 = ORIENTED_EDGE('',*,*,#8250,.F.);
#8250 = EDGE_CURVE('',#8163,#8203,#8251,.T.);
#8251 = LINE('',#8252,#8253);
#8252 = CARTESIAN_POINT('',(12.1301,0.7083,0.3));
#8253 = VECTOR('',#8254,1.);
#8254 = DIRECTION('',(0.,0.,1.));
#8255 = PLANE('',#8256);
#8256 = AXIS2_PLACEMENT_3D('',#8257,#8258,#8259);
#8257 = CARTESIAN_POINT('',(12.1301,0.7083,0.3));
#8258 = DIRECTION('',(0.,-1.,0.));
#8259 = DIRECTION('',(1.,0.,0.));
#8260 = ADVANCED_FACE('',(#8261),#8277,.T.);
#8261 = FACE_BOUND('',#8262,.T.);
#8262 = EDGE_LOOP('',(#8263,#8269,#8270,#8276));
#8263 = ORIENTED_EDGE('',*,*,#8264,.T.);
#8264 = EDGE_CURVE('',#8165,#8221,#8265,.T.);
#8265 = LINE('',#8266,#8267);
#8266 = CARTESIAN_POINT('',(12.1301,0.85,0.3));
#8267 = VECTOR('',#8268,1.);
#8268 = DIRECTION('',(0.,0.,1.));
#8269 = ORIENTED_EDGE('',*,*,#8220,.T.);
#8270 = ORIENTED_EDGE('',*,*,#8271,.F.);
#8271 = EDGE_CURVE('',#8173,#8213,#8272,.T.);
#8272 = LINE('',#8273,#8274);
#8273 = CARTESIAN_POINT('',(13.0699,0.85,0.3));
#8274 = VECTOR('',#8275,1.);
#8275 = DIRECTION('',(0.,0.,1.));
#8276 = ORIENTED_EDGE('',*,*,#8172,.F.);
#8277 = PLANE('',#8278);
#8278 = AXIS2_PLACEMENT_3D('',#8279,#8280,#8281);
#8279 = CARTESIAN_POINT('',(12.1301,0.85,0.3));
#8280 = DIRECTION('',(0.,1.,0.));
#8281 = DIRECTION('',(1.,0.,0.));
#8282 = ADVANCED_FACE('',(#8283),#8289,.T.);
#8283 = FACE_BOUND('',#8284,.T.);
#8284 = EDGE_LOOP('',(#8285,#8286,#8287,#8288));
#8285 = ORIENTED_EDGE('',*,*,#8250,.T.);
#8286 = ORIENTED_EDGE('',*,*,#8228,.T.);
#8287 = ORIENTED_EDGE('',*,*,#8264,.F.);
#8288 = ORIENTED_EDGE('',*,*,#8162,.F.);
#8289 = PLANE('',#8290);
#8290 = AXIS2_PLACEMENT_3D('',#8291,#8292,#8293);
#8291 = CARTESIAN_POINT('',(12.1301,0.7083,0.3));
#8292 = DIRECTION('',(-1.,0.,0.));
#8293 = DIRECTION('',(0.,1.,0.));
#8294 = ADVANCED_FACE('',(#8295),#8301,.T.);
#8295 = FACE_BOUND('',#8296,.T.);
#8296 = EDGE_LOOP('',(#8297,#8298,#8299,#8300));
#8297 = ORIENTED_EDGE('',*,*,#8180,.T.);
#8298 = ORIENTED_EDGE('',*,*,#8271,.T.);
#8299 = ORIENTED_EDGE('',*,*,#8212,.F.);
#8300 = ORIENTED_EDGE('',*,*,#8243,.F.);
#8301 = PLANE('',#8302);
#8302 = AXIS2_PLACEMENT_3D('',#8303,#8304,#8305);
#8303 = CARTESIAN_POINT('',(13.0699,0.7083,0.3));
#8304 = DIRECTION('',(1.,0.,0.));
#8305 = DIRECTION('',(-0.,1.,0.));
#8306 = MANIFOLD_SOLID_BREP('',#8307);
#8307 = CLOSED_SHELL('',(#8308,#8348,#8388,#8410,#8432,#8444));
#8308 = ADVANCED_FACE('',(#8309),#8343,.T.);
#8309 = FACE_BOUND('',#8310,.T.);
#8310 = EDGE_LOOP('',(#8311,#8321,#8329,#8337));
#8311 = ORIENTED_EDGE('',*,*,#8312,.T.);
#8312 = EDGE_CURVE('',#8313,#8315,#8317,.T.);
#8313 = VERTEX_POINT('',#8314);
#8314 = CARTESIAN_POINT('',(11.9664,0.5667,0.3));
#8315 = VERTEX_POINT('',#8316);
#8316 = CARTESIAN_POINT('',(11.9664,0.7083,0.3));
#8317 = LINE('',#8318,#8319);
#8318 = CARTESIAN_POINT('',(11.9664,0.5667,0.3));
#8319 = VECTOR('',#8320,1.);
#8320 = DIRECTION('',(0.,1.,0.));
#8321 = ORIENTED_EDGE('',*,*,#8322,.T.);
#8322 = EDGE_CURVE('',#8315,#8323,#8325,.T.);
#8323 = VERTEX_POINT('',#8324);
#8324 = CARTESIAN_POINT('',(13.2336,0.7083,0.3));
#8325 = LINE('',#8326,#8327);
#8326 = CARTESIAN_POINT('',(11.9664,0.7083,0.3));
#8327 = VECTOR('',#8328,1.);
#8328 = DIRECTION('',(1.,0.,0.));
#8329 = ORIENTED_EDGE('',*,*,#8330,.F.);
#8330 = EDGE_CURVE('',#8331,#8323,#8333,.T.);
#8331 = VERTEX_POINT('',#8332);
#8332 = CARTESIAN_POINT('',(13.2336,0.5667,0.3));
#8333 = LINE('',#8334,#8335);
#8334 = CARTESIAN_POINT('',(13.2336,0.5667,0.3));
#8335 = VECTOR('',#8336,1.);
#8336 = DIRECTION('',(0.,1.,0.));
#8337 = ORIENTED_EDGE('',*,*,#8338,.F.);
#8338 = EDGE_CURVE('',#8313,#8331,#8339,.T.);
#8339 = LINE('',#8340,#8341);
#8340 = CARTESIAN_POINT('',(11.9664,0.5667,0.3));
#8341 = VECTOR('',#8342,1.);
#8342 = DIRECTION('',(1.,0.,0.));
#8343 = PLANE('',#8344);
#8344 = AXIS2_PLACEMENT_3D('',#8345,#8346,#8347);
#8345 = CARTESIAN_POINT('',(11.9664,0.5667,0.3));
#8346 = DIRECTION('',(0.,0.,-1.));
#8347 = DIRECTION('',(1.,0.,0.));
#8348 = ADVANCED_FACE('',(#8349),#8383,.T.);
#8349 = FACE_BOUND('',#8350,.T.);
#8350 = EDGE_LOOP('',(#8351,#8361,#8369,#8377));
#8351 = ORIENTED_EDGE('',*,*,#8352,.T.);
#8352 = EDGE_CURVE('',#8353,#8355,#8357,.T.);
#8353 = VERTEX_POINT('',#8354);
#8354 = CARTESIAN_POINT('',(11.9664,0.5667,10.));
#8355 = VERTEX_POINT('',#8356);
#8356 = CARTESIAN_POINT('',(13.2336,0.5667,10.));
#8357 = LINE('',#8358,#8359);
#8358 = CARTESIAN_POINT('',(11.9664,0.5667,10.));
#8359 = VECTOR('',#8360,1.);
#8360 = DIRECTION('',(1.,0.,0.));
#8361 = ORIENTED_EDGE('',*,*,#8362,.T.);
#8362 = EDGE_CURVE('',#8355,#8363,#8365,.T.);
#8363 = VERTEX_POINT('',#8364);
#8364 = CARTESIAN_POINT('',(13.2336,0.7083,10.));
#8365 = LINE('',#8366,#8367);
#8366 = CARTESIAN_POINT('',(13.2336,0.5667,10.));
#8367 = VECTOR('',#8368,1.);
#8368 = DIRECTION('',(0.,1.,0.));
#8369 = ORIENTED_EDGE('',*,*,#8370,.F.);
#8370 = EDGE_CURVE('',#8371,#8363,#8373,.T.);
#8371 = VERTEX_POINT('',#8372);
#8372 = CARTESIAN_POINT('',(11.9664,0.7083,10.));
#8373 = LINE('',#8374,#8375);
#8374 = CARTESIAN_POINT('',(11.9664,0.7083,10.));
#8375 = VECTOR('',#8376,1.);
#8376 = DIRECTION('',(1.,0.,0.));
#8377 = ORIENTED_EDGE('',*,*,#8378,.F.);
#8378 = EDGE_CURVE('',#8353,#8371,#8379,.T.);
#8379 = LINE('',#8380,#8381);
#8380 = CARTESIAN_POINT('',(11.9664,0.5667,10.));
#8381 = VECTOR('',#8382,1.);
#8382 = DIRECTION('',(0.,1.,0.));
#8383 = PLANE('',#8384);
#8384 = AXIS2_PLACEMENT_3D('',#8385,#8386,#8387);
#8385 = CARTESIAN_POINT('',(11.9664,0.5667,10.));
#8386 = DIRECTION('',(0.,0.,1.));
#8387 = DIRECTION('',(1.,0.,-0.));
#8388 = ADVANCED_FACE('',(#8389),#8405,.T.);
#8389 = FACE_BOUND('',#8390,.T.);
#8390 = EDGE_LOOP('',(#8391,#8392,#8398,#8399));
#8391 = ORIENTED_EDGE('',*,*,#8338,.T.);
#8392 = ORIENTED_EDGE('',*,*,#8393,.T.);
#8393 = EDGE_CURVE('',#8331,#8355,#8394,.T.);
#8394 = LINE('',#8395,#8396);
#8395 = CARTESIAN_POINT('',(13.2336,0.5667,0.3));
#8396 = VECTOR('',#8397,1.);
#8397 = DIRECTION('',(0.,0.,1.));
#8398 = ORIENTED_EDGE('',*,*,#8352,.F.);
#8399 = ORIENTED_EDGE('',*,*,#8400,.F.);
#8400 = EDGE_CURVE('',#8313,#8353,#8401,.T.);
#8401 = LINE('',#8402,#8403);
#8402 = CARTESIAN_POINT('',(11.9664,0.5667,0.3));
#8403 = VECTOR('',#8404,1.);
#8404 = DIRECTION('',(0.,0.,1.));
#8405 = PLANE('',#8406);
#8406 = AXIS2_PLACEMENT_3D('',#8407,#8408,#8409);
#8407 = CARTESIAN_POINT('',(11.9664,0.5667,0.3));
#8408 = DIRECTION('',(0.,-1.,0.));
#8409 = DIRECTION('',(1.,0.,0.));
#8410 = ADVANCED_FACE('',(#8411),#8427,.T.);
#8411 = FACE_BOUND('',#8412,.T.);
#8412 = EDGE_LOOP('',(#8413,#8419,#8420,#8426));
#8413 = ORIENTED_EDGE('',*,*,#8414,.T.);
#8414 = EDGE_CURVE('',#8315,#8371,#8415,.T.);
#8415 = LINE('',#8416,#8417);
#8416 = CARTESIAN_POINT('',(11.9664,0.7083,0.3));
#8417 = VECTOR('',#8418,1.);
#8418 = DIRECTION('',(0.,0.,1.));
#8419 = ORIENTED_EDGE('',*,*,#8370,.T.);
#8420 = ORIENTED_EDGE('',*,*,#8421,.F.);
#8421 = EDGE_CURVE('',#8323,#8363,#8422,.T.);
#8422 = LINE('',#8423,#8424);
#8423 = CARTESIAN_POINT('',(13.2336,0.7083,0.3));
#8424 = VECTOR('',#8425,1.);
#8425 = DIRECTION('',(0.,0.,1.));
#8426 = ORIENTED_EDGE('',*,*,#8322,.F.);
#8427 = PLANE('',#8428);
#8428 = AXIS2_PLACEMENT_3D('',#8429,#8430,#8431);
#8429 = CARTESIAN_POINT('',(11.9664,0.7083,0.3));
#8430 = DIRECTION('',(0.,1.,0.));
#8431 = DIRECTION('',(1.,0.,0.));
#8432 = ADVANCED_FACE('',(#8433),#8439,.T.);
#8433 = FACE_BOUND('',#8434,.T.);
#8434 = EDGE_LOOP('',(#8435,#8436,#8437,#8438));
#8435 = ORIENTED_EDGE('',*,*,#8400,.T.);
#8436 = ORIENTED_EDGE('',*,*,#8378,.T.);
#8437 = ORIENTED_EDGE('',*,*,#8414,.F.);
#8438 = ORIENTED_EDGE('',*,*,#8312,.F.);
#8439 = PLANE('',#8440);
#8440 = AXIS2_PLACEMENT_3D('',#8441,#8442,#8443);
#8441 = CARTESIAN_POINT('',(11.9664,0.5667,0.3));
#8442 = DIRECTION('',(-1.,0.,0.));
#8443 = DIRECTION('',(0.,1.,0.));
#8444 = ADVANCED_FACE('',(#8445),#8451,.T.);
#8445 = FACE_BOUND('',#8446,.T.);
#8446 = EDGE_LOOP('',(#8447,#8448,#8449,#8450));
#8447 = ORIENTED_EDGE('',*,*,#8330,.T.);
#8448 = ORIENTED_EDGE('',*,*,#8421,.T.);
#8449 = ORIENTED_EDGE('',*,*,#8362,.F.);
#8450 = ORIENTED_EDGE('',*,*,#8393,.F.);
#8451 = PLANE('',#8452);
#8452 = AXIS2_PLACEMENT_3D('',#8453,#8454,#8455);
#8453 = CARTESIAN_POINT('',(13.2336,0.5667,0.3));
#8454 = DIRECTION('',(1.,0.,0.));
#8455 = DIRECTION('',(-0.,1.,0.));
#8456 = MANIFOLD_SOLID_BREP('',#8457);
#8457 = CLOSED_SHELL('',(#8458,#8498,#8538,#8560,#8582,#8594));
#8458 = ADVANCED_FACE('',(#8459),#8493,.T.);
#8459 = FACE_BOUND('',#8460,.T.);
#8460 = EDGE_LOOP('',(#8461,#8471,#8479,#8487));
#8461 = ORIENTED_EDGE('',*,*,#8462,.T.);
#8462 = EDGE_CURVE('',#8463,#8465,#8467,.T.);
#8463 = VERTEX_POINT('',#8464);
#8464 = CARTESIAN_POINT('',(11.8639,0.425,0.3));
#8465 = VERTEX_POINT('',#8466);
#8466 = CARTESIAN_POINT('',(11.8639,0.5667,0.3));
#8467 = LINE('',#8468,#8469);
#8468 = CARTESIAN_POINT('',(11.8639,0.425,0.3));
#8469 = VECTOR('',#8470,1.);
#8470 = DIRECTION('',(0.,1.,0.));
#8471 = ORIENTED_EDGE('',*,*,#8472,.T.);
#8472 = EDGE_CURVE('',#8465,#8473,#8475,.T.);
#8473 = VERTEX_POINT('',#8474);
#8474 = CARTESIAN_POINT('',(13.3361,0.5667,0.3));
#8475 = LINE('',#8476,#8477);
#8476 = CARTESIAN_POINT('',(11.8639,0.5667,0.3));
#8477 = VECTOR('',#8478,1.);
#8478 = DIRECTION('',(1.,0.,0.));
#8479 = ORIENTED_EDGE('',*,*,#8480,.F.);
#8480 = EDGE_CURVE('',#8481,#8473,#8483,.T.);
#8481 = VERTEX_POINT('',#8482);
#8482 = CARTESIAN_POINT('',(13.3361,0.425,0.3));
#8483 = LINE('',#8484,#8485);
#8484 = CARTESIAN_POINT('',(13.3361,0.425,0.3));
#8485 = VECTOR('',#8486,1.);
#8486 = DIRECTION('',(0.,1.,0.));
#8487 = ORIENTED_EDGE('',*,*,#8488,.F.);
#8488 = EDGE_CURVE('',#8463,#8481,#8489,.T.);
#8489 = LINE('',#8490,#8491);
#8490 = CARTESIAN_POINT('',(11.8639,0.425,0.3));
#8491 = VECTOR('',#8492,1.);
#8492 = DIRECTION('',(1.,0.,0.));
#8493 = PLANE('',#8494);
#8494 = AXIS2_PLACEMENT_3D('',#8495,#8496,#8497);
#8495 = CARTESIAN_POINT('',(11.8639,0.425,0.3));
#8496 = DIRECTION('',(0.,0.,-1.));
#8497 = DIRECTION('',(1.,0.,0.));
#8498 = ADVANCED_FACE('',(#8499),#8533,.T.);
#8499 = FACE_BOUND('',#8500,.T.);
#8500 = EDGE_LOOP('',(#8501,#8511,#8519,#8527));
#8501 = ORIENTED_EDGE('',*,*,#8502,.T.);
#8502 = EDGE_CURVE('',#8503,#8505,#8507,.T.);
#8503 = VERTEX_POINT('',#8504);
#8504 = CARTESIAN_POINT('',(11.8639,0.425,10.));
#8505 = VERTEX_POINT('',#8506);
#8506 = CARTESIAN_POINT('',(13.3361,0.425,10.));
#8507 = LINE('',#8508,#8509);
#8508 = CARTESIAN_POINT('',(11.8639,0.425,10.));
#8509 = VECTOR('',#8510,1.);
#8510 = DIRECTION('',(1.,0.,0.));
#8511 = ORIENTED_EDGE('',*,*,#8512,.T.);
#8512 = EDGE_CURVE('',#8505,#8513,#8515,.T.);
#8513 = VERTEX_POINT('',#8514);
#8514 = CARTESIAN_POINT('',(13.3361,0.5667,10.));
#8515 = LINE('',#8516,#8517);
#8516 = CARTESIAN_POINT('',(13.3361,0.425,10.));
#8517 = VECTOR('',#8518,1.);
#8518 = DIRECTION('',(0.,1.,0.));
#8519 = ORIENTED_EDGE('',*,*,#8520,.F.);
#8520 = EDGE_CURVE('',#8521,#8513,#8523,.T.);
#8521 = VERTEX_POINT('',#8522);
#8522 = CARTESIAN_POINT('',(11.8639,0.5667,10.));
#8523 = LINE('',#8524,#8525);
#8524 = CARTESIAN_POINT('',(11.8639,0.5667,10.));
#8525 = VECTOR('',#8526,1.);
#8526 = DIRECTION('',(1.,0.,0.));
#8527 = ORIENTED_EDGE('',*,*,#8528,.F.);
#8528 = EDGE_CURVE('',#8503,#8521,#8529,.T.);
#8529 = LINE('',#8530,#8531);
#8530 = CARTESIAN_POINT('',(11.8639,0.425,10.));
#8531 = VECTOR('',#8532,1.);
#8532 = DIRECTION('',(0.,1.,0.));
#8533 = PLANE('',#8534);
#8534 = AXIS2_PLACEMENT_3D('',#8535,#8536,#8537);
#8535 = CARTESIAN_POINT('',(11.8639,0.425,10.));
#8536 = DIRECTION('',(0.,0.,1.));
#8537 = DIRECTION('',(1.,0.,-0.));
#8538 = ADVANCED_FACE('',(#8539),#8555,.T.);
#8539 = FACE_BOUND('',#8540,.T.);
#8540 = EDGE_LOOP('',(#8541,#8542,#8548,#8549));
#8541 = ORIENTED_EDGE('',*,*,#8488,.T.);
#8542 = ORIENTED_EDGE('',*,*,#8543,.T.);
#8543 = EDGE_CURVE('',#8481,#8505,#8544,.T.);
#8544 = LINE('',#8545,#8546);
#8545 = CARTESIAN_POINT('',(13.3361,0.425,0.3));
#8546 = VECTOR('',#8547,1.);
#8547 = DIRECTION('',(0.,0.,1.));
#8548 = ORIENTED_EDGE('',*,*,#8502,.F.);
#8549 = ORIENTED_EDGE('',*,*,#8550,.F.);
#8550 = EDGE_CURVE('',#8463,#8503,#8551,.T.);
#8551 = LINE('',#8552,#8553);
#8552 = CARTESIAN_POINT('',(11.8639,0.425,0.3));
#8553 = VECTOR('',#8554,1.);
#8554 = DIRECTION('',(0.,0.,1.));
#8555 = PLANE('',#8556);
#8556 = AXIS2_PLACEMENT_3D('',#8557,#8558,#8559);
#8557 = CARTESIAN_POINT('',(11.8639,0.425,0.3));
#8558 = DIRECTION('',(0.,-1.,0.));
#8559 = DIRECTION('',(1.,0.,0.));
#8560 = ADVANCED_FACE('',(#8561),#8577,.T.);
#8561 = FACE_BOUND('',#8562,.T.);
#8562 = EDGE_LOOP('',(#8563,#8569,#8570,#8576));
#8563 = ORIENTED_EDGE('',*,*,#8564,.T.);
#8564 = EDGE_CURVE('',#8465,#8521,#8565,.T.);
#8565 = LINE('',#8566,#8567);
#8566 = CARTESIAN_POINT('',(11.8639,0.5667,0.3));
#8567 = VECTOR('',#8568,1.);
#8568 = DIRECTION('',(0.,0.,1.));
#8569 = ORIENTED_EDGE('',*,*,#8520,.T.);
#8570 = ORIENTED_EDGE('',*,*,#8571,.F.);
#8571 = EDGE_CURVE('',#8473,#8513,#8572,.T.);
#8572 = LINE('',#8573,#8574);
#8573 = CARTESIAN_POINT('',(13.3361,0.5667,0.3));
#8574 = VECTOR('',#8575,1.);
#8575 = DIRECTION('',(0.,0.,1.));
#8576 = ORIENTED_EDGE('',*,*,#8472,.F.);
#8577 = PLANE('',#8578);
#8578 = AXIS2_PLACEMENT_3D('',#8579,#8580,#8581);
#8579 = CARTESIAN_POINT('',(11.8639,0.5667,0.3));
#8580 = DIRECTION('',(0.,1.,0.));
#8581 = DIRECTION('',(1.,0.,0.));
#8582 = ADVANCED_FACE('',(#8583),#8589,.T.);
#8583 = FACE_BOUND('',#8584,.T.);
#8584 = EDGE_LOOP('',(#8585,#8586,#8587,#8588));
#8585 = ORIENTED_EDGE('',*,*,#8550,.T.);
#8586 = ORIENTED_EDGE('',*,*,#8528,.T.);
#8587 = ORIENTED_EDGE('',*,*,#8564,.F.);
#8588 = ORIENTED_EDGE('',*,*,#8462,.F.);
#8589 = PLANE('',#8590);
#8590 = AXIS2_PLACEMENT_3D('',#8591,#8592,#8593);
#8591 = CARTESIAN_POINT('',(11.8639,0.425,0.3));
#8592 = DIRECTION('',(-1.,0.,0.));
#8593 = DIRECTION('',(0.,1.,0.));
#8594 = ADVANCED_FACE('',(#8595),#8601,.T.);
#8595 = FACE_BOUND('',#8596,.T.);
#8596 = EDGE_LOOP('',(#8597,#8598,#8599,#8600));
#8597 = ORIENTED_EDGE('',*,*,#8480,.T.);
#8598 = ORIENTED_EDGE('',*,*,#8571,.T.);
#8599 = ORIENTED_EDGE('',*,*,#8512,.F.);
#8600 = ORIENTED_EDGE('',*,*,#8543,.F.);
#8601 = PLANE('',#8602);
#8602 = AXIS2_PLACEMENT_3D('',#8603,#8604,#8605);
#8603 = CARTESIAN_POINT('',(13.3361,0.425,0.3));
#8604 = DIRECTION('',(1.,0.,0.));
#8605 = DIRECTION('',(-0.,1.,0.));
#8606 = MANIFOLD_SOLID_BREP('',#8607);
#8607 = CLOSED_SHELL('',(#8608,#8648,#8688,#8710,#8732,#8744));
#8608 = ADVANCED_FACE('',(#8609),#8643,.T.);
#8609 = FACE_BOUND('',#8610,.T.);
#8610 = EDGE_LOOP('',(#8611,#8621,#8629,#8637));
#8611 = ORIENTED_EDGE('',*,*,#8612,.T.);
#8612 = EDGE_CURVE('',#8613,#8615,#8617,.T.);
#8613 = VERTEX_POINT('',#8614);
#8614 = CARTESIAN_POINT('',(11.7986,0.2833,0.3));
#8615 = VERTEX_POINT('',#8616);
#8616 = CARTESIAN_POINT('',(11.7986,0.425,0.3));
#8617 = LINE('',#8618,#8619);
#8618 = CARTESIAN_POINT('',(11.7986,0.2833,0.3));
#8619 = VECTOR('',#8620,1.);
#8620 = DIRECTION('',(0.,1.,0.));
#8621 = ORIENTED_EDGE('',*,*,#8622,.T.);
#8622 = EDGE_CURVE('',#8615,#8623,#8625,.T.);
#8623 = VERTEX_POINT('',#8624);
#8624 = CARTESIAN_POINT('',(13.4014,0.425,0.3));
#8625 = LINE('',#8626,#8627);
#8626 = CARTESIAN_POINT('',(11.7986,0.425,0.3));
#8627 = VECTOR('',#8628,1.);
#8628 = DIRECTION('',(1.,0.,0.));
#8629 = ORIENTED_EDGE('',*,*,#8630,.F.);
#8630 = EDGE_CURVE('',#8631,#8623,#8633,.T.);
#8631 = VERTEX_POINT('',#8632);
#8632 = CARTESIAN_POINT('',(13.4014,0.2833,0.3));
#8633 = LINE('',#8634,#8635);
#8634 = CARTESIAN_POINT('',(13.4014,0.2833,0.3));
#8635 = VECTOR('',#8636,1.);
#8636 = DIRECTION('',(0.,1.,0.));
#8637 = ORIENTED_EDGE('',*,*,#8638,.F.);
#8638 = EDGE_CURVE('',#8613,#8631,#8639,.T.);
#8639 = LINE('',#8640,#8641);
#8640 = CARTESIAN_POINT('',(11.7986,0.2833,0.3));
#8641 = VECTOR('',#8642,1.);
#8642 = DIRECTION('',(1.,0.,0.));
#8643 = PLANE('',#8644);
#8644 = AXIS2_PLACEMENT_3D('',#8645,#8646,#8647);
#8645 = CARTESIAN_POINT('',(11.7986,0.2833,0.3));
#8646 = DIRECTION('',(0.,0.,-1.));
#8647 = DIRECTION('',(1.,0.,0.));
#8648 = ADVANCED_FACE('',(#8649),#8683,.T.);
#8649 = FACE_BOUND('',#8650,.T.);
#8650 = EDGE_LOOP('',(#8651,#8661,#8669,#8677));
#8651 = ORIENTED_EDGE('',*,*,#8652,.T.);
#8652 = EDGE_CURVE('',#8653,#8655,#8657,.T.);
#8653 = VERTEX_POINT('',#8654);
#8654 = CARTESIAN_POINT('',(11.7986,0.2833,10.));
#8655 = VERTEX_POINT('',#8656);
#8656 = CARTESIAN_POINT('',(13.4014,0.2833,10.));
#8657 = LINE('',#8658,#8659);
#8658 = CARTESIAN_POINT('',(11.7986,0.2833,10.));
#8659 = VECTOR('',#8660,1.);
#8660 = DIRECTION('',(1.,0.,0.));
#8661 = ORIENTED_EDGE('',*,*,#8662,.T.);
#8662 = EDGE_CURVE('',#8655,#8663,#8665,.T.);
#8663 = VERTEX_POINT('',#8664);
#8664 = CARTESIAN_POINT('',(13.4014,0.425,10.));
#8665 = LINE('',#8666,#8667);
#8666 = CARTESIAN_POINT('',(13.4014,0.2833,10.));
#8667 = VECTOR('',#8668,1.);
#8668 = DIRECTION('',(0.,1.,0.));
#8669 = ORIENTED_EDGE('',*,*,#8670,.F.);
#8670 = EDGE_CURVE('',#8671,#8663,#8673,.T.);
#8671 = VERTEX_POINT('',#8672);
#8672 = CARTESIAN_POINT('',(11.7986,0.425,10.));
#8673 = LINE('',#8674,#8675);
#8674 = CARTESIAN_POINT('',(11.7986,0.425,10.));
#8675 = VECTOR('',#8676,1.);
#8676 = DIRECTION('',(1.,0.,0.));
#8677 = ORIENTED_EDGE('',*,*,#8678,.F.);
#8678 = EDGE_CURVE('',#8653,#8671,#8679,.T.);
#8679 = LINE('',#8680,#8681);
#8680 = CARTESIAN_POINT('',(11.7986,0.2833,10.));
#8681 = VECTOR('',#8682,1.);
#8682 = DIRECTION('',(0.,1.,0.));
#8683 = PLANE('',#8684);
#8684 = AXIS2_PLACEMENT_3D('',#8685,#8686,#8687);
#8685 = CARTESIAN_POINT('',(11.7986,0.2833,10.));
#8686 = DIRECTION('',(0.,0.,1.));
#8687 = DIRECTION('',(1.,0.,-0.));
#8688 = ADVANCED_FACE('',(#8689),#8705,.T.);
#8689 = FACE_BOUND('',#8690,.T.);
#8690 = EDGE_LOOP('',(#8691,#8692,#8698,#8699));
#8691 = ORIENTED_EDGE('',*,*,#8638,.T.);
#8692 = ORIENTED_EDGE('',*,*,#8693,.T.);
#8693 = EDGE_CURVE('',#8631,#8655,#8694,.T.);
#8694 = LINE('',#8695,#8696);
#8695 = CARTESIAN_POINT('',(13.4014,0.2833,0.3));
#8696 = VECTOR('',#8697,1.);
#8697 = DIRECTION('',(0.,0.,1.));
#8698 = ORIENTED_EDGE('',*,*,#8652,.F.);
#8699 = ORIENTED_EDGE('',*,*,#8700,.F.);
#8700 = EDGE_CURVE('',#8613,#8653,#8701,.T.);
#8701 = LINE('',#8702,#8703);
#8702 = CARTESIAN_POINT('',(11.7986,0.2833,0.3));
#8703 = VECTOR('',#8704,1.);
#8704 = DIRECTION('',(0.,0.,1.));
#8705 = PLANE('',#8706);
#8706 = AXIS2_PLACEMENT_3D('',#8707,#8708,#8709);
#8707 = CARTESIAN_POINT('',(11.7986,0.2833,0.3));
#8708 = DIRECTION('',(0.,-1.,0.));
#8709 = DIRECTION('',(1.,0.,0.));
#8710 = ADVANCED_FACE('',(#8711),#8727,.T.);
#8711 = FACE_BOUND('',#8712,.T.);
#8712 = EDGE_LOOP('',(#8713,#8719,#8720,#8726));
#8713 = ORIENTED_EDGE('',*,*,#8714,.T.);
#8714 = EDGE_CURVE('',#8615,#8671,#8715,.T.);
#8715 = LINE('',#8716,#8717);
#8716 = CARTESIAN_POINT('',(11.7986,0.425,0.3));
#8717 = VECTOR('',#8718,1.);
#8718 = DIRECTION('',(0.,0.,1.));
#8719 = ORIENTED_EDGE('',*,*,#8670,.T.);
#8720 = ORIENTED_EDGE('',*,*,#8721,.F.);
#8721 = EDGE_CURVE('',#8623,#8663,#8722,.T.);
#8722 = LINE('',#8723,#8724);
#8723 = CARTESIAN_POINT('',(13.4014,0.425,0.3));
#8724 = VECTOR('',#8725,1.);
#8725 = DIRECTION('',(0.,0.,1.));
#8726 = ORIENTED_EDGE('',*,*,#8622,.F.);
#8727 = PLANE('',#8728);
#8728 = AXIS2_PLACEMENT_3D('',#8729,#8730,#8731);
#8729 = CARTESIAN_POINT('',(11.7986,0.425,0.3));
#8730 = DIRECTION('',(0.,1.,0.));
#8731 = DIRECTION('',(1.,0.,0.));
#8732 = ADVANCED_FACE('',(#8733),#8739,.T.);
#8733 = FACE_BOUND('',#8734,.T.);
#8734 = EDGE_LOOP('',(#8735,#8736,#8737,#8738));
#8735 = ORIENTED_EDGE('',*,*,#8700,.T.);
#8736 = ORIENTED_EDGE('',*,*,#8678,.T.);
#8737 = ORIENTED_EDGE('',*,*,#8714,.F.);
#8738 = ORIENTED_EDGE('',*,*,#8612,.F.);
#8739 = PLANE('',#8740);
#8740 = AXIS2_PLACEMENT_3D('',#8741,#8742,#8743);
#8741 = CARTESIAN_POINT('',(11.7986,0.2833,0.3));
#8742 = DIRECTION('',(-1.,0.,0.));
#8743 = DIRECTION('',(0.,1.,0.));
#8744 = ADVANCED_FACE('',(#8745),#8751,.T.);
#8745 = FACE_BOUND('',#8746,.T.);
#8746 = EDGE_LOOP('',(#8747,#8748,#8749,#8750));
#8747 = ORIENTED_EDGE('',*,*,#8630,.T.);
#8748 = ORIENTED_EDGE('',*,*,#8721,.T.);
#8749 = ORIENTED_EDGE('',*,*,#8662,.F.);
#8750 = ORIENTED_EDGE('',*,*,#8693,.F.);
#8751 = PLANE('',#8752);
#8752 = AXIS2_PLACEMENT_3D('',#8753,#8754,#8755);
#8753 = CARTESIAN_POINT('',(13.4014,0.2833,0.3));
#8754 = DIRECTION('',(1.,0.,0.));
#8755 = DIRECTION('',(-0.,1.,0.));
#8756 = MANIFOLD_SOLID_BREP('',#8757);
#8757 = CLOSED_SHELL('',(#8758,#8798,#8838,#8860,#8882,#8894));
#8758 = ADVANCED_FACE('',(#8759),#8793,.T.);
#8759 = FACE_BOUND('',#8760,.T.);
#8760 = EDGE_LOOP('',(#8761,#8771,#8779,#8787));
#8761 = ORIENTED_EDGE('',*,*,#8762,.T.);
#8762 = EDGE_CURVE('',#8763,#8765,#8767,.T.);
#8763 = VERTEX_POINT('',#8764);
#8764 = CARTESIAN_POINT('',(11.7619,0.1417,0.3));
#8765 = VERTEX_POINT('',#8766);
#8766 = CARTESIAN_POINT('',(11.7619,0.2833,0.3));
#8767 = LINE('',#8768,#8769);
#8768 = CARTESIAN_POINT('',(11.7619,0.1417,0.3));
#8769 = VECTOR('',#8770,1.);
#8770 = DIRECTION('',(0.,1.,0.));
#8771 = ORIENTED_EDGE('',*,*,#8772,.T.);
#8772 = EDGE_CURVE('',#8765,#8773,#8775,.T.);
#8773 = VERTEX_POINT('',#8774);
#8774 = CARTESIAN_POINT('',(13.4381,0.2833,0.3));
#8775 = LINE('',#8776,#8777);
#8776 = CARTESIAN_POINT('',(11.7619,0.2833,0.3));
#8777 = VECTOR('',#8778,1.);
#8778 = DIRECTION('',(1.,0.,0.));
#8779 = ORIENTED_EDGE('',*,*,#8780,.F.);
#8780 = EDGE_CURVE('',#8781,#8773,#8783,.T.);
#8781 = VERTEX_POINT('',#8782);
#8782 = CARTESIAN_POINT('',(13.4381,0.1417,0.3));
#8783 = LINE('',#8784,#8785);
#8784 = CARTESIAN_POINT('',(13.4381,0.1417,0.3));
#8785 = VECTOR('',#8786,1.);
#8786 = DIRECTION('',(0.,1.,0.));
#8787 = ORIENTED_EDGE('',*,*,#8788,.F.);
#8788 = EDGE_CURVE('',#8763,#8781,#8789,.T.);
#8789 = LINE('',#8790,#8791);
#8790 = CARTESIAN_POINT('',(11.7619,0.1417,0.3));
#8791 = VECTOR('',#8792,1.);
#8792 = DIRECTION('',(1.,0.,0.));
#8793 = PLANE('',#8794);
#8794 = AXIS2_PLACEMENT_3D('',#8795,#8796,#8797);
#8795 = CARTESIAN_POINT('',(11.7619,0.1417,0.3));
#8796 = DIRECTION('',(0.,0.,-1.));
#8797 = DIRECTION('',(1.,0.,0.));
#8798 = ADVANCED_FACE('',(#8799),#8833,.T.);
#8799 = FACE_BOUND('',#8800,.T.);
#8800 = EDGE_LOOP('',(#8801,#8811,#8819,#8827));
#8801 = ORIENTED_EDGE('',*,*,#8802,.T.);
#8802 = EDGE_CURVE('',#8803,#8805,#8807,.T.);
#8803 = VERTEX_POINT('',#8804);
#8804 = CARTESIAN_POINT('',(11.7619,0.1417,10.));
#8805 = VERTEX_POINT('',#8806);
#8806 = CARTESIAN_POINT('',(13.4381,0.1417,10.));
#8807 = LINE('',#8808,#8809);
#8808 = CARTESIAN_POINT('',(11.7619,0.1417,10.));
#8809 = VECTOR('',#8810,1.);
#8810 = DIRECTION('',(1.,0.,0.));
#8811 = ORIENTED_EDGE('',*,*,#8812,.T.);
#8812 = EDGE_CURVE('',#8805,#8813,#8815,.T.);
#8813 = VERTEX_POINT('',#8814);
#8814 = CARTESIAN_POINT('',(13.4381,0.2833,10.));
#8815 = LINE('',#8816,#8817);
#8816 = CARTESIAN_POINT('',(13.4381,0.1417,10.));
#8817 = VECTOR('',#8818,1.);
#8818 = DIRECTION('',(0.,1.,0.));
#8819 = ORIENTED_EDGE('',*,*,#8820,.F.);
#8820 = EDGE_CURVE('',#8821,#8813,#8823,.T.);
#8821 = VERTEX_POINT('',#8822);
#8822 = CARTESIAN_POINT('',(11.7619,0.2833,10.));
#8823 = LINE('',#8824,#8825);
#8824 = CARTESIAN_POINT('',(11.7619,0.2833,10.));
#8825 = VECTOR('',#8826,1.);
#8826 = DIRECTION('',(1.,0.,0.));
#8827 = ORIENTED_EDGE('',*,*,#8828,.F.);
#8828 = EDGE_CURVE('',#8803,#8821,#8829,.T.);
#8829 = LINE('',#8830,#8831);
#8830 = CARTESIAN_POINT('',(11.7619,0.1417,10.));
#8831 = VECTOR('',#8832,1.);
#8832 = DIRECTION('',(0.,1.,0.));
#8833 = PLANE('',#8834);
#8834 = AXIS2_PLACEMENT_3D('',#8835,#8836,#8837);
#8835 = CARTESIAN_POINT('',(11.7619,0.1417,10.));
#8836 = DIRECTION('',(0.,0.,1.));
#8837 = DIRECTION('',(1.,0.,-0.));
#8838 = ADVANCED_FACE('',(#8839),#8855,.T.);
#8839 = FACE_BOUND('',#8840,.T.);
#8840 = EDGE_LOOP('',(#8841,#8842,#8848,#8849));
#8841 = ORIENTED_EDGE('',*,*,#8788,.T.);
#8842 = ORIENTED_EDGE('',*,*,#8843,.T.);
#8843 = EDGE_CURVE('',#8781,#8805,#8844,.T.);
#8844 = LINE('',#8845,#8846);
#8845 = CARTESIAN_POINT('',(13.4381,0.1417,0.3));
#8846 = VECTOR('',#8847,1.);
#8847 = DIRECTION('',(0.,0.,1.));
#8848 = ORIENTED_EDGE('',*,*,#8802,.F.);
#8849 = ORIENTED_EDGE('',*,*,#8850,.F.);
#8850 = EDGE_CURVE('',#8763,#8803,#8851,.T.);
#8851 = LINE('',#8852,#8853);
#8852 = CARTESIAN_POINT('',(11.7619,0.1417,0.3));
#8853 = VECTOR('',#8854,1.);
#8854 = DIRECTION('',(0.,0.,1.));
#8855 = PLANE('',#8856);
#8856 = AXIS2_PLACEMENT_3D('',#8857,#8858,#8859);
#8857 = CARTESIAN_POINT('',(11.7619,0.1417,0.3));
#8858 = DIRECTION('',(0.,-1.,0.));
#8859 = DIRECTION('',(1.,0.,0.));
#8860 = ADVANCED_FACE('',(#8861),#8877,.T.);
#8861 = FACE_BOUND('',#8862,.T.);
#8862 = EDGE_LOOP('',(#8863,#8869,#8870,#8876));
#8863 = ORIENTED_EDGE('',*,*,#8864,.T.);
#8864 = EDGE_CURVE('',#8765,#8821,#8865,.T.);
#8865 = LINE('',#8866,#8867);
#8866 = CARTESIAN_POINT('',(11.7619,0.2833,0.3));
#8867 = VECTOR('',#8868,1.);
#8868 = DIRECTION('',(0.,0.,1.));
#8869 = ORIENTED_EDGE('',*,*,#8820,.T.);
#8870 = ORIENTED_EDGE('',*,*,#8871,.F.);
#8871 = EDGE_CURVE('',#8773,#8813,#8872,.T.);
#8872 = LINE('',#8873,#8874);
#8873 = CARTESIAN_POINT('',(13.4381,0.2833,0.3));
#8874 = VECTOR('',#8875,1.);
#8875 = DIRECTION('',(0.,0.,1.));
#8876 = ORIENTED_EDGE('',*,*,#8772,.F.);
#8877 = PLANE('',#8878);
#8878 = AXIS2_PLACEMENT_3D('',#8879,#8880,#8881);
#8879 = CARTESIAN_POINT('',(11.7619,0.2833,0.3));
#8880 = DIRECTION('',(0.,1.,0.));
#8881 = DIRECTION('',(1.,0.,0.));
#8882 = ADVANCED_FACE('',(#8883),#8889,.T.);
#8883 = FACE_BOUND('',#8884,.T.);
#8884 = EDGE_LOOP('',(#8885,#8886,#8887,#8888));
#8885 = ORIENTED_EDGE('',*,*,#8850,.T.);
#8886 = ORIENTED_EDGE('',*,*,#8828,.T.);
#8887 = ORIENTED_EDGE('',*,*,#8864,.F.);
#8888 = ORIENTED_EDGE('',*,*,#8762,.F.);
#8889 = PLANE('',#8890);
#8890 = AXIS2_PLACEMENT_3D('',#8891,#8892,#8893);
#8891 = CARTESIAN_POINT('',(11.7619,0.1417,0.3));
#8892 = DIRECTION('',(-1.,0.,0.));
#8893 = DIRECTION('',(0.,1.,0.));
#8894 = ADVANCED_FACE('',(#8895),#8901,.T.);
#8895 = FACE_BOUND('',#8896,.T.);
#8896 = EDGE_LOOP('',(#8897,#8898,#8899,#8900));
#8897 = ORIENTED_EDGE('',*,*,#8780,.T.);
#8898 = ORIENTED_EDGE('',*,*,#8871,.T.);
#8899 = ORIENTED_EDGE('',*,*,#8812,.F.);
#8900 = ORIENTED_EDGE('',*,*,#8843,.F.);
#8901 = PLANE('',#8902);
#8902 = AXIS2_PLACEMENT_3D('',#8903,#8904,#8905);
#8903 = CARTESIAN_POINT('',(13.4381,0.1417,0.3));
#8904 = DIRECTION('',(1.,0.,0.));
#8905 = DIRECTION('',(-0.,1.,0.));
#8906 = MANIFOLD_SOLID_BREP('',#8907);
#8907 = CLOSED_SHELL('',(#8908,#8948,#8988,#9010,#9032,#9044));
#8908 = ADVANCED_FACE('',(#8909),#8943,.T.);
#8909 = FACE_BOUND('',#8910,.T.);
#8910 = EDGE_LOOP('',(#8911,#8921,#8929,#8937));
#8911 = ORIENTED_EDGE('',*,*,#8912,.T.);
#8912 = EDGE_CURVE('',#8913,#8915,#8917,.T.);
#8913 = VERTEX_POINT('',#8914);
#8914 = CARTESIAN_POINT('',(11.75,-0.,0.3));
#8915 = VERTEX_POINT('',#8916);
#8916 = CARTESIAN_POINT('',(11.75,0.1417,0.3));
#8917 = LINE('',#8918,#8919);
#8918 = CARTESIAN_POINT('',(11.75,-0.,0.3));
#8919 = VECTOR('',#8920,1.);
#8920 = DIRECTION('',(0.,1.,0.));
#8921 = ORIENTED_EDGE('',*,*,#8922,.T.);
#8922 = EDGE_CURVE('',#8915,#8923,#8925,.T.);
#8923 = VERTEX_POINT('',#8924);
#8924 = CARTESIAN_POINT('',(13.45,0.1417,0.3));
#8925 = LINE('',#8926,#8927);
#8926 = CARTESIAN_POINT('',(11.75,0.1417,0.3));
#8927 = VECTOR('',#8928,1.);
#8928 = DIRECTION('',(1.,0.,0.));
#8929 = ORIENTED_EDGE('',*,*,#8930,.F.);
#8930 = EDGE_CURVE('',#8931,#8923,#8933,.T.);
#8931 = VERTEX_POINT('',#8932);
#8932 = CARTESIAN_POINT('',(13.45,-0.,0.3));
#8933 = LINE('',#8934,#8935);
#8934 = CARTESIAN_POINT('',(13.45,-0.,0.3));
#8935 = VECTOR('',#8936,1.);
#8936 = DIRECTION('',(0.,1.,0.));
#8937 = ORIENTED_EDGE('',*,*,#8938,.F.);
#8938 = EDGE_CURVE('',#8913,#8931,#8939,.T.);
#8939 = LINE('',#8940,#8941);
#8940 = CARTESIAN_POINT('',(11.75,-0.,0.3));
#8941 = VECTOR('',#8942,1.);
#8942 = DIRECTION('',(1.,0.,0.));
#8943 = PLANE('',#8944);
#8944 = AXIS2_PLACEMENT_3D('',#8945,#8946,#8947);
#8945 = CARTESIAN_POINT('',(11.75,-0.,0.3));
#8946 = DIRECTION('',(0.,0.,-1.));
#8947 = DIRECTION('',(1.,0.,0.));
#8948 = ADVANCED_FACE('',(#8949),#8983,.T.);
#8949 = FACE_BOUND('',#8950,.T.);
#8950 = EDGE_LOOP('',(#8951,#8961,#8969,#8977));
#8951 = ORIENTED_EDGE('',*,*,#8952,.T.);
#8952 = EDGE_CURVE('',#8953,#8955,#8957,.T.);
#8953 = VERTEX_POINT('',#8954);
#8954 = CARTESIAN_POINT('',(11.75,-0.,10.));
#8955 = VERTEX_POINT('',#8956);
#8956 = CARTESIAN_POINT('',(13.45,-0.,10.));
#8957 = LINE('',#8958,#8959);
#8958 = CARTESIAN_POINT('',(11.75,-0.,10.));
#8959 = VECTOR('',#8960,1.);
#8960 = DIRECTION('',(1.,0.,0.));
#8961 = ORIENTED_EDGE('',*,*,#8962,.T.);
#8962 = EDGE_CURVE('',#8955,#8963,#8965,.T.);
#8963 = VERTEX_POINT('',#8964);
#8964 = CARTESIAN_POINT('',(13.45,0.1417,10.));
#8965 = LINE('',#8966,#8967);
#8966 = CARTESIAN_POINT('',(13.45,-0.,10.));
#8967 = VECTOR('',#8968,1.);
#8968 = DIRECTION('',(0.,1.,0.));
#8969 = ORIENTED_EDGE('',*,*,#8970,.F.);
#8970 = EDGE_CURVE('',#8971,#8963,#8973,.T.);
#8971 = VERTEX_POINT('',#8972);
#8972 = CARTESIAN_POINT('',(11.75,0.1417,10.));
#8973 = LINE('',#8974,#8975);
#8974 = CARTESIAN_POINT('',(11.75,0.1417,10.));
#8975 = VECTOR('',#8976,1.);
#8976 = DIRECTION('',(1.,0.,0.));
#8977 = ORIENTED_EDGE('',*,*,#8978,.F.);
#8978 = EDGE_CURVE('',#8953,#8971,#8979,.T.);
#8979 = LINE('',#8980,#8981);
#8980 = CARTESIAN_POINT('',(11.75,-0.,10.));
#8981 = VECTOR('',#8982,1.);
#8982 = DIRECTION('',(0.,1.,0.));
#8983 = PLANE('',#8984);
#8984 = AXIS2_PLACEMENT_3D('',#8985,#8986,#8987);
#8985 = CARTESIAN_POINT('',(11.75,-0.,10.));
#8986 = DIRECTION('',(0.,0.,1.));
#8987 = DIRECTION('',(1.,0.,-0.));
#8988 = ADVANCED_FACE('',(#8989),#9005,.T.);
#8989 = FACE_BOUND('',#8990,.T.);
#8990 = EDGE_LOOP('',(#8991,#8992,#8998,#8999));
#8991 = ORIENTED_EDGE('',*,*,#8938,.T.);
#8992 = ORIENTED_EDGE('',*,*,#8993,.T.);
#8993 = EDGE_CURVE('',#8931,#8955,#8994,.T.);
#8994 = LINE('',#8995,#8996);
#8995 = CARTESIAN_POINT('',(13.45,-0.,0.3));
#8996 = VECTOR('',#8997,1.);
#8997 = DIRECTION('',(0.,0.,1.));
#8998 = ORIENTED_EDGE('',*,*,#8952,.F.);
#8999 = ORIENTED_EDGE('',*,*,#9000,.F.);
#9000 = EDGE_CURVE('',#8913,#8953,#9001,.T.);
#9001 = LINE('',#9002,#9003);
#9002 = CARTESIAN_POINT('',(11.75,-0.,0.3));
#9003 = VECTOR('',#9004,1.);
#9004 = DIRECTION('',(0.,0.,1.));
#9005 = PLANE('',#9006);
#9006 = AXIS2_PLACEMENT_3D('',#9007,#9008,#9009);
#9007 = CARTESIAN_POINT('',(11.75,-0.,0.3));
#9008 = DIRECTION('',(0.,-1.,0.));
#9009 = DIRECTION('',(1.,0.,0.));
#9010 = ADVANCED_FACE('',(#9011),#9027,.T.);
#9011 = FACE_BOUND('',#9012,.T.);
#9012 = EDGE_LOOP('',(#9013,#9019,#9020,#9026));
#9013 = ORIENTED_EDGE('',*,*,#9014,.T.);
#9014 = EDGE_CURVE('',#8915,#8971,#9015,.T.);
#9015 = LINE('',#9016,#9017);
#9016 = CARTESIAN_POINT('',(11.75,0.1417,0.3));
#9017 = VECTOR('',#9018,1.);
#9018 = DIRECTION('',(0.,0.,1.));
#9019 = ORIENTED_EDGE('',*,*,#8970,.T.);
#9020 = ORIENTED_EDGE('',*,*,#9021,.F.);
#9021 = EDGE_CURVE('',#8923,#8963,#9022,.T.);
#9022 = LINE('',#9023,#9024);
#9023 = CARTESIAN_POINT('',(13.45,0.1417,0.3));
#9024 = VECTOR('',#9025,1.);
#9025 = DIRECTION('',(0.,0.,1.));
#9026 = ORIENTED_EDGE('',*,*,#8922,.F.);
#9027 = PLANE('',#9028);
#9028 = AXIS2_PLACEMENT_3D('',#9029,#9030,#9031);
#9029 = CARTESIAN_POINT('',(11.75,0.1417,0.3));
#9030 = DIRECTION('',(0.,1.,0.));
#9031 = DIRECTION('',(1.,0.,0.));
#9032 = ADVANCED_FACE('',(#9033),#9039,.T.);
#9033 = FACE_BOUND('',#9034,.T.);
#9034 = EDGE_LOOP('',(#9035,#9036,#9037,#9038));
#9035 = ORIENTED_EDGE('',*,*,#9000,.T.);
#9036 = ORIENTED_EDGE('',*,*,#8978,.T.);
#9037 = ORIENTED_EDGE('',*,*,#9014,.F.);
#9038 = ORIENTED_EDGE('',*,*,#8912,.F.);
#9039 = PLANE('',#9040);
#9040 = AXIS2_PLACEMENT_3D('',#9041,#9042,#9043);
#9041 = CARTESIAN_POINT('',(11.75,-0.,0.3));
#9042 = DIRECTION('',(-1.,0.,0.));
#9043 = DIRECTION('',(0.,1.,0.));
#9044 = ADVANCED_FACE('',(#9045),#9051,.T.);
#9045 = FACE_BOUND('',#9046,.T.);
#9046 = EDGE_LOOP('',(#9047,#9048,#9049,#9050));
#9047 = ORIENTED_EDGE('',*,*,#8930,.T.);
#9048 = ORIENTED_EDGE('',*,*,#9021,.T.);
#9049 = ORIENTED_EDGE('',*,*,#8962,.F.);
#9050 = ORIENTED_EDGE('',*,*,#8993,.F.);
#9051 = PLANE('',#9052);
#9052 = AXIS2_PLACEMENT_3D('',#9053,#9054,#9055);
#9053 = CARTESIAN_POINT('',(13.45,-0.,0.3));
#9054 = DIRECTION('',(1.,0.,0.));
#9055 = DIRECTION('',(-0.,1.,0.));
#9056 = MANIFOLD_SOLID_BREP('',#9057);
#9057 = CLOSED_SHELL('',(#9058,#9098,#9138,#9160,#9182,#9194));
#9058 = ADVANCED_FACE('',(#9059),#9093,.T.);
#9059 = FACE_BOUND('',#9060,.T.);
#9060 = EDGE_LOOP('',(#9061,#9071,#9079,#9087));
#9061 = ORIENTED_EDGE('',*,*,#9062,.T.);
#9062 = EDGE_CURVE('',#9063,#9065,#9067,.T.);
#9063 = VERTEX_POINT('',#9064);
#9064 = CARTESIAN_POINT('',(11.75,-0.1417,0.3));
#9065 = VERTEX_POINT('',#9066);
#9066 = CARTESIAN_POINT('',(11.75,-0.,0.3));
#9067 = LINE('',#9068,#9069);
#9068 = CARTESIAN_POINT('',(11.75,-0.1417,0.3));
#9069 = VECTOR('',#9070,1.);
#9070 = DIRECTION('',(0.,1.,0.));
#9071 = ORIENTED_EDGE('',*,*,#9072,.T.);
#9072 = EDGE_CURVE('',#9065,#9073,#9075,.T.);
#9073 = VERTEX_POINT('',#9074);
#9074 = CARTESIAN_POINT('',(13.45,-0.,0.3));
#9075 = LINE('',#9076,#9077);
#9076 = CARTESIAN_POINT('',(11.75,-0.,0.3));
#9077 = VECTOR('',#9078,1.);
#9078 = DIRECTION('',(1.,0.,0.));
#9079 = ORIENTED_EDGE('',*,*,#9080,.F.);
#9080 = EDGE_CURVE('',#9081,#9073,#9083,.T.);
#9081 = VERTEX_POINT('',#9082);
#9082 = CARTESIAN_POINT('',(13.45,-0.1417,0.3));
#9083 = LINE('',#9084,#9085);
#9084 = CARTESIAN_POINT('',(13.45,-0.1417,0.3));
#9085 = VECTOR('',#9086,1.);
#9086 = DIRECTION('',(0.,1.,0.));
#9087 = ORIENTED_EDGE('',*,*,#9088,.F.);
#9088 = EDGE_CURVE('',#9063,#9081,#9089,.T.);
#9089 = LINE('',#9090,#9091);
#9090 = CARTESIAN_POINT('',(11.75,-0.1417,0.3));
#9091 = VECTOR('',#9092,1.);
#9092 = DIRECTION('',(1.,0.,0.));
#9093 = PLANE('',#9094);
#9094 = AXIS2_PLACEMENT_3D('',#9095,#9096,#9097);
#9095 = CARTESIAN_POINT('',(11.75,-0.1417,0.3));
#9096 = DIRECTION('',(0.,0.,-1.));
#9097 = DIRECTION('',(1.,0.,0.));
#9098 = ADVANCED_FACE('',(#9099),#9133,.T.);
#9099 = FACE_BOUND('',#9100,.T.);
#9100 = EDGE_LOOP('',(#9101,#9111,#9119,#9127));
#9101 = ORIENTED_EDGE('',*,*,#9102,.T.);
#9102 = EDGE_CURVE('',#9103,#9105,#9107,.T.);
#9103 = VERTEX_POINT('',#9104);
#9104 = CARTESIAN_POINT('',(11.75,-0.1417,10.));
#9105 = VERTEX_POINT('',#9106);
#9106 = CARTESIAN_POINT('',(13.45,-0.1417,10.));
#9107 = LINE('',#9108,#9109);
#9108 = CARTESIAN_POINT('',(11.75,-0.1417,10.));
#9109 = VECTOR('',#9110,1.);
#9110 = DIRECTION('',(1.,0.,0.));
#9111 = ORIENTED_EDGE('',*,*,#9112,.T.);
#9112 = EDGE_CURVE('',#9105,#9113,#9115,.T.);
#9113 = VERTEX_POINT('',#9114);
#9114 = CARTESIAN_POINT('',(13.45,-0.,10.));
#9115 = LINE('',#9116,#9117);
#9116 = CARTESIAN_POINT('',(13.45,-0.1417,10.));
#9117 = VECTOR('',#9118,1.);
#9118 = DIRECTION('',(0.,1.,0.));
#9119 = ORIENTED_EDGE('',*,*,#9120,.F.);
#9120 = EDGE_CURVE('',#9121,#9113,#9123,.T.);
#9121 = VERTEX_POINT('',#9122);
#9122 = CARTESIAN_POINT('',(11.75,-0.,10.));
#9123 = LINE('',#9124,#9125);
#9124 = CARTESIAN_POINT('',(11.75,-0.,10.));
#9125 = VECTOR('',#9126,1.);
#9126 = DIRECTION('',(1.,0.,0.));
#9127 = ORIENTED_EDGE('',*,*,#9128,.F.);
#9128 = EDGE_CURVE('',#9103,#9121,#9129,.T.);
#9129 = LINE('',#9130,#9131);
#9130 = CARTESIAN_POINT('',(11.75,-0.1417,10.));
#9131 = VECTOR('',#9132,1.);
#9132 = DIRECTION('',(0.,1.,0.));
#9133 = PLANE('',#9134);
#9134 = AXIS2_PLACEMENT_3D('',#9135,#9136,#9137);
#9135 = CARTESIAN_POINT('',(11.75,-0.1417,10.));
#9136 = DIRECTION('',(0.,0.,1.));
#9137 = DIRECTION('',(1.,0.,-0.));
#9138 = ADVANCED_FACE('',(#9139),#9155,.T.);
#9139 = FACE_BOUND('',#9140,.T.);
#9140 = EDGE_LOOP('',(#9141,#9142,#9148,#9149));
#9141 = ORIENTED_EDGE('',*,*,#9088,.T.);
#9142 = ORIENTED_EDGE('',*,*,#9143,.T.);
#9143 = EDGE_CURVE('',#9081,#9105,#9144,.T.);
#9144 = LINE('',#9145,#9146);
#9145 = CARTESIAN_POINT('',(13.45,-0.1417,0.3));
#9146 = VECTOR('',#9147,1.);
#9147 = DIRECTION('',(0.,0.,1.));
#9148 = ORIENTED_EDGE('',*,*,#9102,.F.);
#9149 = ORIENTED_EDGE('',*,*,#9150,.F.);
#9150 = EDGE_CURVE('',#9063,#9103,#9151,.T.);
#9151 = LINE('',#9152,#9153);
#9152 = CARTESIAN_POINT('',(11.75,-0.1417,0.3));
#9153 = VECTOR('',#9154,1.);
#9154 = DIRECTION('',(0.,0.,1.));
#9155 = PLANE('',#9156);
#9156 = AXIS2_PLACEMENT_3D('',#9157,#9158,#9159);
#9157 = CARTESIAN_POINT('',(11.75,-0.1417,0.3));
#9158 = DIRECTION('',(0.,-1.,0.));
#9159 = DIRECTION('',(1.,0.,0.));
#9160 = ADVANCED_FACE('',(#9161),#9177,.T.);
#9161 = FACE_BOUND('',#9162,.T.);
#9162 = EDGE_LOOP('',(#9163,#9169,#9170,#9176));
#9163 = ORIENTED_EDGE('',*,*,#9164,.T.);
#9164 = EDGE_CURVE('',#9065,#9121,#9165,.T.);
#9165 = LINE('',#9166,#9167);
#9166 = CARTESIAN_POINT('',(11.75,-0.,0.3));
#9167 = VECTOR('',#9168,1.);
#9168 = DIRECTION('',(0.,0.,1.));
#9169 = ORIENTED_EDGE('',*,*,#9120,.T.);
#9170 = ORIENTED_EDGE('',*,*,#9171,.F.);
#9171 = EDGE_CURVE('',#9073,#9113,#9172,.T.);
#9172 = LINE('',#9173,#9174);
#9173 = CARTESIAN_POINT('',(13.45,-0.,0.3));
#9174 = VECTOR('',#9175,1.);
#9175 = DIRECTION('',(0.,0.,1.));
#9176 = ORIENTED_EDGE('',*,*,#9072,.F.);
#9177 = PLANE('',#9178);
#9178 = AXIS2_PLACEMENT_3D('',#9179,#9180,#9181);
#9179 = CARTESIAN_POINT('',(11.75,-0.,0.3));
#9180 = DIRECTION('',(0.,1.,0.));
#9181 = DIRECTION('',(1.,0.,0.));
#9182 = ADVANCED_FACE('',(#9183),#9189,.T.);
#9183 = FACE_BOUND('',#9184,.T.);
#9184 = EDGE_LOOP('',(#9185,#9186,#9187,#9188));
#9185 = ORIENTED_EDGE('',*,*,#9150,.T.);
#9186 = ORIENTED_EDGE('',*,*,#9128,.T.);
#9187 = ORIENTED_EDGE('',*,*,#9164,.F.);
#9188 = ORIENTED_EDGE('',*,*,#9062,.F.);
#9189 = PLANE('',#9190);
#9190 = AXIS2_PLACEMENT_3D('',#9191,#9192,#9193);
#9191 = CARTESIAN_POINT('',(11.75,-0.1417,0.3));
#9192 = DIRECTION('',(-1.,0.,0.));
#9193 = DIRECTION('',(0.,1.,0.));
#9194 = ADVANCED_FACE('',(#9195),#9201,.T.);
#9195 = FACE_BOUND('',#9196,.T.);
#9196 = EDGE_LOOP('',(#9197,#9198,#9199,#9200));
#9197 = ORIENTED_EDGE('',*,*,#9080,.T.);
#9198 = ORIENTED_EDGE('',*,*,#9171,.T.);
#9199 = ORIENTED_EDGE('',*,*,#9112,.F.);
#9200 = ORIENTED_EDGE('',*,*,#9143,.F.);
#9201 = PLANE('',#9202);
#9202 = AXIS2_PLACEMENT_3D('',#9203,#9204,#9205);
#9203 = CARTESIAN_POINT('',(13.45,-0.1417,0.3));
#9204 = DIRECTION('',(1.,0.,0.));
#9205 = DIRECTION('',(-0.,1.,0.));
#9206 = MANIFOLD_SOLID_BREP('',#9207);
#9207 = CLOSED_SHELL('',(#9208,#9248,#9288,#9310,#9332,#9344));
#9208 = ADVANCED_FACE('',(#9209),#9243,.T.);
#9209 = FACE_BOUND('',#9210,.T.);
#9210 = EDGE_LOOP('',(#9211,#9221,#9229,#9237));
#9211 = ORIENTED_EDGE('',*,*,#9212,.T.);
#9212 = EDGE_CURVE('',#9213,#9215,#9217,.T.);
#9213 = VERTEX_POINT('',#9214);
#9214 = CARTESIAN_POINT('',(11.7619,-0.2833,0.3));
#9215 = VERTEX_POINT('',#9216);
#9216 = CARTESIAN_POINT('',(11.7619,-0.1417,0.3));
#9217 = LINE('',#9218,#9219);
#9218 = CARTESIAN_POINT('',(11.7619,-0.2833,0.3));
#9219 = VECTOR('',#9220,1.);
#9220 = DIRECTION('',(0.,1.,0.));
#9221 = ORIENTED_EDGE('',*,*,#9222,.T.);
#9222 = EDGE_CURVE('',#9215,#9223,#9225,.T.);
#9223 = VERTEX_POINT('',#9224);
#9224 = CARTESIAN_POINT('',(13.4381,-0.1417,0.3));
#9225 = LINE('',#9226,#9227);
#9226 = CARTESIAN_POINT('',(11.7619,-0.1417,0.3));
#9227 = VECTOR('',#9228,1.);
#9228 = DIRECTION('',(1.,0.,0.));
#9229 = ORIENTED_EDGE('',*,*,#9230,.F.);
#9230 = EDGE_CURVE('',#9231,#9223,#9233,.T.);
#9231 = VERTEX_POINT('',#9232);
#9232 = CARTESIAN_POINT('',(13.4381,-0.2833,0.3));
#9233 = LINE('',#9234,#9235);
#9234 = CARTESIAN_POINT('',(13.4381,-0.2833,0.3));
#9235 = VECTOR('',#9236,1.);
#9236 = DIRECTION('',(0.,1.,0.));
#9237 = ORIENTED_EDGE('',*,*,#9238,.F.);
#9238 = EDGE_CURVE('',#9213,#9231,#9239,.T.);
#9239 = LINE('',#9240,#9241);
#9240 = CARTESIAN_POINT('',(11.7619,-0.2833,0.3));
#9241 = VECTOR('',#9242,1.);
#9242 = DIRECTION('',(1.,0.,0.));
#9243 = PLANE('',#9244);
#9244 = AXIS2_PLACEMENT_3D('',#9245,#9246,#9247);
#9245 = CARTESIAN_POINT('',(11.7619,-0.2833,0.3));
#9246 = DIRECTION('',(0.,0.,-1.));
#9247 = DIRECTION('',(1.,0.,0.));
#9248 = ADVANCED_FACE('',(#9249),#9283,.T.);
#9249 = FACE_BOUND('',#9250,.T.);
#9250 = EDGE_LOOP('',(#9251,#9261,#9269,#9277));
#9251 = ORIENTED_EDGE('',*,*,#9252,.T.);
#9252 = EDGE_CURVE('',#9253,#9255,#9257,.T.);
#9253 = VERTEX_POINT('',#9254);
#9254 = CARTESIAN_POINT('',(11.7619,-0.2833,10.));
#9255 = VERTEX_POINT('',#9256);
#9256 = CARTESIAN_POINT('',(13.4381,-0.2833,10.));
#9257 = LINE('',#9258,#9259);
#9258 = CARTESIAN_POINT('',(11.7619,-0.2833,10.));
#9259 = VECTOR('',#9260,1.);
#9260 = DIRECTION('',(1.,0.,0.));
#9261 = ORIENTED_EDGE('',*,*,#9262,.T.);
#9262 = EDGE_CURVE('',#9255,#9263,#9265,.T.);
#9263 = VERTEX_POINT('',#9264);
#9264 = CARTESIAN_POINT('',(13.4381,-0.1417,10.));
#9265 = LINE('',#9266,#9267);
#9266 = CARTESIAN_POINT('',(13.4381,-0.2833,10.));
#9267 = VECTOR('',#9268,1.);
#9268 = DIRECTION('',(0.,1.,0.));
#9269 = ORIENTED_EDGE('',*,*,#9270,.F.);
#9270 = EDGE_CURVE('',#9271,#9263,#9273,.T.);
#9271 = VERTEX_POINT('',#9272);
#9272 = CARTESIAN_POINT('',(11.7619,-0.1417,10.));
#9273 = LINE('',#9274,#9275);
#9274 = CARTESIAN_POINT('',(11.7619,-0.1417,10.));
#9275 = VECTOR('',#9276,1.);
#9276 = DIRECTION('',(1.,0.,0.));
#9277 = ORIENTED_EDGE('',*,*,#9278,.F.);
#9278 = EDGE_CURVE('',#9253,#9271,#9279,.T.);
#9279 = LINE('',#9280,#9281);
#9280 = CARTESIAN_POINT('',(11.7619,-0.2833,10.));
#9281 = VECTOR('',#9282,1.);
#9282 = DIRECTION('',(0.,1.,0.));
#9283 = PLANE('',#9284);
#9284 = AXIS2_PLACEMENT_3D('',#9285,#9286,#9287);
#9285 = CARTESIAN_POINT('',(11.7619,-0.2833,10.));
#9286 = DIRECTION('',(0.,0.,1.));
#9287 = DIRECTION('',(1.,0.,-0.));
#9288 = ADVANCED_FACE('',(#9289),#9305,.T.);
#9289 = FACE_BOUND('',#9290,.T.);
#9290 = EDGE_LOOP('',(#9291,#9292,#9298,#9299));
#9291 = ORIENTED_EDGE('',*,*,#9238,.T.);
#9292 = ORIENTED_EDGE('',*,*,#9293,.T.);
#9293 = EDGE_CURVE('',#9231,#9255,#9294,.T.);
#9294 = LINE('',#9295,#9296);
#9295 = CARTESIAN_POINT('',(13.4381,-0.2833,0.3));
#9296 = VECTOR('',#9297,1.);
#9297 = DIRECTION('',(0.,0.,1.));
#9298 = ORIENTED_EDGE('',*,*,#9252,.F.);
#9299 = ORIENTED_EDGE('',*,*,#9300,.F.);
#9300 = EDGE_CURVE('',#9213,#9253,#9301,.T.);
#9301 = LINE('',#9302,#9303);
#9302 = CARTESIAN_POINT('',(11.7619,-0.2833,0.3));
#9303 = VECTOR('',#9304,1.);
#9304 = DIRECTION('',(0.,0.,1.));
#9305 = PLANE('',#9306);
#9306 = AXIS2_PLACEMENT_3D('',#9307,#9308,#9309);
#9307 = CARTESIAN_POINT('',(11.7619,-0.2833,0.3));
#9308 = DIRECTION('',(0.,-1.,0.));
#9309 = DIRECTION('',(1.,0.,0.));
#9310 = ADVANCED_FACE('',(#9311),#9327,.T.);
#9311 = FACE_BOUND('',#9312,.T.);
#9312 = EDGE_LOOP('',(#9313,#9319,#9320,#9326));
#9313 = ORIENTED_EDGE('',*,*,#9314,.T.);
#9314 = EDGE_CURVE('',#9215,#9271,#9315,.T.);
#9315 = LINE('',#9316,#9317);
#9316 = CARTESIAN_POINT('',(11.7619,-0.1417,0.3));
#9317 = VECTOR('',#9318,1.);
#9318 = DIRECTION('',(0.,0.,1.));
#9319 = ORIENTED_EDGE('',*,*,#9270,.T.);
#9320 = ORIENTED_EDGE('',*,*,#9321,.F.);
#9321 = EDGE_CURVE('',#9223,#9263,#9322,.T.);
#9322 = LINE('',#9323,#9324);
#9323 = CARTESIAN_POINT('',(13.4381,-0.1417,0.3));
#9324 = VECTOR('',#9325,1.);
#9325 = DIRECTION('',(0.,0.,1.));
#9326 = ORIENTED_EDGE('',*,*,#9222,.F.);
#9327 = PLANE('',#9328);
#9328 = AXIS2_PLACEMENT_3D('',#9329,#9330,#9331);
#9329 = CARTESIAN_POINT('',(11.7619,-0.1417,0.3));
#9330 = DIRECTION('',(0.,1.,0.));
#9331 = DIRECTION('',(1.,0.,0.));
#9332 = ADVANCED_FACE('',(#9333),#9339,.T.);
#9333 = FACE_BOUND('',#9334,.T.);
#9334 = EDGE_LOOP('',(#9335,#9336,#9337,#9338));
#9335 = ORIENTED_EDGE('',*,*,#9300,.T.);
#9336 = ORIENTED_EDGE('',*,*,#9278,.T.);
#9337 = ORIENTED_EDGE('',*,*,#9314,.F.);
#9338 = ORIENTED_EDGE('',*,*,#9212,.F.);
#9339 = PLANE('',#9340);
#9340 = AXIS2_PLACEMENT_3D('',#9341,#9342,#9343);
#9341 = CARTESIAN_POINT('',(11.7619,-0.2833,0.3));
#9342 = DIRECTION('',(-1.,0.,0.));
#9343 = DIRECTION('',(0.,1.,0.));
#9344 = ADVANCED_FACE('',(#9345),#9351,.T.);
#9345 = FACE_BOUND('',#9346,.T.);
#9346 = EDGE_LOOP('',(#9347,#9348,#9349,#9350));
#9347 = ORIENTED_EDGE('',*,*,#9230,.T.);
#9348 = ORIENTED_EDGE('',*,*,#9321,.T.);
#9349 = ORIENTED_EDGE('',*,*,#9262,.F.);
#9350 = ORIENTED_EDGE('',*,*,#9293,.F.);
#9351 = PLANE('',#9352);
#9352 = AXIS2_PLACEMENT_3D('',#9353,#9354,#9355);
#9353 = CARTESIAN_POINT('',(13.4381,-0.2833,0.3));
#9354 = DIRECTION('',(1.,0.,0.));
#9355 = DIRECTION('',(-0.,1.,0.));
#9356 = MANIFOLD_SOLID_BREP('',#9357);
#9357 = CLOSED_SHELL('',(#9358,#9398,#9438,#9460,#9482,#9494));
#9358 = ADVANCED_FACE('',(#9359),#9393,.T.);
#9359 = FACE_BOUND('',#9360,.T.);
#9360 = EDGE_LOOP('',(#9361,#9371,#9379,#9387));
#9361 = ORIENTED_EDGE('',*,*,#9362,.T.);
#9362 = EDGE_CURVE('',#9363,#9365,#9367,.T.);
#9363 = VERTEX_POINT('',#9364);
#9364 = CARTESIAN_POINT('',(11.7986,-0.425,0.3));
#9365 = VERTEX_POINT('',#9366);
#9366 = CARTESIAN_POINT('',(11.7986,-0.2833,0.3));
#9367 = LINE('',#9368,#9369);
#9368 = CARTESIAN_POINT('',(11.7986,-0.425,0.3));
#9369 = VECTOR('',#9370,1.);
#9370 = DIRECTION('',(0.,1.,0.));
#9371 = ORIENTED_EDGE('',*,*,#9372,.T.);
#9372 = EDGE_CURVE('',#9365,#9373,#9375,.T.);
#9373 = VERTEX_POINT('',#9374);
#9374 = CARTESIAN_POINT('',(13.4014,-0.2833,0.3));
#9375 = LINE('',#9376,#9377);
#9376 = CARTESIAN_POINT('',(11.7986,-0.2833,0.3));
#9377 = VECTOR('',#9378,1.);
#9378 = DIRECTION('',(1.,0.,0.));
#9379 = ORIENTED_EDGE('',*,*,#9380,.F.);
#9380 = EDGE_CURVE('',#9381,#9373,#9383,.T.);
#9381 = VERTEX_POINT('',#9382);
#9382 = CARTESIAN_POINT('',(13.4014,-0.425,0.3));
#9383 = LINE('',#9384,#9385);
#9384 = CARTESIAN_POINT('',(13.4014,-0.425,0.3));
#9385 = VECTOR('',#9386,1.);
#9386 = DIRECTION('',(0.,1.,0.));
#9387 = ORIENTED_EDGE('',*,*,#9388,.F.);
#9388 = EDGE_CURVE('',#9363,#9381,#9389,.T.);
#9389 = LINE('',#9390,#9391);
#9390 = CARTESIAN_POINT('',(11.7986,-0.425,0.3));
#9391 = VECTOR('',#9392,1.);
#9392 = DIRECTION('',(1.,0.,0.));
#9393 = PLANE('',#9394);
#9394 = AXIS2_PLACEMENT_3D('',#9395,#9396,#9397);
#9395 = CARTESIAN_POINT('',(11.7986,-0.425,0.3));
#9396 = DIRECTION('',(0.,0.,-1.));
#9397 = DIRECTION('',(1.,0.,0.));
#9398 = ADVANCED_FACE('',(#9399),#9433,.T.);
#9399 = FACE_BOUND('',#9400,.T.);
#9400 = EDGE_LOOP('',(#9401,#9411,#9419,#9427));
#9401 = ORIENTED_EDGE('',*,*,#9402,.T.);
#9402 = EDGE_CURVE('',#9403,#9405,#9407,.T.);
#9403 = VERTEX_POINT('',#9404);
#9404 = CARTESIAN_POINT('',(11.7986,-0.425,10.));
#9405 = VERTEX_POINT('',#9406);
#9406 = CARTESIAN_POINT('',(13.4014,-0.425,10.));
#9407 = LINE('',#9408,#9409);
#9408 = CARTESIAN_POINT('',(11.7986,-0.425,10.));
#9409 = VECTOR('',#9410,1.);
#9410 = DIRECTION('',(1.,0.,0.));
#9411 = ORIENTED_EDGE('',*,*,#9412,.T.);
#9412 = EDGE_CURVE('',#9405,#9413,#9415,.T.);
#9413 = VERTEX_POINT('',#9414);
#9414 = CARTESIAN_POINT('',(13.4014,-0.2833,10.));
#9415 = LINE('',#9416,#9417);
#9416 = CARTESIAN_POINT('',(13.4014,-0.425,10.));
#9417 = VECTOR('',#9418,1.);
#9418 = DIRECTION('',(0.,1.,0.));
#9419 = ORIENTED_EDGE('',*,*,#9420,.F.);
#9420 = EDGE_CURVE('',#9421,#9413,#9423,.T.);
#9421 = VERTEX_POINT('',#9422);
#9422 = CARTESIAN_POINT('',(11.7986,-0.2833,10.));
#9423 = LINE('',#9424,#9425);
#9424 = CARTESIAN_POINT('',(11.7986,-0.2833,10.));
#9425 = VECTOR('',#9426,1.);
#9426 = DIRECTION('',(1.,0.,0.));
#9427 = ORIENTED_EDGE('',*,*,#9428,.F.);
#9428 = EDGE_CURVE('',#9403,#9421,#9429,.T.);
#9429 = LINE('',#9430,#9431);
#9430 = CARTESIAN_POINT('',(11.7986,-0.425,10.));
#9431 = VECTOR('',#9432,1.);
#9432 = DIRECTION('',(0.,1.,0.));
#9433 = PLANE('',#9434);
#9434 = AXIS2_PLACEMENT_3D('',#9435,#9436,#9437);
#9435 = CARTESIAN_POINT('',(11.7986,-0.425,10.));
#9436 = DIRECTION('',(0.,0.,1.));
#9437 = DIRECTION('',(1.,0.,-0.));
#9438 = ADVANCED_FACE('',(#9439),#9455,.T.);
#9439 = FACE_BOUND('',#9440,.T.);
#9440 = EDGE_LOOP('',(#9441,#9442,#9448,#9449));
#9441 = ORIENTED_EDGE('',*,*,#9388,.T.);
#9442 = ORIENTED_EDGE('',*,*,#9443,.T.);
#9443 = EDGE_CURVE('',#9381,#9405,#9444,.T.);
#9444 = LINE('',#9445,#9446);
#9445 = CARTESIAN_POINT('',(13.4014,-0.425,0.3));
#9446 = VECTOR('',#9447,1.);
#9447 = DIRECTION('',(0.,0.,1.));
#9448 = ORIENTED_EDGE('',*,*,#9402,.F.);
#9449 = ORIENTED_EDGE('',*,*,#9450,.F.);
#9450 = EDGE_CURVE('',#9363,#9403,#9451,.T.);
#9451 = LINE('',#9452,#9453);
#9452 = CARTESIAN_POINT('',(11.7986,-0.425,0.3));
#9453 = VECTOR('',#9454,1.);
#9454 = DIRECTION('',(0.,0.,1.));
#9455 = PLANE('',#9456);
#9456 = AXIS2_PLACEMENT_3D('',#9457,#9458,#9459);
#9457 = CARTESIAN_POINT('',(11.7986,-0.425,0.3));
#9458 = DIRECTION('',(0.,-1.,0.));
#9459 = DIRECTION('',(1.,0.,0.));
#9460 = ADVANCED_FACE('',(#9461),#9477,.T.);
#9461 = FACE_BOUND('',#9462,.T.);
#9462 = EDGE_LOOP('',(#9463,#9469,#9470,#9476));
#9463 = ORIENTED_EDGE('',*,*,#9464,.T.);
#9464 = EDGE_CURVE('',#9365,#9421,#9465,.T.);
#9465 = LINE('',#9466,#9467);
#9466 = CARTESIAN_POINT('',(11.7986,-0.2833,0.3));
#9467 = VECTOR('',#9468,1.);
#9468 = DIRECTION('',(0.,0.,1.));
#9469 = ORIENTED_EDGE('',*,*,#9420,.T.);
#9470 = ORIENTED_EDGE('',*,*,#9471,.F.);
#9471 = EDGE_CURVE('',#9373,#9413,#9472,.T.);
#9472 = LINE('',#9473,#9474);
#9473 = CARTESIAN_POINT('',(13.4014,-0.2833,0.3));
#9474 = VECTOR('',#9475,1.);
#9475 = DIRECTION('',(0.,0.,1.));
#9476 = ORIENTED_EDGE('',*,*,#9372,.F.);
#9477 = PLANE('',#9478);
#9478 = AXIS2_PLACEMENT_3D('',#9479,#9480,#9481);
#9479 = CARTESIAN_POINT('',(11.7986,-0.2833,0.3));
#9480 = DIRECTION('',(0.,1.,0.));
#9481 = DIRECTION('',(1.,0.,0.));
#9482 = ADVANCED_FACE('',(#9483),#9489,.T.);
#9483 = FACE_BOUND('',#9484,.T.);
#9484 = EDGE_LOOP('',(#9485,#9486,#9487,#9488));
#9485 = ORIENTED_EDGE('',*,*,#9450,.T.);
#9486 = ORIENTED_EDGE('',*,*,#9428,.T.);
#9487 = ORIENTED_EDGE('',*,*,#9464,.F.);
#9488 = ORIENTED_EDGE('',*,*,#9362,.F.);
#9489 = PLANE('',#9490);
#9490 = AXIS2_PLACEMENT_3D('',#9491,#9492,#9493);
#9491 = CARTESIAN_POINT('',(11.7986,-0.425,0.3));
#9492 = DIRECTION('',(-1.,0.,0.));
#9493 = DIRECTION('',(0.,1.,0.));
#9494 = ADVANCED_FACE('',(#9495),#9501,.T.);
#9495 = FACE_BOUND('',#9496,.T.);
#9496 = EDGE_LOOP('',(#9497,#9498,#9499,#9500));
#9497 = ORIENTED_EDGE('',*,*,#9380,.T.);
#9498 = ORIENTED_EDGE('',*,*,#9471,.T.);
#9499 = ORIENTED_EDGE('',*,*,#9412,.F.);
#9500 = ORIENTED_EDGE('',*,*,#9443,.F.);
#9501 = PLANE('',#9502);
#9502 = AXIS2_PLACEMENT_3D('',#9503,#9504,#9505);
#9503 = CARTESIAN_POINT('',(13.4014,-0.425,0.3));
#9504 = DIRECTION('',(1.,0.,0.));
#9505 = DIRECTION('',(-0.,1.,0.));
#9506 = MANIFOLD_SOLID_BREP('',#9507);
#9507 = CLOSED_SHELL('',(#9508,#9548,#9588,#9610,#9632,#9644));
#9508 = ADVANCED_FACE('',(#9509),#9543,.T.);
#9509 = FACE_BOUND('',#9510,.T.);
#9510 = EDGE_LOOP('',(#9511,#9521,#9529,#9537));
#9511 = ORIENTED_EDGE('',*,*,#9512,.T.);
#9512 = EDGE_CURVE('',#9513,#9515,#9517,.T.);
#9513 = VERTEX_POINT('',#9514);
#9514 = CARTESIAN_POINT('',(11.8639,-0.5667,0.3));
#9515 = VERTEX_POINT('',#9516);
#9516 = CARTESIAN_POINT('',(11.8639,-0.425,0.3));
#9517 = LINE('',#9518,#9519);
#9518 = CARTESIAN_POINT('',(11.8639,-0.5667,0.3));
#9519 = VECTOR('',#9520,1.);
#9520 = DIRECTION('',(0.,1.,0.));
#9521 = ORIENTED_EDGE('',*,*,#9522,.T.);
#9522 = EDGE_CURVE('',#9515,#9523,#9525,.T.);
#9523 = VERTEX_POINT('',#9524);
#9524 = CARTESIAN_POINT('',(13.3361,-0.425,0.3));
#9525 = LINE('',#9526,#9527);
#9526 = CARTESIAN_POINT('',(11.8639,-0.425,0.3));
#9527 = VECTOR('',#9528,1.);
#9528 = DIRECTION('',(1.,0.,0.));
#9529 = ORIENTED_EDGE('',*,*,#9530,.F.);
#9530 = EDGE_CURVE('',#9531,#9523,#9533,.T.);
#9531 = VERTEX_POINT('',#9532);
#9532 = CARTESIAN_POINT('',(13.3361,-0.5667,0.3));
#9533 = LINE('',#9534,#9535);
#9534 = CARTESIAN_POINT('',(13.3361,-0.5667,0.3));
#9535 = VECTOR('',#9536,1.);
#9536 = DIRECTION('',(0.,1.,0.));
#9537 = ORIENTED_EDGE('',*,*,#9538,.F.);
#9538 = EDGE_CURVE('',#9513,#9531,#9539,.T.);
#9539 = LINE('',#9540,#9541);
#9540 = CARTESIAN_POINT('',(11.8639,-0.5667,0.3));
#9541 = VECTOR('',#9542,1.);
#9542 = DIRECTION('',(1.,0.,0.));
#9543 = PLANE('',#9544);
#9544 = AXIS2_PLACEMENT_3D('',#9545,#9546,#9547);
#9545 = CARTESIAN_POINT('',(11.8639,-0.5667,0.3));
#9546 = DIRECTION('',(0.,0.,-1.));
#9547 = DIRECTION('',(1.,0.,0.));
#9548 = ADVANCED_FACE('',(#9549),#9583,.T.);
#9549 = FACE_BOUND('',#9550,.T.);
#9550 = EDGE_LOOP('',(#9551,#9561,#9569,#9577));
#9551 = ORIENTED_EDGE('',*,*,#9552,.T.);
#9552 = EDGE_CURVE('',#9553,#9555,#9557,.T.);
#9553 = VERTEX_POINT('',#9554);
#9554 = CARTESIAN_POINT('',(11.8639,-0.5667,10.));
#9555 = VERTEX_POINT('',#9556);
#9556 = CARTESIAN_POINT('',(13.3361,-0.5667,10.));
#9557 = LINE('',#9558,#9559);
#9558 = CARTESIAN_POINT('',(11.8639,-0.5667,10.));
#9559 = VECTOR('',#9560,1.);
#9560 = DIRECTION('',(1.,0.,0.));
#9561 = ORIENTED_EDGE('',*,*,#9562,.T.);
#9562 = EDGE_CURVE('',#9555,#9563,#9565,.T.);
#9563 = VERTEX_POINT('',#9564);
#9564 = CARTESIAN_POINT('',(13.3361,-0.425,10.));
#9565 = LINE('',#9566,#9567);
#9566 = CARTESIAN_POINT('',(13.3361,-0.5667,10.));
#9567 = VECTOR('',#9568,1.);
#9568 = DIRECTION('',(0.,1.,0.));
#9569 = ORIENTED_EDGE('',*,*,#9570,.F.);
#9570 = EDGE_CURVE('',#9571,#9563,#9573,.T.);
#9571 = VERTEX_POINT('',#9572);
#9572 = CARTESIAN_POINT('',(11.8639,-0.425,10.));
#9573 = LINE('',#9574,#9575);
#9574 = CARTESIAN_POINT('',(11.8639,-0.425,10.));
#9575 = VECTOR('',#9576,1.);
#9576 = DIRECTION('',(1.,0.,0.));
#9577 = ORIENTED_EDGE('',*,*,#9578,.F.);
#9578 = EDGE_CURVE('',#9553,#9571,#9579,.T.);
#9579 = LINE('',#9580,#9581);
#9580 = CARTESIAN_POINT('',(11.8639,-0.5667,10.));
#9581 = VECTOR('',#9582,1.);
#9582 = DIRECTION('',(0.,1.,0.));
#9583 = PLANE('',#9584);
#9584 = AXIS2_PLACEMENT_3D('',#9585,#9586,#9587);
#9585 = CARTESIAN_POINT('',(11.8639,-0.5667,10.));
#9586 = DIRECTION('',(0.,0.,1.));
#9587 = DIRECTION('',(1.,0.,-0.));
#9588 = ADVANCED_FACE('',(#9589),#9605,.T.);
#9589 = FACE_BOUND('',#9590,.T.);
#9590 = EDGE_LOOP('',(#9591,#9592,#9598,#9599));
#9591 = ORIENTED_EDGE('',*,*,#9538,.T.);
#9592 = ORIENTED_EDGE('',*,*,#9593,.T.);
#9593 = EDGE_CURVE('',#9531,#9555,#9594,.T.);
#9594 = LINE('',#9595,#9596);
#9595 = CARTESIAN_POINT('',(13.3361,-0.5667,0.3));
#9596 = VECTOR('',#9597,1.);
#9597 = DIRECTION('',(0.,0.,1.));
#9598 = ORIENTED_EDGE('',*,*,#9552,.F.);
#9599 = ORIENTED_EDGE('',*,*,#9600,.F.);
#9600 = EDGE_CURVE('',#9513,#9553,#9601,.T.);
#9601 = LINE('',#9602,#9603);
#9602 = CARTESIAN_POINT('',(11.8639,-0.5667,0.3));
#9603 = VECTOR('',#9604,1.);
#9604 = DIRECTION('',(0.,0.,1.));
#9605 = PLANE('',#9606);
#9606 = AXIS2_PLACEMENT_3D('',#9607,#9608,#9609);
#9607 = CARTESIAN_POINT('',(11.8639,-0.5667,0.3));
#9608 = DIRECTION('',(0.,-1.,0.));
#9609 = DIRECTION('',(1.,0.,0.));
#9610 = ADVANCED_FACE('',(#9611),#9627,.T.);
#9611 = FACE_BOUND('',#9612,.T.);
#9612 = EDGE_LOOP('',(#9613,#9619,#9620,#9626));
#9613 = ORIENTED_EDGE('',*,*,#9614,.T.);
#9614 = EDGE_CURVE('',#9515,#9571,#9615,.T.);
#9615 = LINE('',#9616,#9617);
#9616 = CARTESIAN_POINT('',(11.8639,-0.425,0.3));
#9617 = VECTOR('',#9618,1.);
#9618 = DIRECTION('',(0.,0.,1.));
#9619 = ORIENTED_EDGE('',*,*,#9570,.T.);
#9620 = ORIENTED_EDGE('',*,*,#9621,.F.);
#9621 = EDGE_CURVE('',#9523,#9563,#9622,.T.);
#9622 = LINE('',#9623,#9624);
#9623 = CARTESIAN_POINT('',(13.3361,-0.425,0.3));
#9624 = VECTOR('',#9625,1.);
#9625 = DIRECTION('',(0.,0.,1.));
#9626 = ORIENTED_EDGE('',*,*,#9522,.F.);
#9627 = PLANE('',#9628);
#9628 = AXIS2_PLACEMENT_3D('',#9629,#9630,#9631);
#9629 = CARTESIAN_POINT('',(11.8639,-0.425,0.3));
#9630 = DIRECTION('',(0.,1.,0.));
#9631 = DIRECTION('',(1.,0.,0.));
#9632 = ADVANCED_FACE('',(#9633),#9639,.T.);
#9633 = FACE_BOUND('',#9634,.T.);
#9634 = EDGE_LOOP('',(#9635,#9636,#9637,#9638));
#9635 = ORIENTED_EDGE('',*,*,#9600,.T.);
#9636 = ORIENTED_EDGE('',*,*,#9578,.T.);
#9637 = ORIENTED_EDGE('',*,*,#9614,.F.);
#9638 = ORIENTED_EDGE('',*,*,#9512,.F.);
#9639 = PLANE('',#9640);
#9640 = AXIS2_PLACEMENT_3D('',#9641,#9642,#9643);
#9641 = CARTESIAN_POINT('',(11.8639,-0.5667,0.3));
#9642 = DIRECTION('',(-1.,0.,0.));
#9643 = DIRECTION('',(0.,1.,0.));
#9644 = ADVANCED_FACE('',(#9645),#9651,.T.);
#9645 = FACE_BOUND('',#9646,.T.);
#9646 = EDGE_LOOP('',(#9647,#9648,#9649,#9650));
#9647 = ORIENTED_EDGE('',*,*,#9530,.T.);
#9648 = ORIENTED_EDGE('',*,*,#9621,.T.);
#9649 = ORIENTED_EDGE('',*,*,#9562,.F.);
#9650 = ORIENTED_EDGE('',*,*,#9593,.F.);
#9651 = PLANE('',#9652);
#9652 = AXIS2_PLACEMENT_3D('',#9653,#9654,#9655);
#9653 = CARTESIAN_POINT('',(13.3361,-0.5667,0.3));
#9654 = DIRECTION('',(1.,0.,0.));
#9655 = DIRECTION('',(-0.,1.,0.));
#9656 = MANIFOLD_SOLID_BREP('',#9657);
#9657 = CLOSED_SHELL('',(#9658,#9698,#9738,#9760,#9782,#9794));
#9658 = ADVANCED_FACE('',(#9659),#9693,.T.);
#9659 = FACE_BOUND('',#9660,.T.);
#9660 = EDGE_LOOP('',(#9661,#9671,#9679,#9687));
#9661 = ORIENTED_EDGE('',*,*,#9662,.T.);
#9662 = EDGE_CURVE('',#9663,#9665,#9667,.T.);
#9663 = VERTEX_POINT('',#9664);
#9664 = CARTESIAN_POINT('',(11.9664,-0.7083,0.3));
#9665 = VERTEX_POINT('',#9666);
#9666 = CARTESIAN_POINT('',(11.9664,-0.5667,0.3));
#9667 = LINE('',#9668,#9669);
#9668 = CARTESIAN_POINT('',(11.9664,-0.7083,0.3));
#9669 = VECTOR('',#9670,1.);
#9670 = DIRECTION('',(0.,1.,0.));
#9671 = ORIENTED_EDGE('',*,*,#9672,.T.);
#9672 = EDGE_CURVE('',#9665,#9673,#9675,.T.);
#9673 = VERTEX_POINT('',#9674);
#9674 = CARTESIAN_POINT('',(13.2336,-0.5667,0.3));
#9675 = LINE('',#9676,#9677);
#9676 = CARTESIAN_POINT('',(11.9664,-0.5667,0.3));
#9677 = VECTOR('',#9678,1.);
#9678 = DIRECTION('',(1.,0.,0.));
#9679 = ORIENTED_EDGE('',*,*,#9680,.F.);
#9680 = EDGE_CURVE('',#9681,#9673,#9683,.T.);
#9681 = VERTEX_POINT('',#9682);
#9682 = CARTESIAN_POINT('',(13.2336,-0.7083,0.3));
#9683 = LINE('',#9684,#9685);
#9684 = CARTESIAN_POINT('',(13.2336,-0.7083,0.3));
#9685 = VECTOR('',#9686,1.);
#9686 = DIRECTION('',(0.,1.,0.));
#9687 = ORIENTED_EDGE('',*,*,#9688,.F.);
#9688 = EDGE_CURVE('',#9663,#9681,#9689,.T.);
#9689 = LINE('',#9690,#9691);
#9690 = CARTESIAN_POINT('',(11.9664,-0.7083,0.3));
#9691 = VECTOR('',#9692,1.);
#9692 = DIRECTION('',(1.,0.,0.));
#9693 = PLANE('',#9694);
#9694 = AXIS2_PLACEMENT_3D('',#9695,#9696,#9697);
#9695 = CARTESIAN_POINT('',(11.9664,-0.7083,0.3));
#9696 = DIRECTION('',(0.,0.,-1.));
#9697 = DIRECTION('',(1.,0.,0.));
#9698 = ADVANCED_FACE('',(#9699),#9733,.T.);
#9699 = FACE_BOUND('',#9700,.T.);
#9700 = EDGE_LOOP('',(#9701,#9711,#9719,#9727));
#9701 = ORIENTED_EDGE('',*,*,#9702,.T.);
#9702 = EDGE_CURVE('',#9703,#9705,#9707,.T.);
#9703 = VERTEX_POINT('',#9704);
#9704 = CARTESIAN_POINT('',(11.9664,-0.7083,10.));
#9705 = VERTEX_POINT('',#9706);
#9706 = CARTESIAN_POINT('',(13.2336,-0.7083,10.));
#9707 = LINE('',#9708,#9709);
#9708 = CARTESIAN_POINT('',(11.9664,-0.7083,10.));
#9709 = VECTOR('',#9710,1.);
#9710 = DIRECTION('',(1.,0.,0.));
#9711 = ORIENTED_EDGE('',*,*,#9712,.T.);
#9712 = EDGE_CURVE('',#9705,#9713,#9715,.T.);
#9713 = VERTEX_POINT('',#9714);
#9714 = CARTESIAN_POINT('',(13.2336,-0.5667,10.));
#9715 = LINE('',#9716,#9717);
#9716 = CARTESIAN_POINT('',(13.2336,-0.7083,10.));
#9717 = VECTOR('',#9718,1.);
#9718 = DIRECTION('',(0.,1.,0.));
#9719 = ORIENTED_EDGE('',*,*,#9720,.F.);
#9720 = EDGE_CURVE('',#9721,#9713,#9723,.T.);
#9721 = VERTEX_POINT('',#9722);
#9722 = CARTESIAN_POINT('',(11.9664,-0.5667,10.));
#9723 = LINE('',#9724,#9725);
#9724 = CARTESIAN_POINT('',(11.9664,-0.5667,10.));
#9725 = VECTOR('',#9726,1.);
#9726 = DIRECTION('',(1.,0.,0.));
#9727 = ORIENTED_EDGE('',*,*,#9728,.F.);
#9728 = EDGE_CURVE('',#9703,#9721,#9729,.T.);
#9729 = LINE('',#9730,#9731);
#9730 = CARTESIAN_POINT('',(11.9664,-0.7083,10.));
#9731 = VECTOR('',#9732,1.);
#9732 = DIRECTION('',(0.,1.,0.));
#9733 = PLANE('',#9734);
#9734 = AXIS2_PLACEMENT_3D('',#9735,#9736,#9737);
#9735 = CARTESIAN_POINT('',(11.9664,-0.7083,10.));
#9736 = DIRECTION('',(0.,0.,1.));
#9737 = DIRECTION('',(1.,0.,-0.));
#9738 = ADVANCED_FACE('',(#9739),#9755,.T.);
#9739 = FACE_BOUND('',#9740,.T.);
#9740 = EDGE_LOOP('',(#9741,#9742,#9748,#9749));
#9741 = ORIENTED_EDGE('',*,*,#9688,.T.);
#9742 = ORIENTED_EDGE('',*,*,#9743,.T.);
#9743 = EDGE_CURVE('',#9681,#9705,#9744,.T.);
#9744 = LINE('',#9745,#9746);
#9745 = CARTESIAN_POINT('',(13.2336,-0.7083,0.3));
#9746 = VECTOR('',#9747,1.);
#9747 = DIRECTION('',(0.,0.,1.));
#9748 = ORIENTED_EDGE('',*,*,#9702,.F.);
#9749 = ORIENTED_EDGE('',*,*,#9750,.F.);
#9750 = EDGE_CURVE('',#9663,#9703,#9751,.T.);
#9751 = LINE('',#9752,#9753);
#9752 = CARTESIAN_POINT('',(11.9664,-0.7083,0.3));
#9753 = VECTOR('',#9754,1.);
#9754 = DIRECTION('',(0.,0.,1.));
#9755 = PLANE('',#9756);
#9756 = AXIS2_PLACEMENT_3D('',#9757,#9758,#9759);
#9757 = CARTESIAN_POINT('',(11.9664,-0.7083,0.3));
#9758 = DIRECTION('',(0.,-1.,0.));
#9759 = DIRECTION('',(1.,0.,0.));
#9760 = ADVANCED_FACE('',(#9761),#9777,.T.);
#9761 = FACE_BOUND('',#9762,.T.);
#9762 = EDGE_LOOP('',(#9763,#9769,#9770,#9776));
#9763 = ORIENTED_EDGE('',*,*,#9764,.T.);
#9764 = EDGE_CURVE('',#9665,#9721,#9765,.T.);
#9765 = LINE('',#9766,#9767);
#9766 = CARTESIAN_POINT('',(11.9664,-0.5667,0.3));
#9767 = VECTOR('',#9768,1.);
#9768 = DIRECTION('',(0.,0.,1.));
#9769 = ORIENTED_EDGE('',*,*,#9720,.T.);
#9770 = ORIENTED_EDGE('',*,*,#9771,.F.);
#9771 = EDGE_CURVE('',#9673,#9713,#9772,.T.);
#9772 = LINE('',#9773,#9774);
#9773 = CARTESIAN_POINT('',(13.2336,-0.5667,0.3));
#9774 = VECTOR('',#9775,1.);
#9775 = DIRECTION('',(0.,0.,1.));
#9776 = ORIENTED_EDGE('',*,*,#9672,.F.);
#9777 = PLANE('',#9778);
#9778 = AXIS2_PLACEMENT_3D('',#9779,#9780,#9781);
#9779 = CARTESIAN_POINT('',(11.9664,-0.5667,0.3));
#9780 = DIRECTION('',(0.,1.,0.));
#9781 = DIRECTION('',(1.,0.,0.));
#9782 = ADVANCED_FACE('',(#9783),#9789,.T.);
#9783 = FACE_BOUND('',#9784,.T.);
#9784 = EDGE_LOOP('',(#9785,#9786,#9787,#9788));
#9785 = ORIENTED_EDGE('',*,*,#9750,.T.);
#9786 = ORIENTED_EDGE('',*,*,#9728,.T.);
#9787 = ORIENTED_EDGE('',*,*,#9764,.F.);
#9788 = ORIENTED_EDGE('',*,*,#9662,.F.);
#9789 = PLANE('',#9790);
#9790 = AXIS2_PLACEMENT_3D('',#9791,#9792,#9793);
#9791 = CARTESIAN_POINT('',(11.9664,-0.7083,0.3));
#9792 = DIRECTION('',(-1.,0.,0.));
#9793 = DIRECTION('',(0.,1.,0.));
#9794 = ADVANCED_FACE('',(#9795),#9801,.T.);
#9795 = FACE_BOUND('',#9796,.T.);
#9796 = EDGE_LOOP('',(#9797,#9798,#9799,#9800));
#9797 = ORIENTED_EDGE('',*,*,#9680,.T.);
#9798 = ORIENTED_EDGE('',*,*,#9771,.T.);
#9799 = ORIENTED_EDGE('',*,*,#9712,.F.);
#9800 = ORIENTED_EDGE('',*,*,#9743,.F.);
#9801 = PLANE('',#9802);
#9802 = AXIS2_PLACEMENT_3D('',#9803,#9804,#9805);
#9803 = CARTESIAN_POINT('',(13.2336,-0.7083,0.3));
#9804 = DIRECTION('',(1.,0.,0.));
#9805 = DIRECTION('',(-0.,1.,0.));
#9806 = MANIFOLD_SOLID_BREP('',#9807);
#9807 = CLOSED_SHELL('',(#9808,#9848,#9888,#9910,#9932,#9944));
#9808 = ADVANCED_FACE('',(#9809),#9843,.T.);
#9809 = FACE_BOUND('',#9810,.T.);
#9810 = EDGE_LOOP('',(#9811,#9821,#9829,#9837));
#9811 = ORIENTED_EDGE('',*,*,#9812,.T.);
#9812 = EDGE_CURVE('',#9813,#9815,#9817,.T.);
#9813 = VERTEX_POINT('',#9814);
#9814 = CARTESIAN_POINT('',(12.1301,-0.85,0.3));
#9815 = VERTEX_POINT('',#9816);
#9816 = CARTESIAN_POINT('',(12.1301,-0.7083,0.3));
#9817 = LINE('',#9818,#9819);
#9818 = CARTESIAN_POINT('',(12.1301,-0.85,0.3));
#9819 = VECTOR('',#9820,1.);
#9820 = DIRECTION('',(0.,1.,0.));
#9821 = ORIENTED_EDGE('',*,*,#9822,.T.);
#9822 = EDGE_CURVE('',#9815,#9823,#9825,.T.);
#9823 = VERTEX_POINT('',#9824);
#9824 = CARTESIAN_POINT('',(13.0699,-0.7083,0.3));
#9825 = LINE('',#9826,#9827);
#9826 = CARTESIAN_POINT('',(12.1301,-0.7083,0.3));
#9827 = VECTOR('',#9828,1.);
#9828 = DIRECTION('',(1.,0.,0.));
#9829 = ORIENTED_EDGE('',*,*,#9830,.F.);
#9830 = EDGE_CURVE('',#9831,#9823,#9833,.T.);
#9831 = VERTEX_POINT('',#9832);
#9832 = CARTESIAN_POINT('',(13.0699,-0.85,0.3));
#9833 = LINE('',#9834,#9835);
#9834 = CARTESIAN_POINT('',(13.0699,-0.85,0.3));
#9835 = VECTOR('',#9836,1.);
#9836 = DIRECTION('',(0.,1.,0.));
#9837 = ORIENTED_EDGE('',*,*,#9838,.F.);
#9838 = EDGE_CURVE('',#9813,#9831,#9839,.T.);
#9839 = LINE('',#9840,#9841);
#9840 = CARTESIAN_POINT('',(12.1301,-0.85,0.3));
#9841 = VECTOR('',#9842,1.);
#9842 = DIRECTION('',(1.,0.,0.));
#9843 = PLANE('',#9844);
#9844 = AXIS2_PLACEMENT_3D('',#9845,#9846,#9847);
#9845 = CARTESIAN_POINT('',(12.1301,-0.85,0.3));
#9846 = DIRECTION('',(0.,0.,-1.));
#9847 = DIRECTION('',(1.,0.,0.));
#9848 = ADVANCED_FACE('',(#9849),#9883,.T.);
#9849 = FACE_BOUND('',#9850,.T.);
#9850 = EDGE_LOOP('',(#9851,#9861,#9869,#9877));
#9851 = ORIENTED_EDGE('',*,*,#9852,.T.);
#9852 = EDGE_CURVE('',#9853,#9855,#9857,.T.);
#9853 = VERTEX_POINT('',#9854);
#9854 = CARTESIAN_POINT('',(12.1301,-0.85,10.));
#9855 = VERTEX_POINT('',#9856);
#9856 = CARTESIAN_POINT('',(13.0699,-0.85,10.));
#9857 = LINE('',#9858,#9859);
#9858 = CARTESIAN_POINT('',(12.1301,-0.85,10.));
#9859 = VECTOR('',#9860,1.);
#9860 = DIRECTION('',(1.,0.,0.));
#9861 = ORIENTED_EDGE('',*,*,#9862,.T.);
#9862 = EDGE_CURVE('',#9855,#9863,#9865,.T.);
#9863 = VERTEX_POINT('',#9864);
#9864 = CARTESIAN_POINT('',(13.0699,-0.7083,10.));
#9865 = LINE('',#9866,#9867);
#9866 = CARTESIAN_POINT('',(13.0699,-0.85,10.));
#9867 = VECTOR('',#9868,1.);
#9868 = DIRECTION('',(0.,1.,0.));
#9869 = ORIENTED_EDGE('',*,*,#9870,.F.);
#9870 = EDGE_CURVE('',#9871,#9863,#9873,.T.);
#9871 = VERTEX_POINT('',#9872);
#9872 = CARTESIAN_POINT('',(12.1301,-0.7083,10.));
#9873 = LINE('',#9874,#9875);
#9874 = CARTESIAN_POINT('',(12.1301,-0.7083,10.));
#9875 = VECTOR('',#9876,1.);
#9876 = DIRECTION('',(1.,0.,0.));
#9877 = ORIENTED_EDGE('',*,*,#9878,.F.);
#9878 = EDGE_CURVE('',#9853,#9871,#9879,.T.);
#9879 = LINE('',#9880,#9881);
#9880 = CARTESIAN_POINT('',(12.1301,-0.85,10.));
#9881 = VECTOR('',#9882,1.);
#9882 = DIRECTION('',(0.,1.,0.));
#9883 = PLANE('',#9884);
#9884 = AXIS2_PLACEMENT_3D('',#9885,#9886,#9887);
#9885 = CARTESIAN_POINT('',(12.1301,-0.85,10.));
#9886 = DIRECTION('',(0.,0.,1.));
#9887 = DIRECTION('',(1.,0.,-0.));
#9888 = ADVANCED_FACE('',(#9889),#9905,.T.);
#9889 = FACE_BOUND('',#9890,.T.);
#9890 = EDGE_LOOP('',(#9891,#9892,#9898,#9899));
#9891 = ORIENTED_EDGE('',*,*,#9838,.T.);
#9892 = ORIENTED_EDGE('',*,*,#9893,.T.);
#9893 = EDGE_CURVE('',#9831,#9855,#9894,.T.);
#9894 = LINE('',#9895,#9896);
#9895 = CARTESIAN_POINT('',(13.0699,-0.85,0.3));
#9896 = VECTOR('',#9897,1.);
#9897 = DIRECTION('',(0.,0.,1.));
#9898 = ORIENTED_EDGE('',*,*,#9852,.F.);
#9899 = ORIENTED_EDGE('',*,*,#9900,.F.);
#9900 = EDGE_CURVE('',#9813,#9853,#9901,.T.);
#9901 = LINE('',#9902,#9903);
#9902 = CARTESIAN_POINT('',(12.1301,-0.85,0.3));
#9903 = VECTOR('',#9904,1.);
#9904 = DIRECTION('',(0.,0.,1.));
#9905 = PLANE('',#9906);
#9906 = AXIS2_PLACEMENT_3D('',#9907,#9908,#9909);
#9907 = CARTESIAN_POINT('',(12.1301,-0.85,0.3));
#9908 = DIRECTION('',(0.,-1.,0.));
#9909 = DIRECTION('',(1.,0.,0.));
#9910 = ADVANCED_FACE('',(#9911),#9927,.T.);
#9911 = FACE_BOUND('',#9912,.T.);
#9912 = EDGE_LOOP('',(#9913,#9919,#9920,#9926));
#9913 = ORIENTED_EDGE('',*,*,#9914,.T.);
#9914 = EDGE_CURVE('',#9815,#9871,#9915,.T.);
#9915 = LINE('',#9916,#9917);
#9916 = CARTESIAN_POINT('',(12.1301,-0.7083,0.3));
#9917 = VECTOR('',#9918,1.);
#9918 = DIRECTION('',(0.,0.,1.));
#9919 = ORIENTED_EDGE('',*,*,#9870,.T.);
#9920 = ORIENTED_EDGE('',*,*,#9921,.F.);
#9921 = EDGE_CURVE('',#9823,#9863,#9922,.T.);
#9922 = LINE('',#9923,#9924);
#9923 = CARTESIAN_POINT('',(13.0699,-0.7083,0.3));
#9924 = VECTOR('',#9925,1.);
#9925 = DIRECTION('',(0.,0.,1.));
#9926 = ORIENTED_EDGE('',*,*,#9822,.F.);
#9927 = PLANE('',#9928);
#9928 = AXIS2_PLACEMENT_3D('',#9929,#9930,#9931);
#9929 = CARTESIAN_POINT('',(12.1301,-0.7083,0.3));
#9930 = DIRECTION('',(0.,1.,0.));
#9931 = DIRECTION('',(1.,0.,0.));
#9932 = ADVANCED_FACE('',(#9933),#9939,.T.);
#9933 = FACE_BOUND('',#9934,.T.);
#9934 = EDGE_LOOP('',(#9935,#9936,#9937,#9938));
#9935 = ORIENTED_EDGE('',*,*,#9900,.T.);
#9936 = ORIENTED_EDGE('',*,*,#9878,.T.);
#9937 = ORIENTED_EDGE('',*,*,#9914,.F.);
#9938 = ORIENTED_EDGE('',*,*,#9812,.F.);
#9939 = PLANE('',#9940);
#9940 = AXIS2_PLACEMENT_3D('',#9941,#9942,#9943);
#9941 = CARTESIAN_POINT('',(12.1301,-0.85,0.3));
#9942 = DIRECTION('',(-1.,0.,0.));
#9943 = DIRECTION('',(0.,1.,0.));
#9944 = ADVANCED_FACE('',(#9945),#9951,.T.);
#9945 = FACE_BOUND('',#9946,.T.);
#9946 = EDGE_LOOP('',(#9947,#9948,#9949,#9950));
#9947 = ORIENTED_EDGE('',*,*,#9830,.T.);
#9948 = ORIENTED_EDGE('',*,*,#9921,.T.);
#9949 = ORIENTED_EDGE('',*,*,#9862,.F.);
#9950 = ORIENTED_EDGE('',*,*,#9893,.F.);
#9951 = PLANE('',#9952);
#9952 = AXIS2_PLACEMENT_3D('',#9953,#9954,#9955);
#9953 = CARTESIAN_POINT('',(13.0699,-0.85,0.3));
#9954 = DIRECTION('',(1.,0.,0.));
#9955 = DIRECTION('',(-0.,1.,0.));
#9956 = MANIFOLD_SOLID_BREP('',#9957);
#9957 = CLOSED_SHELL('',(#9958,#9998,#10038,#10060,#10082,#10094));
#9958 = ADVANCED_FACE('',(#9959),#9993,.T.);
#9959 = FACE_BOUND('',#9960,.T.);
#9960 = EDGE_LOOP('',(#9961,#9971,#9979,#9987));
#9961 = ORIENTED_EDGE('',*,*,#9962,.T.);
#9962 = EDGE_CURVE('',#9963,#9965,#9967,.T.);
#9963 = VERTEX_POINT('',#9964);
#9964 = CARTESIAN_POINT('',(12.4137,0.1667,-1.8));
#9965 = VERTEX_POINT('',#9966);
#9966 = CARTESIAN_POINT('',(12.4137,0.25,-1.8));
#9967 = LINE('',#9968,#9969);
#9968 = CARTESIAN_POINT('',(12.4137,0.1667,-1.8));
#9969 = VECTOR('',#9970,1.);
#9970 = DIRECTION('',(0.,1.,0.));
#9971 = ORIENTED_EDGE('',*,*,#9972,.T.);
#9972 = EDGE_CURVE('',#9965,#9973,#9975,.T.);
#9973 = VERTEX_POINT('',#9974);
#9974 = CARTESIAN_POINT('',(12.7863,0.25,-1.8));
#9975 = LINE('',#9976,#9977);
#9976 = CARTESIAN_POINT('',(12.4137,0.25,-1.8));
#9977 = VECTOR('',#9978,1.);
#9978 = DIRECTION('',(1.,0.,0.));
#9979 = ORIENTED_EDGE('',*,*,#9980,.F.);
#9980 = EDGE_CURVE('',#9981,#9973,#9983,.T.);
#9981 = VERTEX_POINT('',#9982);
#9982 = CARTESIAN_POINT('',(12.7863,0.1667,-1.8));
#9983 = LINE('',#9984,#9985);
#9984 = CARTESIAN_POINT('',(12.7863,0.1667,-1.8));
#9985 = VECTOR('',#9986,1.);
#9986 = DIRECTION('',(0.,1.,0.));
#9987 = ORIENTED_EDGE('',*,*,#9988,.F.);
#9988 = EDGE_CURVE('',#9963,#9981,#9989,.T.);
#9989 = LINE('',#9990,#9991);
#9990 = CARTESIAN_POINT('',(12.4137,0.1667,-1.8));
#9991 = VECTOR('',#9992,1.);
#9992 = DIRECTION('',(1.,0.,0.));
#9993 = PLANE('',#9994);
#9994 = AXIS2_PLACEMENT_3D('',#9995,#9996,#9997);
#9995 = CARTESIAN_POINT('',(12.4137,0.1667,-1.8));
#9996 = DIRECTION('',(0.,0.,-1.));
#9997 = DIRECTION('',(1.,0.,0.));
#9998 = ADVANCED_FACE('',(#9999),#10033,.T.);
#9999 = FACE_BOUND('',#10000,.T.);
#10000 = EDGE_LOOP('',(#10001,#10011,#10019,#10027));
#10001 = ORIENTED_EDGE('',*,*,#10002,.T.);
#10002 = EDGE_CURVE('',#10003,#10005,#10007,.T.);
#10003 = VERTEX_POINT('',#10004);
#10004 = CARTESIAN_POINT('',(12.4137,0.1667,0.3));
#10005 = VERTEX_POINT('',#10006);
#10006 = CARTESIAN_POINT('',(12.7863,0.1667,0.3));
#10007 = LINE('',#10008,#10009);
#10008 = CARTESIAN_POINT('',(12.4137,0.1667,0.3));
#10009 = VECTOR('',#10010,1.);
#10010 = DIRECTION('',(1.,0.,0.));
#10011 = ORIENTED_EDGE('',*,*,#10012,.T.);
#10012 = EDGE_CURVE('',#10005,#10013,#10015,.T.);
#10013 = VERTEX_POINT('',#10014);
#10014 = CARTESIAN_POINT('',(12.7863,0.25,0.3));
#10015 = LINE('',#10016,#10017);
#10016 = CARTESIAN_POINT('',(12.7863,0.1667,0.3));
#10017 = VECTOR('',#10018,1.);
#10018 = DIRECTION('',(0.,1.,0.));
#10019 = ORIENTED_EDGE('',*,*,#10020,.F.);
#10020 = EDGE_CURVE('',#10021,#10013,#10023,.T.);
#10021 = VERTEX_POINT('',#10022);
#10022 = CARTESIAN_POINT('',(12.4137,0.25,0.3));
#10023 = LINE('',#10024,#10025);
#10024 = CARTESIAN_POINT('',(12.4137,0.25,0.3));
#10025 = VECTOR('',#10026,1.);
#10026 = DIRECTION('',(1.,0.,0.));
#10027 = ORIENTED_EDGE('',*,*,#10028,.F.);
#10028 = EDGE_CURVE('',#10003,#10021,#10029,.T.);
#10029 = LINE('',#10030,#10031);
#10030 = CARTESIAN_POINT('',(12.4137,0.1667,0.3));
#10031 = VECTOR('',#10032,1.);
#10032 = DIRECTION('',(0.,1.,0.));
#10033 = PLANE('',#10034);
#10034 = AXIS2_PLACEMENT_3D('',#10035,#10036,#10037);
#10035 = CARTESIAN_POINT('',(12.4137,0.1667,0.3));
#10036 = DIRECTION('',(0.,0.,1.));
#10037 = DIRECTION('',(1.,0.,-0.));
#10038 = ADVANCED_FACE('',(#10039),#10055,.T.);
#10039 = FACE_BOUND('',#10040,.T.);
#10040 = EDGE_LOOP('',(#10041,#10042,#10048,#10049));
#10041 = ORIENTED_EDGE('',*,*,#9988,.T.);
#10042 = ORIENTED_EDGE('',*,*,#10043,.T.);
#10043 = EDGE_CURVE('',#9981,#10005,#10044,.T.);
#10044 = LINE('',#10045,#10046);
#10045 = CARTESIAN_POINT('',(12.7863,0.1667,-1.8));
#10046 = VECTOR('',#10047,1.);
#10047 = DIRECTION('',(0.,0.,1.));
#10048 = ORIENTED_EDGE('',*,*,#10002,.F.);
#10049 = ORIENTED_EDGE('',*,*,#10050,.F.);
#10050 = EDGE_CURVE('',#9963,#10003,#10051,.T.);
#10051 = LINE('',#10052,#10053);
#10052 = CARTESIAN_POINT('',(12.4137,0.1667,-1.8));
#10053 = VECTOR('',#10054,1.);
#10054 = DIRECTION('',(0.,0.,1.));
#10055 = PLANE('',#10056);
#10056 = AXIS2_PLACEMENT_3D('',#10057,#10058,#10059);
#10057 = CARTESIAN_POINT('',(12.4137,0.1667,-1.8));
#10058 = DIRECTION('',(0.,-1.,0.));
#10059 = DIRECTION('',(1.,0.,0.));
#10060 = ADVANCED_FACE('',(#10061),#10077,.T.);
#10061 = FACE_BOUND('',#10062,.T.);
#10062 = EDGE_LOOP('',(#10063,#10069,#10070,#10076));
#10063 = ORIENTED_EDGE('',*,*,#10064,.T.);
#10064 = EDGE_CURVE('',#9965,#10021,#10065,.T.);
#10065 = LINE('',#10066,#10067);
#10066 = CARTESIAN_POINT('',(12.4137,0.25,-1.8));
#10067 = VECTOR('',#10068,1.);
#10068 = DIRECTION('',(0.,0.,1.));
#10069 = ORIENTED_EDGE('',*,*,#10020,.T.);
#10070 = ORIENTED_EDGE('',*,*,#10071,.F.);
#10071 = EDGE_CURVE('',#9973,#10013,#10072,.T.);
#10072 = LINE('',#10073,#10074);
#10073 = CARTESIAN_POINT('',(12.7863,0.25,-1.8));
#10074 = VECTOR('',#10075,1.);
#10075 = DIRECTION('',(0.,0.,1.));
#10076 = ORIENTED_EDGE('',*,*,#9972,.F.);
#10077 = PLANE('',#10078);
#10078 = AXIS2_PLACEMENT_3D('',#10079,#10080,#10081);
#10079 = CARTESIAN_POINT('',(12.4137,0.25,-1.8));
#10080 = DIRECTION('',(0.,1.,0.));
#10081 = DIRECTION('',(1.,0.,0.));
#10082 = ADVANCED_FACE('',(#10083),#10089,.T.);
#10083 = FACE_BOUND('',#10084,.T.);
#10084 = EDGE_LOOP('',(#10085,#10086,#10087,#10088));
#10085 = ORIENTED_EDGE('',*,*,#10050,.T.);
#10086 = ORIENTED_EDGE('',*,*,#10028,.T.);
#10087 = ORIENTED_EDGE('',*,*,#10064,.F.);
#10088 = ORIENTED_EDGE('',*,*,#9962,.F.);
#10089 = PLANE('',#10090);
#10090 = AXIS2_PLACEMENT_3D('',#10091,#10092,#10093);
#10091 = CARTESIAN_POINT('',(12.4137,0.1667,-1.8));
#10092 = DIRECTION('',(-1.,0.,0.));
#10093 = DIRECTION('',(0.,1.,0.));
#10094 = ADVANCED_FACE('',(#10095),#10101,.T.);
#10095 = FACE_BOUND('',#10096,.T.);
#10096 = EDGE_LOOP('',(#10097,#10098,#10099,#10100));
#10097 = ORIENTED_EDGE('',*,*,#9980,.T.);
#10098 = ORIENTED_EDGE('',*,*,#10071,.T.);
#10099 = ORIENTED_EDGE('',*,*,#10012,.F.);
#10100 = ORIENTED_EDGE('',*,*,#10043,.F.);
#10101 = PLANE('',#10102);
#10102 = AXIS2_PLACEMENT_3D('',#10103,#10104,#10105);
#10103 = CARTESIAN_POINT('',(12.7863,0.1667,-1.8));
#10104 = DIRECTION('',(1.,0.,0.));
#10105 = DIRECTION('',(-0.,1.,0.));
#10106 = MANIFOLD_SOLID_BREP('',#10107);
#10107 = CLOSED_SHELL('',(#10108,#10148,#10188,#10210,#10232,#10244));
#10108 = ADVANCED_FACE('',(#10109),#10143,.T.);
#10109 = FACE_BOUND('',#10110,.T.);
#10110 = EDGE_LOOP('',(#10111,#10121,#10129,#10137));
#10111 = ORIENTED_EDGE('',*,*,#10112,.T.);
#10112 = EDGE_CURVE('',#10113,#10115,#10117,.T.);
#10113 = VERTEX_POINT('',#10114);
#10114 = CARTESIAN_POINT('',(12.3643,8.33E-02,-1.8));
#10115 = VERTEX_POINT('',#10116);
#10116 = CARTESIAN_POINT('',(12.3643,0.1667,-1.8));
#10117 = LINE('',#10118,#10119);
#10118 = CARTESIAN_POINT('',(12.3643,8.33E-02,-1.8));
#10119 = VECTOR('',#10120,1.);
#10120 = DIRECTION('',(0.,1.,0.));
#10121 = ORIENTED_EDGE('',*,*,#10122,.T.);
#10122 = EDGE_CURVE('',#10115,#10123,#10125,.T.);
#10123 = VERTEX_POINT('',#10124);
#10124 = CARTESIAN_POINT('',(12.8357,0.1667,-1.8));
#10125 = LINE('',#10126,#10127);
#10126 = CARTESIAN_POINT('',(12.3643,0.1667,-1.8));
#10127 = VECTOR('',#10128,1.);
#10128 = DIRECTION('',(1.,0.,0.));
#10129 = ORIENTED_EDGE('',*,*,#10130,.F.);
#10130 = EDGE_CURVE('',#10131,#10123,#10133,.T.);
#10131 = VERTEX_POINT('',#10132);
#10132 = CARTESIAN_POINT('',(12.8357,8.33E-02,-1.8));
#10133 = LINE('',#10134,#10135);
#10134 = CARTESIAN_POINT('',(12.8357,8.33E-02,-1.8));
#10135 = VECTOR('',#10136,1.);
#10136 = DIRECTION('',(0.,1.,0.));
#10137 = ORIENTED_EDGE('',*,*,#10138,.F.);
#10138 = EDGE_CURVE('',#10113,#10131,#10139,.T.);
#10139 = LINE('',#10140,#10141);
#10140 = CARTESIAN_POINT('',(12.3643,8.33E-02,-1.8));
#10141 = VECTOR('',#10142,1.);
#10142 = DIRECTION('',(1.,0.,0.));
#10143 = PLANE('',#10144);
#10144 = AXIS2_PLACEMENT_3D('',#10145,#10146,#10147);
#10145 = CARTESIAN_POINT('',(12.3643,8.33E-02,-1.8));
#10146 = DIRECTION('',(0.,0.,-1.));
#10147 = DIRECTION('',(1.,0.,0.));
#10148 = ADVANCED_FACE('',(#10149),#10183,.T.);
#10149 = FACE_BOUND('',#10150,.T.);
#10150 = EDGE_LOOP('',(#10151,#10161,#10169,#10177));
#10151 = ORIENTED_EDGE('',*,*,#10152,.T.);
#10152 = EDGE_CURVE('',#10153,#10155,#10157,.T.);
#10153 = VERTEX_POINT('',#10154);
#10154 = CARTESIAN_POINT('',(12.3643,8.33E-02,0.3));
#10155 = VERTEX_POINT('',#10156);
#10156 = CARTESIAN_POINT('',(12.8357,8.33E-02,0.3));
#10157 = LINE('',#10158,#10159);
#10158 = CARTESIAN_POINT('',(12.3643,8.33E-02,0.3));
#10159 = VECTOR('',#10160,1.);
#10160 = DIRECTION('',(1.,0.,0.));
#10161 = ORIENTED_EDGE('',*,*,#10162,.T.);
#10162 = EDGE_CURVE('',#10155,#10163,#10165,.T.);
#10163 = VERTEX_POINT('',#10164);
#10164 = CARTESIAN_POINT('',(12.8357,0.1667,0.3));
#10165 = LINE('',#10166,#10167);
#10166 = CARTESIAN_POINT('',(12.8357,8.33E-02,0.3));
#10167 = VECTOR('',#10168,1.);
#10168 = DIRECTION('',(0.,1.,0.));
#10169 = ORIENTED_EDGE('',*,*,#10170,.F.);
#10170 = EDGE_CURVE('',#10171,#10163,#10173,.T.);
#10171 = VERTEX_POINT('',#10172);
#10172 = CARTESIAN_POINT('',(12.3643,0.1667,0.3));
#10173 = LINE('',#10174,#10175);
#10174 = CARTESIAN_POINT('',(12.3643,0.1667,0.3));
#10175 = VECTOR('',#10176,1.);
#10176 = DIRECTION('',(1.,0.,0.));
#10177 = ORIENTED_EDGE('',*,*,#10178,.F.);
#10178 = EDGE_CURVE('',#10153,#10171,#10179,.T.);
#10179 = LINE('',#10180,#10181);
#10180 = CARTESIAN_POINT('',(12.3643,8.33E-02,0.3));
#10181 = VECTOR('',#10182,1.);
#10182 = DIRECTION('',(0.,1.,0.));
#10183 = PLANE('',#10184);
#10184 = AXIS2_PLACEMENT_3D('',#10185,#10186,#10187);
#10185 = CARTESIAN_POINT('',(12.3643,8.33E-02,0.3));
#10186 = DIRECTION('',(0.,0.,1.));
#10187 = DIRECTION('',(1.,0.,-0.));
#10188 = ADVANCED_FACE('',(#10189),#10205,.T.);
#10189 = FACE_BOUND('',#10190,.T.);
#10190 = EDGE_LOOP('',(#10191,#10192,#10198,#10199));
#10191 = ORIENTED_EDGE('',*,*,#10138,.T.);
#10192 = ORIENTED_EDGE('',*,*,#10193,.T.);
#10193 = EDGE_CURVE('',#10131,#10155,#10194,.T.);
#10194 = LINE('',#10195,#10196);
#10195 = CARTESIAN_POINT('',(12.8357,8.33E-02,-1.8));
#10196 = VECTOR('',#10197,1.);
#10197 = DIRECTION('',(0.,0.,1.));
#10198 = ORIENTED_EDGE('',*,*,#10152,.F.);
#10199 = ORIENTED_EDGE('',*,*,#10200,.F.);
#10200 = EDGE_CURVE('',#10113,#10153,#10201,.T.);
#10201 = LINE('',#10202,#10203);
#10202 = CARTESIAN_POINT('',(12.3643,8.33E-02,-1.8));
#10203 = VECTOR('',#10204,1.);
#10204 = DIRECTION('',(0.,0.,1.));
#10205 = PLANE('',#10206);
#10206 = AXIS2_PLACEMENT_3D('',#10207,#10208,#10209);
#10207 = CARTESIAN_POINT('',(12.3643,8.33E-02,-1.8));
#10208 = DIRECTION('',(0.,-1.,0.));
#10209 = DIRECTION('',(1.,0.,0.));
#10210 = ADVANCED_FACE('',(#10211),#10227,.T.);
#10211 = FACE_BOUND('',#10212,.T.);
#10212 = EDGE_LOOP('',(#10213,#10219,#10220,#10226));
#10213 = ORIENTED_EDGE('',*,*,#10214,.T.);
#10214 = EDGE_CURVE('',#10115,#10171,#10215,.T.);
#10215 = LINE('',#10216,#10217);
#10216 = CARTESIAN_POINT('',(12.3643,0.1667,-1.8));
#10217 = VECTOR('',#10218,1.);
#10218 = DIRECTION('',(0.,0.,1.));
#10219 = ORIENTED_EDGE('',*,*,#10170,.T.);
#10220 = ORIENTED_EDGE('',*,*,#10221,.F.);
#10221 = EDGE_CURVE('',#10123,#10163,#10222,.T.);
#10222 = LINE('',#10223,#10224);
#10223 = CARTESIAN_POINT('',(12.8357,0.1667,-1.8));
#10224 = VECTOR('',#10225,1.);
#10225 = DIRECTION('',(0.,0.,1.));
#10226 = ORIENTED_EDGE('',*,*,#10122,.F.);
#10227 = PLANE('',#10228);
#10228 = AXIS2_PLACEMENT_3D('',#10229,#10230,#10231);
#10229 = CARTESIAN_POINT('',(12.3643,0.1667,-1.8));
#10230 = DIRECTION('',(0.,1.,0.));
#10231 = DIRECTION('',(1.,0.,0.));
#10232 = ADVANCED_FACE('',(#10233),#10239,.T.);
#10233 = FACE_BOUND('',#10234,.T.);
#10234 = EDGE_LOOP('',(#10235,#10236,#10237,#10238));
#10235 = ORIENTED_EDGE('',*,*,#10200,.T.);
#10236 = ORIENTED_EDGE('',*,*,#10178,.T.);
#10237 = ORIENTED_EDGE('',*,*,#10214,.F.);
#10238 = ORIENTED_EDGE('',*,*,#10112,.F.);
#10239 = PLANE('',#10240);
#10240 = AXIS2_PLACEMENT_3D('',#10241,#10242,#10243);
#10241 = CARTESIAN_POINT('',(12.3643,8.33E-02,-1.8));
#10242 = DIRECTION('',(-1.,0.,0.));
#10243 = DIRECTION('',(0.,1.,0.));
#10244 = ADVANCED_FACE('',(#10245),#10251,.T.);
#10245 = FACE_BOUND('',#10246,.T.);
#10246 = EDGE_LOOP('',(#10247,#10248,#10249,#10250));
#10247 = ORIENTED_EDGE('',*,*,#10130,.T.);
#10248 = ORIENTED_EDGE('',*,*,#10221,.T.);
#10249 = ORIENTED_EDGE('',*,*,#10162,.F.);
#10250 = ORIENTED_EDGE('',*,*,#10193,.F.);
#10251 = PLANE('',#10252);
#10252 = AXIS2_PLACEMENT_3D('',#10253,#10254,#10255);
#10253 = CARTESIAN_POINT('',(12.8357,8.33E-02,-1.8));
#10254 = DIRECTION('',(1.,0.,0.));
#10255 = DIRECTION('',(-0.,1.,0.));
#10256 = MANIFOLD_SOLID_BREP('',#10257);
#10257 = CLOSED_SHELL('',(#10258,#10298,#10338,#10360,#10382,#10394));
#10258 = ADVANCED_FACE('',(#10259),#10293,.T.);
#10259 = FACE_BOUND('',#10260,.T.);
#10260 = EDGE_LOOP('',(#10261,#10271,#10279,#10287));
#10261 = ORIENTED_EDGE('',*,*,#10262,.T.);
#10262 = EDGE_CURVE('',#10263,#10265,#10267,.T.);
#10263 = VERTEX_POINT('',#10264);
#10264 = CARTESIAN_POINT('',(12.35,-0.,-1.8));
#10265 = VERTEX_POINT('',#10266);
#10266 = CARTESIAN_POINT('',(12.35,8.33E-02,-1.8));
#10267 = LINE('',#10268,#10269);
#10268 = CARTESIAN_POINT('',(12.35,-0.,-1.8));
#10269 = VECTOR('',#10270,1.);
#10270 = DIRECTION('',(0.,1.,0.));
#10271 = ORIENTED_EDGE('',*,*,#10272,.T.);
#10272 = EDGE_CURVE('',#10265,#10273,#10275,.T.);
#10273 = VERTEX_POINT('',#10274);
#10274 = CARTESIAN_POINT('',(12.85,8.33E-02,-1.8));
#10275 = LINE('',#10276,#10277);
#10276 = CARTESIAN_POINT('',(12.35,8.33E-02,-1.8));
#10277 = VECTOR('',#10278,1.);
#10278 = DIRECTION('',(1.,0.,0.));
#10279 = ORIENTED_EDGE('',*,*,#10280,.F.);
#10280 = EDGE_CURVE('',#10281,#10273,#10283,.T.);
#10281 = VERTEX_POINT('',#10282);
#10282 = CARTESIAN_POINT('',(12.85,-0.,-1.8));
#10283 = LINE('',#10284,#10285);
#10284 = CARTESIAN_POINT('',(12.85,-0.,-1.8));
#10285 = VECTOR('',#10286,1.);
#10286 = DIRECTION('',(0.,1.,0.));
#10287 = ORIENTED_EDGE('',*,*,#10288,.F.);
#10288 = EDGE_CURVE('',#10263,#10281,#10289,.T.);
#10289 = LINE('',#10290,#10291);
#10290 = CARTESIAN_POINT('',(12.35,-0.,-1.8));
#10291 = VECTOR('',#10292,1.);
#10292 = DIRECTION('',(1.,0.,0.));
#10293 = PLANE('',#10294);
#10294 = AXIS2_PLACEMENT_3D('',#10295,#10296,#10297);
#10295 = CARTESIAN_POINT('',(12.35,-0.,-1.8));
#10296 = DIRECTION('',(0.,0.,-1.));
#10297 = DIRECTION('',(1.,0.,0.));
#10298 = ADVANCED_FACE('',(#10299),#10333,.T.);
#10299 = FACE_BOUND('',#10300,.T.);
#10300 = EDGE_LOOP('',(#10301,#10311,#10319,#10327));
#10301 = ORIENTED_EDGE('',*,*,#10302,.T.);
#10302 = EDGE_CURVE('',#10303,#10305,#10307,.T.);
#10303 = VERTEX_POINT('',#10304);
#10304 = CARTESIAN_POINT('',(12.35,-0.,0.3));
#10305 = VERTEX_POINT('',#10306);
#10306 = CARTESIAN_POINT('',(12.85,-0.,0.3));
#10307 = LINE('',#10308,#10309);
#10308 = CARTESIAN_POINT('',(12.35,-0.,0.3));
#10309 = VECTOR('',#10310,1.);
#10310 = DIRECTION('',(1.,0.,0.));
#10311 = ORIENTED_EDGE('',*,*,#10312,.T.);
#10312 = EDGE_CURVE('',#10305,#10313,#10315,.T.);
#10313 = VERTEX_POINT('',#10314);
#10314 = CARTESIAN_POINT('',(12.85,8.33E-02,0.3));
#10315 = LINE('',#10316,#10317);
#10316 = CARTESIAN_POINT('',(12.85,-0.,0.3));
#10317 = VECTOR('',#10318,1.);
#10318 = DIRECTION('',(0.,1.,0.));
#10319 = ORIENTED_EDGE('',*,*,#10320,.F.);
#10320 = EDGE_CURVE('',#10321,#10313,#10323,.T.);
#10321 = VERTEX_POINT('',#10322);
#10322 = CARTESIAN_POINT('',(12.35,8.33E-02,0.3));
#10323 = LINE('',#10324,#10325);
#10324 = CARTESIAN_POINT('',(12.35,8.33E-02,0.3));
#10325 = VECTOR('',#10326,1.);
#10326 = DIRECTION('',(1.,0.,0.));
#10327 = ORIENTED_EDGE('',*,*,#10328,.F.);
#10328 = EDGE_CURVE('',#10303,#10321,#10329,.T.);
#10329 = LINE('',#10330,#10331);
#10330 = CARTESIAN_POINT('',(12.35,-0.,0.3));
#10331 = VECTOR('',#10332,1.);
#10332 = DIRECTION('',(0.,1.,0.));
#10333 = PLANE('',#10334);
#10334 = AXIS2_PLACEMENT_3D('',#10335,#10336,#10337);
#10335 = CARTESIAN_POINT('',(12.35,-0.,0.3));
#10336 = DIRECTION('',(0.,0.,1.));
#10337 = DIRECTION('',(1.,0.,-0.));
#10338 = ADVANCED_FACE('',(#10339),#10355,.T.);
#10339 = FACE_BOUND('',#10340,.T.);
#10340 = EDGE_LOOP('',(#10341,#10342,#10348,#10349));
#10341 = ORIENTED_EDGE('',*,*,#10288,.T.);
#10342 = ORIENTED_EDGE('',*,*,#10343,.T.);
#10343 = EDGE_CURVE('',#10281,#10305,#10344,.T.);
#10344 = LINE('',#10345,#10346);
#10345 = CARTESIAN_POINT('',(12.85,-0.,-1.8));
#10346 = VECTOR('',#10347,1.);
#10347 = DIRECTION('',(0.,0.,1.));
#10348 = ORIENTED_EDGE('',*,*,#10302,.F.);
#10349 = ORIENTED_EDGE('',*,*,#10350,.F.);
#10350 = EDGE_CURVE('',#10263,#10303,#10351,.T.);
#10351 = LINE('',#10352,#10353);
#10352 = CARTESIAN_POINT('',(12.35,-0.,-1.8));
#10353 = VECTOR('',#10354,1.);
#10354 = DIRECTION('',(0.,0.,1.));
#10355 = PLANE('',#10356);
#10356 = AXIS2_PLACEMENT_3D('',#10357,#10358,#10359);
#10357 = CARTESIAN_POINT('',(12.35,-0.,-1.8));
#10358 = DIRECTION('',(0.,-1.,0.));
#10359 = DIRECTION('',(1.,0.,0.));
#10360 = ADVANCED_FACE('',(#10361),#10377,.T.);
#10361 = FACE_BOUND('',#10362,.T.);
#10362 = EDGE_LOOP('',(#10363,#10369,#10370,#10376));
#10363 = ORIENTED_EDGE('',*,*,#10364,.T.);
#10364 = EDGE_CURVE('',#10265,#10321,#10365,.T.);
#10365 = LINE('',#10366,#10367);
#10366 = CARTESIAN_POINT('',(12.35,8.33E-02,-1.8));
#10367 = VECTOR('',#10368,1.);
#10368 = DIRECTION('',(0.,0.,1.));
#10369 = ORIENTED_EDGE('',*,*,#10320,.T.);
#10370 = ORIENTED_EDGE('',*,*,#10371,.F.);
#10371 = EDGE_CURVE('',#10273,#10313,#10372,.T.);
#10372 = LINE('',#10373,#10374);
#10373 = CARTESIAN_POINT('',(12.85,8.33E-02,-1.8));
#10374 = VECTOR('',#10375,1.);
#10375 = DIRECTION('',(0.,0.,1.));
#10376 = ORIENTED_EDGE('',*,*,#10272,.F.);
#10377 = PLANE('',#10378);
#10378 = AXIS2_PLACEMENT_3D('',#10379,#10380,#10381);
#10379 = CARTESIAN_POINT('',(12.35,8.33E-02,-1.8));
#10380 = DIRECTION('',(0.,1.,0.));
#10381 = DIRECTION('',(1.,0.,0.));
#10382 = ADVANCED_FACE('',(#10383),#10389,.T.);
#10383 = FACE_BOUND('',#10384,.T.);
#10384 = EDGE_LOOP('',(#10385,#10386,#10387,#10388));
#10385 = ORIENTED_EDGE('',*,*,#10350,.T.);
#10386 = ORIENTED_EDGE('',*,*,#10328,.T.);
#10387 = ORIENTED_EDGE('',*,*,#10364,.F.);
#10388 = ORIENTED_EDGE('',*,*,#10262,.F.);
#10389 = PLANE('',#10390);
#10390 = AXIS2_PLACEMENT_3D('',#10391,#10392,#10393);
#10391 = CARTESIAN_POINT('',(12.35,-0.,-1.8));
#10392 = DIRECTION('',(-1.,0.,0.));
#10393 = DIRECTION('',(0.,1.,0.));
#10394 = ADVANCED_FACE('',(#10395),#10401,.T.);
#10395 = FACE_BOUND('',#10396,.T.);
#10396 = EDGE_LOOP('',(#10397,#10398,#10399,#10400));
#10397 = ORIENTED_EDGE('',*,*,#10280,.T.);
#10398 = ORIENTED_EDGE('',*,*,#10371,.T.);
#10399 = ORIENTED_EDGE('',*,*,#10312,.F.);
#10400 = ORIENTED_EDGE('',*,*,#10343,.F.);
#10401 = PLANE('',#10402);
#10402 = AXIS2_PLACEMENT_3D('',#10403,#10404,#10405);
#10403 = CARTESIAN_POINT('',(12.85,-0.,-1.8));
#10404 = DIRECTION('',(1.,0.,0.));
#10405 = DIRECTION('',(-0.,1.,0.));
#10406 = MANIFOLD_SOLID_BREP('',#10407);
#10407 = CLOSED_SHELL('',(#10408,#10448,#10488,#10510,#10532,#10544));
#10408 = ADVANCED_FACE('',(#10409),#10443,.T.);
#10409 = FACE_BOUND('',#10410,.T.);
#10410 = EDGE_LOOP('',(#10411,#10421,#10429,#10437));
#10411 = ORIENTED_EDGE('',*,*,#10412,.T.);
#10412 = EDGE_CURVE('',#10413,#10415,#10417,.T.);
#10413 = VERTEX_POINT('',#10414);
#10414 = CARTESIAN_POINT('',(12.35,-8.33E-02,-1.8));
#10415 = VERTEX_POINT('',#10416);
#10416 = CARTESIAN_POINT('',(12.35,-0.,-1.8));
#10417 = LINE('',#10418,#10419);
#10418 = CARTESIAN_POINT('',(12.35,-8.33E-02,-1.8));
#10419 = VECTOR('',#10420,1.);
#10420 = DIRECTION('',(0.,1.,0.));
#10421 = ORIENTED_EDGE('',*,*,#10422,.T.);
#10422 = EDGE_CURVE('',#10415,#10423,#10425,.T.);
#10423 = VERTEX_POINT('',#10424);
#10424 = CARTESIAN_POINT('',(12.85,-0.,-1.8));
#10425 = LINE('',#10426,#10427);
#10426 = CARTESIAN_POINT('',(12.35,-0.,-1.8));
#10427 = VECTOR('',#10428,1.);
#10428 = DIRECTION('',(1.,0.,0.));
#10429 = ORIENTED_EDGE('',*,*,#10430,.F.);
#10430 = EDGE_CURVE('',#10431,#10423,#10433,.T.);
#10431 = VERTEX_POINT('',#10432);
#10432 = CARTESIAN_POINT('',(12.85,-8.33E-02,-1.8));
#10433 = LINE('',#10434,#10435);
#10434 = CARTESIAN_POINT('',(12.85,-8.33E-02,-1.8));
#10435 = VECTOR('',#10436,1.);
#10436 = DIRECTION('',(0.,1.,0.));
#10437 = ORIENTED_EDGE('',*,*,#10438,.F.);
#10438 = EDGE_CURVE('',#10413,#10431,#10439,.T.);
#10439 = LINE('',#10440,#10441);
#10440 = CARTESIAN_POINT('',(12.35,-8.33E-02,-1.8));
#10441 = VECTOR('',#10442,1.);
#10442 = DIRECTION('',(1.,0.,0.));
#10443 = PLANE('',#10444);
#10444 = AXIS2_PLACEMENT_3D('',#10445,#10446,#10447);
#10445 = CARTESIAN_POINT('',(12.35,-8.33E-02,-1.8));
#10446 = DIRECTION('',(0.,0.,-1.));
#10447 = DIRECTION('',(1.,0.,0.));
#10448 = ADVANCED_FACE('',(#10449),#10483,.T.);
#10449 = FACE_BOUND('',#10450,.T.);
#10450 = EDGE_LOOP('',(#10451,#10461,#10469,#10477));
#10451 = ORIENTED_EDGE('',*,*,#10452,.T.);
#10452 = EDGE_CURVE('',#10453,#10455,#10457,.T.);
#10453 = VERTEX_POINT('',#10454);
#10454 = CARTESIAN_POINT('',(12.35,-8.33E-02,0.3));
#10455 = VERTEX_POINT('',#10456);
#10456 = CARTESIAN_POINT('',(12.85,-8.33E-02,0.3));
#10457 = LINE('',#10458,#10459);
#10458 = CARTESIAN_POINT('',(12.35,-8.33E-02,0.3));
#10459 = VECTOR('',#10460,1.);
#10460 = DIRECTION('',(1.,0.,0.));
#10461 = ORIENTED_EDGE('',*,*,#10462,.T.);
#10462 = EDGE_CURVE('',#10455,#10463,#10465,.T.);
#10463 = VERTEX_POINT('',#10464);
#10464 = CARTESIAN_POINT('',(12.85,-0.,0.3));
#10465 = LINE('',#10466,#10467);
#10466 = CARTESIAN_POINT('',(12.85,-8.33E-02,0.3));
#10467 = VECTOR('',#10468,1.);
#10468 = DIRECTION('',(0.,1.,0.));
#10469 = ORIENTED_EDGE('',*,*,#10470,.F.);
#10470 = EDGE_CURVE('',#10471,#10463,#10473,.T.);
#10471 = VERTEX_POINT('',#10472);
#10472 = CARTESIAN_POINT('',(12.35,-0.,0.3));
#10473 = LINE('',#10474,#10475);
#10474 = CARTESIAN_POINT('',(12.35,-0.,0.3));
#10475 = VECTOR('',#10476,1.);
#10476 = DIRECTION('',(1.,0.,0.));
#10477 = ORIENTED_EDGE('',*,*,#10478,.F.);
#10478 = EDGE_CURVE('',#10453,#10471,#10479,.T.);
#10479 = LINE('',#10480,#10481);
#10480 = CARTESIAN_POINT('',(12.35,-8.33E-02,0.3));
#10481 = VECTOR('',#10482,1.);
#10482 = DIRECTION('',(0.,1.,0.));
#10483 = PLANE('',#10484);
#10484 = AXIS2_PLACEMENT_3D('',#10485,#10486,#10487);
#10485 = CARTESIAN_POINT('',(12.35,-8.33E-02,0.3));
#10486 = DIRECTION('',(0.,0.,1.));
#10487 = DIRECTION('',(1.,0.,-0.));
#10488 = ADVANCED_FACE('',(#10489),#10505,.T.);
#10489 = FACE_BOUND('',#10490,.T.);
#10490 = EDGE_LOOP('',(#10491,#10492,#10498,#10499));
#10491 = ORIENTED_EDGE('',*,*,#10438,.T.);
#10492 = ORIENTED_EDGE('',*,*,#10493,.T.);
#10493 = EDGE_CURVE('',#10431,#10455,#10494,.T.);
#10494 = LINE('',#10495,#10496);
#10495 = CARTESIAN_POINT('',(12.85,-8.33E-02,-1.8));
#10496 = VECTOR('',#10497,1.);
#10497 = DIRECTION('',(0.,0.,1.));
#10498 = ORIENTED_EDGE('',*,*,#10452,.F.);
#10499 = ORIENTED_EDGE('',*,*,#10500,.F.);
#10500 = EDGE_CURVE('',#10413,#10453,#10501,.T.);
#10501 = LINE('',#10502,#10503);
#10502 = CARTESIAN_POINT('',(12.35,-8.33E-02,-1.8));
#10503 = VECTOR('',#10504,1.);
#10504 = DIRECTION('',(0.,0.,1.));
#10505 = PLANE('',#10506);
#10506 = AXIS2_PLACEMENT_3D('',#10507,#10508,#10509);
#10507 = CARTESIAN_POINT('',(12.35,-8.33E-02,-1.8));
#10508 = DIRECTION('',(0.,-1.,0.));
#10509 = DIRECTION('',(1.,0.,0.));
#10510 = ADVANCED_FACE('',(#10511),#10527,.T.);
#10511 = FACE_BOUND('',#10512,.T.);
#10512 = EDGE_LOOP('',(#10513,#10519,#10520,#10526));
#10513 = ORIENTED_EDGE('',*,*,#10514,.T.);
#10514 = EDGE_CURVE('',#10415,#10471,#10515,.T.);
#10515 = LINE('',#10516,#10517);
#10516 = CARTESIAN_POINT('',(12.35,-0.,-1.8));
#10517 = VECTOR('',#10518,1.);
#10518 = DIRECTION('',(0.,0.,1.));
#10519 = ORIENTED_EDGE('',*,*,#10470,.T.);
#10520 = ORIENTED_EDGE('',*,*,#10521,.F.);
#10521 = EDGE_CURVE('',#10423,#10463,#10522,.T.);
#10522 = LINE('',#10523,#10524);
#10523 = CARTESIAN_POINT('',(12.85,-0.,-1.8));
#10524 = VECTOR('',#10525,1.);
#10525 = DIRECTION('',(0.,0.,1.));
#10526 = ORIENTED_EDGE('',*,*,#10422,.F.);
#10527 = PLANE('',#10528);
#10528 = AXIS2_PLACEMENT_3D('',#10529,#10530,#10531);
#10529 = CARTESIAN_POINT('',(12.35,-0.,-1.8));
#10530 = DIRECTION('',(0.,1.,0.));
#10531 = DIRECTION('',(1.,0.,0.));
#10532 = ADVANCED_FACE('',(#10533),#10539,.T.);
#10533 = FACE_BOUND('',#10534,.T.);
#10534 = EDGE_LOOP('',(#10535,#10536,#10537,#10538));
#10535 = ORIENTED_EDGE('',*,*,#10500,.T.);
#10536 = ORIENTED_EDGE('',*,*,#10478,.T.);
#10537 = ORIENTED_EDGE('',*,*,#10514,.F.);
#10538 = ORIENTED_EDGE('',*,*,#10412,.F.);
#10539 = PLANE('',#10540);
#10540 = AXIS2_PLACEMENT_3D('',#10541,#10542,#10543);
#10541 = CARTESIAN_POINT('',(12.35,-8.33E-02,-1.8));
#10542 = DIRECTION('',(-1.,0.,0.));
#10543 = DIRECTION('',(0.,1.,0.));
#10544 = ADVANCED_FACE('',(#10545),#10551,.T.);
#10545 = FACE_BOUND('',#10546,.T.);
#10546 = EDGE_LOOP('',(#10547,#10548,#10549,#10550));
#10547 = ORIENTED_EDGE('',*,*,#10430,.T.);
#10548 = ORIENTED_EDGE('',*,*,#10521,.T.);
#10549 = ORIENTED_EDGE('',*,*,#10462,.F.);
#10550 = ORIENTED_EDGE('',*,*,#10493,.F.);
#10551 = PLANE('',#10552);
#10552 = AXIS2_PLACEMENT_3D('',#10553,#10554,#10555);
#10553 = CARTESIAN_POINT('',(12.85,-8.33E-02,-1.8));
#10554 = DIRECTION('',(1.,0.,0.));
#10555 = DIRECTION('',(-0.,1.,0.));
#10556 = MANIFOLD_SOLID_BREP('',#10557);
#10557 = CLOSED_SHELL('',(#10558,#10598,#10638,#10660,#10682,#10694));
#10558 = ADVANCED_FACE('',(#10559),#10593,.T.);
#10559 = FACE_BOUND('',#10560,.T.);
#10560 = EDGE_LOOP('',(#10561,#10571,#10579,#10587));
#10561 = ORIENTED_EDGE('',*,*,#10562,.T.);
#10562 = EDGE_CURVE('',#10563,#10565,#10567,.T.);
#10563 = VERTEX_POINT('',#10564);
#10564 = CARTESIAN_POINT('',(12.3643,-0.1667,-1.8));
#10565 = VERTEX_POINT('',#10566);
#10566 = CARTESIAN_POINT('',(12.3643,-8.33E-02,-1.8));
#10567 = LINE('',#10568,#10569);
#10568 = CARTESIAN_POINT('',(12.3643,-0.1667,-1.8));
#10569 = VECTOR('',#10570,1.);
#10570 = DIRECTION('',(0.,1.,0.));
#10571 = ORIENTED_EDGE('',*,*,#10572,.T.);
#10572 = EDGE_CURVE('',#10565,#10573,#10575,.T.);
#10573 = VERTEX_POINT('',#10574);
#10574 = CARTESIAN_POINT('',(12.8357,-8.33E-02,-1.8));
#10575 = LINE('',#10576,#10577);
#10576 = CARTESIAN_POINT('',(12.3643,-8.33E-02,-1.8));
#10577 = VECTOR('',#10578,1.);
#10578 = DIRECTION('',(1.,0.,0.));
#10579 = ORIENTED_EDGE('',*,*,#10580,.F.);
#10580 = EDGE_CURVE('',#10581,#10573,#10583,.T.);
#10581 = VERTEX_POINT('',#10582);
#10582 = CARTESIAN_POINT('',(12.8357,-0.1667,-1.8));
#10583 = LINE('',#10584,#10585);
#10584 = CARTESIAN_POINT('',(12.8357,-0.1667,-1.8));
#10585 = VECTOR('',#10586,1.);
#10586 = DIRECTION('',(0.,1.,0.));
#10587 = ORIENTED_EDGE('',*,*,#10588,.F.);
#10588 = EDGE_CURVE('',#10563,#10581,#10589,.T.);
#10589 = LINE('',#10590,#10591);
#10590 = CARTESIAN_POINT('',(12.3643,-0.1667,-1.8));
#10591 = VECTOR('',#10592,1.);
#10592 = DIRECTION('',(1.,0.,0.));
#10593 = PLANE('',#10594);
#10594 = AXIS2_PLACEMENT_3D('',#10595,#10596,#10597);
#10595 = CARTESIAN_POINT('',(12.3643,-0.1667,-1.8));
#10596 = DIRECTION('',(0.,0.,-1.));
#10597 = DIRECTION('',(1.,0.,0.));
#10598 = ADVANCED_FACE('',(#10599),#10633,.T.);
#10599 = FACE_BOUND('',#10600,.T.);
#10600 = EDGE_LOOP('',(#10601,#10611,#10619,#10627));
#10601 = ORIENTED_EDGE('',*,*,#10602,.T.);
#10602 = EDGE_CURVE('',#10603,#10605,#10607,.T.);
#10603 = VERTEX_POINT('',#10604);
#10604 = CARTESIAN_POINT('',(12.3643,-0.1667,0.3));
#10605 = VERTEX_POINT('',#10606);
#10606 = CARTESIAN_POINT('',(12.8357,-0.1667,0.3));
#10607 = LINE('',#10608,#10609);
#10608 = CARTESIAN_POINT('',(12.3643,-0.1667,0.3));
#10609 = VECTOR('',#10610,1.);
#10610 = DIRECTION('',(1.,0.,0.));
#10611 = ORIENTED_EDGE('',*,*,#10612,.T.);
#10612 = EDGE_CURVE('',#10605,#10613,#10615,.T.);
#10613 = VERTEX_POINT('',#10614);
#10614 = CARTESIAN_POINT('',(12.8357,-8.33E-02,0.3));
#10615 = LINE('',#10616,#10617);
#10616 = CARTESIAN_POINT('',(12.8357,-0.1667,0.3));
#10617 = VECTOR('',#10618,1.);
#10618 = DIRECTION('',(0.,1.,0.));
#10619 = ORIENTED_EDGE('',*,*,#10620,.F.);
#10620 = EDGE_CURVE('',#10621,#10613,#10623,.T.);
#10621 = VERTEX_POINT('',#10622);
#10622 = CARTESIAN_POINT('',(12.3643,-8.33E-02,0.3));
#10623 = LINE('',#10624,#10625);
#10624 = CARTESIAN_POINT('',(12.3643,-8.33E-02,0.3));
#10625 = VECTOR('',#10626,1.);
#10626 = DIRECTION('',(1.,0.,0.));
#10627 = ORIENTED_EDGE('',*,*,#10628,.F.);
#10628 = EDGE_CURVE('',#10603,#10621,#10629,.T.);
#10629 = LINE('',#10630,#10631);
#10630 = CARTESIAN_POINT('',(12.3643,-0.1667,0.3));
#10631 = VECTOR('',#10632,1.);
#10632 = DIRECTION('',(0.,1.,0.));
#10633 = PLANE('',#10634);
#10634 = AXIS2_PLACEMENT_3D('',#10635,#10636,#10637);
#10635 = CARTESIAN_POINT('',(12.3643,-0.1667,0.3));
#10636 = DIRECTION('',(0.,0.,1.));
#10637 = DIRECTION('',(1.,0.,-0.));
#10638 = ADVANCED_FACE('',(#10639),#10655,.T.);
#10639 = FACE_BOUND('',#10640,.T.);
#10640 = EDGE_LOOP('',(#10641,#10642,#10648,#10649));
#10641 = ORIENTED_EDGE('',*,*,#10588,.T.);
#10642 = ORIENTED_EDGE('',*,*,#10643,.T.);
#10643 = EDGE_CURVE('',#10581,#10605,#10644,.T.);
#10644 = LINE('',#10645,#10646);
#10645 = CARTESIAN_POINT('',(12.8357,-0.1667,-1.8));
#10646 = VECTOR('',#10647,1.);
#10647 = DIRECTION('',(0.,0.,1.));
#10648 = ORIENTED_EDGE('',*,*,#10602,.F.);
#10649 = ORIENTED_EDGE('',*,*,#10650,.F.);
#10650 = EDGE_CURVE('',#10563,#10603,#10651,.T.);
#10651 = LINE('',#10652,#10653);
#10652 = CARTESIAN_POINT('',(12.3643,-0.1667,-1.8));
#10653 = VECTOR('',#10654,1.);
#10654 = DIRECTION('',(0.,0.,1.));
#10655 = PLANE('',#10656);
#10656 = AXIS2_PLACEMENT_3D('',#10657,#10658,#10659);
#10657 = CARTESIAN_POINT('',(12.3643,-0.1667,-1.8));
#10658 = DIRECTION('',(0.,-1.,0.));
#10659 = DIRECTION('',(1.,0.,0.));
#10660 = ADVANCED_FACE('',(#10661),#10677,.T.);
#10661 = FACE_BOUND('',#10662,.T.);
#10662 = EDGE_LOOP('',(#10663,#10669,#10670,#10676));
#10663 = ORIENTED_EDGE('',*,*,#10664,.T.);
#10664 = EDGE_CURVE('',#10565,#10621,#10665,.T.);
#10665 = LINE('',#10666,#10667);
#10666 = CARTESIAN_POINT('',(12.3643,-8.33E-02,-1.8));
#10667 = VECTOR('',#10668,1.);
#10668 = DIRECTION('',(0.,0.,1.));
#10669 = ORIENTED_EDGE('',*,*,#10620,.T.);
#10670 = ORIENTED_EDGE('',*,*,#10671,.F.);
#10671 = EDGE_CURVE('',#10573,#10613,#10672,.T.);
#10672 = LINE('',#10673,#10674);
#10673 = CARTESIAN_POINT('',(12.8357,-8.33E-02,-1.8));
#10674 = VECTOR('',#10675,1.);
#10675 = DIRECTION('',(0.,0.,1.));
#10676 = ORIENTED_EDGE('',*,*,#10572,.F.);
#10677 = PLANE('',#10678);
#10678 = AXIS2_PLACEMENT_3D('',#10679,#10680,#10681);
#10679 = CARTESIAN_POINT('',(12.3643,-8.33E-02,-1.8));
#10680 = DIRECTION('',(0.,1.,0.));
#10681 = DIRECTION('',(1.,0.,0.));
#10682 = ADVANCED_FACE('',(#10683),#10689,.T.);
#10683 = FACE_BOUND('',#10684,.T.);
#10684 = EDGE_LOOP('',(#10685,#10686,#10687,#10688));
#10685 = ORIENTED_EDGE('',*,*,#10650,.T.);
#10686 = ORIENTED_EDGE('',*,*,#10628,.T.);
#10687 = ORIENTED_EDGE('',*,*,#10664,.F.);
#10688 = ORIENTED_EDGE('',*,*,#10562,.F.);
#10689 = PLANE('',#10690);
#10690 = AXIS2_PLACEMENT_3D('',#10691,#10692,#10693);
#10691 = CARTESIAN_POINT('',(12.3643,-0.1667,-1.8));
#10692 = DIRECTION('',(-1.,0.,0.));
#10693 = DIRECTION('',(0.,1.,0.));
#10694 = ADVANCED_FACE('',(#10695),#10701,.T.);
#10695 = FACE_BOUND('',#10696,.T.);
#10696 = EDGE_LOOP('',(#10697,#10698,#10699,#10700));
#10697 = ORIENTED_EDGE('',*,*,#10580,.T.);
#10698 = ORIENTED_EDGE('',*,*,#10671,.T.);
#10699 = ORIENTED_EDGE('',*,*,#10612,.F.);
#10700 = ORIENTED_EDGE('',*,*,#10643,.F.);
#10701 = PLANE('',#10702);
#10702 = AXIS2_PLACEMENT_3D('',#10703,#10704,#10705);
#10703 = CARTESIAN_POINT('',(12.8357,-0.1667,-1.8));
#10704 = DIRECTION('',(1.,0.,0.));
#10705 = DIRECTION('',(-0.,1.,0.));
#10706 = MANIFOLD_SOLID_BREP('',#10707);
#10707 = CLOSED_SHELL('',(#10708,#10748,#10788,#10810,#10832,#10844));
#10708 = ADVANCED_FACE('',(#10709),#10743,.T.);
#10709 = FACE_BOUND('',#10710,.T.);
#10710 = EDGE_LOOP('',(#10711,#10721,#10729,#10737));
#10711 = ORIENTED_EDGE('',*,*,#10712,.T.);
#10712 = EDGE_CURVE('',#10713,#10715,#10717,.T.);
#10713 = VERTEX_POINT('',#10714);
#10714 = CARTESIAN_POINT('',(12.4137,-0.25,-1.8));
#10715 = VERTEX_POINT('',#10716);
#10716 = CARTESIAN_POINT('',(12.4137,-0.1667,-1.8));
#10717 = LINE('',#10718,#10719);
#10718 = CARTESIAN_POINT('',(12.4137,-0.25,-1.8));
#10719 = VECTOR('',#10720,1.);
#10720 = DIRECTION('',(0.,1.,0.));
#10721 = ORIENTED_EDGE('',*,*,#10722,.T.);
#10722 = EDGE_CURVE('',#10715,#10723,#10725,.T.);
#10723 = VERTEX_POINT('',#10724);
#10724 = CARTESIAN_POINT('',(12.7863,-0.1667,-1.8));
#10725 = LINE('',#10726,#10727);
#10726 = CARTESIAN_POINT('',(12.4137,-0.1667,-1.8));
#10727 = VECTOR('',#10728,1.);
#10728 = DIRECTION('',(1.,0.,0.));
#10729 = ORIENTED_EDGE('',*,*,#10730,.F.);
#10730 = EDGE_CURVE('',#10731,#10723,#10733,.T.);
#10731 = VERTEX_POINT('',#10732);
#10732 = CARTESIAN_POINT('',(12.7863,-0.25,-1.8));
#10733 = LINE('',#10734,#10735);
#10734 = CARTESIAN_POINT('',(12.7863,-0.25,-1.8));
#10735 = VECTOR('',#10736,1.);
#10736 = DIRECTION('',(0.,1.,0.));
#10737 = ORIENTED_EDGE('',*,*,#10738,.F.);
#10738 = EDGE_CURVE('',#10713,#10731,#10739,.T.);
#10739 = LINE('',#10740,#10741);
#10740 = CARTESIAN_POINT('',(12.4137,-0.25,-1.8));
#10741 = VECTOR('',#10742,1.);
#10742 = DIRECTION('',(1.,0.,0.));
#10743 = PLANE('',#10744);
#10744 = AXIS2_PLACEMENT_3D('',#10745,#10746,#10747);
#10745 = CARTESIAN_POINT('',(12.4137,-0.25,-1.8));
#10746 = DIRECTION('',(0.,0.,-1.));
#10747 = DIRECTION('',(1.,0.,0.));
#10748 = ADVANCED_FACE('',(#10749),#10783,.T.);
#10749 = FACE_BOUND('',#10750,.T.);
#10750 = EDGE_LOOP('',(#10751,#10761,#10769,#10777));
#10751 = ORIENTED_EDGE('',*,*,#10752,.T.);
#10752 = EDGE_CURVE('',#10753,#10755,#10757,.T.);
#10753 = VERTEX_POINT('',#10754);
#10754 = CARTESIAN_POINT('',(12.4137,-0.25,0.3));
#10755 = VERTEX_POINT('',#10756);
#10756 = CARTESIAN_POINT('',(12.7863,-0.25,0.3));
#10757 = LINE('',#10758,#10759);
#10758 = CARTESIAN_POINT('',(12.4137,-0.25,0.3));
#10759 = VECTOR('',#10760,1.);
#10760 = DIRECTION('',(1.,0.,0.));
#10761 = ORIENTED_EDGE('',*,*,#10762,.T.);
#10762 = EDGE_CURVE('',#10755,#10763,#10765,.T.);
#10763 = VERTEX_POINT('',#10764);
#10764 = CARTESIAN_POINT('',(12.7863,-0.1667,0.3));
#10765 = LINE('',#10766,#10767);
#10766 = CARTESIAN_POINT('',(12.7863,-0.25,0.3));
#10767 = VECTOR('',#10768,1.);
#10768 = DIRECTION('',(0.,1.,0.));
#10769 = ORIENTED_EDGE('',*,*,#10770,.F.);
#10770 = EDGE_CURVE('',#10771,#10763,#10773,.T.);
#10771 = VERTEX_POINT('',#10772);
#10772 = CARTESIAN_POINT('',(12.4137,-0.1667,0.3));
#10773 = LINE('',#10774,#10775);
#10774 = CARTESIAN_POINT('',(12.4137,-0.1667,0.3));
#10775 = VECTOR('',#10776,1.);
#10776 = DIRECTION('',(1.,0.,0.));
#10777 = ORIENTED_EDGE('',*,*,#10778,.F.);
#10778 = EDGE_CURVE('',#10753,#10771,#10779,.T.);
#10779 = LINE('',#10780,#10781);
#10780 = CARTESIAN_POINT('',(12.4137,-0.25,0.3));
#10781 = VECTOR('',#10782,1.);
#10782 = DIRECTION('',(0.,1.,0.));
#10783 = PLANE('',#10784);
#10784 = AXIS2_PLACEMENT_3D('',#10785,#10786,#10787);
#10785 = CARTESIAN_POINT('',(12.4137,-0.25,0.3));
#10786 = DIRECTION('',(0.,0.,1.));
#10787 = DIRECTION('',(1.,0.,-0.));
#10788 = ADVANCED_FACE('',(#10789),#10805,.T.);
#10789 = FACE_BOUND('',#10790,.T.);
#10790 = EDGE_LOOP('',(#10791,#10792,#10798,#10799));
#10791 = ORIENTED_EDGE('',*,*,#10738,.T.);
#10792 = ORIENTED_EDGE('',*,*,#10793,.T.);
#10793 = EDGE_CURVE('',#10731,#10755,#10794,.T.);
#10794 = LINE('',#10795,#10796);
#10795 = CARTESIAN_POINT('',(12.7863,-0.25,-1.8));
#10796 = VECTOR('',#10797,1.);
#10797 = DIRECTION('',(0.,0.,1.));
#10798 = ORIENTED_EDGE('',*,*,#10752,.F.);
#10799 = ORIENTED_EDGE('',*,*,#10800,.F.);
#10800 = EDGE_CURVE('',#10713,#10753,#10801,.T.);
#10801 = LINE('',#10802,#10803);
#10802 = CARTESIAN_POINT('',(12.4137,-0.25,-1.8));
#10803 = VECTOR('',#10804,1.);
#10804 = DIRECTION('',(0.,0.,1.));
#10805 = PLANE('',#10806);
#10806 = AXIS2_PLACEMENT_3D('',#10807,#10808,#10809);
#10807 = CARTESIAN_POINT('',(12.4137,-0.25,-1.8));
#10808 = DIRECTION('',(0.,-1.,0.));
#10809 = DIRECTION('',(1.,0.,0.));
#10810 = ADVANCED_FACE('',(#10811),#10827,.T.);
#10811 = FACE_BOUND('',#10812,.T.);
#10812 = EDGE_LOOP('',(#10813,#10819,#10820,#10826));
#10813 = ORIENTED_EDGE('',*,*,#10814,.T.);
#10814 = EDGE_CURVE('',#10715,#10771,#10815,.T.);
#10815 = LINE('',#10816,#10817);
#10816 = CARTESIAN_POINT('',(12.4137,-0.1667,-1.8));
#10817 = VECTOR('',#10818,1.);
#10818 = DIRECTION('',(0.,0.,1.));
#10819 = ORIENTED_EDGE('',*,*,#10770,.T.);
#10820 = ORIENTED_EDGE('',*,*,#10821,.F.);
#10821 = EDGE_CURVE('',#10723,#10763,#10822,.T.);
#10822 = LINE('',#10823,#10824);
#10823 = CARTESIAN_POINT('',(12.7863,-0.1667,-1.8));
#10824 = VECTOR('',#10825,1.);
#10825 = DIRECTION('',(0.,0.,1.));
#10826 = ORIENTED_EDGE('',*,*,#10722,.F.);
#10827 = PLANE('',#10828);
#10828 = AXIS2_PLACEMENT_3D('',#10829,#10830,#10831);
#10829 = CARTESIAN_POINT('',(12.4137,-0.1667,-1.8));
#10830 = DIRECTION('',(0.,1.,0.));
#10831 = DIRECTION('',(1.,0.,0.));
#10832 = ADVANCED_FACE('',(#10833),#10839,.T.);
#10833 = FACE_BOUND('',#10834,.T.);
#10834 = EDGE_LOOP('',(#10835,#10836,#10837,#10838));
#10835 = ORIENTED_EDGE('',*,*,#10800,.T.);
#10836 = ORIENTED_EDGE('',*,*,#10778,.T.);
#10837 = ORIENTED_EDGE('',*,*,#10814,.F.);
#10838 = ORIENTED_EDGE('',*,*,#10712,.F.);
#10839 = PLANE('',#10840);
#10840 = AXIS2_PLACEMENT_3D('',#10841,#10842,#10843);
#10841 = CARTESIAN_POINT('',(12.4137,-0.25,-1.8));
#10842 = DIRECTION('',(-1.,0.,0.));
#10843 = DIRECTION('',(0.,1.,0.));
#10844 = ADVANCED_FACE('',(#10845),#10851,.T.);
#10845 = FACE_BOUND('',#10846,.T.);
#10846 = EDGE_LOOP('',(#10847,#10848,#10849,#10850));
#10847 = ORIENTED_EDGE('',*,*,#10730,.T.);
#10848 = ORIENTED_EDGE('',*,*,#10821,.T.);
#10849 = ORIENTED_EDGE('',*,*,#10762,.F.);
#10850 = ORIENTED_EDGE('',*,*,#10793,.F.);
#10851 = PLANE('',#10852);
#10852 = AXIS2_PLACEMENT_3D('',#10853,#10854,#10855);
#10853 = CARTESIAN_POINT('',(12.7863,-0.25,-1.8));
#10854 = DIRECTION('',(1.,0.,0.));
#10855 = DIRECTION('',(-0.,1.,0.));
#10856 = MANIFOLD_SOLID_BREP('',#10857);
#10857 = CLOSED_SHELL('',(#10858,#10898,#10938,#10960,#10982,#10994));
#10858 = ADVANCED_FACE('',(#10859),#10893,.T.);
#10859 = FACE_BOUND('',#10860,.T.);
#10860 = EDGE_LOOP('',(#10861,#10871,#10879,#10887));
#10861 = ORIENTED_EDGE('',*,*,#10862,.T.);
#10862 = EDGE_CURVE('',#10863,#10865,#10867,.T.);
#10863 = VERTEX_POINT('',#10864);
#10864 = CARTESIAN_POINT('',(16.3301,0.7083,0.3));
#10865 = VERTEX_POINT('',#10866);
#10866 = CARTESIAN_POINT('',(16.3301,0.85,0.3));
#10867 = LINE('',#10868,#10869);
#10868 = CARTESIAN_POINT('',(16.3301,0.7083,0.3));
#10869 = VECTOR('',#10870,1.);
#10870 = DIRECTION('',(0.,1.,0.));
#10871 = ORIENTED_EDGE('',*,*,#10872,.T.);
#10872 = EDGE_CURVE('',#10865,#10873,#10875,.T.);
#10873 = VERTEX_POINT('',#10874);
#10874 = CARTESIAN_POINT('',(17.2699,0.85,0.3));
#10875 = LINE('',#10876,#10877);
#10876 = CARTESIAN_POINT('',(16.3301,0.85,0.3));
#10877 = VECTOR('',#10878,1.);
#10878 = DIRECTION('',(1.,0.,0.));
#10879 = ORIENTED_EDGE('',*,*,#10880,.F.);
#10880 = EDGE_CURVE('',#10881,#10873,#10883,.T.);
#10881 = VERTEX_POINT('',#10882);
#10882 = CARTESIAN_POINT('',(17.2699,0.7083,0.3));
#10883 = LINE('',#10884,#10885);
#10884 = CARTESIAN_POINT('',(17.2699,0.7083,0.3));
#10885 = VECTOR('',#10886,1.);
#10886 = DIRECTION('',(0.,1.,0.));
#10887 = ORIENTED_EDGE('',*,*,#10888,.F.);
#10888 = EDGE_CURVE('',#10863,#10881,#10889,.T.);
#10889 = LINE('',#10890,#10891);
#10890 = CARTESIAN_POINT('',(16.3301,0.7083,0.3));
#10891 = VECTOR('',#10892,1.);
#10892 = DIRECTION('',(1.,0.,0.));
#10893 = PLANE('',#10894);
#10894 = AXIS2_PLACEMENT_3D('',#10895,#10896,#10897);
#10895 = CARTESIAN_POINT('',(16.3301,0.7083,0.3));
#10896 = DIRECTION('',(0.,0.,-1.));
#10897 = DIRECTION('',(1.,0.,0.));
#10898 = ADVANCED_FACE('',(#10899),#10933,.T.);
#10899 = FACE_BOUND('',#10900,.T.);
#10900 = EDGE_LOOP('',(#10901,#10911,#10919,#10927));
#10901 = ORIENTED_EDGE('',*,*,#10902,.T.);
#10902 = EDGE_CURVE('',#10903,#10905,#10907,.T.);
#10903 = VERTEX_POINT('',#10904);
#10904 = CARTESIAN_POINT('',(16.3301,0.7083,10.));
#10905 = VERTEX_POINT('',#10906);
#10906 = CARTESIAN_POINT('',(17.2699,0.7083,10.));
#10907 = LINE('',#10908,#10909);
#10908 = CARTESIAN_POINT('',(16.3301,0.7083,10.));
#10909 = VECTOR('',#10910,1.);
#10910 = DIRECTION('',(1.,0.,0.));
#10911 = ORIENTED_EDGE('',*,*,#10912,.T.);
#10912 = EDGE_CURVE('',#10905,#10913,#10915,.T.);
#10913 = VERTEX_POINT('',#10914);
#10914 = CARTESIAN_POINT('',(17.2699,0.85,10.));
#10915 = LINE('',#10916,#10917);
#10916 = CARTESIAN_POINT('',(17.2699,0.7083,10.));
#10917 = VECTOR('',#10918,1.);
#10918 = DIRECTION('',(0.,1.,0.));
#10919 = ORIENTED_EDGE('',*,*,#10920,.F.);
#10920 = EDGE_CURVE('',#10921,#10913,#10923,.T.);
#10921 = VERTEX_POINT('',#10922);
#10922 = CARTESIAN_POINT('',(16.3301,0.85,10.));
#10923 = LINE('',#10924,#10925);
#10924 = CARTESIAN_POINT('',(16.3301,0.85,10.));
#10925 = VECTOR('',#10926,1.);
#10926 = DIRECTION('',(1.,0.,0.));
#10927 = ORIENTED_EDGE('',*,*,#10928,.F.);
#10928 = EDGE_CURVE('',#10903,#10921,#10929,.T.);
#10929 = LINE('',#10930,#10931);
#10930 = CARTESIAN_POINT('',(16.3301,0.7083,10.));
#10931 = VECTOR('',#10932,1.);
#10932 = DIRECTION('',(0.,1.,0.));
#10933 = PLANE('',#10934);
#10934 = AXIS2_PLACEMENT_3D('',#10935,#10936,#10937);
#10935 = CARTESIAN_POINT('',(16.3301,0.7083,10.));
#10936 = DIRECTION('',(0.,0.,1.));
#10937 = DIRECTION('',(1.,0.,-0.));
#10938 = ADVANCED_FACE('',(#10939),#10955,.T.);
#10939 = FACE_BOUND('',#10940,.T.);
#10940 = EDGE_LOOP('',(#10941,#10942,#10948,#10949));
#10941 = ORIENTED_EDGE('',*,*,#10888,.T.);
#10942 = ORIENTED_EDGE('',*,*,#10943,.T.);
#10943 = EDGE_CURVE('',#10881,#10905,#10944,.T.);
#10944 = LINE('',#10945,#10946);
#10945 = CARTESIAN_POINT('',(17.2699,0.7083,0.3));
#10946 = VECTOR('',#10947,1.);
#10947 = DIRECTION('',(0.,0.,1.));
#10948 = ORIENTED_EDGE('',*,*,#10902,.F.);
#10949 = ORIENTED_EDGE('',*,*,#10950,.F.);
#10950 = EDGE_CURVE('',#10863,#10903,#10951,.T.);
#10951 = LINE('',#10952,#10953);
#10952 = CARTESIAN_POINT('',(16.3301,0.7083,0.3));
#10953 = VECTOR('',#10954,1.);
#10954 = DIRECTION('',(0.,0.,1.));
#10955 = PLANE('',#10956);
#10956 = AXIS2_PLACEMENT_3D('',#10957,#10958,#10959);
#10957 = CARTESIAN_POINT('',(16.3301,0.7083,0.3));
#10958 = DIRECTION('',(0.,-1.,0.));
#10959 = DIRECTION('',(1.,0.,0.));
#10960 = ADVANCED_FACE('',(#10961),#10977,.T.);
#10961 = FACE_BOUND('',#10962,.T.);
#10962 = EDGE_LOOP('',(#10963,#10969,#10970,#10976));
#10963 = ORIENTED_EDGE('',*,*,#10964,.T.);
#10964 = EDGE_CURVE('',#10865,#10921,#10965,.T.);
#10965 = LINE('',#10966,#10967);
#10966 = CARTESIAN_POINT('',(16.3301,0.85,0.3));
#10967 = VECTOR('',#10968,1.);
#10968 = DIRECTION('',(0.,0.,1.));
#10969 = ORIENTED_EDGE('',*,*,#10920,.T.);
#10970 = ORIENTED_EDGE('',*,*,#10971,.F.);
#10971 = EDGE_CURVE('',#10873,#10913,#10972,.T.);
#10972 = LINE('',#10973,#10974);
#10973 = CARTESIAN_POINT('',(17.2699,0.85,0.3));
#10974 = VECTOR('',#10975,1.);
#10975 = DIRECTION('',(0.,0.,1.));
#10976 = ORIENTED_EDGE('',*,*,#10872,.F.);
#10977 = PLANE('',#10978);
#10978 = AXIS2_PLACEMENT_3D('',#10979,#10980,#10981);
#10979 = CARTESIAN_POINT('',(16.3301,0.85,0.3));
#10980 = DIRECTION('',(0.,1.,0.));
#10981 = DIRECTION('',(1.,0.,0.));
#10982 = ADVANCED_FACE('',(#10983),#10989,.T.);
#10983 = FACE_BOUND('',#10984,.T.);
#10984 = EDGE_LOOP('',(#10985,#10986,#10987,#10988));
#10985 = ORIENTED_EDGE('',*,*,#10950,.T.);
#10986 = ORIENTED_EDGE('',*,*,#10928,.T.);
#10987 = ORIENTED_EDGE('',*,*,#10964,.F.);
#10988 = ORIENTED_EDGE('',*,*,#10862,.F.);
#10989 = PLANE('',#10990);
#10990 = AXIS2_PLACEMENT_3D('',#10991,#10992,#10993);
#10991 = CARTESIAN_POINT('',(16.3301,0.7083,0.3));
#10992 = DIRECTION('',(-1.,0.,0.));
#10993 = DIRECTION('',(0.,1.,0.));
#10994 = ADVANCED_FACE('',(#10995),#11001,.T.);
#10995 = FACE_BOUND('',#10996,.T.);
#10996 = EDGE_LOOP('',(#10997,#10998,#10999,#11000));
#10997 = ORIENTED_EDGE('',*,*,#10880,.T.);
#10998 = ORIENTED_EDGE('',*,*,#10971,.T.);
#10999 = ORIENTED_EDGE('',*,*,#10912,.F.);
#11000 = ORIENTED_EDGE('',*,*,#10943,.F.);
#11001 = PLANE('',#11002);
#11002 = AXIS2_PLACEMENT_3D('',#11003,#11004,#11005);
#11003 = CARTESIAN_POINT('',(17.2699,0.7083,0.3));
#11004 = DIRECTION('',(1.,0.,0.));
#11005 = DIRECTION('',(-0.,1.,0.));
#11006 = MANIFOLD_SOLID_BREP('',#11007);
#11007 = CLOSED_SHELL('',(#11008,#11048,#11088,#11110,#11132,#11144));
#11008 = ADVANCED_FACE('',(#11009),#11043,.T.);
#11009 = FACE_BOUND('',#11010,.T.);
#11010 = EDGE_LOOP('',(#11011,#11021,#11029,#11037));
#11011 = ORIENTED_EDGE('',*,*,#11012,.T.);
#11012 = EDGE_CURVE('',#11013,#11015,#11017,.T.);
#11013 = VERTEX_POINT('',#11014);
#11014 = CARTESIAN_POINT('',(16.1664,0.5667,0.3));
#11015 = VERTEX_POINT('',#11016);
#11016 = CARTESIAN_POINT('',(16.1664,0.7083,0.3));
#11017 = LINE('',#11018,#11019);
#11018 = CARTESIAN_POINT('',(16.1664,0.5667,0.3));
#11019 = VECTOR('',#11020,1.);
#11020 = DIRECTION('',(0.,1.,0.));
#11021 = ORIENTED_EDGE('',*,*,#11022,.T.);
#11022 = EDGE_CURVE('',#11015,#11023,#11025,.T.);
#11023 = VERTEX_POINT('',#11024);
#11024 = CARTESIAN_POINT('',(17.4336,0.7083,0.3));
#11025 = LINE('',#11026,#11027);
#11026 = CARTESIAN_POINT('',(16.1664,0.7083,0.3));
#11027 = VECTOR('',#11028,1.);
#11028 = DIRECTION('',(1.,0.,0.));
#11029 = ORIENTED_EDGE('',*,*,#11030,.F.);
#11030 = EDGE_CURVE('',#11031,#11023,#11033,.T.);
#11031 = VERTEX_POINT('',#11032);
#11032 = CARTESIAN_POINT('',(17.4336,0.5667,0.3));
#11033 = LINE('',#11034,#11035);
#11034 = CARTESIAN_POINT('',(17.4336,0.5667,0.3));
#11035 = VECTOR('',#11036,1.);
#11036 = DIRECTION('',(0.,1.,0.));
#11037 = ORIENTED_EDGE('',*,*,#11038,.F.);
#11038 = EDGE_CURVE('',#11013,#11031,#11039,.T.);
#11039 = LINE('',#11040,#11041);
#11040 = CARTESIAN_POINT('',(16.1664,0.5667,0.3));
#11041 = VECTOR('',#11042,1.);
#11042 = DIRECTION('',(1.,0.,0.));
#11043 = PLANE('',#11044);
#11044 = AXIS2_PLACEMENT_3D('',#11045,#11046,#11047);
#11045 = CARTESIAN_POINT('',(16.1664,0.5667,0.3));
#11046 = DIRECTION('',(0.,0.,-1.));
#11047 = DIRECTION('',(1.,0.,0.));
#11048 = ADVANCED_FACE('',(#11049),#11083,.T.);
#11049 = FACE_BOUND('',#11050,.T.);
#11050 = EDGE_LOOP('',(#11051,#11061,#11069,#11077));
#11051 = ORIENTED_EDGE('',*,*,#11052,.T.);
#11052 = EDGE_CURVE('',#11053,#11055,#11057,.T.);
#11053 = VERTEX_POINT('',#11054);
#11054 = CARTESIAN_POINT('',(16.1664,0.5667,10.));
#11055 = VERTEX_POINT('',#11056);
#11056 = CARTESIAN_POINT('',(17.4336,0.5667,10.));
#11057 = LINE('',#11058,#11059);
#11058 = CARTESIAN_POINT('',(16.1664,0.5667,10.));
#11059 = VECTOR('',#11060,1.);
#11060 = DIRECTION('',(1.,0.,0.));
#11061 = ORIENTED_EDGE('',*,*,#11062,.T.);
#11062 = EDGE_CURVE('',#11055,#11063,#11065,.T.);
#11063 = VERTEX_POINT('',#11064);
#11064 = CARTESIAN_POINT('',(17.4336,0.7083,10.));
#11065 = LINE('',#11066,#11067);
#11066 = CARTESIAN_POINT('',(17.4336,0.5667,10.));
#11067 = VECTOR('',#11068,1.);
#11068 = DIRECTION('',(0.,1.,0.));
#11069 = ORIENTED_EDGE('',*,*,#11070,.F.);
#11070 = EDGE_CURVE('',#11071,#11063,#11073,.T.);
#11071 = VERTEX_POINT('',#11072);
#11072 = CARTESIAN_POINT('',(16.1664,0.7083,10.));
#11073 = LINE('',#11074,#11075);
#11074 = CARTESIAN_POINT('',(16.1664,0.7083,10.));
#11075 = VECTOR('',#11076,1.);
#11076 = DIRECTION('',(1.,0.,0.));
#11077 = ORIENTED_EDGE('',*,*,#11078,.F.);
#11078 = EDGE_CURVE('',#11053,#11071,#11079,.T.);
#11079 = LINE('',#11080,#11081);
#11080 = CARTESIAN_POINT('',(16.1664,0.5667,10.));
#11081 = VECTOR('',#11082,1.);
#11082 = DIRECTION('',(0.,1.,0.));
#11083 = PLANE('',#11084);
#11084 = AXIS2_PLACEMENT_3D('',#11085,#11086,#11087);
#11085 = CARTESIAN_POINT('',(16.1664,0.5667,10.));
#11086 = DIRECTION('',(0.,0.,1.));
#11087 = DIRECTION('',(1.,0.,-0.));
#11088 = ADVANCED_FACE('',(#11089),#11105,.T.);
#11089 = FACE_BOUND('',#11090,.T.);
#11090 = EDGE_LOOP('',(#11091,#11092,#11098,#11099));
#11091 = ORIENTED_EDGE('',*,*,#11038,.T.);
#11092 = ORIENTED_EDGE('',*,*,#11093,.T.);
#11093 = EDGE_CURVE('',#11031,#11055,#11094,.T.);
#11094 = LINE('',#11095,#11096);
#11095 = CARTESIAN_POINT('',(17.4336,0.5667,0.3));
#11096 = VECTOR('',#11097,1.);
#11097 = DIRECTION('',(0.,0.,1.));
#11098 = ORIENTED_EDGE('',*,*,#11052,.F.);
#11099 = ORIENTED_EDGE('',*,*,#11100,.F.);
#11100 = EDGE_CURVE('',#11013,#11053,#11101,.T.);
#11101 = LINE('',#11102,#11103);
#11102 = CARTESIAN_POINT('',(16.1664,0.5667,0.3));
#11103 = VECTOR('',#11104,1.);
#11104 = DIRECTION('',(0.,0.,1.));
#11105 = PLANE('',#11106);
#11106 = AXIS2_PLACEMENT_3D('',#11107,#11108,#11109);
#11107 = CARTESIAN_POINT('',(16.1664,0.5667,0.3));
#11108 = DIRECTION('',(0.,-1.,0.));
#11109 = DIRECTION('',(1.,0.,0.));
#11110 = ADVANCED_FACE('',(#11111),#11127,.T.);
#11111 = FACE_BOUND('',#11112,.T.);
#11112 = EDGE_LOOP('',(#11113,#11119,#11120,#11126));
#11113 = ORIENTED_EDGE('',*,*,#11114,.T.);
#11114 = EDGE_CURVE('',#11015,#11071,#11115,.T.);
#11115 = LINE('',#11116,#11117);
#11116 = CARTESIAN_POINT('',(16.1664,0.7083,0.3));
#11117 = VECTOR('',#11118,1.);
#11118 = DIRECTION('',(0.,0.,1.));
#11119 = ORIENTED_EDGE('',*,*,#11070,.T.);
#11120 = ORIENTED_EDGE('',*,*,#11121,.F.);
#11121 = EDGE_CURVE('',#11023,#11063,#11122,.T.);
#11122 = LINE('',#11123,#11124);
#11123 = CARTESIAN_POINT('',(17.4336,0.7083,0.3));
#11124 = VECTOR('',#11125,1.);
#11125 = DIRECTION('',(0.,0.,1.));
#11126 = ORIENTED_EDGE('',*,*,#11022,.F.);
#11127 = PLANE('',#11128);
#11128 = AXIS2_PLACEMENT_3D('',#11129,#11130,#11131);
#11129 = CARTESIAN_POINT('',(16.1664,0.7083,0.3));
#11130 = DIRECTION('',(0.,1.,0.));
#11131 = DIRECTION('',(1.,0.,0.));
#11132 = ADVANCED_FACE('',(#11133),#11139,.T.);
#11133 = FACE_BOUND('',#11134,.T.);
#11134 = EDGE_LOOP('',(#11135,#11136,#11137,#11138));
#11135 = ORIENTED_EDGE('',*,*,#11100,.T.);
#11136 = ORIENTED_EDGE('',*,*,#11078,.T.);
#11137 = ORIENTED_EDGE('',*,*,#11114,.F.);
#11138 = ORIENTED_EDGE('',*,*,#11012,.F.);
#11139 = PLANE('',#11140);
#11140 = AXIS2_PLACEMENT_3D('',#11141,#11142,#11143);
#11141 = CARTESIAN_POINT('',(16.1664,0.5667,0.3));
#11142 = DIRECTION('',(-1.,0.,0.));
#11143 = DIRECTION('',(0.,1.,0.));
#11144 = ADVANCED_FACE('',(#11145),#11151,.T.);
#11145 = FACE_BOUND('',#11146,.T.);
#11146 = EDGE_LOOP('',(#11147,#11148,#11149,#11150));
#11147 = ORIENTED_EDGE('',*,*,#11030,.T.);
#11148 = ORIENTED_EDGE('',*,*,#11121,.T.);
#11149 = ORIENTED_EDGE('',*,*,#11062,.F.);
#11150 = ORIENTED_EDGE('',*,*,#11093,.F.);
#11151 = PLANE('',#11152);
#11152 = AXIS2_PLACEMENT_3D('',#11153,#11154,#11155);
#11153 = CARTESIAN_POINT('',(17.4336,0.5667,0.3));
#11154 = DIRECTION('',(1.,0.,0.));
#11155 = DIRECTION('',(-0.,1.,0.));
#11156 = MANIFOLD_SOLID_BREP('',#11157);
#11157 = CLOSED_SHELL('',(#11158,#11198,#11238,#11260,#11282,#11294));
#11158 = ADVANCED_FACE('',(#11159),#11193,.T.);
#11159 = FACE_BOUND('',#11160,.T.);
#11160 = EDGE_LOOP('',(#11161,#11171,#11179,#11187));
#11161 = ORIENTED_EDGE('',*,*,#11162,.T.);
#11162 = EDGE_CURVE('',#11163,#11165,#11167,.T.);
#11163 = VERTEX_POINT('',#11164);
#11164 = CARTESIAN_POINT('',(16.0639,0.425,0.3));
#11165 = VERTEX_POINT('',#11166);
#11166 = CARTESIAN_POINT('',(16.0639,0.5667,0.3));
#11167 = LINE('',#11168,#11169);
#11168 = CARTESIAN_POINT('',(16.0639,0.425,0.3));
#11169 = VECTOR('',#11170,1.);
#11170 = DIRECTION('',(0.,1.,0.));
#11171 = ORIENTED_EDGE('',*,*,#11172,.T.);
#11172 = EDGE_CURVE('',#11165,#11173,#11175,.T.);
#11173 = VERTEX_POINT('',#11174);
#11174 = CARTESIAN_POINT('',(17.5361,0.5667,0.3));
#11175 = LINE('',#11176,#11177);
#11176 = CARTESIAN_POINT('',(16.0639,0.5667,0.3));
#11177 = VECTOR('',#11178,1.);
#11178 = DIRECTION('',(1.,0.,0.));
#11179 = ORIENTED_EDGE('',*,*,#11180,.F.);
#11180 = EDGE_CURVE('',#11181,#11173,#11183,.T.);
#11181 = VERTEX_POINT('',#11182);
#11182 = CARTESIAN_POINT('',(17.5361,0.425,0.3));
#11183 = LINE('',#11184,#11185);
#11184 = CARTESIAN_POINT('',(17.5361,0.425,0.3));
#11185 = VECTOR('',#11186,1.);
#11186 = DIRECTION('',(0.,1.,0.));
#11187 = ORIENTED_EDGE('',*,*,#11188,.F.);
#11188 = EDGE_CURVE('',#11163,#11181,#11189,.T.);
#11189 = LINE('',#11190,#11191);
#11190 = CARTESIAN_POINT('',(16.0639,0.425,0.3));
#11191 = VECTOR('',#11192,1.);
#11192 = DIRECTION('',(1.,0.,0.));
#11193 = PLANE('',#11194);
#11194 = AXIS2_PLACEMENT_3D('',#11195,#11196,#11197);
#11195 = CARTESIAN_POINT('',(16.0639,0.425,0.3));
#11196 = DIRECTION('',(0.,0.,-1.));
#11197 = DIRECTION('',(1.,0.,0.));
#11198 = ADVANCED_FACE('',(#11199),#11233,.T.);
#11199 = FACE_BOUND('',#11200,.T.);
#11200 = EDGE_LOOP('',(#11201,#11211,#11219,#11227));
#11201 = ORIENTED_EDGE('',*,*,#11202,.T.);
#11202 = EDGE_CURVE('',#11203,#11205,#11207,.T.);
#11203 = VERTEX_POINT('',#11204);
#11204 = CARTESIAN_POINT('',(16.0639,0.425,10.));
#11205 = VERTEX_POINT('',#11206);
#11206 = CARTESIAN_POINT('',(17.5361,0.425,10.));
#11207 = LINE('',#11208,#11209);
#11208 = CARTESIAN_POINT('',(16.0639,0.425,10.));
#11209 = VECTOR('',#11210,1.);
#11210 = DIRECTION('',(1.,0.,0.));
#11211 = ORIENTED_EDGE('',*,*,#11212,.T.);
#11212 = EDGE_CURVE('',#11205,#11213,#11215,.T.);
#11213 = VERTEX_POINT('',#11214);
#11214 = CARTESIAN_POINT('',(17.5361,0.5667,10.));
#11215 = LINE('',#11216,#11217);
#11216 = CARTESIAN_POINT('',(17.5361,0.425,10.));
#11217 = VECTOR('',#11218,1.);
#11218 = DIRECTION('',(0.,1.,0.));
#11219 = ORIENTED_EDGE('',*,*,#11220,.F.);
#11220 = EDGE_CURVE('',#11221,#11213,#11223,.T.);
#11221 = VERTEX_POINT('',#11222);
#11222 = CARTESIAN_POINT('',(16.0639,0.5667,10.));
#11223 = LINE('',#11224,#11225);
#11224 = CARTESIAN_POINT('',(16.0639,0.5667,10.));
#11225 = VECTOR('',#11226,1.);
#11226 = DIRECTION('',(1.,0.,0.));
#11227 = ORIENTED_EDGE('',*,*,#11228,.F.);
#11228 = EDGE_CURVE('',#11203,#11221,#11229,.T.);
#11229 = LINE('',#11230,#11231);
#11230 = CARTESIAN_POINT('',(16.0639,0.425,10.));
#11231 = VECTOR('',#11232,1.);
#11232 = DIRECTION('',(0.,1.,0.));
#11233 = PLANE('',#11234);
#11234 = AXIS2_PLACEMENT_3D('',#11235,#11236,#11237);
#11235 = CARTESIAN_POINT('',(16.0639,0.425,10.));
#11236 = DIRECTION('',(0.,0.,1.));
#11237 = DIRECTION('',(1.,0.,-0.));
#11238 = ADVANCED_FACE('',(#11239),#11255,.T.);
#11239 = FACE_BOUND('',#11240,.T.);
#11240 = EDGE_LOOP('',(#11241,#11242,#11248,#11249));
#11241 = ORIENTED_EDGE('',*,*,#11188,.T.);
#11242 = ORIENTED_EDGE('',*,*,#11243,.T.);
#11243 = EDGE_CURVE('',#11181,#11205,#11244,.T.);
#11244 = LINE('',#11245,#11246);
#11245 = CARTESIAN_POINT('',(17.5361,0.425,0.3));
#11246 = VECTOR('',#11247,1.);
#11247 = DIRECTION('',(0.,0.,1.));
#11248 = ORIENTED_EDGE('',*,*,#11202,.F.);
#11249 = ORIENTED_EDGE('',*,*,#11250,.F.);
#11250 = EDGE_CURVE('',#11163,#11203,#11251,.T.);
#11251 = LINE('',#11252,#11253);
#11252 = CARTESIAN_POINT('',(16.0639,0.425,0.3));
#11253 = VECTOR('',#11254,1.);
#11254 = DIRECTION('',(0.,0.,1.));
#11255 = PLANE('',#11256);
#11256 = AXIS2_PLACEMENT_3D('',#11257,#11258,#11259);
#11257 = CARTESIAN_POINT('',(16.0639,0.425,0.3));
#11258 = DIRECTION('',(0.,-1.,0.));
#11259 = DIRECTION('',(1.,0.,0.));
#11260 = ADVANCED_FACE('',(#11261),#11277,.T.);
#11261 = FACE_BOUND('',#11262,.T.);
#11262 = EDGE_LOOP('',(#11263,#11269,#11270,#11276));
#11263 = ORIENTED_EDGE('',*,*,#11264,.T.);
#11264 = EDGE_CURVE('',#11165,#11221,#11265,.T.);
#11265 = LINE('',#11266,#11267);
#11266 = CARTESIAN_POINT('',(16.0639,0.5667,0.3));
#11267 = VECTOR('',#11268,1.);
#11268 = DIRECTION('',(0.,0.,1.));
#11269 = ORIENTED_EDGE('',*,*,#11220,.T.);
#11270 = ORIENTED_EDGE('',*,*,#11271,.F.);
#11271 = EDGE_CURVE('',#11173,#11213,#11272,.T.);
#11272 = LINE('',#11273,#11274);
#11273 = CARTESIAN_POINT('',(17.5361,0.5667,0.3));
#11274 = VECTOR('',#11275,1.);
#11275 = DIRECTION('',(0.,0.,1.));
#11276 = ORIENTED_EDGE('',*,*,#11172,.F.);
#11277 = PLANE('',#11278);
#11278 = AXIS2_PLACEMENT_3D('',#11279,#11280,#11281);
#11279 = CARTESIAN_POINT('',(16.0639,0.5667,0.3));
#11280 = DIRECTION('',(0.,1.,0.));
#11281 = DIRECTION('',(1.,0.,0.));
#11282 = ADVANCED_FACE('',(#11283),#11289,.T.);
#11283 = FACE_BOUND('',#11284,.T.);
#11284 = EDGE_LOOP('',(#11285,#11286,#11287,#11288));
#11285 = ORIENTED_EDGE('',*,*,#11250,.T.);
#11286 = ORIENTED_EDGE('',*,*,#11228,.T.);
#11287 = ORIENTED_EDGE('',*,*,#11264,.F.);
#11288 = ORIENTED_EDGE('',*,*,#11162,.F.);
#11289 = PLANE('',#11290);
#11290 = AXIS2_PLACEMENT_3D('',#11291,#11292,#11293);
#11291 = CARTESIAN_POINT('',(16.0639,0.425,0.3));
#11292 = DIRECTION('',(-1.,0.,0.));
#11293 = DIRECTION('',(0.,1.,0.));
#11294 = ADVANCED_FACE('',(#11295),#11301,.T.);
#11295 = FACE_BOUND('',#11296,.T.);
#11296 = EDGE_LOOP('',(#11297,#11298,#11299,#11300));
#11297 = ORIENTED_EDGE('',*,*,#11180,.T.);
#11298 = ORIENTED_EDGE('',*,*,#11271,.T.);
#11299 = ORIENTED_EDGE('',*,*,#11212,.F.);
#11300 = ORIENTED_EDGE('',*,*,#11243,.F.);
#11301 = PLANE('',#11302);
#11302 = AXIS2_PLACEMENT_3D('',#11303,#11304,#11305);
#11303 = CARTESIAN_POINT('',(17.5361,0.425,0.3));
#11304 = DIRECTION('',(1.,0.,0.));
#11305 = DIRECTION('',(-0.,1.,0.));
#11306 = MANIFOLD_SOLID_BREP('',#11307);
#11307 = CLOSED_SHELL('',(#11308,#11348,#11388,#11410,#11432,#11444));
#11308 = ADVANCED_FACE('',(#11309),#11343,.T.);
#11309 = FACE_BOUND('',#11310,.T.);
#11310 = EDGE_LOOP('',(#11311,#11321,#11329,#11337));
#11311 = ORIENTED_EDGE('',*,*,#11312,.T.);
#11312 = EDGE_CURVE('',#11313,#11315,#11317,.T.);
#11313 = VERTEX_POINT('',#11314);
#11314 = CARTESIAN_POINT('',(15.9986,0.2833,0.3));
#11315 = VERTEX_POINT('',#11316);
#11316 = CARTESIAN_POINT('',(15.9986,0.425,0.3));
#11317 = LINE('',#11318,#11319);
#11318 = CARTESIAN_POINT('',(15.9986,0.2833,0.3));
#11319 = VECTOR('',#11320,1.);
#11320 = DIRECTION('',(0.,1.,0.));
#11321 = ORIENTED_EDGE('',*,*,#11322,.T.);
#11322 = EDGE_CURVE('',#11315,#11323,#11325,.T.);
#11323 = VERTEX_POINT('',#11324);
#11324 = CARTESIAN_POINT('',(17.6014,0.425,0.3));
#11325 = LINE('',#11326,#11327);
#11326 = CARTESIAN_POINT('',(15.9986,0.425,0.3));
#11327 = VECTOR('',#11328,1.);
#11328 = DIRECTION('',(1.,0.,0.));
#11329 = ORIENTED_EDGE('',*,*,#11330,.F.);
#11330 = EDGE_CURVE('',#11331,#11323,#11333,.T.);
#11331 = VERTEX_POINT('',#11332);
#11332 = CARTESIAN_POINT('',(17.6014,0.2833,0.3));
#11333 = LINE('',#11334,#11335);
#11334 = CARTESIAN_POINT('',(17.6014,0.2833,0.3));
#11335 = VECTOR('',#11336,1.);
#11336 = DIRECTION('',(0.,1.,0.));
#11337 = ORIENTED_EDGE('',*,*,#11338,.F.);
#11338 = EDGE_CURVE('',#11313,#11331,#11339,.T.);
#11339 = LINE('',#11340,#11341);
#11340 = CARTESIAN_POINT('',(15.9986,0.2833,0.3));
#11341 = VECTOR('',#11342,1.);
#11342 = DIRECTION('',(1.,0.,0.));
#11343 = PLANE('',#11344);
#11344 = AXIS2_PLACEMENT_3D('',#11345,#11346,#11347);
#11345 = CARTESIAN_POINT('',(15.9986,0.2833,0.3));
#11346 = DIRECTION('',(0.,0.,-1.));
#11347 = DIRECTION('',(1.,0.,0.));
#11348 = ADVANCED_FACE('',(#11349),#11383,.T.);
#11349 = FACE_BOUND('',#11350,.T.);
#11350 = EDGE_LOOP('',(#11351,#11361,#11369,#11377));
#11351 = ORIENTED_EDGE('',*,*,#11352,.T.);
#11352 = EDGE_CURVE('',#11353,#11355,#11357,.T.);
#11353 = VERTEX_POINT('',#11354);
#11354 = CARTESIAN_POINT('',(15.9986,0.2833,10.));
#11355 = VERTEX_POINT('',#11356);
#11356 = CARTESIAN_POINT('',(17.6014,0.2833,10.));
#11357 = LINE('',#11358,#11359);
#11358 = CARTESIAN_POINT('',(15.9986,0.2833,10.));
#11359 = VECTOR('',#11360,1.);
#11360 = DIRECTION('',(1.,0.,0.));
#11361 = ORIENTED_EDGE('',*,*,#11362,.T.);
#11362 = EDGE_CURVE('',#11355,#11363,#11365,.T.);
#11363 = VERTEX_POINT('',#11364);
#11364 = CARTESIAN_POINT('',(17.6014,0.425,10.));
#11365 = LINE('',#11366,#11367);
#11366 = CARTESIAN_POINT('',(17.6014,0.2833,10.));
#11367 = VECTOR('',#11368,1.);
#11368 = DIRECTION('',(0.,1.,0.));
#11369 = ORIENTED_EDGE('',*,*,#11370,.F.);
#11370 = EDGE_CURVE('',#11371,#11363,#11373,.T.);
#11371 = VERTEX_POINT('',#11372);
#11372 = CARTESIAN_POINT('',(15.9986,0.425,10.));
#11373 = LINE('',#11374,#11375);
#11374 = CARTESIAN_POINT('',(15.9986,0.425,10.));
#11375 = VECTOR('',#11376,1.);
#11376 = DIRECTION('',(1.,0.,0.));
#11377 = ORIENTED_EDGE('',*,*,#11378,.F.);
#11378 = EDGE_CURVE('',#11353,#11371,#11379,.T.);
#11379 = LINE('',#11380,#11381);
#11380 = CARTESIAN_POINT('',(15.9986,0.2833,10.));
#11381 = VECTOR('',#11382,1.);
#11382 = DIRECTION('',(0.,1.,0.));
#11383 = PLANE('',#11384);
#11384 = AXIS2_PLACEMENT_3D('',#11385,#11386,#11387);
#11385 = CARTESIAN_POINT('',(15.9986,0.2833,10.));
#11386 = DIRECTION('',(0.,0.,1.));
#11387 = DIRECTION('',(1.,0.,-0.));
#11388 = ADVANCED_FACE('',(#11389),#11405,.T.);
#11389 = FACE_BOUND('',#11390,.T.);
#11390 = EDGE_LOOP('',(#11391,#11392,#11398,#11399));
#11391 = ORIENTED_EDGE('',*,*,#11338,.T.);
#11392 = ORIENTED_EDGE('',*,*,#11393,.T.);
#11393 = EDGE_CURVE('',#11331,#11355,#11394,.T.);
#11394 = LINE('',#11395,#11396);
#11395 = CARTESIAN_POINT('',(17.6014,0.2833,0.3));
#11396 = VECTOR('',#11397,1.);
#11397 = DIRECTION('',(0.,0.,1.));
#11398 = ORIENTED_EDGE('',*,*,#11352,.F.);
#11399 = ORIENTED_EDGE('',*,*,#11400,.F.);
#11400 = EDGE_CURVE('',#11313,#11353,#11401,.T.);
#11401 = LINE('',#11402,#11403);
#11402 = CARTESIAN_POINT('',(15.9986,0.2833,0.3));
#11403 = VECTOR('',#11404,1.);
#11404 = DIRECTION('',(0.,0.,1.));
#11405 = PLANE('',#11406);
#11406 = AXIS2_PLACEMENT_3D('',#11407,#11408,#11409);
#11407 = CARTESIAN_POINT('',(15.9986,0.2833,0.3));
#11408 = DIRECTION('',(0.,-1.,0.));
#11409 = DIRECTION('',(1.,0.,0.));
#11410 = ADVANCED_FACE('',(#11411),#11427,.T.);
#11411 = FACE_BOUND('',#11412,.T.);
#11412 = EDGE_LOOP('',(#11413,#11419,#11420,#11426));
#11413 = ORIENTED_EDGE('',*,*,#11414,.T.);
#11414 = EDGE_CURVE('',#11315,#11371,#11415,.T.);
#11415 = LINE('',#11416,#11417);
#11416 = CARTESIAN_POINT('',(15.9986,0.425,0.3));
#11417 = VECTOR('',#11418,1.);
#11418 = DIRECTION('',(0.,0.,1.));
#11419 = ORIENTED_EDGE('',*,*,#11370,.T.);
#11420 = ORIENTED_EDGE('',*,*,#11421,.F.);
#11421 = EDGE_CURVE('',#11323,#11363,#11422,.T.);
#11422 = LINE('',#11423,#11424);
#11423 = CARTESIAN_POINT('',(17.6014,0.425,0.3));
#11424 = VECTOR('',#11425,1.);
#11425 = DIRECTION('',(0.,0.,1.));
#11426 = ORIENTED_EDGE('',*,*,#11322,.F.);
#11427 = PLANE('',#11428);
#11428 = AXIS2_PLACEMENT_3D('',#11429,#11430,#11431);
#11429 = CARTESIAN_POINT('',(15.9986,0.425,0.3));
#11430 = DIRECTION('',(0.,1.,0.));
#11431 = DIRECTION('',(1.,0.,0.));
#11432 = ADVANCED_FACE('',(#11433),#11439,.T.);
#11433 = FACE_BOUND('',#11434,.T.);
#11434 = EDGE_LOOP('',(#11435,#11436,#11437,#11438));
#11435 = ORIENTED_EDGE('',*,*,#11400,.T.);
#11436 = ORIENTED_EDGE('',*,*,#11378,.T.);
#11437 = ORIENTED_EDGE('',*,*,#11414,.F.);
#11438 = ORIENTED_EDGE('',*,*,#11312,.F.);
#11439 = PLANE('',#11440);
#11440 = AXIS2_PLACEMENT_3D('',#11441,#11442,#11443);
#11441 = CARTESIAN_POINT('',(15.9986,0.2833,0.3));
#11442 = DIRECTION('',(-1.,0.,0.));
#11443 = DIRECTION('',(0.,1.,0.));
#11444 = ADVANCED_FACE('',(#11445),#11451,.T.);
#11445 = FACE_BOUND('',#11446,.T.);
#11446 = EDGE_LOOP('',(#11447,#11448,#11449,#11450));
#11447 = ORIENTED_EDGE('',*,*,#11330,.T.);
#11448 = ORIENTED_EDGE('',*,*,#11421,.T.);
#11449 = ORIENTED_EDGE('',*,*,#11362,.F.);
#11450 = ORIENTED_EDGE('',*,*,#11393,.F.);
#11451 = PLANE('',#11452);
#11452 = AXIS2_PLACEMENT_3D('',#11453,#11454,#11455);
#11453 = CARTESIAN_POINT('',(17.6014,0.2833,0.3));
#11454 = DIRECTION('',(1.,0.,0.));
#11455 = DIRECTION('',(-0.,1.,0.));
#11456 = MANIFOLD_SOLID_BREP('',#11457);
#11457 = CLOSED_SHELL('',(#11458,#11498,#11538,#11560,#11582,#11594));
#11458 = ADVANCED_FACE('',(#11459),#11493,.T.);
#11459 = FACE_BOUND('',#11460,.T.);
#11460 = EDGE_LOOP('',(#11461,#11471,#11479,#11487));
#11461 = ORIENTED_EDGE('',*,*,#11462,.T.);
#11462 = EDGE_CURVE('',#11463,#11465,#11467,.T.);
#11463 = VERTEX_POINT('',#11464);
#11464 = CARTESIAN_POINT('',(15.9619,0.1417,0.3));
#11465 = VERTEX_POINT('',#11466);
#11466 = CARTESIAN_POINT('',(15.9619,0.2833,0.3));
#11467 = LINE('',#11468,#11469);
#11468 = CARTESIAN_POINT('',(15.9619,0.1417,0.3));
#11469 = VECTOR('',#11470,1.);
#11470 = DIRECTION('',(0.,1.,0.));
#11471 = ORIENTED_EDGE('',*,*,#11472,.T.);
#11472 = EDGE_CURVE('',#11465,#11473,#11475,.T.);
#11473 = VERTEX_POINT('',#11474);
#11474 = CARTESIAN_POINT('',(17.6381,0.2833,0.3));
#11475 = LINE('',#11476,#11477);
#11476 = CARTESIAN_POINT('',(15.9619,0.2833,0.3));
#11477 = VECTOR('',#11478,1.);
#11478 = DIRECTION('',(1.,0.,0.));
#11479 = ORIENTED_EDGE('',*,*,#11480,.F.);
#11480 = EDGE_CURVE('',#11481,#11473,#11483,.T.);
#11481 = VERTEX_POINT('',#11482);
#11482 = CARTESIAN_POINT('',(17.6381,0.1417,0.3));
#11483 = LINE('',#11484,#11485);
#11484 = CARTESIAN_POINT('',(17.6381,0.1417,0.3));
#11485 = VECTOR('',#11486,1.);
#11486 = DIRECTION('',(0.,1.,0.));
#11487 = ORIENTED_EDGE('',*,*,#11488,.F.);
#11488 = EDGE_CURVE('',#11463,#11481,#11489,.T.);
#11489 = LINE('',#11490,#11491);
#11490 = CARTESIAN_POINT('',(15.9619,0.1417,0.3));
#11491 = VECTOR('',#11492,1.);
#11492 = DIRECTION('',(1.,0.,0.));
#11493 = PLANE('',#11494);
#11494 = AXIS2_PLACEMENT_3D('',#11495,#11496,#11497);
#11495 = CARTESIAN_POINT('',(15.9619,0.1417,0.3));
#11496 = DIRECTION('',(0.,0.,-1.));
#11497 = DIRECTION('',(1.,0.,0.));
#11498 = ADVANCED_FACE('',(#11499),#11533,.T.);
#11499 = FACE_BOUND('',#11500,.T.);
#11500 = EDGE_LOOP('',(#11501,#11511,#11519,#11527));
#11501 = ORIENTED_EDGE('',*,*,#11502,.T.);
#11502 = EDGE_CURVE('',#11503,#11505,#11507,.T.);
#11503 = VERTEX_POINT('',#11504);
#11504 = CARTESIAN_POINT('',(15.9619,0.1417,10.));
#11505 = VERTEX_POINT('',#11506);
#11506 = CARTESIAN_POINT('',(17.6381,0.1417,10.));
#11507 = LINE('',#11508,#11509);
#11508 = CARTESIAN_POINT('',(15.9619,0.1417,10.));
#11509 = VECTOR('',#11510,1.);
#11510 = DIRECTION('',(1.,0.,0.));
#11511 = ORIENTED_EDGE('',*,*,#11512,.T.);
#11512 = EDGE_CURVE('',#11505,#11513,#11515,.T.);
#11513 = VERTEX_POINT('',#11514);
#11514 = CARTESIAN_POINT('',(17.6381,0.2833,10.));
#11515 = LINE('',#11516,#11517);
#11516 = CARTESIAN_POINT('',(17.6381,0.1417,10.));
#11517 = VECTOR('',#11518,1.);
#11518 = DIRECTION('',(0.,1.,0.));
#11519 = ORIENTED_EDGE('',*,*,#11520,.F.);
#11520 = EDGE_CURVE('',#11521,#11513,#11523,.T.);
#11521 = VERTEX_POINT('',#11522);
#11522 = CARTESIAN_POINT('',(15.9619,0.2833,10.));
#11523 = LINE('',#11524,#11525);
#11524 = CARTESIAN_POINT('',(15.9619,0.2833,10.));
#11525 = VECTOR('',#11526,1.);
#11526 = DIRECTION('',(1.,0.,0.));
#11527 = ORIENTED_EDGE('',*,*,#11528,.F.);
#11528 = EDGE_CURVE('',#11503,#11521,#11529,.T.);
#11529 = LINE('',#11530,#11531);
#11530 = CARTESIAN_POINT('',(15.9619,0.1417,10.));
#11531 = VECTOR('',#11532,1.);
#11532 = DIRECTION('',(0.,1.,0.));
#11533 = PLANE('',#11534);
#11534 = AXIS2_PLACEMENT_3D('',#11535,#11536,#11537);
#11535 = CARTESIAN_POINT('',(15.9619,0.1417,10.));
#11536 = DIRECTION('',(0.,0.,1.));
#11537 = DIRECTION('',(1.,0.,-0.));
#11538 = ADVANCED_FACE('',(#11539),#11555,.T.);
#11539 = FACE_BOUND('',#11540,.T.);
#11540 = EDGE_LOOP('',(#11541,#11542,#11548,#11549));
#11541 = ORIENTED_EDGE('',*,*,#11488,.T.);
#11542 = ORIENTED_EDGE('',*,*,#11543,.T.);
#11543 = EDGE_CURVE('',#11481,#11505,#11544,.T.);
#11544 = LINE('',#11545,#11546);
#11545 = CARTESIAN_POINT('',(17.6381,0.1417,0.3));
#11546 = VECTOR('',#11547,1.);
#11547 = DIRECTION('',(0.,0.,1.));
#11548 = ORIENTED_EDGE('',*,*,#11502,.F.);
#11549 = ORIENTED_EDGE('',*,*,#11550,.F.);
#11550 = EDGE_CURVE('',#11463,#11503,#11551,.T.);
#11551 = LINE('',#11552,#11553);
#11552 = CARTESIAN_POINT('',(15.9619,0.1417,0.3));
#11553 = VECTOR('',#11554,1.);
#11554 = DIRECTION('',(0.,0.,1.));
#11555 = PLANE('',#11556);
#11556 = AXIS2_PLACEMENT_3D('',#11557,#11558,#11559);
#11557 = CARTESIAN_POINT('',(15.9619,0.1417,0.3));
#11558 = DIRECTION('',(0.,-1.,0.));
#11559 = DIRECTION('',(1.,0.,0.));
#11560 = ADVANCED_FACE('',(#11561),#11577,.T.);
#11561 = FACE_BOUND('',#11562,.T.);
#11562 = EDGE_LOOP('',(#11563,#11569,#11570,#11576));
#11563 = ORIENTED_EDGE('',*,*,#11564,.T.);
#11564 = EDGE_CURVE('',#11465,#11521,#11565,.T.);
#11565 = LINE('',#11566,#11567);
#11566 = CARTESIAN_POINT('',(15.9619,0.2833,0.3));
#11567 = VECTOR('',#11568,1.);
#11568 = DIRECTION('',(0.,0.,1.));
#11569 = ORIENTED_EDGE('',*,*,#11520,.T.);
#11570 = ORIENTED_EDGE('',*,*,#11571,.F.);
#11571 = EDGE_CURVE('',#11473,#11513,#11572,.T.);
#11572 = LINE('',#11573,#11574);
#11573 = CARTESIAN_POINT('',(17.6381,0.2833,0.3));
#11574 = VECTOR('',#11575,1.);
#11575 = DIRECTION('',(0.,0.,1.));
#11576 = ORIENTED_EDGE('',*,*,#11472,.F.);
#11577 = PLANE('',#11578);
#11578 = AXIS2_PLACEMENT_3D('',#11579,#11580,#11581);
#11579 = CARTESIAN_POINT('',(15.9619,0.2833,0.3));
#11580 = DIRECTION('',(0.,1.,0.));
#11581 = DIRECTION('',(1.,0.,0.));
#11582 = ADVANCED_FACE('',(#11583),#11589,.T.);
#11583 = FACE_BOUND('',#11584,.T.);
#11584 = EDGE_LOOP('',(#11585,#11586,#11587,#11588));
#11585 = ORIENTED_EDGE('',*,*,#11550,.T.);
#11586 = ORIENTED_EDGE('',*,*,#11528,.T.);
#11587 = ORIENTED_EDGE('',*,*,#11564,.F.);
#11588 = ORIENTED_EDGE('',*,*,#11462,.F.);
#11589 = PLANE('',#11590);
#11590 = AXIS2_PLACEMENT_3D('',#11591,#11592,#11593);
#11591 = CARTESIAN_POINT('',(15.9619,0.1417,0.3));
#11592 = DIRECTION('',(-1.,0.,0.));
#11593 = DIRECTION('',(0.,1.,0.));
#11594 = ADVANCED_FACE('',(#11595),#11601,.T.);
#11595 = FACE_BOUND('',#11596,.T.);
#11596 = EDGE_LOOP('',(#11597,#11598,#11599,#11600));
#11597 = ORIENTED_EDGE('',*,*,#11480,.T.);
#11598 = ORIENTED_EDGE('',*,*,#11571,.T.);
#11599 = ORIENTED_EDGE('',*,*,#11512,.F.);
#11600 = ORIENTED_EDGE('',*,*,#11543,.F.);
#11601 = PLANE('',#11602);
#11602 = AXIS2_PLACEMENT_3D('',#11603,#11604,#11605);
#11603 = CARTESIAN_POINT('',(17.6381,0.1417,0.3));
#11604 = DIRECTION('',(1.,0.,0.));
#11605 = DIRECTION('',(-0.,1.,0.));
#11606 = MANIFOLD_SOLID_BREP('',#11607);
#11607 = CLOSED_SHELL('',(#11608,#11648,#11688,#11710,#11732,#11744));
#11608 = ADVANCED_FACE('',(#11609),#11643,.T.);
#11609 = FACE_BOUND('',#11610,.T.);
#11610 = EDGE_LOOP('',(#11611,#11621,#11629,#11637));
#11611 = ORIENTED_EDGE('',*,*,#11612,.T.);
#11612 = EDGE_CURVE('',#11613,#11615,#11617,.T.);
#11613 = VERTEX_POINT('',#11614);
#11614 = CARTESIAN_POINT('',(15.95,-0.,0.3));
#11615 = VERTEX_POINT('',#11616);
#11616 = CARTESIAN_POINT('',(15.95,0.1417,0.3));
#11617 = LINE('',#11618,#11619);
#11618 = CARTESIAN_POINT('',(15.95,-0.,0.3));
#11619 = VECTOR('',#11620,1.);
#11620 = DIRECTION('',(0.,1.,0.));
#11621 = ORIENTED_EDGE('',*,*,#11622,.T.);
#11622 = EDGE_CURVE('',#11615,#11623,#11625,.T.);
#11623 = VERTEX_POINT('',#11624);
#11624 = CARTESIAN_POINT('',(17.65,0.1417,0.3));
#11625 = LINE('',#11626,#11627);
#11626 = CARTESIAN_POINT('',(15.95,0.1417,0.3));
#11627 = VECTOR('',#11628,1.);
#11628 = DIRECTION('',(1.,0.,0.));
#11629 = ORIENTED_EDGE('',*,*,#11630,.F.);
#11630 = EDGE_CURVE('',#11631,#11623,#11633,.T.);
#11631 = VERTEX_POINT('',#11632);
#11632 = CARTESIAN_POINT('',(17.65,-0.,0.3));
#11633 = LINE('',#11634,#11635);
#11634 = CARTESIAN_POINT('',(17.65,-0.,0.3));
#11635 = VECTOR('',#11636,1.);
#11636 = DIRECTION('',(0.,1.,0.));
#11637 = ORIENTED_EDGE('',*,*,#11638,.F.);
#11638 = EDGE_CURVE('',#11613,#11631,#11639,.T.);
#11639 = LINE('',#11640,#11641);
#11640 = CARTESIAN_POINT('',(15.95,-0.,0.3));
#11641 = VECTOR('',#11642,1.);
#11642 = DIRECTION('',(1.,0.,0.));
#11643 = PLANE('',#11644);
#11644 = AXIS2_PLACEMENT_3D('',#11645,#11646,#11647);
#11645 = CARTESIAN_POINT('',(15.95,-0.,0.3));
#11646 = DIRECTION('',(0.,0.,-1.));
#11647 = DIRECTION('',(1.,0.,0.));
#11648 = ADVANCED_FACE('',(#11649),#11683,.T.);
#11649 = FACE_BOUND('',#11650,.T.);
#11650 = EDGE_LOOP('',(#11651,#11661,#11669,#11677));
#11651 = ORIENTED_EDGE('',*,*,#11652,.T.);
#11652 = EDGE_CURVE('',#11653,#11655,#11657,.T.);
#11653 = VERTEX_POINT('',#11654);
#11654 = CARTESIAN_POINT('',(15.95,-0.,10.));
#11655 = VERTEX_POINT('',#11656);
#11656 = CARTESIAN_POINT('',(17.65,-0.,10.));
#11657 = LINE('',#11658,#11659);
#11658 = CARTESIAN_POINT('',(15.95,-0.,10.));
#11659 = VECTOR('',#11660,1.);
#11660 = DIRECTION('',(1.,0.,0.));
#11661 = ORIENTED_EDGE('',*,*,#11662,.T.);
#11662 = EDGE_CURVE('',#11655,#11663,#11665,.T.);
#11663 = VERTEX_POINT('',#11664);
#11664 = CARTESIAN_POINT('',(17.65,0.1417,10.));
#11665 = LINE('',#11666,#11667);
#11666 = CARTESIAN_POINT('',(17.65,-0.,10.));
#11667 = VECTOR('',#11668,1.);
#11668 = DIRECTION('',(0.,1.,0.));
#11669 = ORIENTED_EDGE('',*,*,#11670,.F.);
#11670 = EDGE_CURVE('',#11671,#11663,#11673,.T.);
#11671 = VERTEX_POINT('',#11672);
#11672 = CARTESIAN_POINT('',(15.95,0.1417,10.));
#11673 = LINE('',#11674,#11675);
#11674 = CARTESIAN_POINT('',(15.95,0.1417,10.));
#11675 = VECTOR('',#11676,1.);
#11676 = DIRECTION('',(1.,0.,0.));
#11677 = ORIENTED_EDGE('',*,*,#11678,.F.);
#11678 = EDGE_CURVE('',#11653,#11671,#11679,.T.);
#11679 = LINE('',#11680,#11681);
#11680 = CARTESIAN_POINT('',(15.95,-0.,10.));
#11681 = VECTOR('',#11682,1.);
#11682 = DIRECTION('',(0.,1.,0.));
#11683 = PLANE('',#11684);
#11684 = AXIS2_PLACEMENT_3D('',#11685,#11686,#11687);
#11685 = CARTESIAN_POINT('',(15.95,-0.,10.));
#11686 = DIRECTION('',(0.,0.,1.));
#11687 = DIRECTION('',(1.,0.,-0.));
#11688 = ADVANCED_FACE('',(#11689),#11705,.T.);
#11689 = FACE_BOUND('',#11690,.T.);
#11690 = EDGE_LOOP('',(#11691,#11692,#11698,#11699));
#11691 = ORIENTED_EDGE('',*,*,#11638,.T.);
#11692 = ORIENTED_EDGE('',*,*,#11693,.T.);
#11693 = EDGE_CURVE('',#11631,#11655,#11694,.T.);
#11694 = LINE('',#11695,#11696);
#11695 = CARTESIAN_POINT('',(17.65,-0.,0.3));
#11696 = VECTOR('',#11697,1.);
#11697 = DIRECTION('',(0.,0.,1.));
#11698 = ORIENTED_EDGE('',*,*,#11652,.F.);
#11699 = ORIENTED_EDGE('',*,*,#11700,.F.);
#11700 = EDGE_CURVE('',#11613,#11653,#11701,.T.);
#11701 = LINE('',#11702,#11703);
#11702 = CARTESIAN_POINT('',(15.95,-0.,0.3));
#11703 = VECTOR('',#11704,1.);
#11704 = DIRECTION('',(0.,0.,1.));
#11705 = PLANE('',#11706);
#11706 = AXIS2_PLACEMENT_3D('',#11707,#11708,#11709);
#11707 = CARTESIAN_POINT('',(15.95,-0.,0.3));
#11708 = DIRECTION('',(0.,-1.,0.));
#11709 = DIRECTION('',(1.,0.,0.));
#11710 = ADVANCED_FACE('',(#11711),#11727,.T.);
#11711 = FACE_BOUND('',#11712,.T.);
#11712 = EDGE_LOOP('',(#11713,#11719,#11720,#11726));
#11713 = ORIENTED_EDGE('',*,*,#11714,.T.);
#11714 = EDGE_CURVE('',#11615,#11671,#11715,.T.);
#11715 = LINE('',#11716,#11717);
#11716 = CARTESIAN_POINT('',(15.95,0.1417,0.3));
#11717 = VECTOR('',#11718,1.);
#11718 = DIRECTION('',(0.,0.,1.));
#11719 = ORIENTED_EDGE('',*,*,#11670,.T.);
#11720 = ORIENTED_EDGE('',*,*,#11721,.F.);
#11721 = EDGE_CURVE('',#11623,#11663,#11722,.T.);
#11722 = LINE('',#11723,#11724);
#11723 = CARTESIAN_POINT('',(17.65,0.1417,0.3));
#11724 = VECTOR('',#11725,1.);
#11725 = DIRECTION('',(0.,0.,1.));
#11726 = ORIENTED_EDGE('',*,*,#11622,.F.);
#11727 = PLANE('',#11728);
#11728 = AXIS2_PLACEMENT_3D('',#11729,#11730,#11731);
#11729 = CARTESIAN_POINT('',(15.95,0.1417,0.3));
#11730 = DIRECTION('',(0.,1.,0.));
#11731 = DIRECTION('',(1.,0.,0.));
#11732 = ADVANCED_FACE('',(#11733),#11739,.T.);
#11733 = FACE_BOUND('',#11734,.T.);
#11734 = EDGE_LOOP('',(#11735,#11736,#11737,#11738));
#11735 = ORIENTED_EDGE('',*,*,#11700,.T.);
#11736 = ORIENTED_EDGE('',*,*,#11678,.T.);
#11737 = ORIENTED_EDGE('',*,*,#11714,.F.);
#11738 = ORIENTED_EDGE('',*,*,#11612,.F.);
#11739 = PLANE('',#11740);
#11740 = AXIS2_PLACEMENT_3D('',#11741,#11742,#11743);
#11741 = CARTESIAN_POINT('',(15.95,-0.,0.3));
#11742 = DIRECTION('',(-1.,0.,0.));
#11743 = DIRECTION('',(0.,1.,0.));
#11744 = ADVANCED_FACE('',(#11745),#11751,.T.);
#11745 = FACE_BOUND('',#11746,.T.);
#11746 = EDGE_LOOP('',(#11747,#11748,#11749,#11750));
#11747 = ORIENTED_EDGE('',*,*,#11630,.T.);
#11748 = ORIENTED_EDGE('',*,*,#11721,.T.);
#11749 = ORIENTED_EDGE('',*,*,#11662,.F.);
#11750 = ORIENTED_EDGE('',*,*,#11693,.F.);
#11751 = PLANE('',#11752);
#11752 = AXIS2_PLACEMENT_3D('',#11753,#11754,#11755);
#11753 = CARTESIAN_POINT('',(17.65,-0.,0.3));
#11754 = DIRECTION('',(1.,0.,0.));
#11755 = DIRECTION('',(-0.,1.,0.));
#11756 = MANIFOLD_SOLID_BREP('',#11757);
#11757 = CLOSED_SHELL('',(#11758,#11798,#11838,#11860,#11882,#11894));
#11758 = ADVANCED_FACE('',(#11759),#11793,.T.);
#11759 = FACE_BOUND('',#11760,.T.);
#11760 = EDGE_LOOP('',(#11761,#11771,#11779,#11787));
#11761 = ORIENTED_EDGE('',*,*,#11762,.T.);
#11762 = EDGE_CURVE('',#11763,#11765,#11767,.T.);
#11763 = VERTEX_POINT('',#11764);
#11764 = CARTESIAN_POINT('',(15.95,-0.1417,0.3));
#11765 = VERTEX_POINT('',#11766);
#11766 = CARTESIAN_POINT('',(15.95,-0.,0.3));
#11767 = LINE('',#11768,#11769);
#11768 = CARTESIAN_POINT('',(15.95,-0.1417,0.3));
#11769 = VECTOR('',#11770,1.);
#11770 = DIRECTION('',(0.,1.,0.));
#11771 = ORIENTED_EDGE('',*,*,#11772,.T.);
#11772 = EDGE_CURVE('',#11765,#11773,#11775,.T.);
#11773 = VERTEX_POINT('',#11774);
#11774 = CARTESIAN_POINT('',(17.65,-0.,0.3));
#11775 = LINE('',#11776,#11777);
#11776 = CARTESIAN_POINT('',(15.95,-0.,0.3));
#11777 = VECTOR('',#11778,1.);
#11778 = DIRECTION('',(1.,0.,0.));
#11779 = ORIENTED_EDGE('',*,*,#11780,.F.);
#11780 = EDGE_CURVE('',#11781,#11773,#11783,.T.);
#11781 = VERTEX_POINT('',#11782);
#11782 = CARTESIAN_POINT('',(17.65,-0.1417,0.3));
#11783 = LINE('',#11784,#11785);
#11784 = CARTESIAN_POINT('',(17.65,-0.1417,0.3));
#11785 = VECTOR('',#11786,1.);
#11786 = DIRECTION('',(0.,1.,0.));
#11787 = ORIENTED_EDGE('',*,*,#11788,.F.);
#11788 = EDGE_CURVE('',#11763,#11781,#11789,.T.);
#11789 = LINE('',#11790,#11791);
#11790 = CARTESIAN_POINT('',(15.95,-0.1417,0.3));
#11791 = VECTOR('',#11792,1.);
#11792 = DIRECTION('',(1.,0.,0.));
#11793 = PLANE('',#11794);
#11794 = AXIS2_PLACEMENT_3D('',#11795,#11796,#11797);
#11795 = CARTESIAN_POINT('',(15.95,-0.1417,0.3));
#11796 = DIRECTION('',(0.,0.,-1.));
#11797 = DIRECTION('',(1.,0.,0.));
#11798 = ADVANCED_FACE('',(#11799),#11833,.T.);
#11799 = FACE_BOUND('',#11800,.T.);
#11800 = EDGE_LOOP('',(#11801,#11811,#11819,#11827));
#11801 = ORIENTED_EDGE('',*,*,#11802,.T.);
#11802 = EDGE_CURVE('',#11803,#11805,#11807,.T.);
#11803 = VERTEX_POINT('',#11804);
#11804 = CARTESIAN_POINT('',(15.95,-0.1417,10.));
#11805 = VERTEX_POINT('',#11806);
#11806 = CARTESIAN_POINT('',(17.65,-0.1417,10.));
#11807 = LINE('',#11808,#11809);
#11808 = CARTESIAN_POINT('',(15.95,-0.1417,10.));
#11809 = VECTOR('',#11810,1.);
#11810 = DIRECTION('',(1.,0.,0.));
#11811 = ORIENTED_EDGE('',*,*,#11812,.T.);
#11812 = EDGE_CURVE('',#11805,#11813,#11815,.T.);
#11813 = VERTEX_POINT('',#11814);
#11814 = CARTESIAN_POINT('',(17.65,-0.,10.));
#11815 = LINE('',#11816,#11817);
#11816 = CARTESIAN_POINT('',(17.65,-0.1417,10.));
#11817 = VECTOR('',#11818,1.);
#11818 = DIRECTION('',(0.,1.,0.));
#11819 = ORIENTED_EDGE('',*,*,#11820,.F.);
#11820 = EDGE_CURVE('',#11821,#11813,#11823,.T.);
#11821 = VERTEX_POINT('',#11822);
#11822 = CARTESIAN_POINT('',(15.95,-0.,10.));
#11823 = LINE('',#11824,#11825);
#11824 = CARTESIAN_POINT('',(15.95,-0.,10.));
#11825 = VECTOR('',#11826,1.);
#11826 = DIRECTION('',(1.,0.,0.));
#11827 = ORIENTED_EDGE('',*,*,#11828,.F.);
#11828 = EDGE_CURVE('',#11803,#11821,#11829,.T.);
#11829 = LINE('',#11830,#11831);
#11830 = CARTESIAN_POINT('',(15.95,-0.1417,10.));
#11831 = VECTOR('',#11832,1.);
#11832 = DIRECTION('',(0.,1.,0.));
#11833 = PLANE('',#11834);
#11834 = AXIS2_PLACEMENT_3D('',#11835,#11836,#11837);
#11835 = CARTESIAN_POINT('',(15.95,-0.1417,10.));
#11836 = DIRECTION('',(0.,0.,1.));
#11837 = DIRECTION('',(1.,0.,-0.));
#11838 = ADVANCED_FACE('',(#11839),#11855,.T.);
#11839 = FACE_BOUND('',#11840,.T.);
#11840 = EDGE_LOOP('',(#11841,#11842,#11848,#11849));
#11841 = ORIENTED_EDGE('',*,*,#11788,.T.);
#11842 = ORIENTED_EDGE('',*,*,#11843,.T.);
#11843 = EDGE_CURVE('',#11781,#11805,#11844,.T.);
#11844 = LINE('',#11845,#11846);
#11845 = CARTESIAN_POINT('',(17.65,-0.1417,0.3));
#11846 = VECTOR('',#11847,1.);
#11847 = DIRECTION('',(0.,0.,1.));
#11848 = ORIENTED_EDGE('',*,*,#11802,.F.);
#11849 = ORIENTED_EDGE('',*,*,#11850,.F.);
#11850 = EDGE_CURVE('',#11763,#11803,#11851,.T.);
#11851 = LINE('',#11852,#11853);
#11852 = CARTESIAN_POINT('',(15.95,-0.1417,0.3));
#11853 = VECTOR('',#11854,1.);
#11854 = DIRECTION('',(0.,0.,1.));
#11855 = PLANE('',#11856);
#11856 = AXIS2_PLACEMENT_3D('',#11857,#11858,#11859);
#11857 = CARTESIAN_POINT('',(15.95,-0.1417,0.3));
#11858 = DIRECTION('',(0.,-1.,0.));
#11859 = DIRECTION('',(1.,0.,0.));
#11860 = ADVANCED_FACE('',(#11861),#11877,.T.);
#11861 = FACE_BOUND('',#11862,.T.);
#11862 = EDGE_LOOP('',(#11863,#11869,#11870,#11876));
#11863 = ORIENTED_EDGE('',*,*,#11864,.T.);
#11864 = EDGE_CURVE('',#11765,#11821,#11865,.T.);
#11865 = LINE('',#11866,#11867);
#11866 = CARTESIAN_POINT('',(15.95,-0.,0.3));
#11867 = VECTOR('',#11868,1.);
#11868 = DIRECTION('',(0.,0.,1.));
#11869 = ORIENTED_EDGE('',*,*,#11820,.T.);
#11870 = ORIENTED_EDGE('',*,*,#11871,.F.);
#11871 = EDGE_CURVE('',#11773,#11813,#11872,.T.);
#11872 = LINE('',#11873,#11874);
#11873 = CARTESIAN_POINT('',(17.65,-0.,0.3));
#11874 = VECTOR('',#11875,1.);
#11875 = DIRECTION('',(0.,0.,1.));
#11876 = ORIENTED_EDGE('',*,*,#11772,.F.);
#11877 = PLANE('',#11878);
#11878 = AXIS2_PLACEMENT_3D('',#11879,#11880,#11881);
#11879 = CARTESIAN_POINT('',(15.95,-0.,0.3));
#11880 = DIRECTION('',(0.,1.,0.));
#11881 = DIRECTION('',(1.,0.,0.));
#11882 = ADVANCED_FACE('',(#11883),#11889,.T.);
#11883 = FACE_BOUND('',#11884,.T.);
#11884 = EDGE_LOOP('',(#11885,#11886,#11887,#11888));
#11885 = ORIENTED_EDGE('',*,*,#11850,.T.);
#11886 = ORIENTED_EDGE('',*,*,#11828,.T.);
#11887 = ORIENTED_EDGE('',*,*,#11864,.F.);
#11888 = ORIENTED_EDGE('',*,*,#11762,.F.);
#11889 = PLANE('',#11890);
#11890 = AXIS2_PLACEMENT_3D('',#11891,#11892,#11893);
#11891 = CARTESIAN_POINT('',(15.95,-0.1417,0.3));
#11892 = DIRECTION('',(-1.,0.,0.));
#11893 = DIRECTION('',(0.,1.,0.));
#11894 = ADVANCED_FACE('',(#11895),#11901,.T.);
#11895 = FACE_BOUND('',#11896,.T.);
#11896 = EDGE_LOOP('',(#11897,#11898,#11899,#11900));
#11897 = ORIENTED_EDGE('',*,*,#11780,.T.);
#11898 = ORIENTED_EDGE('',*,*,#11871,.T.);
#11899 = ORIENTED_EDGE('',*,*,#11812,.F.);
#11900 = ORIENTED_EDGE('',*,*,#11843,.F.);
#11901 = PLANE('',#11902);
#11902 = AXIS2_PLACEMENT_3D('',#11903,#11904,#11905);
#11903 = CARTESIAN_POINT('',(17.65,-0.1417,0.3));
#11904 = DIRECTION('',(1.,0.,0.));
#11905 = DIRECTION('',(-0.,1.,0.));
#11906 = MANIFOLD_SOLID_BREP('',#11907);
#11907 = CLOSED_SHELL('',(#11908,#11948,#11988,#12010,#12032,#12044));
#11908 = ADVANCED_FACE('',(#11909),#11943,.T.);
#11909 = FACE_BOUND('',#11910,.T.);
#11910 = EDGE_LOOP('',(#11911,#11921,#11929,#11937));
#11911 = ORIENTED_EDGE('',*,*,#11912,.T.);
#11912 = EDGE_CURVE('',#11913,#11915,#11917,.T.);
#11913 = VERTEX_POINT('',#11914);
#11914 = CARTESIAN_POINT('',(15.9619,-0.2833,0.3));
#11915 = VERTEX_POINT('',#11916);
#11916 = CARTESIAN_POINT('',(15.9619,-0.1417,0.3));
#11917 = LINE('',#11918,#11919);
#11918 = CARTESIAN_POINT('',(15.9619,-0.2833,0.3));
#11919 = VECTOR('',#11920,1.);
#11920 = DIRECTION('',(0.,1.,0.));
#11921 = ORIENTED_EDGE('',*,*,#11922,.T.);
#11922 = EDGE_CURVE('',#11915,#11923,#11925,.T.);
#11923 = VERTEX_POINT('',#11924);
#11924 = CARTESIAN_POINT('',(17.6381,-0.1417,0.3));
#11925 = LINE('',#11926,#11927);
#11926 = CARTESIAN_POINT('',(15.9619,-0.1417,0.3));
#11927 = VECTOR('',#11928,1.);
#11928 = DIRECTION('',(1.,0.,0.));
#11929 = ORIENTED_EDGE('',*,*,#11930,.F.);
#11930 = EDGE_CURVE('',#11931,#11923,#11933,.T.);
#11931 = VERTEX_POINT('',#11932);
#11932 = CARTESIAN_POINT('',(17.6381,-0.2833,0.3));
#11933 = LINE('',#11934,#11935);
#11934 = CARTESIAN_POINT('',(17.6381,-0.2833,0.3));
#11935 = VECTOR('',#11936,1.);
#11936 = DIRECTION('',(0.,1.,0.));
#11937 = ORIENTED_EDGE('',*,*,#11938,.F.);
#11938 = EDGE_CURVE('',#11913,#11931,#11939,.T.);
#11939 = LINE('',#11940,#11941);
#11940 = CARTESIAN_POINT('',(15.9619,-0.2833,0.3));
#11941 = VECTOR('',#11942,1.);
#11942 = DIRECTION('',(1.,0.,0.));
#11943 = PLANE('',#11944);
#11944 = AXIS2_PLACEMENT_3D('',#11945,#11946,#11947);
#11945 = CARTESIAN_POINT('',(15.9619,-0.2833,0.3));
#11946 = DIRECTION('',(0.,0.,-1.));
#11947 = DIRECTION('',(1.,0.,0.));
#11948 = ADVANCED_FACE('',(#11949),#11983,.T.);
#11949 = FACE_BOUND('',#11950,.T.);
#11950 = EDGE_LOOP('',(#11951,#11961,#11969,#11977));
#11951 = ORIENTED_EDGE('',*,*,#11952,.T.);
#11952 = EDGE_CURVE('',#11953,#11955,#11957,.T.);
#11953 = VERTEX_POINT('',#11954);
#11954 = CARTESIAN_POINT('',(15.9619,-0.2833,10.));
#11955 = VERTEX_POINT('',#11956);
#11956 = CARTESIAN_POINT('',(17.6381,-0.2833,10.));
#11957 = LINE('',#11958,#11959);
#11958 = CARTESIAN_POINT('',(15.9619,-0.2833,10.));
#11959 = VECTOR('',#11960,1.);
#11960 = DIRECTION('',(1.,0.,0.));
#11961 = ORIENTED_EDGE('',*,*,#11962,.T.);
#11962 = EDGE_CURVE('',#11955,#11963,#11965,.T.);
#11963 = VERTEX_POINT('',#11964);
#11964 = CARTESIAN_POINT('',(17.6381,-0.1417,10.));
#11965 = LINE('',#11966,#11967);
#11966 = CARTESIAN_POINT('',(17.6381,-0.2833,10.));
#11967 = VECTOR('',#11968,1.);
#11968 = DIRECTION('',(0.,1.,0.));
#11969 = ORIENTED_EDGE('',*,*,#11970,.F.);
#11970 = EDGE_CURVE('',#11971,#11963,#11973,.T.);
#11971 = VERTEX_POINT('',#11972);
#11972 = CARTESIAN_POINT('',(15.9619,-0.1417,10.));
#11973 = LINE('',#11974,#11975);
#11974 = CARTESIAN_POINT('',(15.9619,-0.1417,10.));
#11975 = VECTOR('',#11976,1.);
#11976 = DIRECTION('',(1.,0.,0.));
#11977 = ORIENTED_EDGE('',*,*,#11978,.F.);
#11978 = EDGE_CURVE('',#11953,#11971,#11979,.T.);
#11979 = LINE('',#11980,#11981);
#11980 = CARTESIAN_POINT('',(15.9619,-0.2833,10.));
#11981 = VECTOR('',#11982,1.);
#11982 = DIRECTION('',(0.,1.,0.));
#11983 = PLANE('',#11984);
#11984 = AXIS2_PLACEMENT_3D('',#11985,#11986,#11987);
#11985 = CARTESIAN_POINT('',(15.9619,-0.2833,10.));
#11986 = DIRECTION('',(0.,0.,1.));
#11987 = DIRECTION('',(1.,0.,-0.));
#11988 = ADVANCED_FACE('',(#11989),#12005,.T.);
#11989 = FACE_BOUND('',#11990,.T.);
#11990 = EDGE_LOOP('',(#11991,#11992,#11998,#11999));
#11991 = ORIENTED_EDGE('',*,*,#11938,.T.);
#11992 = ORIENTED_EDGE('',*,*,#11993,.T.);
#11993 = EDGE_CURVE('',#11931,#11955,#11994,.T.);
#11994 = LINE('',#11995,#11996);
#11995 = CARTESIAN_POINT('',(17.6381,-0.2833,0.3));
#11996 = VECTOR('',#11997,1.);
#11997 = DIRECTION('',(0.,0.,1.));
#11998 = ORIENTED_EDGE('',*,*,#11952,.F.);
#11999 = ORIENTED_EDGE('',*,*,#12000,.F.);
#12000 = EDGE_CURVE('',#11913,#11953,#12001,.T.);
#12001 = LINE('',#12002,#12003);
#12002 = CARTESIAN_POINT('',(15.9619,-0.2833,0.3));
#12003 = VECTOR('',#12004,1.);
#12004 = DIRECTION('',(0.,0.,1.));
#12005 = PLANE('',#12006);
#12006 = AXIS2_PLACEMENT_3D('',#12007,#12008,#12009);
#12007 = CARTESIAN_POINT('',(15.9619,-0.2833,0.3));
#12008 = DIRECTION('',(0.,-1.,0.));
#12009 = DIRECTION('',(1.,0.,0.));
#12010 = ADVANCED_FACE('',(#12011),#12027,.T.);
#12011 = FACE_BOUND('',#12012,.T.);
#12012 = EDGE_LOOP('',(#12013,#12019,#12020,#12026));
#12013 = ORIENTED_EDGE('',*,*,#12014,.T.);
#12014 = EDGE_CURVE('',#11915,#11971,#12015,.T.);
#12015 = LINE('',#12016,#12017);
#12016 = CARTESIAN_POINT('',(15.9619,-0.1417,0.3));
#12017 = VECTOR('',#12018,1.);
#12018 = DIRECTION('',(0.,0.,1.));
#12019 = ORIENTED_EDGE('',*,*,#11970,.T.);
#12020 = ORIENTED_EDGE('',*,*,#12021,.F.);
#12021 = EDGE_CURVE('',#11923,#11963,#12022,.T.);
#12022 = LINE('',#12023,#12024);
#12023 = CARTESIAN_POINT('',(17.6381,-0.1417,0.3));
#12024 = VECTOR('',#12025,1.);
#12025 = DIRECTION('',(0.,0.,1.));
#12026 = ORIENTED_EDGE('',*,*,#11922,.F.);
#12027 = PLANE('',#12028);
#12028 = AXIS2_PLACEMENT_3D('',#12029,#12030,#12031);
#12029 = CARTESIAN_POINT('',(15.9619,-0.1417,0.3));
#12030 = DIRECTION('',(0.,1.,0.));
#12031 = DIRECTION('',(1.,0.,0.));
#12032 = ADVANCED_FACE('',(#12033),#12039,.T.);
#12033 = FACE_BOUND('',#12034,.T.);
#12034 = EDGE_LOOP('',(#12035,#12036,#12037,#12038));
#12035 = ORIENTED_EDGE('',*,*,#12000,.T.);
#12036 = ORIENTED_EDGE('',*,*,#11978,.T.);
#12037 = ORIENTED_EDGE('',*,*,#12014,.F.);
#12038 = ORIENTED_EDGE('',*,*,#11912,.F.);
#12039 = PLANE('',#12040);
#12040 = AXIS2_PLACEMENT_3D('',#12041,#12042,#12043);
#12041 = CARTESIAN_POINT('',(15.9619,-0.2833,0.3));
#12042 = DIRECTION('',(-1.,0.,0.));
#12043 = DIRECTION('',(0.,1.,0.));
#12044 = ADVANCED_FACE('',(#12045),#12051,.T.);
#12045 = FACE_BOUND('',#12046,.T.);
#12046 = EDGE_LOOP('',(#12047,#12048,#12049,#12050));
#12047 = ORIENTED_EDGE('',*,*,#11930,.T.);
#12048 = ORIENTED_EDGE('',*,*,#12021,.T.);
#12049 = ORIENTED_EDGE('',*,*,#11962,.F.);
#12050 = ORIENTED_EDGE('',*,*,#11993,.F.);
#12051 = PLANE('',#12052);
#12052 = AXIS2_PLACEMENT_3D('',#12053,#12054,#12055);
#12053 = CARTESIAN_POINT('',(17.6381,-0.2833,0.3));
#12054 = DIRECTION('',(1.,0.,0.));
#12055 = DIRECTION('',(-0.,1.,0.));
#12056 = MANIFOLD_SOLID_BREP('',#12057);
#12057 = CLOSED_SHELL('',(#12058,#12098,#12138,#12160,#12182,#12194));
#12058 = ADVANCED_FACE('',(#12059),#12093,.T.);
#12059 = FACE_BOUND('',#12060,.T.);
#12060 = EDGE_LOOP('',(#12061,#12071,#12079,#12087));
#12061 = ORIENTED_EDGE('',*,*,#12062,.T.);
#12062 = EDGE_CURVE('',#12063,#12065,#12067,.T.);
#12063 = VERTEX_POINT('',#12064);
#12064 = CARTESIAN_POINT('',(15.9986,-0.425,0.3));
#12065 = VERTEX_POINT('',#12066);
#12066 = CARTESIAN_POINT('',(15.9986,-0.2833,0.3));
#12067 = LINE('',#12068,#12069);
#12068 = CARTESIAN_POINT('',(15.9986,-0.425,0.3));
#12069 = VECTOR('',#12070,1.);
#12070 = DIRECTION('',(0.,1.,0.));
#12071 = ORIENTED_EDGE('',*,*,#12072,.T.);
#12072 = EDGE_CURVE('',#12065,#12073,#12075,.T.);
#12073 = VERTEX_POINT('',#12074);
#12074 = CARTESIAN_POINT('',(17.6014,-0.2833,0.3));
#12075 = LINE('',#12076,#12077);
#12076 = CARTESIAN_POINT('',(15.9986,-0.2833,0.3));
#12077 = VECTOR('',#12078,1.);
#12078 = DIRECTION('',(1.,0.,0.));
#12079 = ORIENTED_EDGE('',*,*,#12080,.F.);
#12080 = EDGE_CURVE('',#12081,#12073,#12083,.T.);
#12081 = VERTEX_POINT('',#12082);
#12082 = CARTESIAN_POINT('',(17.6014,-0.425,0.3));
#12083 = LINE('',#12084,#12085);
#12084 = CARTESIAN_POINT('',(17.6014,-0.425,0.3));
#12085 = VECTOR('',#12086,1.);
#12086 = DIRECTION('',(0.,1.,0.));
#12087 = ORIENTED_EDGE('',*,*,#12088,.F.);
#12088 = EDGE_CURVE('',#12063,#12081,#12089,.T.);
#12089 = LINE('',#12090,#12091);
#12090 = CARTESIAN_POINT('',(15.9986,-0.425,0.3));
#12091 = VECTOR('',#12092,1.);
#12092 = DIRECTION('',(1.,0.,0.));
#12093 = PLANE('',#12094);
#12094 = AXIS2_PLACEMENT_3D('',#12095,#12096,#12097);
#12095 = CARTESIAN_POINT('',(15.9986,-0.425,0.3));
#12096 = DIRECTION('',(0.,0.,-1.));
#12097 = DIRECTION('',(1.,0.,0.));
#12098 = ADVANCED_FACE('',(#12099),#12133,.T.);
#12099 = FACE_BOUND('',#12100,.T.);
#12100 = EDGE_LOOP('',(#12101,#12111,#12119,#12127));
#12101 = ORIENTED_EDGE('',*,*,#12102,.T.);
#12102 = EDGE_CURVE('',#12103,#12105,#12107,.T.);
#12103 = VERTEX_POINT('',#12104);
#12104 = CARTESIAN_POINT('',(15.9986,-0.425,10.));
#12105 = VERTEX_POINT('',#12106);
#12106 = CARTESIAN_POINT('',(17.6014,-0.425,10.));
#12107 = LINE('',#12108,#12109);
#12108 = CARTESIAN_POINT('',(15.9986,-0.425,10.));
#12109 = VECTOR('',#12110,1.);
#12110 = DIRECTION('',(1.,0.,0.));
#12111 = ORIENTED_EDGE('',*,*,#12112,.T.);
#12112 = EDGE_CURVE('',#12105,#12113,#12115,.T.);
#12113 = VERTEX_POINT('',#12114);
#12114 = CARTESIAN_POINT('',(17.6014,-0.2833,10.));
#12115 = LINE('',#12116,#12117);
#12116 = CARTESIAN_POINT('',(17.6014,-0.425,10.));
#12117 = VECTOR('',#12118,1.);
#12118 = DIRECTION('',(0.,1.,0.));
#12119 = ORIENTED_EDGE('',*,*,#12120,.F.);
#12120 = EDGE_CURVE('',#12121,#12113,#12123,.T.);
#12121 = VERTEX_POINT('',#12122);
#12122 = CARTESIAN_POINT('',(15.9986,-0.2833,10.));
#12123 = LINE('',#12124,#12125);
#12124 = CARTESIAN_POINT('',(15.9986,-0.2833,10.));
#12125 = VECTOR('',#12126,1.);
#12126 = DIRECTION('',(1.,0.,0.));
#12127 = ORIENTED_EDGE('',*,*,#12128,.F.);
#12128 = EDGE_CURVE('',#12103,#12121,#12129,.T.);
#12129 = LINE('',#12130,#12131);
#12130 = CARTESIAN_POINT('',(15.9986,-0.425,10.));
#12131 = VECTOR('',#12132,1.);
#12132 = DIRECTION('',(0.,1.,0.));
#12133 = PLANE('',#12134);
#12134 = AXIS2_PLACEMENT_3D('',#12135,#12136,#12137);
#12135 = CARTESIAN_POINT('',(15.9986,-0.425,10.));
#12136 = DIRECTION('',(0.,0.,1.));
#12137 = DIRECTION('',(1.,0.,-0.));
#12138 = ADVANCED_FACE('',(#12139),#12155,.T.);
#12139 = FACE_BOUND('',#12140,.T.);
#12140 = EDGE_LOOP('',(#12141,#12142,#12148,#12149));
#12141 = ORIENTED_EDGE('',*,*,#12088,.T.);
#12142 = ORIENTED_EDGE('',*,*,#12143,.T.);
#12143 = EDGE_CURVE('',#12081,#12105,#12144,.T.);
#12144 = LINE('',#12145,#12146);
#12145 = CARTESIAN_POINT('',(17.6014,-0.425,0.3));
#12146 = VECTOR('',#12147,1.);
#12147 = DIRECTION('',(0.,0.,1.));
#12148 = ORIENTED_EDGE('',*,*,#12102,.F.);
#12149 = ORIENTED_EDGE('',*,*,#12150,.F.);
#12150 = EDGE_CURVE('',#12063,#12103,#12151,.T.);
#12151 = LINE('',#12152,#12153);
#12152 = CARTESIAN_POINT('',(15.9986,-0.425,0.3));
#12153 = VECTOR('',#12154,1.);
#12154 = DIRECTION('',(0.,0.,1.));
#12155 = PLANE('',#12156);
#12156 = AXIS2_PLACEMENT_3D('',#12157,#12158,#12159);
#12157 = CARTESIAN_POINT('',(15.9986,-0.425,0.3));
#12158 = DIRECTION('',(0.,-1.,0.));
#12159 = DIRECTION('',(1.,0.,0.));
#12160 = ADVANCED_FACE('',(#12161),#12177,.T.);
#12161 = FACE_BOUND('',#12162,.T.);
#12162 = EDGE_LOOP('',(#12163,#12169,#12170,#12176));
#12163 = ORIENTED_EDGE('',*,*,#12164,.T.);
#12164 = EDGE_CURVE('',#12065,#12121,#12165,.T.);
#12165 = LINE('',#12166,#12167);
#12166 = CARTESIAN_POINT('',(15.9986,-0.2833,0.3));
#12167 = VECTOR('',#12168,1.);
#12168 = DIRECTION('',(0.,0.,1.));
#12169 = ORIENTED_EDGE('',*,*,#12120,.T.);
#12170 = ORIENTED_EDGE('',*,*,#12171,.F.);
#12171 = EDGE_CURVE('',#12073,#12113,#12172,.T.);
#12172 = LINE('',#12173,#12174);
#12173 = CARTESIAN_POINT('',(17.6014,-0.2833,0.3));
#12174 = VECTOR('',#12175,1.);
#12175 = DIRECTION('',(0.,0.,1.));
#12176 = ORIENTED_EDGE('',*,*,#12072,.F.);
#12177 = PLANE('',#12178);
#12178 = AXIS2_PLACEMENT_3D('',#12179,#12180,#12181);
#12179 = CARTESIAN_POINT('',(15.9986,-0.2833,0.3));
#12180 = DIRECTION('',(0.,1.,0.));
#12181 = DIRECTION('',(1.,0.,0.));
#12182 = ADVANCED_FACE('',(#12183),#12189,.T.);
#12183 = FACE_BOUND('',#12184,.T.);
#12184 = EDGE_LOOP('',(#12185,#12186,#12187,#12188));
#12185 = ORIENTED_EDGE('',*,*,#12150,.T.);
#12186 = ORIENTED_EDGE('',*,*,#12128,.T.);
#12187 = ORIENTED_EDGE('',*,*,#12164,.F.);
#12188 = ORIENTED_EDGE('',*,*,#12062,.F.);
#12189 = PLANE('',#12190);
#12190 = AXIS2_PLACEMENT_3D('',#12191,#12192,#12193);
#12191 = CARTESIAN_POINT('',(15.9986,-0.425,0.3));
#12192 = DIRECTION('',(-1.,0.,0.));
#12193 = DIRECTION('',(0.,1.,0.));
#12194 = ADVANCED_FACE('',(#12195),#12201,.T.);
#12195 = FACE_BOUND('',#12196,.T.);
#12196 = EDGE_LOOP('',(#12197,#12198,#12199,#12200));
#12197 = ORIENTED_EDGE('',*,*,#12080,.T.);
#12198 = ORIENTED_EDGE('',*,*,#12171,.T.);
#12199 = ORIENTED_EDGE('',*,*,#12112,.F.);
#12200 = ORIENTED_EDGE('',*,*,#12143,.F.);
#12201 = PLANE('',#12202);
#12202 = AXIS2_PLACEMENT_3D('',#12203,#12204,#12205);
#12203 = CARTESIAN_POINT('',(17.6014,-0.425,0.3));
#12204 = DIRECTION('',(1.,0.,0.));
#12205 = DIRECTION('',(-0.,1.,0.));
#12206 = MANIFOLD_SOLID_BREP('',#12207);
#12207 = CLOSED_SHELL('',(#12208,#12248,#12288,#12310,#12332,#12344));
#12208 = ADVANCED_FACE('',(#12209),#12243,.T.);
#12209 = FACE_BOUND('',#12210,.T.);
#12210 = EDGE_LOOP('',(#12211,#12221,#12229,#12237));
#12211 = ORIENTED_EDGE('',*,*,#12212,.T.);
#12212 = EDGE_CURVE('',#12213,#12215,#12217,.T.);
#12213 = VERTEX_POINT('',#12214);
#12214 = CARTESIAN_POINT('',(16.0639,-0.5667,0.3));
#12215 = VERTEX_POINT('',#12216);
#12216 = CARTESIAN_POINT('',(16.0639,-0.425,0.3));
#12217 = LINE('',#12218,#12219);
#12218 = CARTESIAN_POINT('',(16.0639,-0.5667,0.3));
#12219 = VECTOR('',#12220,1.);
#12220 = DIRECTION('',(0.,1.,0.));
#12221 = ORIENTED_EDGE('',*,*,#12222,.T.);
#12222 = EDGE_CURVE('',#12215,#12223,#12225,.T.);
#12223 = VERTEX_POINT('',#12224);
#12224 = CARTESIAN_POINT('',(17.5361,-0.425,0.3));
#12225 = LINE('',#12226,#12227);
#12226 = CARTESIAN_POINT('',(16.0639,-0.425,0.3));
#12227 = VECTOR('',#12228,1.);
#12228 = DIRECTION('',(1.,0.,0.));
#12229 = ORIENTED_EDGE('',*,*,#12230,.F.);
#12230 = EDGE_CURVE('',#12231,#12223,#12233,.T.);
#12231 = VERTEX_POINT('',#12232);
#12232 = CARTESIAN_POINT('',(17.5361,-0.5667,0.3));
#12233 = LINE('',#12234,#12235);
#12234 = CARTESIAN_POINT('',(17.5361,-0.5667,0.3));
#12235 = VECTOR('',#12236,1.);
#12236 = DIRECTION('',(0.,1.,0.));
#12237 = ORIENTED_EDGE('',*,*,#12238,.F.);
#12238 = EDGE_CURVE('',#12213,#12231,#12239,.T.);
#12239 = LINE('',#12240,#12241);
#12240 = CARTESIAN_POINT('',(16.0639,-0.5667,0.3));
#12241 = VECTOR('',#12242,1.);
#12242 = DIRECTION('',(1.,0.,0.));
#12243 = PLANE('',#12244);
#12244 = AXIS2_PLACEMENT_3D('',#12245,#12246,#12247);
#12245 = CARTESIAN_POINT('',(16.0639,-0.5667,0.3));
#12246 = DIRECTION('',(0.,0.,-1.));
#12247 = DIRECTION('',(1.,0.,0.));
#12248 = ADVANCED_FACE('',(#12249),#12283,.T.);
#12249 = FACE_BOUND('',#12250,.T.);
#12250 = EDGE_LOOP('',(#12251,#12261,#12269,#12277));
#12251 = ORIENTED_EDGE('',*,*,#12252,.T.);
#12252 = EDGE_CURVE('',#12253,#12255,#12257,.T.);
#12253 = VERTEX_POINT('',#12254);
#12254 = CARTESIAN_POINT('',(16.0639,-0.5667,10.));
#12255 = VERTEX_POINT('',#12256);
#12256 = CARTESIAN_POINT('',(17.5361,-0.5667,10.));
#12257 = LINE('',#12258,#12259);
#12258 = CARTESIAN_POINT('',(16.0639,-0.5667,10.));
#12259 = VECTOR('',#12260,1.);
#12260 = DIRECTION('',(1.,0.,0.));
#12261 = ORIENTED_EDGE('',*,*,#12262,.T.);
#12262 = EDGE_CURVE('',#12255,#12263,#12265,.T.);
#12263 = VERTEX_POINT('',#12264);
#12264 = CARTESIAN_POINT('',(17.5361,-0.425,10.));
#12265 = LINE('',#12266,#12267);
#12266 = CARTESIAN_POINT('',(17.5361,-0.5667,10.));
#12267 = VECTOR('',#12268,1.);
#12268 = DIRECTION('',(0.,1.,0.));
#12269 = ORIENTED_EDGE('',*,*,#12270,.F.);
#12270 = EDGE_CURVE('',#12271,#12263,#12273,.T.);
#12271 = VERTEX_POINT('',#12272);
#12272 = CARTESIAN_POINT('',(16.0639,-0.425,10.));
#12273 = LINE('',#12274,#12275);
#12274 = CARTESIAN_POINT('',(16.0639,-0.425,10.));
#12275 = VECTOR('',#12276,1.);
#12276 = DIRECTION('',(1.,0.,0.));
#12277 = ORIENTED_EDGE('',*,*,#12278,.F.);
#12278 = EDGE_CURVE('',#12253,#12271,#12279,.T.);
#12279 = LINE('',#12280,#12281);
#12280 = CARTESIAN_POINT('',(16.0639,-0.5667,10.));
#12281 = VECTOR('',#12282,1.);
#12282 = DIRECTION('',(0.,1.,0.));
#12283 = PLANE('',#12284);
#12284 = AXIS2_PLACEMENT_3D('',#12285,#12286,#12287);
#12285 = CARTESIAN_POINT('',(16.0639,-0.5667,10.));
#12286 = DIRECTION('',(0.,0.,1.));
#12287 = DIRECTION('',(1.,0.,-0.));
#12288 = ADVANCED_FACE('',(#12289),#12305,.T.);
#12289 = FACE_BOUND('',#12290,.T.);
#12290 = EDGE_LOOP('',(#12291,#12292,#12298,#12299));
#12291 = ORIENTED_EDGE('',*,*,#12238,.T.);
#12292 = ORIENTED_EDGE('',*,*,#12293,.T.);
#12293 = EDGE_CURVE('',#12231,#12255,#12294,.T.);
#12294 = LINE('',#12295,#12296);
#12295 = CARTESIAN_POINT('',(17.5361,-0.5667,0.3));
#12296 = VECTOR('',#12297,1.);
#12297 = DIRECTION('',(0.,0.,1.));
#12298 = ORIENTED_EDGE('',*,*,#12252,.F.);
#12299 = ORIENTED_EDGE('',*,*,#12300,.F.);
#12300 = EDGE_CURVE('',#12213,#12253,#12301,.T.);
#12301 = LINE('',#12302,#12303);
#12302 = CARTESIAN_POINT('',(16.0639,-0.5667,0.3));
#12303 = VECTOR('',#12304,1.);
#12304 = DIRECTION('',(0.,0.,1.));
#12305 = PLANE('',#12306);
#12306 = AXIS2_PLACEMENT_3D('',#12307,#12308,#12309);
#12307 = CARTESIAN_POINT('',(16.0639,-0.5667,0.3));
#12308 = DIRECTION('',(0.,-1.,0.));
#12309 = DIRECTION('',(1.,0.,0.));
#12310 = ADVANCED_FACE('',(#12311),#12327,.T.);
#12311 = FACE_BOUND('',#12312,.T.);
#12312 = EDGE_LOOP('',(#12313,#12319,#12320,#12326));
#12313 = ORIENTED_EDGE('',*,*,#12314,.T.);
#12314 = EDGE_CURVE('',#12215,#12271,#12315,.T.);
#12315 = LINE('',#12316,#12317);
#12316 = CARTESIAN_POINT('',(16.0639,-0.425,0.3));
#12317 = VECTOR('',#12318,1.);
#12318 = DIRECTION('',(0.,0.,1.));
#12319 = ORIENTED_EDGE('',*,*,#12270,.T.);
#12320 = ORIENTED_EDGE('',*,*,#12321,.F.);
#12321 = EDGE_CURVE('',#12223,#12263,#12322,.T.);
#12322 = LINE('',#12323,#12324);
#12323 = CARTESIAN_POINT('',(17.5361,-0.425,0.3));
#12324 = VECTOR('',#12325,1.);
#12325 = DIRECTION('',(0.,0.,1.));
#12326 = ORIENTED_EDGE('',*,*,#12222,.F.);
#12327 = PLANE('',#12328);
#12328 = AXIS2_PLACEMENT_3D('',#12329,#12330,#12331);
#12329 = CARTESIAN_POINT('',(16.0639,-0.425,0.3));
#12330 = DIRECTION('',(0.,1.,0.));
#12331 = DIRECTION('',(1.,0.,0.));
#12332 = ADVANCED_FACE('',(#12333),#12339,.T.);
#12333 = FACE_BOUND('',#12334,.T.);
#12334 = EDGE_LOOP('',(#12335,#12336,#12337,#12338));
#12335 = ORIENTED_EDGE('',*,*,#12300,.T.);
#12336 = ORIENTED_EDGE('',*,*,#12278,.T.);
#12337 = ORIENTED_EDGE('',*,*,#12314,.F.);
#12338 = ORIENTED_EDGE('',*,*,#12212,.F.);
#12339 = PLANE('',#12340);
#12340 = AXIS2_PLACEMENT_3D('',#12341,#12342,#12343);
#12341 = CARTESIAN_POINT('',(16.0639,-0.5667,0.3));
#12342 = DIRECTION('',(-1.,0.,0.));
#12343 = DIRECTION('',(0.,1.,0.));
#12344 = ADVANCED_FACE('',(#12345),#12351,.T.);
#12345 = FACE_BOUND('',#12346,.T.);
#12346 = EDGE_LOOP('',(#12347,#12348,#12349,#12350));
#12347 = ORIENTED_EDGE('',*,*,#12230,.T.);
#12348 = ORIENTED_EDGE('',*,*,#12321,.T.);
#12349 = ORIENTED_EDGE('',*,*,#12262,.F.);
#12350 = ORIENTED_EDGE('',*,*,#12293,.F.);
#12351 = PLANE('',#12352);
#12352 = AXIS2_PLACEMENT_3D('',#12353,#12354,#12355);
#12353 = CARTESIAN_POINT('',(17.5361,-0.5667,0.3));
#12354 = DIRECTION('',(1.,0.,0.));
#12355 = DIRECTION('',(-0.,1.,0.));
#12356 = MANIFOLD_SOLID_BREP('',#12357);
#12357 = CLOSED_SHELL('',(#12358,#12398,#12438,#12460,#12482,#12494));
#12358 = ADVANCED_FACE('',(#12359),#12393,.T.);
#12359 = FACE_BOUND('',#12360,.T.);
#12360 = EDGE_LOOP('',(#12361,#12371,#12379,#12387));
#12361 = ORIENTED_EDGE('',*,*,#12362,.T.);
#12362 = EDGE_CURVE('',#12363,#12365,#12367,.T.);
#12363 = VERTEX_POINT('',#12364);
#12364 = CARTESIAN_POINT('',(16.1664,-0.7083,0.3));
#12365 = VERTEX_POINT('',#12366);
#12366 = CARTESIAN_POINT('',(16.1664,-0.5667,0.3));
#12367 = LINE('',#12368,#12369);
#12368 = CARTESIAN_POINT('',(16.1664,-0.7083,0.3));
#12369 = VECTOR('',#12370,1.);
#12370 = DIRECTION('',(0.,1.,0.));
#12371 = ORIENTED_EDGE('',*,*,#12372,.T.);
#12372 = EDGE_CURVE('',#12365,#12373,#12375,.T.);
#12373 = VERTEX_POINT('',#12374);
#12374 = CARTESIAN_POINT('',(17.4336,-0.5667,0.3));
#12375 = LINE('',#12376,#12377);
#12376 = CARTESIAN_POINT('',(16.1664,-0.5667,0.3));
#12377 = VECTOR('',#12378,1.);
#12378 = DIRECTION('',(1.,0.,0.));
#12379 = ORIENTED_EDGE('',*,*,#12380,.F.);
#12380 = EDGE_CURVE('',#12381,#12373,#12383,.T.);
#12381 = VERTEX_POINT('',#12382);
#12382 = CARTESIAN_POINT('',(17.4336,-0.7083,0.3));
#12383 = LINE('',#12384,#12385);
#12384 = CARTESIAN_POINT('',(17.4336,-0.7083,0.3));
#12385 = VECTOR('',#12386,1.);
#12386 = DIRECTION('',(0.,1.,0.));
#12387 = ORIENTED_EDGE('',*,*,#12388,.F.);
#12388 = EDGE_CURVE('',#12363,#12381,#12389,.T.);
#12389 = LINE('',#12390,#12391);
#12390 = CARTESIAN_POINT('',(16.1664,-0.7083,0.3));
#12391 = VECTOR('',#12392,1.);
#12392 = DIRECTION('',(1.,0.,0.));
#12393 = PLANE('',#12394);
#12394 = AXIS2_PLACEMENT_3D('',#12395,#12396,#12397);
#12395 = CARTESIAN_POINT('',(16.1664,-0.7083,0.3));
#12396 = DIRECTION('',(0.,0.,-1.));
#12397 = DIRECTION('',(1.,0.,0.));
#12398 = ADVANCED_FACE('',(#12399),#12433,.T.);
#12399 = FACE_BOUND('',#12400,.T.);
#12400 = EDGE_LOOP('',(#12401,#12411,#12419,#12427));
#12401 = ORIENTED_EDGE('',*,*,#12402,.T.);
#12402 = EDGE_CURVE('',#12403,#12405,#12407,.T.);
#12403 = VERTEX_POINT('',#12404);
#12404 = CARTESIAN_POINT('',(16.1664,-0.7083,10.));
#12405 = VERTEX_POINT('',#12406);
#12406 = CARTESIAN_POINT('',(17.4336,-0.7083,10.));
#12407 = LINE('',#12408,#12409);
#12408 = CARTESIAN_POINT('',(16.1664,-0.7083,10.));
#12409 = VECTOR('',#12410,1.);
#12410 = DIRECTION('',(1.,0.,0.));
#12411 = ORIENTED_EDGE('',*,*,#12412,.T.);
#12412 = EDGE_CURVE('',#12405,#12413,#12415,.T.);
#12413 = VERTEX_POINT('',#12414);
#12414 = CARTESIAN_POINT('',(17.4336,-0.5667,10.));
#12415 = LINE('',#12416,#12417);
#12416 = CARTESIAN_POINT('',(17.4336,-0.7083,10.));
#12417 = VECTOR('',#12418,1.);
#12418 = DIRECTION('',(0.,1.,0.));
#12419 = ORIENTED_EDGE('',*,*,#12420,.F.);
#12420 = EDGE_CURVE('',#12421,#12413,#12423,.T.);
#12421 = VERTEX_POINT('',#12422);
#12422 = CARTESIAN_POINT('',(16.1664,-0.5667,10.));
#12423 = LINE('',#12424,#12425);
#12424 = CARTESIAN_POINT('',(16.1664,-0.5667,10.));
#12425 = VECTOR('',#12426,1.);
#12426 = DIRECTION('',(1.,0.,0.));
#12427 = ORIENTED_EDGE('',*,*,#12428,.F.);
#12428 = EDGE_CURVE('',#12403,#12421,#12429,.T.);
#12429 = LINE('',#12430,#12431);
#12430 = CARTESIAN_POINT('',(16.1664,-0.7083,10.));
#12431 = VECTOR('',#12432,1.);
#12432 = DIRECTION('',(0.,1.,0.));
#12433 = PLANE('',#12434);
#12434 = AXIS2_PLACEMENT_3D('',#12435,#12436,#12437);
#12435 = CARTESIAN_POINT('',(16.1664,-0.7083,10.));
#12436 = DIRECTION('',(0.,0.,1.));
#12437 = DIRECTION('',(1.,0.,-0.));
#12438 = ADVANCED_FACE('',(#12439),#12455,.T.);
#12439 = FACE_BOUND('',#12440,.T.);
#12440 = EDGE_LOOP('',(#12441,#12442,#12448,#12449));
#12441 = ORIENTED_EDGE('',*,*,#12388,.T.);
#12442 = ORIENTED_EDGE('',*,*,#12443,.T.);
#12443 = EDGE_CURVE('',#12381,#12405,#12444,.T.);
#12444 = LINE('',#12445,#12446);
#12445 = CARTESIAN_POINT('',(17.4336,-0.7083,0.3));
#12446 = VECTOR('',#12447,1.);
#12447 = DIRECTION('',(0.,0.,1.));
#12448 = ORIENTED_EDGE('',*,*,#12402,.F.);
#12449 = ORIENTED_EDGE('',*,*,#12450,.F.);
#12450 = EDGE_CURVE('',#12363,#12403,#12451,.T.);
#12451 = LINE('',#12452,#12453);
#12452 = CARTESIAN_POINT('',(16.1664,-0.7083,0.3));
#12453 = VECTOR('',#12454,1.);
#12454 = DIRECTION('',(0.,0.,1.));
#12455 = PLANE('',#12456);
#12456 = AXIS2_PLACEMENT_3D('',#12457,#12458,#12459);
#12457 = CARTESIAN_POINT('',(16.1664,-0.7083,0.3));
#12458 = DIRECTION('',(0.,-1.,0.));
#12459 = DIRECTION('',(1.,0.,0.));
#12460 = ADVANCED_FACE('',(#12461),#12477,.T.);
#12461 = FACE_BOUND('',#12462,.T.);
#12462 = EDGE_LOOP('',(#12463,#12469,#12470,#12476));
#12463 = ORIENTED_EDGE('',*,*,#12464,.T.);
#12464 = EDGE_CURVE('',#12365,#12421,#12465,.T.);
#12465 = LINE('',#12466,#12467);
#12466 = CARTESIAN_POINT('',(16.1664,-0.5667,0.3));
#12467 = VECTOR('',#12468,1.);
#12468 = DIRECTION('',(0.,0.,1.));
#12469 = ORIENTED_EDGE('',*,*,#12420,.T.);
#12470 = ORIENTED_EDGE('',*,*,#12471,.F.);
#12471 = EDGE_CURVE('',#12373,#12413,#12472,.T.);
#12472 = LINE('',#12473,#12474);
#12473 = CARTESIAN_POINT('',(17.4336,-0.5667,0.3));
#12474 = VECTOR('',#12475,1.);
#12475 = DIRECTION('',(0.,0.,1.));
#12476 = ORIENTED_EDGE('',*,*,#12372,.F.);
#12477 = PLANE('',#12478);
#12478 = AXIS2_PLACEMENT_3D('',#12479,#12480,#12481);
#12479 = CARTESIAN_POINT('',(16.1664,-0.5667,0.3));
#12480 = DIRECTION('',(0.,1.,0.));
#12481 = DIRECTION('',(1.,0.,0.));
#12482 = ADVANCED_FACE('',(#12483),#12489,.T.);
#12483 = FACE_BOUND('',#12484,.T.);
#12484 = EDGE_LOOP('',(#12485,#12486,#12487,#12488));
#12485 = ORIENTED_EDGE('',*,*,#12450,.T.);
#12486 = ORIENTED_EDGE('',*,*,#12428,.T.);
#12487 = ORIENTED_EDGE('',*,*,#12464,.F.);
#12488 = ORIENTED_EDGE('',*,*,#12362,.F.);
#12489 = PLANE('',#12490);
#12490 = AXIS2_PLACEMENT_3D('',#12491,#12492,#12493);
#12491 = CARTESIAN_POINT('',(16.1664,-0.7083,0.3));
#12492 = DIRECTION('',(-1.,0.,0.));
#12493 = DIRECTION('',(0.,1.,0.));
#12494 = ADVANCED_FACE('',(#12495),#12501,.T.);
#12495 = FACE_BOUND('',#12496,.T.);
#12496 = EDGE_LOOP('',(#12497,#12498,#12499,#12500));
#12497 = ORIENTED_EDGE('',*,*,#12380,.T.);
#12498 = ORIENTED_EDGE('',*,*,#12471,.T.);
#12499 = ORIENTED_EDGE('',*,*,#12412,.F.);
#12500 = ORIENTED_EDGE('',*,*,#12443,.F.);
#12501 = PLANE('',#12502);
#12502 = AXIS2_PLACEMENT_3D('',#12503,#12504,#12505);
#12503 = CARTESIAN_POINT('',(17.4336,-0.7083,0.3));
#12504 = DIRECTION('',(1.,0.,0.));
#12505 = DIRECTION('',(-0.,1.,0.));
#12506 = MANIFOLD_SOLID_BREP('',#12507);
#12507 = CLOSED_SHELL('',(#12508,#12548,#12588,#12610,#12632,#12644));
#12508 = ADVANCED_FACE('',(#12509),#12543,.T.);
#12509 = FACE_BOUND('',#12510,.T.);
#12510 = EDGE_LOOP('',(#12511,#12521,#12529,#12537));
#12511 = ORIENTED_EDGE('',*,*,#12512,.T.);
#12512 = EDGE_CURVE('',#12513,#12515,#12517,.T.);
#12513 = VERTEX_POINT('',#12514);
#12514 = CARTESIAN_POINT('',(16.3301,-0.85,0.3));
#12515 = VERTEX_POINT('',#12516);
#12516 = CARTESIAN_POINT('',(16.3301,-0.7083,0.3));
#12517 = LINE('',#12518,#12519);
#12518 = CARTESIAN_POINT('',(16.3301,-0.85,0.3));
#12519 = VECTOR('',#12520,1.);
#12520 = DIRECTION('',(0.,1.,0.));
#12521 = ORIENTED_EDGE('',*,*,#12522,.T.);
#12522 = EDGE_CURVE('',#12515,#12523,#12525,.T.);
#12523 = VERTEX_POINT('',#12524);
#12524 = CARTESIAN_POINT('',(17.2699,-0.7083,0.3));
#12525 = LINE('',#12526,#12527);
#12526 = CARTESIAN_POINT('',(16.3301,-0.7083,0.3));
#12527 = VECTOR('',#12528,1.);
#12528 = DIRECTION('',(1.,0.,0.));
#12529 = ORIENTED_EDGE('',*,*,#12530,.F.);
#12530 = EDGE_CURVE('',#12531,#12523,#12533,.T.);
#12531 = VERTEX_POINT('',#12532);
#12532 = CARTESIAN_POINT('',(17.2699,-0.85,0.3));
#12533 = LINE('',#12534,#12535);
#12534 = CARTESIAN_POINT('',(17.2699,-0.85,0.3));
#12535 = VECTOR('',#12536,1.);
#12536 = DIRECTION('',(0.,1.,0.));
#12537 = ORIENTED_EDGE('',*,*,#12538,.F.);
#12538 = EDGE_CURVE('',#12513,#12531,#12539,.T.);
#12539 = LINE('',#12540,#12541);
#12540 = CARTESIAN_POINT('',(16.3301,-0.85,0.3));
#12541 = VECTOR('',#12542,1.);
#12542 = DIRECTION('',(1.,0.,0.));
#12543 = PLANE('',#12544);
#12544 = AXIS2_PLACEMENT_3D('',#12545,#12546,#12547);
#12545 = CARTESIAN_POINT('',(16.3301,-0.85,0.3));
#12546 = DIRECTION('',(0.,0.,-1.));
#12547 = DIRECTION('',(1.,0.,0.));
#12548 = ADVANCED_FACE('',(#12549),#12583,.T.);
#12549 = FACE_BOUND('',#12550,.T.);
#12550 = EDGE_LOOP('',(#12551,#12561,#12569,#12577));
#12551 = ORIENTED_EDGE('',*,*,#12552,.T.);
#12552 = EDGE_CURVE('',#12553,#12555,#12557,.T.);
#12553 = VERTEX_POINT('',#12554);
#12554 = CARTESIAN_POINT('',(16.3301,-0.85,10.));
#12555 = VERTEX_POINT('',#12556);
#12556 = CARTESIAN_POINT('',(17.2699,-0.85,10.));
#12557 = LINE('',#12558,#12559);
#12558 = CARTESIAN_POINT('',(16.3301,-0.85,10.));
#12559 = VECTOR('',#12560,1.);
#12560 = DIRECTION('',(1.,0.,0.));
#12561 = ORIENTED_EDGE('',*,*,#12562,.T.);
#12562 = EDGE_CURVE('',#12555,#12563,#12565,.T.);
#12563 = VERTEX_POINT('',#12564);
#12564 = CARTESIAN_POINT('',(17.2699,-0.7083,10.));
#12565 = LINE('',#12566,#12567);
#12566 = CARTESIAN_POINT('',(17.2699,-0.85,10.));
#12567 = VECTOR('',#12568,1.);
#12568 = DIRECTION('',(0.,1.,0.));
#12569 = ORIENTED_EDGE('',*,*,#12570,.F.);
#12570 = EDGE_CURVE('',#12571,#12563,#12573,.T.);
#12571 = VERTEX_POINT('',#12572);
#12572 = CARTESIAN_POINT('',(16.3301,-0.7083,10.));
#12573 = LINE('',#12574,#12575);
#12574 = CARTESIAN_POINT('',(16.3301,-0.7083,10.));
#12575 = VECTOR('',#12576,1.);
#12576 = DIRECTION('',(1.,0.,0.));
#12577 = ORIENTED_EDGE('',*,*,#12578,.F.);
#12578 = EDGE_CURVE('',#12553,#12571,#12579,.T.);
#12579 = LINE('',#12580,#12581);
#12580 = CARTESIAN_POINT('',(16.3301,-0.85,10.));
#12581 = VECTOR('',#12582,1.);
#12582 = DIRECTION('',(0.,1.,0.));
#12583 = PLANE('',#12584);
#12584 = AXIS2_PLACEMENT_3D('',#12585,#12586,#12587);
#12585 = CARTESIAN_POINT('',(16.3301,-0.85,10.));
#12586 = DIRECTION('',(0.,0.,1.));
#12587 = DIRECTION('',(1.,0.,-0.));
#12588 = ADVANCED_FACE('',(#12589),#12605,.T.);
#12589 = FACE_BOUND('',#12590,.T.);
#12590 = EDGE_LOOP('',(#12591,#12592,#12598,#12599));
#12591 = ORIENTED_EDGE('',*,*,#12538,.T.);
#12592 = ORIENTED_EDGE('',*,*,#12593,.T.);
#12593 = EDGE_CURVE('',#12531,#12555,#12594,.T.);
#12594 = LINE('',#12595,#12596);
#12595 = CARTESIAN_POINT('',(17.2699,-0.85,0.3));
#12596 = VECTOR('',#12597,1.);
#12597 = DIRECTION('',(0.,0.,1.));
#12598 = ORIENTED_EDGE('',*,*,#12552,.F.);
#12599 = ORIENTED_EDGE('',*,*,#12600,.F.);
#12600 = EDGE_CURVE('',#12513,#12553,#12601,.T.);
#12601 = LINE('',#12602,#12603);
#12602 = CARTESIAN_POINT('',(16.3301,-0.85,0.3));
#12603 = VECTOR('',#12604,1.);
#12604 = DIRECTION('',(0.,0.,1.));
#12605 = PLANE('',#12606);
#12606 = AXIS2_PLACEMENT_3D('',#12607,#12608,#12609);
#12607 = CARTESIAN_POINT('',(16.3301,-0.85,0.3));
#12608 = DIRECTION('',(0.,-1.,0.));
#12609 = DIRECTION('',(1.,0.,0.));
#12610 = ADVANCED_FACE('',(#12611),#12627,.T.);
#12611 = FACE_BOUND('',#12612,.T.);
#12612 = EDGE_LOOP('',(#12613,#12619,#12620,#12626));
#12613 = ORIENTED_EDGE('',*,*,#12614,.T.);
#12614 = EDGE_CURVE('',#12515,#12571,#12615,.T.);
#12615 = LINE('',#12616,#12617);
#12616 = CARTESIAN_POINT('',(16.3301,-0.7083,0.3));
#12617 = VECTOR('',#12618,1.);
#12618 = DIRECTION('',(0.,0.,1.));
#12619 = ORIENTED_EDGE('',*,*,#12570,.T.);
#12620 = ORIENTED_EDGE('',*,*,#12621,.F.);
#12621 = EDGE_CURVE('',#12523,#12563,#12622,.T.);
#12622 = LINE('',#12623,#12624);
#12623 = CARTESIAN_POINT('',(17.2699,-0.7083,0.3));
#12624 = VECTOR('',#12625,1.);
#12625 = DIRECTION('',(0.,0.,1.));
#12626 = ORIENTED_EDGE('',*,*,#12522,.F.);
#12627 = PLANE('',#12628);
#12628 = AXIS2_PLACEMENT_3D('',#12629,#12630,#12631);
#12629 = CARTESIAN_POINT('',(16.3301,-0.7083,0.3));
#12630 = DIRECTION('',(0.,1.,0.));
#12631 = DIRECTION('',(1.,0.,0.));
#12632 = ADVANCED_FACE('',(#12633),#12639,.T.);
#12633 = FACE_BOUND('',#12634,.T.);
#12634 = EDGE_LOOP('',(#12635,#12636,#12637,#12638));
#12635 = ORIENTED_EDGE('',*,*,#12600,.T.);
#12636 = ORIENTED_EDGE('',*,*,#12578,.T.);
#12637 = ORIENTED_EDGE('',*,*,#12614,.F.);
#12638 = ORIENTED_EDGE('',*,*,#12512,.F.);
#12639 = PLANE('',#12640);
#12640 = AXIS2_PLACEMENT_3D('',#12641,#12642,#12643);
#12641 = CARTESIAN_POINT('',(16.3301,-0.85,0.3));
#12642 = DIRECTION('',(-1.,0.,0.));
#12643 = DIRECTION('',(0.,1.,0.));
#12644 = ADVANCED_FACE('',(#12645),#12651,.T.);
#12645 = FACE_BOUND('',#12646,.T.);
#12646 = EDGE_LOOP('',(#12647,#12648,#12649,#12650));
#12647 = ORIENTED_EDGE('',*,*,#12530,.T.);
#12648 = ORIENTED_EDGE('',*,*,#12621,.T.);
#12649 = ORIENTED_EDGE('',*,*,#12562,.F.);
#12650 = ORIENTED_EDGE('',*,*,#12593,.F.);
#12651 = PLANE('',#12652);
#12652 = AXIS2_PLACEMENT_3D('',#12653,#12654,#12655);
#12653 = CARTESIAN_POINT('',(17.2699,-0.85,0.3));
#12654 = DIRECTION('',(1.,0.,0.));
#12655 = DIRECTION('',(-0.,1.,0.));
#12656 = MANIFOLD_SOLID_BREP('',#12657);
#12657 = CLOSED_SHELL('',(#12658,#12698,#12738,#12760,#12782,#12794));
#12658 = ADVANCED_FACE('',(#12659),#12693,.T.);
#12659 = FACE_BOUND('',#12660,.T.);
#12660 = EDGE_LOOP('',(#12661,#12671,#12679,#12687));
#12661 = ORIENTED_EDGE('',*,*,#12662,.T.);
#12662 = EDGE_CURVE('',#12663,#12665,#12667,.T.);
#12663 = VERTEX_POINT('',#12664);
#12664 = CARTESIAN_POINT('',(16.6137,0.1667,-1.8));
#12665 = VERTEX_POINT('',#12666);
#12666 = CARTESIAN_POINT('',(16.6137,0.25,-1.8));
#12667 = LINE('',#12668,#12669);
#12668 = CARTESIAN_POINT('',(16.6137,0.1667,-1.8));
#12669 = VECTOR('',#12670,1.);
#12670 = DIRECTION('',(0.,1.,0.));
#12671 = ORIENTED_EDGE('',*,*,#12672,.T.);
#12672 = EDGE_CURVE('',#12665,#12673,#12675,.T.);
#12673 = VERTEX_POINT('',#12674);
#12674 = CARTESIAN_POINT('',(16.9863,0.25,-1.8));
#12675 = LINE('',#12676,#12677);
#12676 = CARTESIAN_POINT('',(16.6137,0.25,-1.8));
#12677 = VECTOR('',#12678,1.);
#12678 = DIRECTION('',(1.,0.,0.));
#12679 = ORIENTED_EDGE('',*,*,#12680,.F.);
#12680 = EDGE_CURVE('',#12681,#12673,#12683,.T.);
#12681 = VERTEX_POINT('',#12682);
#12682 = CARTESIAN_POINT('',(16.9863,0.1667,-1.8));
#12683 = LINE('',#12684,#12685);
#12684 = CARTESIAN_POINT('',(16.9863,0.1667,-1.8));
#12685 = VECTOR('',#12686,1.);
#12686 = DIRECTION('',(0.,1.,0.));
#12687 = ORIENTED_EDGE('',*,*,#12688,.F.);
#12688 = EDGE_CURVE('',#12663,#12681,#12689,.T.);
#12689 = LINE('',#12690,#12691);
#12690 = CARTESIAN_POINT('',(16.6137,0.1667,-1.8));
#12691 = VECTOR('',#12692,1.);
#12692 = DIRECTION('',(1.,0.,0.));
#12693 = PLANE('',#12694);
#12694 = AXIS2_PLACEMENT_3D('',#12695,#12696,#12697);
#12695 = CARTESIAN_POINT('',(16.6137,0.1667,-1.8));
#12696 = DIRECTION('',(0.,0.,-1.));
#12697 = DIRECTION('',(1.,0.,0.));
#12698 = ADVANCED_FACE('',(#12699),#12733,.T.);
#12699 = FACE_BOUND('',#12700,.T.);
#12700 = EDGE_LOOP('',(#12701,#12711,#12719,#12727));
#12701 = ORIENTED_EDGE('',*,*,#12702,.T.);
#12702 = EDGE_CURVE('',#12703,#12705,#12707,.T.);
#12703 = VERTEX_POINT('',#12704);
#12704 = CARTESIAN_POINT('',(16.6137,0.1667,0.3));
#12705 = VERTEX_POINT('',#12706);
#12706 = CARTESIAN_POINT('',(16.9863,0.1667,0.3));
#12707 = LINE('',#12708,#12709);
#12708 = CARTESIAN_POINT('',(16.6137,0.1667,0.3));
#12709 = VECTOR('',#12710,1.);
#12710 = DIRECTION('',(1.,0.,0.));
#12711 = ORIENTED_EDGE('',*,*,#12712,.T.);
#12712 = EDGE_CURVE('',#12705,#12713,#12715,.T.);
#12713 = VERTEX_POINT('',#12714);
#12714 = CARTESIAN_POINT('',(16.9863,0.25,0.3));
#12715 = LINE('',#12716,#12717);
#12716 = CARTESIAN_POINT('',(16.9863,0.1667,0.3));
#12717 = VECTOR('',#12718,1.);
#12718 = DIRECTION('',(0.,1.,0.));
#12719 = ORIENTED_EDGE('',*,*,#12720,.F.);
#12720 = EDGE_CURVE('',#12721,#12713,#12723,.T.);
#12721 = VERTEX_POINT('',#12722);
#12722 = CARTESIAN_POINT('',(16.6137,0.25,0.3));
#12723 = LINE('',#12724,#12725);
#12724 = CARTESIAN_POINT('',(16.6137,0.25,0.3));
#12725 = VECTOR('',#12726,1.);
#12726 = DIRECTION('',(1.,0.,0.));
#12727 = ORIENTED_EDGE('',*,*,#12728,.F.);
#12728 = EDGE_CURVE('',#12703,#12721,#12729,.T.);
#12729 = LINE('',#12730,#12731);
#12730 = CARTESIAN_POINT('',(16.6137,0.1667,0.3));
#12731 = VECTOR('',#12732,1.);
#12732 = DIRECTION('',(0.,1.,0.));
#12733 = PLANE('',#12734);
#12734 = AXIS2_PLACEMENT_3D('',#12735,#12736,#12737);
#12735 = CARTESIAN_POINT('',(16.6137,0.1667,0.3));
#12736 = DIRECTION('',(0.,0.,1.));
#12737 = DIRECTION('',(1.,0.,-0.));
#12738 = ADVANCED_FACE('',(#12739),#12755,.T.);
#12739 = FACE_BOUND('',#12740,.T.);
#12740 = EDGE_LOOP('',(#12741,#12742,#12748,#12749));
#12741 = ORIENTED_EDGE('',*,*,#12688,.T.);
#12742 = ORIENTED_EDGE('',*,*,#12743,.T.);
#12743 = EDGE_CURVE('',#12681,#12705,#12744,.T.);
#12744 = LINE('',#12745,#12746);
#12745 = CARTESIAN_POINT('',(16.9863,0.1667,-1.8));
#12746 = VECTOR('',#12747,1.);
#12747 = DIRECTION('',(0.,0.,1.));
#12748 = ORIENTED_EDGE('',*,*,#12702,.F.);
#12749 = ORIENTED_EDGE('',*,*,#12750,.F.);
#12750 = EDGE_CURVE('',#12663,#12703,#12751,.T.);
#12751 = LINE('',#12752,#12753);
#12752 = CARTESIAN_POINT('',(16.6137,0.1667,-1.8));
#12753 = VECTOR('',#12754,1.);
#12754 = DIRECTION('',(0.,0.,1.));
#12755 = PLANE('',#12756);
#12756 = AXIS2_PLACEMENT_3D('',#12757,#12758,#12759);
#12757 = CARTESIAN_POINT('',(16.6137,0.1667,-1.8));
#12758 = DIRECTION('',(0.,-1.,0.));
#12759 = DIRECTION('',(1.,0.,0.));
#12760 = ADVANCED_FACE('',(#12761),#12777,.T.);
#12761 = FACE_BOUND('',#12762,.T.);
#12762 = EDGE_LOOP('',(#12763,#12769,#12770,#12776));
#12763 = ORIENTED_EDGE('',*,*,#12764,.T.);
#12764 = EDGE_CURVE('',#12665,#12721,#12765,.T.);
#12765 = LINE('',#12766,#12767);
#12766 = CARTESIAN_POINT('',(16.6137,0.25,-1.8));
#12767 = VECTOR('',#12768,1.);
#12768 = DIRECTION('',(0.,0.,1.));
#12769 = ORIENTED_EDGE('',*,*,#12720,.T.);
#12770 = ORIENTED_EDGE('',*,*,#12771,.F.);
#12771 = EDGE_CURVE('',#12673,#12713,#12772,.T.);
#12772 = LINE('',#12773,#12774);
#12773 = CARTESIAN_POINT('',(16.9863,0.25,-1.8));
#12774 = VECTOR('',#12775,1.);
#12775 = DIRECTION('',(0.,0.,1.));
#12776 = ORIENTED_EDGE('',*,*,#12672,.F.);
#12777 = PLANE('',#12778);
#12778 = AXIS2_PLACEMENT_3D('',#12779,#12780,#12781);
#12779 = CARTESIAN_POINT('',(16.6137,0.25,-1.8));
#12780 = DIRECTION('',(0.,1.,0.));
#12781 = DIRECTION('',(1.,0.,0.));
#12782 = ADVANCED_FACE('',(#12783),#12789,.T.);
#12783 = FACE_BOUND('',#12784,.T.);
#12784 = EDGE_LOOP('',(#12785,#12786,#12787,#12788));
#12785 = ORIENTED_EDGE('',*,*,#12750,.T.);
#12786 = ORIENTED_EDGE('',*,*,#12728,.T.);
#12787 = ORIENTED_EDGE('',*,*,#12764,.F.);
#12788 = ORIENTED_EDGE('',*,*,#12662,.F.);
#12789 = PLANE('',#12790);
#12790 = AXIS2_PLACEMENT_3D('',#12791,#12792,#12793);
#12791 = CARTESIAN_POINT('',(16.6137,0.1667,-1.8));
#12792 = DIRECTION('',(-1.,0.,0.));
#12793 = DIRECTION('',(0.,1.,0.));
#12794 = ADVANCED_FACE('',(#12795),#12801,.T.);
#12795 = FACE_BOUND('',#12796,.T.);
#12796 = EDGE_LOOP('',(#12797,#12798,#12799,#12800));
#12797 = ORIENTED_EDGE('',*,*,#12680,.T.);
#12798 = ORIENTED_EDGE('',*,*,#12771,.T.);
#12799 = ORIENTED_EDGE('',*,*,#12712,.F.);
#12800 = ORIENTED_EDGE('',*,*,#12743,.F.);
#12801 = PLANE('',#12802);
#12802 = AXIS2_PLACEMENT_3D('',#12803,#12804,#12805);
#12803 = CARTESIAN_POINT('',(16.9863,0.1667,-1.8));
#12804 = DIRECTION('',(1.,0.,0.));
#12805 = DIRECTION('',(-0.,1.,0.));
#12806 = MANIFOLD_SOLID_BREP('',#12807);
#12807 = CLOSED_SHELL('',(#12808,#12848,#12888,#12910,#12932,#12944));
#12808 = ADVANCED_FACE('',(#12809),#12843,.T.);
#12809 = FACE_BOUND('',#12810,.T.);
#12810 = EDGE_LOOP('',(#12811,#12821,#12829,#12837));
#12811 = ORIENTED_EDGE('',*,*,#12812,.T.);
#12812 = EDGE_CURVE('',#12813,#12815,#12817,.T.);
#12813 = VERTEX_POINT('',#12814);
#12814 = CARTESIAN_POINT('',(16.5643,8.33E-02,-1.8));
#12815 = VERTEX_POINT('',#12816);
#12816 = CARTESIAN_POINT('',(16.5643,0.1667,-1.8));
#12817 = LINE('',#12818,#12819);
#12818 = CARTESIAN_POINT('',(16.5643,8.33E-02,-1.8));
#12819 = VECTOR('',#12820,1.);
#12820 = DIRECTION('',(0.,1.,0.));
#12821 = ORIENTED_EDGE('',*,*,#12822,.T.);
#12822 = EDGE_CURVE('',#12815,#12823,#12825,.T.);
#12823 = VERTEX_POINT('',#12824);
#12824 = CARTESIAN_POINT('',(17.0357,0.1667,-1.8));
#12825 = LINE('',#12826,#12827);
#12826 = CARTESIAN_POINT('',(16.5643,0.1667,-1.8));
#12827 = VECTOR('',#12828,1.);
#12828 = DIRECTION('',(1.,0.,0.));
#12829 = ORIENTED_EDGE('',*,*,#12830,.F.);
#12830 = EDGE_CURVE('',#12831,#12823,#12833,.T.);
#12831 = VERTEX_POINT('',#12832);
#12832 = CARTESIAN_POINT('',(17.0357,8.33E-02,-1.8));
#12833 = LINE('',#12834,#12835);
#12834 = CARTESIAN_POINT('',(17.0357,8.33E-02,-1.8));
#12835 = VECTOR('',#12836,1.);
#12836 = DIRECTION('',(0.,1.,0.));
#12837 = ORIENTED_EDGE('',*,*,#12838,.F.);
#12838 = EDGE_CURVE('',#12813,#12831,#12839,.T.);
#12839 = LINE('',#12840,#12841);
#12840 = CARTESIAN_POINT('',(16.5643,8.33E-02,-1.8));
#12841 = VECTOR('',#12842,1.);
#12842 = DIRECTION('',(1.,0.,0.));
#12843 = PLANE('',#12844);
#12844 = AXIS2_PLACEMENT_3D('',#12845,#12846,#12847);
#12845 = CARTESIAN_POINT('',(16.5643,8.33E-02,-1.8));
#12846 = DIRECTION('',(0.,0.,-1.));
#12847 = DIRECTION('',(1.,0.,0.));
#12848 = ADVANCED_FACE('',(#12849),#12883,.T.);
#12849 = FACE_BOUND('',#12850,.T.);
#12850 = EDGE_LOOP('',(#12851,#12861,#12869,#12877));
#12851 = ORIENTED_EDGE('',*,*,#12852,.T.);
#12852 = EDGE_CURVE('',#12853,#12855,#12857,.T.);
#12853 = VERTEX_POINT('',#12854);
#12854 = CARTESIAN_POINT('',(16.5643,8.33E-02,0.3));
#12855 = VERTEX_POINT('',#12856);
#12856 = CARTESIAN_POINT('',(17.0357,8.33E-02,0.3));
#12857 = LINE('',#12858,#12859);
#12858 = CARTESIAN_POINT('',(16.5643,8.33E-02,0.3));
#12859 = VECTOR('',#12860,1.);
#12860 = DIRECTION('',(1.,0.,0.));
#12861 = ORIENTED_EDGE('',*,*,#12862,.T.);
#12862 = EDGE_CURVE('',#12855,#12863,#12865,.T.);
#12863 = VERTEX_POINT('',#12864);
#12864 = CARTESIAN_POINT('',(17.0357,0.1667,0.3));
#12865 = LINE('',#12866,#12867);
#12866 = CARTESIAN_POINT('',(17.0357,8.33E-02,0.3));
#12867 = VECTOR('',#12868,1.);
#12868 = DIRECTION('',(0.,1.,0.));
#12869 = ORIENTED_EDGE('',*,*,#12870,.F.);
#12870 = EDGE_CURVE('',#12871,#12863,#12873,.T.);
#12871 = VERTEX_POINT('',#12872);
#12872 = CARTESIAN_POINT('',(16.5643,0.1667,0.3));
#12873 = LINE('',#12874,#12875);
#12874 = CARTESIAN_POINT('',(16.5643,0.1667,0.3));
#12875 = VECTOR('',#12876,1.);
#12876 = DIRECTION('',(1.,0.,0.));
#12877 = ORIENTED_EDGE('',*,*,#12878,.F.);
#12878 = EDGE_CURVE('',#12853,#12871,#12879,.T.);
#12879 = LINE('',#12880,#12881);
#12880 = CARTESIAN_POINT('',(16.5643,8.33E-02,0.3));
#12881 = VECTOR('',#12882,1.);
#12882 = DIRECTION('',(0.,1.,0.));
#12883 = PLANE('',#12884);
#12884 = AXIS2_PLACEMENT_3D('',#12885,#12886,#12887);
#12885 = CARTESIAN_POINT('',(16.5643,8.33E-02,0.3));
#12886 = DIRECTION('',(0.,0.,1.));
#12887 = DIRECTION('',(1.,0.,-0.));
#12888 = ADVANCED_FACE('',(#12889),#12905,.T.);
#12889 = FACE_BOUND('',#12890,.T.);
#12890 = EDGE_LOOP('',(#12891,#12892,#12898,#12899));
#12891 = ORIENTED_EDGE('',*,*,#12838,.T.);
#12892 = ORIENTED_EDGE('',*,*,#12893,.T.);
#12893 = EDGE_CURVE('',#12831,#12855,#12894,.T.);
#12894 = LINE('',#12895,#12896);
#12895 = CARTESIAN_POINT('',(17.0357,8.33E-02,-1.8));
#12896 = VECTOR('',#12897,1.);
#12897 = DIRECTION('',(0.,0.,1.));
#12898 = ORIENTED_EDGE('',*,*,#12852,.F.);
#12899 = ORIENTED_EDGE('',*,*,#12900,.F.);
#12900 = EDGE_CURVE('',#12813,#12853,#12901,.T.);
#12901 = LINE('',#12902,#12903);
#12902 = CARTESIAN_POINT('',(16.5643,8.33E-02,-1.8));
#12903 = VECTOR('',#12904,1.);
#12904 = DIRECTION('',(0.,0.,1.));
#12905 = PLANE('',#12906);
#12906 = AXIS2_PLACEMENT_3D('',#12907,#12908,#12909);
#12907 = CARTESIAN_POINT('',(16.5643,8.33E-02,-1.8));
#12908 = DIRECTION('',(0.,-1.,0.));
#12909 = DIRECTION('',(1.,0.,0.));
#12910 = ADVANCED_FACE('',(#12911),#12927,.T.);
#12911 = FACE_BOUND('',#12912,.T.);
#12912 = EDGE_LOOP('',(#12913,#12919,#12920,#12926));
#12913 = ORIENTED_EDGE('',*,*,#12914,.T.);
#12914 = EDGE_CURVE('',#12815,#12871,#12915,.T.);
#12915 = LINE('',#12916,#12917);
#12916 = CARTESIAN_POINT('',(16.5643,0.1667,-1.8));
#12917 = VECTOR('',#12918,1.);
#12918 = DIRECTION('',(0.,0.,1.));
#12919 = ORIENTED_EDGE('',*,*,#12870,.T.);
#12920 = ORIENTED_EDGE('',*,*,#12921,.F.);
#12921 = EDGE_CURVE('',#12823,#12863,#12922,.T.);
#12922 = LINE('',#12923,#12924);
#12923 = CARTESIAN_POINT('',(17.0357,0.1667,-1.8));
#12924 = VECTOR('',#12925,1.);
#12925 = DIRECTION('',(0.,0.,1.));
#12926 = ORIENTED_EDGE('',*,*,#12822,.F.);
#12927 = PLANE('',#12928);
#12928 = AXIS2_PLACEMENT_3D('',#12929,#12930,#12931);
#12929 = CARTESIAN_POINT('',(16.5643,0.1667,-1.8));
#12930 = DIRECTION('',(0.,1.,0.));
#12931 = DIRECTION('',(1.,0.,0.));
#12932 = ADVANCED_FACE('',(#12933),#12939,.T.);
#12933 = FACE_BOUND('',#12934,.T.);
#12934 = EDGE_LOOP('',(#12935,#12936,#12937,#12938));
#12935 = ORIENTED_EDGE('',*,*,#12900,.T.);
#12936 = ORIENTED_EDGE('',*,*,#12878,.T.);
#12937 = ORIENTED_EDGE('',*,*,#12914,.F.);
#12938 = ORIENTED_EDGE('',*,*,#12812,.F.);
#12939 = PLANE('',#12940);
#12940 = AXIS2_PLACEMENT_3D('',#12941,#12942,#12943);
#12941 = CARTESIAN_POINT('',(16.5643,8.33E-02,-1.8));
#12942 = DIRECTION('',(-1.,0.,0.));
#12943 = DIRECTION('',(0.,1.,0.));
#12944 = ADVANCED_FACE('',(#12945),#12951,.T.);
#12945 = FACE_BOUND('',#12946,.T.);
#12946 = EDGE_LOOP('',(#12947,#12948,#12949,#12950));
#12947 = ORIENTED_EDGE('',*,*,#12830,.T.);
#12948 = ORIENTED_EDGE('',*,*,#12921,.T.);
#12949 = ORIENTED_EDGE('',*,*,#12862,.F.);
#12950 = ORIENTED_EDGE('',*,*,#12893,.F.);
#12951 = PLANE('',#12952);
#12952 = AXIS2_PLACEMENT_3D('',#12953,#12954,#12955);
#12953 = CARTESIAN_POINT('',(17.0357,8.33E-02,-1.8));
#12954 = DIRECTION('',(1.,0.,0.));
#12955 = DIRECTION('',(-0.,1.,0.));
#12956 = MANIFOLD_SOLID_BREP('',#12957);
#12957 = CLOSED_SHELL('',(#12958,#12998,#13038,#13060,#13082,#13094));
#12958 = ADVANCED_FACE('',(#12959),#12993,.T.);
#12959 = FACE_BOUND('',#12960,.T.);
#12960 = EDGE_LOOP('',(#12961,#12971,#12979,#12987));
#12961 = ORIENTED_EDGE('',*,*,#12962,.T.);
#12962 = EDGE_CURVE('',#12963,#12965,#12967,.T.);
#12963 = VERTEX_POINT('',#12964);
#12964 = CARTESIAN_POINT('',(16.55,-0.,-1.8));
#12965 = VERTEX_POINT('',#12966);
#12966 = CARTESIAN_POINT('',(16.55,8.33E-02,-1.8));
#12967 = LINE('',#12968,#12969);
#12968 = CARTESIAN_POINT('',(16.55,-0.,-1.8));
#12969 = VECTOR('',#12970,1.);
#12970 = DIRECTION('',(0.,1.,0.));
#12971 = ORIENTED_EDGE('',*,*,#12972,.T.);
#12972 = EDGE_CURVE('',#12965,#12973,#12975,.T.);
#12973 = VERTEX_POINT('',#12974);
#12974 = CARTESIAN_POINT('',(17.05,8.33E-02,-1.8));
#12975 = LINE('',#12976,#12977);
#12976 = CARTESIAN_POINT('',(16.55,8.33E-02,-1.8));
#12977 = VECTOR('',#12978,1.);
#12978 = DIRECTION('',(1.,0.,0.));
#12979 = ORIENTED_EDGE('',*,*,#12980,.F.);
#12980 = EDGE_CURVE('',#12981,#12973,#12983,.T.);
#12981 = VERTEX_POINT('',#12982);
#12982 = CARTESIAN_POINT('',(17.05,-0.,-1.8));
#12983 = LINE('',#12984,#12985);
#12984 = CARTESIAN_POINT('',(17.05,-0.,-1.8));
#12985 = VECTOR('',#12986,1.);
#12986 = DIRECTION('',(0.,1.,0.));
#12987 = ORIENTED_EDGE('',*,*,#12988,.F.);
#12988 = EDGE_CURVE('',#12963,#12981,#12989,.T.);
#12989 = LINE('',#12990,#12991);
#12990 = CARTESIAN_POINT('',(16.55,-0.,-1.8));
#12991 = VECTOR('',#12992,1.);
#12992 = DIRECTION('',(1.,0.,0.));
#12993 = PLANE('',#12994);
#12994 = AXIS2_PLACEMENT_3D('',#12995,#12996,#12997);
#12995 = CARTESIAN_POINT('',(16.55,-0.,-1.8));
#12996 = DIRECTION('',(0.,0.,-1.));
#12997 = DIRECTION('',(1.,0.,0.));
#12998 = ADVANCED_FACE('',(#12999),#13033,.T.);
#12999 = FACE_BOUND('',#13000,.T.);
#13000 = EDGE_LOOP('',(#13001,#13011,#13019,#13027));
#13001 = ORIENTED_EDGE('',*,*,#13002,.T.);
#13002 = EDGE_CURVE('',#13003,#13005,#13007,.T.);
#13003 = VERTEX_POINT('',#13004);
#13004 = CARTESIAN_POINT('',(16.55,-0.,0.3));
#13005 = VERTEX_POINT('',#13006);
#13006 = CARTESIAN_POINT('',(17.05,-0.,0.3));
#13007 = LINE('',#13008,#13009);
#13008 = CARTESIAN_POINT('',(16.55,-0.,0.3));
#13009 = VECTOR('',#13010,1.);
#13010 = DIRECTION('',(1.,0.,0.));
#13011 = ORIENTED_EDGE('',*,*,#13012,.T.);
#13012 = EDGE_CURVE('',#13005,#13013,#13015,.T.);
#13013 = VERTEX_POINT('',#13014);
#13014 = CARTESIAN_POINT('',(17.05,8.33E-02,0.3));
#13015 = LINE('',#13016,#13017);
#13016 = CARTESIAN_POINT('',(17.05,-0.,0.3));
#13017 = VECTOR('',#13018,1.);
#13018 = DIRECTION('',(0.,1.,0.));
#13019 = ORIENTED_EDGE('',*,*,#13020,.F.);
#13020 = EDGE_CURVE('',#13021,#13013,#13023,.T.);
#13021 = VERTEX_POINT('',#13022);
#13022 = CARTESIAN_POINT('',(16.55,8.33E-02,0.3));
#13023 = LINE('',#13024,#13025);
#13024 = CARTESIAN_POINT('',(16.55,8.33E-02,0.3));
#13025 = VECTOR('',#13026,1.);
#13026 = DIRECTION('',(1.,0.,0.));
#13027 = ORIENTED_EDGE('',*,*,#13028,.F.);
#13028 = EDGE_CURVE('',#13003,#13021,#13029,.T.);
#13029 = LINE('',#13030,#13031);
#13030 = CARTESIAN_POINT('',(16.55,-0.,0.3));
#13031 = VECTOR('',#13032,1.);
#13032 = DIRECTION('',(0.,1.,0.));
#13033 = PLANE('',#13034);
#13034 = AXIS2_PLACEMENT_3D('',#13035,#13036,#13037);
#13035 = CARTESIAN_POINT('',(16.55,-0.,0.3));
#13036 = DIRECTION('',(0.,0.,1.));
#13037 = DIRECTION('',(1.,0.,-0.));
#13038 = ADVANCED_FACE('',(#13039),#13055,.T.);
#13039 = FACE_BOUND('',#13040,.T.);
#13040 = EDGE_LOOP('',(#13041,#13042,#13048,#13049));
#13041 = ORIENTED_EDGE('',*,*,#12988,.T.);
#13042 = ORIENTED_EDGE('',*,*,#13043,.T.);
#13043 = EDGE_CURVE('',#12981,#13005,#13044,.T.);
#13044 = LINE('',#13045,#13046);
#13045 = CARTESIAN_POINT('',(17.05,-0.,-1.8));
#13046 = VECTOR('',#13047,1.);
#13047 = DIRECTION('',(0.,0.,1.));
#13048 = ORIENTED_EDGE('',*,*,#13002,.F.);
#13049 = ORIENTED_EDGE('',*,*,#13050,.F.);
#13050 = EDGE_CURVE('',#12963,#13003,#13051,.T.);
#13051 = LINE('',#13052,#13053);
#13052 = CARTESIAN_POINT('',(16.55,-0.,-1.8));
#13053 = VECTOR('',#13054,1.);
#13054 = DIRECTION('',(0.,0.,1.));
#13055 = PLANE('',#13056);
#13056 = AXIS2_PLACEMENT_3D('',#13057,#13058,#13059);
#13057 = CARTESIAN_POINT('',(16.55,-0.,-1.8));
#13058 = DIRECTION('',(0.,-1.,0.));
#13059 = DIRECTION('',(1.,0.,0.));
#13060 = ADVANCED_FACE('',(#13061),#13077,.T.);
#13061 = FACE_BOUND('',#13062,.T.);
#13062 = EDGE_LOOP('',(#13063,#13069,#13070,#13076));
#13063 = ORIENTED_EDGE('',*,*,#13064,.T.);
#13064 = EDGE_CURVE('',#12965,#13021,#13065,.T.);
#13065 = LINE('',#13066,#13067);
#13066 = CARTESIAN_POINT('',(16.55,8.33E-02,-1.8));
#13067 = VECTOR('',#13068,1.);
#13068 = DIRECTION('',(0.,0.,1.));
#13069 = ORIENTED_EDGE('',*,*,#13020,.T.);
#13070 = ORIENTED_EDGE('',*,*,#13071,.F.);
#13071 = EDGE_CURVE('',#12973,#13013,#13072,.T.);
#13072 = LINE('',#13073,#13074);
#13073 = CARTESIAN_POINT('',(17.05,8.33E-02,-1.8));
#13074 = VECTOR('',#13075,1.);
#13075 = DIRECTION('',(0.,0.,1.));
#13076 = ORIENTED_EDGE('',*,*,#12972,.F.);
#13077 = PLANE('',#13078);
#13078 = AXIS2_PLACEMENT_3D('',#13079,#13080,#13081);
#13079 = CARTESIAN_POINT('',(16.55,8.33E-02,-1.8));
#13080 = DIRECTION('',(0.,1.,0.));
#13081 = DIRECTION('',(1.,0.,0.));
#13082 = ADVANCED_FACE('',(#13083),#13089,.T.);
#13083 = FACE_BOUND('',#13084,.T.);
#13084 = EDGE_LOOP('',(#13085,#13086,#13087,#13088));
#13085 = ORIENTED_EDGE('',*,*,#13050,.T.);
#13086 = ORIENTED_EDGE('',*,*,#13028,.T.);
#13087 = ORIENTED_EDGE('',*,*,#13064,.F.);
#13088 = ORIENTED_EDGE('',*,*,#12962,.F.);
#13089 = PLANE('',#13090);
#13090 = AXIS2_PLACEMENT_3D('',#13091,#13092,#13093);
#13091 = CARTESIAN_POINT('',(16.55,-0.,-1.8));
#13092 = DIRECTION('',(-1.,0.,0.));
#13093 = DIRECTION('',(0.,1.,0.));
#13094 = ADVANCED_FACE('',(#13095),#13101,.T.);
#13095 = FACE_BOUND('',#13096,.T.);
#13096 = EDGE_LOOP('',(#13097,#13098,#13099,#13100));
#13097 = ORIENTED_EDGE('',*,*,#12980,.T.);
#13098 = ORIENTED_EDGE('',*,*,#13071,.T.);
#13099 = ORIENTED_EDGE('',*,*,#13012,.F.);
#13100 = ORIENTED_EDGE('',*,*,#13043,.F.);
#13101 = PLANE('',#13102);
#13102 = AXIS2_PLACEMENT_3D('',#13103,#13104,#13105);
#13103 = CARTESIAN_POINT('',(17.05,-0.,-1.8));
#13104 = DIRECTION('',(1.,0.,0.));
#13105 = DIRECTION('',(-0.,1.,0.));
#13106 = MANIFOLD_SOLID_BREP('',#13107);
#13107 = CLOSED_SHELL('',(#13108,#13148,#13188,#13210,#13232,#13244));
#13108 = ADVANCED_FACE('',(#13109),#13143,.T.);
#13109 = FACE_BOUND('',#13110,.T.);
#13110 = EDGE_LOOP('',(#13111,#13121,#13129,#13137));
#13111 = ORIENTED_EDGE('',*,*,#13112,.T.);
#13112 = EDGE_CURVE('',#13113,#13115,#13117,.T.);
#13113 = VERTEX_POINT('',#13114);
#13114 = CARTESIAN_POINT('',(16.55,-8.33E-02,-1.8));
#13115 = VERTEX_POINT('',#13116);
#13116 = CARTESIAN_POINT('',(16.55,-0.,-1.8));
#13117 = LINE('',#13118,#13119);
#13118 = CARTESIAN_POINT('',(16.55,-8.33E-02,-1.8));
#13119 = VECTOR('',#13120,1.);
#13120 = DIRECTION('',(0.,1.,0.));
#13121 = ORIENTED_EDGE('',*,*,#13122,.T.);
#13122 = EDGE_CURVE('',#13115,#13123,#13125,.T.);
#13123 = VERTEX_POINT('',#13124);
#13124 = CARTESIAN_POINT('',(17.05,-0.,-1.8));
#13125 = LINE('',#13126,#13127);
#13126 = CARTESIAN_POINT('',(16.55,-0.,-1.8));
#13127 = VECTOR('',#13128,1.);
#13128 = DIRECTION('',(1.,0.,0.));
#13129 = ORIENTED_EDGE('',*,*,#13130,.F.);
#13130 = EDGE_CURVE('',#13131,#13123,#13133,.T.);
#13131 = VERTEX_POINT('',#13132);
#13132 = CARTESIAN_POINT('',(17.05,-8.33E-02,-1.8));
#13133 = LINE('',#13134,#13135);
#13134 = CARTESIAN_POINT('',(17.05,-8.33E-02,-1.8));
#13135 = VECTOR('',#13136,1.);
#13136 = DIRECTION('',(0.,1.,0.));
#13137 = ORIENTED_EDGE('',*,*,#13138,.F.);
#13138 = EDGE_CURVE('',#13113,#13131,#13139,.T.);
#13139 = LINE('',#13140,#13141);
#13140 = CARTESIAN_POINT('',(16.55,-8.33E-02,-1.8));
#13141 = VECTOR('',#13142,1.);
#13142 = DIRECTION('',(1.,0.,0.));
#13143 = PLANE('',#13144);
#13144 = AXIS2_PLACEMENT_3D('',#13145,#13146,#13147);
#13145 = CARTESIAN_POINT('',(16.55,-8.33E-02,-1.8));
#13146 = DIRECTION('',(0.,0.,-1.));
#13147 = DIRECTION('',(1.,0.,0.));
#13148 = ADVANCED_FACE('',(#13149),#13183,.T.);
#13149 = FACE_BOUND('',#13150,.T.);
#13150 = EDGE_LOOP('',(#13151,#13161,#13169,#13177));
#13151 = ORIENTED_EDGE('',*,*,#13152,.T.);
#13152 = EDGE_CURVE('',#13153,#13155,#13157,.T.);
#13153 = VERTEX_POINT('',#13154);
#13154 = CARTESIAN_POINT('',(16.55,-8.33E-02,0.3));
#13155 = VERTEX_POINT('',#13156);
#13156 = CARTESIAN_POINT('',(17.05,-8.33E-02,0.3));
#13157 = LINE('',#13158,#13159);
#13158 = CARTESIAN_POINT('',(16.55,-8.33E-02,0.3));
#13159 = VECTOR('',#13160,1.);
#13160 = DIRECTION('',(1.,0.,0.));
#13161 = ORIENTED_EDGE('',*,*,#13162,.T.);
#13162 = EDGE_CURVE('',#13155,#13163,#13165,.T.);
#13163 = VERTEX_POINT('',#13164);
#13164 = CARTESIAN_POINT('',(17.05,-0.,0.3));
#13165 = LINE('',#13166,#13167);
#13166 = CARTESIAN_POINT('',(17.05,-8.33E-02,0.3));
#13167 = VECTOR('',#13168,1.);
#13168 = DIRECTION('',(0.,1.,0.));
#13169 = ORIENTED_EDGE('',*,*,#13170,.F.);
#13170 = EDGE_CURVE('',#13171,#13163,#13173,.T.);
#13171 = VERTEX_POINT('',#13172);
#13172 = CARTESIAN_POINT('',(16.55,-0.,0.3));
#13173 = LINE('',#13174,#13175);
#13174 = CARTESIAN_POINT('',(16.55,-0.,0.3));
#13175 = VECTOR('',#13176,1.);
#13176 = DIRECTION('',(1.,0.,0.));
#13177 = ORIENTED_EDGE('',*,*,#13178,.F.);
#13178 = EDGE_CURVE('',#13153,#13171,#13179,.T.);
#13179 = LINE('',#13180,#13181);
#13180 = CARTESIAN_POINT('',(16.55,-8.33E-02,0.3));
#13181 = VECTOR('',#13182,1.);
#13182 = DIRECTION('',(0.,1.,0.));
#13183 = PLANE('',#13184);
#13184 = AXIS2_PLACEMENT_3D('',#13185,#13186,#13187);
#13185 = CARTESIAN_POINT('',(16.55,-8.33E-02,0.3));
#13186 = DIRECTION('',(0.,0.,1.));
#13187 = DIRECTION('',(1.,0.,-0.));
#13188 = ADVANCED_FACE('',(#13189),#13205,.T.);
#13189 = FACE_BOUND('',#13190,.T.);
#13190 = EDGE_LOOP('',(#13191,#13192,#13198,#13199));
#13191 = ORIENTED_EDGE('',*,*,#13138,.T.);
#13192 = ORIENTED_EDGE('',*,*,#13193,.T.);
#13193 = EDGE_CURVE('',#13131,#13155,#13194,.T.);
#13194 = LINE('',#13195,#13196);
#13195 = CARTESIAN_POINT('',(17.05,-8.33E-02,-1.8));
#13196 = VECTOR('',#13197,1.);
#13197 = DIRECTION('',(0.,0.,1.));
#13198 = ORIENTED_EDGE('',*,*,#13152,.F.);
#13199 = ORIENTED_EDGE('',*,*,#13200,.F.);
#13200 = EDGE_CURVE('',#13113,#13153,#13201,.T.);
#13201 = LINE('',#13202,#13203);
#13202 = CARTESIAN_POINT('',(16.55,-8.33E-02,-1.8));
#13203 = VECTOR('',#13204,1.);
#13204 = DIRECTION('',(0.,0.,1.));
#13205 = PLANE('',#13206);
#13206 = AXIS2_PLACEMENT_3D('',#13207,#13208,#13209);
#13207 = CARTESIAN_POINT('',(16.55,-8.33E-02,-1.8));
#13208 = DIRECTION('',(0.,-1.,0.));
#13209 = DIRECTION('',(1.,0.,0.));
#13210 = ADVANCED_FACE('',(#13211),#13227,.T.);
#13211 = FACE_BOUND('',#13212,.T.);
#13212 = EDGE_LOOP('',(#13213,#13219,#13220,#13226));
#13213 = ORIENTED_EDGE('',*,*,#13214,.T.);
#13214 = EDGE_CURVE('',#13115,#13171,#13215,.T.);
#13215 = LINE('',#13216,#13217);
#13216 = CARTESIAN_POINT('',(16.55,-0.,-1.8));
#13217 = VECTOR('',#13218,1.);
#13218 = DIRECTION('',(0.,0.,1.));
#13219 = ORIENTED_EDGE('',*,*,#13170,.T.);
#13220 = ORIENTED_EDGE('',*,*,#13221,.F.);
#13221 = EDGE_CURVE('',#13123,#13163,#13222,.T.);
#13222 = LINE('',#13223,#13224);
#13223 = CARTESIAN_POINT('',(17.05,-0.,-1.8));
#13224 = VECTOR('',#13225,1.);
#13225 = DIRECTION('',(0.,0.,1.));
#13226 = ORIENTED_EDGE('',*,*,#13122,.F.);
#13227 = PLANE('',#13228);
#13228 = AXIS2_PLACEMENT_3D('',#13229,#13230,#13231);
#13229 = CARTESIAN_POINT('',(16.55,-0.,-1.8));
#13230 = DIRECTION('',(0.,1.,0.));
#13231 = DIRECTION('',(1.,0.,0.));
#13232 = ADVANCED_FACE('',(#13233),#13239,.T.);
#13233 = FACE_BOUND('',#13234,.T.);
#13234 = EDGE_LOOP('',(#13235,#13236,#13237,#13238));
#13235 = ORIENTED_EDGE('',*,*,#13200,.T.);
#13236 = ORIENTED_EDGE('',*,*,#13178,.T.);
#13237 = ORIENTED_EDGE('',*,*,#13214,.F.);
#13238 = ORIENTED_EDGE('',*,*,#13112,.F.);
#13239 = PLANE('',#13240);
#13240 = AXIS2_PLACEMENT_3D('',#13241,#13242,#13243);
#13241 = CARTESIAN_POINT('',(16.55,-8.33E-02,-1.8));
#13242 = DIRECTION('',(-1.,0.,0.));
#13243 = DIRECTION('',(0.,1.,0.));
#13244 = ADVANCED_FACE('',(#13245),#13251,.T.);
#13245 = FACE_BOUND('',#13246,.T.);
#13246 = EDGE_LOOP('',(#13247,#13248,#13249,#13250));
#13247 = ORIENTED_EDGE('',*,*,#13130,.T.);
#13248 = ORIENTED_EDGE('',*,*,#13221,.T.);
#13249 = ORIENTED_EDGE('',*,*,#13162,.F.);
#13250 = ORIENTED_EDGE('',*,*,#13193,.F.);
#13251 = PLANE('',#13252);
#13252 = AXIS2_PLACEMENT_3D('',#13253,#13254,#13255);
#13253 = CARTESIAN_POINT('',(17.05,-8.33E-02,-1.8));
#13254 = DIRECTION('',(1.,0.,0.));
#13255 = DIRECTION('',(-0.,1.,0.));
#13256 = MANIFOLD_SOLID_BREP('',#13257);
#13257 = CLOSED_SHELL('',(#13258,#13298,#13338,#13360,#13382,#13394));
#13258 = ADVANCED_FACE('',(#13259),#13293,.T.);
#13259 = FACE_BOUND('',#13260,.T.);
#13260 = EDGE_LOOP('',(#13261,#13271,#13279,#13287));
#13261 = ORIENTED_EDGE('',*,*,#13262,.T.);
#13262 = EDGE_CURVE('',#13263,#13265,#13267,.T.);
#13263 = VERTEX_POINT('',#13264);
#13264 = CARTESIAN_POINT('',(16.5643,-0.1667,-1.8));
#13265 = VERTEX_POINT('',#13266);
#13266 = CARTESIAN_POINT('',(16.5643,-8.33E-02,-1.8));
#13267 = LINE('',#13268,#13269);
#13268 = CARTESIAN_POINT('',(16.5643,-0.1667,-1.8));
#13269 = VECTOR('',#13270,1.);
#13270 = DIRECTION('',(0.,1.,0.));
#13271 = ORIENTED_EDGE('',*,*,#13272,.T.);
#13272 = EDGE_CURVE('',#13265,#13273,#13275,.T.);
#13273 = VERTEX_POINT('',#13274);
#13274 = CARTESIAN_POINT('',(17.0357,-8.33E-02,-1.8));
#13275 = LINE('',#13276,#13277);
#13276 = CARTESIAN_POINT('',(16.5643,-8.33E-02,-1.8));
#13277 = VECTOR('',#13278,1.);
#13278 = DIRECTION('',(1.,0.,0.));
#13279 = ORIENTED_EDGE('',*,*,#13280,.F.);
#13280 = EDGE_CURVE('',#13281,#13273,#13283,.T.);
#13281 = VERTEX_POINT('',#13282);
#13282 = CARTESIAN_POINT('',(17.0357,-0.1667,-1.8));
#13283 = LINE('',#13284,#13285);
#13284 = CARTESIAN_POINT('',(17.0357,-0.1667,-1.8));
#13285 = VECTOR('',#13286,1.);
#13286 = DIRECTION('',(0.,1.,0.));
#13287 = ORIENTED_EDGE('',*,*,#13288,.F.);
#13288 = EDGE_CURVE('',#13263,#13281,#13289,.T.);
#13289 = LINE('',#13290,#13291);
#13290 = CARTESIAN_POINT('',(16.5643,-0.1667,-1.8));
#13291 = VECTOR('',#13292,1.);
#13292 = DIRECTION('',(1.,0.,0.));
#13293 = PLANE('',#13294);
#13294 = AXIS2_PLACEMENT_3D('',#13295,#13296,#13297);
#13295 = CARTESIAN_POINT('',(16.5643,-0.1667,-1.8));
#13296 = DIRECTION('',(0.,0.,-1.));
#13297 = DIRECTION('',(1.,0.,0.));
#13298 = ADVANCED_FACE('',(#13299),#13333,.T.);
#13299 = FACE_BOUND('',#13300,.T.);
#13300 = EDGE_LOOP('',(#13301,#13311,#13319,#13327));
#13301 = ORIENTED_EDGE('',*,*,#13302,.T.);
#13302 = EDGE_CURVE('',#13303,#13305,#13307,.T.);
#13303 = VERTEX_POINT('',#13304);
#13304 = CARTESIAN_POINT('',(16.5643,-0.1667,0.3));
#13305 = VERTEX_POINT('',#13306);
#13306 = CARTESIAN_POINT('',(17.0357,-0.1667,0.3));
#13307 = LINE('',#13308,#13309);
#13308 = CARTESIAN_POINT('',(16.5643,-0.1667,0.3));
#13309 = VECTOR('',#13310,1.);
#13310 = DIRECTION('',(1.,0.,0.));
#13311 = ORIENTED_EDGE('',*,*,#13312,.T.);
#13312 = EDGE_CURVE('',#13305,#13313,#13315,.T.);
#13313 = VERTEX_POINT('',#13314);
#13314 = CARTESIAN_POINT('',(17.0357,-8.33E-02,0.3));
#13315 = LINE('',#13316,#13317);
#13316 = CARTESIAN_POINT('',(17.0357,-0.1667,0.3));
#13317 = VECTOR('',#13318,1.);
#13318 = DIRECTION('',(0.,1.,0.));
#13319 = ORIENTED_EDGE('',*,*,#13320,.F.);
#13320 = EDGE_CURVE('',#13321,#13313,#13323,.T.);
#13321 = VERTEX_POINT('',#13322);
#13322 = CARTESIAN_POINT('',(16.5643,-8.33E-02,0.3));
#13323 = LINE('',#13324,#13325);
#13324 = CARTESIAN_POINT('',(16.5643,-8.33E-02,0.3));
#13325 = VECTOR('',#13326,1.);
#13326 = DIRECTION('',(1.,0.,0.));
#13327 = ORIENTED_EDGE('',*,*,#13328,.F.);
#13328 = EDGE_CURVE('',#13303,#13321,#13329,.T.);
#13329 = LINE('',#13330,#13331);
#13330 = CARTESIAN_POINT('',(16.5643,-0.1667,0.3));
#13331 = VECTOR('',#13332,1.);
#13332 = DIRECTION('',(0.,1.,0.));
#13333 = PLANE('',#13334);
#13334 = AXIS2_PLACEMENT_3D('',#13335,#13336,#13337);
#13335 = CARTESIAN_POINT('',(16.5643,-0.1667,0.3));
#13336 = DIRECTION('',(0.,0.,1.));
#13337 = DIRECTION('',(1.,0.,-0.));
#13338 = ADVANCED_FACE('',(#13339),#13355,.T.);
#13339 = FACE_BOUND('',#13340,.T.);
#13340 = EDGE_LOOP('',(#13341,#13342,#13348,#13349));
#13341 = ORIENTED_EDGE('',*,*,#13288,.T.);
#13342 = ORIENTED_EDGE('',*,*,#13343,.T.);
#13343 = EDGE_CURVE('',#13281,#13305,#13344,.T.);
#13344 = LINE('',#13345,#13346);
#13345 = CARTESIAN_POINT('',(17.0357,-0.1667,-1.8));
#13346 = VECTOR('',#13347,1.);
#13347 = DIRECTION('',(0.,0.,1.));
#13348 = ORIENTED_EDGE('',*,*,#13302,.F.);
#13349 = ORIENTED_EDGE('',*,*,#13350,.F.);
#13350 = EDGE_CURVE('',#13263,#13303,#13351,.T.);
#13351 = LINE('',#13352,#13353);
#13352 = CARTESIAN_POINT('',(16.5643,-0.1667,-1.8));
#13353 = VECTOR('',#13354,1.);
#13354 = DIRECTION('',(0.,0.,1.));
#13355 = PLANE('',#13356);
#13356 = AXIS2_PLACEMENT_3D('',#13357,#13358,#13359);
#13357 = CARTESIAN_POINT('',(16.5643,-0.1667,-1.8));
#13358 = DIRECTION('',(0.,-1.,0.));
#13359 = DIRECTION('',(1.,0.,0.));
#13360 = ADVANCED_FACE('',(#13361),#13377,.T.);
#13361 = FACE_BOUND('',#13362,.T.);
#13362 = EDGE_LOOP('',(#13363,#13369,#13370,#13376));
#13363 = ORIENTED_EDGE('',*,*,#13364,.T.);
#13364 = EDGE_CURVE('',#13265,#13321,#13365,.T.);
#13365 = LINE('',#13366,#13367);
#13366 = CARTESIAN_POINT('',(16.5643,-8.33E-02,-1.8));
#13367 = VECTOR('',#13368,1.);
#13368 = DIRECTION('',(0.,0.,1.));
#13369 = ORIENTED_EDGE('',*,*,#13320,.T.);
#13370 = ORIENTED_EDGE('',*,*,#13371,.F.);
#13371 = EDGE_CURVE('',#13273,#13313,#13372,.T.);
#13372 = LINE('',#13373,#13374);
#13373 = CARTESIAN_POINT('',(17.0357,-8.33E-02,-1.8));
#13374 = VECTOR('',#13375,1.);
#13375 = DIRECTION('',(0.,0.,1.));
#13376 = ORIENTED_EDGE('',*,*,#13272,.F.);
#13377 = PLANE('',#13378);
#13378 = AXIS2_PLACEMENT_3D('',#13379,#13380,#13381);
#13379 = CARTESIAN_POINT('',(16.5643,-8.33E-02,-1.8));
#13380 = DIRECTION('',(0.,1.,0.));
#13381 = DIRECTION('',(1.,0.,0.));
#13382 = ADVANCED_FACE('',(#13383),#13389,.T.);
#13383 = FACE_BOUND('',#13384,.T.);
#13384 = EDGE_LOOP('',(#13385,#13386,#13387,#13388));
#13385 = ORIENTED_EDGE('',*,*,#13350,.T.);
#13386 = ORIENTED_EDGE('',*,*,#13328,.T.);
#13387 = ORIENTED_EDGE('',*,*,#13364,.F.);
#13388 = ORIENTED_EDGE('',*,*,#13262,.F.);
#13389 = PLANE('',#13390);
#13390 = AXIS2_PLACEMENT_3D('',#13391,#13392,#13393);
#13391 = CARTESIAN_POINT('',(16.5643,-0.1667,-1.8));
#13392 = DIRECTION('',(-1.,0.,0.));
#13393 = DIRECTION('',(0.,1.,0.));
#13394 = ADVANCED_FACE('',(#13395),#13401,.T.);
#13395 = FACE_BOUND('',#13396,.T.);
#13396 = EDGE_LOOP('',(#13397,#13398,#13399,#13400));
#13397 = ORIENTED_EDGE('',*,*,#13280,.T.);
#13398 = ORIENTED_EDGE('',*,*,#13371,.T.);
#13399 = ORIENTED_EDGE('',*,*,#13312,.F.);
#13400 = ORIENTED_EDGE('',*,*,#13343,.F.);
#13401 = PLANE('',#13402);
#13402 = AXIS2_PLACEMENT_3D('',#13403,#13404,#13405);
#13403 = CARTESIAN_POINT('',(17.0357,-0.1667,-1.8));
#13404 = DIRECTION('',(1.,0.,0.));
#13405 = DIRECTION('',(-0.,1.,0.));
#13406 = MANIFOLD_SOLID_BREP('',#13407);
#13407 = CLOSED_SHELL('',(#13408,#13448,#13488,#13510,#13532,#13544));
#13408 = ADVANCED_FACE('',(#13409),#13443,.T.);
#13409 = FACE_BOUND('',#13410,.T.);
#13410 = EDGE_LOOP('',(#13411,#13421,#13429,#13437));
#13411 = ORIENTED_EDGE('',*,*,#13412,.T.);
#13412 = EDGE_CURVE('',#13413,#13415,#13417,.T.);
#13413 = VERTEX_POINT('',#13414);
#13414 = CARTESIAN_POINT('',(16.6137,-0.25,-1.8));
#13415 = VERTEX_POINT('',#13416);
#13416 = CARTESIAN_POINT('',(16.6137,-0.1667,-1.8));
#13417 = LINE('',#13418,#13419);
#13418 = CARTESIAN_POINT('',(16.6137,-0.25,-1.8));
#13419 = VECTOR('',#13420,1.);
#13420 = DIRECTION('',(0.,1.,0.));
#13421 = ORIENTED_EDGE('',*,*,#13422,.T.);
#13422 = EDGE_CURVE('',#13415,#13423,#13425,.T.);
#13423 = VERTEX_POINT('',#13424);
#13424 = CARTESIAN_POINT('',(16.9863,-0.1667,-1.8));
#13425 = LINE('',#13426,#13427);
#13426 = CARTESIAN_POINT('',(16.6137,-0.1667,-1.8));
#13427 = VECTOR('',#13428,1.);
#13428 = DIRECTION('',(1.,0.,0.));
#13429 = ORIENTED_EDGE('',*,*,#13430,.F.);
#13430 = EDGE_CURVE('',#13431,#13423,#13433,.T.);
#13431 = VERTEX_POINT('',#13432);
#13432 = CARTESIAN_POINT('',(16.9863,-0.25,-1.8));
#13433 = LINE('',#13434,#13435);
#13434 = CARTESIAN_POINT('',(16.9863,-0.25,-1.8));
#13435 = VECTOR('',#13436,1.);
#13436 = DIRECTION('',(0.,1.,0.));
#13437 = ORIENTED_EDGE('',*,*,#13438,.F.);
#13438 = EDGE_CURVE('',#13413,#13431,#13439,.T.);
#13439 = LINE('',#13440,#13441);
#13440 = CARTESIAN_POINT('',(16.6137,-0.25,-1.8));
#13441 = VECTOR('',#13442,1.);
#13442 = DIRECTION('',(1.,0.,0.));
#13443 = PLANE('',#13444);
#13444 = AXIS2_PLACEMENT_3D('',#13445,#13446,#13447);
#13445 = CARTESIAN_POINT('',(16.6137,-0.25,-1.8));
#13446 = DIRECTION('',(0.,0.,-1.));
#13447 = DIRECTION('',(1.,0.,0.));
#13448 = ADVANCED_FACE('',(#13449),#13483,.T.);
#13449 = FACE_BOUND('',#13450,.T.);
#13450 = EDGE_LOOP('',(#13451,#13461,#13469,#13477));
#13451 = ORIENTED_EDGE('',*,*,#13452,.T.);
#13452 = EDGE_CURVE('',#13453,#13455,#13457,.T.);
#13453 = VERTEX_POINT('',#13454);
#13454 = CARTESIAN_POINT('',(16.6137,-0.25,0.3));
#13455 = VERTEX_POINT('',#13456);
#13456 = CARTESIAN_POINT('',(16.9863,-0.25,0.3));
#13457 = LINE('',#13458,#13459);
#13458 = CARTESIAN_POINT('',(16.6137,-0.25,0.3));
#13459 = VECTOR('',#13460,1.);
#13460 = DIRECTION('',(1.,0.,0.));
#13461 = ORIENTED_EDGE('',*,*,#13462,.T.);
#13462 = EDGE_CURVE('',#13455,#13463,#13465,.T.);
#13463 = VERTEX_POINT('',#13464);
#13464 = CARTESIAN_POINT('',(16.9863,-0.1667,0.3));
#13465 = LINE('',#13466,#13467);
#13466 = CARTESIAN_POINT('',(16.9863,-0.25,0.3));
#13467 = VECTOR('',#13468,1.);
#13468 = DIRECTION('',(0.,1.,0.));
#13469 = ORIENTED_EDGE('',*,*,#13470,.F.);
#13470 = EDGE_CURVE('',#13471,#13463,#13473,.T.);
#13471 = VERTEX_POINT('',#13472);
#13472 = CARTESIAN_POINT('',(16.6137,-0.1667,0.3));
#13473 = LINE('',#13474,#13475);
#13474 = CARTESIAN_POINT('',(16.6137,-0.1667,0.3));
#13475 = VECTOR('',#13476,1.);
#13476 = DIRECTION('',(1.,0.,0.));
#13477 = ORIENTED_EDGE('',*,*,#13478,.F.);
#13478 = EDGE_CURVE('',#13453,#13471,#13479,.T.);
#13479 = LINE('',#13480,#13481);
#13480 = CARTESIAN_POINT('',(16.6137,-0.25,0.3));
#13481 = VECTOR('',#13482,1.);
#13482 = DIRECTION('',(0.,1.,0.));
#13483 = PLANE('',#13484);
#13484 = AXIS2_PLACEMENT_3D('',#13485,#13486,#13487);
#13485 = CARTESIAN_POINT('',(16.6137,-0.25,0.3));
#13486 = DIRECTION('',(0.,0.,1.));
#13487 = DIRECTION('',(1.,0.,-0.));
#13488 = ADVANCED_FACE('',(#13489),#13505,.T.);
#13489 = FACE_BOUND('',#13490,.T.);
#13490 = EDGE_LOOP('',(#13491,#13492,#13498,#13499));
#13491 = ORIENTED_EDGE('',*,*,#13438,.T.);
#13492 = ORIENTED_EDGE('',*,*,#13493,.T.);
#13493 = EDGE_CURVE('',#13431,#13455,#13494,.T.);
#13494 = LINE('',#13495,#13496);
#13495 = CARTESIAN_POINT('',(16.9863,-0.25,-1.8));
#13496 = VECTOR('',#13497,1.);
#13497 = DIRECTION('',(0.,0.,1.));
#13498 = ORIENTED_EDGE('',*,*,#13452,.F.);
#13499 = ORIENTED_EDGE('',*,*,#13500,.F.);
#13500 = EDGE_CURVE('',#13413,#13453,#13501,.T.);
#13501 = LINE('',#13502,#13503);
#13502 = CARTESIAN_POINT('',(16.6137,-0.25,-1.8));
#13503 = VECTOR('',#13504,1.);
#13504 = DIRECTION('',(0.,0.,1.));
#13505 = PLANE('',#13506);
#13506 = AXIS2_PLACEMENT_3D('',#13507,#13508,#13509);
#13507 = CARTESIAN_POINT('',(16.6137,-0.25,-1.8));
#13508 = DIRECTION('',(0.,-1.,0.));
#13509 = DIRECTION('',(1.,0.,0.));
#13510 = ADVANCED_FACE('',(#13511),#13527,.T.);
#13511 = FACE_BOUND('',#13512,.T.);
#13512 = EDGE_LOOP('',(#13513,#13519,#13520,#13526));
#13513 = ORIENTED_EDGE('',*,*,#13514,.T.);
#13514 = EDGE_CURVE('',#13415,#13471,#13515,.T.);
#13515 = LINE('',#13516,#13517);
#13516 = CARTESIAN_POINT('',(16.6137,-0.1667,-1.8));
#13517 = VECTOR('',#13518,1.);
#13518 = DIRECTION('',(0.,0.,1.));
#13519 = ORIENTED_EDGE('',*,*,#13470,.T.);
#13520 = ORIENTED_EDGE('',*,*,#13521,.F.);
#13521 = EDGE_CURVE('',#13423,#13463,#13522,.T.);
#13522 = LINE('',#13523,#13524);
#13523 = CARTESIAN_POINT('',(16.9863,-0.1667,-1.8));
#13524 = VECTOR('',#13525,1.);
#13525 = DIRECTION('',(0.,0.,1.));
#13526 = ORIENTED_EDGE('',*,*,#13422,.F.);
#13527 = PLANE('',#13528);
#13528 = AXIS2_PLACEMENT_3D('',#13529,#13530,#13531);
#13529 = CARTESIAN_POINT('',(16.6137,-0.1667,-1.8));
#13530 = DIRECTION('',(0.,1.,0.));
#13531 = DIRECTION('',(1.,0.,0.));
#13532 = ADVANCED_FACE('',(#13533),#13539,.T.);
#13533 = FACE_BOUND('',#13534,.T.);
#13534 = EDGE_LOOP('',(#13535,#13536,#13537,#13538));
#13535 = ORIENTED_EDGE('',*,*,#13500,.T.);
#13536 = ORIENTED_EDGE('',*,*,#13478,.T.);
#13537 = ORIENTED_EDGE('',*,*,#13514,.F.);
#13538 = ORIENTED_EDGE('',*,*,#13412,.F.);
#13539 = PLANE('',#13540);
#13540 = AXIS2_PLACEMENT_3D('',#13541,#13542,#13543);
#13541 = CARTESIAN_POINT('',(16.6137,-0.25,-1.8));
#13542 = DIRECTION('',(-1.,0.,0.));
#13543 = DIRECTION('',(0.,1.,0.));
#13544 = ADVANCED_FACE('',(#13545),#13551,.T.);
#13545 = FACE_BOUND('',#13546,.T.);
#13546 = EDGE_LOOP('',(#13547,#13548,#13549,#13550));
#13547 = ORIENTED_EDGE('',*,*,#13430,.T.);
#13548 = ORIENTED_EDGE('',*,*,#13521,.T.);
#13549 = ORIENTED_EDGE('',*,*,#13462,.F.);
#13550 = ORIENTED_EDGE('',*,*,#13493,.F.);
#13551 = PLANE('',#13552);
#13552 = AXIS2_PLACEMENT_3D('',#13553,#13554,#13555);
#13553 = CARTESIAN_POINT('',(16.9863,-0.25,-1.8));
#13554 = DIRECTION('',(1.,0.,0.));
#13555 = DIRECTION('',(-0.,1.,0.));
#13556 = ( GEOMETRIC_REPRESENTATION_CONTEXT(3) 
GLOBAL_UNCERTAINTY_ASSIGNED_CONTEXT((#13560)) 
GLOBAL_UNIT_ASSIGNED_CONTEXT((#13557,#13558,#13559)) 
REPRESENTATION_CONTEXT('Context #1',
  '3D Context with UNIT and UNCERTAINTY') );
#13557 = ( LENGTH_UNIT() NAMED_UNIT(*) SI_UNIT(.MILLI.,.METRE.) );
#13558 = ( NAMED_UNIT(*) PLANE_ANGLE_UNIT() SI_UNIT($,.RADIAN.) );
#13559 = ( NAMED_UNIT(*) SI_UNIT($,.STERADIAN.) SOLID_ANGLE_UNIT() );
#13560 = UNCERTAINTY_MEASURE_WITH_UNIT(LENGTH_MEASURE(1.E-07),#13557,
  'distance_accuracy_value','confusion accuracy');
#13561 = CONTEXT_DEPENDENT_SHAPE_REPRESENTATION(#13562,#13564);
#13562 = ( REPRESENTATION_RELATIONSHIP('','',#55,#32) 
REPRESENTATION_RELATIONSHIP_WITH_TRANSFORMATION(#13563) 
SHAPE_REPRESENTATION_RELATIONSHIP() );
#13563 = ITEM_DEFINED_TRANSFORMATION('','',#11,#33);
#13564 = PRODUCT_DEFINITION_SHAPE('Placement','Placement of an item',
  #13565);
#13565 = NEXT_ASSEMBLY_USAGE_OCCURRENCE('1','=>[0:1:1:3]','',#27,#50,$);
#13566 = PRODUCT_RELATED_PRODUCT_CATEGORY('part',$,(#52));
#13567 = MECHANICAL_DESIGN_GEOMETRIC_PRESENTATION_REPRESENTATION('',(
    #13568,#13576,#13583,#13590,#13597,#13604,#13611,#13618,#13625,
    #13632,#13639,#13646,#13653,#13661,#13668,#13675,#13682,#13689,
    #13696,#13703,#13710,#13717,#13724,#13731,#13738,#13745,#13752,
    #13759,#13766,#13773,#13780,#13787,#13794,#13801,#13808,#13815,
    #13822,#13829,#13836,#13843,#13850,#13857,#13864,#13871,#13878,
    #13885,#13892,#13899,#13906,#13913,#13920,#13927,#13934,#13941,
    #13948,#13955,#13962,#13969,#13976,#13983,#13990,#13997,#14004,
    #14011,#14018,#14025,#14032,#14039,#14046,#14053,#14060,#14067,
    #14074,#14081,#14088,#14095,#14102,#14109,#14116,#14123,#14130,
    #14137,#14144,#14151,#14158,#14165,#14172,#14179,#14186,#14193),
  #13556);
#13568 = STYLED_ITEM('color',(#13569),#56);
#13569 = PRESENTATION_STYLE_ASSIGNMENT((#13570));
#13570 = SURFACE_STYLE_USAGE(.BOTH.,#13571);
#13571 = SURFACE_SIDE_STYLE('',(#13572));
#13572 = SURFACE_STYLE_FILL_AREA(#13573);
#13573 = FILL_AREA_STYLE('',(#13574));
#13574 = FILL_AREA_STYLE_COLOUR('',#13575);
#13575 = COLOUR_RGB('',7.999999887273E-02,7.999999887273E-02,
  7.999999887273E-02);
#13576 = STYLED_ITEM('color',(#13577),#206);
#13577 = PRESENTATION_STYLE_ASSIGNMENT((#13578));
#13578 = SURFACE_STYLE_USAGE(.BOTH.,#13579);
#13579 = SURFACE_SIDE_STYLE('',(#13580));
#13580 = SURFACE_STYLE_FILL_AREA(#13581);
#13581 = FILL_AREA_STYLE('',(#13582));
#13582 = FILL_AREA_STYLE_COLOUR('',#13575);
#13583 = STYLED_ITEM('color',(#13584),#356);
#13584 = PRESENTATION_STYLE_ASSIGNMENT((#13585));
#13585 = SURFACE_STYLE_USAGE(.BOTH.,#13586);
#13586 = SURFACE_SIDE_STYLE('',(#13587));
#13587 = SURFACE_STYLE_FILL_AREA(#13588);
#13588 = FILL_AREA_STYLE('',(#13589));
#13589 = FILL_AREA_STYLE_COLOUR('',#13575);
#13590 = STYLED_ITEM('color',(#13591),#506);
#13591 = PRESENTATION_STYLE_ASSIGNMENT((#13592));
#13592 = SURFACE_STYLE_USAGE(.BOTH.,#13593);
#13593 = SURFACE_SIDE_STYLE('',(#13594));
#13594 = SURFACE_STYLE_FILL_AREA(#13595);
#13595 = FILL_AREA_STYLE('',(#13596));
#13596 = FILL_AREA_STYLE_COLOUR('',#13575);
#13597 = STYLED_ITEM('color',(#13598),#656);
#13598 = PRESENTATION_STYLE_ASSIGNMENT((#13599));
#13599 = SURFACE_STYLE_USAGE(.BOTH.,#13600);
#13600 = SURFACE_SIDE_STYLE('',(#13601));
#13601 = SURFACE_STYLE_FILL_AREA(#13602);
#13602 = FILL_AREA_STYLE('',(#13603));
#13603 = FILL_AREA_STYLE_COLOUR('',#13575);
#13604 = STYLED_ITEM('color',(#13605),#806);
#13605 = PRESENTATION_STYLE_ASSIGNMENT((#13606));
#13606 = SURFACE_STYLE_USAGE(.BOTH.,#13607);
#13607 = SURFACE_SIDE_STYLE('',(#13608));
#13608 = SURFACE_STYLE_FILL_AREA(#13609);
#13609 = FILL_AREA_STYLE('',(#13610));
#13610 = FILL_AREA_STYLE_COLOUR('',#13575);
#13611 = STYLED_ITEM('color',(#13612),#956);
#13612 = PRESENTATION_STYLE_ASSIGNMENT((#13613));
#13613 = SURFACE_STYLE_USAGE(.BOTH.,#13614);
#13614 = SURFACE_SIDE_STYLE('',(#13615));
#13615 = SURFACE_STYLE_FILL_AREA(#13616);
#13616 = FILL_AREA_STYLE('',(#13617));
#13617 = FILL_AREA_STYLE_COLOUR('',#13575);
#13618 = STYLED_ITEM('color',(#13619),#1106);
#13619 = PRESENTATION_STYLE_ASSIGNMENT((#13620));
#13620 = SURFACE_STYLE_USAGE(.BOTH.,#13621);
#13621 = SURFACE_SIDE_STYLE('',(#13622));
#13622 = SURFACE_STYLE_FILL_AREA(#13623);
#13623 = FILL_AREA_STYLE('',(#13624));
#13624 = FILL_AREA_STYLE_COLOUR('',#13575);
#13625 = STYLED_ITEM('color',(#13626),#1256);
#13626 = PRESENTATION_STYLE_ASSIGNMENT((#13627));
#13627 = SURFACE_STYLE_USAGE(.BOTH.,#13628);
#13628 = SURFACE_SIDE_STYLE('',(#13629));
#13629 = SURFACE_STYLE_FILL_AREA(#13630);
#13630 = FILL_AREA_STYLE('',(#13631));
#13631 = FILL_AREA_STYLE_COLOUR('',#13575);
#13632 = STYLED_ITEM('color',(#13633),#1406);
#13633 = PRESENTATION_STYLE_ASSIGNMENT((#13634));
#13634 = SURFACE_STYLE_USAGE(.BOTH.,#13635);
#13635 = SURFACE_SIDE_STYLE('',(#13636));
#13636 = SURFACE_STYLE_FILL_AREA(#13637);
#13637 = FILL_AREA_STYLE('',(#13638));
#13638 = FILL_AREA_STYLE_COLOUR('',#13575);
#13639 = STYLED_ITEM('color',(#13640),#1556);
#13640 = PRESENTATION_STYLE_ASSIGNMENT((#13641));
#13641 = SURFACE_STYLE_USAGE(.BOTH.,#13642);
#13642 = SURFACE_SIDE_STYLE('',(#13643));
#13643 = SURFACE_STYLE_FILL_AREA(#13644);
#13644 = FILL_AREA_STYLE('',(#13645));
#13645 = FILL_AREA_STYLE_COLOUR('',#13575);
#13646 = STYLED_ITEM('color',(#13647),#1706);
#13647 = PRESENTATION_STYLE_ASSIGNMENT((#13648));
#13648 = SURFACE_STYLE_USAGE(.BOTH.,#13649);
#13649 = SURFACE_SIDE_STYLE('',(#13650));
#13650 = SURFACE_STYLE_FILL_AREA(#13651);
#13651 = FILL_AREA_STYLE('',(#13652));
#13652 = FILL_AREA_STYLE_COLOUR('',#13575);
#13653 = STYLED_ITEM('color',(#13654),#1856);
#13654 = PRESENTATION_STYLE_ASSIGNMENT((#13655));
#13655 = SURFACE_STYLE_USAGE(.BOTH.,#13656);
#13656 = SURFACE_SIDE_STYLE('',(#13657));
#13657 = SURFACE_STYLE_FILL_AREA(#13658);
#13658 = FILL_AREA_STYLE('',(#13659));
#13659 = FILL_AREA_STYLE_COLOUR('',#13660);
#13660 = COLOUR_RGB('',0.78000000177,0.78000000177,0.800000010877);
#13661 = STYLED_ITEM('color',(#13662),#2006);
#13662 = PRESENTATION_STYLE_ASSIGNMENT((#13663));
#13663 = SURFACE_STYLE_USAGE(.BOTH.,#13664);
#13664 = SURFACE_SIDE_STYLE('',(#13665));
#13665 = SURFACE_STYLE_FILL_AREA(#13666);
#13666 = FILL_AREA_STYLE('',(#13667));
#13667 = FILL_AREA_STYLE_COLOUR('',#13660);
#13668 = STYLED_ITEM('color',(#13669),#2156);
#13669 = PRESENTATION_STYLE_ASSIGNMENT((#13670));
#13670 = SURFACE_STYLE_USAGE(.BOTH.,#13671);
#13671 = SURFACE_SIDE_STYLE('',(#13672));
#13672 = SURFACE_STYLE_FILL_AREA(#13673);
#13673 = FILL_AREA_STYLE('',(#13674));
#13674 = FILL_AREA_STYLE_COLOUR('',#13660);
#13675 = STYLED_ITEM('color',(#13676),#2306);
#13676 = PRESENTATION_STYLE_ASSIGNMENT((#13677));
#13677 = SURFACE_STYLE_USAGE(.BOTH.,#13678);
#13678 = SURFACE_SIDE_STYLE('',(#13679));
#13679 = SURFACE_STYLE_FILL_AREA(#13680);
#13680 = FILL_AREA_STYLE('',(#13681));
#13681 = FILL_AREA_STYLE_COLOUR('',#13660);
#13682 = STYLED_ITEM('color',(#13683),#2456);
#13683 = PRESENTATION_STYLE_ASSIGNMENT((#13684));
#13684 = SURFACE_STYLE_USAGE(.BOTH.,#13685);
#13685 = SURFACE_SIDE_STYLE('',(#13686));
#13686 = SURFACE_STYLE_FILL_AREA(#13687);
#13687 = FILL_AREA_STYLE('',(#13688));
#13688 = FILL_AREA_STYLE_COLOUR('',#13660);
#13689 = STYLED_ITEM('color',(#13690),#2606);
#13690 = PRESENTATION_STYLE_ASSIGNMENT((#13691));
#13691 = SURFACE_STYLE_USAGE(.BOTH.,#13692);
#13692 = SURFACE_SIDE_STYLE('',(#13693));
#13693 = SURFACE_STYLE_FILL_AREA(#13694);
#13694 = FILL_AREA_STYLE('',(#13695));
#13695 = FILL_AREA_STYLE_COLOUR('',#13660);
#13696 = STYLED_ITEM('color',(#13697),#2756);
#13697 = PRESENTATION_STYLE_ASSIGNMENT((#13698));
#13698 = SURFACE_STYLE_USAGE(.BOTH.,#13699);
#13699 = SURFACE_SIDE_STYLE('',(#13700));
#13700 = SURFACE_STYLE_FILL_AREA(#13701);
#13701 = FILL_AREA_STYLE('',(#13702));
#13702 = FILL_AREA_STYLE_COLOUR('',#13575);
#13703 = STYLED_ITEM('color',(#13704),#2906);
#13704 = PRESENTATION_STYLE_ASSIGNMENT((#13705));
#13705 = SURFACE_STYLE_USAGE(.BOTH.,#13706);
#13706 = SURFACE_SIDE_STYLE('',(#13707));
#13707 = SURFACE_STYLE_FILL_AREA(#13708);
#13708 = FILL_AREA_STYLE('',(#13709));
#13709 = FILL_AREA_STYLE_COLOUR('',#13575);
#13710 = STYLED_ITEM('color',(#13711),#3056);
#13711 = PRESENTATION_STYLE_ASSIGNMENT((#13712));
#13712 = SURFACE_STYLE_USAGE(.BOTH.,#13713);
#13713 = SURFACE_SIDE_STYLE('',(#13714));
#13714 = SURFACE_STYLE_FILL_AREA(#13715);
#13715 = FILL_AREA_STYLE('',(#13716));
#13716 = FILL_AREA_STYLE_COLOUR('',#13575);
#13717 = STYLED_ITEM('color',(#13718),#3206);
#13718 = PRESENTATION_STYLE_ASSIGNMENT((#13719));
#13719 = SURFACE_STYLE_USAGE(.BOTH.,#13720);
#13720 = SURFACE_SIDE_STYLE('',(#13721));
#13721 = SURFACE_STYLE_FILL_AREA(#13722);
#13722 = FILL_AREA_STYLE('',(#13723));
#13723 = FILL_AREA_STYLE_COLOUR('',#13575);
#13724 = STYLED_ITEM('color',(#13725),#3356);
#13725 = PRESENTATION_STYLE_ASSIGNMENT((#13726));
#13726 = SURFACE_STYLE_USAGE(.BOTH.,#13727);
#13727 = SURFACE_SIDE_STYLE('',(#13728));
#13728 = SURFACE_STYLE_FILL_AREA(#13729);
#13729 = FILL_AREA_STYLE('',(#13730));
#13730 = FILL_AREA_STYLE_COLOUR('',#13575);
#13731 = STYLED_ITEM('color',(#13732),#3506);
#13732 = PRESENTATION_STYLE_ASSIGNMENT((#13733));
#13733 = SURFACE_STYLE_USAGE(.BOTH.,#13734);
#13734 = SURFACE_SIDE_STYLE('',(#13735));
#13735 = SURFACE_STYLE_FILL_AREA(#13736);
#13736 = FILL_AREA_STYLE('',(#13737));
#13737 = FILL_AREA_STYLE_COLOUR('',#13575);
#13738 = STYLED_ITEM('color',(#13739),#3656);
#13739 = PRESENTATION_STYLE_ASSIGNMENT((#13740));
#13740 = SURFACE_STYLE_USAGE(.BOTH.,#13741);
#13741 = SURFACE_SIDE_STYLE('',(#13742));
#13742 = SURFACE_STYLE_FILL_AREA(#13743);
#13743 = FILL_AREA_STYLE('',(#13744));
#13744 = FILL_AREA_STYLE_COLOUR('',#13575);
#13745 = STYLED_ITEM('color',(#13746),#3806);
#13746 = PRESENTATION_STYLE_ASSIGNMENT((#13747));
#13747 = SURFACE_STYLE_USAGE(.BOTH.,#13748);
#13748 = SURFACE_SIDE_STYLE('',(#13749));
#13749 = SURFACE_STYLE_FILL_AREA(#13750);
#13750 = FILL_AREA_STYLE('',(#13751));
#13751 = FILL_AREA_STYLE_COLOUR('',#13575);
#13752 = STYLED_ITEM('color',(#13753),#3956);
#13753 = PRESENTATION_STYLE_ASSIGNMENT((#13754));
#13754 = SURFACE_STYLE_USAGE(.BOTH.,#13755);
#13755 = SURFACE_SIDE_STYLE('',(#13756));
#13756 = SURFACE_STYLE_FILL_AREA(#13757);
#13757 = FILL_AREA_STYLE('',(#13758));
#13758 = FILL_AREA_STYLE_COLOUR('',#13575);
#13759 = STYLED_ITEM('color',(#13760),#4106);
#13760 = PRESENTATION_STYLE_ASSIGNMENT((#13761));
#13761 = SURFACE_STYLE_USAGE(.BOTH.,#13762);
#13762 = SURFACE_SIDE_STYLE('',(#13763));
#13763 = SURFACE_STYLE_FILL_AREA(#13764);
#13764 = FILL_AREA_STYLE('',(#13765));
#13765 = FILL_AREA_STYLE_COLOUR('',#13575);
#13766 = STYLED_ITEM('color',(#13767),#4256);
#13767 = PRESENTATION_STYLE_ASSIGNMENT((#13768));
#13768 = SURFACE_STYLE_USAGE(.BOTH.,#13769);
#13769 = SURFACE_SIDE_STYLE('',(#13770));
#13770 = SURFACE_STYLE_FILL_AREA(#13771);
#13771 = FILL_AREA_STYLE('',(#13772));
#13772 = FILL_AREA_STYLE_COLOUR('',#13575);
#13773 = STYLED_ITEM('color',(#13774),#4406);
#13774 = PRESENTATION_STYLE_ASSIGNMENT((#13775));
#13775 = SURFACE_STYLE_USAGE(.BOTH.,#13776);
#13776 = SURFACE_SIDE_STYLE('',(#13777));
#13777 = SURFACE_STYLE_FILL_AREA(#13778);
#13778 = FILL_AREA_STYLE('',(#13779));
#13779 = FILL_AREA_STYLE_COLOUR('',#13575);
#13780 = STYLED_ITEM('color',(#13781),#4556);
#13781 = PRESENTATION_STYLE_ASSIGNMENT((#13782));
#13782 = SURFACE_STYLE_USAGE(.BOTH.,#13783);
#13783 = SURFACE_SIDE_STYLE('',(#13784));
#13784 = SURFACE_STYLE_FILL_AREA(#13785);
#13785 = FILL_AREA_STYLE('',(#13786));
#13786 = FILL_AREA_STYLE_COLOUR('',#13660);
#13787 = STYLED_ITEM('color',(#13788),#4706);
#13788 = PRESENTATION_STYLE_ASSIGNMENT((#13789));
#13789 = SURFACE_STYLE_USAGE(.BOTH.,#13790);
#13790 = SURFACE_SIDE_STYLE('',(#13791));
#13791 = SURFACE_STYLE_FILL_AREA(#13792);
#13792 = FILL_AREA_STYLE('',(#13793));
#13793 = FILL_AREA_STYLE_COLOUR('',#13660);
#13794 = STYLED_ITEM('color',(#13795),#4856);
#13795 = PRESENTATION_STYLE_ASSIGNMENT((#13796));
#13796 = SURFACE_STYLE_USAGE(.BOTH.,#13797);
#13797 = SURFACE_SIDE_STYLE('',(#13798));
#13798 = SURFACE_STYLE_FILL_AREA(#13799);
#13799 = FILL_AREA_STYLE('',(#13800));
#13800 = FILL_AREA_STYLE_COLOUR('',#13660);
#13801 = STYLED_ITEM('color',(#13802),#5006);
#13802 = PRESENTATION_STYLE_ASSIGNMENT((#13803));
#13803 = SURFACE_STYLE_USAGE(.BOTH.,#13804);
#13804 = SURFACE_SIDE_STYLE('',(#13805));
#13805 = SURFACE_STYLE_FILL_AREA(#13806);
#13806 = FILL_AREA_STYLE('',(#13807));
#13807 = FILL_AREA_STYLE_COLOUR('',#13660);
#13808 = STYLED_ITEM('color',(#13809),#5156);
#13809 = PRESENTATION_STYLE_ASSIGNMENT((#13810));
#13810 = SURFACE_STYLE_USAGE(.BOTH.,#13811);
#13811 = SURFACE_SIDE_STYLE('',(#13812));
#13812 = SURFACE_STYLE_FILL_AREA(#13813);
#13813 = FILL_AREA_STYLE('',(#13814));
#13814 = FILL_AREA_STYLE_COLOUR('',#13660);
#13815 = STYLED_ITEM('color',(#13816),#5306);
#13816 = PRESENTATION_STYLE_ASSIGNMENT((#13817));
#13817 = SURFACE_STYLE_USAGE(.BOTH.,#13818);
#13818 = SURFACE_SIDE_STYLE('',(#13819));
#13819 = SURFACE_STYLE_FILL_AREA(#13820);
#13820 = FILL_AREA_STYLE('',(#13821));
#13821 = FILL_AREA_STYLE_COLOUR('',#13660);
#13822 = STYLED_ITEM('color',(#13823),#5456);
#13823 = PRESENTATION_STYLE_ASSIGNMENT((#13824));
#13824 = SURFACE_STYLE_USAGE(.BOTH.,#13825);
#13825 = SURFACE_SIDE_STYLE('',(#13826));
#13826 = SURFACE_STYLE_FILL_AREA(#13827);
#13827 = FILL_AREA_STYLE('',(#13828));
#13828 = FILL_AREA_STYLE_COLOUR('',#13575);
#13829 = STYLED_ITEM('color',(#13830),#5606);
#13830 = PRESENTATION_STYLE_ASSIGNMENT((#13831));
#13831 = SURFACE_STYLE_USAGE(.BOTH.,#13832);
#13832 = SURFACE_SIDE_STYLE('',(#13833));
#13833 = SURFACE_STYLE_FILL_AREA(#13834);
#13834 = FILL_AREA_STYLE('',(#13835));
#13835 = FILL_AREA_STYLE_COLOUR('',#13575);
#13836 = STYLED_ITEM('color',(#13837),#5756);
#13837 = PRESENTATION_STYLE_ASSIGNMENT((#13838));
#13838 = SURFACE_STYLE_USAGE(.BOTH.,#13839);
#13839 = SURFACE_SIDE_STYLE('',(#13840));
#13840 = SURFACE_STYLE_FILL_AREA(#13841);
#13841 = FILL_AREA_STYLE('',(#13842));
#13842 = FILL_AREA_STYLE_COLOUR('',#13575);
#13843 = STYLED_ITEM('color',(#13844),#5906);
#13844 = PRESENTATION_STYLE_ASSIGNMENT((#13845));
#13845 = SURFACE_STYLE_USAGE(.BOTH.,#13846);
#13846 = SURFACE_SIDE_STYLE('',(#13847));
#13847 = SURFACE_STYLE_FILL_AREA(#13848);
#13848 = FILL_AREA_STYLE('',(#13849));
#13849 = FILL_AREA_STYLE_COLOUR('',#13575);
#13850 = STYLED_ITEM('color',(#13851),#6056);
#13851 = PRESENTATION_STYLE_ASSIGNMENT((#13852));
#13852 = SURFACE_STYLE_USAGE(.BOTH.,#13853);
#13853 = SURFACE_SIDE_STYLE('',(#13854));
#13854 = SURFACE_STYLE_FILL_AREA(#13855);
#13855 = FILL_AREA_STYLE('',(#13856));
#13856 = FILL_AREA_STYLE_COLOUR('',#13575);
#13857 = STYLED_ITEM('color',(#13858),#6206);
#13858 = PRESENTATION_STYLE_ASSIGNMENT((#13859));
#13859 = SURFACE_STYLE_USAGE(.BOTH.,#13860);
#13860 = SURFACE_SIDE_STYLE('',(#13861));
#13861 = SURFACE_STYLE_FILL_AREA(#13862);
#13862 = FILL_AREA_STYLE('',(#13863));
#13863 = FILL_AREA_STYLE_COLOUR('',#13575);
#13864 = STYLED_ITEM('color',(#13865),#6356);
#13865 = PRESENTATION_STYLE_ASSIGNMENT((#13866));
#13866 = SURFACE_STYLE_USAGE(.BOTH.,#13867);
#13867 = SURFACE_SIDE_STYLE('',(#13868));
#13868 = SURFACE_STYLE_FILL_AREA(#13869);
#13869 = FILL_AREA_STYLE('',(#13870));
#13870 = FILL_AREA_STYLE_COLOUR('',#13575);
#13871 = STYLED_ITEM('color',(#13872),#6506);
#13872 = PRESENTATION_STYLE_ASSIGNMENT((#13873));
#13873 = SURFACE_STYLE_USAGE(.BOTH.,#13874);
#13874 = SURFACE_SIDE_STYLE('',(#13875));
#13875 = SURFACE_STYLE_FILL_AREA(#13876);
#13876 = FILL_AREA_STYLE('',(#13877));
#13877 = FILL_AREA_STYLE_COLOUR('',#13575);
#13878 = STYLED_ITEM('color',(#13879),#6656);
#13879 = PRESENTATION_STYLE_ASSIGNMENT((#13880));
#13880 = SURFACE_STYLE_USAGE(.BOTH.,#13881);
#13881 = SURFACE_SIDE_STYLE('',(#13882));
#13882 = SURFACE_STYLE_FILL_AREA(#13883);
#13883 = FILL_AREA_STYLE('',(#13884));
#13884 = FILL_AREA_STYLE_COLOUR('',#13575);
#13885 = STYLED_ITEM('color',(#13886),#6806);
#13886 = PRESENTATION_STYLE_ASSIGNMENT((#13887));
#13887 = SURFACE_STYLE_USAGE(.BOTH.,#13888);
#13888 = SURFACE_SIDE_STYLE('',(#13889));
#13889 = SURFACE_STYLE_FILL_AREA(#13890);
#13890 = FILL_AREA_STYLE('',(#13891));
#13891 = FILL_AREA_STYLE_COLOUR('',#13575);
#13892 = STYLED_ITEM('color',(#13893),#6956);
#13893 = PRESENTATION_STYLE_ASSIGNMENT((#13894));
#13894 = SURFACE_STYLE_USAGE(.BOTH.,#13895);
#13895 = SURFACE_SIDE_STYLE('',(#13896));
#13896 = SURFACE_STYLE_FILL_AREA(#13897);
#13897 = FILL_AREA_STYLE('',(#13898));
#13898 = FILL_AREA_STYLE_COLOUR('',#13575);
#13899 = STYLED_ITEM('color',(#13900),#7106);
#13900 = PRESENTATION_STYLE_ASSIGNMENT((#13901));
#13901 = SURFACE_STYLE_USAGE(.BOTH.,#13902);
#13902 = SURFACE_SIDE_STYLE('',(#13903));
#13903 = SURFACE_STYLE_FILL_AREA(#13904);
#13904 = FILL_AREA_STYLE('',(#13905));
#13905 = FILL_AREA_STYLE_COLOUR('',#13575);
#13906 = STYLED_ITEM('color',(#13907),#7256);
#13907 = PRESENTATION_STYLE_ASSIGNMENT((#13908));
#13908 = SURFACE_STYLE_USAGE(.BOTH.,#13909);
#13909 = SURFACE_SIDE_STYLE('',(#13910));
#13910 = SURFACE_STYLE_FILL_AREA(#13911);
#13911 = FILL_AREA_STYLE('',(#13912));
#13912 = FILL_AREA_STYLE_COLOUR('',#13660);
#13913 = STYLED_ITEM('color',(#13914),#7406);
#13914 = PRESENTATION_STYLE_ASSIGNMENT((#13915));
#13915 = SURFACE_STYLE_USAGE(.BOTH.,#13916);
#13916 = SURFACE_SIDE_STYLE('',(#13917));
#13917 = SURFACE_STYLE_FILL_AREA(#13918);
#13918 = FILL_AREA_STYLE('',(#13919));
#13919 = FILL_AREA_STYLE_COLOUR('',#13660);
#13920 = STYLED_ITEM('color',(#13921),#7556);
#13921 = PRESENTATION_STYLE_ASSIGNMENT((#13922));
#13922 = SURFACE_STYLE_USAGE(.BOTH.,#13923);
#13923 = SURFACE_SIDE_STYLE('',(#13924));
#13924 = SURFACE_STYLE_FILL_AREA(#13925);
#13925 = FILL_AREA_STYLE('',(#13926));
#13926 = FILL_AREA_STYLE_COLOUR('',#13660);
#13927 = STYLED_ITEM('color',(#13928),#7706);
#13928 = PRESENTATION_STYLE_ASSIGNMENT((#13929));
#13929 = SURFACE_STYLE_USAGE(.BOTH.,#13930);
#13930 = SURFACE_SIDE_STYLE('',(#13931));
#13931 = SURFACE_STYLE_FILL_AREA(#13932);
#13932 = FILL_AREA_STYLE('',(#13933));
#13933 = FILL_AREA_STYLE_COLOUR('',#13660);
#13934 = STYLED_ITEM('color',(#13935),#7856);
#13935 = PRESENTATION_STYLE_ASSIGNMENT((#13936));
#13936 = SURFACE_STYLE_USAGE(.BOTH.,#13937);
#13937 = SURFACE_SIDE_STYLE('',(#13938));
#13938 = SURFACE_STYLE_FILL_AREA(#13939);
#13939 = FILL_AREA_STYLE('',(#13940));
#13940 = FILL_AREA_STYLE_COLOUR('',#13660);
#13941 = STYLED_ITEM('color',(#13942),#8006);
#13942 = PRESENTATION_STYLE_ASSIGNMENT((#13943));
#13943 = SURFACE_STYLE_USAGE(.BOTH.,#13944);
#13944 = SURFACE_SIDE_STYLE('',(#13945));
#13945 = SURFACE_STYLE_FILL_AREA(#13946);
#13946 = FILL_AREA_STYLE('',(#13947));
#13947 = FILL_AREA_STYLE_COLOUR('',#13660);
#13948 = STYLED_ITEM('color',(#13949),#8156);
#13949 = PRESENTATION_STYLE_ASSIGNMENT((#13950));
#13950 = SURFACE_STYLE_USAGE(.BOTH.,#13951);
#13951 = SURFACE_SIDE_STYLE('',(#13952));
#13952 = SURFACE_STYLE_FILL_AREA(#13953);
#13953 = FILL_AREA_STYLE('',(#13954));
#13954 = FILL_AREA_STYLE_COLOUR('',#13575);
#13955 = STYLED_ITEM('color',(#13956),#8306);
#13956 = PRESENTATION_STYLE_ASSIGNMENT((#13957));
#13957 = SURFACE_STYLE_USAGE(.BOTH.,#13958);
#13958 = SURFACE_SIDE_STYLE('',(#13959));
#13959 = SURFACE_STYLE_FILL_AREA(#13960);
#13960 = FILL_AREA_STYLE('',(#13961));
#13961 = FILL_AREA_STYLE_COLOUR('',#13575);
#13962 = STYLED_ITEM('color',(#13963),#8456);
#13963 = PRESENTATION_STYLE_ASSIGNMENT((#13964));
#13964 = SURFACE_STYLE_USAGE(.BOTH.,#13965);
#13965 = SURFACE_SIDE_STYLE('',(#13966));
#13966 = SURFACE_STYLE_FILL_AREA(#13967);
#13967 = FILL_AREA_STYLE('',(#13968));
#13968 = FILL_AREA_STYLE_COLOUR('',#13575);
#13969 = STYLED_ITEM('color',(#13970),#8606);
#13970 = PRESENTATION_STYLE_ASSIGNMENT((#13971));
#13971 = SURFACE_STYLE_USAGE(.BOTH.,#13972);
#13972 = SURFACE_SIDE_STYLE('',(#13973));
#13973 = SURFACE_STYLE_FILL_AREA(#13974);
#13974 = FILL_AREA_STYLE('',(#13975));
#13975 = FILL_AREA_STYLE_COLOUR('',#13575);
#13976 = STYLED_ITEM('color',(#13977),#8756);
#13977 = PRESENTATION_STYLE_ASSIGNMENT((#13978));
#13978 = SURFACE_STYLE_USAGE(.BOTH.,#13979);
#13979 = SURFACE_SIDE_STYLE('',(#13980));
#13980 = SURFACE_STYLE_FILL_AREA(#13981);
#13981 = FILL_AREA_STYLE('',(#13982));
#13982 = FILL_AREA_STYLE_COLOUR('',#13575);
#13983 = STYLED_ITEM('color',(#13984),#8906);
#13984 = PRESENTATION_STYLE_ASSIGNMENT((#13985));
#13985 = SURFACE_STYLE_USAGE(.BOTH.,#13986);
#13986 = SURFACE_SIDE_STYLE('',(#13987));
#13987 = SURFACE_STYLE_FILL_AREA(#13988);
#13988 = FILL_AREA_STYLE('',(#13989));
#13989 = FILL_AREA_STYLE_COLOUR('',#13575);
#13990 = STYLED_ITEM('color',(#13991),#9056);
#13991 = PRESENTATION_STYLE_ASSIGNMENT((#13992));
#13992 = SURFACE_STYLE_USAGE(.BOTH.,#13993);
#13993 = SURFACE_SIDE_STYLE('',(#13994));
#13994 = SURFACE_STYLE_FILL_AREA(#13995);
#13995 = FILL_AREA_STYLE('',(#13996));
#13996 = FILL_AREA_STYLE_COLOUR('',#13575);
#13997 = STYLED_ITEM('color',(#13998),#9206);
#13998 = PRESENTATION_STYLE_ASSIGNMENT((#13999));
#13999 = SURFACE_STYLE_USAGE(.BOTH.,#14000);
#14000 = SURFACE_SIDE_STYLE('',(#14001));
#14001 = SURFACE_STYLE_FILL_AREA(#14002);
#14002 = FILL_AREA_STYLE('',(#14003));
#14003 = FILL_AREA_STYLE_COLOUR('',#13575);
#14004 = STYLED_ITEM('color',(#14005),#9356);
#14005 = PRESENTATION_STYLE_ASSIGNMENT((#14006));
#14006 = SURFACE_STYLE_USAGE(.BOTH.,#14007);
#14007 = SURFACE_SIDE_STYLE('',(#14008));
#14008 = SURFACE_STYLE_FILL_AREA(#14009);
#14009 = FILL_AREA_STYLE('',(#14010));
#14010 = FILL_AREA_STYLE_COLOUR('',#13575);
#14011 = STYLED_ITEM('color',(#14012),#9506);
#14012 = PRESENTATION_STYLE_ASSIGNMENT((#14013));
#14013 = SURFACE_STYLE_USAGE(.BOTH.,#14014);
#14014 = SURFACE_SIDE_STYLE('',(#14015));
#14015 = SURFACE_STYLE_FILL_AREA(#14016);
#14016 = FILL_AREA_STYLE('',(#14017));
#14017 = FILL_AREA_STYLE_COLOUR('',#13575);
#14018 = STYLED_ITEM('color',(#14019),#9656);
#14019 = PRESENTATION_STYLE_ASSIGNMENT((#14020));
#14020 = SURFACE_STYLE_USAGE(.BOTH.,#14021);
#14021 = SURFACE_SIDE_STYLE('',(#14022));
#14022 = SURFACE_STYLE_FILL_AREA(#14023);
#14023 = FILL_AREA_STYLE('',(#14024));
#14024 = FILL_AREA_STYLE_COLOUR('',#13575);
#14025 = STYLED_ITEM('color',(#14026),#9806);
#14026 = PRESENTATION_STYLE_ASSIGNMENT((#14027));
#14027 = SURFACE_STYLE_USAGE(.BOTH.,#14028);
#14028 = SURFACE_SIDE_STYLE('',(#14029));
#14029 = SURFACE_STYLE_FILL_AREA(#14030);
#14030 = FILL_AREA_STYLE('',(#14031));
#14031 = FILL_AREA_STYLE_COLOUR('',#13575);
#14032 = STYLED_ITEM('color',(#14033),#9956);
#14033 = PRESENTATION_STYLE_ASSIGNMENT((#14034));
#14034 = SURFACE_STYLE_USAGE(.BOTH.,#14035);
#14035 = SURFACE_SIDE_STYLE('',(#14036));
#14036 = SURFACE_STYLE_FILL_AREA(#14037);
#14037 = FILL_AREA_STYLE('',(#14038));
#14038 = FILL_AREA_STYLE_COLOUR('',#13660);
#14039 = STYLED_ITEM('color',(#14040),#10106);
#14040 = PRESENTATION_STYLE_ASSIGNMENT((#14041));
#14041 = SURFACE_STYLE_USAGE(.BOTH.,#14042);
#14042 = SURFACE_SIDE_STYLE('',(#14043));
#14043 = SURFACE_STYLE_FILL_AREA(#14044);
#14044 = FILL_AREA_STYLE('',(#14045));
#14045 = FILL_AREA_STYLE_COLOUR('',#13660);
#14046 = STYLED_ITEM('color',(#14047),#10256);
#14047 = PRESENTATION_STYLE_ASSIGNMENT((#14048));
#14048 = SURFACE_STYLE_USAGE(.BOTH.,#14049);
#14049 = SURFACE_SIDE_STYLE('',(#14050));
#14050 = SURFACE_STYLE_FILL_AREA(#14051);
#14051 = FILL_AREA_STYLE('',(#14052));
#14052 = FILL_AREA_STYLE_COLOUR('',#13660);
#14053 = STYLED_ITEM('color',(#14054),#10406);
#14054 = PRESENTATION_STYLE_ASSIGNMENT((#14055));
#14055 = SURFACE_STYLE_USAGE(.BOTH.,#14056);
#14056 = SURFACE_SIDE_STYLE('',(#14057));
#14057 = SURFACE_STYLE_FILL_AREA(#14058);
#14058 = FILL_AREA_STYLE('',(#14059));
#14059 = FILL_AREA_STYLE_COLOUR('',#13660);
#14060 = STYLED_ITEM('color',(#14061),#10556);
#14061 = PRESENTATION_STYLE_ASSIGNMENT((#14062));
#14062 = SURFACE_STYLE_USAGE(.BOTH.,#14063);
#14063 = SURFACE_SIDE_STYLE('',(#14064));
#14064 = SURFACE_STYLE_FILL_AREA(#14065);
#14065 = FILL_AREA_STYLE('',(#14066));
#14066 = FILL_AREA_STYLE_COLOUR('',#13660);
#14067 = STYLED_ITEM('color',(#14068),#10706);
#14068 = PRESENTATION_STYLE_ASSIGNMENT((#14069));
#14069 = SURFACE_STYLE_USAGE(.BOTH.,#14070);
#14070 = SURFACE_SIDE_STYLE('',(#14071));
#14071 = SURFACE_STYLE_FILL_AREA(#14072);
#14072 = FILL_AREA_STYLE('',(#14073));
#14073 = FILL_AREA_STYLE_COLOUR('',#13660);
#14074 = STYLED_ITEM('color',(#14075),#10856);
#14075 = PRESENTATION_STYLE_ASSIGNMENT((#14076));
#14076 = SURFACE_STYLE_USAGE(.BOTH.,#14077);
#14077 = SURFACE_SIDE_STYLE('',(#14078));
#14078 = SURFACE_STYLE_FILL_AREA(#14079);
#14079 = FILL_AREA_STYLE('',(#14080));
#14080 = FILL_AREA_STYLE_COLOUR('',#13575);
#14081 = STYLED_ITEM('color',(#14082),#11006);
#14082 = PRESENTATION_STYLE_ASSIGNMENT((#14083));
#14083 = SURFACE_STYLE_USAGE(.BOTH.,#14084);
#14084 = SURFACE_SIDE_STYLE('',(#14085));
#14085 = SURFACE_STYLE_FILL_AREA(#14086);
#14086 = FILL_AREA_STYLE('',(#14087));
#14087 = FILL_AREA_STYLE_COLOUR('',#13575);
#14088 = STYLED_ITEM('color',(#14089),#11156);
#14089 = PRESENTATION_STYLE_ASSIGNMENT((#14090));
#14090 = SURFACE_STYLE_USAGE(.BOTH.,#14091);
#14091 = SURFACE_SIDE_STYLE('',(#14092));
#14092 = SURFACE_STYLE_FILL_AREA(#14093);
#14093 = FILL_AREA_STYLE('',(#14094));
#14094 = FILL_AREA_STYLE_COLOUR('',#13575);
#14095 = STYLED_ITEM('color',(#14096),#11306);
#14096 = PRESENTATION_STYLE_ASSIGNMENT((#14097));
#14097 = SURFACE_STYLE_USAGE(.BOTH.,#14098);
#14098 = SURFACE_SIDE_STYLE('',(#14099));
#14099 = SURFACE_STYLE_FILL_AREA(#14100);
#14100 = FILL_AREA_STYLE('',(#14101));
#14101 = FILL_AREA_STYLE_COLOUR('',#13575);
#14102 = STYLED_ITEM('color',(#14103),#11456);
#14103 = PRESENTATION_STYLE_ASSIGNMENT((#14104));
#14104 = SURFACE_STYLE_USAGE(.BOTH.,#14105);
#14105 = SURFACE_SIDE_STYLE('',(#14106));
#14106 = SURFACE_STYLE_FILL_AREA(#14107);
#14107 = FILL_AREA_STYLE('',(#14108));
#14108 = FILL_AREA_STYLE_COLOUR('',#13575);
#14109 = STYLED_ITEM('color',(#14110),#11606);
#14110 = PRESENTATION_STYLE_ASSIGNMENT((#14111));
#14111 = SURFACE_STYLE_USAGE(.BOTH.,#14112);
#14112 = SURFACE_SIDE_STYLE('',(#14113));
#14113 = SURFACE_STYLE_FILL_AREA(#14114);
#14114 = FILL_AREA_STYLE('',(#14115));
#14115 = FILL_AREA_STYLE_COLOUR('',#13575);
#14116 = STYLED_ITEM('color',(#14117),#11756);
#14117 = PRESENTATION_STYLE_ASSIGNMENT((#14118));
#14118 = SURFACE_STYLE_USAGE(.BOTH.,#14119);
#14119 = SURFACE_SIDE_STYLE('',(#14120));
#14120 = SURFACE_STYLE_FILL_AREA(#14121);
#14121 = FILL_AREA_STYLE('',(#14122));
#14122 = FILL_AREA_STYLE_COLOUR('',#13575);
#14123 = STYLED_ITEM('color',(#14124),#11906);
#14124 = PRESENTATION_STYLE_ASSIGNMENT((#14125));
#14125 = SURFACE_STYLE_USAGE(.BOTH.,#14126);
#14126 = SURFACE_SIDE_STYLE('',(#14127));
#14127 = SURFACE_STYLE_FILL_AREA(#14128);
#14128 = FILL_AREA_STYLE('',(#14129));
#14129 = FILL_AREA_STYLE_COLOUR('',#13575);
#14130 = STYLED_ITEM('color',(#14131),#12056);
#14131 = PRESENTATION_STYLE_ASSIGNMENT((#14132));
#14132 = SURFACE_STYLE_USAGE(.BOTH.,#14133);
#14133 = SURFACE_SIDE_STYLE('',(#14134));
#14134 = SURFACE_STYLE_FILL_AREA(#14135);
#14135 = FILL_AREA_STYLE('',(#14136));
#14136 = FILL_AREA_STYLE_COLOUR('',#13575);
#14137 = STYLED_ITEM('color',(#14138),#12206);
#14138 = PRESENTATION_STYLE_ASSIGNMENT((#14139));
#14139 = SURFACE_STYLE_USAGE(.BOTH.,#14140);
#14140 = SURFACE_SIDE_STYLE('',(#14141));
#14141 = SURFACE_STYLE_FILL_AREA(#14142);
#14142 = FILL_AREA_STYLE('',(#14143));
#14143 = FILL_AREA_STYLE_COLOUR('',#13575);
#14144 = STYLED_ITEM('color',(#14145),#12356);
#14145 = PRESENTATION_STYLE_ASSIGNMENT((#14146));
#14146 = SURFACE_STYLE_USAGE(.BOTH.,#14147);
#14147 = SURFACE_SIDE_STYLE('',(#14148));
#14148 = SURFACE_STYLE_FILL_AREA(#14149);
#14149 = FILL_AREA_STYLE('',(#14150));
#14150 = FILL_AREA_STYLE_COLOUR('',#13575);
#14151 = STYLED_ITEM('color',(#14152),#12506);
#14152 = PRESENTATION_STYLE_ASSIGNMENT((#14153));
#14153 = SURFACE_STYLE_USAGE(.BOTH.,#14154);
#14154 = SURFACE_SIDE_STYLE('',(#14155));
#14155 = SURFACE_STYLE_FILL_AREA(#14156);
#14156 = FILL_AREA_STYLE('',(#14157));
#14157 = FILL_AREA_STYLE_COLOUR('',#13575);
#14158 = STYLED_ITEM('color',(#14159),#12656);
#14159 = PRESENTATION_STYLE_ASSIGNMENT((#14160));
#14160 = SURFACE_STYLE_USAGE(.BOTH.,#14161);
#14161 = SURFACE_SIDE_STYLE('',(#14162));
#14162 = SURFACE_STYLE_FILL_AREA(#14163);
#14163 = FILL_AREA_STYLE('',(#14164));
#14164 = FILL_AREA_STYLE_COLOUR('',#13660);
#14165 = STYLED_ITEM('color',(#14166),#12806);
#14166 = PRESENTATION_STYLE_ASSIGNMENT((#14167));
#14167 = SURFACE_STYLE_USAGE(.BOTH.,#14168);
#14168 = SURFACE_SIDE_STYLE('',(#14169));
#14169 = SURFACE_STYLE_FILL_AREA(#14170);
#14170 = FILL_AREA_STYLE('',(#14171));
#14171 = FILL_AREA_STYLE_COLOUR('',#13660);
#14172 = STYLED_ITEM('color',(#14173),#12956);
#14173 = PRESENTATION_STYLE_ASSIGNMENT((#14174));
#14174 = SURFACE_STYLE_USAGE(.BOTH.,#14175);
#14175 = SURFACE_SIDE_STYLE('',(#14176));
#14176 = SURFACE_STYLE_FILL_AREA(#14177);
#14177 = FILL_AREA_STYLE('',(#14178));
#14178 = FILL_AREA_STYLE_COLOUR('',#13660);
#14179 = STYLED_ITEM('color',(#14180),#13106);
#14180 = PRESENTATION_STYLE_ASSIGNMENT((#14181));
#14181 = SURFACE_STYLE_USAGE(.BOTH.,#14182);
#14182 = SURFACE_SIDE_STYLE('',(#14183));
#14183 = SURFACE_STYLE_FILL_AREA(#14184);
#14184 = FILL_AREA_STYLE('',(#14185));
#14185 = FILL_AREA_STYLE_COLOUR('',#13660);
#14186 = STYLED_ITEM('color',(#14187),#13256);
#14187 = PRESENTATION_STYLE_ASSIGNMENT((#14188));
#14188 = SURFACE_STYLE_USAGE(.BOTH.,#14189);
#14189 = SURFACE_SIDE_STYLE('',(#14190));
#14190 = SURFACE_STYLE_FILL_AREA(#14191);
#14191 = FILL_AREA_STYLE('',(#14192));
#14192 = FILL_AREA_STYLE_COLOUR('',#13660);
#14193 = STYLED_ITEM('color',(#14194),#13406);
#14194 = PRESENTATION_STYLE_ASSIGNMENT((#14195));
#14195 = SURFACE_STYLE_USAGE(.BOTH.,#14196);
#14196 = SURFACE_SIDE_STYLE('',(#14197));
#14197 = SURFACE_STYLE_FILL_AREA(#14198);
#14198 = FILL_AREA_STYLE('',(#14199));
#14199 = FILL_AREA_STYLE_COLOUR('',#13660);
ENDSEC;
END-ISO-10303-21;
