ISO-10303-21;
HEADER;
FILE_DESCRIPTION(('KiCad electronic assembly'),'2;1');
FILE_NAME('U1.step','2026-09-28T08:13:16',('Pcbnew'),('Kicad'),
  'Open CASCADE STEP processor 7.9','KiCad to STEP converter','Unknown'
  );
FILE_SCHEMA(('AUTOMOTIVE_DESIGN { 1 0 10303 214 1 1 1 1 }'));
ENDSEC;
DATA;
#1 = APPLICATION_PROTOCOL_DEFINITION('international standard',
  'automotive_design',2000,#2);
#2 = APPLICATION_CONTEXT(
  'core data for automotive mechanical design processes');
#3 = SHAPE_DEFINITION_REPRESENTATION(#4,#10);
#4 = PRODUCT_DEFINITION_SHAPE('','',#5);
#5 = PRODUCT_DEFINITION('design','',#6,#9);
#6 = PRODUCT_DEFINITION_FORMATION('','',#7);
#7 = PRODUCT('U1 1','U1 1','',(#8));
#8 = PRODUCT_CONTEXT('',#2,'mechanical');
#9 = PRODUCT_DEFINITION_CONTEXT('part definition',#2,'design');
#10 = SHAPE_REPRESENTATION('',(#11,#15),#19);
#11 = AXIS2_PLACEMENT_3D('',#12,#13,#14);
#12 = CARTESIAN_POINT('',(0.,0.,0.));
#13 = DIRECTION('',(0.,0.,1.));
#14 = DIRECTION('',(1.,0.,-0.));
#15 = AXIS2_PLACEMENT_3D('',#16,#17,#18);
#16 = CARTESIAN_POINT('',(76.5,-120.5,-8.5E-02));
#17 = DIRECTION('',(1.499759782662E-32,1.224646799147E-16,-1.));
#18 = DIRECTION('',(-1.,1.224646799147E-16,0.));
#19 = ( GEOMETRIC_REPRESENTATION_CONTEXT(3) 
GLOBAL_UNCERTAINTY_ASSIGNED_CONTEXT((#23)) GLOBAL_UNIT_ASSIGNED_CONTEXT(
(#20,#21,#22)) REPRESENTATION_CONTEXT('Context #1',
  '3D Context with UNIT and UNCERTAINTY') );
#20 = ( LENGTH_UNIT() NAMED_UNIT(*) SI_UNIT(.MILLI.,.METRE.) );
#21 = ( NAMED_UNIT(*) PLANE_ANGLE_UNIT() SI_UNIT($,.RADIAN.) );
#22 = ( NAMED_UNIT(*) SI_UNIT($,.STERADIAN.) SOLID_ANGLE_UNIT() );
#23 = UNCERTAINTY_MEASURE_WITH_UNIT(LENGTH_MEASURE(1.E-07),#20,
  'distance_accuracy_value','confusion accuracy');
#24 = PRODUCT_RELATED_PRODUCT_CATEGORY('part',$,(#7));
#25 = SHAPE_DEFINITION_REPRESENTATION(#26,#32);
#26 = PRODUCT_DEFINITION_SHAPE('','',#27);
#27 = PRODUCT_DEFINITION('design','',#28,#31);
#28 = PRODUCT_DEFINITION_FORMATION('','',#29);
#29 = PRODUCT('Texas_RTW_WQFN-24-1EP_4x4mm_P0.5mm_EP2.7x2.7mm',
  'Texas_RTW_WQFN-24-1EP_4x4mm_P0.5mm_EP2.7x2.7mm','',(#30));
#30 = PRODUCT_CONTEXT('',#2,'mechanical');
#31 = PRODUCT_DEFINITION_CONTEXT('part definition',#2,'design');
#32 = SHAPE_REPRESENTATION('',(#11,#33),#37);
#33 = AXIS2_PLACEMENT_3D('',#34,#35,#36);
#34 = CARTESIAN_POINT('',(0.,0.,0.));
#35 = DIRECTION('',(0.,0.,1.));
#36 = DIRECTION('',(1.,0.,-0.));
#37 = ( GEOMETRIC_REPRESENTATION_CONTEXT(3) 
GLOBAL_UNCERTAINTY_ASSIGNED_CONTEXT((#41)) GLOBAL_UNIT_ASSIGNED_CONTEXT(
(#38,#39,#40)) REPRESENTATION_CONTEXT('Context #1',
  '3D Context with UNIT and UNCERTAINTY') );
#38 = ( LENGTH_UNIT() NAMED_UNIT(*) SI_UNIT(.MILLI.,.METRE.) );
#39 = ( NAMED_UNIT(*) PLANE_ANGLE_UNIT() SI_UNIT($,.RADIAN.) );
#40 = ( NAMED_UNIT(*) SI_UNIT($,.STERADIAN.) SOLID_ANGLE_UNIT() );
#41 = UNCERTAINTY_MEASURE_WITH_UNIT(LENGTH_MEASURE(1.E-07),#38,
  'distance_accuracy_value','confusion accuracy');
#42 = CONTEXT_DEPENDENT_SHAPE_REPRESENTATION(#43,#45);
#43 = ( REPRESENTATION_RELATIONSHIP('','',#32,#10) 
REPRESENTATION_RELATIONSHIP_WITH_TRANSFORMATION(#44) 
SHAPE_REPRESENTATION_RELATIONSHIP() );
#44 = ITEM_DEFINED_TRANSFORMATION('','',#11,#15);
#45 = PRODUCT_DEFINITION_SHAPE('Placement','Placement of an item',#46);
#46 = NEXT_ASSEMBLY_USAGE_OCCURRENCE('2','U1','',#5,#27,$);
#47 = PRODUCT_RELATED_PRODUCT_CATEGORY('part',$,(#29));
#48 = SHAPE_DEFINITION_REPRESENTATION(#49,#55);
#49 = PRODUCT_DEFINITION_SHAPE('','',#50);
#50 = PRODUCT_DEFINITION('design','',#51,#54);
#51 = PRODUCT_DEFINITION_FORMATION('','',#52);
#52 = PRODUCT('Texas_RTW_WQFN-24-1EP_4x4mm_P0.5mm_EP2.7x2.7mm',
  'Texas_RTW_WQFN-24-1EP_4x4mm_P0.5mm_EP2.7x2.7mm','',(#53));
#53 = PRODUCT_CONTEXT('',#2,'mechanical');
#54 = PRODUCT_DEFINITION_CONTEXT('part definition',#2,'design');
#55 = ADVANCED_BREP_SHAPE_REPRESENTATION('',(#11,#56),#5226);
#56 = MANIFOLD_SOLID_BREP('',#57);
#57 = CLOSED_SHELL('',(#58,#75,#100,#143,#366,#582,#798,#1007,#1637,
    #1677,#1701,#1734,#1774,#1798,#1831,#1871,#1895,#1928,#1968,#1992,
    #2025,#2065,#2089,#2122,#2162,#2186,#2219,#2259,#2283,#2316,#2356,
    #2380,#2413,#2453,#2477,#2510,#2550,#2574,#2607,#2647,#2671,#2704,
    #2744,#2768,#2801,#2841,#2865,#2898,#2938,#2962,#2995,#3035,#3059,
    #3092,#3132,#3156,#3189,#3229,#3253,#3286,#3326,#3350,#3383,#3423,
    #3447,#3480,#3520,#3544,#3577,#3617,#3641,#3674,#3714,#3738,#3771,
    #3811,#3835,#3868,#3908,#3932,#3965,#3983,#4001,#4019,#4037,#4055,
    #4073,#4091,#4109,#4127,#4145,#4163,#4181,#4199,#4217,#4235,#4253,
    #4271,#4289,#4307,#4325,#4343,#4361,#4379,#4397,#4428,#4452,#4476,
    #4500,#4517,#4534,#4546,#4563,#4575,#4592,#4604,#4621,#4633,#4650,
    #4662,#4679,#4691,#4708,#4720,#4737,#4749,#4766,#4778,#4795,#4807,
    #4824,#4836,#4853,#4865,#4882,#4894,#4911,#4923,#4940,#4952,#4969,
    #4981,#4998,#5010,#5027,#5039,#5056,#5068,#5085,#5097,#5114,#5126,
    #5143,#5155,#5172,#5184,#5201,#5213));
#58 = ADVANCED_FACE('',(#59),#70,.F.);
#59 = FACE_BOUND('',#60,.T.);
#60 = EDGE_LOOP('',(#61));
#61 = ORIENTED_EDGE('',*,*,#62,.F.);
#62 = EDGE_CURVE('',#63,#63,#65,.T.);
#63 = VERTEX_POINT('',#64);
#64 = CARTESIAN_POINT('',(-1.3,1.05,0.76));
#65 = CIRCLE('',#66,0.25);
#66 = AXIS2_PLACEMENT_3D('',#67,#68,#69);
#67 = CARTESIAN_POINT('',(-1.3,1.3,0.76));
#68 = DIRECTION('',(0.,-0.,-1.));
#69 = DIRECTION('',(1.110223024625E-16,-1.,0.));
#70 = PLANE('',#71);
#71 = AXIS2_PLACEMENT_3D('',#72,#73,#74);
#72 = CARTESIAN_POINT('',(-1.3,1.3,0.76));
#73 = DIRECTION('',(0.,0.,-1.));
#74 = DIRECTION('',(1.110223024625E-16,-1.,0.));
#75 = ADVANCED_FACE('',(#76),#95,.T.);
#76 = FACE_BOUND('',#77,.T.);
#77 = EDGE_LOOP('',(#78,#86,#87,#88));
#78 = ORIENTED_EDGE('',*,*,#79,.F.);
#79 = EDGE_CURVE('',#63,#80,#82,.T.);
#80 = VERTEX_POINT('',#81);
#81 = CARTESIAN_POINT('',(-1.3,1.05,0.75));
#82 = LINE('',#83,#84);
#83 = CARTESIAN_POINT('',(-1.3,1.05,0.76));
#84 = VECTOR('',#85,1.);
#85 = DIRECTION('',(0.,0.,-1.));
#86 = ORIENTED_EDGE('',*,*,#62,.T.);
#87 = ORIENTED_EDGE('',*,*,#79,.T.);
#88 = ORIENTED_EDGE('',*,*,#89,.F.);
#89 = EDGE_CURVE('',#80,#80,#90,.T.);
#90 = CIRCLE('',#91,0.25);
#91 = AXIS2_PLACEMENT_3D('',#92,#93,#94);
#92 = CARTESIAN_POINT('',(-1.3,1.3,0.75));
#93 = DIRECTION('',(0.,0.,-1.));
#94 = DIRECTION('',(1.110223024625E-16,-1.,0.));
#95 = CYLINDRICAL_SURFACE('',#96,0.25);
#96 = AXIS2_PLACEMENT_3D('',#97,#98,#99);
#97 = CARTESIAN_POINT('',(-1.3,1.3,0.76));
#98 = DIRECTION('',(0.,0.,-1.));
#99 = DIRECTION('',(1.110223024625E-16,-1.,0.));
#100 = ADVANCED_FACE('',(#101,#135),#138,.T.);
#101 = FACE_BOUND('',#102,.T.);
#102 = EDGE_LOOP('',(#103,#113,#121,#129));
#103 = ORIENTED_EDGE('',*,*,#104,.F.);
#104 = EDGE_CURVE('',#105,#107,#109,.T.);
#105 = VERTEX_POINT('',#106);
#106 = CARTESIAN_POINT('',(-1.96,1.96,0.75));
#107 = VERTEX_POINT('',#108);
#108 = CARTESIAN_POINT('',(1.96,1.96,0.75));
#109 = LINE('',#110,#111);
#110 = CARTESIAN_POINT('',(-1.96,1.96,0.75));
#111 = VECTOR('',#112,1.);
#112 = DIRECTION('',(1.,1.110223024625E-16,0.));
#113 = ORIENTED_EDGE('',*,*,#114,.T.);
#114 = EDGE_CURVE('',#105,#115,#117,.T.);
#115 = VERTEX_POINT('',#116);
#116 = CARTESIAN_POINT('',(-1.96,-1.96,0.75));
#117 = LINE('',#118,#119);
#118 = CARTESIAN_POINT('',(-1.96,1.96,0.75));
#119 = VECTOR('',#120,1.);
#120 = DIRECTION('',(1.110223024625E-16,-1.,0.));
#121 = ORIENTED_EDGE('',*,*,#122,.T.);
#122 = EDGE_CURVE('',#115,#123,#125,.T.);
#123 = VERTEX_POINT('',#124);
#124 = CARTESIAN_POINT('',(1.96,-1.96,0.75));
#125 = LINE('',#126,#127);
#126 = CARTESIAN_POINT('',(-1.96,-1.96,0.75));
#127 = VECTOR('',#128,1.);
#128 = DIRECTION('',(1.,1.110223024625E-16,0.));
#129 = ORIENTED_EDGE('',*,*,#130,.F.);
#130 = EDGE_CURVE('',#107,#123,#131,.T.);
#131 = LINE('',#132,#133);
#132 = CARTESIAN_POINT('',(1.96,1.96,0.75));
#133 = VECTOR('',#134,1.);
#134 = DIRECTION('',(1.110223024625E-16,-1.,0.));
#135 = FACE_BOUND('',#136,.T.);
#136 = EDGE_LOOP('',(#137));
#137 = ORIENTED_EDGE('',*,*,#89,.T.);
#138 = PLANE('',#139);
#139 = AXIS2_PLACEMENT_3D('',#140,#141,#142);
#140 = CARTESIAN_POINT('',(-1.96,1.96,0.75));
#141 = DIRECTION('',(0.,0.,1.));
#142 = DIRECTION('',(1.110223024625E-16,-1.,0.));
#143 = ADVANCED_FACE('',(#144),#361,.F.);
#144 = FACE_BOUND('',#145,.F.);
#145 = EDGE_LOOP('',(#146,#147,#155,#163,#171,#179,#187,#195,#203,#211,
    #219,#227,#235,#243,#251,#259,#267,#275,#283,#291,#299,#307,#315,
    #323,#331,#339,#347,#355));
#146 = ORIENTED_EDGE('',*,*,#104,.F.);
#147 = ORIENTED_EDGE('',*,*,#148,.F.);
#148 = EDGE_CURVE('',#149,#105,#151,.T.);
#149 = VERTEX_POINT('',#150);
#150 = CARTESIAN_POINT('',(-1.96,1.96,8.E-02));
#151 = LINE('',#152,#153);
#152 = CARTESIAN_POINT('',(-1.96,1.96,8.E-02));
#153 = VECTOR('',#154,1.);
#154 = DIRECTION('',(0.,0.,1.));
#155 = ORIENTED_EDGE('',*,*,#156,.T.);
#156 = EDGE_CURVE('',#149,#157,#159,.T.);
#157 = VERTEX_POINT('',#158);
#158 = CARTESIAN_POINT('',(-1.37,1.96,8.E-02));
#159 = LINE('',#160,#161);
#160 = CARTESIAN_POINT('',(-1.96,1.96,8.E-02));
#161 = VECTOR('',#162,1.);
#162 = DIRECTION('',(1.,1.110223024625E-16,0.));
#163 = ORIENTED_EDGE('',*,*,#164,.T.);
#164 = EDGE_CURVE('',#157,#165,#167,.T.);
#165 = VERTEX_POINT('',#166);
#166 = CARTESIAN_POINT('',(-1.37,1.96,0.2));
#167 = LINE('',#168,#169);
#168 = CARTESIAN_POINT('',(-1.37,1.96,4.E-02));
#169 = VECTOR('',#170,1.);
#170 = DIRECTION('',(0.,0.,1.));
#171 = ORIENTED_EDGE('',*,*,#172,.F.);
#172 = EDGE_CURVE('',#173,#165,#175,.T.);
#173 = VERTEX_POINT('',#174);
#174 = CARTESIAN_POINT('',(-1.13,1.96,0.2));
#175 = LINE('',#176,#177);
#176 = CARTESIAN_POINT('',(-1.605,1.96,0.2));
#177 = VECTOR('',#178,1.);
#178 = DIRECTION('',(-1.,-1.110223024625E-16,0.));
#179 = ORIENTED_EDGE('',*,*,#180,.T.);
#180 = EDGE_CURVE('',#173,#181,#183,.T.);
#181 = VERTEX_POINT('',#182);
#182 = CARTESIAN_POINT('',(-1.13,1.96,8.E-02));
#183 = LINE('',#184,#185);
#184 = CARTESIAN_POINT('',(-1.13,1.96,4.E-02));
#185 = VECTOR('',#186,1.);
#186 = DIRECTION('',(0.,0.,-1.));
#187 = ORIENTED_EDGE('',*,*,#188,.T.);
#188 = EDGE_CURVE('',#181,#189,#191,.T.);
#189 = VERTEX_POINT('',#190);
#190 = CARTESIAN_POINT('',(-0.87,1.96,8.E-02));
#191 = LINE('',#192,#193);
#192 = CARTESIAN_POINT('',(-1.96,1.96,8.E-02));
#193 = VECTOR('',#194,1.);
#194 = DIRECTION('',(1.,1.110223024625E-16,0.));
#195 = ORIENTED_EDGE('',*,*,#196,.T.);
#196 = EDGE_CURVE('',#189,#197,#199,.T.);
#197 = VERTEX_POINT('',#198);
#198 = CARTESIAN_POINT('',(-0.87,1.96,0.2));
#199 = LINE('',#200,#201);
#200 = CARTESIAN_POINT('',(-0.87,1.96,4.E-02));
#201 = VECTOR('',#202,1.);
#202 = DIRECTION('',(0.,0.,1.));
#203 = ORIENTED_EDGE('',*,*,#204,.F.);
#204 = EDGE_CURVE('',#205,#197,#207,.T.);
#205 = VERTEX_POINT('',#206);
#206 = CARTESIAN_POINT('',(-0.63,1.96,0.2));
#207 = LINE('',#208,#209);
#208 = CARTESIAN_POINT('',(-1.355,1.96,0.2));
#209 = VECTOR('',#210,1.);
#210 = DIRECTION('',(-1.,-1.110223024625E-16,0.));
#211 = ORIENTED_EDGE('',*,*,#212,.T.);
#212 = EDGE_CURVE('',#205,#213,#215,.T.);
#213 = VERTEX_POINT('',#214);
#214 = CARTESIAN_POINT('',(-0.63,1.96,8.E-02));
#215 = LINE('',#216,#217);
#216 = CARTESIAN_POINT('',(-0.63,1.96,4.E-02));
#217 = VECTOR('',#218,1.);
#218 = DIRECTION('',(0.,0.,-1.));
#219 = ORIENTED_EDGE('',*,*,#220,.T.);
#220 = EDGE_CURVE('',#213,#221,#223,.T.);
#221 = VERTEX_POINT('',#222);
#222 = CARTESIAN_POINT('',(-0.37,1.96,8.E-02));
#223 = LINE('',#224,#225);
#224 = CARTESIAN_POINT('',(-1.96,1.96,8.E-02));
#225 = VECTOR('',#226,1.);
#226 = DIRECTION('',(1.,1.110223024625E-16,0.));
#227 = ORIENTED_EDGE('',*,*,#228,.T.);
#228 = EDGE_CURVE('',#221,#229,#231,.T.);
#229 = VERTEX_POINT('',#230);
#230 = CARTESIAN_POINT('',(-0.37,1.96,0.2));
#231 = LINE('',#232,#233);
#232 = CARTESIAN_POINT('',(-0.37,1.96,4.E-02));
#233 = VECTOR('',#234,1.);
#234 = DIRECTION('',(0.,0.,1.));
#235 = ORIENTED_EDGE('',*,*,#236,.F.);
#236 = EDGE_CURVE('',#237,#229,#239,.T.);
#237 = VERTEX_POINT('',#238);
#238 = CARTESIAN_POINT('',(-0.13,1.96,0.2));
#239 = LINE('',#240,#241);
#240 = CARTESIAN_POINT('',(-1.105,1.96,0.2));
#241 = VECTOR('',#242,1.);
#242 = DIRECTION('',(-1.,-1.110223024625E-16,0.));
#243 = ORIENTED_EDGE('',*,*,#244,.T.);
#244 = EDGE_CURVE('',#237,#245,#247,.T.);
#245 = VERTEX_POINT('',#246);
#246 = CARTESIAN_POINT('',(-0.13,1.96,8.E-02));
#247 = LINE('',#248,#249);
#248 = CARTESIAN_POINT('',(-0.13,1.96,4.E-02));
#249 = VECTOR('',#250,1.);
#250 = DIRECTION('',(0.,0.,-1.));
#251 = ORIENTED_EDGE('',*,*,#252,.T.);
#252 = EDGE_CURVE('',#245,#253,#255,.T.);
#253 = VERTEX_POINT('',#254);
#254 = CARTESIAN_POINT('',(0.13,1.96,8.E-02));
#255 = LINE('',#256,#257);
#256 = CARTESIAN_POINT('',(-1.96,1.96,8.E-02));
#257 = VECTOR('',#258,1.);
#258 = DIRECTION('',(1.,1.110223024625E-16,0.));
#259 = ORIENTED_EDGE('',*,*,#260,.T.);
#260 = EDGE_CURVE('',#253,#261,#263,.T.);
#261 = VERTEX_POINT('',#262);
#262 = CARTESIAN_POINT('',(0.13,1.96,0.2));
#263 = LINE('',#264,#265);
#264 = CARTESIAN_POINT('',(0.13,1.96,4.E-02));
#265 = VECTOR('',#266,1.);
#266 = DIRECTION('',(0.,0.,1.));
#267 = ORIENTED_EDGE('',*,*,#268,.F.);
#268 = EDGE_CURVE('',#269,#261,#271,.T.);
#269 = VERTEX_POINT('',#270);
#270 = CARTESIAN_POINT('',(0.37,1.96,0.2));
#271 = LINE('',#272,#273);
#272 = CARTESIAN_POINT('',(-0.855,1.96,0.2));
#273 = VECTOR('',#274,1.);
#274 = DIRECTION('',(-1.,-1.110223024625E-16,0.));
#275 = ORIENTED_EDGE('',*,*,#276,.T.);
#276 = EDGE_CURVE('',#269,#277,#279,.T.);
#277 = VERTEX_POINT('',#278);
#278 = CARTESIAN_POINT('',(0.37,1.96,8.E-02));
#279 = LINE('',#280,#281);
#280 = CARTESIAN_POINT('',(0.37,1.96,4.E-02));
#281 = VECTOR('',#282,1.);
#282 = DIRECTION('',(0.,0.,-1.));
#283 = ORIENTED_EDGE('',*,*,#284,.T.);
#284 = EDGE_CURVE('',#277,#285,#287,.T.);
#285 = VERTEX_POINT('',#286);
#286 = CARTESIAN_POINT('',(0.63,1.96,8.E-02));
#287 = LINE('',#288,#289);
#288 = CARTESIAN_POINT('',(-1.96,1.96,8.E-02));
#289 = VECTOR('',#290,1.);
#290 = DIRECTION('',(1.,1.110223024625E-16,0.));
#291 = ORIENTED_EDGE('',*,*,#292,.T.);
#292 = EDGE_CURVE('',#285,#293,#295,.T.);
#293 = VERTEX_POINT('',#294);
#294 = CARTESIAN_POINT('',(0.63,1.96,0.2));
#295 = LINE('',#296,#297);
#296 = CARTESIAN_POINT('',(0.63,1.96,4.E-02));
#297 = VECTOR('',#298,1.);
#298 = DIRECTION('',(0.,0.,1.));
#299 = ORIENTED_EDGE('',*,*,#300,.F.);
#300 = EDGE_CURVE('',#301,#293,#303,.T.);
#301 = VERTEX_POINT('',#302);
#302 = CARTESIAN_POINT('',(0.87,1.96,0.2));
#303 = LINE('',#304,#305);
#304 = CARTESIAN_POINT('',(-0.605,1.96,0.2));
#305 = VECTOR('',#306,1.);
#306 = DIRECTION('',(-1.,-1.110223024625E-16,0.));
#307 = ORIENTED_EDGE('',*,*,#308,.T.);
#308 = EDGE_CURVE('',#301,#309,#311,.T.);
#309 = VERTEX_POINT('',#310);
#310 = CARTESIAN_POINT('',(0.87,1.96,8.E-02));
#311 = LINE('',#312,#313);
#312 = CARTESIAN_POINT('',(0.87,1.96,4.E-02));
#313 = VECTOR('',#314,1.);
#314 = DIRECTION('',(0.,0.,-1.));
#315 = ORIENTED_EDGE('',*,*,#316,.T.);
#316 = EDGE_CURVE('',#309,#317,#319,.T.);
#317 = VERTEX_POINT('',#318);
#318 = CARTESIAN_POINT('',(1.13,1.96,8.E-02));
#319 = LINE('',#320,#321);
#320 = CARTESIAN_POINT('',(-1.96,1.96,8.E-02));
#321 = VECTOR('',#322,1.);
#322 = DIRECTION('',(1.,1.110223024625E-16,0.));
#323 = ORIENTED_EDGE('',*,*,#324,.T.);
#324 = EDGE_CURVE('',#317,#325,#327,.T.);
#325 = VERTEX_POINT('',#326);
#326 = CARTESIAN_POINT('',(1.13,1.96,0.2));
#327 = LINE('',#328,#329);
#328 = CARTESIAN_POINT('',(1.13,1.96,4.E-02));
#329 = VECTOR('',#330,1.);
#330 = DIRECTION('',(0.,0.,1.));
#331 = ORIENTED_EDGE('',*,*,#332,.F.);
#332 = EDGE_CURVE('',#333,#325,#335,.T.);
#333 = VERTEX_POINT('',#334);
#334 = CARTESIAN_POINT('',(1.37,1.96,0.2));
#335 = LINE('',#336,#337);
#336 = CARTESIAN_POINT('',(-0.355,1.96,0.2));
#337 = VECTOR('',#338,1.);
#338 = DIRECTION('',(-1.,-1.110223024625E-16,0.));
#339 = ORIENTED_EDGE('',*,*,#340,.T.);
#340 = EDGE_CURVE('',#333,#341,#343,.T.);
#341 = VERTEX_POINT('',#342);
#342 = CARTESIAN_POINT('',(1.37,1.96,8.E-02));
#343 = LINE('',#344,#345);
#344 = CARTESIAN_POINT('',(1.37,1.96,4.E-02));
#345 = VECTOR('',#346,1.);
#346 = DIRECTION('',(0.,0.,-1.));
#347 = ORIENTED_EDGE('',*,*,#348,.T.);
#348 = EDGE_CURVE('',#341,#349,#351,.T.);
#349 = VERTEX_POINT('',#350);
#350 = CARTESIAN_POINT('',(1.96,1.96,8.E-02));
#351 = LINE('',#352,#353);
#352 = CARTESIAN_POINT('',(-1.96,1.96,8.E-02));
#353 = VECTOR('',#354,1.);
#354 = DIRECTION('',(1.,1.110223024625E-16,0.));
#355 = ORIENTED_EDGE('',*,*,#356,.T.);
#356 = EDGE_CURVE('',#349,#107,#357,.T.);
#357 = LINE('',#358,#359);
#358 = CARTESIAN_POINT('',(1.96,1.96,8.E-02));
#359 = VECTOR('',#360,1.);
#360 = DIRECTION('',(0.,0.,1.));
#361 = PLANE('',#362);
#362 = AXIS2_PLACEMENT_3D('',#363,#364,#365);
#363 = CARTESIAN_POINT('',(-1.96,1.96,8.E-02));
#364 = DIRECTION('',(1.110223024625E-16,-1.,0.));
#365 = DIRECTION('',(0.,0.,1.));
#366 = ADVANCED_FACE('',(#367),#577,.T.);
#367 = FACE_BOUND('',#368,.T.);
#368 = EDGE_LOOP('',(#369,#377,#378,#379,#387,#395,#403,#411,#419,#427,
    #435,#443,#451,#459,#467,#475,#483,#491,#499,#507,#515,#523,#531,
    #539,#547,#555,#563,#571));
#369 = ORIENTED_EDGE('',*,*,#370,.F.);
#370 = EDGE_CURVE('',#349,#371,#373,.T.);
#371 = VERTEX_POINT('',#372);
#372 = CARTESIAN_POINT('',(1.96,1.37,8.E-02));
#373 = LINE('',#374,#375);
#374 = CARTESIAN_POINT('',(1.96,1.96,8.E-02));
#375 = VECTOR('',#376,1.);
#376 = DIRECTION('',(1.110223024625E-16,-1.,0.));
#377 = ORIENTED_EDGE('',*,*,#356,.T.);
#378 = ORIENTED_EDGE('',*,*,#130,.T.);
#379 = ORIENTED_EDGE('',*,*,#380,.F.);
#380 = EDGE_CURVE('',#381,#123,#383,.T.);
#381 = VERTEX_POINT('',#382);
#382 = CARTESIAN_POINT('',(1.96,-1.96,8.E-02));
#383 = LINE('',#384,#385);
#384 = CARTESIAN_POINT('',(1.96,-1.96,8.E-02));
#385 = VECTOR('',#386,1.);
#386 = DIRECTION('',(0.,0.,1.));
#387 = ORIENTED_EDGE('',*,*,#388,.F.);
#388 = EDGE_CURVE('',#389,#381,#391,.T.);
#389 = VERTEX_POINT('',#390);
#390 = CARTESIAN_POINT('',(1.96,-1.37,8.E-02));
#391 = LINE('',#392,#393);
#392 = CARTESIAN_POINT('',(1.96,1.96,8.E-02));
#393 = VECTOR('',#394,1.);
#394 = DIRECTION('',(1.110223024625E-16,-1.,0.));
#395 = ORIENTED_EDGE('',*,*,#396,.T.);
#396 = EDGE_CURVE('',#389,#397,#399,.T.);
#397 = VERTEX_POINT('',#398);
#398 = CARTESIAN_POINT('',(1.96,-1.37,0.2));
#399 = LINE('',#400,#401);
#400 = CARTESIAN_POINT('',(1.96,-1.37,4.E-02));
#401 = VECTOR('',#402,1.);
#402 = DIRECTION('',(0.,0.,1.));
#403 = ORIENTED_EDGE('',*,*,#404,.F.);
#404 = EDGE_CURVE('',#405,#397,#407,.T.);
#405 = VERTEX_POINT('',#406);
#406 = CARTESIAN_POINT('',(1.96,-1.13,0.2));
#407 = LINE('',#408,#409);
#408 = CARTESIAN_POINT('',(1.96,0.355,0.2));
#409 = VECTOR('',#410,1.);
#410 = DIRECTION('',(1.110223024625E-16,-1.,0.));
#411 = ORIENTED_EDGE('',*,*,#412,.T.);
#412 = EDGE_CURVE('',#405,#413,#415,.T.);
#413 = VERTEX_POINT('',#414);
#414 = CARTESIAN_POINT('',(1.96,-1.13,8.E-02));
#415 = LINE('',#416,#417);
#416 = CARTESIAN_POINT('',(1.96,-1.13,4.E-02));
#417 = VECTOR('',#418,1.);
#418 = DIRECTION('',(0.,0.,-1.));
#419 = ORIENTED_EDGE('',*,*,#420,.F.);
#420 = EDGE_CURVE('',#421,#413,#423,.T.);
#421 = VERTEX_POINT('',#422);
#422 = CARTESIAN_POINT('',(1.96,-0.87,8.E-02));
#423 = LINE('',#424,#425);
#424 = CARTESIAN_POINT('',(1.96,1.96,8.E-02));
#425 = VECTOR('',#426,1.);
#426 = DIRECTION('',(1.110223024625E-16,-1.,0.));
#427 = ORIENTED_EDGE('',*,*,#428,.T.);
#428 = EDGE_CURVE('',#421,#429,#431,.T.);
#429 = VERTEX_POINT('',#430);
#430 = CARTESIAN_POINT('',(1.96,-0.87,0.2));
#431 = LINE('',#432,#433);
#432 = CARTESIAN_POINT('',(1.96,-0.87,4.E-02));
#433 = VECTOR('',#434,1.);
#434 = DIRECTION('',(0.,0.,1.));
#435 = ORIENTED_EDGE('',*,*,#436,.F.);
#436 = EDGE_CURVE('',#437,#429,#439,.T.);
#437 = VERTEX_POINT('',#438);
#438 = CARTESIAN_POINT('',(1.96,-0.63,0.2));
#439 = LINE('',#440,#441);
#440 = CARTESIAN_POINT('',(1.96,0.605,0.2));
#441 = VECTOR('',#442,1.);
#442 = DIRECTION('',(1.110223024625E-16,-1.,0.));
#443 = ORIENTED_EDGE('',*,*,#444,.T.);
#444 = EDGE_CURVE('',#437,#445,#447,.T.);
#445 = VERTEX_POINT('',#446);
#446 = CARTESIAN_POINT('',(1.96,-0.63,8.E-02));
#447 = LINE('',#448,#449);
#448 = CARTESIAN_POINT('',(1.96,-0.63,4.E-02));
#449 = VECTOR('',#450,1.);
#450 = DIRECTION('',(0.,0.,-1.));
#451 = ORIENTED_EDGE('',*,*,#452,.F.);
#452 = EDGE_CURVE('',#453,#445,#455,.T.);
#453 = VERTEX_POINT('',#454);
#454 = CARTESIAN_POINT('',(1.96,-0.37,8.E-02));
#455 = LINE('',#456,#457);
#456 = CARTESIAN_POINT('',(1.96,1.96,8.E-02));
#457 = VECTOR('',#458,1.);
#458 = DIRECTION('',(1.110223024625E-16,-1.,0.));
#459 = ORIENTED_EDGE('',*,*,#460,.T.);
#460 = EDGE_CURVE('',#453,#461,#463,.T.);
#461 = VERTEX_POINT('',#462);
#462 = CARTESIAN_POINT('',(1.96,-0.37,0.2));
#463 = LINE('',#464,#465);
#464 = CARTESIAN_POINT('',(1.96,-0.37,4.E-02));
#465 = VECTOR('',#466,1.);
#466 = DIRECTION('',(0.,0.,1.));
#467 = ORIENTED_EDGE('',*,*,#468,.F.);
#468 = EDGE_CURVE('',#469,#461,#471,.T.);
#469 = VERTEX_POINT('',#470);
#470 = CARTESIAN_POINT('',(1.96,-0.13,0.2));
#471 = LINE('',#472,#473);
#472 = CARTESIAN_POINT('',(1.96,0.855,0.2));
#473 = VECTOR('',#474,1.);
#474 = DIRECTION('',(1.110223024625E-16,-1.,0.));
#475 = ORIENTED_EDGE('',*,*,#476,.T.);
#476 = EDGE_CURVE('',#469,#477,#479,.T.);
#477 = VERTEX_POINT('',#478);
#478 = CARTESIAN_POINT('',(1.96,-0.13,8.E-02));
#479 = LINE('',#480,#481);
#480 = CARTESIAN_POINT('',(1.96,-0.13,4.E-02));
#481 = VECTOR('',#482,1.);
#482 = DIRECTION('',(0.,0.,-1.));
#483 = ORIENTED_EDGE('',*,*,#484,.F.);
#484 = EDGE_CURVE('',#485,#477,#487,.T.);
#485 = VERTEX_POINT('',#486);
#486 = CARTESIAN_POINT('',(1.96,0.13,8.E-02));
#487 = LINE('',#488,#489);
#488 = CARTESIAN_POINT('',(1.96,1.96,8.E-02));
#489 = VECTOR('',#490,1.);
#490 = DIRECTION('',(1.110223024625E-16,-1.,0.));
#491 = ORIENTED_EDGE('',*,*,#492,.T.);
#492 = EDGE_CURVE('',#485,#493,#495,.T.);
#493 = VERTEX_POINT('',#494);
#494 = CARTESIAN_POINT('',(1.96,0.13,0.2));
#495 = LINE('',#496,#497);
#496 = CARTESIAN_POINT('',(1.96,0.13,4.E-02));
#497 = VECTOR('',#498,1.);
#498 = DIRECTION('',(0.,0.,1.));
#499 = ORIENTED_EDGE('',*,*,#500,.F.);
#500 = EDGE_CURVE('',#501,#493,#503,.T.);
#501 = VERTEX_POINT('',#502);
#502 = CARTESIAN_POINT('',(1.96,0.37,0.2));
#503 = LINE('',#504,#505);
#504 = CARTESIAN_POINT('',(1.96,1.105,0.2));
#505 = VECTOR('',#506,1.);
#506 = DIRECTION('',(1.110223024625E-16,-1.,0.));
#507 = ORIENTED_EDGE('',*,*,#508,.T.);
#508 = EDGE_CURVE('',#501,#509,#511,.T.);
#509 = VERTEX_POINT('',#510);
#510 = CARTESIAN_POINT('',(1.96,0.37,8.E-02));
#511 = LINE('',#512,#513);
#512 = CARTESIAN_POINT('',(1.96,0.37,4.E-02));
#513 = VECTOR('',#514,1.);
#514 = DIRECTION('',(0.,0.,-1.));
#515 = ORIENTED_EDGE('',*,*,#516,.F.);
#516 = EDGE_CURVE('',#517,#509,#519,.T.);
#517 = VERTEX_POINT('',#518);
#518 = CARTESIAN_POINT('',(1.96,0.63,8.E-02));
#519 = LINE('',#520,#521);
#520 = CARTESIAN_POINT('',(1.96,1.96,8.E-02));
#521 = VECTOR('',#522,1.);
#522 = DIRECTION('',(1.110223024625E-16,-1.,0.));
#523 = ORIENTED_EDGE('',*,*,#524,.T.);
#524 = EDGE_CURVE('',#517,#525,#527,.T.);
#525 = VERTEX_POINT('',#526);
#526 = CARTESIAN_POINT('',(1.96,0.63,0.2));
#527 = LINE('',#528,#529);
#528 = CARTESIAN_POINT('',(1.96,0.63,4.E-02));
#529 = VECTOR('',#530,1.);
#530 = DIRECTION('',(0.,0.,1.));
#531 = ORIENTED_EDGE('',*,*,#532,.F.);
#532 = EDGE_CURVE('',#533,#525,#535,.T.);
#533 = VERTEX_POINT('',#534);
#534 = CARTESIAN_POINT('',(1.96,0.87,0.2));
#535 = LINE('',#536,#537);
#536 = CARTESIAN_POINT('',(1.96,1.355,0.2));
#537 = VECTOR('',#538,1.);
#538 = DIRECTION('',(1.110223024625E-16,-1.,0.));
#539 = ORIENTED_EDGE('',*,*,#540,.T.);
#540 = EDGE_CURVE('',#533,#541,#543,.T.);
#541 = VERTEX_POINT('',#542);
#542 = CARTESIAN_POINT('',(1.96,0.87,8.E-02));
#543 = LINE('',#544,#545);
#544 = CARTESIAN_POINT('',(1.96,0.87,4.E-02));
#545 = VECTOR('',#546,1.);
#546 = DIRECTION('',(0.,0.,-1.));
#547 = ORIENTED_EDGE('',*,*,#548,.F.);
#548 = EDGE_CURVE('',#549,#541,#551,.T.);
#549 = VERTEX_POINT('',#550);
#550 = CARTESIAN_POINT('',(1.96,1.13,8.E-02));
#551 = LINE('',#552,#553);
#552 = CARTESIAN_POINT('',(1.96,1.96,8.E-02));
#553 = VECTOR('',#554,1.);
#554 = DIRECTION('',(1.110223024625E-16,-1.,0.));
#555 = ORIENTED_EDGE('',*,*,#556,.T.);
#556 = EDGE_CURVE('',#549,#557,#559,.T.);
#557 = VERTEX_POINT('',#558);
#558 = CARTESIAN_POINT('',(1.96,1.13,0.2));
#559 = LINE('',#560,#561);
#560 = CARTESIAN_POINT('',(1.96,1.13,4.E-02));
#561 = VECTOR('',#562,1.);
#562 = DIRECTION('',(0.,0.,1.));
#563 = ORIENTED_EDGE('',*,*,#564,.F.);
#564 = EDGE_CURVE('',#565,#557,#567,.T.);
#565 = VERTEX_POINT('',#566);
#566 = CARTESIAN_POINT('',(1.96,1.37,0.2));
#567 = LINE('',#568,#569);
#568 = CARTESIAN_POINT('',(1.96,1.605,0.2));
#569 = VECTOR('',#570,1.);
#570 = DIRECTION('',(1.110223024625E-16,-1.,0.));
#571 = ORIENTED_EDGE('',*,*,#572,.T.);
#572 = EDGE_CURVE('',#565,#371,#573,.T.);
#573 = LINE('',#574,#575);
#574 = CARTESIAN_POINT('',(1.96,1.37,4.E-02));
#575 = VECTOR('',#576,1.);
#576 = DIRECTION('',(0.,0.,-1.));
#577 = PLANE('',#578);
#578 = AXIS2_PLACEMENT_3D('',#579,#580,#581);
#579 = CARTESIAN_POINT('',(1.96,1.96,8.E-02));
#580 = DIRECTION('',(1.,1.110223024625E-16,0.));
#581 = DIRECTION('',(0.,-0.,1.));
#582 = ADVANCED_FACE('',(#583),#793,.F.);
#583 = FACE_BOUND('',#584,.F.);
#584 = EDGE_LOOP('',(#585,#593,#594,#595,#603,#611,#619,#627,#635,#643,
    #651,#659,#667,#675,#683,#691,#699,#707,#715,#723,#731,#739,#747,
    #755,#763,#771,#779,#787));
#585 = ORIENTED_EDGE('',*,*,#586,.F.);
#586 = EDGE_CURVE('',#149,#587,#589,.T.);
#587 = VERTEX_POINT('',#588);
#588 = CARTESIAN_POINT('',(-1.96,1.37,8.E-02));
#589 = LINE('',#590,#591);
#590 = CARTESIAN_POINT('',(-1.96,1.96,8.E-02));
#591 = VECTOR('',#592,1.);
#592 = DIRECTION('',(1.110223024625E-16,-1.,0.));
#593 = ORIENTED_EDGE('',*,*,#148,.T.);
#594 = ORIENTED_EDGE('',*,*,#114,.T.);
#595 = ORIENTED_EDGE('',*,*,#596,.F.);
#596 = EDGE_CURVE('',#597,#115,#599,.T.);
#597 = VERTEX_POINT('',#598);
#598 = CARTESIAN_POINT('',(-1.96,-1.96,8.E-02));
#599 = LINE('',#600,#601);
#600 = CARTESIAN_POINT('',(-1.96,-1.96,8.E-02));
#601 = VECTOR('',#602,1.);
#602 = DIRECTION('',(0.,0.,1.));
#603 = ORIENTED_EDGE('',*,*,#604,.F.);
#604 = EDGE_CURVE('',#605,#597,#607,.T.);
#605 = VERTEX_POINT('',#606);
#606 = CARTESIAN_POINT('',(-1.96,-1.37,8.E-02));
#607 = LINE('',#608,#609);
#608 = CARTESIAN_POINT('',(-1.96,1.96,8.E-02));
#609 = VECTOR('',#610,1.);
#610 = DIRECTION('',(1.110223024625E-16,-1.,0.));
#611 = ORIENTED_EDGE('',*,*,#612,.T.);
#612 = EDGE_CURVE('',#605,#613,#615,.T.);
#613 = VERTEX_POINT('',#614);
#614 = CARTESIAN_POINT('',(-1.96,-1.37,0.2));
#615 = LINE('',#616,#617);
#616 = CARTESIAN_POINT('',(-1.96,-1.37,4.E-02));
#617 = VECTOR('',#618,1.);
#618 = DIRECTION('',(0.,0.,1.));
#619 = ORIENTED_EDGE('',*,*,#620,.F.);
#620 = EDGE_CURVE('',#621,#613,#623,.T.);
#621 = VERTEX_POINT('',#622);
#622 = CARTESIAN_POINT('',(-1.96,-1.13,0.2));
#623 = LINE('',#624,#625);
#624 = CARTESIAN_POINT('',(-1.96,0.355,0.2));
#625 = VECTOR('',#626,1.);
#626 = DIRECTION('',(1.110223024625E-16,-1.,0.));
#627 = ORIENTED_EDGE('',*,*,#628,.T.);
#628 = EDGE_CURVE('',#621,#629,#631,.T.);
#629 = VERTEX_POINT('',#630);
#630 = CARTESIAN_POINT('',(-1.96,-1.13,8.E-02));
#631 = LINE('',#632,#633);
#632 = CARTESIAN_POINT('',(-1.96,-1.13,4.E-02));
#633 = VECTOR('',#634,1.);
#634 = DIRECTION('',(0.,0.,-1.));
#635 = ORIENTED_EDGE('',*,*,#636,.F.);
#636 = EDGE_CURVE('',#637,#629,#639,.T.);
#637 = VERTEX_POINT('',#638);
#638 = CARTESIAN_POINT('',(-1.96,-0.87,8.E-02));
#639 = LINE('',#640,#641);
#640 = CARTESIAN_POINT('',(-1.96,1.96,8.E-02));
#641 = VECTOR('',#642,1.);
#642 = DIRECTION('',(1.110223024625E-16,-1.,0.));
#643 = ORIENTED_EDGE('',*,*,#644,.T.);
#644 = EDGE_CURVE('',#637,#645,#647,.T.);
#645 = VERTEX_POINT('',#646);
#646 = CARTESIAN_POINT('',(-1.96,-0.87,0.2));
#647 = LINE('',#648,#649);
#648 = CARTESIAN_POINT('',(-1.96,-0.87,4.E-02));
#649 = VECTOR('',#650,1.);
#650 = DIRECTION('',(0.,0.,1.));
#651 = ORIENTED_EDGE('',*,*,#652,.F.);
#652 = EDGE_CURVE('',#653,#645,#655,.T.);
#653 = VERTEX_POINT('',#654);
#654 = CARTESIAN_POINT('',(-1.96,-0.63,0.2));
#655 = LINE('',#656,#657);
#656 = CARTESIAN_POINT('',(-1.96,0.605,0.2));
#657 = VECTOR('',#658,1.);
#658 = DIRECTION('',(1.110223024625E-16,-1.,0.));
#659 = ORIENTED_EDGE('',*,*,#660,.T.);
#660 = EDGE_CURVE('',#653,#661,#663,.T.);
#661 = VERTEX_POINT('',#662);
#662 = CARTESIAN_POINT('',(-1.96,-0.63,8.E-02));
#663 = LINE('',#664,#665);
#664 = CARTESIAN_POINT('',(-1.96,-0.63,4.E-02));
#665 = VECTOR('',#666,1.);
#666 = DIRECTION('',(0.,0.,-1.));
#667 = ORIENTED_EDGE('',*,*,#668,.F.);
#668 = EDGE_CURVE('',#669,#661,#671,.T.);
#669 = VERTEX_POINT('',#670);
#670 = CARTESIAN_POINT('',(-1.96,-0.37,8.E-02));
#671 = LINE('',#672,#673);
#672 = CARTESIAN_POINT('',(-1.96,1.96,8.E-02));
#673 = VECTOR('',#674,1.);
#674 = DIRECTION('',(1.110223024625E-16,-1.,0.));
#675 = ORIENTED_EDGE('',*,*,#676,.T.);
#676 = EDGE_CURVE('',#669,#677,#679,.T.);
#677 = VERTEX_POINT('',#678);
#678 = CARTESIAN_POINT('',(-1.96,-0.37,0.2));
#679 = LINE('',#680,#681);
#680 = CARTESIAN_POINT('',(-1.96,-0.37,4.E-02));
#681 = VECTOR('',#682,1.);
#682 = DIRECTION('',(0.,0.,1.));
#683 = ORIENTED_EDGE('',*,*,#684,.F.);
#684 = EDGE_CURVE('',#685,#677,#687,.T.);
#685 = VERTEX_POINT('',#686);
#686 = CARTESIAN_POINT('',(-1.96,-0.13,0.2));
#687 = LINE('',#688,#689);
#688 = CARTESIAN_POINT('',(-1.96,0.855,0.2));
#689 = VECTOR('',#690,1.);
#690 = DIRECTION('',(1.110223024625E-16,-1.,0.));
#691 = ORIENTED_EDGE('',*,*,#692,.T.);
#692 = EDGE_CURVE('',#685,#693,#695,.T.);
#693 = VERTEX_POINT('',#694);
#694 = CARTESIAN_POINT('',(-1.96,-0.13,8.E-02));
#695 = LINE('',#696,#697);
#696 = CARTESIAN_POINT('',(-1.96,-0.13,4.E-02));
#697 = VECTOR('',#698,1.);
#698 = DIRECTION('',(0.,0.,-1.));
#699 = ORIENTED_EDGE('',*,*,#700,.F.);
#700 = EDGE_CURVE('',#701,#693,#703,.T.);
#701 = VERTEX_POINT('',#702);
#702 = CARTESIAN_POINT('',(-1.96,0.13,8.E-02));
#703 = LINE('',#704,#705);
#704 = CARTESIAN_POINT('',(-1.96,1.96,8.E-02));
#705 = VECTOR('',#706,1.);
#706 = DIRECTION('',(1.110223024625E-16,-1.,0.));
#707 = ORIENTED_EDGE('',*,*,#708,.T.);
#708 = EDGE_CURVE('',#701,#709,#711,.T.);
#709 = VERTEX_POINT('',#710);
#710 = CARTESIAN_POINT('',(-1.96,0.13,0.2));
#711 = LINE('',#712,#713);
#712 = CARTESIAN_POINT('',(-1.96,0.13,4.E-02));
#713 = VECTOR('',#714,1.);
#714 = DIRECTION('',(0.,0.,1.));
#715 = ORIENTED_EDGE('',*,*,#716,.F.);
#716 = EDGE_CURVE('',#717,#709,#719,.T.);
#717 = VERTEX_POINT('',#718);
#718 = CARTESIAN_POINT('',(-1.96,0.37,0.2));
#719 = LINE('',#720,#721);
#720 = CARTESIAN_POINT('',(-1.96,1.105,0.2));
#721 = VECTOR('',#722,1.);
#722 = DIRECTION('',(1.110223024625E-16,-1.,0.));
#723 = ORIENTED_EDGE('',*,*,#724,.T.);
#724 = EDGE_CURVE('',#717,#725,#727,.T.);
#725 = VERTEX_POINT('',#726);
#726 = CARTESIAN_POINT('',(-1.96,0.37,8.E-02));
#727 = LINE('',#728,#729);
#728 = CARTESIAN_POINT('',(-1.96,0.37,4.E-02));
#729 = VECTOR('',#730,1.);
#730 = DIRECTION('',(0.,0.,-1.));
#731 = ORIENTED_EDGE('',*,*,#732,.F.);
#732 = EDGE_CURVE('',#733,#725,#735,.T.);
#733 = VERTEX_POINT('',#734);
#734 = CARTESIAN_POINT('',(-1.96,0.63,8.E-02));
#735 = LINE('',#736,#737);
#736 = CARTESIAN_POINT('',(-1.96,1.96,8.E-02));
#737 = VECTOR('',#738,1.);
#738 = DIRECTION('',(1.110223024625E-16,-1.,0.));
#739 = ORIENTED_EDGE('',*,*,#740,.T.);
#740 = EDGE_CURVE('',#733,#741,#743,.T.);
#741 = VERTEX_POINT('',#742);
#742 = CARTESIAN_POINT('',(-1.96,0.63,0.2));
#743 = LINE('',#744,#745);
#744 = CARTESIAN_POINT('',(-1.96,0.63,4.E-02));
#745 = VECTOR('',#746,1.);
#746 = DIRECTION('',(0.,0.,1.));
#747 = ORIENTED_EDGE('',*,*,#748,.F.);
#748 = EDGE_CURVE('',#749,#741,#751,.T.);
#749 = VERTEX_POINT('',#750);
#750 = CARTESIAN_POINT('',(-1.96,0.87,0.2));
#751 = LINE('',#752,#753);
#752 = CARTESIAN_POINT('',(-1.96,1.355,0.2));
#753 = VECTOR('',#754,1.);
#754 = DIRECTION('',(1.110223024625E-16,-1.,0.));
#755 = ORIENTED_EDGE('',*,*,#756,.T.);
#756 = EDGE_CURVE('',#749,#757,#759,.T.);
#757 = VERTEX_POINT('',#758);
#758 = CARTESIAN_POINT('',(-1.96,0.87,8.E-02));
#759 = LINE('',#760,#761);
#760 = CARTESIAN_POINT('',(-1.96,0.87,4.E-02));
#761 = VECTOR('',#762,1.);
#762 = DIRECTION('',(0.,0.,-1.));
#763 = ORIENTED_EDGE('',*,*,#764,.F.);
#764 = EDGE_CURVE('',#765,#757,#767,.T.);
#765 = VERTEX_POINT('',#766);
#766 = CARTESIAN_POINT('',(-1.96,1.13,8.E-02));
#767 = LINE('',#768,#769);
#768 = CARTESIAN_POINT('',(-1.96,1.96,8.E-02));
#769 = VECTOR('',#770,1.);
#770 = DIRECTION('',(1.110223024625E-16,-1.,0.));
#771 = ORIENTED_EDGE('',*,*,#772,.T.);
#772 = EDGE_CURVE('',#765,#773,#775,.T.);
#773 = VERTEX_POINT('',#774);
#774 = CARTESIAN_POINT('',(-1.96,1.13,0.2));
#775 = LINE('',#776,#777);
#776 = CARTESIAN_POINT('',(-1.96,1.13,4.E-02));
#777 = VECTOR('',#778,1.);
#778 = DIRECTION('',(0.,0.,1.));
#779 = ORIENTED_EDGE('',*,*,#780,.F.);
#780 = EDGE_CURVE('',#781,#773,#783,.T.);
#781 = VERTEX_POINT('',#782);
#782 = CARTESIAN_POINT('',(-1.96,1.37,0.2));
#783 = LINE('',#784,#785);
#784 = CARTESIAN_POINT('',(-1.96,1.605,0.2));
#785 = VECTOR('',#786,1.);
#786 = DIRECTION('',(1.110223024625E-16,-1.,0.));
#787 = ORIENTED_EDGE('',*,*,#788,.T.);
#788 = EDGE_CURVE('',#781,#587,#789,.T.);
#789 = LINE('',#790,#791);
#790 = CARTESIAN_POINT('',(-1.96,1.37,4.E-02));
#791 = VECTOR('',#792,1.);
#792 = DIRECTION('',(0.,0.,-1.));
#793 = PLANE('',#794);
#794 = AXIS2_PLACEMENT_3D('',#795,#796,#797);
#795 = CARTESIAN_POINT('',(-1.96,1.96,8.E-02));
#796 = DIRECTION('',(1.,1.110223024625E-16,0.));
#797 = DIRECTION('',(0.,-0.,1.));
#798 = ADVANCED_FACE('',(#799),#1002,.T.);
#799 = FACE_BOUND('',#800,.T.);
#800 = EDGE_LOOP('',(#801,#802,#803,#811,#819,#827,#835,#843,#851,#859,
    #867,#875,#883,#891,#899,#907,#915,#923,#931,#939,#947,#955,#963,
    #971,#979,#987,#995,#1001));
#801 = ORIENTED_EDGE('',*,*,#122,.F.);
#802 = ORIENTED_EDGE('',*,*,#596,.F.);
#803 = ORIENTED_EDGE('',*,*,#804,.T.);
#804 = EDGE_CURVE('',#597,#805,#807,.T.);
#805 = VERTEX_POINT('',#806);
#806 = CARTESIAN_POINT('',(-1.37,-1.96,8.E-02));
#807 = LINE('',#808,#809);
#808 = CARTESIAN_POINT('',(-1.96,-1.96,8.E-02));
#809 = VECTOR('',#810,1.);
#810 = DIRECTION('',(1.,1.110223024625E-16,0.));
#811 = ORIENTED_EDGE('',*,*,#812,.T.);
#812 = EDGE_CURVE('',#805,#813,#815,.T.);
#813 = VERTEX_POINT('',#814);
#814 = CARTESIAN_POINT('',(-1.37,-1.96,0.2));
#815 = LINE('',#816,#817);
#816 = CARTESIAN_POINT('',(-1.37,-1.96,4.E-02));
#817 = VECTOR('',#818,1.);
#818 = DIRECTION('',(0.,0.,1.));
#819 = ORIENTED_EDGE('',*,*,#820,.F.);
#820 = EDGE_CURVE('',#821,#813,#823,.T.);
#821 = VERTEX_POINT('',#822);
#822 = CARTESIAN_POINT('',(-1.13,-1.96,0.2));
#823 = LINE('',#824,#825);
#824 = CARTESIAN_POINT('',(-1.605,-1.96,0.2));
#825 = VECTOR('',#826,1.);
#826 = DIRECTION('',(-1.,-1.110223024625E-16,0.));
#827 = ORIENTED_EDGE('',*,*,#828,.T.);
#828 = EDGE_CURVE('',#821,#829,#831,.T.);
#829 = VERTEX_POINT('',#830);
#830 = CARTESIAN_POINT('',(-1.13,-1.96,8.E-02));
#831 = LINE('',#832,#833);
#832 = CARTESIAN_POINT('',(-1.13,-1.96,4.E-02));
#833 = VECTOR('',#834,1.);
#834 = DIRECTION('',(0.,-0.,-1.));
#835 = ORIENTED_EDGE('',*,*,#836,.T.);
#836 = EDGE_CURVE('',#829,#837,#839,.T.);
#837 = VERTEX_POINT('',#838);
#838 = CARTESIAN_POINT('',(-0.87,-1.96,8.E-02));
#839 = LINE('',#840,#841);
#840 = CARTESIAN_POINT('',(-1.96,-1.96,8.E-02));
#841 = VECTOR('',#842,1.);
#842 = DIRECTION('',(1.,1.110223024625E-16,0.));
#843 = ORIENTED_EDGE('',*,*,#844,.T.);
#844 = EDGE_CURVE('',#837,#845,#847,.T.);
#845 = VERTEX_POINT('',#846);
#846 = CARTESIAN_POINT('',(-0.87,-1.96,0.2));
#847 = LINE('',#848,#849);
#848 = CARTESIAN_POINT('',(-0.87,-1.96,4.E-02));
#849 = VECTOR('',#850,1.);
#850 = DIRECTION('',(0.,0.,1.));
#851 = ORIENTED_EDGE('',*,*,#852,.F.);
#852 = EDGE_CURVE('',#853,#845,#855,.T.);
#853 = VERTEX_POINT('',#854);
#854 = CARTESIAN_POINT('',(-0.63,-1.96,0.2));
#855 = LINE('',#856,#857);
#856 = CARTESIAN_POINT('',(-1.355,-1.96,0.2));
#857 = VECTOR('',#858,1.);
#858 = DIRECTION('',(-1.,-1.110223024625E-16,0.));
#859 = ORIENTED_EDGE('',*,*,#860,.T.);
#860 = EDGE_CURVE('',#853,#861,#863,.T.);
#861 = VERTEX_POINT('',#862);
#862 = CARTESIAN_POINT('',(-0.63,-1.96,8.E-02));
#863 = LINE('',#864,#865);
#864 = CARTESIAN_POINT('',(-0.63,-1.96,4.E-02));
#865 = VECTOR('',#866,1.);
#866 = DIRECTION('',(0.,-0.,-1.));
#867 = ORIENTED_EDGE('',*,*,#868,.T.);
#868 = EDGE_CURVE('',#861,#869,#871,.T.);
#869 = VERTEX_POINT('',#870);
#870 = CARTESIAN_POINT('',(-0.37,-1.96,8.E-02));
#871 = LINE('',#872,#873);
#872 = CARTESIAN_POINT('',(-1.96,-1.96,8.E-02));
#873 = VECTOR('',#874,1.);
#874 = DIRECTION('',(1.,1.110223024625E-16,0.));
#875 = ORIENTED_EDGE('',*,*,#876,.T.);
#876 = EDGE_CURVE('',#869,#877,#879,.T.);
#877 = VERTEX_POINT('',#878);
#878 = CARTESIAN_POINT('',(-0.37,-1.96,0.2));
#879 = LINE('',#880,#881);
#880 = CARTESIAN_POINT('',(-0.37,-1.96,4.E-02));
#881 = VECTOR('',#882,1.);
#882 = DIRECTION('',(0.,0.,1.));
#883 = ORIENTED_EDGE('',*,*,#884,.F.);
#884 = EDGE_CURVE('',#885,#877,#887,.T.);
#885 = VERTEX_POINT('',#886);
#886 = CARTESIAN_POINT('',(-0.13,-1.96,0.2));
#887 = LINE('',#888,#889);
#888 = CARTESIAN_POINT('',(-1.105,-1.96,0.2));
#889 = VECTOR('',#890,1.);
#890 = DIRECTION('',(-1.,-1.110223024625E-16,0.));
#891 = ORIENTED_EDGE('',*,*,#892,.T.);
#892 = EDGE_CURVE('',#885,#893,#895,.T.);
#893 = VERTEX_POINT('',#894);
#894 = CARTESIAN_POINT('',(-0.13,-1.96,8.E-02));
#895 = LINE('',#896,#897);
#896 = CARTESIAN_POINT('',(-0.13,-1.96,4.E-02));
#897 = VECTOR('',#898,1.);
#898 = DIRECTION('',(0.,-0.,-1.));
#899 = ORIENTED_EDGE('',*,*,#900,.T.);
#900 = EDGE_CURVE('',#893,#901,#903,.T.);
#901 = VERTEX_POINT('',#902);
#902 = CARTESIAN_POINT('',(0.13,-1.96,8.E-02));
#903 = LINE('',#904,#905);
#904 = CARTESIAN_POINT('',(-1.96,-1.96,8.E-02));
#905 = VECTOR('',#906,1.);
#906 = DIRECTION('',(1.,1.110223024625E-16,0.));
#907 = ORIENTED_EDGE('',*,*,#908,.T.);
#908 = EDGE_CURVE('',#901,#909,#911,.T.);
#909 = VERTEX_POINT('',#910);
#910 = CARTESIAN_POINT('',(0.13,-1.96,0.2));
#911 = LINE('',#912,#913);
#912 = CARTESIAN_POINT('',(0.13,-1.96,4.E-02));
#913 = VECTOR('',#914,1.);
#914 = DIRECTION('',(0.,0.,1.));
#915 = ORIENTED_EDGE('',*,*,#916,.F.);
#916 = EDGE_CURVE('',#917,#909,#919,.T.);
#917 = VERTEX_POINT('',#918);
#918 = CARTESIAN_POINT('',(0.37,-1.96,0.2));
#919 = LINE('',#920,#921);
#920 = CARTESIAN_POINT('',(-0.855,-1.96,0.2));
#921 = VECTOR('',#922,1.);
#922 = DIRECTION('',(-1.,-1.110223024625E-16,0.));
#923 = ORIENTED_EDGE('',*,*,#924,.T.);
#924 = EDGE_CURVE('',#917,#925,#927,.T.);
#925 = VERTEX_POINT('',#926);
#926 = CARTESIAN_POINT('',(0.37,-1.96,8.E-02));
#927 = LINE('',#928,#929);
#928 = CARTESIAN_POINT('',(0.37,-1.96,4.E-02));
#929 = VECTOR('',#930,1.);
#930 = DIRECTION('',(0.,-0.,-1.));
#931 = ORIENTED_EDGE('',*,*,#932,.T.);
#932 = EDGE_CURVE('',#925,#933,#935,.T.);
#933 = VERTEX_POINT('',#934);
#934 = CARTESIAN_POINT('',(0.63,-1.96,8.E-02));
#935 = LINE('',#936,#937);
#936 = CARTESIAN_POINT('',(-1.96,-1.96,8.E-02));
#937 = VECTOR('',#938,1.);
#938 = DIRECTION('',(1.,1.110223024625E-16,0.));
#939 = ORIENTED_EDGE('',*,*,#940,.T.);
#940 = EDGE_CURVE('',#933,#941,#943,.T.);
#941 = VERTEX_POINT('',#942);
#942 = CARTESIAN_POINT('',(0.63,-1.96,0.2));
#943 = LINE('',#944,#945);
#944 = CARTESIAN_POINT('',(0.63,-1.96,4.E-02));
#945 = VECTOR('',#946,1.);
#946 = DIRECTION('',(0.,0.,1.));
#947 = ORIENTED_EDGE('',*,*,#948,.F.);
#948 = EDGE_CURVE('',#949,#941,#951,.T.);
#949 = VERTEX_POINT('',#950);
#950 = CARTESIAN_POINT('',(0.87,-1.96,0.2));
#951 = LINE('',#952,#953);
#952 = CARTESIAN_POINT('',(-0.605,-1.96,0.2));
#953 = VECTOR('',#954,1.);
#954 = DIRECTION('',(-1.,-1.110223024625E-16,0.));
#955 = ORIENTED_EDGE('',*,*,#956,.T.);
#956 = EDGE_CURVE('',#949,#957,#959,.T.);
#957 = VERTEX_POINT('',#958);
#958 = CARTESIAN_POINT('',(0.87,-1.96,8.E-02));
#959 = LINE('',#960,#961);
#960 = CARTESIAN_POINT('',(0.87,-1.96,4.E-02));
#961 = VECTOR('',#962,1.);
#962 = DIRECTION('',(0.,-0.,-1.));
#963 = ORIENTED_EDGE('',*,*,#964,.T.);
#964 = EDGE_CURVE('',#957,#965,#967,.T.);
#965 = VERTEX_POINT('',#966);
#966 = CARTESIAN_POINT('',(1.13,-1.96,8.E-02));
#967 = LINE('',#968,#969);
#968 = CARTESIAN_POINT('',(-1.96,-1.96,8.E-02));
#969 = VECTOR('',#970,1.);
#970 = DIRECTION('',(1.,1.110223024625E-16,0.));
#971 = ORIENTED_EDGE('',*,*,#972,.T.);
#972 = EDGE_CURVE('',#965,#973,#975,.T.);
#973 = VERTEX_POINT('',#974);
#974 = CARTESIAN_POINT('',(1.13,-1.96,0.2));
#975 = LINE('',#976,#977);
#976 = CARTESIAN_POINT('',(1.13,-1.96,4.E-02));
#977 = VECTOR('',#978,1.);
#978 = DIRECTION('',(0.,0.,1.));
#979 = ORIENTED_EDGE('',*,*,#980,.F.);
#980 = EDGE_CURVE('',#981,#973,#983,.T.);
#981 = VERTEX_POINT('',#982);
#982 = CARTESIAN_POINT('',(1.37,-1.96,0.2));
#983 = LINE('',#984,#985);
#984 = CARTESIAN_POINT('',(-0.355,-1.96,0.2));
#985 = VECTOR('',#986,1.);
#986 = DIRECTION('',(-1.,-1.110223024625E-16,0.));
#987 = ORIENTED_EDGE('',*,*,#988,.T.);
#988 = EDGE_CURVE('',#981,#989,#991,.T.);
#989 = VERTEX_POINT('',#990);
#990 = CARTESIAN_POINT('',(1.37,-1.96,8.E-02));
#991 = LINE('',#992,#993);
#992 = CARTESIAN_POINT('',(1.37,-1.96,4.E-02));
#993 = VECTOR('',#994,1.);
#994 = DIRECTION('',(0.,-0.,-1.));
#995 = ORIENTED_EDGE('',*,*,#996,.T.);
#996 = EDGE_CURVE('',#989,#381,#997,.T.);
#997 = LINE('',#998,#999);
#998 = CARTESIAN_POINT('',(-1.96,-1.96,8.E-02));
#999 = VECTOR('',#1000,1.);
#1000 = DIRECTION('',(1.,1.110223024625E-16,0.));
#1001 = ORIENTED_EDGE('',*,*,#380,.T.);
#1002 = PLANE('',#1003);
#1003 = AXIS2_PLACEMENT_3D('',#1004,#1005,#1006);
#1004 = CARTESIAN_POINT('',(-1.96,-1.96,8.E-02));
#1005 = DIRECTION('',(1.110223024625E-16,-1.,0.));
#1006 = DIRECTION('',(0.,0.,1.));
#1007 = ADVANCED_FACE('',(#1008,#1590),#1632,.F.);
#1008 = FACE_BOUND('',#1009,.F.);
#1009 = EDGE_LOOP('',(#1010,#1011,#1012,#1020,#1029,#1035,#1036,#1044,
    #1053,#1059,#1060,#1068,#1077,#1083,#1084,#1092,#1101,#1107,#1108,
    #1116,#1125,#1131,#1132,#1140,#1149,#1155,#1156,#1157,#1165,#1174,
    #1180,#1181,#1189,#1198,#1204,#1205,#1213,#1222,#1228,#1229,#1237,
    #1246,#1252,#1253,#1261,#1270,#1276,#1277,#1285,#1294,#1300,#1301,
    #1302,#1310,#1319,#1325,#1326,#1334,#1343,#1349,#1350,#1358,#1367,
    #1373,#1374,#1382,#1391,#1397,#1398,#1406,#1415,#1421,#1422,#1430,
    #1439,#1445,#1446,#1447,#1455,#1464,#1470,#1471,#1479,#1488,#1494,
    #1495,#1503,#1512,#1518,#1519,#1527,#1536,#1542,#1543,#1551,#1560,
    #1566,#1567,#1575,#1584));
#1010 = ORIENTED_EDGE('',*,*,#156,.F.);
#1011 = ORIENTED_EDGE('',*,*,#586,.T.);
#1012 = ORIENTED_EDGE('',*,*,#1013,.T.);
#1013 = EDGE_CURVE('',#587,#1014,#1016,.T.);
#1014 = VERTEX_POINT('',#1015);
#1015 = CARTESIAN_POINT('',(-1.72,1.37,8.E-02));
#1016 = LINE('',#1017,#1018);
#1017 = CARTESIAN_POINT('',(-1.84,1.37,8.E-02));
#1018 = VECTOR('',#1019,1.);
#1019 = DIRECTION('',(1.,1.110223024625E-16,0.));
#1020 = ORIENTED_EDGE('',*,*,#1021,.T.);
#1021 = EDGE_CURVE('',#1014,#1022,#1024,.T.);
#1022 = VERTEX_POINT('',#1023);
#1023 = CARTESIAN_POINT('',(-1.72,1.13,8.E-02));
#1024 = CIRCLE('',#1025,0.12);
#1025 = AXIS2_PLACEMENT_3D('',#1026,#1027,#1028);
#1026 = CARTESIAN_POINT('',(-1.72,1.25,8.E-02));
#1027 = DIRECTION('',(0.,-0.,-1.));
#1028 = DIRECTION('',(1.110223024625E-16,-1.,0.));
#1029 = ORIENTED_EDGE('',*,*,#1030,.T.);
#1030 = EDGE_CURVE('',#1022,#765,#1031,.T.);
#1031 = LINE('',#1032,#1033);
#1032 = CARTESIAN_POINT('',(-1.98,1.13,8.E-02));
#1033 = VECTOR('',#1034,1.);
#1034 = DIRECTION('',(-1.,-1.110223024625E-16,0.));
#1035 = ORIENTED_EDGE('',*,*,#764,.T.);
#1036 = ORIENTED_EDGE('',*,*,#1037,.T.);
#1037 = EDGE_CURVE('',#757,#1038,#1040,.T.);
#1038 = VERTEX_POINT('',#1039);
#1039 = CARTESIAN_POINT('',(-1.72,0.87,8.E-02));
#1040 = LINE('',#1041,#1042);
#1041 = CARTESIAN_POINT('',(-1.84,0.87,8.E-02));
#1042 = VECTOR('',#1043,1.);
#1043 = DIRECTION('',(1.,1.110223024625E-16,0.));
#1044 = ORIENTED_EDGE('',*,*,#1045,.T.);
#1045 = EDGE_CURVE('',#1038,#1046,#1048,.T.);
#1046 = VERTEX_POINT('',#1047);
#1047 = CARTESIAN_POINT('',(-1.72,0.63,8.E-02));
#1048 = CIRCLE('',#1049,0.12);
#1049 = AXIS2_PLACEMENT_3D('',#1050,#1051,#1052);
#1050 = CARTESIAN_POINT('',(-1.72,0.75,8.E-02));
#1051 = DIRECTION('',(0.,-0.,-1.));
#1052 = DIRECTION('',(1.110223024625E-16,-1.,0.));
#1053 = ORIENTED_EDGE('',*,*,#1054,.T.);
#1054 = EDGE_CURVE('',#1046,#733,#1055,.T.);
#1055 = LINE('',#1056,#1057);
#1056 = CARTESIAN_POINT('',(-1.98,0.63,8.E-02));
#1057 = VECTOR('',#1058,1.);
#1058 = DIRECTION('',(-1.,-1.110223024625E-16,0.));
#1059 = ORIENTED_EDGE('',*,*,#732,.T.);
#1060 = ORIENTED_EDGE('',*,*,#1061,.T.);
#1061 = EDGE_CURVE('',#725,#1062,#1064,.T.);
#1062 = VERTEX_POINT('',#1063);
#1063 = CARTESIAN_POINT('',(-1.72,0.37,8.E-02));
#1064 = LINE('',#1065,#1066);
#1065 = CARTESIAN_POINT('',(-1.84,0.37,8.E-02));
#1066 = VECTOR('',#1067,1.);
#1067 = DIRECTION('',(1.,1.110223024625E-16,0.));
#1068 = ORIENTED_EDGE('',*,*,#1069,.T.);
#1069 = EDGE_CURVE('',#1062,#1070,#1072,.T.);
#1070 = VERTEX_POINT('',#1071);
#1071 = CARTESIAN_POINT('',(-1.72,0.13,8.E-02));
#1072 = CIRCLE('',#1073,0.12);
#1073 = AXIS2_PLACEMENT_3D('',#1074,#1075,#1076);
#1074 = CARTESIAN_POINT('',(-1.72,0.25,8.E-02));
#1075 = DIRECTION('',(0.,-0.,-1.));
#1076 = DIRECTION('',(1.110223024625E-16,-1.,0.));
#1077 = ORIENTED_EDGE('',*,*,#1078,.T.);
#1078 = EDGE_CURVE('',#1070,#701,#1079,.T.);
#1079 = LINE('',#1080,#1081);
#1080 = CARTESIAN_POINT('',(-1.98,0.13,8.E-02));
#1081 = VECTOR('',#1082,1.);
#1082 = DIRECTION('',(-1.,-1.110223024625E-16,0.));
#1083 = ORIENTED_EDGE('',*,*,#700,.T.);
#1084 = ORIENTED_EDGE('',*,*,#1085,.T.);
#1085 = EDGE_CURVE('',#693,#1086,#1088,.T.);
#1086 = VERTEX_POINT('',#1087);
#1087 = CARTESIAN_POINT('',(-1.72,-0.13,8.E-02));
#1088 = LINE('',#1089,#1090);
#1089 = CARTESIAN_POINT('',(-1.84,-0.13,8.E-02));
#1090 = VECTOR('',#1091,1.);
#1091 = DIRECTION('',(1.,1.110223024625E-16,0.));
#1092 = ORIENTED_EDGE('',*,*,#1093,.T.);
#1093 = EDGE_CURVE('',#1086,#1094,#1096,.T.);
#1094 = VERTEX_POINT('',#1095);
#1095 = CARTESIAN_POINT('',(-1.72,-0.37,8.E-02));
#1096 = CIRCLE('',#1097,0.12);
#1097 = AXIS2_PLACEMENT_3D('',#1098,#1099,#1100);
#1098 = CARTESIAN_POINT('',(-1.72,-0.25,8.E-02));
#1099 = DIRECTION('',(0.,-0.,-1.));
#1100 = DIRECTION('',(1.110223024625E-16,-1.,0.));
#1101 = ORIENTED_EDGE('',*,*,#1102,.T.);
#1102 = EDGE_CURVE('',#1094,#669,#1103,.T.);
#1103 = LINE('',#1104,#1105);
#1104 = CARTESIAN_POINT('',(-1.98,-0.37,8.E-02));
#1105 = VECTOR('',#1106,1.);
#1106 = DIRECTION('',(-1.,-1.110223024625E-16,0.));
#1107 = ORIENTED_EDGE('',*,*,#668,.T.);
#1108 = ORIENTED_EDGE('',*,*,#1109,.T.);
#1109 = EDGE_CURVE('',#661,#1110,#1112,.T.);
#1110 = VERTEX_POINT('',#1111);
#1111 = CARTESIAN_POINT('',(-1.72,-0.63,8.E-02));
#1112 = LINE('',#1113,#1114);
#1113 = CARTESIAN_POINT('',(-1.84,-0.63,8.E-02));
#1114 = VECTOR('',#1115,1.);
#1115 = DIRECTION('',(1.,1.110223024625E-16,0.));
#1116 = ORIENTED_EDGE('',*,*,#1117,.T.);
#1117 = EDGE_CURVE('',#1110,#1118,#1120,.T.);
#1118 = VERTEX_POINT('',#1119);
#1119 = CARTESIAN_POINT('',(-1.72,-0.87,8.E-02));
#1120 = CIRCLE('',#1121,0.12);
#1121 = AXIS2_PLACEMENT_3D('',#1122,#1123,#1124);
#1122 = CARTESIAN_POINT('',(-1.72,-0.75,8.E-02));
#1123 = DIRECTION('',(0.,-0.,-1.));
#1124 = DIRECTION('',(1.110223024625E-16,-1.,0.));
#1125 = ORIENTED_EDGE('',*,*,#1126,.T.);
#1126 = EDGE_CURVE('',#1118,#637,#1127,.T.);
#1127 = LINE('',#1128,#1129);
#1128 = CARTESIAN_POINT('',(-1.98,-0.87,8.E-02));
#1129 = VECTOR('',#1130,1.);
#1130 = DIRECTION('',(-1.,-1.110223024625E-16,0.));
#1131 = ORIENTED_EDGE('',*,*,#636,.T.);
#1132 = ORIENTED_EDGE('',*,*,#1133,.T.);
#1133 = EDGE_CURVE('',#629,#1134,#1136,.T.);
#1134 = VERTEX_POINT('',#1135);
#1135 = CARTESIAN_POINT('',(-1.72,-1.13,8.E-02));
#1136 = LINE('',#1137,#1138);
#1137 = CARTESIAN_POINT('',(-1.84,-1.13,8.E-02));
#1138 = VECTOR('',#1139,1.);
#1139 = DIRECTION('',(1.,1.110223024625E-16,0.));
#1140 = ORIENTED_EDGE('',*,*,#1141,.T.);
#1141 = EDGE_CURVE('',#1134,#1142,#1144,.T.);
#1142 = VERTEX_POINT('',#1143);
#1143 = CARTESIAN_POINT('',(-1.72,-1.37,8.E-02));
#1144 = CIRCLE('',#1145,0.12);
#1145 = AXIS2_PLACEMENT_3D('',#1146,#1147,#1148);
#1146 = CARTESIAN_POINT('',(-1.72,-1.25,8.E-02));
#1147 = DIRECTION('',(0.,-0.,-1.));
#1148 = DIRECTION('',(1.110223024625E-16,-1.,0.));
#1149 = ORIENTED_EDGE('',*,*,#1150,.T.);
#1150 = EDGE_CURVE('',#1142,#605,#1151,.T.);
#1151 = LINE('',#1152,#1153);
#1152 = CARTESIAN_POINT('',(-1.98,-1.37,8.E-02));
#1153 = VECTOR('',#1154,1.);
#1154 = DIRECTION('',(-1.,-1.110223024625E-16,0.));
#1155 = ORIENTED_EDGE('',*,*,#604,.T.);
#1156 = ORIENTED_EDGE('',*,*,#804,.T.);
#1157 = ORIENTED_EDGE('',*,*,#1158,.T.);
#1158 = EDGE_CURVE('',#805,#1159,#1161,.T.);
#1159 = VERTEX_POINT('',#1160);
#1160 = CARTESIAN_POINT('',(-1.37,-1.72,8.E-02));
#1161 = LINE('',#1162,#1163);
#1162 = CARTESIAN_POINT('',(-1.37,0.12,8.E-02));
#1163 = VECTOR('',#1164,1.);
#1164 = DIRECTION('',(-1.144237745222E-17,1.,0.));
#1165 = ORIENTED_EDGE('',*,*,#1166,.T.);
#1166 = EDGE_CURVE('',#1159,#1167,#1169,.T.);
#1167 = VERTEX_POINT('',#1168);
#1168 = CARTESIAN_POINT('',(-1.13,-1.72,8.E-02));
#1169 = CIRCLE('',#1170,0.12);
#1170 = AXIS2_PLACEMENT_3D('',#1171,#1172,#1173);
#1171 = CARTESIAN_POINT('',(-1.25,-1.72,8.E-02));
#1172 = DIRECTION('',(0.,0.,-1.));
#1173 = DIRECTION('',(1.,1.144237745222E-17,0.));
#1174 = ORIENTED_EDGE('',*,*,#1175,.T.);
#1175 = EDGE_CURVE('',#1167,#829,#1176,.T.);
#1176 = LINE('',#1177,#1178);
#1177 = CARTESIAN_POINT('',(-1.13,-2.E-02,8.E-02));
#1178 = VECTOR('',#1179,1.);
#1179 = DIRECTION('',(1.144237745222E-17,-1.,0.));
#1180 = ORIENTED_EDGE('',*,*,#836,.T.);
#1181 = ORIENTED_EDGE('',*,*,#1182,.T.);
#1182 = EDGE_CURVE('',#837,#1183,#1185,.T.);
#1183 = VERTEX_POINT('',#1184);
#1184 = CARTESIAN_POINT('',(-0.87,-1.72,8.E-02));
#1185 = LINE('',#1186,#1187);
#1186 = CARTESIAN_POINT('',(-0.87,0.12,8.E-02));
#1187 = VECTOR('',#1188,1.);
#1188 = DIRECTION('',(-1.144237745222E-17,1.,0.));
#1189 = ORIENTED_EDGE('',*,*,#1190,.T.);
#1190 = EDGE_CURVE('',#1183,#1191,#1193,.T.);
#1191 = VERTEX_POINT('',#1192);
#1192 = CARTESIAN_POINT('',(-0.63,-1.72,8.E-02));
#1193 = CIRCLE('',#1194,0.12);
#1194 = AXIS2_PLACEMENT_3D('',#1195,#1196,#1197);
#1195 = CARTESIAN_POINT('',(-0.75,-1.72,8.E-02));
#1196 = DIRECTION('',(0.,0.,-1.));
#1197 = DIRECTION('',(1.,1.144237745222E-17,0.));
#1198 = ORIENTED_EDGE('',*,*,#1199,.T.);
#1199 = EDGE_CURVE('',#1191,#861,#1200,.T.);
#1200 = LINE('',#1201,#1202);
#1201 = CARTESIAN_POINT('',(-0.63,-2.E-02,8.E-02));
#1202 = VECTOR('',#1203,1.);
#1203 = DIRECTION('',(1.144237745222E-17,-1.,0.));
#1204 = ORIENTED_EDGE('',*,*,#868,.T.);
#1205 = ORIENTED_EDGE('',*,*,#1206,.T.);
#1206 = EDGE_CURVE('',#869,#1207,#1209,.T.);
#1207 = VERTEX_POINT('',#1208);
#1208 = CARTESIAN_POINT('',(-0.37,-1.72,8.E-02));
#1209 = LINE('',#1210,#1211);
#1210 = CARTESIAN_POINT('',(-0.37,0.12,8.E-02));
#1211 = VECTOR('',#1212,1.);
#1212 = DIRECTION('',(-1.144237745222E-17,1.,0.));
#1213 = ORIENTED_EDGE('',*,*,#1214,.T.);
#1214 = EDGE_CURVE('',#1207,#1215,#1217,.T.);
#1215 = VERTEX_POINT('',#1216);
#1216 = CARTESIAN_POINT('',(-0.13,-1.72,8.E-02));
#1217 = CIRCLE('',#1218,0.12);
#1218 = AXIS2_PLACEMENT_3D('',#1219,#1220,#1221);
#1219 = CARTESIAN_POINT('',(-0.25,-1.72,8.E-02));
#1220 = DIRECTION('',(0.,0.,-1.));
#1221 = DIRECTION('',(1.,1.144237745222E-17,0.));
#1222 = ORIENTED_EDGE('',*,*,#1223,.T.);
#1223 = EDGE_CURVE('',#1215,#893,#1224,.T.);
#1224 = LINE('',#1225,#1226);
#1225 = CARTESIAN_POINT('',(-0.13,-2.E-02,8.E-02));
#1226 = VECTOR('',#1227,1.);
#1227 = DIRECTION('',(1.144237745222E-17,-1.,0.));
#1228 = ORIENTED_EDGE('',*,*,#900,.T.);
#1229 = ORIENTED_EDGE('',*,*,#1230,.T.);
#1230 = EDGE_CURVE('',#901,#1231,#1233,.T.);
#1231 = VERTEX_POINT('',#1232);
#1232 = CARTESIAN_POINT('',(0.13,-1.72,8.E-02));
#1233 = LINE('',#1234,#1235);
#1234 = CARTESIAN_POINT('',(0.13,0.12,8.E-02));
#1235 = VECTOR('',#1236,1.);
#1236 = DIRECTION('',(-1.144237745222E-17,1.,0.));
#1237 = ORIENTED_EDGE('',*,*,#1238,.T.);
#1238 = EDGE_CURVE('',#1231,#1239,#1241,.T.);
#1239 = VERTEX_POINT('',#1240);
#1240 = CARTESIAN_POINT('',(0.37,-1.72,8.E-02));
#1241 = CIRCLE('',#1242,0.12);
#1242 = AXIS2_PLACEMENT_3D('',#1243,#1244,#1245);
#1243 = CARTESIAN_POINT('',(0.25,-1.72,8.E-02));
#1244 = DIRECTION('',(0.,0.,-1.));
#1245 = DIRECTION('',(1.,1.144237745222E-17,0.));
#1246 = ORIENTED_EDGE('',*,*,#1247,.T.);
#1247 = EDGE_CURVE('',#1239,#925,#1248,.T.);
#1248 = LINE('',#1249,#1250);
#1249 = CARTESIAN_POINT('',(0.37,-2.E-02,8.E-02));
#1250 = VECTOR('',#1251,1.);
#1251 = DIRECTION('',(1.144237745222E-17,-1.,0.));
#1252 = ORIENTED_EDGE('',*,*,#932,.T.);
#1253 = ORIENTED_EDGE('',*,*,#1254,.T.);
#1254 = EDGE_CURVE('',#933,#1255,#1257,.T.);
#1255 = VERTEX_POINT('',#1256);
#1256 = CARTESIAN_POINT('',(0.63,-1.72,8.E-02));
#1257 = LINE('',#1258,#1259);
#1258 = CARTESIAN_POINT('',(0.63,0.12,8.E-02));
#1259 = VECTOR('',#1260,1.);
#1260 = DIRECTION('',(-1.144237745222E-17,1.,0.));
#1261 = ORIENTED_EDGE('',*,*,#1262,.T.);
#1262 = EDGE_CURVE('',#1255,#1263,#1265,.T.);
#1263 = VERTEX_POINT('',#1264);
#1264 = CARTESIAN_POINT('',(0.87,-1.72,8.E-02));
#1265 = CIRCLE('',#1266,0.12);
#1266 = AXIS2_PLACEMENT_3D('',#1267,#1268,#1269);
#1267 = CARTESIAN_POINT('',(0.75,-1.72,8.E-02));
#1268 = DIRECTION('',(0.,0.,-1.));
#1269 = DIRECTION('',(1.,1.144237745222E-17,0.));
#1270 = ORIENTED_EDGE('',*,*,#1271,.T.);
#1271 = EDGE_CURVE('',#1263,#957,#1272,.T.);
#1272 = LINE('',#1273,#1274);
#1273 = CARTESIAN_POINT('',(0.87,-2.E-02,8.E-02));
#1274 = VECTOR('',#1275,1.);
#1275 = DIRECTION('',(1.144237745222E-17,-1.,0.));
#1276 = ORIENTED_EDGE('',*,*,#964,.T.);
#1277 = ORIENTED_EDGE('',*,*,#1278,.T.);
#1278 = EDGE_CURVE('',#965,#1279,#1281,.T.);
#1279 = VERTEX_POINT('',#1280);
#1280 = CARTESIAN_POINT('',(1.13,-1.72,8.E-02));
#1281 = LINE('',#1282,#1283);
#1282 = CARTESIAN_POINT('',(1.13,0.12,8.E-02));
#1283 = VECTOR('',#1284,1.);
#1284 = DIRECTION('',(-1.144237745222E-17,1.,0.));
#1285 = ORIENTED_EDGE('',*,*,#1286,.T.);
#1286 = EDGE_CURVE('',#1279,#1287,#1289,.T.);
#1287 = VERTEX_POINT('',#1288);
#1288 = CARTESIAN_POINT('',(1.37,-1.72,8.E-02));
#1289 = CIRCLE('',#1290,0.12);
#1290 = AXIS2_PLACEMENT_3D('',#1291,#1292,#1293);
#1291 = CARTESIAN_POINT('',(1.25,-1.72,8.E-02));
#1292 = DIRECTION('',(0.,0.,-1.));
#1293 = DIRECTION('',(1.,1.144237745222E-17,0.));
#1294 = ORIENTED_EDGE('',*,*,#1295,.T.);
#1295 = EDGE_CURVE('',#1287,#989,#1296,.T.);
#1296 = LINE('',#1297,#1298);
#1297 = CARTESIAN_POINT('',(1.37,-2.E-02,8.E-02));
#1298 = VECTOR('',#1299,1.);
#1299 = DIRECTION('',(1.144237745222E-17,-1.,0.));
#1300 = ORIENTED_EDGE('',*,*,#996,.T.);
#1301 = ORIENTED_EDGE('',*,*,#388,.F.);
#1302 = ORIENTED_EDGE('',*,*,#1303,.T.);
#1303 = EDGE_CURVE('',#389,#1304,#1306,.T.);
#1304 = VERTEX_POINT('',#1305);
#1305 = CARTESIAN_POINT('',(1.72,-1.37,8.E-02));
#1306 = LINE('',#1307,#1308);
#1307 = CARTESIAN_POINT('',(-0.12,-1.37,8.E-02));
#1308 = VECTOR('',#1309,1.);
#1309 = DIRECTION('',(-1.,-2.334869823773E-16,0.));
#1310 = ORIENTED_EDGE('',*,*,#1311,.T.);
#1311 = EDGE_CURVE('',#1304,#1312,#1314,.T.);
#1312 = VERTEX_POINT('',#1313);
#1313 = CARTESIAN_POINT('',(1.72,-1.13,8.E-02));
#1314 = CIRCLE('',#1315,0.12);
#1315 = AXIS2_PLACEMENT_3D('',#1316,#1317,#1318);
#1316 = CARTESIAN_POINT('',(1.72,-1.25,8.E-02));
#1317 = DIRECTION('',(0.,0.,-1.));
#1318 = DIRECTION('',(-2.334869823773E-16,1.,0.));
#1319 = ORIENTED_EDGE('',*,*,#1320,.T.);
#1320 = EDGE_CURVE('',#1312,#413,#1321,.T.);
#1321 = LINE('',#1322,#1323);
#1322 = CARTESIAN_POINT('',(2.E-02,-1.13,8.E-02));
#1323 = VECTOR('',#1324,1.);
#1324 = DIRECTION('',(1.,2.334869823773E-16,0.));
#1325 = ORIENTED_EDGE('',*,*,#420,.F.);
#1326 = ORIENTED_EDGE('',*,*,#1327,.T.);
#1327 = EDGE_CURVE('',#421,#1328,#1330,.T.);
#1328 = VERTEX_POINT('',#1329);
#1329 = CARTESIAN_POINT('',(1.72,-0.87,8.E-02));
#1330 = LINE('',#1331,#1332);
#1331 = CARTESIAN_POINT('',(-0.12,-0.87,8.E-02));
#1332 = VECTOR('',#1333,1.);
#1333 = DIRECTION('',(-1.,-2.334869823773E-16,0.));
#1334 = ORIENTED_EDGE('',*,*,#1335,.T.);
#1335 = EDGE_CURVE('',#1328,#1336,#1338,.T.);
#1336 = VERTEX_POINT('',#1337);
#1337 = CARTESIAN_POINT('',(1.72,-0.63,8.E-02));
#1338 = CIRCLE('',#1339,0.12);
#1339 = AXIS2_PLACEMENT_3D('',#1340,#1341,#1342);
#1340 = CARTESIAN_POINT('',(1.72,-0.75,8.E-02));
#1341 = DIRECTION('',(0.,0.,-1.));
#1342 = DIRECTION('',(-2.334869823773E-16,1.,0.));
#1343 = ORIENTED_EDGE('',*,*,#1344,.T.);
#1344 = EDGE_CURVE('',#1336,#445,#1345,.T.);
#1345 = LINE('',#1346,#1347);
#1346 = CARTESIAN_POINT('',(2.E-02,-0.63,8.E-02));
#1347 = VECTOR('',#1348,1.);
#1348 = DIRECTION('',(1.,2.334869823773E-16,0.));
#1349 = ORIENTED_EDGE('',*,*,#452,.F.);
#1350 = ORIENTED_EDGE('',*,*,#1351,.T.);
#1351 = EDGE_CURVE('',#453,#1352,#1354,.T.);
#1352 = VERTEX_POINT('',#1353);
#1353 = CARTESIAN_POINT('',(1.72,-0.37,8.E-02));
#1354 = LINE('',#1355,#1356);
#1355 = CARTESIAN_POINT('',(-0.12,-0.37,8.E-02));
#1356 = VECTOR('',#1357,1.);
#1357 = DIRECTION('',(-1.,-2.334869823773E-16,0.));
#1358 = ORIENTED_EDGE('',*,*,#1359,.T.);
#1359 = EDGE_CURVE('',#1352,#1360,#1362,.T.);
#1360 = VERTEX_POINT('',#1361);
#1361 = CARTESIAN_POINT('',(1.72,-0.13,8.E-02));
#1362 = CIRCLE('',#1363,0.12);
#1363 = AXIS2_PLACEMENT_3D('',#1364,#1365,#1366);
#1364 = CARTESIAN_POINT('',(1.72,-0.25,8.E-02));
#1365 = DIRECTION('',(0.,0.,-1.));
#1366 = DIRECTION('',(-2.334869823773E-16,1.,0.));
#1367 = ORIENTED_EDGE('',*,*,#1368,.T.);
#1368 = EDGE_CURVE('',#1360,#477,#1369,.T.);
#1369 = LINE('',#1370,#1371);
#1370 = CARTESIAN_POINT('',(2.E-02,-0.13,8.E-02));
#1371 = VECTOR('',#1372,1.);
#1372 = DIRECTION('',(1.,2.334869823773E-16,0.));
#1373 = ORIENTED_EDGE('',*,*,#484,.F.);
#1374 = ORIENTED_EDGE('',*,*,#1375,.T.);
#1375 = EDGE_CURVE('',#485,#1376,#1378,.T.);
#1376 = VERTEX_POINT('',#1377);
#1377 = CARTESIAN_POINT('',(1.72,0.13,8.E-02));
#1378 = LINE('',#1379,#1380);
#1379 = CARTESIAN_POINT('',(-0.12,0.13,8.E-02));
#1380 = VECTOR('',#1381,1.);
#1381 = DIRECTION('',(-1.,-2.334869823773E-16,0.));
#1382 = ORIENTED_EDGE('',*,*,#1383,.T.);
#1383 = EDGE_CURVE('',#1376,#1384,#1386,.T.);
#1384 = VERTEX_POINT('',#1385);
#1385 = CARTESIAN_POINT('',(1.72,0.37,8.E-02));
#1386 = CIRCLE('',#1387,0.12);
#1387 = AXIS2_PLACEMENT_3D('',#1388,#1389,#1390);
#1388 = CARTESIAN_POINT('',(1.72,0.25,8.E-02));
#1389 = DIRECTION('',(0.,0.,-1.));
#1390 = DIRECTION('',(-2.334869823773E-16,1.,0.));
#1391 = ORIENTED_EDGE('',*,*,#1392,.T.);
#1392 = EDGE_CURVE('',#1384,#509,#1393,.T.);
#1393 = LINE('',#1394,#1395);
#1394 = CARTESIAN_POINT('',(2.E-02,0.37,8.E-02));
#1395 = VECTOR('',#1396,1.);
#1396 = DIRECTION('',(1.,2.334869823773E-16,0.));
#1397 = ORIENTED_EDGE('',*,*,#516,.F.);
#1398 = ORIENTED_EDGE('',*,*,#1399,.T.);
#1399 = EDGE_CURVE('',#517,#1400,#1402,.T.);
#1400 = VERTEX_POINT('',#1401);
#1401 = CARTESIAN_POINT('',(1.72,0.63,8.E-02));
#1402 = LINE('',#1403,#1404);
#1403 = CARTESIAN_POINT('',(-0.12,0.63,8.E-02));
#1404 = VECTOR('',#1405,1.);
#1405 = DIRECTION('',(-1.,-2.334869823773E-16,0.));
#1406 = ORIENTED_EDGE('',*,*,#1407,.T.);
#1407 = EDGE_CURVE('',#1400,#1408,#1410,.T.);
#1408 = VERTEX_POINT('',#1409);
#1409 = CARTESIAN_POINT('',(1.72,0.87,8.E-02));
#1410 = CIRCLE('',#1411,0.12);
#1411 = AXIS2_PLACEMENT_3D('',#1412,#1413,#1414);
#1412 = CARTESIAN_POINT('',(1.72,0.75,8.E-02));
#1413 = DIRECTION('',(0.,0.,-1.));
#1414 = DIRECTION('',(-2.334869823773E-16,1.,0.));
#1415 = ORIENTED_EDGE('',*,*,#1416,.T.);
#1416 = EDGE_CURVE('',#1408,#541,#1417,.T.);
#1417 = LINE('',#1418,#1419);
#1418 = CARTESIAN_POINT('',(2.E-02,0.87,8.E-02));
#1419 = VECTOR('',#1420,1.);
#1420 = DIRECTION('',(1.,2.334869823773E-16,0.));
#1421 = ORIENTED_EDGE('',*,*,#548,.F.);
#1422 = ORIENTED_EDGE('',*,*,#1423,.T.);
#1423 = EDGE_CURVE('',#549,#1424,#1426,.T.);
#1424 = VERTEX_POINT('',#1425);
#1425 = CARTESIAN_POINT('',(1.72,1.13,8.E-02));
#1426 = LINE('',#1427,#1428);
#1427 = CARTESIAN_POINT('',(-0.12,1.13,8.E-02));
#1428 = VECTOR('',#1429,1.);
#1429 = DIRECTION('',(-1.,-2.334869823773E-16,0.));
#1430 = ORIENTED_EDGE('',*,*,#1431,.T.);
#1431 = EDGE_CURVE('',#1424,#1432,#1434,.T.);
#1432 = VERTEX_POINT('',#1433);
#1433 = CARTESIAN_POINT('',(1.72,1.37,8.E-02));
#1434 = CIRCLE('',#1435,0.12);
#1435 = AXIS2_PLACEMENT_3D('',#1436,#1437,#1438);
#1436 = CARTESIAN_POINT('',(1.72,1.25,8.E-02));
#1437 = DIRECTION('',(0.,0.,-1.));
#1438 = DIRECTION('',(-2.334869823773E-16,1.,0.));
#1439 = ORIENTED_EDGE('',*,*,#1440,.T.);
#1440 = EDGE_CURVE('',#1432,#371,#1441,.T.);
#1441 = LINE('',#1442,#1443);
#1442 = CARTESIAN_POINT('',(2.E-02,1.37,8.E-02));
#1443 = VECTOR('',#1444,1.);
#1444 = DIRECTION('',(1.,2.334869823773E-16,0.));
#1445 = ORIENTED_EDGE('',*,*,#370,.F.);
#1446 = ORIENTED_EDGE('',*,*,#348,.F.);
#1447 = ORIENTED_EDGE('',*,*,#1448,.T.);
#1448 = EDGE_CURVE('',#341,#1449,#1451,.T.);
#1449 = VERTEX_POINT('',#1450);
#1450 = CARTESIAN_POINT('',(1.37,1.72,8.E-02));
#1451 = LINE('',#1452,#1453);
#1452 = CARTESIAN_POINT('',(1.37,1.84,8.E-02));
#1453 = VECTOR('',#1454,1.);
#1454 = DIRECTION('',(1.224646799147E-16,-1.,0.));
#1455 = ORIENTED_EDGE('',*,*,#1456,.T.);
#1456 = EDGE_CURVE('',#1449,#1457,#1459,.T.);
#1457 = VERTEX_POINT('',#1458);
#1458 = CARTESIAN_POINT('',(1.13,1.72,8.E-02));
#1459 = CIRCLE('',#1460,0.12);
#1460 = AXIS2_PLACEMENT_3D('',#1461,#1462,#1463);
#1461 = CARTESIAN_POINT('',(1.25,1.72,8.E-02));
#1462 = DIRECTION('',(0.,-0.,-1.));
#1463 = DIRECTION('',(-1.,-1.224646799147E-16,0.));
#1464 = ORIENTED_EDGE('',*,*,#1465,.T.);
#1465 = EDGE_CURVE('',#1457,#317,#1466,.T.);
#1466 = LINE('',#1467,#1468);
#1467 = CARTESIAN_POINT('',(1.13,1.98,8.E-02));
#1468 = VECTOR('',#1469,1.);
#1469 = DIRECTION('',(-1.224646799147E-16,1.,0.));
#1470 = ORIENTED_EDGE('',*,*,#316,.F.);
#1471 = ORIENTED_EDGE('',*,*,#1472,.T.);
#1472 = EDGE_CURVE('',#309,#1473,#1475,.T.);
#1473 = VERTEX_POINT('',#1474);
#1474 = CARTESIAN_POINT('',(0.87,1.72,8.E-02));
#1475 = LINE('',#1476,#1477);
#1476 = CARTESIAN_POINT('',(0.87,1.84,8.E-02));
#1477 = VECTOR('',#1478,1.);
#1478 = DIRECTION('',(1.224646799147E-16,-1.,0.));
#1479 = ORIENTED_EDGE('',*,*,#1480,.T.);
#1480 = EDGE_CURVE('',#1473,#1481,#1483,.T.);
#1481 = VERTEX_POINT('',#1482);
#1482 = CARTESIAN_POINT('',(0.63,1.72,8.E-02));
#1483 = CIRCLE('',#1484,0.12);
#1484 = AXIS2_PLACEMENT_3D('',#1485,#1486,#1487);
#1485 = CARTESIAN_POINT('',(0.75,1.72,8.E-02));
#1486 = DIRECTION('',(0.,-0.,-1.));
#1487 = DIRECTION('',(-1.,-1.224646799147E-16,0.));
#1488 = ORIENTED_EDGE('',*,*,#1489,.T.);
#1489 = EDGE_CURVE('',#1481,#285,#1490,.T.);
#1490 = LINE('',#1491,#1492);
#1491 = CARTESIAN_POINT('',(0.63,1.98,8.E-02));
#1492 = VECTOR('',#1493,1.);
#1493 = DIRECTION('',(-1.224646799147E-16,1.,0.));
#1494 = ORIENTED_EDGE('',*,*,#284,.F.);
#1495 = ORIENTED_EDGE('',*,*,#1496,.T.);
#1496 = EDGE_CURVE('',#277,#1497,#1499,.T.);
#1497 = VERTEX_POINT('',#1498);
#1498 = CARTESIAN_POINT('',(0.37,1.72,8.E-02));
#1499 = LINE('',#1500,#1501);
#1500 = CARTESIAN_POINT('',(0.37,1.84,8.E-02));
#1501 = VECTOR('',#1502,1.);
#1502 = DIRECTION('',(1.224646799147E-16,-1.,0.));
#1503 = ORIENTED_EDGE('',*,*,#1504,.T.);
#1504 = EDGE_CURVE('',#1497,#1505,#1507,.T.);
#1505 = VERTEX_POINT('',#1506);
#1506 = CARTESIAN_POINT('',(0.13,1.72,8.E-02));
#1507 = CIRCLE('',#1508,0.12);
#1508 = AXIS2_PLACEMENT_3D('',#1509,#1510,#1511);
#1509 = CARTESIAN_POINT('',(0.25,1.72,8.E-02));
#1510 = DIRECTION('',(0.,-0.,-1.));
#1511 = DIRECTION('',(-1.,-1.224646799147E-16,0.));
#1512 = ORIENTED_EDGE('',*,*,#1513,.T.);
#1513 = EDGE_CURVE('',#1505,#253,#1514,.T.);
#1514 = LINE('',#1515,#1516);
#1515 = CARTESIAN_POINT('',(0.13,1.98,8.E-02));
#1516 = VECTOR('',#1517,1.);
#1517 = DIRECTION('',(-1.224646799147E-16,1.,0.));
#1518 = ORIENTED_EDGE('',*,*,#252,.F.);
#1519 = ORIENTED_EDGE('',*,*,#1520,.T.);
#1520 = EDGE_CURVE('',#245,#1521,#1523,.T.);
#1521 = VERTEX_POINT('',#1522);
#1522 = CARTESIAN_POINT('',(-0.13,1.72,8.E-02));
#1523 = LINE('',#1524,#1525);
#1524 = CARTESIAN_POINT('',(-0.13,1.84,8.E-02));
#1525 = VECTOR('',#1526,1.);
#1526 = DIRECTION('',(1.224646799147E-16,-1.,0.));
#1527 = ORIENTED_EDGE('',*,*,#1528,.T.);
#1528 = EDGE_CURVE('',#1521,#1529,#1531,.T.);
#1529 = VERTEX_POINT('',#1530);
#1530 = CARTESIAN_POINT('',(-0.37,1.72,8.E-02));
#1531 = CIRCLE('',#1532,0.12);
#1532 = AXIS2_PLACEMENT_3D('',#1533,#1534,#1535);
#1533 = CARTESIAN_POINT('',(-0.25,1.72,8.E-02));
#1534 = DIRECTION('',(0.,-0.,-1.));
#1535 = DIRECTION('',(-1.,-1.224646799147E-16,0.));
#1536 = ORIENTED_EDGE('',*,*,#1537,.T.);
#1537 = EDGE_CURVE('',#1529,#221,#1538,.T.);
#1538 = LINE('',#1539,#1540);
#1539 = CARTESIAN_POINT('',(-0.37,1.98,8.E-02));
#1540 = VECTOR('',#1541,1.);
#1541 = DIRECTION('',(-1.224646799147E-16,1.,0.));
#1542 = ORIENTED_EDGE('',*,*,#220,.F.);
#1543 = ORIENTED_EDGE('',*,*,#1544,.T.);
#1544 = EDGE_CURVE('',#213,#1545,#1547,.T.);
#1545 = VERTEX_POINT('',#1546);
#1546 = CARTESIAN_POINT('',(-0.63,1.72,8.E-02));
#1547 = LINE('',#1548,#1549);
#1548 = CARTESIAN_POINT('',(-0.63,1.84,8.E-02));
#1549 = VECTOR('',#1550,1.);
#1550 = DIRECTION('',(1.224646799147E-16,-1.,0.));
#1551 = ORIENTED_EDGE('',*,*,#1552,.T.);
#1552 = EDGE_CURVE('',#1545,#1553,#1555,.T.);
#1553 = VERTEX_POINT('',#1554);
#1554 = CARTESIAN_POINT('',(-0.87,1.72,8.E-02));
#1555 = CIRCLE('',#1556,0.12);
#1556 = AXIS2_PLACEMENT_3D('',#1557,#1558,#1559);
#1557 = CARTESIAN_POINT('',(-0.75,1.72,8.E-02));
#1558 = DIRECTION('',(0.,-0.,-1.));
#1559 = DIRECTION('',(-1.,-1.224646799147E-16,0.));
#1560 = ORIENTED_EDGE('',*,*,#1561,.T.);
#1561 = EDGE_CURVE('',#1553,#189,#1562,.T.);
#1562 = LINE('',#1563,#1564);
#1563 = CARTESIAN_POINT('',(-0.87,1.98,8.E-02));
#1564 = VECTOR('',#1565,1.);
#1565 = DIRECTION('',(-1.224646799147E-16,1.,0.));
#1566 = ORIENTED_EDGE('',*,*,#188,.F.);
#1567 = ORIENTED_EDGE('',*,*,#1568,.T.);
#1568 = EDGE_CURVE('',#181,#1569,#1571,.T.);
#1569 = VERTEX_POINT('',#1570);
#1570 = CARTESIAN_POINT('',(-1.13,1.72,8.E-02));
#1571 = LINE('',#1572,#1573);
#1572 = CARTESIAN_POINT('',(-1.13,1.84,8.E-02));
#1573 = VECTOR('',#1574,1.);
#1574 = DIRECTION('',(1.224646799147E-16,-1.,0.));
#1575 = ORIENTED_EDGE('',*,*,#1576,.T.);
#1576 = EDGE_CURVE('',#1569,#1577,#1579,.T.);
#1577 = VERTEX_POINT('',#1578);
#1578 = CARTESIAN_POINT('',(-1.37,1.72,8.E-02));
#1579 = CIRCLE('',#1580,0.12);
#1580 = AXIS2_PLACEMENT_3D('',#1581,#1582,#1583);
#1581 = CARTESIAN_POINT('',(-1.25,1.72,8.E-02));
#1582 = DIRECTION('',(0.,-0.,-1.));
#1583 = DIRECTION('',(-1.,-1.224646799147E-16,0.));
#1584 = ORIENTED_EDGE('',*,*,#1585,.T.);
#1585 = EDGE_CURVE('',#1577,#157,#1586,.T.);
#1586 = LINE('',#1587,#1588);
#1587 = CARTESIAN_POINT('',(-1.37,1.98,8.E-02));
#1588 = VECTOR('',#1589,1.);
#1589 = DIRECTION('',(-1.224646799147E-16,1.,0.));
#1590 = FACE_BOUND('',#1591,.F.);
#1591 = EDGE_LOOP('',(#1592,#1602,#1610,#1618,#1626));
#1592 = ORIENTED_EDGE('',*,*,#1593,.T.);
#1593 = EDGE_CURVE('',#1594,#1596,#1598,.T.);
#1594 = VERTEX_POINT('',#1595);
#1595 = CARTESIAN_POINT('',(1.35,-1.35,8.E-02));
#1596 = VERTEX_POINT('',#1597);
#1597 = CARTESIAN_POINT('',(-1.35,-1.35,8.E-02));
#1598 = LINE('',#1599,#1600);
#1599 = CARTESIAN_POINT('',(-1.655,-1.35,8.E-02));
#1600 = VECTOR('',#1601,1.);
#1601 = DIRECTION('',(-1.,-2.878355989769E-17,0.));
#1602 = ORIENTED_EDGE('',*,*,#1603,.T.);
#1603 = EDGE_CURVE('',#1596,#1604,#1606,.T.);
#1604 = VERTEX_POINT('',#1605);
#1605 = CARTESIAN_POINT('',(-1.35,1.15,8.E-02));
#1606 = LINE('',#1607,#1608);
#1607 = CARTESIAN_POINT('',(-1.35,1.555,8.E-02));
#1608 = VECTOR('',#1609,1.);
#1609 = DIRECTION('',(-1.110223024625E-16,1.,0.));
#1610 = ORIENTED_EDGE('',*,*,#1611,.T.);
#1611 = EDGE_CURVE('',#1604,#1612,#1614,.T.);
#1612 = VERTEX_POINT('',#1613);
#1613 = CARTESIAN_POINT('',(-1.15,1.35,8.E-02));
#1614 = LINE('',#1615,#1616);
#1615 = CARTESIAN_POINT('',(-1.2,1.3,8.E-02));
#1616 = VECTOR('',#1617,1.);
#1617 = DIRECTION('',(0.707106781187,0.707106781187,0.));
#1618 = ORIENTED_EDGE('',*,*,#1619,.T.);
#1619 = EDGE_CURVE('',#1612,#1620,#1622,.T.);
#1620 = VERTEX_POINT('',#1621);
#1621 = CARTESIAN_POINT('',(1.35,1.35,8.E-02));
#1622 = LINE('',#1623,#1624);
#1623 = CARTESIAN_POINT('',(-0.305,1.35,8.E-02));
#1624 = VECTOR('',#1625,1.);
#1625 = DIRECTION('',(1.,1.110223024625E-16,0.));
#1626 = ORIENTED_EDGE('',*,*,#1627,.T.);
#1627 = EDGE_CURVE('',#1620,#1594,#1628,.T.);
#1628 = LINE('',#1629,#1630);
#1629 = CARTESIAN_POINT('',(1.35,0.305,8.E-02));
#1630 = VECTOR('',#1631,1.);
#1631 = DIRECTION('',(1.110223024625E-16,-1.,0.));
#1632 = PLANE('',#1633);
#1633 = AXIS2_PLACEMENT_3D('',#1634,#1635,#1636);
#1634 = CARTESIAN_POINT('',(-1.96,1.96,8.E-02));
#1635 = DIRECTION('',(0.,0.,1.));
#1636 = DIRECTION('',(1.110223024625E-16,-1.,0.));
#1637 = ADVANCED_FACE('',(#1638),#1672,.F.);
#1638 = FACE_BOUND('',#1639,.F.);
#1639 = EDGE_LOOP('',(#1640,#1650,#1656,#1657,#1658,#1666));
#1640 = ORIENTED_EDGE('',*,*,#1641,.F.);
#1641 = EDGE_CURVE('',#1642,#1644,#1646,.T.);
#1642 = VERTEX_POINT('',#1643);
#1643 = CARTESIAN_POINT('',(1.37,1.72,0.));
#1644 = VERTEX_POINT('',#1645);
#1645 = CARTESIAN_POINT('',(1.37,2.,0.));
#1646 = LINE('',#1647,#1648);
#1647 = CARTESIAN_POINT('',(1.37,1.72,0.));
#1648 = VECTOR('',#1649,1.);
#1649 = DIRECTION('',(-1.224646799147E-16,1.,0.));
#1650 = ORIENTED_EDGE('',*,*,#1651,.T.);
#1651 = EDGE_CURVE('',#1642,#1449,#1652,.T.);
#1652 = LINE('',#1653,#1654);
#1653 = CARTESIAN_POINT('',(1.37,1.72,0.));
#1654 = VECTOR('',#1655,1.);
#1655 = DIRECTION('',(0.,0.,1.));
#1656 = ORIENTED_EDGE('',*,*,#1448,.F.);
#1657 = ORIENTED_EDGE('',*,*,#340,.F.);
#1658 = ORIENTED_EDGE('',*,*,#1659,.T.);
#1659 = EDGE_CURVE('',#333,#1660,#1662,.T.);
#1660 = VERTEX_POINT('',#1661);
#1661 = CARTESIAN_POINT('',(1.37,2.,0.2));
#1662 = LINE('',#1663,#1664);
#1663 = CARTESIAN_POINT('',(1.37,1.72,0.2));
#1664 = VECTOR('',#1665,1.);
#1665 = DIRECTION('',(-1.224646799147E-16,1.,0.));
#1666 = ORIENTED_EDGE('',*,*,#1667,.F.);
#1667 = EDGE_CURVE('',#1644,#1660,#1668,.T.);
#1668 = LINE('',#1669,#1670);
#1669 = CARTESIAN_POINT('',(1.37,2.,0.));
#1670 = VECTOR('',#1671,1.);
#1671 = DIRECTION('',(0.,0.,1.));
#1672 = PLANE('',#1673);
#1673 = AXIS2_PLACEMENT_3D('',#1674,#1675,#1676);
#1674 = CARTESIAN_POINT('',(1.37,1.72,0.));
#1675 = DIRECTION('',(-1.,-1.224646799147E-16,0.));
#1676 = DIRECTION('',(-1.224646799147E-16,1.,0.));
#1677 = ADVANCED_FACE('',(#1678),#1696,.T.);
#1678 = FACE_BOUND('',#1679,.T.);
#1679 = EDGE_LOOP('',(#1680,#1688,#1694,#1695));
#1680 = ORIENTED_EDGE('',*,*,#1681,.T.);
#1681 = EDGE_CURVE('',#1660,#1682,#1684,.T.);
#1682 = VERTEX_POINT('',#1683);
#1683 = CARTESIAN_POINT('',(1.13,2.,0.2));
#1684 = LINE('',#1685,#1686);
#1685 = CARTESIAN_POINT('',(1.37,2.,0.2));
#1686 = VECTOR('',#1687,1.);
#1687 = DIRECTION('',(-1.,-1.224646799147E-16,0.));
#1688 = ORIENTED_EDGE('',*,*,#1689,.T.);
#1689 = EDGE_CURVE('',#1682,#325,#1690,.T.);
#1690 = LINE('',#1691,#1692);
#1691 = CARTESIAN_POINT('',(1.13,2.,0.2));
#1692 = VECTOR('',#1693,1.);
#1693 = DIRECTION('',(1.224646799147E-16,-1.,0.));
#1694 = ORIENTED_EDGE('',*,*,#332,.F.);
#1695 = ORIENTED_EDGE('',*,*,#1659,.T.);
#1696 = PLANE('',#1697);
#1697 = AXIS2_PLACEMENT_3D('',#1698,#1699,#1700);
#1698 = CARTESIAN_POINT('',(1.25,1.824015921009,0.2));
#1699 = DIRECTION('',(0.,0.,1.));
#1700 = DIRECTION('',(-1.,-1.224646799147E-16,0.));
#1701 = ADVANCED_FACE('',(#1702),#1729,.F.);
#1702 = FACE_BOUND('',#1703,.F.);
#1703 = EDGE_LOOP('',(#1704,#1714,#1720,#1721,#1722,#1723));
#1704 = ORIENTED_EDGE('',*,*,#1705,.F.);
#1705 = EDGE_CURVE('',#1706,#1708,#1710,.T.);
#1706 = VERTEX_POINT('',#1707);
#1707 = CARTESIAN_POINT('',(1.13,2.,0.));
#1708 = VERTEX_POINT('',#1709);
#1709 = CARTESIAN_POINT('',(1.13,1.72,0.));
#1710 = LINE('',#1711,#1712);
#1711 = CARTESIAN_POINT('',(1.13,2.,0.));
#1712 = VECTOR('',#1713,1.);
#1713 = DIRECTION('',(1.224646799147E-16,-1.,0.));
#1714 = ORIENTED_EDGE('',*,*,#1715,.T.);
#1715 = EDGE_CURVE('',#1706,#1682,#1716,.T.);
#1716 = LINE('',#1717,#1718);
#1717 = CARTESIAN_POINT('',(1.13,2.,0.));
#1718 = VECTOR('',#1719,1.);
#1719 = DIRECTION('',(0.,0.,1.));
#1720 = ORIENTED_EDGE('',*,*,#1689,.T.);
#1721 = ORIENTED_EDGE('',*,*,#324,.F.);
#1722 = ORIENTED_EDGE('',*,*,#1465,.F.);
#1723 = ORIENTED_EDGE('',*,*,#1724,.F.);
#1724 = EDGE_CURVE('',#1708,#1457,#1725,.T.);
#1725 = LINE('',#1726,#1727);
#1726 = CARTESIAN_POINT('',(1.13,1.72,0.));
#1727 = VECTOR('',#1728,1.);
#1728 = DIRECTION('',(0.,0.,1.));
#1729 = PLANE('',#1730);
#1730 = AXIS2_PLACEMENT_3D('',#1731,#1732,#1733);
#1731 = CARTESIAN_POINT('',(1.13,2.,0.));
#1732 = DIRECTION('',(1.,1.224646799147E-16,0.));
#1733 = DIRECTION('',(1.224646799147E-16,-1.,0.));
#1734 = ADVANCED_FACE('',(#1735),#1769,.F.);
#1735 = FACE_BOUND('',#1736,.F.);
#1736 = EDGE_LOOP('',(#1737,#1747,#1753,#1754,#1755,#1763));
#1737 = ORIENTED_EDGE('',*,*,#1738,.F.);
#1738 = EDGE_CURVE('',#1739,#1741,#1743,.T.);
#1739 = VERTEX_POINT('',#1740);
#1740 = CARTESIAN_POINT('',(0.87,1.72,0.));
#1741 = VERTEX_POINT('',#1742);
#1742 = CARTESIAN_POINT('',(0.87,2.,0.));
#1743 = LINE('',#1744,#1745);
#1744 = CARTESIAN_POINT('',(0.87,1.72,0.));
#1745 = VECTOR('',#1746,1.);
#1746 = DIRECTION('',(-1.224646799147E-16,1.,0.));
#1747 = ORIENTED_EDGE('',*,*,#1748,.T.);
#1748 = EDGE_CURVE('',#1739,#1473,#1749,.T.);
#1749 = LINE('',#1750,#1751);
#1750 = CARTESIAN_POINT('',(0.87,1.72,0.));
#1751 = VECTOR('',#1752,1.);
#1752 = DIRECTION('',(0.,0.,1.));
#1753 = ORIENTED_EDGE('',*,*,#1472,.F.);
#1754 = ORIENTED_EDGE('',*,*,#308,.F.);
#1755 = ORIENTED_EDGE('',*,*,#1756,.T.);
#1756 = EDGE_CURVE('',#301,#1757,#1759,.T.);
#1757 = VERTEX_POINT('',#1758);
#1758 = CARTESIAN_POINT('',(0.87,2.,0.2));
#1759 = LINE('',#1760,#1761);
#1760 = CARTESIAN_POINT('',(0.87,1.72,0.2));
#1761 = VECTOR('',#1762,1.);
#1762 = DIRECTION('',(-1.224646799147E-16,1.,0.));
#1763 = ORIENTED_EDGE('',*,*,#1764,.F.);
#1764 = EDGE_CURVE('',#1741,#1757,#1765,.T.);
#1765 = LINE('',#1766,#1767);
#1766 = CARTESIAN_POINT('',(0.87,2.,0.));
#1767 = VECTOR('',#1768,1.);
#1768 = DIRECTION('',(0.,0.,1.));
#1769 = PLANE('',#1770);
#1770 = AXIS2_PLACEMENT_3D('',#1771,#1772,#1773);
#1771 = CARTESIAN_POINT('',(0.87,1.72,0.));
#1772 = DIRECTION('',(-1.,-1.224646799147E-16,0.));
#1773 = DIRECTION('',(-1.224646799147E-16,1.,0.));
#1774 = ADVANCED_FACE('',(#1775),#1793,.T.);
#1775 = FACE_BOUND('',#1776,.T.);
#1776 = EDGE_LOOP('',(#1777,#1785,#1791,#1792));
#1777 = ORIENTED_EDGE('',*,*,#1778,.T.);
#1778 = EDGE_CURVE('',#1757,#1779,#1781,.T.);
#1779 = VERTEX_POINT('',#1780);
#1780 = CARTESIAN_POINT('',(0.63,2.,0.2));
#1781 = LINE('',#1782,#1783);
#1782 = CARTESIAN_POINT('',(0.87,2.,0.2));
#1783 = VECTOR('',#1784,1.);
#1784 = DIRECTION('',(-1.,-1.224646799147E-16,0.));
#1785 = ORIENTED_EDGE('',*,*,#1786,.T.);
#1786 = EDGE_CURVE('',#1779,#293,#1787,.T.);
#1787 = LINE('',#1788,#1789);
#1788 = CARTESIAN_POINT('',(0.63,2.,0.2));
#1789 = VECTOR('',#1790,1.);
#1790 = DIRECTION('',(1.224646799147E-16,-1.,0.));
#1791 = ORIENTED_EDGE('',*,*,#300,.F.);
#1792 = ORIENTED_EDGE('',*,*,#1756,.T.);
#1793 = PLANE('',#1794);
#1794 = AXIS2_PLACEMENT_3D('',#1795,#1796,#1797);
#1795 = CARTESIAN_POINT('',(0.75,1.824015921009,0.2));
#1796 = DIRECTION('',(0.,0.,1.));
#1797 = DIRECTION('',(-1.,-1.224646799147E-16,0.));
#1798 = ADVANCED_FACE('',(#1799),#1826,.F.);
#1799 = FACE_BOUND('',#1800,.F.);
#1800 = EDGE_LOOP('',(#1801,#1811,#1817,#1818,#1819,#1820));
#1801 = ORIENTED_EDGE('',*,*,#1802,.F.);
#1802 = EDGE_CURVE('',#1803,#1805,#1807,.T.);
#1803 = VERTEX_POINT('',#1804);
#1804 = CARTESIAN_POINT('',(0.63,2.,0.));
#1805 = VERTEX_POINT('',#1806);
#1806 = CARTESIAN_POINT('',(0.63,1.72,0.));
#1807 = LINE('',#1808,#1809);
#1808 = CARTESIAN_POINT('',(0.63,2.,0.));
#1809 = VECTOR('',#1810,1.);
#1810 = DIRECTION('',(1.224646799147E-16,-1.,0.));
#1811 = ORIENTED_EDGE('',*,*,#1812,.T.);
#1812 = EDGE_CURVE('',#1803,#1779,#1813,.T.);
#1813 = LINE('',#1814,#1815);
#1814 = CARTESIAN_POINT('',(0.63,2.,0.));
#1815 = VECTOR('',#1816,1.);
#1816 = DIRECTION('',(0.,0.,1.));
#1817 = ORIENTED_EDGE('',*,*,#1786,.T.);
#1818 = ORIENTED_EDGE('',*,*,#292,.F.);
#1819 = ORIENTED_EDGE('',*,*,#1489,.F.);
#1820 = ORIENTED_EDGE('',*,*,#1821,.F.);
#1821 = EDGE_CURVE('',#1805,#1481,#1822,.T.);
#1822 = LINE('',#1823,#1824);
#1823 = CARTESIAN_POINT('',(0.63,1.72,0.));
#1824 = VECTOR('',#1825,1.);
#1825 = DIRECTION('',(0.,0.,1.));
#1826 = PLANE('',#1827);
#1827 = AXIS2_PLACEMENT_3D('',#1828,#1829,#1830);
#1828 = CARTESIAN_POINT('',(0.63,2.,0.));
#1829 = DIRECTION('',(1.,1.224646799147E-16,0.));
#1830 = DIRECTION('',(1.224646799147E-16,-1.,0.));
#1831 = ADVANCED_FACE('',(#1832),#1866,.F.);
#1832 = FACE_BOUND('',#1833,.F.);
#1833 = EDGE_LOOP('',(#1834,#1844,#1850,#1851,#1852,#1860));
#1834 = ORIENTED_EDGE('',*,*,#1835,.F.);
#1835 = EDGE_CURVE('',#1836,#1838,#1840,.T.);
#1836 = VERTEX_POINT('',#1837);
#1837 = CARTESIAN_POINT('',(0.37,1.72,0.));
#1838 = VERTEX_POINT('',#1839);
#1839 = CARTESIAN_POINT('',(0.37,2.,0.));
#1840 = LINE('',#1841,#1842);
#1841 = CARTESIAN_POINT('',(0.37,1.72,0.));
#1842 = VECTOR('',#1843,1.);
#1843 = DIRECTION('',(-1.224646799147E-16,1.,0.));
#1844 = ORIENTED_EDGE('',*,*,#1845,.T.);
#1845 = EDGE_CURVE('',#1836,#1497,#1846,.T.);
#1846 = LINE('',#1847,#1848);
#1847 = CARTESIAN_POINT('',(0.37,1.72,0.));
#1848 = VECTOR('',#1849,1.);
#1849 = DIRECTION('',(0.,0.,1.));
#1850 = ORIENTED_EDGE('',*,*,#1496,.F.);
#1851 = ORIENTED_EDGE('',*,*,#276,.F.);
#1852 = ORIENTED_EDGE('',*,*,#1853,.T.);
#1853 = EDGE_CURVE('',#269,#1854,#1856,.T.);
#1854 = VERTEX_POINT('',#1855);
#1855 = CARTESIAN_POINT('',(0.37,2.,0.2));
#1856 = LINE('',#1857,#1858);
#1857 = CARTESIAN_POINT('',(0.37,1.72,0.2));
#1858 = VECTOR('',#1859,1.);
#1859 = DIRECTION('',(-1.224646799147E-16,1.,0.));
#1860 = ORIENTED_EDGE('',*,*,#1861,.F.);
#1861 = EDGE_CURVE('',#1838,#1854,#1862,.T.);
#1862 = LINE('',#1863,#1864);
#1863 = CARTESIAN_POINT('',(0.37,2.,0.));
#1864 = VECTOR('',#1865,1.);
#1865 = DIRECTION('',(0.,0.,1.));
#1866 = PLANE('',#1867);
#1867 = AXIS2_PLACEMENT_3D('',#1868,#1869,#1870);
#1868 = CARTESIAN_POINT('',(0.37,1.72,0.));
#1869 = DIRECTION('',(-1.,-1.224646799147E-16,0.));
#1870 = DIRECTION('',(-1.224646799147E-16,1.,0.));
#1871 = ADVANCED_FACE('',(#1872),#1890,.T.);
#1872 = FACE_BOUND('',#1873,.T.);
#1873 = EDGE_LOOP('',(#1874,#1882,#1888,#1889));
#1874 = ORIENTED_EDGE('',*,*,#1875,.T.);
#1875 = EDGE_CURVE('',#1854,#1876,#1878,.T.);
#1876 = VERTEX_POINT('',#1877);
#1877 = CARTESIAN_POINT('',(0.13,2.,0.2));
#1878 = LINE('',#1879,#1880);
#1879 = CARTESIAN_POINT('',(0.37,2.,0.2));
#1880 = VECTOR('',#1881,1.);
#1881 = DIRECTION('',(-1.,-1.224646799147E-16,0.));
#1882 = ORIENTED_EDGE('',*,*,#1883,.T.);
#1883 = EDGE_CURVE('',#1876,#261,#1884,.T.);
#1884 = LINE('',#1885,#1886);
#1885 = CARTESIAN_POINT('',(0.13,2.,0.2));
#1886 = VECTOR('',#1887,1.);
#1887 = DIRECTION('',(1.224646799147E-16,-1.,0.));
#1888 = ORIENTED_EDGE('',*,*,#268,.F.);
#1889 = ORIENTED_EDGE('',*,*,#1853,.T.);
#1890 = PLANE('',#1891);
#1891 = AXIS2_PLACEMENT_3D('',#1892,#1893,#1894);
#1892 = CARTESIAN_POINT('',(0.25,1.824015921009,0.2));
#1893 = DIRECTION('',(0.,0.,1.));
#1894 = DIRECTION('',(-1.,-1.224646799147E-16,0.));
#1895 = ADVANCED_FACE('',(#1896),#1923,.F.);
#1896 = FACE_BOUND('',#1897,.F.);
#1897 = EDGE_LOOP('',(#1898,#1908,#1914,#1915,#1916,#1917));
#1898 = ORIENTED_EDGE('',*,*,#1899,.F.);
#1899 = EDGE_CURVE('',#1900,#1902,#1904,.T.);
#1900 = VERTEX_POINT('',#1901);
#1901 = CARTESIAN_POINT('',(0.13,2.,0.));
#1902 = VERTEX_POINT('',#1903);
#1903 = CARTESIAN_POINT('',(0.13,1.72,0.));
#1904 = LINE('',#1905,#1906);
#1905 = CARTESIAN_POINT('',(0.13,2.,0.));
#1906 = VECTOR('',#1907,1.);
#1907 = DIRECTION('',(1.224646799147E-16,-1.,0.));
#1908 = ORIENTED_EDGE('',*,*,#1909,.T.);
#1909 = EDGE_CURVE('',#1900,#1876,#1910,.T.);
#1910 = LINE('',#1911,#1912);
#1911 = CARTESIAN_POINT('',(0.13,2.,0.));
#1912 = VECTOR('',#1913,1.);
#1913 = DIRECTION('',(0.,0.,1.));
#1914 = ORIENTED_EDGE('',*,*,#1883,.T.);
#1915 = ORIENTED_EDGE('',*,*,#260,.F.);
#1916 = ORIENTED_EDGE('',*,*,#1513,.F.);
#1917 = ORIENTED_EDGE('',*,*,#1918,.F.);
#1918 = EDGE_CURVE('',#1902,#1505,#1919,.T.);
#1919 = LINE('',#1920,#1921);
#1920 = CARTESIAN_POINT('',(0.13,1.72,0.));
#1921 = VECTOR('',#1922,1.);
#1922 = DIRECTION('',(0.,0.,1.));
#1923 = PLANE('',#1924);
#1924 = AXIS2_PLACEMENT_3D('',#1925,#1926,#1927);
#1925 = CARTESIAN_POINT('',(0.13,2.,0.));
#1926 = DIRECTION('',(1.,1.224646799147E-16,0.));
#1927 = DIRECTION('',(1.224646799147E-16,-1.,0.));
#1928 = ADVANCED_FACE('',(#1929),#1963,.F.);
#1929 = FACE_BOUND('',#1930,.F.);
#1930 = EDGE_LOOP('',(#1931,#1941,#1947,#1948,#1949,#1957));
#1931 = ORIENTED_EDGE('',*,*,#1932,.F.);
#1932 = EDGE_CURVE('',#1933,#1935,#1937,.T.);
#1933 = VERTEX_POINT('',#1934);
#1934 = CARTESIAN_POINT('',(-0.13,1.72,0.));
#1935 = VERTEX_POINT('',#1936);
#1936 = CARTESIAN_POINT('',(-0.13,2.,0.));
#1937 = LINE('',#1938,#1939);
#1938 = CARTESIAN_POINT('',(-0.13,1.72,0.));
#1939 = VECTOR('',#1940,1.);
#1940 = DIRECTION('',(-1.224646799147E-16,1.,0.));
#1941 = ORIENTED_EDGE('',*,*,#1942,.T.);
#1942 = EDGE_CURVE('',#1933,#1521,#1943,.T.);
#1943 = LINE('',#1944,#1945);
#1944 = CARTESIAN_POINT('',(-0.13,1.72,0.));
#1945 = VECTOR('',#1946,1.);
#1946 = DIRECTION('',(0.,0.,1.));
#1947 = ORIENTED_EDGE('',*,*,#1520,.F.);
#1948 = ORIENTED_EDGE('',*,*,#244,.F.);
#1949 = ORIENTED_EDGE('',*,*,#1950,.T.);
#1950 = EDGE_CURVE('',#237,#1951,#1953,.T.);
#1951 = VERTEX_POINT('',#1952);
#1952 = CARTESIAN_POINT('',(-0.13,2.,0.2));
#1953 = LINE('',#1954,#1955);
#1954 = CARTESIAN_POINT('',(-0.13,1.72,0.2));
#1955 = VECTOR('',#1956,1.);
#1956 = DIRECTION('',(-1.224646799147E-16,1.,0.));
#1957 = ORIENTED_EDGE('',*,*,#1958,.F.);
#1958 = EDGE_CURVE('',#1935,#1951,#1959,.T.);
#1959 = LINE('',#1960,#1961);
#1960 = CARTESIAN_POINT('',(-0.13,2.,0.));
#1961 = VECTOR('',#1962,1.);
#1962 = DIRECTION('',(0.,0.,1.));
#1963 = PLANE('',#1964);
#1964 = AXIS2_PLACEMENT_3D('',#1965,#1966,#1967);
#1965 = CARTESIAN_POINT('',(-0.13,1.72,0.));
#1966 = DIRECTION('',(-1.,-1.224646799147E-16,0.));
#1967 = DIRECTION('',(-1.224646799147E-16,1.,0.));
#1968 = ADVANCED_FACE('',(#1969),#1987,.T.);
#1969 = FACE_BOUND('',#1970,.T.);
#1970 = EDGE_LOOP('',(#1971,#1979,#1985,#1986));
#1971 = ORIENTED_EDGE('',*,*,#1972,.T.);
#1972 = EDGE_CURVE('',#1951,#1973,#1975,.T.);
#1973 = VERTEX_POINT('',#1974);
#1974 = CARTESIAN_POINT('',(-0.37,2.,0.2));
#1975 = LINE('',#1976,#1977);
#1976 = CARTESIAN_POINT('',(-0.13,2.,0.2));
#1977 = VECTOR('',#1978,1.);
#1978 = DIRECTION('',(-1.,-1.224646799147E-16,0.));
#1979 = ORIENTED_EDGE('',*,*,#1980,.T.);
#1980 = EDGE_CURVE('',#1973,#229,#1981,.T.);
#1981 = LINE('',#1982,#1983);
#1982 = CARTESIAN_POINT('',(-0.37,2.,0.2));
#1983 = VECTOR('',#1984,1.);
#1984 = DIRECTION('',(1.224646799147E-16,-1.,0.));
#1985 = ORIENTED_EDGE('',*,*,#236,.F.);
#1986 = ORIENTED_EDGE('',*,*,#1950,.T.);
#1987 = PLANE('',#1988);
#1988 = AXIS2_PLACEMENT_3D('',#1989,#1990,#1991);
#1989 = CARTESIAN_POINT('',(-0.25,1.824015921009,0.2));
#1990 = DIRECTION('',(0.,0.,1.));
#1991 = DIRECTION('',(-1.,-1.224646799147E-16,0.));
#1992 = ADVANCED_FACE('',(#1993),#2020,.F.);
#1993 = FACE_BOUND('',#1994,.F.);
#1994 = EDGE_LOOP('',(#1995,#2005,#2011,#2012,#2013,#2014));
#1995 = ORIENTED_EDGE('',*,*,#1996,.F.);
#1996 = EDGE_CURVE('',#1997,#1999,#2001,.T.);
#1997 = VERTEX_POINT('',#1998);
#1998 = CARTESIAN_POINT('',(-0.37,2.,0.));
#1999 = VERTEX_POINT('',#2000);
#2000 = CARTESIAN_POINT('',(-0.37,1.72,0.));
#2001 = LINE('',#2002,#2003);
#2002 = CARTESIAN_POINT('',(-0.37,2.,0.));
#2003 = VECTOR('',#2004,1.);
#2004 = DIRECTION('',(1.224646799147E-16,-1.,0.));
#2005 = ORIENTED_EDGE('',*,*,#2006,.T.);
#2006 = EDGE_CURVE('',#1997,#1973,#2007,.T.);
#2007 = LINE('',#2008,#2009);
#2008 = CARTESIAN_POINT('',(-0.37,2.,0.));
#2009 = VECTOR('',#2010,1.);
#2010 = DIRECTION('',(0.,0.,1.));
#2011 = ORIENTED_EDGE('',*,*,#1980,.T.);
#2012 = ORIENTED_EDGE('',*,*,#228,.F.);
#2013 = ORIENTED_EDGE('',*,*,#1537,.F.);
#2014 = ORIENTED_EDGE('',*,*,#2015,.F.);
#2015 = EDGE_CURVE('',#1999,#1529,#2016,.T.);
#2016 = LINE('',#2017,#2018);
#2017 = CARTESIAN_POINT('',(-0.37,1.72,0.));
#2018 = VECTOR('',#2019,1.);
#2019 = DIRECTION('',(0.,0.,1.));
#2020 = PLANE('',#2021);
#2021 = AXIS2_PLACEMENT_3D('',#2022,#2023,#2024);
#2022 = CARTESIAN_POINT('',(-0.37,2.,0.));
#2023 = DIRECTION('',(1.,1.224646799147E-16,0.));
#2024 = DIRECTION('',(1.224646799147E-16,-1.,0.));
#2025 = ADVANCED_FACE('',(#2026),#2060,.F.);
#2026 = FACE_BOUND('',#2027,.F.);
#2027 = EDGE_LOOP('',(#2028,#2038,#2044,#2045,#2046,#2054));
#2028 = ORIENTED_EDGE('',*,*,#2029,.F.);
#2029 = EDGE_CURVE('',#2030,#2032,#2034,.T.);
#2030 = VERTEX_POINT('',#2031);
#2031 = CARTESIAN_POINT('',(-0.63,1.72,0.));
#2032 = VERTEX_POINT('',#2033);
#2033 = CARTESIAN_POINT('',(-0.63,2.,0.));
#2034 = LINE('',#2035,#2036);
#2035 = CARTESIAN_POINT('',(-0.63,1.72,0.));
#2036 = VECTOR('',#2037,1.);
#2037 = DIRECTION('',(-1.224646799147E-16,1.,0.));
#2038 = ORIENTED_EDGE('',*,*,#2039,.T.);
#2039 = EDGE_CURVE('',#2030,#1545,#2040,.T.);
#2040 = LINE('',#2041,#2042);
#2041 = CARTESIAN_POINT('',(-0.63,1.72,0.));
#2042 = VECTOR('',#2043,1.);
#2043 = DIRECTION('',(0.,0.,1.));
#2044 = ORIENTED_EDGE('',*,*,#1544,.F.);
#2045 = ORIENTED_EDGE('',*,*,#212,.F.);
#2046 = ORIENTED_EDGE('',*,*,#2047,.T.);
#2047 = EDGE_CURVE('',#205,#2048,#2050,.T.);
#2048 = VERTEX_POINT('',#2049);
#2049 = CARTESIAN_POINT('',(-0.63,2.,0.2));
#2050 = LINE('',#2051,#2052);
#2051 = CARTESIAN_POINT('',(-0.63,1.72,0.2));
#2052 = VECTOR('',#2053,1.);
#2053 = DIRECTION('',(-1.224646799147E-16,1.,0.));
#2054 = ORIENTED_EDGE('',*,*,#2055,.F.);
#2055 = EDGE_CURVE('',#2032,#2048,#2056,.T.);
#2056 = LINE('',#2057,#2058);
#2057 = CARTESIAN_POINT('',(-0.63,2.,0.));
#2058 = VECTOR('',#2059,1.);
#2059 = DIRECTION('',(0.,0.,1.));
#2060 = PLANE('',#2061);
#2061 = AXIS2_PLACEMENT_3D('',#2062,#2063,#2064);
#2062 = CARTESIAN_POINT('',(-0.63,1.72,0.));
#2063 = DIRECTION('',(-1.,-1.224646799147E-16,0.));
#2064 = DIRECTION('',(-1.224646799147E-16,1.,0.));
#2065 = ADVANCED_FACE('',(#2066),#2084,.T.);
#2066 = FACE_BOUND('',#2067,.T.);
#2067 = EDGE_LOOP('',(#2068,#2076,#2082,#2083));
#2068 = ORIENTED_EDGE('',*,*,#2069,.T.);
#2069 = EDGE_CURVE('',#2048,#2070,#2072,.T.);
#2070 = VERTEX_POINT('',#2071);
#2071 = CARTESIAN_POINT('',(-0.87,2.,0.2));
#2072 = LINE('',#2073,#2074);
#2073 = CARTESIAN_POINT('',(-0.63,2.,0.2));
#2074 = VECTOR('',#2075,1.);
#2075 = DIRECTION('',(-1.,-1.224646799147E-16,0.));
#2076 = ORIENTED_EDGE('',*,*,#2077,.T.);
#2077 = EDGE_CURVE('',#2070,#197,#2078,.T.);
#2078 = LINE('',#2079,#2080);
#2079 = CARTESIAN_POINT('',(-0.87,2.,0.2));
#2080 = VECTOR('',#2081,1.);
#2081 = DIRECTION('',(1.224646799147E-16,-1.,0.));
#2082 = ORIENTED_EDGE('',*,*,#204,.F.);
#2083 = ORIENTED_EDGE('',*,*,#2047,.T.);
#2084 = PLANE('',#2085);
#2085 = AXIS2_PLACEMENT_3D('',#2086,#2087,#2088);
#2086 = CARTESIAN_POINT('',(-0.75,1.824015921009,0.2));
#2087 = DIRECTION('',(0.,0.,1.));
#2088 = DIRECTION('',(-1.,-1.224646799147E-16,0.));
#2089 = ADVANCED_FACE('',(#2090),#2117,.F.);
#2090 = FACE_BOUND('',#2091,.F.);
#2091 = EDGE_LOOP('',(#2092,#2102,#2108,#2109,#2110,#2111));
#2092 = ORIENTED_EDGE('',*,*,#2093,.F.);
#2093 = EDGE_CURVE('',#2094,#2096,#2098,.T.);
#2094 = VERTEX_POINT('',#2095);
#2095 = CARTESIAN_POINT('',(-0.87,2.,0.));
#2096 = VERTEX_POINT('',#2097);
#2097 = CARTESIAN_POINT('',(-0.87,1.72,0.));
#2098 = LINE('',#2099,#2100);
#2099 = CARTESIAN_POINT('',(-0.87,2.,0.));
#2100 = VECTOR('',#2101,1.);
#2101 = DIRECTION('',(1.224646799147E-16,-1.,0.));
#2102 = ORIENTED_EDGE('',*,*,#2103,.T.);
#2103 = EDGE_CURVE('',#2094,#2070,#2104,.T.);
#2104 = LINE('',#2105,#2106);
#2105 = CARTESIAN_POINT('',(-0.87,2.,0.));
#2106 = VECTOR('',#2107,1.);
#2107 = DIRECTION('',(0.,0.,1.));
#2108 = ORIENTED_EDGE('',*,*,#2077,.T.);
#2109 = ORIENTED_EDGE('',*,*,#196,.F.);
#2110 = ORIENTED_EDGE('',*,*,#1561,.F.);
#2111 = ORIENTED_EDGE('',*,*,#2112,.F.);
#2112 = EDGE_CURVE('',#2096,#1553,#2113,.T.);
#2113 = LINE('',#2114,#2115);
#2114 = CARTESIAN_POINT('',(-0.87,1.72,0.));
#2115 = VECTOR('',#2116,1.);
#2116 = DIRECTION('',(0.,0.,1.));
#2117 = PLANE('',#2118);
#2118 = AXIS2_PLACEMENT_3D('',#2119,#2120,#2121);
#2119 = CARTESIAN_POINT('',(-0.87,2.,0.));
#2120 = DIRECTION('',(1.,1.224646799147E-16,0.));
#2121 = DIRECTION('',(1.224646799147E-16,-1.,0.));
#2122 = ADVANCED_FACE('',(#2123),#2157,.F.);
#2123 = FACE_BOUND('',#2124,.F.);
#2124 = EDGE_LOOP('',(#2125,#2135,#2141,#2142,#2143,#2151));
#2125 = ORIENTED_EDGE('',*,*,#2126,.F.);
#2126 = EDGE_CURVE('',#2127,#2129,#2131,.T.);
#2127 = VERTEX_POINT('',#2128);
#2128 = CARTESIAN_POINT('',(-1.13,1.72,0.));
#2129 = VERTEX_POINT('',#2130);
#2130 = CARTESIAN_POINT('',(-1.13,2.,0.));
#2131 = LINE('',#2132,#2133);
#2132 = CARTESIAN_POINT('',(-1.13,1.72,0.));
#2133 = VECTOR('',#2134,1.);
#2134 = DIRECTION('',(-1.224646799147E-16,1.,0.));
#2135 = ORIENTED_EDGE('',*,*,#2136,.T.);
#2136 = EDGE_CURVE('',#2127,#1569,#2137,.T.);
#2137 = LINE('',#2138,#2139);
#2138 = CARTESIAN_POINT('',(-1.13,1.72,0.));
#2139 = VECTOR('',#2140,1.);
#2140 = DIRECTION('',(0.,0.,1.));
#2141 = ORIENTED_EDGE('',*,*,#1568,.F.);
#2142 = ORIENTED_EDGE('',*,*,#180,.F.);
#2143 = ORIENTED_EDGE('',*,*,#2144,.T.);
#2144 = EDGE_CURVE('',#173,#2145,#2147,.T.);
#2145 = VERTEX_POINT('',#2146);
#2146 = CARTESIAN_POINT('',(-1.13,2.,0.2));
#2147 = LINE('',#2148,#2149);
#2148 = CARTESIAN_POINT('',(-1.13,1.72,0.2));
#2149 = VECTOR('',#2150,1.);
#2150 = DIRECTION('',(-1.224646799147E-16,1.,0.));
#2151 = ORIENTED_EDGE('',*,*,#2152,.F.);
#2152 = EDGE_CURVE('',#2129,#2145,#2153,.T.);
#2153 = LINE('',#2154,#2155);
#2154 = CARTESIAN_POINT('',(-1.13,2.,0.));
#2155 = VECTOR('',#2156,1.);
#2156 = DIRECTION('',(0.,0.,1.));
#2157 = PLANE('',#2158);
#2158 = AXIS2_PLACEMENT_3D('',#2159,#2160,#2161);
#2159 = CARTESIAN_POINT('',(-1.13,1.72,0.));
#2160 = DIRECTION('',(-1.,-1.224646799147E-16,0.));
#2161 = DIRECTION('',(-1.224646799147E-16,1.,0.));
#2162 = ADVANCED_FACE('',(#2163),#2181,.T.);
#2163 = FACE_BOUND('',#2164,.T.);
#2164 = EDGE_LOOP('',(#2165,#2173,#2179,#2180));
#2165 = ORIENTED_EDGE('',*,*,#2166,.T.);
#2166 = EDGE_CURVE('',#2145,#2167,#2169,.T.);
#2167 = VERTEX_POINT('',#2168);
#2168 = CARTESIAN_POINT('',(-1.37,2.,0.2));
#2169 = LINE('',#2170,#2171);
#2170 = CARTESIAN_POINT('',(-1.13,2.,0.2));
#2171 = VECTOR('',#2172,1.);
#2172 = DIRECTION('',(-1.,-1.224646799147E-16,0.));
#2173 = ORIENTED_EDGE('',*,*,#2174,.T.);
#2174 = EDGE_CURVE('',#2167,#165,#2175,.T.);
#2175 = LINE('',#2176,#2177);
#2176 = CARTESIAN_POINT('',(-1.37,2.,0.2));
#2177 = VECTOR('',#2178,1.);
#2178 = DIRECTION('',(1.224646799147E-16,-1.,0.));
#2179 = ORIENTED_EDGE('',*,*,#172,.F.);
#2180 = ORIENTED_EDGE('',*,*,#2144,.T.);
#2181 = PLANE('',#2182);
#2182 = AXIS2_PLACEMENT_3D('',#2183,#2184,#2185);
#2183 = CARTESIAN_POINT('',(-1.25,1.824015921009,0.2));
#2184 = DIRECTION('',(0.,0.,1.));
#2185 = DIRECTION('',(-1.,-1.224646799147E-16,0.));
#2186 = ADVANCED_FACE('',(#2187),#2214,.F.);
#2187 = FACE_BOUND('',#2188,.F.);
#2188 = EDGE_LOOP('',(#2189,#2199,#2205,#2206,#2207,#2208));
#2189 = ORIENTED_EDGE('',*,*,#2190,.F.);
#2190 = EDGE_CURVE('',#2191,#2193,#2195,.T.);
#2191 = VERTEX_POINT('',#2192);
#2192 = CARTESIAN_POINT('',(-1.37,2.,0.));
#2193 = VERTEX_POINT('',#2194);
#2194 = CARTESIAN_POINT('',(-1.37,1.72,0.));
#2195 = LINE('',#2196,#2197);
#2196 = CARTESIAN_POINT('',(-1.37,2.,0.));
#2197 = VECTOR('',#2198,1.);
#2198 = DIRECTION('',(1.224646799147E-16,-1.,0.));
#2199 = ORIENTED_EDGE('',*,*,#2200,.T.);
#2200 = EDGE_CURVE('',#2191,#2167,#2201,.T.);
#2201 = LINE('',#2202,#2203);
#2202 = CARTESIAN_POINT('',(-1.37,2.,0.));
#2203 = VECTOR('',#2204,1.);
#2204 = DIRECTION('',(0.,0.,1.));
#2205 = ORIENTED_EDGE('',*,*,#2174,.T.);
#2206 = ORIENTED_EDGE('',*,*,#164,.F.);
#2207 = ORIENTED_EDGE('',*,*,#1585,.F.);
#2208 = ORIENTED_EDGE('',*,*,#2209,.F.);
#2209 = EDGE_CURVE('',#2193,#1577,#2210,.T.);
#2210 = LINE('',#2211,#2212);
#2211 = CARTESIAN_POINT('',(-1.37,1.72,0.));
#2212 = VECTOR('',#2213,1.);
#2213 = DIRECTION('',(0.,0.,1.));
#2214 = PLANE('',#2215);
#2215 = AXIS2_PLACEMENT_3D('',#2216,#2217,#2218);
#2216 = CARTESIAN_POINT('',(-1.37,2.,0.));
#2217 = DIRECTION('',(1.,1.224646799147E-16,0.));
#2218 = DIRECTION('',(1.224646799147E-16,-1.,0.));
#2219 = ADVANCED_FACE('',(#2220),#2254,.F.);
#2220 = FACE_BOUND('',#2221,.F.);
#2221 = EDGE_LOOP('',(#2222,#2232,#2240,#2246,#2247,#2248));
#2222 = ORIENTED_EDGE('',*,*,#2223,.F.);
#2223 = EDGE_CURVE('',#2224,#2226,#2228,.T.);
#2224 = VERTEX_POINT('',#2225);
#2225 = CARTESIAN_POINT('',(2.,1.37,0.));
#2226 = VERTEX_POINT('',#2227);
#2227 = CARTESIAN_POINT('',(1.72,1.37,0.));
#2228 = LINE('',#2229,#2230);
#2229 = CARTESIAN_POINT('',(2.,1.37,0.));
#2230 = VECTOR('',#2231,1.);
#2231 = DIRECTION('',(-1.,-2.334869823773E-16,0.));
#2232 = ORIENTED_EDGE('',*,*,#2233,.T.);
#2233 = EDGE_CURVE('',#2224,#2234,#2236,.T.);
#2234 = VERTEX_POINT('',#2235);
#2235 = CARTESIAN_POINT('',(2.,1.37,0.2));
#2236 = LINE('',#2237,#2238);
#2237 = CARTESIAN_POINT('',(2.,1.37,0.));
#2238 = VECTOR('',#2239,1.);
#2239 = DIRECTION('',(0.,0.,1.));
#2240 = ORIENTED_EDGE('',*,*,#2241,.T.);
#2241 = EDGE_CURVE('',#2234,#565,#2242,.T.);
#2242 = LINE('',#2243,#2244);
#2243 = CARTESIAN_POINT('',(2.,1.37,0.2));
#2244 = VECTOR('',#2245,1.);
#2245 = DIRECTION('',(-1.,-2.334869823773E-16,0.));
#2246 = ORIENTED_EDGE('',*,*,#572,.T.);
#2247 = ORIENTED_EDGE('',*,*,#1440,.F.);
#2248 = ORIENTED_EDGE('',*,*,#2249,.F.);
#2249 = EDGE_CURVE('',#2226,#1432,#2250,.T.);
#2250 = LINE('',#2251,#2252);
#2251 = CARTESIAN_POINT('',(1.72,1.37,0.));
#2252 = VECTOR('',#2253,1.);
#2253 = DIRECTION('',(0.,0.,1.));
#2254 = PLANE('',#2255);
#2255 = AXIS2_PLACEMENT_3D('',#2256,#2257,#2258);
#2256 = CARTESIAN_POINT('',(2.,1.37,0.));
#2257 = DIRECTION('',(2.334869823773E-16,-1.,0.));
#2258 = DIRECTION('',(-1.,-2.334869823773E-16,0.));
#2259 = ADVANCED_FACE('',(#2260),#2278,.T.);
#2260 = FACE_BOUND('',#2261,.T.);
#2261 = EDGE_LOOP('',(#2262,#2270,#2271,#2272));
#2262 = ORIENTED_EDGE('',*,*,#2263,.T.);
#2263 = EDGE_CURVE('',#2264,#2234,#2266,.T.);
#2264 = VERTEX_POINT('',#2265);
#2265 = CARTESIAN_POINT('',(2.,1.13,0.2));
#2266 = LINE('',#2267,#2268);
#2267 = CARTESIAN_POINT('',(2.,1.13,0.2));
#2268 = VECTOR('',#2269,1.);
#2269 = DIRECTION('',(-2.334869823773E-16,1.,0.));
#2270 = ORIENTED_EDGE('',*,*,#2241,.T.);
#2271 = ORIENTED_EDGE('',*,*,#564,.T.);
#2272 = ORIENTED_EDGE('',*,*,#2273,.T.);
#2273 = EDGE_CURVE('',#557,#2264,#2274,.T.);
#2274 = LINE('',#2275,#2276);
#2275 = CARTESIAN_POINT('',(1.72,1.13,0.2));
#2276 = VECTOR('',#2277,1.);
#2277 = DIRECTION('',(1.,2.334869823773E-16,0.));
#2278 = PLANE('',#2279);
#2279 = AXIS2_PLACEMENT_3D('',#2280,#2281,#2282);
#2280 = CARTESIAN_POINT('',(1.824015921009,1.25,0.2));
#2281 = DIRECTION('',(0.,0.,1.));
#2282 = DIRECTION('',(-2.334869823773E-16,1.,0.));
#2283 = ADVANCED_FACE('',(#2284),#2311,.F.);
#2284 = FACE_BOUND('',#2285,.F.);
#2285 = EDGE_LOOP('',(#2286,#2296,#2302,#2303,#2304,#2305));
#2286 = ORIENTED_EDGE('',*,*,#2287,.F.);
#2287 = EDGE_CURVE('',#2288,#2290,#2292,.T.);
#2288 = VERTEX_POINT('',#2289);
#2289 = CARTESIAN_POINT('',(1.72,1.13,0.));
#2290 = VERTEX_POINT('',#2291);
#2291 = CARTESIAN_POINT('',(2.,1.13,0.));
#2292 = LINE('',#2293,#2294);
#2293 = CARTESIAN_POINT('',(1.72,1.13,0.));
#2294 = VECTOR('',#2295,1.);
#2295 = DIRECTION('',(1.,2.334869823773E-16,0.));
#2296 = ORIENTED_EDGE('',*,*,#2297,.T.);
#2297 = EDGE_CURVE('',#2288,#1424,#2298,.T.);
#2298 = LINE('',#2299,#2300);
#2299 = CARTESIAN_POINT('',(1.72,1.13,0.));
#2300 = VECTOR('',#2301,1.);
#2301 = DIRECTION('',(0.,0.,1.));
#2302 = ORIENTED_EDGE('',*,*,#1423,.F.);
#2303 = ORIENTED_EDGE('',*,*,#556,.T.);
#2304 = ORIENTED_EDGE('',*,*,#2273,.T.);
#2305 = ORIENTED_EDGE('',*,*,#2306,.F.);
#2306 = EDGE_CURVE('',#2290,#2264,#2307,.T.);
#2307 = LINE('',#2308,#2309);
#2308 = CARTESIAN_POINT('',(2.,1.13,0.));
#2309 = VECTOR('',#2310,1.);
#2310 = DIRECTION('',(0.,0.,1.));
#2311 = PLANE('',#2312);
#2312 = AXIS2_PLACEMENT_3D('',#2313,#2314,#2315);
#2313 = CARTESIAN_POINT('',(1.72,1.13,0.));
#2314 = DIRECTION('',(-2.334869823773E-16,1.,0.));
#2315 = DIRECTION('',(1.,2.334869823773E-16,0.));
#2316 = ADVANCED_FACE('',(#2317),#2351,.F.);
#2317 = FACE_BOUND('',#2318,.F.);
#2318 = EDGE_LOOP('',(#2319,#2329,#2337,#2343,#2344,#2345));
#2319 = ORIENTED_EDGE('',*,*,#2320,.F.);
#2320 = EDGE_CURVE('',#2321,#2323,#2325,.T.);
#2321 = VERTEX_POINT('',#2322);
#2322 = CARTESIAN_POINT('',(2.,0.87,0.));
#2323 = VERTEX_POINT('',#2324);
#2324 = CARTESIAN_POINT('',(1.72,0.87,0.));
#2325 = LINE('',#2326,#2327);
#2326 = CARTESIAN_POINT('',(2.,0.87,0.));
#2327 = VECTOR('',#2328,1.);
#2328 = DIRECTION('',(-1.,-2.334869823773E-16,0.));
#2329 = ORIENTED_EDGE('',*,*,#2330,.T.);
#2330 = EDGE_CURVE('',#2321,#2331,#2333,.T.);
#2331 = VERTEX_POINT('',#2332);
#2332 = CARTESIAN_POINT('',(2.,0.87,0.2));
#2333 = LINE('',#2334,#2335);
#2334 = CARTESIAN_POINT('',(2.,0.87,0.));
#2335 = VECTOR('',#2336,1.);
#2336 = DIRECTION('',(0.,0.,1.));
#2337 = ORIENTED_EDGE('',*,*,#2338,.T.);
#2338 = EDGE_CURVE('',#2331,#533,#2339,.T.);
#2339 = LINE('',#2340,#2341);
#2340 = CARTESIAN_POINT('',(2.,0.87,0.2));
#2341 = VECTOR('',#2342,1.);
#2342 = DIRECTION('',(-1.,-2.334869823773E-16,0.));
#2343 = ORIENTED_EDGE('',*,*,#540,.T.);
#2344 = ORIENTED_EDGE('',*,*,#1416,.F.);
#2345 = ORIENTED_EDGE('',*,*,#2346,.F.);
#2346 = EDGE_CURVE('',#2323,#1408,#2347,.T.);
#2347 = LINE('',#2348,#2349);
#2348 = CARTESIAN_POINT('',(1.72,0.87,0.));
#2349 = VECTOR('',#2350,1.);
#2350 = DIRECTION('',(0.,0.,1.));
#2351 = PLANE('',#2352);
#2352 = AXIS2_PLACEMENT_3D('',#2353,#2354,#2355);
#2353 = CARTESIAN_POINT('',(2.,0.87,0.));
#2354 = DIRECTION('',(2.334869823773E-16,-1.,0.));
#2355 = DIRECTION('',(-1.,-2.334869823773E-16,0.));
#2356 = ADVANCED_FACE('',(#2357),#2375,.T.);
#2357 = FACE_BOUND('',#2358,.T.);
#2358 = EDGE_LOOP('',(#2359,#2367,#2368,#2369));
#2359 = ORIENTED_EDGE('',*,*,#2360,.T.);
#2360 = EDGE_CURVE('',#2361,#2331,#2363,.T.);
#2361 = VERTEX_POINT('',#2362);
#2362 = CARTESIAN_POINT('',(2.,0.63,0.2));
#2363 = LINE('',#2364,#2365);
#2364 = CARTESIAN_POINT('',(2.,0.63,0.2));
#2365 = VECTOR('',#2366,1.);
#2366 = DIRECTION('',(-2.334869823773E-16,1.,0.));
#2367 = ORIENTED_EDGE('',*,*,#2338,.T.);
#2368 = ORIENTED_EDGE('',*,*,#532,.T.);
#2369 = ORIENTED_EDGE('',*,*,#2370,.T.);
#2370 = EDGE_CURVE('',#525,#2361,#2371,.T.);
#2371 = LINE('',#2372,#2373);
#2372 = CARTESIAN_POINT('',(1.72,0.63,0.2));
#2373 = VECTOR('',#2374,1.);
#2374 = DIRECTION('',(1.,2.334869823773E-16,0.));
#2375 = PLANE('',#2376);
#2376 = AXIS2_PLACEMENT_3D('',#2377,#2378,#2379);
#2377 = CARTESIAN_POINT('',(1.824015921009,0.75,0.2));
#2378 = DIRECTION('',(0.,0.,1.));
#2379 = DIRECTION('',(-2.334869823773E-16,1.,0.));
#2380 = ADVANCED_FACE('',(#2381),#2408,.F.);
#2381 = FACE_BOUND('',#2382,.F.);
#2382 = EDGE_LOOP('',(#2383,#2393,#2399,#2400,#2401,#2402));
#2383 = ORIENTED_EDGE('',*,*,#2384,.F.);
#2384 = EDGE_CURVE('',#2385,#2387,#2389,.T.);
#2385 = VERTEX_POINT('',#2386);
#2386 = CARTESIAN_POINT('',(1.72,0.63,0.));
#2387 = VERTEX_POINT('',#2388);
#2388 = CARTESIAN_POINT('',(2.,0.63,0.));
#2389 = LINE('',#2390,#2391);
#2390 = CARTESIAN_POINT('',(1.72,0.63,0.));
#2391 = VECTOR('',#2392,1.);
#2392 = DIRECTION('',(1.,2.334869823773E-16,0.));
#2393 = ORIENTED_EDGE('',*,*,#2394,.T.);
#2394 = EDGE_CURVE('',#2385,#1400,#2395,.T.);
#2395 = LINE('',#2396,#2397);
#2396 = CARTESIAN_POINT('',(1.72,0.63,0.));
#2397 = VECTOR('',#2398,1.);
#2398 = DIRECTION('',(0.,0.,1.));
#2399 = ORIENTED_EDGE('',*,*,#1399,.F.);
#2400 = ORIENTED_EDGE('',*,*,#524,.T.);
#2401 = ORIENTED_EDGE('',*,*,#2370,.T.);
#2402 = ORIENTED_EDGE('',*,*,#2403,.F.);
#2403 = EDGE_CURVE('',#2387,#2361,#2404,.T.);
#2404 = LINE('',#2405,#2406);
#2405 = CARTESIAN_POINT('',(2.,0.63,0.));
#2406 = VECTOR('',#2407,1.);
#2407 = DIRECTION('',(0.,0.,1.));
#2408 = PLANE('',#2409);
#2409 = AXIS2_PLACEMENT_3D('',#2410,#2411,#2412);
#2410 = CARTESIAN_POINT('',(1.72,0.63,0.));
#2411 = DIRECTION('',(-2.334869823773E-16,1.,0.));
#2412 = DIRECTION('',(1.,2.334869823773E-16,0.));
#2413 = ADVANCED_FACE('',(#2414),#2448,.F.);
#2414 = FACE_BOUND('',#2415,.F.);
#2415 = EDGE_LOOP('',(#2416,#2426,#2434,#2440,#2441,#2442));
#2416 = ORIENTED_EDGE('',*,*,#2417,.F.);
#2417 = EDGE_CURVE('',#2418,#2420,#2422,.T.);
#2418 = VERTEX_POINT('',#2419);
#2419 = CARTESIAN_POINT('',(2.,0.37,0.));
#2420 = VERTEX_POINT('',#2421);
#2421 = CARTESIAN_POINT('',(1.72,0.37,0.));
#2422 = LINE('',#2423,#2424);
#2423 = CARTESIAN_POINT('',(2.,0.37,0.));
#2424 = VECTOR('',#2425,1.);
#2425 = DIRECTION('',(-1.,-2.334869823773E-16,0.));
#2426 = ORIENTED_EDGE('',*,*,#2427,.T.);
#2427 = EDGE_CURVE('',#2418,#2428,#2430,.T.);
#2428 = VERTEX_POINT('',#2429);
#2429 = CARTESIAN_POINT('',(2.,0.37,0.2));
#2430 = LINE('',#2431,#2432);
#2431 = CARTESIAN_POINT('',(2.,0.37,0.));
#2432 = VECTOR('',#2433,1.);
#2433 = DIRECTION('',(0.,0.,1.));
#2434 = ORIENTED_EDGE('',*,*,#2435,.T.);
#2435 = EDGE_CURVE('',#2428,#501,#2436,.T.);
#2436 = LINE('',#2437,#2438);
#2437 = CARTESIAN_POINT('',(2.,0.37,0.2));
#2438 = VECTOR('',#2439,1.);
#2439 = DIRECTION('',(-1.,-2.334869823773E-16,0.));
#2440 = ORIENTED_EDGE('',*,*,#508,.T.);
#2441 = ORIENTED_EDGE('',*,*,#1392,.F.);
#2442 = ORIENTED_EDGE('',*,*,#2443,.F.);
#2443 = EDGE_CURVE('',#2420,#1384,#2444,.T.);
#2444 = LINE('',#2445,#2446);
#2445 = CARTESIAN_POINT('',(1.72,0.37,0.));
#2446 = VECTOR('',#2447,1.);
#2447 = DIRECTION('',(0.,0.,1.));
#2448 = PLANE('',#2449);
#2449 = AXIS2_PLACEMENT_3D('',#2450,#2451,#2452);
#2450 = CARTESIAN_POINT('',(2.,0.37,0.));
#2451 = DIRECTION('',(2.334869823773E-16,-1.,0.));
#2452 = DIRECTION('',(-1.,-2.334869823773E-16,0.));
#2453 = ADVANCED_FACE('',(#2454),#2472,.T.);
#2454 = FACE_BOUND('',#2455,.T.);
#2455 = EDGE_LOOP('',(#2456,#2464,#2465,#2466));
#2456 = ORIENTED_EDGE('',*,*,#2457,.T.);
#2457 = EDGE_CURVE('',#2458,#2428,#2460,.T.);
#2458 = VERTEX_POINT('',#2459);
#2459 = CARTESIAN_POINT('',(2.,0.13,0.2));
#2460 = LINE('',#2461,#2462);
#2461 = CARTESIAN_POINT('',(2.,0.13,0.2));
#2462 = VECTOR('',#2463,1.);
#2463 = DIRECTION('',(-2.334869823773E-16,1.,0.));
#2464 = ORIENTED_EDGE('',*,*,#2435,.T.);
#2465 = ORIENTED_EDGE('',*,*,#500,.T.);
#2466 = ORIENTED_EDGE('',*,*,#2467,.T.);
#2467 = EDGE_CURVE('',#493,#2458,#2468,.T.);
#2468 = LINE('',#2469,#2470);
#2469 = CARTESIAN_POINT('',(1.72,0.13,0.2));
#2470 = VECTOR('',#2471,1.);
#2471 = DIRECTION('',(1.,2.334869823773E-16,0.));
#2472 = PLANE('',#2473);
#2473 = AXIS2_PLACEMENT_3D('',#2474,#2475,#2476);
#2474 = CARTESIAN_POINT('',(1.824015921009,0.25,0.2));
#2475 = DIRECTION('',(0.,0.,1.));
#2476 = DIRECTION('',(-2.334869823773E-16,1.,0.));
#2477 = ADVANCED_FACE('',(#2478),#2505,.F.);
#2478 = FACE_BOUND('',#2479,.F.);
#2479 = EDGE_LOOP('',(#2480,#2490,#2496,#2497,#2498,#2499));
#2480 = ORIENTED_EDGE('',*,*,#2481,.F.);
#2481 = EDGE_CURVE('',#2482,#2484,#2486,.T.);
#2482 = VERTEX_POINT('',#2483);
#2483 = CARTESIAN_POINT('',(1.72,0.13,0.));
#2484 = VERTEX_POINT('',#2485);
#2485 = CARTESIAN_POINT('',(2.,0.13,0.));
#2486 = LINE('',#2487,#2488);
#2487 = CARTESIAN_POINT('',(1.72,0.13,0.));
#2488 = VECTOR('',#2489,1.);
#2489 = DIRECTION('',(1.,2.334869823773E-16,0.));
#2490 = ORIENTED_EDGE('',*,*,#2491,.T.);
#2491 = EDGE_CURVE('',#2482,#1376,#2492,.T.);
#2492 = LINE('',#2493,#2494);
#2493 = CARTESIAN_POINT('',(1.72,0.13,0.));
#2494 = VECTOR('',#2495,1.);
#2495 = DIRECTION('',(0.,0.,1.));
#2496 = ORIENTED_EDGE('',*,*,#1375,.F.);
#2497 = ORIENTED_EDGE('',*,*,#492,.T.);
#2498 = ORIENTED_EDGE('',*,*,#2467,.T.);
#2499 = ORIENTED_EDGE('',*,*,#2500,.F.);
#2500 = EDGE_CURVE('',#2484,#2458,#2501,.T.);
#2501 = LINE('',#2502,#2503);
#2502 = CARTESIAN_POINT('',(2.,0.13,0.));
#2503 = VECTOR('',#2504,1.);
#2504 = DIRECTION('',(0.,0.,1.));
#2505 = PLANE('',#2506);
#2506 = AXIS2_PLACEMENT_3D('',#2507,#2508,#2509);
#2507 = CARTESIAN_POINT('',(1.72,0.13,0.));
#2508 = DIRECTION('',(-2.334869823773E-16,1.,0.));
#2509 = DIRECTION('',(1.,2.334869823773E-16,0.));
#2510 = ADVANCED_FACE('',(#2511),#2545,.F.);
#2511 = FACE_BOUND('',#2512,.F.);
#2512 = EDGE_LOOP('',(#2513,#2523,#2531,#2537,#2538,#2539));
#2513 = ORIENTED_EDGE('',*,*,#2514,.F.);
#2514 = EDGE_CURVE('',#2515,#2517,#2519,.T.);
#2515 = VERTEX_POINT('',#2516);
#2516 = CARTESIAN_POINT('',(2.,-0.13,0.));
#2517 = VERTEX_POINT('',#2518);
#2518 = CARTESIAN_POINT('',(1.72,-0.13,0.));
#2519 = LINE('',#2520,#2521);
#2520 = CARTESIAN_POINT('',(2.,-0.13,0.));
#2521 = VECTOR('',#2522,1.);
#2522 = DIRECTION('',(-1.,-2.334869823773E-16,0.));
#2523 = ORIENTED_EDGE('',*,*,#2524,.T.);
#2524 = EDGE_CURVE('',#2515,#2525,#2527,.T.);
#2525 = VERTEX_POINT('',#2526);
#2526 = CARTESIAN_POINT('',(2.,-0.13,0.2));
#2527 = LINE('',#2528,#2529);
#2528 = CARTESIAN_POINT('',(2.,-0.13,0.));
#2529 = VECTOR('',#2530,1.);
#2530 = DIRECTION('',(0.,0.,1.));
#2531 = ORIENTED_EDGE('',*,*,#2532,.T.);
#2532 = EDGE_CURVE('',#2525,#469,#2533,.T.);
#2533 = LINE('',#2534,#2535);
#2534 = CARTESIAN_POINT('',(2.,-0.13,0.2));
#2535 = VECTOR('',#2536,1.);
#2536 = DIRECTION('',(-1.,-2.334869823773E-16,0.));
#2537 = ORIENTED_EDGE('',*,*,#476,.T.);
#2538 = ORIENTED_EDGE('',*,*,#1368,.F.);
#2539 = ORIENTED_EDGE('',*,*,#2540,.F.);
#2540 = EDGE_CURVE('',#2517,#1360,#2541,.T.);
#2541 = LINE('',#2542,#2543);
#2542 = CARTESIAN_POINT('',(1.72,-0.13,0.));
#2543 = VECTOR('',#2544,1.);
#2544 = DIRECTION('',(0.,0.,1.));
#2545 = PLANE('',#2546);
#2546 = AXIS2_PLACEMENT_3D('',#2547,#2548,#2549);
#2547 = CARTESIAN_POINT('',(2.,-0.13,0.));
#2548 = DIRECTION('',(2.334869823773E-16,-1.,0.));
#2549 = DIRECTION('',(-1.,-2.334869823773E-16,0.));
#2550 = ADVANCED_FACE('',(#2551),#2569,.T.);
#2551 = FACE_BOUND('',#2552,.T.);
#2552 = EDGE_LOOP('',(#2553,#2561,#2562,#2563));
#2553 = ORIENTED_EDGE('',*,*,#2554,.T.);
#2554 = EDGE_CURVE('',#2555,#2525,#2557,.T.);
#2555 = VERTEX_POINT('',#2556);
#2556 = CARTESIAN_POINT('',(2.,-0.37,0.2));
#2557 = LINE('',#2558,#2559);
#2558 = CARTESIAN_POINT('',(2.,-0.37,0.2));
#2559 = VECTOR('',#2560,1.);
#2560 = DIRECTION('',(-2.334869823773E-16,1.,0.));
#2561 = ORIENTED_EDGE('',*,*,#2532,.T.);
#2562 = ORIENTED_EDGE('',*,*,#468,.T.);
#2563 = ORIENTED_EDGE('',*,*,#2564,.T.);
#2564 = EDGE_CURVE('',#461,#2555,#2565,.T.);
#2565 = LINE('',#2566,#2567);
#2566 = CARTESIAN_POINT('',(1.72,-0.37,0.2));
#2567 = VECTOR('',#2568,1.);
#2568 = DIRECTION('',(1.,2.334869823773E-16,0.));
#2569 = PLANE('',#2570);
#2570 = AXIS2_PLACEMENT_3D('',#2571,#2572,#2573);
#2571 = CARTESIAN_POINT('',(1.824015921009,-0.25,0.2));
#2572 = DIRECTION('',(0.,0.,1.));
#2573 = DIRECTION('',(-2.334869823773E-16,1.,0.));
#2574 = ADVANCED_FACE('',(#2575),#2602,.F.);
#2575 = FACE_BOUND('',#2576,.F.);
#2576 = EDGE_LOOP('',(#2577,#2587,#2593,#2594,#2595,#2596));
#2577 = ORIENTED_EDGE('',*,*,#2578,.F.);
#2578 = EDGE_CURVE('',#2579,#2581,#2583,.T.);
#2579 = VERTEX_POINT('',#2580);
#2580 = CARTESIAN_POINT('',(1.72,-0.37,0.));
#2581 = VERTEX_POINT('',#2582);
#2582 = CARTESIAN_POINT('',(2.,-0.37,0.));
#2583 = LINE('',#2584,#2585);
#2584 = CARTESIAN_POINT('',(1.72,-0.37,0.));
#2585 = VECTOR('',#2586,1.);
#2586 = DIRECTION('',(1.,2.334869823773E-16,0.));
#2587 = ORIENTED_EDGE('',*,*,#2588,.T.);
#2588 = EDGE_CURVE('',#2579,#1352,#2589,.T.);
#2589 = LINE('',#2590,#2591);
#2590 = CARTESIAN_POINT('',(1.72,-0.37,0.));
#2591 = VECTOR('',#2592,1.);
#2592 = DIRECTION('',(0.,0.,1.));
#2593 = ORIENTED_EDGE('',*,*,#1351,.F.);
#2594 = ORIENTED_EDGE('',*,*,#460,.T.);
#2595 = ORIENTED_EDGE('',*,*,#2564,.T.);
#2596 = ORIENTED_EDGE('',*,*,#2597,.F.);
#2597 = EDGE_CURVE('',#2581,#2555,#2598,.T.);
#2598 = LINE('',#2599,#2600);
#2599 = CARTESIAN_POINT('',(2.,-0.37,0.));
#2600 = VECTOR('',#2601,1.);
#2601 = DIRECTION('',(0.,0.,1.));
#2602 = PLANE('',#2603);
#2603 = AXIS2_PLACEMENT_3D('',#2604,#2605,#2606);
#2604 = CARTESIAN_POINT('',(1.72,-0.37,0.));
#2605 = DIRECTION('',(-2.334869823773E-16,1.,0.));
#2606 = DIRECTION('',(1.,2.334869823773E-16,0.));
#2607 = ADVANCED_FACE('',(#2608),#2642,.F.);
#2608 = FACE_BOUND('',#2609,.F.);
#2609 = EDGE_LOOP('',(#2610,#2620,#2628,#2634,#2635,#2636));
#2610 = ORIENTED_EDGE('',*,*,#2611,.F.);
#2611 = EDGE_CURVE('',#2612,#2614,#2616,.T.);
#2612 = VERTEX_POINT('',#2613);
#2613 = CARTESIAN_POINT('',(2.,-0.63,0.));
#2614 = VERTEX_POINT('',#2615);
#2615 = CARTESIAN_POINT('',(1.72,-0.63,0.));
#2616 = LINE('',#2617,#2618);
#2617 = CARTESIAN_POINT('',(2.,-0.63,0.));
#2618 = VECTOR('',#2619,1.);
#2619 = DIRECTION('',(-1.,-2.334869823773E-16,0.));
#2620 = ORIENTED_EDGE('',*,*,#2621,.T.);
#2621 = EDGE_CURVE('',#2612,#2622,#2624,.T.);
#2622 = VERTEX_POINT('',#2623);
#2623 = CARTESIAN_POINT('',(2.,-0.63,0.2));
#2624 = LINE('',#2625,#2626);
#2625 = CARTESIAN_POINT('',(2.,-0.63,0.));
#2626 = VECTOR('',#2627,1.);
#2627 = DIRECTION('',(0.,0.,1.));
#2628 = ORIENTED_EDGE('',*,*,#2629,.T.);
#2629 = EDGE_CURVE('',#2622,#437,#2630,.T.);
#2630 = LINE('',#2631,#2632);
#2631 = CARTESIAN_POINT('',(2.,-0.63,0.2));
#2632 = VECTOR('',#2633,1.);
#2633 = DIRECTION('',(-1.,-2.334869823773E-16,0.));
#2634 = ORIENTED_EDGE('',*,*,#444,.T.);
#2635 = ORIENTED_EDGE('',*,*,#1344,.F.);
#2636 = ORIENTED_EDGE('',*,*,#2637,.F.);
#2637 = EDGE_CURVE('',#2614,#1336,#2638,.T.);
#2638 = LINE('',#2639,#2640);
#2639 = CARTESIAN_POINT('',(1.72,-0.63,0.));
#2640 = VECTOR('',#2641,1.);
#2641 = DIRECTION('',(0.,0.,1.));
#2642 = PLANE('',#2643);
#2643 = AXIS2_PLACEMENT_3D('',#2644,#2645,#2646);
#2644 = CARTESIAN_POINT('',(2.,-0.63,0.));
#2645 = DIRECTION('',(2.334869823773E-16,-1.,0.));
#2646 = DIRECTION('',(-1.,-2.334869823773E-16,0.));
#2647 = ADVANCED_FACE('',(#2648),#2666,.T.);
#2648 = FACE_BOUND('',#2649,.T.);
#2649 = EDGE_LOOP('',(#2650,#2658,#2659,#2660));
#2650 = ORIENTED_EDGE('',*,*,#2651,.T.);
#2651 = EDGE_CURVE('',#2652,#2622,#2654,.T.);
#2652 = VERTEX_POINT('',#2653);
#2653 = CARTESIAN_POINT('',(2.,-0.87,0.2));
#2654 = LINE('',#2655,#2656);
#2655 = CARTESIAN_POINT('',(2.,-0.87,0.2));
#2656 = VECTOR('',#2657,1.);
#2657 = DIRECTION('',(-2.334869823773E-16,1.,0.));
#2658 = ORIENTED_EDGE('',*,*,#2629,.T.);
#2659 = ORIENTED_EDGE('',*,*,#436,.T.);
#2660 = ORIENTED_EDGE('',*,*,#2661,.T.);
#2661 = EDGE_CURVE('',#429,#2652,#2662,.T.);
#2662 = LINE('',#2663,#2664);
#2663 = CARTESIAN_POINT('',(1.72,-0.87,0.2));
#2664 = VECTOR('',#2665,1.);
#2665 = DIRECTION('',(1.,2.334869823773E-16,0.));
#2666 = PLANE('',#2667);
#2667 = AXIS2_PLACEMENT_3D('',#2668,#2669,#2670);
#2668 = CARTESIAN_POINT('',(1.824015921009,-0.75,0.2));
#2669 = DIRECTION('',(0.,0.,1.));
#2670 = DIRECTION('',(-2.334869823773E-16,1.,0.));
#2671 = ADVANCED_FACE('',(#2672),#2699,.F.);
#2672 = FACE_BOUND('',#2673,.F.);
#2673 = EDGE_LOOP('',(#2674,#2684,#2690,#2691,#2692,#2693));
#2674 = ORIENTED_EDGE('',*,*,#2675,.F.);
#2675 = EDGE_CURVE('',#2676,#2678,#2680,.T.);
#2676 = VERTEX_POINT('',#2677);
#2677 = CARTESIAN_POINT('',(1.72,-0.87,0.));
#2678 = VERTEX_POINT('',#2679);
#2679 = CARTESIAN_POINT('',(2.,-0.87,0.));
#2680 = LINE('',#2681,#2682);
#2681 = CARTESIAN_POINT('',(1.72,-0.87,0.));
#2682 = VECTOR('',#2683,1.);
#2683 = DIRECTION('',(1.,2.334869823773E-16,0.));
#2684 = ORIENTED_EDGE('',*,*,#2685,.T.);
#2685 = EDGE_CURVE('',#2676,#1328,#2686,.T.);
#2686 = LINE('',#2687,#2688);
#2687 = CARTESIAN_POINT('',(1.72,-0.87,0.));
#2688 = VECTOR('',#2689,1.);
#2689 = DIRECTION('',(0.,0.,1.));
#2690 = ORIENTED_EDGE('',*,*,#1327,.F.);
#2691 = ORIENTED_EDGE('',*,*,#428,.T.);
#2692 = ORIENTED_EDGE('',*,*,#2661,.T.);
#2693 = ORIENTED_EDGE('',*,*,#2694,.F.);
#2694 = EDGE_CURVE('',#2678,#2652,#2695,.T.);
#2695 = LINE('',#2696,#2697);
#2696 = CARTESIAN_POINT('',(2.,-0.87,0.));
#2697 = VECTOR('',#2698,1.);
#2698 = DIRECTION('',(0.,0.,1.));
#2699 = PLANE('',#2700);
#2700 = AXIS2_PLACEMENT_3D('',#2701,#2702,#2703);
#2701 = CARTESIAN_POINT('',(1.72,-0.87,0.));
#2702 = DIRECTION('',(-2.334869823773E-16,1.,0.));
#2703 = DIRECTION('',(1.,2.334869823773E-16,0.));
#2704 = ADVANCED_FACE('',(#2705),#2739,.F.);
#2705 = FACE_BOUND('',#2706,.F.);
#2706 = EDGE_LOOP('',(#2707,#2717,#2725,#2731,#2732,#2733));
#2707 = ORIENTED_EDGE('',*,*,#2708,.F.);
#2708 = EDGE_CURVE('',#2709,#2711,#2713,.T.);
#2709 = VERTEX_POINT('',#2710);
#2710 = CARTESIAN_POINT('',(2.,-1.13,0.));
#2711 = VERTEX_POINT('',#2712);
#2712 = CARTESIAN_POINT('',(1.72,-1.13,0.));
#2713 = LINE('',#2714,#2715);
#2714 = CARTESIAN_POINT('',(2.,-1.13,0.));
#2715 = VECTOR('',#2716,1.);
#2716 = DIRECTION('',(-1.,-2.334869823773E-16,0.));
#2717 = ORIENTED_EDGE('',*,*,#2718,.T.);
#2718 = EDGE_CURVE('',#2709,#2719,#2721,.T.);
#2719 = VERTEX_POINT('',#2720);
#2720 = CARTESIAN_POINT('',(2.,-1.13,0.2));
#2721 = LINE('',#2722,#2723);
#2722 = CARTESIAN_POINT('',(2.,-1.13,0.));
#2723 = VECTOR('',#2724,1.);
#2724 = DIRECTION('',(0.,0.,1.));
#2725 = ORIENTED_EDGE('',*,*,#2726,.T.);
#2726 = EDGE_CURVE('',#2719,#405,#2727,.T.);
#2727 = LINE('',#2728,#2729);
#2728 = CARTESIAN_POINT('',(2.,-1.13,0.2));
#2729 = VECTOR('',#2730,1.);
#2730 = DIRECTION('',(-1.,-2.334869823773E-16,0.));
#2731 = ORIENTED_EDGE('',*,*,#412,.T.);
#2732 = ORIENTED_EDGE('',*,*,#1320,.F.);
#2733 = ORIENTED_EDGE('',*,*,#2734,.F.);
#2734 = EDGE_CURVE('',#2711,#1312,#2735,.T.);
#2735 = LINE('',#2736,#2737);
#2736 = CARTESIAN_POINT('',(1.72,-1.13,0.));
#2737 = VECTOR('',#2738,1.);
#2738 = DIRECTION('',(0.,0.,1.));
#2739 = PLANE('',#2740);
#2740 = AXIS2_PLACEMENT_3D('',#2741,#2742,#2743);
#2741 = CARTESIAN_POINT('',(2.,-1.13,0.));
#2742 = DIRECTION('',(2.334869823773E-16,-1.,0.));
#2743 = DIRECTION('',(-1.,-2.334869823773E-16,0.));
#2744 = ADVANCED_FACE('',(#2745),#2763,.T.);
#2745 = FACE_BOUND('',#2746,.T.);
#2746 = EDGE_LOOP('',(#2747,#2755,#2756,#2757));
#2747 = ORIENTED_EDGE('',*,*,#2748,.T.);
#2748 = EDGE_CURVE('',#2749,#2719,#2751,.T.);
#2749 = VERTEX_POINT('',#2750);
#2750 = CARTESIAN_POINT('',(2.,-1.37,0.2));
#2751 = LINE('',#2752,#2753);
#2752 = CARTESIAN_POINT('',(2.,-1.37,0.2));
#2753 = VECTOR('',#2754,1.);
#2754 = DIRECTION('',(-2.334869823773E-16,1.,0.));
#2755 = ORIENTED_EDGE('',*,*,#2726,.T.);
#2756 = ORIENTED_EDGE('',*,*,#404,.T.);
#2757 = ORIENTED_EDGE('',*,*,#2758,.T.);
#2758 = EDGE_CURVE('',#397,#2749,#2759,.T.);
#2759 = LINE('',#2760,#2761);
#2760 = CARTESIAN_POINT('',(1.72,-1.37,0.2));
#2761 = VECTOR('',#2762,1.);
#2762 = DIRECTION('',(1.,2.334869823773E-16,0.));
#2763 = PLANE('',#2764);
#2764 = AXIS2_PLACEMENT_3D('',#2765,#2766,#2767);
#2765 = CARTESIAN_POINT('',(1.824015921009,-1.25,0.2));
#2766 = DIRECTION('',(0.,0.,1.));
#2767 = DIRECTION('',(-2.334869823773E-16,1.,0.));
#2768 = ADVANCED_FACE('',(#2769),#2796,.F.);
#2769 = FACE_BOUND('',#2770,.F.);
#2770 = EDGE_LOOP('',(#2771,#2781,#2787,#2788,#2789,#2790));
#2771 = ORIENTED_EDGE('',*,*,#2772,.F.);
#2772 = EDGE_CURVE('',#2773,#2775,#2777,.T.);
#2773 = VERTEX_POINT('',#2774);
#2774 = CARTESIAN_POINT('',(1.72,-1.37,0.));
#2775 = VERTEX_POINT('',#2776);
#2776 = CARTESIAN_POINT('',(2.,-1.37,0.));
#2777 = LINE('',#2778,#2779);
#2778 = CARTESIAN_POINT('',(1.72,-1.37,0.));
#2779 = VECTOR('',#2780,1.);
#2780 = DIRECTION('',(1.,2.334869823773E-16,0.));
#2781 = ORIENTED_EDGE('',*,*,#2782,.T.);
#2782 = EDGE_CURVE('',#2773,#1304,#2783,.T.);
#2783 = LINE('',#2784,#2785);
#2784 = CARTESIAN_POINT('',(1.72,-1.37,0.));
#2785 = VECTOR('',#2786,1.);
#2786 = DIRECTION('',(0.,0.,1.));
#2787 = ORIENTED_EDGE('',*,*,#1303,.F.);
#2788 = ORIENTED_EDGE('',*,*,#396,.T.);
#2789 = ORIENTED_EDGE('',*,*,#2758,.T.);
#2790 = ORIENTED_EDGE('',*,*,#2791,.F.);
#2791 = EDGE_CURVE('',#2775,#2749,#2792,.T.);
#2792 = LINE('',#2793,#2794);
#2793 = CARTESIAN_POINT('',(2.,-1.37,0.));
#2794 = VECTOR('',#2795,1.);
#2795 = DIRECTION('',(0.,0.,1.));
#2796 = PLANE('',#2797);
#2797 = AXIS2_PLACEMENT_3D('',#2798,#2799,#2800);
#2798 = CARTESIAN_POINT('',(1.72,-1.37,0.));
#2799 = DIRECTION('',(-2.334869823773E-16,1.,0.));
#2800 = DIRECTION('',(1.,2.334869823773E-16,0.));
#2801 = ADVANCED_FACE('',(#2802),#2836,.F.);
#2802 = FACE_BOUND('',#2803,.F.);
#2803 = EDGE_LOOP('',(#2804,#2814,#2820,#2821,#2822,#2830));
#2804 = ORIENTED_EDGE('',*,*,#2805,.F.);
#2805 = EDGE_CURVE('',#2806,#2808,#2810,.T.);
#2806 = VERTEX_POINT('',#2807);
#2807 = CARTESIAN_POINT('',(-1.72,1.37,0.));
#2808 = VERTEX_POINT('',#2809);
#2809 = CARTESIAN_POINT('',(-2.,1.37,0.));
#2810 = LINE('',#2811,#2812);
#2811 = CARTESIAN_POINT('',(-1.72,1.37,0.));
#2812 = VECTOR('',#2813,1.);
#2813 = DIRECTION('',(-1.,-1.110223024625E-16,0.));
#2814 = ORIENTED_EDGE('',*,*,#2815,.T.);
#2815 = EDGE_CURVE('',#2806,#1014,#2816,.T.);
#2816 = LINE('',#2817,#2818);
#2817 = CARTESIAN_POINT('',(-1.72,1.37,0.));
#2818 = VECTOR('',#2819,1.);
#2819 = DIRECTION('',(0.,0.,1.));
#2820 = ORIENTED_EDGE('',*,*,#1013,.F.);
#2821 = ORIENTED_EDGE('',*,*,#788,.F.);
#2822 = ORIENTED_EDGE('',*,*,#2823,.T.);
#2823 = EDGE_CURVE('',#781,#2824,#2826,.T.);
#2824 = VERTEX_POINT('',#2825);
#2825 = CARTESIAN_POINT('',(-2.,1.37,0.2));
#2826 = LINE('',#2827,#2828);
#2827 = CARTESIAN_POINT('',(-1.72,1.37,0.2));
#2828 = VECTOR('',#2829,1.);
#2829 = DIRECTION('',(-1.,-1.110223024625E-16,0.));
#2830 = ORIENTED_EDGE('',*,*,#2831,.F.);
#2831 = EDGE_CURVE('',#2808,#2824,#2832,.T.);
#2832 = LINE('',#2833,#2834);
#2833 = CARTESIAN_POINT('',(-2.,1.37,0.));
#2834 = VECTOR('',#2835,1.);
#2835 = DIRECTION('',(0.,0.,1.));
#2836 = PLANE('',#2837);
#2837 = AXIS2_PLACEMENT_3D('',#2838,#2839,#2840);
#2838 = CARTESIAN_POINT('',(-1.72,1.37,0.));
#2839 = DIRECTION('',(1.110223024625E-16,-1.,0.));
#2840 = DIRECTION('',(-1.,-1.110223024625E-16,0.));
#2841 = ADVANCED_FACE('',(#2842),#2860,.T.);
#2842 = FACE_BOUND('',#2843,.T.);
#2843 = EDGE_LOOP('',(#2844,#2852,#2858,#2859));
#2844 = ORIENTED_EDGE('',*,*,#2845,.T.);
#2845 = EDGE_CURVE('',#2824,#2846,#2848,.T.);
#2846 = VERTEX_POINT('',#2847);
#2847 = CARTESIAN_POINT('',(-2.,1.13,0.2));
#2848 = LINE('',#2849,#2850);
#2849 = CARTESIAN_POINT('',(-2.,1.37,0.2));
#2850 = VECTOR('',#2851,1.);
#2851 = DIRECTION('',(1.110223024625E-16,-1.,0.));
#2852 = ORIENTED_EDGE('',*,*,#2853,.T.);
#2853 = EDGE_CURVE('',#2846,#773,#2854,.T.);
#2854 = LINE('',#2855,#2856);
#2855 = CARTESIAN_POINT('',(-2.,1.13,0.2));
#2856 = VECTOR('',#2857,1.);
#2857 = DIRECTION('',(1.,1.110223024625E-16,0.));
#2858 = ORIENTED_EDGE('',*,*,#780,.F.);
#2859 = ORIENTED_EDGE('',*,*,#2823,.T.);
#2860 = PLANE('',#2861);
#2861 = AXIS2_PLACEMENT_3D('',#2862,#2863,#2864);
#2862 = CARTESIAN_POINT('',(-1.824015921009,1.25,0.2));
#2863 = DIRECTION('',(0.,0.,1.));
#2864 = DIRECTION('',(1.110223024625E-16,-1.,0.));
#2865 = ADVANCED_FACE('',(#2866),#2893,.F.);
#2866 = FACE_BOUND('',#2867,.F.);
#2867 = EDGE_LOOP('',(#2868,#2878,#2884,#2885,#2886,#2887));
#2868 = ORIENTED_EDGE('',*,*,#2869,.F.);
#2869 = EDGE_CURVE('',#2870,#2872,#2874,.T.);
#2870 = VERTEX_POINT('',#2871);
#2871 = CARTESIAN_POINT('',(-2.,1.13,0.));
#2872 = VERTEX_POINT('',#2873);
#2873 = CARTESIAN_POINT('',(-1.72,1.13,0.));
#2874 = LINE('',#2875,#2876);
#2875 = CARTESIAN_POINT('',(-2.,1.13,0.));
#2876 = VECTOR('',#2877,1.);
#2877 = DIRECTION('',(1.,1.110223024625E-16,0.));
#2878 = ORIENTED_EDGE('',*,*,#2879,.T.);
#2879 = EDGE_CURVE('',#2870,#2846,#2880,.T.);
#2880 = LINE('',#2881,#2882);
#2881 = CARTESIAN_POINT('',(-2.,1.13,0.));
#2882 = VECTOR('',#2883,1.);
#2883 = DIRECTION('',(0.,0.,1.));
#2884 = ORIENTED_EDGE('',*,*,#2853,.T.);
#2885 = ORIENTED_EDGE('',*,*,#772,.F.);
#2886 = ORIENTED_EDGE('',*,*,#1030,.F.);
#2887 = ORIENTED_EDGE('',*,*,#2888,.F.);
#2888 = EDGE_CURVE('',#2872,#1022,#2889,.T.);
#2889 = LINE('',#2890,#2891);
#2890 = CARTESIAN_POINT('',(-1.72,1.13,0.));
#2891 = VECTOR('',#2892,1.);
#2892 = DIRECTION('',(0.,0.,1.));
#2893 = PLANE('',#2894);
#2894 = AXIS2_PLACEMENT_3D('',#2895,#2896,#2897);
#2895 = CARTESIAN_POINT('',(-2.,1.13,0.));
#2896 = DIRECTION('',(-1.110223024625E-16,1.,0.));
#2897 = DIRECTION('',(1.,1.110223024625E-16,0.));
#2898 = ADVANCED_FACE('',(#2899),#2933,.F.);
#2899 = FACE_BOUND('',#2900,.F.);
#2900 = EDGE_LOOP('',(#2901,#2911,#2917,#2918,#2919,#2927));
#2901 = ORIENTED_EDGE('',*,*,#2902,.F.);
#2902 = EDGE_CURVE('',#2903,#2905,#2907,.T.);
#2903 = VERTEX_POINT('',#2904);
#2904 = CARTESIAN_POINT('',(-1.72,0.87,0.));
#2905 = VERTEX_POINT('',#2906);
#2906 = CARTESIAN_POINT('',(-2.,0.87,0.));
#2907 = LINE('',#2908,#2909);
#2908 = CARTESIAN_POINT('',(-1.72,0.87,0.));
#2909 = VECTOR('',#2910,1.);
#2910 = DIRECTION('',(-1.,-1.110223024625E-16,0.));
#2911 = ORIENTED_EDGE('',*,*,#2912,.T.);
#2912 = EDGE_CURVE('',#2903,#1038,#2913,.T.);
#2913 = LINE('',#2914,#2915);
#2914 = CARTESIAN_POINT('',(-1.72,0.87,0.));
#2915 = VECTOR('',#2916,1.);
#2916 = DIRECTION('',(0.,0.,1.));
#2917 = ORIENTED_EDGE('',*,*,#1037,.F.);
#2918 = ORIENTED_EDGE('',*,*,#756,.F.);
#2919 = ORIENTED_EDGE('',*,*,#2920,.T.);
#2920 = EDGE_CURVE('',#749,#2921,#2923,.T.);
#2921 = VERTEX_POINT('',#2922);
#2922 = CARTESIAN_POINT('',(-2.,0.87,0.2));
#2923 = LINE('',#2924,#2925);
#2924 = CARTESIAN_POINT('',(-1.72,0.87,0.2));
#2925 = VECTOR('',#2926,1.);
#2926 = DIRECTION('',(-1.,-1.110223024625E-16,0.));
#2927 = ORIENTED_EDGE('',*,*,#2928,.F.);
#2928 = EDGE_CURVE('',#2905,#2921,#2929,.T.);
#2929 = LINE('',#2930,#2931);
#2930 = CARTESIAN_POINT('',(-2.,0.87,0.));
#2931 = VECTOR('',#2932,1.);
#2932 = DIRECTION('',(0.,0.,1.));
#2933 = PLANE('',#2934);
#2934 = AXIS2_PLACEMENT_3D('',#2935,#2936,#2937);
#2935 = CARTESIAN_POINT('',(-1.72,0.87,0.));
#2936 = DIRECTION('',(1.110223024625E-16,-1.,0.));
#2937 = DIRECTION('',(-1.,-1.110223024625E-16,0.));
#2938 = ADVANCED_FACE('',(#2939),#2957,.T.);
#2939 = FACE_BOUND('',#2940,.T.);
#2940 = EDGE_LOOP('',(#2941,#2949,#2955,#2956));
#2941 = ORIENTED_EDGE('',*,*,#2942,.T.);
#2942 = EDGE_CURVE('',#2921,#2943,#2945,.T.);
#2943 = VERTEX_POINT('',#2944);
#2944 = CARTESIAN_POINT('',(-2.,0.63,0.2));
#2945 = LINE('',#2946,#2947);
#2946 = CARTESIAN_POINT('',(-2.,0.87,0.2));
#2947 = VECTOR('',#2948,1.);
#2948 = DIRECTION('',(1.110223024625E-16,-1.,0.));
#2949 = ORIENTED_EDGE('',*,*,#2950,.T.);
#2950 = EDGE_CURVE('',#2943,#741,#2951,.T.);
#2951 = LINE('',#2952,#2953);
#2952 = CARTESIAN_POINT('',(-2.,0.63,0.2));
#2953 = VECTOR('',#2954,1.);
#2954 = DIRECTION('',(1.,1.110223024625E-16,0.));
#2955 = ORIENTED_EDGE('',*,*,#748,.F.);
#2956 = ORIENTED_EDGE('',*,*,#2920,.T.);
#2957 = PLANE('',#2958);
#2958 = AXIS2_PLACEMENT_3D('',#2959,#2960,#2961);
#2959 = CARTESIAN_POINT('',(-1.824015921009,0.75,0.2));
#2960 = DIRECTION('',(0.,0.,1.));
#2961 = DIRECTION('',(1.110223024625E-16,-1.,0.));
#2962 = ADVANCED_FACE('',(#2963),#2990,.F.);
#2963 = FACE_BOUND('',#2964,.F.);
#2964 = EDGE_LOOP('',(#2965,#2975,#2981,#2982,#2983,#2984));
#2965 = ORIENTED_EDGE('',*,*,#2966,.F.);
#2966 = EDGE_CURVE('',#2967,#2969,#2971,.T.);
#2967 = VERTEX_POINT('',#2968);
#2968 = CARTESIAN_POINT('',(-2.,0.63,0.));
#2969 = VERTEX_POINT('',#2970);
#2970 = CARTESIAN_POINT('',(-1.72,0.63,0.));
#2971 = LINE('',#2972,#2973);
#2972 = CARTESIAN_POINT('',(-2.,0.63,0.));
#2973 = VECTOR('',#2974,1.);
#2974 = DIRECTION('',(1.,1.110223024625E-16,0.));
#2975 = ORIENTED_EDGE('',*,*,#2976,.T.);
#2976 = EDGE_CURVE('',#2967,#2943,#2977,.T.);
#2977 = LINE('',#2978,#2979);
#2978 = CARTESIAN_POINT('',(-2.,0.63,0.));
#2979 = VECTOR('',#2980,1.);
#2980 = DIRECTION('',(0.,0.,1.));
#2981 = ORIENTED_EDGE('',*,*,#2950,.T.);
#2982 = ORIENTED_EDGE('',*,*,#740,.F.);
#2983 = ORIENTED_EDGE('',*,*,#1054,.F.);
#2984 = ORIENTED_EDGE('',*,*,#2985,.F.);
#2985 = EDGE_CURVE('',#2969,#1046,#2986,.T.);
#2986 = LINE('',#2987,#2988);
#2987 = CARTESIAN_POINT('',(-1.72,0.63,0.));
#2988 = VECTOR('',#2989,1.);
#2989 = DIRECTION('',(0.,0.,1.));
#2990 = PLANE('',#2991);
#2991 = AXIS2_PLACEMENT_3D('',#2992,#2993,#2994);
#2992 = CARTESIAN_POINT('',(-2.,0.63,0.));
#2993 = DIRECTION('',(-1.110223024625E-16,1.,0.));
#2994 = DIRECTION('',(1.,1.110223024625E-16,0.));
#2995 = ADVANCED_FACE('',(#2996),#3030,.F.);
#2996 = FACE_BOUND('',#2997,.F.);
#2997 = EDGE_LOOP('',(#2998,#3008,#3014,#3015,#3016,#3024));
#2998 = ORIENTED_EDGE('',*,*,#2999,.F.);
#2999 = EDGE_CURVE('',#3000,#3002,#3004,.T.);
#3000 = VERTEX_POINT('',#3001);
#3001 = CARTESIAN_POINT('',(-1.72,0.37,0.));
#3002 = VERTEX_POINT('',#3003);
#3003 = CARTESIAN_POINT('',(-2.,0.37,0.));
#3004 = LINE('',#3005,#3006);
#3005 = CARTESIAN_POINT('',(-1.72,0.37,0.));
#3006 = VECTOR('',#3007,1.);
#3007 = DIRECTION('',(-1.,-1.110223024625E-16,0.));
#3008 = ORIENTED_EDGE('',*,*,#3009,.T.);
#3009 = EDGE_CURVE('',#3000,#1062,#3010,.T.);
#3010 = LINE('',#3011,#3012);
#3011 = CARTESIAN_POINT('',(-1.72,0.37,0.));
#3012 = VECTOR('',#3013,1.);
#3013 = DIRECTION('',(0.,0.,1.));
#3014 = ORIENTED_EDGE('',*,*,#1061,.F.);
#3015 = ORIENTED_EDGE('',*,*,#724,.F.);
#3016 = ORIENTED_EDGE('',*,*,#3017,.T.);
#3017 = EDGE_CURVE('',#717,#3018,#3020,.T.);
#3018 = VERTEX_POINT('',#3019);
#3019 = CARTESIAN_POINT('',(-2.,0.37,0.2));
#3020 = LINE('',#3021,#3022);
#3021 = CARTESIAN_POINT('',(-1.72,0.37,0.2));
#3022 = VECTOR('',#3023,1.);
#3023 = DIRECTION('',(-1.,-1.110223024625E-16,0.));
#3024 = ORIENTED_EDGE('',*,*,#3025,.F.);
#3025 = EDGE_CURVE('',#3002,#3018,#3026,.T.);
#3026 = LINE('',#3027,#3028);
#3027 = CARTESIAN_POINT('',(-2.,0.37,0.));
#3028 = VECTOR('',#3029,1.);
#3029 = DIRECTION('',(0.,0.,1.));
#3030 = PLANE('',#3031);
#3031 = AXIS2_PLACEMENT_3D('',#3032,#3033,#3034);
#3032 = CARTESIAN_POINT('',(-1.72,0.37,0.));
#3033 = DIRECTION('',(1.110223024625E-16,-1.,0.));
#3034 = DIRECTION('',(-1.,-1.110223024625E-16,0.));
#3035 = ADVANCED_FACE('',(#3036),#3054,.T.);
#3036 = FACE_BOUND('',#3037,.T.);
#3037 = EDGE_LOOP('',(#3038,#3046,#3052,#3053));
#3038 = ORIENTED_EDGE('',*,*,#3039,.T.);
#3039 = EDGE_CURVE('',#3018,#3040,#3042,.T.);
#3040 = VERTEX_POINT('',#3041);
#3041 = CARTESIAN_POINT('',(-2.,0.13,0.2));
#3042 = LINE('',#3043,#3044);
#3043 = CARTESIAN_POINT('',(-2.,0.37,0.2));
#3044 = VECTOR('',#3045,1.);
#3045 = DIRECTION('',(1.110223024625E-16,-1.,0.));
#3046 = ORIENTED_EDGE('',*,*,#3047,.T.);
#3047 = EDGE_CURVE('',#3040,#709,#3048,.T.);
#3048 = LINE('',#3049,#3050);
#3049 = CARTESIAN_POINT('',(-2.,0.13,0.2));
#3050 = VECTOR('',#3051,1.);
#3051 = DIRECTION('',(1.,1.110223024625E-16,0.));
#3052 = ORIENTED_EDGE('',*,*,#716,.F.);
#3053 = ORIENTED_EDGE('',*,*,#3017,.T.);
#3054 = PLANE('',#3055);
#3055 = AXIS2_PLACEMENT_3D('',#3056,#3057,#3058);
#3056 = CARTESIAN_POINT('',(-1.824015921009,0.25,0.2));
#3057 = DIRECTION('',(0.,0.,1.));
#3058 = DIRECTION('',(1.110223024625E-16,-1.,0.));
#3059 = ADVANCED_FACE('',(#3060),#3087,.F.);
#3060 = FACE_BOUND('',#3061,.F.);
#3061 = EDGE_LOOP('',(#3062,#3072,#3078,#3079,#3080,#3081));
#3062 = ORIENTED_EDGE('',*,*,#3063,.F.);
#3063 = EDGE_CURVE('',#3064,#3066,#3068,.T.);
#3064 = VERTEX_POINT('',#3065);
#3065 = CARTESIAN_POINT('',(-2.,0.13,0.));
#3066 = VERTEX_POINT('',#3067);
#3067 = CARTESIAN_POINT('',(-1.72,0.13,0.));
#3068 = LINE('',#3069,#3070);
#3069 = CARTESIAN_POINT('',(-2.,0.13,0.));
#3070 = VECTOR('',#3071,1.);
#3071 = DIRECTION('',(1.,1.110223024625E-16,0.));
#3072 = ORIENTED_EDGE('',*,*,#3073,.T.);
#3073 = EDGE_CURVE('',#3064,#3040,#3074,.T.);
#3074 = LINE('',#3075,#3076);
#3075 = CARTESIAN_POINT('',(-2.,0.13,0.));
#3076 = VECTOR('',#3077,1.);
#3077 = DIRECTION('',(0.,0.,1.));
#3078 = ORIENTED_EDGE('',*,*,#3047,.T.);
#3079 = ORIENTED_EDGE('',*,*,#708,.F.);
#3080 = ORIENTED_EDGE('',*,*,#1078,.F.);
#3081 = ORIENTED_EDGE('',*,*,#3082,.F.);
#3082 = EDGE_CURVE('',#3066,#1070,#3083,.T.);
#3083 = LINE('',#3084,#3085);
#3084 = CARTESIAN_POINT('',(-1.72,0.13,0.));
#3085 = VECTOR('',#3086,1.);
#3086 = DIRECTION('',(0.,0.,1.));
#3087 = PLANE('',#3088);
#3088 = AXIS2_PLACEMENT_3D('',#3089,#3090,#3091);
#3089 = CARTESIAN_POINT('',(-2.,0.13,0.));
#3090 = DIRECTION('',(-1.110223024625E-16,1.,0.));
#3091 = DIRECTION('',(1.,1.110223024625E-16,0.));
#3092 = ADVANCED_FACE('',(#3093),#3127,.F.);
#3093 = FACE_BOUND('',#3094,.F.);
#3094 = EDGE_LOOP('',(#3095,#3105,#3111,#3112,#3113,#3121));
#3095 = ORIENTED_EDGE('',*,*,#3096,.F.);
#3096 = EDGE_CURVE('',#3097,#3099,#3101,.T.);
#3097 = VERTEX_POINT('',#3098);
#3098 = CARTESIAN_POINT('',(-1.72,-0.13,0.));
#3099 = VERTEX_POINT('',#3100);
#3100 = CARTESIAN_POINT('',(-2.,-0.13,0.));
#3101 = LINE('',#3102,#3103);
#3102 = CARTESIAN_POINT('',(-1.72,-0.13,0.));
#3103 = VECTOR('',#3104,1.);
#3104 = DIRECTION('',(-1.,-1.110223024625E-16,0.));
#3105 = ORIENTED_EDGE('',*,*,#3106,.T.);
#3106 = EDGE_CURVE('',#3097,#1086,#3107,.T.);
#3107 = LINE('',#3108,#3109);
#3108 = CARTESIAN_POINT('',(-1.72,-0.13,0.));
#3109 = VECTOR('',#3110,1.);
#3110 = DIRECTION('',(0.,0.,1.));
#3111 = ORIENTED_EDGE('',*,*,#1085,.F.);
#3112 = ORIENTED_EDGE('',*,*,#692,.F.);
#3113 = ORIENTED_EDGE('',*,*,#3114,.T.);
#3114 = EDGE_CURVE('',#685,#3115,#3117,.T.);
#3115 = VERTEX_POINT('',#3116);
#3116 = CARTESIAN_POINT('',(-2.,-0.13,0.2));
#3117 = LINE('',#3118,#3119);
#3118 = CARTESIAN_POINT('',(-1.72,-0.13,0.2));
#3119 = VECTOR('',#3120,1.);
#3120 = DIRECTION('',(-1.,-1.110223024625E-16,0.));
#3121 = ORIENTED_EDGE('',*,*,#3122,.F.);
#3122 = EDGE_CURVE('',#3099,#3115,#3123,.T.);
#3123 = LINE('',#3124,#3125);
#3124 = CARTESIAN_POINT('',(-2.,-0.13,0.));
#3125 = VECTOR('',#3126,1.);
#3126 = DIRECTION('',(0.,0.,1.));
#3127 = PLANE('',#3128);
#3128 = AXIS2_PLACEMENT_3D('',#3129,#3130,#3131);
#3129 = CARTESIAN_POINT('',(-1.72,-0.13,0.));
#3130 = DIRECTION('',(1.110223024625E-16,-1.,0.));
#3131 = DIRECTION('',(-1.,-1.110223024625E-16,0.));
#3132 = ADVANCED_FACE('',(#3133),#3151,.T.);
#3133 = FACE_BOUND('',#3134,.T.);
#3134 = EDGE_LOOP('',(#3135,#3143,#3149,#3150));
#3135 = ORIENTED_EDGE('',*,*,#3136,.T.);
#3136 = EDGE_CURVE('',#3115,#3137,#3139,.T.);
#3137 = VERTEX_POINT('',#3138);
#3138 = CARTESIAN_POINT('',(-2.,-0.37,0.2));
#3139 = LINE('',#3140,#3141);
#3140 = CARTESIAN_POINT('',(-2.,-0.13,0.2));
#3141 = VECTOR('',#3142,1.);
#3142 = DIRECTION('',(1.110223024625E-16,-1.,0.));
#3143 = ORIENTED_EDGE('',*,*,#3144,.T.);
#3144 = EDGE_CURVE('',#3137,#677,#3145,.T.);
#3145 = LINE('',#3146,#3147);
#3146 = CARTESIAN_POINT('',(-2.,-0.37,0.2));
#3147 = VECTOR('',#3148,1.);
#3148 = DIRECTION('',(1.,1.110223024625E-16,0.));
#3149 = ORIENTED_EDGE('',*,*,#684,.F.);
#3150 = ORIENTED_EDGE('',*,*,#3114,.T.);
#3151 = PLANE('',#3152);
#3152 = AXIS2_PLACEMENT_3D('',#3153,#3154,#3155);
#3153 = CARTESIAN_POINT('',(-1.824015921009,-0.25,0.2));
#3154 = DIRECTION('',(0.,0.,1.));
#3155 = DIRECTION('',(1.110223024625E-16,-1.,0.));
#3156 = ADVANCED_FACE('',(#3157),#3184,.F.);
#3157 = FACE_BOUND('',#3158,.F.);
#3158 = EDGE_LOOP('',(#3159,#3169,#3175,#3176,#3177,#3178));
#3159 = ORIENTED_EDGE('',*,*,#3160,.F.);
#3160 = EDGE_CURVE('',#3161,#3163,#3165,.T.);
#3161 = VERTEX_POINT('',#3162);
#3162 = CARTESIAN_POINT('',(-2.,-0.37,0.));
#3163 = VERTEX_POINT('',#3164);
#3164 = CARTESIAN_POINT('',(-1.72,-0.37,0.));
#3165 = LINE('',#3166,#3167);
#3166 = CARTESIAN_POINT('',(-2.,-0.37,0.));
#3167 = VECTOR('',#3168,1.);
#3168 = DIRECTION('',(1.,1.110223024625E-16,0.));
#3169 = ORIENTED_EDGE('',*,*,#3170,.T.);
#3170 = EDGE_CURVE('',#3161,#3137,#3171,.T.);
#3171 = LINE('',#3172,#3173);
#3172 = CARTESIAN_POINT('',(-2.,-0.37,0.));
#3173 = VECTOR('',#3174,1.);
#3174 = DIRECTION('',(0.,0.,1.));
#3175 = ORIENTED_EDGE('',*,*,#3144,.T.);
#3176 = ORIENTED_EDGE('',*,*,#676,.F.);
#3177 = ORIENTED_EDGE('',*,*,#1102,.F.);
#3178 = ORIENTED_EDGE('',*,*,#3179,.F.);
#3179 = EDGE_CURVE('',#3163,#1094,#3180,.T.);
#3180 = LINE('',#3181,#3182);
#3181 = CARTESIAN_POINT('',(-1.72,-0.37,0.));
#3182 = VECTOR('',#3183,1.);
#3183 = DIRECTION('',(0.,0.,1.));
#3184 = PLANE('',#3185);
#3185 = AXIS2_PLACEMENT_3D('',#3186,#3187,#3188);
#3186 = CARTESIAN_POINT('',(-2.,-0.37,0.));
#3187 = DIRECTION('',(-1.110223024625E-16,1.,0.));
#3188 = DIRECTION('',(1.,1.110223024625E-16,0.));
#3189 = ADVANCED_FACE('',(#3190),#3224,.F.);
#3190 = FACE_BOUND('',#3191,.F.);
#3191 = EDGE_LOOP('',(#3192,#3202,#3208,#3209,#3210,#3218));
#3192 = ORIENTED_EDGE('',*,*,#3193,.F.);
#3193 = EDGE_CURVE('',#3194,#3196,#3198,.T.);
#3194 = VERTEX_POINT('',#3195);
#3195 = CARTESIAN_POINT('',(-1.72,-0.63,0.));
#3196 = VERTEX_POINT('',#3197);
#3197 = CARTESIAN_POINT('',(-2.,-0.63,0.));
#3198 = LINE('',#3199,#3200);
#3199 = CARTESIAN_POINT('',(-1.72,-0.63,0.));
#3200 = VECTOR('',#3201,1.);
#3201 = DIRECTION('',(-1.,-1.110223024625E-16,0.));
#3202 = ORIENTED_EDGE('',*,*,#3203,.T.);
#3203 = EDGE_CURVE('',#3194,#1110,#3204,.T.);
#3204 = LINE('',#3205,#3206);
#3205 = CARTESIAN_POINT('',(-1.72,-0.63,0.));
#3206 = VECTOR('',#3207,1.);
#3207 = DIRECTION('',(0.,0.,1.));
#3208 = ORIENTED_EDGE('',*,*,#1109,.F.);
#3209 = ORIENTED_EDGE('',*,*,#660,.F.);
#3210 = ORIENTED_EDGE('',*,*,#3211,.T.);
#3211 = EDGE_CURVE('',#653,#3212,#3214,.T.);
#3212 = VERTEX_POINT('',#3213);
#3213 = CARTESIAN_POINT('',(-2.,-0.63,0.2));
#3214 = LINE('',#3215,#3216);
#3215 = CARTESIAN_POINT('',(-1.72,-0.63,0.2));
#3216 = VECTOR('',#3217,1.);
#3217 = DIRECTION('',(-1.,-1.110223024625E-16,0.));
#3218 = ORIENTED_EDGE('',*,*,#3219,.F.);
#3219 = EDGE_CURVE('',#3196,#3212,#3220,.T.);
#3220 = LINE('',#3221,#3222);
#3221 = CARTESIAN_POINT('',(-2.,-0.63,0.));
#3222 = VECTOR('',#3223,1.);
#3223 = DIRECTION('',(0.,0.,1.));
#3224 = PLANE('',#3225);
#3225 = AXIS2_PLACEMENT_3D('',#3226,#3227,#3228);
#3226 = CARTESIAN_POINT('',(-1.72,-0.63,0.));
#3227 = DIRECTION('',(1.110223024625E-16,-1.,0.));
#3228 = DIRECTION('',(-1.,-1.110223024625E-16,0.));
#3229 = ADVANCED_FACE('',(#3230),#3248,.T.);
#3230 = FACE_BOUND('',#3231,.T.);
#3231 = EDGE_LOOP('',(#3232,#3240,#3246,#3247));
#3232 = ORIENTED_EDGE('',*,*,#3233,.T.);
#3233 = EDGE_CURVE('',#3212,#3234,#3236,.T.);
#3234 = VERTEX_POINT('',#3235);
#3235 = CARTESIAN_POINT('',(-2.,-0.87,0.2));
#3236 = LINE('',#3237,#3238);
#3237 = CARTESIAN_POINT('',(-2.,-0.63,0.2));
#3238 = VECTOR('',#3239,1.);
#3239 = DIRECTION('',(1.110223024625E-16,-1.,0.));
#3240 = ORIENTED_EDGE('',*,*,#3241,.T.);
#3241 = EDGE_CURVE('',#3234,#645,#3242,.T.);
#3242 = LINE('',#3243,#3244);
#3243 = CARTESIAN_POINT('',(-2.,-0.87,0.2));
#3244 = VECTOR('',#3245,1.);
#3245 = DIRECTION('',(1.,1.110223024625E-16,0.));
#3246 = ORIENTED_EDGE('',*,*,#652,.F.);
#3247 = ORIENTED_EDGE('',*,*,#3211,.T.);
#3248 = PLANE('',#3249);
#3249 = AXIS2_PLACEMENT_3D('',#3250,#3251,#3252);
#3250 = CARTESIAN_POINT('',(-1.824015921009,-0.75,0.2));
#3251 = DIRECTION('',(0.,0.,1.));
#3252 = DIRECTION('',(1.110223024625E-16,-1.,0.));
#3253 = ADVANCED_FACE('',(#3254),#3281,.F.);
#3254 = FACE_BOUND('',#3255,.F.);
#3255 = EDGE_LOOP('',(#3256,#3266,#3272,#3273,#3274,#3275));
#3256 = ORIENTED_EDGE('',*,*,#3257,.F.);
#3257 = EDGE_CURVE('',#3258,#3260,#3262,.T.);
#3258 = VERTEX_POINT('',#3259);
#3259 = CARTESIAN_POINT('',(-2.,-0.87,0.));
#3260 = VERTEX_POINT('',#3261);
#3261 = CARTESIAN_POINT('',(-1.72,-0.87,0.));
#3262 = LINE('',#3263,#3264);
#3263 = CARTESIAN_POINT('',(-2.,-0.87,0.));
#3264 = VECTOR('',#3265,1.);
#3265 = DIRECTION('',(1.,1.110223024625E-16,0.));
#3266 = ORIENTED_EDGE('',*,*,#3267,.T.);
#3267 = EDGE_CURVE('',#3258,#3234,#3268,.T.);
#3268 = LINE('',#3269,#3270);
#3269 = CARTESIAN_POINT('',(-2.,-0.87,0.));
#3270 = VECTOR('',#3271,1.);
#3271 = DIRECTION('',(0.,0.,1.));
#3272 = ORIENTED_EDGE('',*,*,#3241,.T.);
#3273 = ORIENTED_EDGE('',*,*,#644,.F.);
#3274 = ORIENTED_EDGE('',*,*,#1126,.F.);
#3275 = ORIENTED_EDGE('',*,*,#3276,.F.);
#3276 = EDGE_CURVE('',#3260,#1118,#3277,.T.);
#3277 = LINE('',#3278,#3279);
#3278 = CARTESIAN_POINT('',(-1.72,-0.87,0.));
#3279 = VECTOR('',#3280,1.);
#3280 = DIRECTION('',(0.,0.,1.));
#3281 = PLANE('',#3282);
#3282 = AXIS2_PLACEMENT_3D('',#3283,#3284,#3285);
#3283 = CARTESIAN_POINT('',(-2.,-0.87,0.));
#3284 = DIRECTION('',(-1.110223024625E-16,1.,0.));
#3285 = DIRECTION('',(1.,1.110223024625E-16,0.));
#3286 = ADVANCED_FACE('',(#3287),#3321,.F.);
#3287 = FACE_BOUND('',#3288,.F.);
#3288 = EDGE_LOOP('',(#3289,#3299,#3305,#3306,#3307,#3315));
#3289 = ORIENTED_EDGE('',*,*,#3290,.F.);
#3290 = EDGE_CURVE('',#3291,#3293,#3295,.T.);
#3291 = VERTEX_POINT('',#3292);
#3292 = CARTESIAN_POINT('',(-1.72,-1.13,0.));
#3293 = VERTEX_POINT('',#3294);
#3294 = CARTESIAN_POINT('',(-2.,-1.13,0.));
#3295 = LINE('',#3296,#3297);
#3296 = CARTESIAN_POINT('',(-1.72,-1.13,0.));
#3297 = VECTOR('',#3298,1.);
#3298 = DIRECTION('',(-1.,-1.110223024625E-16,0.));
#3299 = ORIENTED_EDGE('',*,*,#3300,.T.);
#3300 = EDGE_CURVE('',#3291,#1134,#3301,.T.);
#3301 = LINE('',#3302,#3303);
#3302 = CARTESIAN_POINT('',(-1.72,-1.13,0.));
#3303 = VECTOR('',#3304,1.);
#3304 = DIRECTION('',(0.,0.,1.));
#3305 = ORIENTED_EDGE('',*,*,#1133,.F.);
#3306 = ORIENTED_EDGE('',*,*,#628,.F.);
#3307 = ORIENTED_EDGE('',*,*,#3308,.T.);
#3308 = EDGE_CURVE('',#621,#3309,#3311,.T.);
#3309 = VERTEX_POINT('',#3310);
#3310 = CARTESIAN_POINT('',(-2.,-1.13,0.2));
#3311 = LINE('',#3312,#3313);
#3312 = CARTESIAN_POINT('',(-1.72,-1.13,0.2));
#3313 = VECTOR('',#3314,1.);
#3314 = DIRECTION('',(-1.,-1.110223024625E-16,0.));
#3315 = ORIENTED_EDGE('',*,*,#3316,.F.);
#3316 = EDGE_CURVE('',#3293,#3309,#3317,.T.);
#3317 = LINE('',#3318,#3319);
#3318 = CARTESIAN_POINT('',(-2.,-1.13,0.));
#3319 = VECTOR('',#3320,1.);
#3320 = DIRECTION('',(0.,0.,1.));
#3321 = PLANE('',#3322);
#3322 = AXIS2_PLACEMENT_3D('',#3323,#3324,#3325);
#3323 = CARTESIAN_POINT('',(-1.72,-1.13,0.));
#3324 = DIRECTION('',(1.110223024625E-16,-1.,0.));
#3325 = DIRECTION('',(-1.,-1.110223024625E-16,0.));
#3326 = ADVANCED_FACE('',(#3327),#3345,.T.);
#3327 = FACE_BOUND('',#3328,.T.);
#3328 = EDGE_LOOP('',(#3329,#3337,#3343,#3344));
#3329 = ORIENTED_EDGE('',*,*,#3330,.T.);
#3330 = EDGE_CURVE('',#3309,#3331,#3333,.T.);
#3331 = VERTEX_POINT('',#3332);
#3332 = CARTESIAN_POINT('',(-2.,-1.37,0.2));
#3333 = LINE('',#3334,#3335);
#3334 = CARTESIAN_POINT('',(-2.,-1.13,0.2));
#3335 = VECTOR('',#3336,1.);
#3336 = DIRECTION('',(1.110223024625E-16,-1.,0.));
#3337 = ORIENTED_EDGE('',*,*,#3338,.T.);
#3338 = EDGE_CURVE('',#3331,#613,#3339,.T.);
#3339 = LINE('',#3340,#3341);
#3340 = CARTESIAN_POINT('',(-2.,-1.37,0.2));
#3341 = VECTOR('',#3342,1.);
#3342 = DIRECTION('',(1.,1.110223024625E-16,0.));
#3343 = ORIENTED_EDGE('',*,*,#620,.F.);
#3344 = ORIENTED_EDGE('',*,*,#3308,.T.);
#3345 = PLANE('',#3346);
#3346 = AXIS2_PLACEMENT_3D('',#3347,#3348,#3349);
#3347 = CARTESIAN_POINT('',(-1.824015921009,-1.25,0.2));
#3348 = DIRECTION('',(0.,0.,1.));
#3349 = DIRECTION('',(1.110223024625E-16,-1.,0.));
#3350 = ADVANCED_FACE('',(#3351),#3378,.F.);
#3351 = FACE_BOUND('',#3352,.F.);
#3352 = EDGE_LOOP('',(#3353,#3363,#3369,#3370,#3371,#3372));
#3353 = ORIENTED_EDGE('',*,*,#3354,.F.);
#3354 = EDGE_CURVE('',#3355,#3357,#3359,.T.);
#3355 = VERTEX_POINT('',#3356);
#3356 = CARTESIAN_POINT('',(-2.,-1.37,0.));
#3357 = VERTEX_POINT('',#3358);
#3358 = CARTESIAN_POINT('',(-1.72,-1.37,0.));
#3359 = LINE('',#3360,#3361);
#3360 = CARTESIAN_POINT('',(-2.,-1.37,0.));
#3361 = VECTOR('',#3362,1.);
#3362 = DIRECTION('',(1.,1.110223024625E-16,0.));
#3363 = ORIENTED_EDGE('',*,*,#3364,.T.);
#3364 = EDGE_CURVE('',#3355,#3331,#3365,.T.);
#3365 = LINE('',#3366,#3367);
#3366 = CARTESIAN_POINT('',(-2.,-1.37,0.));
#3367 = VECTOR('',#3368,1.);
#3368 = DIRECTION('',(0.,0.,1.));
#3369 = ORIENTED_EDGE('',*,*,#3338,.T.);
#3370 = ORIENTED_EDGE('',*,*,#612,.F.);
#3371 = ORIENTED_EDGE('',*,*,#1150,.F.);
#3372 = ORIENTED_EDGE('',*,*,#3373,.F.);
#3373 = EDGE_CURVE('',#3357,#1142,#3374,.T.);
#3374 = LINE('',#3375,#3376);
#3375 = CARTESIAN_POINT('',(-1.72,-1.37,0.));
#3376 = VECTOR('',#3377,1.);
#3377 = DIRECTION('',(0.,0.,1.));
#3378 = PLANE('',#3379);
#3379 = AXIS2_PLACEMENT_3D('',#3380,#3381,#3382);
#3380 = CARTESIAN_POINT('',(-2.,-1.37,0.));
#3381 = DIRECTION('',(-1.110223024625E-16,1.,0.));
#3382 = DIRECTION('',(1.,1.110223024625E-16,0.));
#3383 = ADVANCED_FACE('',(#3384),#3418,.F.);
#3384 = FACE_BOUND('',#3385,.F.);
#3385 = EDGE_LOOP('',(#3386,#3396,#3404,#3410,#3411,#3412));
#3386 = ORIENTED_EDGE('',*,*,#3387,.F.);
#3387 = EDGE_CURVE('',#3388,#3390,#3392,.T.);
#3388 = VERTEX_POINT('',#3389);
#3389 = CARTESIAN_POINT('',(1.37,-2.,0.));
#3390 = VERTEX_POINT('',#3391);
#3391 = CARTESIAN_POINT('',(1.37,-1.72,0.));
#3392 = LINE('',#3393,#3394);
#3393 = CARTESIAN_POINT('',(1.37,-2.,0.));
#3394 = VECTOR('',#3395,1.);
#3395 = DIRECTION('',(-1.144237745222E-17,1.,0.));
#3396 = ORIENTED_EDGE('',*,*,#3397,.T.);
#3397 = EDGE_CURVE('',#3388,#3398,#3400,.T.);
#3398 = VERTEX_POINT('',#3399);
#3399 = CARTESIAN_POINT('',(1.37,-2.,0.2));
#3400 = LINE('',#3401,#3402);
#3401 = CARTESIAN_POINT('',(1.37,-2.,0.));
#3402 = VECTOR('',#3403,1.);
#3403 = DIRECTION('',(0.,0.,1.));
#3404 = ORIENTED_EDGE('',*,*,#3405,.T.);
#3405 = EDGE_CURVE('',#3398,#981,#3406,.T.);
#3406 = LINE('',#3407,#3408);
#3407 = CARTESIAN_POINT('',(1.37,-2.,0.2));
#3408 = VECTOR('',#3409,1.);
#3409 = DIRECTION('',(-1.144237745222E-17,1.,0.));
#3410 = ORIENTED_EDGE('',*,*,#988,.T.);
#3411 = ORIENTED_EDGE('',*,*,#1295,.F.);
#3412 = ORIENTED_EDGE('',*,*,#3413,.F.);
#3413 = EDGE_CURVE('',#3390,#1287,#3414,.T.);
#3414 = LINE('',#3415,#3416);
#3415 = CARTESIAN_POINT('',(1.37,-1.72,0.));
#3416 = VECTOR('',#3417,1.);
#3417 = DIRECTION('',(0.,0.,1.));
#3418 = PLANE('',#3419);
#3419 = AXIS2_PLACEMENT_3D('',#3420,#3421,#3422);
#3420 = CARTESIAN_POINT('',(1.37,-2.,0.));
#3421 = DIRECTION('',(-1.,-1.144237745222E-17,0.));
#3422 = DIRECTION('',(-1.144237745222E-17,1.,0.));
#3423 = ADVANCED_FACE('',(#3424),#3442,.T.);
#3424 = FACE_BOUND('',#3425,.T.);
#3425 = EDGE_LOOP('',(#3426,#3434,#3435,#3436));
#3426 = ORIENTED_EDGE('',*,*,#3427,.T.);
#3427 = EDGE_CURVE('',#3428,#3398,#3430,.T.);
#3428 = VERTEX_POINT('',#3429);
#3429 = CARTESIAN_POINT('',(1.13,-2.,0.2));
#3430 = LINE('',#3431,#3432);
#3431 = CARTESIAN_POINT('',(1.13,-2.,0.2));
#3432 = VECTOR('',#3433,1.);
#3433 = DIRECTION('',(1.,1.144237745222E-17,0.));
#3434 = ORIENTED_EDGE('',*,*,#3405,.T.);
#3435 = ORIENTED_EDGE('',*,*,#980,.T.);
#3436 = ORIENTED_EDGE('',*,*,#3437,.T.);
#3437 = EDGE_CURVE('',#973,#3428,#3438,.T.);
#3438 = LINE('',#3439,#3440);
#3439 = CARTESIAN_POINT('',(1.13,-1.72,0.2));
#3440 = VECTOR('',#3441,1.);
#3441 = DIRECTION('',(1.144237745222E-17,-1.,0.));
#3442 = PLANE('',#3443);
#3443 = AXIS2_PLACEMENT_3D('',#3444,#3445,#3446);
#3444 = CARTESIAN_POINT('',(1.25,-1.824015921009,0.2));
#3445 = DIRECTION('',(0.,0.,1.));
#3446 = DIRECTION('',(1.,1.144237745222E-17,-0.));
#3447 = ADVANCED_FACE('',(#3448),#3475,.F.);
#3448 = FACE_BOUND('',#3449,.F.);
#3449 = EDGE_LOOP('',(#3450,#3460,#3466,#3467,#3468,#3469));
#3450 = ORIENTED_EDGE('',*,*,#3451,.F.);
#3451 = EDGE_CURVE('',#3452,#3454,#3456,.T.);
#3452 = VERTEX_POINT('',#3453);
#3453 = CARTESIAN_POINT('',(1.13,-1.72,0.));
#3454 = VERTEX_POINT('',#3455);
#3455 = CARTESIAN_POINT('',(1.13,-2.,0.));
#3456 = LINE('',#3457,#3458);
#3457 = CARTESIAN_POINT('',(1.13,-1.72,0.));
#3458 = VECTOR('',#3459,1.);
#3459 = DIRECTION('',(1.144237745222E-17,-1.,0.));
#3460 = ORIENTED_EDGE('',*,*,#3461,.T.);
#3461 = EDGE_CURVE('',#3452,#1279,#3462,.T.);
#3462 = LINE('',#3463,#3464);
#3463 = CARTESIAN_POINT('',(1.13,-1.72,0.));
#3464 = VECTOR('',#3465,1.);
#3465 = DIRECTION('',(0.,0.,1.));
#3466 = ORIENTED_EDGE('',*,*,#1278,.F.);
#3467 = ORIENTED_EDGE('',*,*,#972,.T.);
#3468 = ORIENTED_EDGE('',*,*,#3437,.T.);
#3469 = ORIENTED_EDGE('',*,*,#3470,.F.);
#3470 = EDGE_CURVE('',#3454,#3428,#3471,.T.);
#3471 = LINE('',#3472,#3473);
#3472 = CARTESIAN_POINT('',(1.13,-2.,0.));
#3473 = VECTOR('',#3474,1.);
#3474 = DIRECTION('',(0.,0.,1.));
#3475 = PLANE('',#3476);
#3476 = AXIS2_PLACEMENT_3D('',#3477,#3478,#3479);
#3477 = CARTESIAN_POINT('',(1.13,-1.72,0.));
#3478 = DIRECTION('',(1.,1.144237745222E-17,0.));
#3479 = DIRECTION('',(1.144237745222E-17,-1.,0.));
#3480 = ADVANCED_FACE('',(#3481),#3515,.F.);
#3481 = FACE_BOUND('',#3482,.F.);
#3482 = EDGE_LOOP('',(#3483,#3493,#3501,#3507,#3508,#3509));
#3483 = ORIENTED_EDGE('',*,*,#3484,.F.);
#3484 = EDGE_CURVE('',#3485,#3487,#3489,.T.);
#3485 = VERTEX_POINT('',#3486);
#3486 = CARTESIAN_POINT('',(0.87,-2.,0.));
#3487 = VERTEX_POINT('',#3488);
#3488 = CARTESIAN_POINT('',(0.87,-1.72,0.));
#3489 = LINE('',#3490,#3491);
#3490 = CARTESIAN_POINT('',(0.87,-2.,0.));
#3491 = VECTOR('',#3492,1.);
#3492 = DIRECTION('',(-1.144237745222E-17,1.,0.));
#3493 = ORIENTED_EDGE('',*,*,#3494,.T.);
#3494 = EDGE_CURVE('',#3485,#3495,#3497,.T.);
#3495 = VERTEX_POINT('',#3496);
#3496 = CARTESIAN_POINT('',(0.87,-2.,0.2));
#3497 = LINE('',#3498,#3499);
#3498 = CARTESIAN_POINT('',(0.87,-2.,0.));
#3499 = VECTOR('',#3500,1.);
#3500 = DIRECTION('',(0.,0.,1.));
#3501 = ORIENTED_EDGE('',*,*,#3502,.T.);
#3502 = EDGE_CURVE('',#3495,#949,#3503,.T.);
#3503 = LINE('',#3504,#3505);
#3504 = CARTESIAN_POINT('',(0.87,-2.,0.2));
#3505 = VECTOR('',#3506,1.);
#3506 = DIRECTION('',(-1.144237745222E-17,1.,0.));
#3507 = ORIENTED_EDGE('',*,*,#956,.T.);
#3508 = ORIENTED_EDGE('',*,*,#1271,.F.);
#3509 = ORIENTED_EDGE('',*,*,#3510,.F.);
#3510 = EDGE_CURVE('',#3487,#1263,#3511,.T.);
#3511 = LINE('',#3512,#3513);
#3512 = CARTESIAN_POINT('',(0.87,-1.72,0.));
#3513 = VECTOR('',#3514,1.);
#3514 = DIRECTION('',(0.,0.,1.));
#3515 = PLANE('',#3516);
#3516 = AXIS2_PLACEMENT_3D('',#3517,#3518,#3519);
#3517 = CARTESIAN_POINT('',(0.87,-2.,0.));
#3518 = DIRECTION('',(-1.,-1.144237745222E-17,0.));
#3519 = DIRECTION('',(-1.144237745222E-17,1.,0.));
#3520 = ADVANCED_FACE('',(#3521),#3539,.T.);
#3521 = FACE_BOUND('',#3522,.T.);
#3522 = EDGE_LOOP('',(#3523,#3531,#3532,#3533));
#3523 = ORIENTED_EDGE('',*,*,#3524,.T.);
#3524 = EDGE_CURVE('',#3525,#3495,#3527,.T.);
#3525 = VERTEX_POINT('',#3526);
#3526 = CARTESIAN_POINT('',(0.63,-2.,0.2));
#3527 = LINE('',#3528,#3529);
#3528 = CARTESIAN_POINT('',(0.63,-2.,0.2));
#3529 = VECTOR('',#3530,1.);
#3530 = DIRECTION('',(1.,1.144237745222E-17,0.));
#3531 = ORIENTED_EDGE('',*,*,#3502,.T.);
#3532 = ORIENTED_EDGE('',*,*,#948,.T.);
#3533 = ORIENTED_EDGE('',*,*,#3534,.T.);
#3534 = EDGE_CURVE('',#941,#3525,#3535,.T.);
#3535 = LINE('',#3536,#3537);
#3536 = CARTESIAN_POINT('',(0.63,-1.72,0.2));
#3537 = VECTOR('',#3538,1.);
#3538 = DIRECTION('',(1.144237745222E-17,-1.,0.));
#3539 = PLANE('',#3540);
#3540 = AXIS2_PLACEMENT_3D('',#3541,#3542,#3543);
#3541 = CARTESIAN_POINT('',(0.75,-1.824015921009,0.2));
#3542 = DIRECTION('',(0.,0.,1.));
#3543 = DIRECTION('',(1.,1.144237745222E-17,-0.));
#3544 = ADVANCED_FACE('',(#3545),#3572,.F.);
#3545 = FACE_BOUND('',#3546,.F.);
#3546 = EDGE_LOOP('',(#3547,#3557,#3563,#3564,#3565,#3566));
#3547 = ORIENTED_EDGE('',*,*,#3548,.F.);
#3548 = EDGE_CURVE('',#3549,#3551,#3553,.T.);
#3549 = VERTEX_POINT('',#3550);
#3550 = CARTESIAN_POINT('',(0.63,-1.72,0.));
#3551 = VERTEX_POINT('',#3552);
#3552 = CARTESIAN_POINT('',(0.63,-2.,0.));
#3553 = LINE('',#3554,#3555);
#3554 = CARTESIAN_POINT('',(0.63,-1.72,0.));
#3555 = VECTOR('',#3556,1.);
#3556 = DIRECTION('',(1.144237745222E-17,-1.,0.));
#3557 = ORIENTED_EDGE('',*,*,#3558,.T.);
#3558 = EDGE_CURVE('',#3549,#1255,#3559,.T.);
#3559 = LINE('',#3560,#3561);
#3560 = CARTESIAN_POINT('',(0.63,-1.72,0.));
#3561 = VECTOR('',#3562,1.);
#3562 = DIRECTION('',(0.,0.,1.));
#3563 = ORIENTED_EDGE('',*,*,#1254,.F.);
#3564 = ORIENTED_EDGE('',*,*,#940,.T.);
#3565 = ORIENTED_EDGE('',*,*,#3534,.T.);
#3566 = ORIENTED_EDGE('',*,*,#3567,.F.);
#3567 = EDGE_CURVE('',#3551,#3525,#3568,.T.);
#3568 = LINE('',#3569,#3570);
#3569 = CARTESIAN_POINT('',(0.63,-2.,0.));
#3570 = VECTOR('',#3571,1.);
#3571 = DIRECTION('',(0.,0.,1.));
#3572 = PLANE('',#3573);
#3573 = AXIS2_PLACEMENT_3D('',#3574,#3575,#3576);
#3574 = CARTESIAN_POINT('',(0.63,-1.72,0.));
#3575 = DIRECTION('',(1.,1.144237745222E-17,0.));
#3576 = DIRECTION('',(1.144237745222E-17,-1.,0.));
#3577 = ADVANCED_FACE('',(#3578),#3612,.F.);
#3578 = FACE_BOUND('',#3579,.F.);
#3579 = EDGE_LOOP('',(#3580,#3590,#3598,#3604,#3605,#3606));
#3580 = ORIENTED_EDGE('',*,*,#3581,.F.);
#3581 = EDGE_CURVE('',#3582,#3584,#3586,.T.);
#3582 = VERTEX_POINT('',#3583);
#3583 = CARTESIAN_POINT('',(0.37,-2.,0.));
#3584 = VERTEX_POINT('',#3585);
#3585 = CARTESIAN_POINT('',(0.37,-1.72,0.));
#3586 = LINE('',#3587,#3588);
#3587 = CARTESIAN_POINT('',(0.37,-2.,0.));
#3588 = VECTOR('',#3589,1.);
#3589 = DIRECTION('',(-1.144237745222E-17,1.,0.));
#3590 = ORIENTED_EDGE('',*,*,#3591,.T.);
#3591 = EDGE_CURVE('',#3582,#3592,#3594,.T.);
#3592 = VERTEX_POINT('',#3593);
#3593 = CARTESIAN_POINT('',(0.37,-2.,0.2));
#3594 = LINE('',#3595,#3596);
#3595 = CARTESIAN_POINT('',(0.37,-2.,0.));
#3596 = VECTOR('',#3597,1.);
#3597 = DIRECTION('',(0.,0.,1.));
#3598 = ORIENTED_EDGE('',*,*,#3599,.T.);
#3599 = EDGE_CURVE('',#3592,#917,#3600,.T.);
#3600 = LINE('',#3601,#3602);
#3601 = CARTESIAN_POINT('',(0.37,-2.,0.2));
#3602 = VECTOR('',#3603,1.);
#3603 = DIRECTION('',(-1.144237745222E-17,1.,0.));
#3604 = ORIENTED_EDGE('',*,*,#924,.T.);
#3605 = ORIENTED_EDGE('',*,*,#1247,.F.);
#3606 = ORIENTED_EDGE('',*,*,#3607,.F.);
#3607 = EDGE_CURVE('',#3584,#1239,#3608,.T.);
#3608 = LINE('',#3609,#3610);
#3609 = CARTESIAN_POINT('',(0.37,-1.72,0.));
#3610 = VECTOR('',#3611,1.);
#3611 = DIRECTION('',(0.,0.,1.));
#3612 = PLANE('',#3613);
#3613 = AXIS2_PLACEMENT_3D('',#3614,#3615,#3616);
#3614 = CARTESIAN_POINT('',(0.37,-2.,0.));
#3615 = DIRECTION('',(-1.,-1.144237745222E-17,0.));
#3616 = DIRECTION('',(-1.144237745222E-17,1.,0.));
#3617 = ADVANCED_FACE('',(#3618),#3636,.T.);
#3618 = FACE_BOUND('',#3619,.T.);
#3619 = EDGE_LOOP('',(#3620,#3628,#3629,#3630));
#3620 = ORIENTED_EDGE('',*,*,#3621,.T.);
#3621 = EDGE_CURVE('',#3622,#3592,#3624,.T.);
#3622 = VERTEX_POINT('',#3623);
#3623 = CARTESIAN_POINT('',(0.13,-2.,0.2));
#3624 = LINE('',#3625,#3626);
#3625 = CARTESIAN_POINT('',(0.13,-2.,0.2));
#3626 = VECTOR('',#3627,1.);
#3627 = DIRECTION('',(1.,1.144237745222E-17,0.));
#3628 = ORIENTED_EDGE('',*,*,#3599,.T.);
#3629 = ORIENTED_EDGE('',*,*,#916,.T.);
#3630 = ORIENTED_EDGE('',*,*,#3631,.T.);
#3631 = EDGE_CURVE('',#909,#3622,#3632,.T.);
#3632 = LINE('',#3633,#3634);
#3633 = CARTESIAN_POINT('',(0.13,-1.72,0.2));
#3634 = VECTOR('',#3635,1.);
#3635 = DIRECTION('',(1.144237745222E-17,-1.,0.));
#3636 = PLANE('',#3637);
#3637 = AXIS2_PLACEMENT_3D('',#3638,#3639,#3640);
#3638 = CARTESIAN_POINT('',(0.25,-1.824015921009,0.2));
#3639 = DIRECTION('',(0.,0.,1.));
#3640 = DIRECTION('',(1.,1.144237745222E-17,-0.));
#3641 = ADVANCED_FACE('',(#3642),#3669,.F.);
#3642 = FACE_BOUND('',#3643,.F.);
#3643 = EDGE_LOOP('',(#3644,#3654,#3660,#3661,#3662,#3663));
#3644 = ORIENTED_EDGE('',*,*,#3645,.F.);
#3645 = EDGE_CURVE('',#3646,#3648,#3650,.T.);
#3646 = VERTEX_POINT('',#3647);
#3647 = CARTESIAN_POINT('',(0.13,-1.72,0.));
#3648 = VERTEX_POINT('',#3649);
#3649 = CARTESIAN_POINT('',(0.13,-2.,0.));
#3650 = LINE('',#3651,#3652);
#3651 = CARTESIAN_POINT('',(0.13,-1.72,0.));
#3652 = VECTOR('',#3653,1.);
#3653 = DIRECTION('',(1.144237745222E-17,-1.,0.));
#3654 = ORIENTED_EDGE('',*,*,#3655,.T.);
#3655 = EDGE_CURVE('',#3646,#1231,#3656,.T.);
#3656 = LINE('',#3657,#3658);
#3657 = CARTESIAN_POINT('',(0.13,-1.72,0.));
#3658 = VECTOR('',#3659,1.);
#3659 = DIRECTION('',(0.,0.,1.));
#3660 = ORIENTED_EDGE('',*,*,#1230,.F.);
#3661 = ORIENTED_EDGE('',*,*,#908,.T.);
#3662 = ORIENTED_EDGE('',*,*,#3631,.T.);
#3663 = ORIENTED_EDGE('',*,*,#3664,.F.);
#3664 = EDGE_CURVE('',#3648,#3622,#3665,.T.);
#3665 = LINE('',#3666,#3667);
#3666 = CARTESIAN_POINT('',(0.13,-2.,0.));
#3667 = VECTOR('',#3668,1.);
#3668 = DIRECTION('',(0.,0.,1.));
#3669 = PLANE('',#3670);
#3670 = AXIS2_PLACEMENT_3D('',#3671,#3672,#3673);
#3671 = CARTESIAN_POINT('',(0.13,-1.72,0.));
#3672 = DIRECTION('',(1.,1.144237745222E-17,0.));
#3673 = DIRECTION('',(1.144237745222E-17,-1.,0.));
#3674 = ADVANCED_FACE('',(#3675),#3709,.F.);
#3675 = FACE_BOUND('',#3676,.F.);
#3676 = EDGE_LOOP('',(#3677,#3687,#3695,#3701,#3702,#3703));
#3677 = ORIENTED_EDGE('',*,*,#3678,.F.);
#3678 = EDGE_CURVE('',#3679,#3681,#3683,.T.);
#3679 = VERTEX_POINT('',#3680);
#3680 = CARTESIAN_POINT('',(-0.13,-2.,0.));
#3681 = VERTEX_POINT('',#3682);
#3682 = CARTESIAN_POINT('',(-0.13,-1.72,0.));
#3683 = LINE('',#3684,#3685);
#3684 = CARTESIAN_POINT('',(-0.13,-2.,0.));
#3685 = VECTOR('',#3686,1.);
#3686 = DIRECTION('',(-1.144237745222E-17,1.,0.));
#3687 = ORIENTED_EDGE('',*,*,#3688,.T.);
#3688 = EDGE_CURVE('',#3679,#3689,#3691,.T.);
#3689 = VERTEX_POINT('',#3690);
#3690 = CARTESIAN_POINT('',(-0.13,-2.,0.2));
#3691 = LINE('',#3692,#3693);
#3692 = CARTESIAN_POINT('',(-0.13,-2.,0.));
#3693 = VECTOR('',#3694,1.);
#3694 = DIRECTION('',(0.,0.,1.));
#3695 = ORIENTED_EDGE('',*,*,#3696,.T.);
#3696 = EDGE_CURVE('',#3689,#885,#3697,.T.);
#3697 = LINE('',#3698,#3699);
#3698 = CARTESIAN_POINT('',(-0.13,-2.,0.2));
#3699 = VECTOR('',#3700,1.);
#3700 = DIRECTION('',(-1.144237745222E-17,1.,0.));
#3701 = ORIENTED_EDGE('',*,*,#892,.T.);
#3702 = ORIENTED_EDGE('',*,*,#1223,.F.);
#3703 = ORIENTED_EDGE('',*,*,#3704,.F.);
#3704 = EDGE_CURVE('',#3681,#1215,#3705,.T.);
#3705 = LINE('',#3706,#3707);
#3706 = CARTESIAN_POINT('',(-0.13,-1.72,0.));
#3707 = VECTOR('',#3708,1.);
#3708 = DIRECTION('',(0.,0.,1.));
#3709 = PLANE('',#3710);
#3710 = AXIS2_PLACEMENT_3D('',#3711,#3712,#3713);
#3711 = CARTESIAN_POINT('',(-0.13,-2.,0.));
#3712 = DIRECTION('',(-1.,-1.144237745222E-17,0.));
#3713 = DIRECTION('',(-1.144237745222E-17,1.,0.));
#3714 = ADVANCED_FACE('',(#3715),#3733,.T.);
#3715 = FACE_BOUND('',#3716,.T.);
#3716 = EDGE_LOOP('',(#3717,#3725,#3726,#3727));
#3717 = ORIENTED_EDGE('',*,*,#3718,.T.);
#3718 = EDGE_CURVE('',#3719,#3689,#3721,.T.);
#3719 = VERTEX_POINT('',#3720);
#3720 = CARTESIAN_POINT('',(-0.37,-2.,0.2));
#3721 = LINE('',#3722,#3723);
#3722 = CARTESIAN_POINT('',(-0.37,-2.,0.2));
#3723 = VECTOR('',#3724,1.);
#3724 = DIRECTION('',(1.,1.144237745222E-17,0.));
#3725 = ORIENTED_EDGE('',*,*,#3696,.T.);
#3726 = ORIENTED_EDGE('',*,*,#884,.T.);
#3727 = ORIENTED_EDGE('',*,*,#3728,.T.);
#3728 = EDGE_CURVE('',#877,#3719,#3729,.T.);
#3729 = LINE('',#3730,#3731);
#3730 = CARTESIAN_POINT('',(-0.37,-1.72,0.2));
#3731 = VECTOR('',#3732,1.);
#3732 = DIRECTION('',(1.144237745222E-17,-1.,0.));
#3733 = PLANE('',#3734);
#3734 = AXIS2_PLACEMENT_3D('',#3735,#3736,#3737);
#3735 = CARTESIAN_POINT('',(-0.25,-1.824015921009,0.2));
#3736 = DIRECTION('',(0.,0.,1.));
#3737 = DIRECTION('',(1.,1.144237745222E-17,-0.));
#3738 = ADVANCED_FACE('',(#3739),#3766,.F.);
#3739 = FACE_BOUND('',#3740,.F.);
#3740 = EDGE_LOOP('',(#3741,#3751,#3757,#3758,#3759,#3760));
#3741 = ORIENTED_EDGE('',*,*,#3742,.F.);
#3742 = EDGE_CURVE('',#3743,#3745,#3747,.T.);
#3743 = VERTEX_POINT('',#3744);
#3744 = CARTESIAN_POINT('',(-0.37,-1.72,0.));
#3745 = VERTEX_POINT('',#3746);
#3746 = CARTESIAN_POINT('',(-0.37,-2.,0.));
#3747 = LINE('',#3748,#3749);
#3748 = CARTESIAN_POINT('',(-0.37,-1.72,0.));
#3749 = VECTOR('',#3750,1.);
#3750 = DIRECTION('',(1.144237745222E-17,-1.,0.));
#3751 = ORIENTED_EDGE('',*,*,#3752,.T.);
#3752 = EDGE_CURVE('',#3743,#1207,#3753,.T.);
#3753 = LINE('',#3754,#3755);
#3754 = CARTESIAN_POINT('',(-0.37,-1.72,0.));
#3755 = VECTOR('',#3756,1.);
#3756 = DIRECTION('',(0.,0.,1.));
#3757 = ORIENTED_EDGE('',*,*,#1206,.F.);
#3758 = ORIENTED_EDGE('',*,*,#876,.T.);
#3759 = ORIENTED_EDGE('',*,*,#3728,.T.);
#3760 = ORIENTED_EDGE('',*,*,#3761,.F.);
#3761 = EDGE_CURVE('',#3745,#3719,#3762,.T.);
#3762 = LINE('',#3763,#3764);
#3763 = CARTESIAN_POINT('',(-0.37,-2.,0.));
#3764 = VECTOR('',#3765,1.);
#3765 = DIRECTION('',(0.,0.,1.));
#3766 = PLANE('',#3767);
#3767 = AXIS2_PLACEMENT_3D('',#3768,#3769,#3770);
#3768 = CARTESIAN_POINT('',(-0.37,-1.72,0.));
#3769 = DIRECTION('',(1.,1.144237745222E-17,0.));
#3770 = DIRECTION('',(1.144237745222E-17,-1.,0.));
#3771 = ADVANCED_FACE('',(#3772),#3806,.F.);
#3772 = FACE_BOUND('',#3773,.F.);
#3773 = EDGE_LOOP('',(#3774,#3784,#3792,#3798,#3799,#3800));
#3774 = ORIENTED_EDGE('',*,*,#3775,.F.);
#3775 = EDGE_CURVE('',#3776,#3778,#3780,.T.);
#3776 = VERTEX_POINT('',#3777);
#3777 = CARTESIAN_POINT('',(-0.63,-2.,0.));
#3778 = VERTEX_POINT('',#3779);
#3779 = CARTESIAN_POINT('',(-0.63,-1.72,0.));
#3780 = LINE('',#3781,#3782);
#3781 = CARTESIAN_POINT('',(-0.63,-2.,0.));
#3782 = VECTOR('',#3783,1.);
#3783 = DIRECTION('',(-1.144237745222E-17,1.,0.));
#3784 = ORIENTED_EDGE('',*,*,#3785,.T.);
#3785 = EDGE_CURVE('',#3776,#3786,#3788,.T.);
#3786 = VERTEX_POINT('',#3787);
#3787 = CARTESIAN_POINT('',(-0.63,-2.,0.2));
#3788 = LINE('',#3789,#3790);
#3789 = CARTESIAN_POINT('',(-0.63,-2.,0.));
#3790 = VECTOR('',#3791,1.);
#3791 = DIRECTION('',(0.,0.,1.));
#3792 = ORIENTED_EDGE('',*,*,#3793,.T.);
#3793 = EDGE_CURVE('',#3786,#853,#3794,.T.);
#3794 = LINE('',#3795,#3796);
#3795 = CARTESIAN_POINT('',(-0.63,-2.,0.2));
#3796 = VECTOR('',#3797,1.);
#3797 = DIRECTION('',(-1.144237745222E-17,1.,0.));
#3798 = ORIENTED_EDGE('',*,*,#860,.T.);
#3799 = ORIENTED_EDGE('',*,*,#1199,.F.);
#3800 = ORIENTED_EDGE('',*,*,#3801,.F.);
#3801 = EDGE_CURVE('',#3778,#1191,#3802,.T.);
#3802 = LINE('',#3803,#3804);
#3803 = CARTESIAN_POINT('',(-0.63,-1.72,0.));
#3804 = VECTOR('',#3805,1.);
#3805 = DIRECTION('',(0.,0.,1.));
#3806 = PLANE('',#3807);
#3807 = AXIS2_PLACEMENT_3D('',#3808,#3809,#3810);
#3808 = CARTESIAN_POINT('',(-0.63,-2.,0.));
#3809 = DIRECTION('',(-1.,-1.144237745222E-17,0.));
#3810 = DIRECTION('',(-1.144237745222E-17,1.,0.));
#3811 = ADVANCED_FACE('',(#3812),#3830,.T.);
#3812 = FACE_BOUND('',#3813,.T.);
#3813 = EDGE_LOOP('',(#3814,#3822,#3823,#3824));
#3814 = ORIENTED_EDGE('',*,*,#3815,.T.);
#3815 = EDGE_CURVE('',#3816,#3786,#3818,.T.);
#3816 = VERTEX_POINT('',#3817);
#3817 = CARTESIAN_POINT('',(-0.87,-2.,0.2));
#3818 = LINE('',#3819,#3820);
#3819 = CARTESIAN_POINT('',(-0.87,-2.,0.2));
#3820 = VECTOR('',#3821,1.);
#3821 = DIRECTION('',(1.,1.144237745222E-17,0.));
#3822 = ORIENTED_EDGE('',*,*,#3793,.T.);
#3823 = ORIENTED_EDGE('',*,*,#852,.T.);
#3824 = ORIENTED_EDGE('',*,*,#3825,.T.);
#3825 = EDGE_CURVE('',#845,#3816,#3826,.T.);
#3826 = LINE('',#3827,#3828);
#3827 = CARTESIAN_POINT('',(-0.87,-1.72,0.2));
#3828 = VECTOR('',#3829,1.);
#3829 = DIRECTION('',(1.144237745222E-17,-1.,0.));
#3830 = PLANE('',#3831);
#3831 = AXIS2_PLACEMENT_3D('',#3832,#3833,#3834);
#3832 = CARTESIAN_POINT('',(-0.75,-1.824015921009,0.2));
#3833 = DIRECTION('',(0.,0.,1.));
#3834 = DIRECTION('',(1.,1.144237745222E-17,-0.));
#3835 = ADVANCED_FACE('',(#3836),#3863,.F.);
#3836 = FACE_BOUND('',#3837,.F.);
#3837 = EDGE_LOOP('',(#3838,#3848,#3854,#3855,#3856,#3857));
#3838 = ORIENTED_EDGE('',*,*,#3839,.F.);
#3839 = EDGE_CURVE('',#3840,#3842,#3844,.T.);
#3840 = VERTEX_POINT('',#3841);
#3841 = CARTESIAN_POINT('',(-0.87,-1.72,0.));
#3842 = VERTEX_POINT('',#3843);
#3843 = CARTESIAN_POINT('',(-0.87,-2.,0.));
#3844 = LINE('',#3845,#3846);
#3845 = CARTESIAN_POINT('',(-0.87,-1.72,0.));
#3846 = VECTOR('',#3847,1.);
#3847 = DIRECTION('',(1.144237745222E-17,-1.,0.));
#3848 = ORIENTED_EDGE('',*,*,#3849,.T.);
#3849 = EDGE_CURVE('',#3840,#1183,#3850,.T.);
#3850 = LINE('',#3851,#3852);
#3851 = CARTESIAN_POINT('',(-0.87,-1.72,0.));
#3852 = VECTOR('',#3853,1.);
#3853 = DIRECTION('',(0.,0.,1.));
#3854 = ORIENTED_EDGE('',*,*,#1182,.F.);
#3855 = ORIENTED_EDGE('',*,*,#844,.T.);
#3856 = ORIENTED_EDGE('',*,*,#3825,.T.);
#3857 = ORIENTED_EDGE('',*,*,#3858,.F.);
#3858 = EDGE_CURVE('',#3842,#3816,#3859,.T.);
#3859 = LINE('',#3860,#3861);
#3860 = CARTESIAN_POINT('',(-0.87,-2.,0.));
#3861 = VECTOR('',#3862,1.);
#3862 = DIRECTION('',(0.,0.,1.));
#3863 = PLANE('',#3864);
#3864 = AXIS2_PLACEMENT_3D('',#3865,#3866,#3867);
#3865 = CARTESIAN_POINT('',(-0.87,-1.72,0.));
#3866 = DIRECTION('',(1.,1.144237745222E-17,0.));
#3867 = DIRECTION('',(1.144237745222E-17,-1.,0.));
#3868 = ADVANCED_FACE('',(#3869),#3903,.F.);
#3869 = FACE_BOUND('',#3870,.F.);
#3870 = EDGE_LOOP('',(#3871,#3881,#3889,#3895,#3896,#3897));
#3871 = ORIENTED_EDGE('',*,*,#3872,.F.);
#3872 = EDGE_CURVE('',#3873,#3875,#3877,.T.);
#3873 = VERTEX_POINT('',#3874);
#3874 = CARTESIAN_POINT('',(-1.13,-2.,0.));
#3875 = VERTEX_POINT('',#3876);
#3876 = CARTESIAN_POINT('',(-1.13,-1.72,0.));
#3877 = LINE('',#3878,#3879);
#3878 = CARTESIAN_POINT('',(-1.13,-2.,0.));
#3879 = VECTOR('',#3880,1.);
#3880 = DIRECTION('',(-1.144237745222E-17,1.,0.));
#3881 = ORIENTED_EDGE('',*,*,#3882,.T.);
#3882 = EDGE_CURVE('',#3873,#3883,#3885,.T.);
#3883 = VERTEX_POINT('',#3884);
#3884 = CARTESIAN_POINT('',(-1.13,-2.,0.2));
#3885 = LINE('',#3886,#3887);
#3886 = CARTESIAN_POINT('',(-1.13,-2.,0.));
#3887 = VECTOR('',#3888,1.);
#3888 = DIRECTION('',(0.,0.,1.));
#3889 = ORIENTED_EDGE('',*,*,#3890,.T.);
#3890 = EDGE_CURVE('',#3883,#821,#3891,.T.);
#3891 = LINE('',#3892,#3893);
#3892 = CARTESIAN_POINT('',(-1.13,-2.,0.2));
#3893 = VECTOR('',#3894,1.);
#3894 = DIRECTION('',(-1.144237745222E-17,1.,0.));
#3895 = ORIENTED_EDGE('',*,*,#828,.T.);
#3896 = ORIENTED_EDGE('',*,*,#1175,.F.);
#3897 = ORIENTED_EDGE('',*,*,#3898,.F.);
#3898 = EDGE_CURVE('',#3875,#1167,#3899,.T.);
#3899 = LINE('',#3900,#3901);
#3900 = CARTESIAN_POINT('',(-1.13,-1.72,0.));
#3901 = VECTOR('',#3902,1.);
#3902 = DIRECTION('',(0.,0.,1.));
#3903 = PLANE('',#3904);
#3904 = AXIS2_PLACEMENT_3D('',#3905,#3906,#3907);
#3905 = CARTESIAN_POINT('',(-1.13,-2.,0.));
#3906 = DIRECTION('',(-1.,-1.144237745222E-17,0.));
#3907 = DIRECTION('',(-1.144237745222E-17,1.,0.));
#3908 = ADVANCED_FACE('',(#3909),#3927,.T.);
#3909 = FACE_BOUND('',#3910,.T.);
#3910 = EDGE_LOOP('',(#3911,#3919,#3920,#3921));
#3911 = ORIENTED_EDGE('',*,*,#3912,.T.);
#3912 = EDGE_CURVE('',#3913,#3883,#3915,.T.);
#3913 = VERTEX_POINT('',#3914);
#3914 = CARTESIAN_POINT('',(-1.37,-2.,0.2));
#3915 = LINE('',#3916,#3917);
#3916 = CARTESIAN_POINT('',(-1.37,-2.,0.2));
#3917 = VECTOR('',#3918,1.);
#3918 = DIRECTION('',(1.,1.144237745222E-17,0.));
#3919 = ORIENTED_EDGE('',*,*,#3890,.T.);
#3920 = ORIENTED_EDGE('',*,*,#820,.T.);
#3921 = ORIENTED_EDGE('',*,*,#3922,.T.);
#3922 = EDGE_CURVE('',#813,#3913,#3923,.T.);
#3923 = LINE('',#3924,#3925);
#3924 = CARTESIAN_POINT('',(-1.37,-1.72,0.2));
#3925 = VECTOR('',#3926,1.);
#3926 = DIRECTION('',(1.144237745222E-17,-1.,0.));
#3927 = PLANE('',#3928);
#3928 = AXIS2_PLACEMENT_3D('',#3929,#3930,#3931);
#3929 = CARTESIAN_POINT('',(-1.25,-1.824015921009,0.2));
#3930 = DIRECTION('',(0.,0.,1.));
#3931 = DIRECTION('',(1.,1.144237745222E-17,-0.));
#3932 = ADVANCED_FACE('',(#3933),#3960,.F.);
#3933 = FACE_BOUND('',#3934,.F.);
#3934 = EDGE_LOOP('',(#3935,#3945,#3951,#3952,#3953,#3954));
#3935 = ORIENTED_EDGE('',*,*,#3936,.F.);
#3936 = EDGE_CURVE('',#3937,#3939,#3941,.T.);
#3937 = VERTEX_POINT('',#3938);
#3938 = CARTESIAN_POINT('',(-1.37,-1.72,0.));
#3939 = VERTEX_POINT('',#3940);
#3940 = CARTESIAN_POINT('',(-1.37,-2.,0.));
#3941 = LINE('',#3942,#3943);
#3942 = CARTESIAN_POINT('',(-1.37,-1.72,0.));
#3943 = VECTOR('',#3944,1.);
#3944 = DIRECTION('',(1.144237745222E-17,-1.,0.));
#3945 = ORIENTED_EDGE('',*,*,#3946,.T.);
#3946 = EDGE_CURVE('',#3937,#1159,#3947,.T.);
#3947 = LINE('',#3948,#3949);
#3948 = CARTESIAN_POINT('',(-1.37,-1.72,0.));
#3949 = VECTOR('',#3950,1.);
#3950 = DIRECTION('',(0.,0.,1.));
#3951 = ORIENTED_EDGE('',*,*,#1158,.F.);
#3952 = ORIENTED_EDGE('',*,*,#812,.T.);
#3953 = ORIENTED_EDGE('',*,*,#3922,.T.);
#3954 = ORIENTED_EDGE('',*,*,#3955,.F.);
#3955 = EDGE_CURVE('',#3939,#3913,#3956,.T.);
#3956 = LINE('',#3957,#3958);
#3957 = CARTESIAN_POINT('',(-1.37,-2.,0.));
#3958 = VECTOR('',#3959,1.);
#3959 = DIRECTION('',(0.,0.,1.));
#3960 = PLANE('',#3961);
#3961 = AXIS2_PLACEMENT_3D('',#3962,#3963,#3964);
#3962 = CARTESIAN_POINT('',(-1.37,-1.72,0.));
#3963 = DIRECTION('',(1.,1.144237745222E-17,0.));
#3964 = DIRECTION('',(1.144237745222E-17,-1.,0.));
#3965 = ADVANCED_FACE('',(#3966),#3978,.T.);
#3966 = FACE_BOUND('',#3967,.T.);
#3967 = EDGE_LOOP('',(#3968,#3969,#3970,#3971));
#3968 = ORIENTED_EDGE('',*,*,#2136,.T.);
#3969 = ORIENTED_EDGE('',*,*,#1576,.T.);
#3970 = ORIENTED_EDGE('',*,*,#2209,.F.);
#3971 = ORIENTED_EDGE('',*,*,#3972,.T.);
#3972 = EDGE_CURVE('',#2193,#2127,#3973,.T.);
#3973 = CIRCLE('',#3974,0.12);
#3974 = AXIS2_PLACEMENT_3D('',#3975,#3976,#3977);
#3975 = CARTESIAN_POINT('',(-1.25,1.72,0.));
#3976 = DIRECTION('',(0.,0.,1.));
#3977 = DIRECTION('',(-1.,-1.224646799147E-16,0.));
#3978 = CYLINDRICAL_SURFACE('',#3979,0.12);
#3979 = AXIS2_PLACEMENT_3D('',#3980,#3981,#3982);
#3980 = CARTESIAN_POINT('',(-1.25,1.72,0.));
#3981 = DIRECTION('',(0.,0.,-1.));
#3982 = DIRECTION('',(-1.,-1.224646799147E-16,-0.));
#3983 = ADVANCED_FACE('',(#3984),#3996,.T.);
#3984 = FACE_BOUND('',#3985,.T.);
#3985 = EDGE_LOOP('',(#3986,#3987,#3988,#3989));
#3986 = ORIENTED_EDGE('',*,*,#2039,.T.);
#3987 = ORIENTED_EDGE('',*,*,#1552,.T.);
#3988 = ORIENTED_EDGE('',*,*,#2112,.F.);
#3989 = ORIENTED_EDGE('',*,*,#3990,.T.);
#3990 = EDGE_CURVE('',#2096,#2030,#3991,.T.);
#3991 = CIRCLE('',#3992,0.12);
#3992 = AXIS2_PLACEMENT_3D('',#3993,#3994,#3995);
#3993 = CARTESIAN_POINT('',(-0.75,1.72,0.));
#3994 = DIRECTION('',(0.,0.,1.));
#3995 = DIRECTION('',(-1.,-1.224646799147E-16,0.));
#3996 = CYLINDRICAL_SURFACE('',#3997,0.12);
#3997 = AXIS2_PLACEMENT_3D('',#3998,#3999,#4000);
#3998 = CARTESIAN_POINT('',(-0.75,1.72,0.));
#3999 = DIRECTION('',(0.,0.,-1.));
#4000 = DIRECTION('',(-1.,-1.224646799147E-16,-0.));
#4001 = ADVANCED_FACE('',(#4002),#4014,.T.);
#4002 = FACE_BOUND('',#4003,.T.);
#4003 = EDGE_LOOP('',(#4004,#4005,#4006,#4007));
#4004 = ORIENTED_EDGE('',*,*,#1942,.T.);
#4005 = ORIENTED_EDGE('',*,*,#1528,.T.);
#4006 = ORIENTED_EDGE('',*,*,#2015,.F.);
#4007 = ORIENTED_EDGE('',*,*,#4008,.T.);
#4008 = EDGE_CURVE('',#1999,#1933,#4009,.T.);
#4009 = CIRCLE('',#4010,0.12);
#4010 = AXIS2_PLACEMENT_3D('',#4011,#4012,#4013);
#4011 = CARTESIAN_POINT('',(-0.25,1.72,0.));
#4012 = DIRECTION('',(0.,0.,1.));
#4013 = DIRECTION('',(-1.,-1.224646799147E-16,0.));
#4014 = CYLINDRICAL_SURFACE('',#4015,0.12);
#4015 = AXIS2_PLACEMENT_3D('',#4016,#4017,#4018);
#4016 = CARTESIAN_POINT('',(-0.25,1.72,0.));
#4017 = DIRECTION('',(0.,0.,-1.));
#4018 = DIRECTION('',(-1.,-1.224646799147E-16,-0.));
#4019 = ADVANCED_FACE('',(#4020),#4032,.T.);
#4020 = FACE_BOUND('',#4021,.T.);
#4021 = EDGE_LOOP('',(#4022,#4023,#4024,#4025));
#4022 = ORIENTED_EDGE('',*,*,#1845,.T.);
#4023 = ORIENTED_EDGE('',*,*,#1504,.T.);
#4024 = ORIENTED_EDGE('',*,*,#1918,.F.);
#4025 = ORIENTED_EDGE('',*,*,#4026,.T.);
#4026 = EDGE_CURVE('',#1902,#1836,#4027,.T.);
#4027 = CIRCLE('',#4028,0.12);
#4028 = AXIS2_PLACEMENT_3D('',#4029,#4030,#4031);
#4029 = CARTESIAN_POINT('',(0.25,1.72,0.));
#4030 = DIRECTION('',(0.,0.,1.));
#4031 = DIRECTION('',(-1.,-1.224646799147E-16,0.));
#4032 = CYLINDRICAL_SURFACE('',#4033,0.12);
#4033 = AXIS2_PLACEMENT_3D('',#4034,#4035,#4036);
#4034 = CARTESIAN_POINT('',(0.25,1.72,0.));
#4035 = DIRECTION('',(0.,0.,-1.));
#4036 = DIRECTION('',(-1.,-1.224646799147E-16,-0.));
#4037 = ADVANCED_FACE('',(#4038),#4050,.T.);
#4038 = FACE_BOUND('',#4039,.T.);
#4039 = EDGE_LOOP('',(#4040,#4041,#4042,#4043));
#4040 = ORIENTED_EDGE('',*,*,#1748,.T.);
#4041 = ORIENTED_EDGE('',*,*,#1480,.T.);
#4042 = ORIENTED_EDGE('',*,*,#1821,.F.);
#4043 = ORIENTED_EDGE('',*,*,#4044,.T.);
#4044 = EDGE_CURVE('',#1805,#1739,#4045,.T.);
#4045 = CIRCLE('',#4046,0.12);
#4046 = AXIS2_PLACEMENT_3D('',#4047,#4048,#4049);
#4047 = CARTESIAN_POINT('',(0.75,1.72,0.));
#4048 = DIRECTION('',(0.,0.,1.));
#4049 = DIRECTION('',(-1.,-1.224646799147E-16,0.));
#4050 = CYLINDRICAL_SURFACE('',#4051,0.12);
#4051 = AXIS2_PLACEMENT_3D('',#4052,#4053,#4054);
#4052 = CARTESIAN_POINT('',(0.75,1.72,0.));
#4053 = DIRECTION('',(0.,0.,-1.));
#4054 = DIRECTION('',(-1.,-1.224646799147E-16,-0.));
#4055 = ADVANCED_FACE('',(#4056),#4068,.T.);
#4056 = FACE_BOUND('',#4057,.T.);
#4057 = EDGE_LOOP('',(#4058,#4059,#4060,#4061));
#4058 = ORIENTED_EDGE('',*,*,#1651,.T.);
#4059 = ORIENTED_EDGE('',*,*,#1456,.T.);
#4060 = ORIENTED_EDGE('',*,*,#1724,.F.);
#4061 = ORIENTED_EDGE('',*,*,#4062,.T.);
#4062 = EDGE_CURVE('',#1708,#1642,#4063,.T.);
#4063 = CIRCLE('',#4064,0.12);
#4064 = AXIS2_PLACEMENT_3D('',#4065,#4066,#4067);
#4065 = CARTESIAN_POINT('',(1.25,1.72,0.));
#4066 = DIRECTION('',(0.,0.,1.));
#4067 = DIRECTION('',(-1.,-1.224646799147E-16,0.));
#4068 = CYLINDRICAL_SURFACE('',#4069,0.12);
#4069 = AXIS2_PLACEMENT_3D('',#4070,#4071,#4072);
#4070 = CARTESIAN_POINT('',(1.25,1.72,0.));
#4071 = DIRECTION('',(0.,0.,-1.));
#4072 = DIRECTION('',(-1.,-1.224646799147E-16,-0.));
#4073 = ADVANCED_FACE('',(#4074),#4086,.T.);
#4074 = FACE_BOUND('',#4075,.T.);
#4075 = EDGE_LOOP('',(#4076,#4077,#4078,#4079));
#4076 = ORIENTED_EDGE('',*,*,#2297,.T.);
#4077 = ORIENTED_EDGE('',*,*,#1431,.T.);
#4078 = ORIENTED_EDGE('',*,*,#2249,.F.);
#4079 = ORIENTED_EDGE('',*,*,#4080,.T.);
#4080 = EDGE_CURVE('',#2226,#2288,#4081,.T.);
#4081 = CIRCLE('',#4082,0.12);
#4082 = AXIS2_PLACEMENT_3D('',#4083,#4084,#4085);
#4083 = CARTESIAN_POINT('',(1.72,1.25,0.));
#4084 = DIRECTION('',(0.,0.,1.));
#4085 = DIRECTION('',(-2.334869823773E-16,1.,0.));
#4086 = CYLINDRICAL_SURFACE('',#4087,0.12);
#4087 = AXIS2_PLACEMENT_3D('',#4088,#4089,#4090);
#4088 = CARTESIAN_POINT('',(1.72,1.25,0.));
#4089 = DIRECTION('',(0.,0.,-1.));
#4090 = DIRECTION('',(-2.334869823773E-16,1.,0.));
#4091 = ADVANCED_FACE('',(#4092),#4104,.T.);
#4092 = FACE_BOUND('',#4093,.T.);
#4093 = EDGE_LOOP('',(#4094,#4095,#4096,#4097));
#4094 = ORIENTED_EDGE('',*,*,#2394,.T.);
#4095 = ORIENTED_EDGE('',*,*,#1407,.T.);
#4096 = ORIENTED_EDGE('',*,*,#2346,.F.);
#4097 = ORIENTED_EDGE('',*,*,#4098,.T.);
#4098 = EDGE_CURVE('',#2323,#2385,#4099,.T.);
#4099 = CIRCLE('',#4100,0.12);
#4100 = AXIS2_PLACEMENT_3D('',#4101,#4102,#4103);
#4101 = CARTESIAN_POINT('',(1.72,0.75,0.));
#4102 = DIRECTION('',(0.,0.,1.));
#4103 = DIRECTION('',(-2.334869823773E-16,1.,0.));
#4104 = CYLINDRICAL_SURFACE('',#4105,0.12);
#4105 = AXIS2_PLACEMENT_3D('',#4106,#4107,#4108);
#4106 = CARTESIAN_POINT('',(1.72,0.75,0.));
#4107 = DIRECTION('',(0.,0.,-1.));
#4108 = DIRECTION('',(-2.334869823773E-16,1.,0.));
#4109 = ADVANCED_FACE('',(#4110),#4122,.T.);
#4110 = FACE_BOUND('',#4111,.T.);
#4111 = EDGE_LOOP('',(#4112,#4113,#4114,#4115));
#4112 = ORIENTED_EDGE('',*,*,#2491,.T.);
#4113 = ORIENTED_EDGE('',*,*,#1383,.T.);
#4114 = ORIENTED_EDGE('',*,*,#2443,.F.);
#4115 = ORIENTED_EDGE('',*,*,#4116,.T.);
#4116 = EDGE_CURVE('',#2420,#2482,#4117,.T.);
#4117 = CIRCLE('',#4118,0.12);
#4118 = AXIS2_PLACEMENT_3D('',#4119,#4120,#4121);
#4119 = CARTESIAN_POINT('',(1.72,0.25,0.));
#4120 = DIRECTION('',(0.,0.,1.));
#4121 = DIRECTION('',(-2.334869823773E-16,1.,0.));
#4122 = CYLINDRICAL_SURFACE('',#4123,0.12);
#4123 = AXIS2_PLACEMENT_3D('',#4124,#4125,#4126);
#4124 = CARTESIAN_POINT('',(1.72,0.25,0.));
#4125 = DIRECTION('',(0.,0.,-1.));
#4126 = DIRECTION('',(-2.334869823773E-16,1.,0.));
#4127 = ADVANCED_FACE('',(#4128),#4140,.T.);
#4128 = FACE_BOUND('',#4129,.T.);
#4129 = EDGE_LOOP('',(#4130,#4131,#4132,#4133));
#4130 = ORIENTED_EDGE('',*,*,#2588,.T.);
#4131 = ORIENTED_EDGE('',*,*,#1359,.T.);
#4132 = ORIENTED_EDGE('',*,*,#2540,.F.);
#4133 = ORIENTED_EDGE('',*,*,#4134,.T.);
#4134 = EDGE_CURVE('',#2517,#2579,#4135,.T.);
#4135 = CIRCLE('',#4136,0.12);
#4136 = AXIS2_PLACEMENT_3D('',#4137,#4138,#4139);
#4137 = CARTESIAN_POINT('',(1.72,-0.25,0.));
#4138 = DIRECTION('',(0.,0.,1.));
#4139 = DIRECTION('',(-2.334869823773E-16,1.,0.));
#4140 = CYLINDRICAL_SURFACE('',#4141,0.12);
#4141 = AXIS2_PLACEMENT_3D('',#4142,#4143,#4144);
#4142 = CARTESIAN_POINT('',(1.72,-0.25,0.));
#4143 = DIRECTION('',(0.,0.,-1.));
#4144 = DIRECTION('',(-2.334869823773E-16,1.,0.));
#4145 = ADVANCED_FACE('',(#4146),#4158,.T.);
#4146 = FACE_BOUND('',#4147,.T.);
#4147 = EDGE_LOOP('',(#4148,#4149,#4150,#4151));
#4148 = ORIENTED_EDGE('',*,*,#2685,.T.);
#4149 = ORIENTED_EDGE('',*,*,#1335,.T.);
#4150 = ORIENTED_EDGE('',*,*,#2637,.F.);
#4151 = ORIENTED_EDGE('',*,*,#4152,.T.);
#4152 = EDGE_CURVE('',#2614,#2676,#4153,.T.);
#4153 = CIRCLE('',#4154,0.12);
#4154 = AXIS2_PLACEMENT_3D('',#4155,#4156,#4157);
#4155 = CARTESIAN_POINT('',(1.72,-0.75,0.));
#4156 = DIRECTION('',(0.,0.,1.));
#4157 = DIRECTION('',(-2.334869823773E-16,1.,0.));
#4158 = CYLINDRICAL_SURFACE('',#4159,0.12);
#4159 = AXIS2_PLACEMENT_3D('',#4160,#4161,#4162);
#4160 = CARTESIAN_POINT('',(1.72,-0.75,0.));
#4161 = DIRECTION('',(0.,0.,-1.));
#4162 = DIRECTION('',(-2.334869823773E-16,1.,0.));
#4163 = ADVANCED_FACE('',(#4164),#4176,.T.);
#4164 = FACE_BOUND('',#4165,.T.);
#4165 = EDGE_LOOP('',(#4166,#4167,#4168,#4169));
#4166 = ORIENTED_EDGE('',*,*,#2782,.T.);
#4167 = ORIENTED_EDGE('',*,*,#1311,.T.);
#4168 = ORIENTED_EDGE('',*,*,#2734,.F.);
#4169 = ORIENTED_EDGE('',*,*,#4170,.T.);
#4170 = EDGE_CURVE('',#2711,#2773,#4171,.T.);
#4171 = CIRCLE('',#4172,0.12);
#4172 = AXIS2_PLACEMENT_3D('',#4173,#4174,#4175);
#4173 = CARTESIAN_POINT('',(1.72,-1.25,0.));
#4174 = DIRECTION('',(0.,0.,1.));
#4175 = DIRECTION('',(-2.334869823773E-16,1.,0.));
#4176 = CYLINDRICAL_SURFACE('',#4177,0.12);
#4177 = AXIS2_PLACEMENT_3D('',#4178,#4179,#4180);
#4178 = CARTESIAN_POINT('',(1.72,-1.25,0.));
#4179 = DIRECTION('',(0.,0.,-1.));
#4180 = DIRECTION('',(-2.334869823773E-16,1.,0.));
#4181 = ADVANCED_FACE('',(#4182),#4194,.T.);
#4182 = FACE_BOUND('',#4183,.T.);
#4183 = EDGE_LOOP('',(#4184,#4185,#4186,#4187));
#4184 = ORIENTED_EDGE('',*,*,#3461,.T.);
#4185 = ORIENTED_EDGE('',*,*,#1286,.T.);
#4186 = ORIENTED_EDGE('',*,*,#3413,.F.);
#4187 = ORIENTED_EDGE('',*,*,#4188,.T.);
#4188 = EDGE_CURVE('',#3390,#3452,#4189,.T.);
#4189 = CIRCLE('',#4190,0.12);
#4190 = AXIS2_PLACEMENT_3D('',#4191,#4192,#4193);
#4191 = CARTESIAN_POINT('',(1.25,-1.72,0.));
#4192 = DIRECTION('',(0.,-0.,1.));
#4193 = DIRECTION('',(1.,1.144237745222E-17,0.));
#4194 = CYLINDRICAL_SURFACE('',#4195,0.12);
#4195 = AXIS2_PLACEMENT_3D('',#4196,#4197,#4198);
#4196 = CARTESIAN_POINT('',(1.25,-1.72,0.));
#4197 = DIRECTION('',(0.,-0.,-1.));
#4198 = DIRECTION('',(1.,1.144237745222E-17,0.));
#4199 = ADVANCED_FACE('',(#4200),#4212,.T.);
#4200 = FACE_BOUND('',#4201,.T.);
#4201 = EDGE_LOOP('',(#4202,#4203,#4204,#4205));
#4202 = ORIENTED_EDGE('',*,*,#3558,.T.);
#4203 = ORIENTED_EDGE('',*,*,#1262,.T.);
#4204 = ORIENTED_EDGE('',*,*,#3510,.F.);
#4205 = ORIENTED_EDGE('',*,*,#4206,.T.);
#4206 = EDGE_CURVE('',#3487,#3549,#4207,.T.);
#4207 = CIRCLE('',#4208,0.12);
#4208 = AXIS2_PLACEMENT_3D('',#4209,#4210,#4211);
#4209 = CARTESIAN_POINT('',(0.75,-1.72,0.));
#4210 = DIRECTION('',(0.,-0.,1.));
#4211 = DIRECTION('',(1.,1.144237745222E-17,0.));
#4212 = CYLINDRICAL_SURFACE('',#4213,0.12);
#4213 = AXIS2_PLACEMENT_3D('',#4214,#4215,#4216);
#4214 = CARTESIAN_POINT('',(0.75,-1.72,0.));
#4215 = DIRECTION('',(0.,-0.,-1.));
#4216 = DIRECTION('',(1.,1.144237745222E-17,0.));
#4217 = ADVANCED_FACE('',(#4218),#4230,.T.);
#4218 = FACE_BOUND('',#4219,.T.);
#4219 = EDGE_LOOP('',(#4220,#4221,#4222,#4223));
#4220 = ORIENTED_EDGE('',*,*,#3655,.T.);
#4221 = ORIENTED_EDGE('',*,*,#1238,.T.);
#4222 = ORIENTED_EDGE('',*,*,#3607,.F.);
#4223 = ORIENTED_EDGE('',*,*,#4224,.T.);
#4224 = EDGE_CURVE('',#3584,#3646,#4225,.T.);
#4225 = CIRCLE('',#4226,0.12);
#4226 = AXIS2_PLACEMENT_3D('',#4227,#4228,#4229);
#4227 = CARTESIAN_POINT('',(0.25,-1.72,0.));
#4228 = DIRECTION('',(0.,-0.,1.));
#4229 = DIRECTION('',(1.,1.144237745222E-17,0.));
#4230 = CYLINDRICAL_SURFACE('',#4231,0.12);
#4231 = AXIS2_PLACEMENT_3D('',#4232,#4233,#4234);
#4232 = CARTESIAN_POINT('',(0.25,-1.72,0.));
#4233 = DIRECTION('',(0.,-0.,-1.));
#4234 = DIRECTION('',(1.,1.144237745222E-17,0.));
#4235 = ADVANCED_FACE('',(#4236),#4248,.T.);
#4236 = FACE_BOUND('',#4237,.T.);
#4237 = EDGE_LOOP('',(#4238,#4239,#4240,#4241));
#4238 = ORIENTED_EDGE('',*,*,#3752,.T.);
#4239 = ORIENTED_EDGE('',*,*,#1214,.T.);
#4240 = ORIENTED_EDGE('',*,*,#3704,.F.);
#4241 = ORIENTED_EDGE('',*,*,#4242,.T.);
#4242 = EDGE_CURVE('',#3681,#3743,#4243,.T.);
#4243 = CIRCLE('',#4244,0.12);
#4244 = AXIS2_PLACEMENT_3D('',#4245,#4246,#4247);
#4245 = CARTESIAN_POINT('',(-0.25,-1.72,0.));
#4246 = DIRECTION('',(0.,-0.,1.));
#4247 = DIRECTION('',(1.,1.144237745222E-17,0.));
#4248 = CYLINDRICAL_SURFACE('',#4249,0.12);
#4249 = AXIS2_PLACEMENT_3D('',#4250,#4251,#4252);
#4250 = CARTESIAN_POINT('',(-0.25,-1.72,0.));
#4251 = DIRECTION('',(0.,-0.,-1.));
#4252 = DIRECTION('',(1.,1.144237745222E-17,0.));
#4253 = ADVANCED_FACE('',(#4254),#4266,.T.);
#4254 = FACE_BOUND('',#4255,.T.);
#4255 = EDGE_LOOP('',(#4256,#4257,#4258,#4259));
#4256 = ORIENTED_EDGE('',*,*,#3849,.T.);
#4257 = ORIENTED_EDGE('',*,*,#1190,.T.);
#4258 = ORIENTED_EDGE('',*,*,#3801,.F.);
#4259 = ORIENTED_EDGE('',*,*,#4260,.T.);
#4260 = EDGE_CURVE('',#3778,#3840,#4261,.T.);
#4261 = CIRCLE('',#4262,0.12);
#4262 = AXIS2_PLACEMENT_3D('',#4263,#4264,#4265);
#4263 = CARTESIAN_POINT('',(-0.75,-1.72,0.));
#4264 = DIRECTION('',(0.,-0.,1.));
#4265 = DIRECTION('',(1.,1.144237745222E-17,0.));
#4266 = CYLINDRICAL_SURFACE('',#4267,0.12);
#4267 = AXIS2_PLACEMENT_3D('',#4268,#4269,#4270);
#4268 = CARTESIAN_POINT('',(-0.75,-1.72,0.));
#4269 = DIRECTION('',(0.,-0.,-1.));
#4270 = DIRECTION('',(1.,1.144237745222E-17,0.));
#4271 = ADVANCED_FACE('',(#4272),#4284,.T.);
#4272 = FACE_BOUND('',#4273,.T.);
#4273 = EDGE_LOOP('',(#4274,#4275,#4276,#4277));
#4274 = ORIENTED_EDGE('',*,*,#3946,.T.);
#4275 = ORIENTED_EDGE('',*,*,#1166,.T.);
#4276 = ORIENTED_EDGE('',*,*,#3898,.F.);
#4277 = ORIENTED_EDGE('',*,*,#4278,.T.);
#4278 = EDGE_CURVE('',#3875,#3937,#4279,.T.);
#4279 = CIRCLE('',#4280,0.12);
#4280 = AXIS2_PLACEMENT_3D('',#4281,#4282,#4283);
#4281 = CARTESIAN_POINT('',(-1.25,-1.72,0.));
#4282 = DIRECTION('',(0.,-0.,1.));
#4283 = DIRECTION('',(1.,1.144237745222E-17,0.));
#4284 = CYLINDRICAL_SURFACE('',#4285,0.12);
#4285 = AXIS2_PLACEMENT_3D('',#4286,#4287,#4288);
#4286 = CARTESIAN_POINT('',(-1.25,-1.72,0.));
#4287 = DIRECTION('',(0.,-0.,-1.));
#4288 = DIRECTION('',(1.,1.144237745222E-17,0.));
#4289 = ADVANCED_FACE('',(#4290),#4302,.T.);
#4290 = FACE_BOUND('',#4291,.T.);
#4291 = EDGE_LOOP('',(#4292,#4293,#4294,#4295));
#4292 = ORIENTED_EDGE('',*,*,#3300,.T.);
#4293 = ORIENTED_EDGE('',*,*,#1141,.T.);
#4294 = ORIENTED_EDGE('',*,*,#3373,.F.);
#4295 = ORIENTED_EDGE('',*,*,#4296,.T.);
#4296 = EDGE_CURVE('',#3357,#3291,#4297,.T.);
#4297 = CIRCLE('',#4298,0.12);
#4298 = AXIS2_PLACEMENT_3D('',#4299,#4300,#4301);
#4299 = CARTESIAN_POINT('',(-1.72,-1.25,0.));
#4300 = DIRECTION('',(-0.,0.,1.));
#4301 = DIRECTION('',(1.110223024625E-16,-1.,0.));
#4302 = CYLINDRICAL_SURFACE('',#4303,0.12);
#4303 = AXIS2_PLACEMENT_3D('',#4304,#4305,#4306);
#4304 = CARTESIAN_POINT('',(-1.72,-1.25,0.));
#4305 = DIRECTION('',(0.,0.,-1.));
#4306 = DIRECTION('',(1.110223024625E-16,-1.,0.));
#4307 = ADVANCED_FACE('',(#4308),#4320,.T.);
#4308 = FACE_BOUND('',#4309,.T.);
#4309 = EDGE_LOOP('',(#4310,#4311,#4312,#4313));
#4310 = ORIENTED_EDGE('',*,*,#3203,.T.);
#4311 = ORIENTED_EDGE('',*,*,#1117,.T.);
#4312 = ORIENTED_EDGE('',*,*,#3276,.F.);
#4313 = ORIENTED_EDGE('',*,*,#4314,.T.);
#4314 = EDGE_CURVE('',#3260,#3194,#4315,.T.);
#4315 = CIRCLE('',#4316,0.12);
#4316 = AXIS2_PLACEMENT_3D('',#4317,#4318,#4319);
#4317 = CARTESIAN_POINT('',(-1.72,-0.75,0.));
#4318 = DIRECTION('',(-0.,0.,1.));
#4319 = DIRECTION('',(1.110223024625E-16,-1.,0.));
#4320 = CYLINDRICAL_SURFACE('',#4321,0.12);
#4321 = AXIS2_PLACEMENT_3D('',#4322,#4323,#4324);
#4322 = CARTESIAN_POINT('',(-1.72,-0.75,0.));
#4323 = DIRECTION('',(0.,0.,-1.));
#4324 = DIRECTION('',(1.110223024625E-16,-1.,0.));
#4325 = ADVANCED_FACE('',(#4326),#4338,.T.);
#4326 = FACE_BOUND('',#4327,.T.);
#4327 = EDGE_LOOP('',(#4328,#4329,#4330,#4331));
#4328 = ORIENTED_EDGE('',*,*,#3106,.T.);
#4329 = ORIENTED_EDGE('',*,*,#1093,.T.);
#4330 = ORIENTED_EDGE('',*,*,#3179,.F.);
#4331 = ORIENTED_EDGE('',*,*,#4332,.T.);
#4332 = EDGE_CURVE('',#3163,#3097,#4333,.T.);
#4333 = CIRCLE('',#4334,0.12);
#4334 = AXIS2_PLACEMENT_3D('',#4335,#4336,#4337);
#4335 = CARTESIAN_POINT('',(-1.72,-0.25,0.));
#4336 = DIRECTION('',(-0.,0.,1.));
#4337 = DIRECTION('',(1.110223024625E-16,-1.,0.));
#4338 = CYLINDRICAL_SURFACE('',#4339,0.12);
#4339 = AXIS2_PLACEMENT_3D('',#4340,#4341,#4342);
#4340 = CARTESIAN_POINT('',(-1.72,-0.25,0.));
#4341 = DIRECTION('',(0.,0.,-1.));
#4342 = DIRECTION('',(1.110223024625E-16,-1.,0.));
#4343 = ADVANCED_FACE('',(#4344),#4356,.T.);
#4344 = FACE_BOUND('',#4345,.T.);
#4345 = EDGE_LOOP('',(#4346,#4347,#4348,#4349));
#4346 = ORIENTED_EDGE('',*,*,#3009,.T.);
#4347 = ORIENTED_EDGE('',*,*,#1069,.T.);
#4348 = ORIENTED_EDGE('',*,*,#3082,.F.);
#4349 = ORIENTED_EDGE('',*,*,#4350,.T.);
#4350 = EDGE_CURVE('',#3066,#3000,#4351,.T.);
#4351 = CIRCLE('',#4352,0.12);
#4352 = AXIS2_PLACEMENT_3D('',#4353,#4354,#4355);
#4353 = CARTESIAN_POINT('',(-1.72,0.25,0.));
#4354 = DIRECTION('',(-0.,0.,1.));
#4355 = DIRECTION('',(1.110223024625E-16,-1.,0.));
#4356 = CYLINDRICAL_SURFACE('',#4357,0.12);
#4357 = AXIS2_PLACEMENT_3D('',#4358,#4359,#4360);
#4358 = CARTESIAN_POINT('',(-1.72,0.25,0.));
#4359 = DIRECTION('',(0.,0.,-1.));
#4360 = DIRECTION('',(1.110223024625E-16,-1.,0.));
#4361 = ADVANCED_FACE('',(#4362),#4374,.T.);
#4362 = FACE_BOUND('',#4363,.T.);
#4363 = EDGE_LOOP('',(#4364,#4365,#4366,#4367));
#4364 = ORIENTED_EDGE('',*,*,#2912,.T.);
#4365 = ORIENTED_EDGE('',*,*,#1045,.T.);
#4366 = ORIENTED_EDGE('',*,*,#2985,.F.);
#4367 = ORIENTED_EDGE('',*,*,#4368,.T.);
#4368 = EDGE_CURVE('',#2969,#2903,#4369,.T.);
#4369 = CIRCLE('',#4370,0.12);
#4370 = AXIS2_PLACEMENT_3D('',#4371,#4372,#4373);
#4371 = CARTESIAN_POINT('',(-1.72,0.75,0.));
#4372 = DIRECTION('',(-0.,0.,1.));
#4373 = DIRECTION('',(1.110223024625E-16,-1.,0.));
#4374 = CYLINDRICAL_SURFACE('',#4375,0.12);
#4375 = AXIS2_PLACEMENT_3D('',#4376,#4377,#4378);
#4376 = CARTESIAN_POINT('',(-1.72,0.75,0.));
#4377 = DIRECTION('',(0.,0.,-1.));
#4378 = DIRECTION('',(1.110223024625E-16,-1.,0.));
#4379 = ADVANCED_FACE('',(#4380),#4392,.T.);
#4380 = FACE_BOUND('',#4381,.T.);
#4381 = EDGE_LOOP('',(#4382,#4383,#4384,#4385));
#4382 = ORIENTED_EDGE('',*,*,#2815,.T.);
#4383 = ORIENTED_EDGE('',*,*,#1021,.T.);
#4384 = ORIENTED_EDGE('',*,*,#2888,.F.);
#4385 = ORIENTED_EDGE('',*,*,#4386,.T.);
#4386 = EDGE_CURVE('',#2872,#2806,#4387,.T.);
#4387 = CIRCLE('',#4388,0.12);
#4388 = AXIS2_PLACEMENT_3D('',#4389,#4390,#4391);
#4389 = CARTESIAN_POINT('',(-1.72,1.25,0.));
#4390 = DIRECTION('',(-0.,0.,1.));
#4391 = DIRECTION('',(1.110223024625E-16,-1.,0.));
#4392 = CYLINDRICAL_SURFACE('',#4393,0.12);
#4393 = AXIS2_PLACEMENT_3D('',#4394,#4395,#4396);
#4394 = CARTESIAN_POINT('',(-1.72,1.25,0.));
#4395 = DIRECTION('',(0.,0.,-1.));
#4396 = DIRECTION('',(1.110223024625E-16,-1.,0.));
#4397 = ADVANCED_FACE('',(#4398),#4423,.F.);
#4398 = FACE_BOUND('',#4399,.F.);
#4399 = EDGE_LOOP('',(#4400,#4410,#4416,#4417));
#4400 = ORIENTED_EDGE('',*,*,#4401,.F.);
#4401 = EDGE_CURVE('',#4402,#4404,#4406,.T.);
#4402 = VERTEX_POINT('',#4403);
#4403 = CARTESIAN_POINT('',(-1.35,-1.35,0.));
#4404 = VERTEX_POINT('',#4405);
#4405 = CARTESIAN_POINT('',(1.35,-1.35,0.));
#4406 = LINE('',#4407,#4408);
#4407 = CARTESIAN_POINT('',(-1.35,-1.35,0.));
#4408 = VECTOR('',#4409,1.);
#4409 = DIRECTION('',(1.,2.878355989769E-17,0.));
#4410 = ORIENTED_EDGE('',*,*,#4411,.T.);
#4411 = EDGE_CURVE('',#4402,#1596,#4412,.T.);
#4412 = LINE('',#4413,#4414);
#4413 = CARTESIAN_POINT('',(-1.35,-1.35,0.));
#4414 = VECTOR('',#4415,1.);
#4415 = DIRECTION('',(0.,0.,1.));
#4416 = ORIENTED_EDGE('',*,*,#1593,.F.);
#4417 = ORIENTED_EDGE('',*,*,#4418,.F.);
#4418 = EDGE_CURVE('',#4404,#1594,#4419,.T.);
#4419 = LINE('',#4420,#4421);
#4420 = CARTESIAN_POINT('',(1.35,-1.35,0.));
#4421 = VECTOR('',#4422,1.);
#4422 = DIRECTION('',(0.,0.,1.));
#4423 = PLANE('',#4424);
#4424 = AXIS2_PLACEMENT_3D('',#4425,#4426,#4427);
#4425 = CARTESIAN_POINT('',(-1.35,-1.35,0.));
#4426 = DIRECTION('',(-2.878355989769E-17,1.,0.));
#4427 = DIRECTION('',(1.,2.878355989769E-17,0.));
#4428 = ADVANCED_FACE('',(#4429),#4447,.F.);
#4429 = FACE_BOUND('',#4430,.F.);
#4430 = EDGE_LOOP('',(#4431,#4439,#4440,#4441));
#4431 = ORIENTED_EDGE('',*,*,#4432,.F.);
#4432 = EDGE_CURVE('',#4404,#4433,#4435,.T.);
#4433 = VERTEX_POINT('',#4434);
#4434 = CARTESIAN_POINT('',(1.35,1.35,0.));
#4435 = LINE('',#4436,#4437);
#4436 = CARTESIAN_POINT('',(1.35,-1.35,0.));
#4437 = VECTOR('',#4438,1.);
#4438 = DIRECTION('',(-1.110223024625E-16,1.,0.));
#4439 = ORIENTED_EDGE('',*,*,#4418,.T.);
#4440 = ORIENTED_EDGE('',*,*,#1627,.F.);
#4441 = ORIENTED_EDGE('',*,*,#4442,.F.);
#4442 = EDGE_CURVE('',#4433,#1620,#4443,.T.);
#4443 = LINE('',#4444,#4445);
#4444 = CARTESIAN_POINT('',(1.35,1.35,0.));
#4445 = VECTOR('',#4446,1.);
#4446 = DIRECTION('',(0.,0.,1.));
#4447 = PLANE('',#4448);
#4448 = AXIS2_PLACEMENT_3D('',#4449,#4450,#4451);
#4449 = CARTESIAN_POINT('',(1.35,-1.35,0.));
#4450 = DIRECTION('',(-1.,-1.110223024625E-16,0.));
#4451 = DIRECTION('',(-1.110223024625E-16,1.,0.));
#4452 = ADVANCED_FACE('',(#4453),#4471,.F.);
#4453 = FACE_BOUND('',#4454,.F.);
#4454 = EDGE_LOOP('',(#4455,#4463,#4464,#4465));
#4455 = ORIENTED_EDGE('',*,*,#4456,.F.);
#4456 = EDGE_CURVE('',#4433,#4457,#4459,.T.);
#4457 = VERTEX_POINT('',#4458);
#4458 = CARTESIAN_POINT('',(-1.15,1.35,0.));
#4459 = LINE('',#4460,#4461);
#4460 = CARTESIAN_POINT('',(1.35,1.35,0.));
#4461 = VECTOR('',#4462,1.);
#4462 = DIRECTION('',(-1.,-1.110223024625E-16,0.));
#4463 = ORIENTED_EDGE('',*,*,#4442,.T.);
#4464 = ORIENTED_EDGE('',*,*,#1619,.F.);
#4465 = ORIENTED_EDGE('',*,*,#4466,.F.);
#4466 = EDGE_CURVE('',#4457,#1612,#4467,.T.);
#4467 = LINE('',#4468,#4469);
#4468 = CARTESIAN_POINT('',(-1.15,1.35,0.));
#4469 = VECTOR('',#4470,1.);
#4470 = DIRECTION('',(0.,0.,1.));
#4471 = PLANE('',#4472);
#4472 = AXIS2_PLACEMENT_3D('',#4473,#4474,#4475);
#4473 = CARTESIAN_POINT('',(1.35,1.35,0.));
#4474 = DIRECTION('',(1.110223024625E-16,-1.,0.));
#4475 = DIRECTION('',(-1.,-1.110223024625E-16,0.));
#4476 = ADVANCED_FACE('',(#4477),#4495,.F.);
#4477 = FACE_BOUND('',#4478,.F.);
#4478 = EDGE_LOOP('',(#4479,#4487,#4488,#4489));
#4479 = ORIENTED_EDGE('',*,*,#4480,.F.);
#4480 = EDGE_CURVE('',#4457,#4481,#4483,.T.);
#4481 = VERTEX_POINT('',#4482);
#4482 = CARTESIAN_POINT('',(-1.35,1.15,0.));
#4483 = LINE('',#4484,#4485);
#4484 = CARTESIAN_POINT('',(-1.15,1.35,0.));
#4485 = VECTOR('',#4486,1.);
#4486 = DIRECTION('',(-0.707106781187,-0.707106781187,0.));
#4487 = ORIENTED_EDGE('',*,*,#4466,.T.);
#4488 = ORIENTED_EDGE('',*,*,#1611,.F.);
#4489 = ORIENTED_EDGE('',*,*,#4490,.F.);
#4490 = EDGE_CURVE('',#4481,#1604,#4491,.T.);
#4491 = LINE('',#4492,#4493);
#4492 = CARTESIAN_POINT('',(-1.35,1.15,0.));
#4493 = VECTOR('',#4494,1.);
#4494 = DIRECTION('',(0.,0.,1.));
#4495 = PLANE('',#4496);
#4496 = AXIS2_PLACEMENT_3D('',#4497,#4498,#4499);
#4497 = CARTESIAN_POINT('',(-1.15,1.35,0.));
#4498 = DIRECTION('',(0.707106781187,-0.707106781187,0.));
#4499 = DIRECTION('',(-0.707106781187,-0.707106781187,0.));
#4500 = ADVANCED_FACE('',(#4501),#4512,.F.);
#4501 = FACE_BOUND('',#4502,.F.);
#4502 = EDGE_LOOP('',(#4503,#4509,#4510,#4511));
#4503 = ORIENTED_EDGE('',*,*,#4504,.F.);
#4504 = EDGE_CURVE('',#4481,#4402,#4505,.T.);
#4505 = LINE('',#4506,#4507);
#4506 = CARTESIAN_POINT('',(-1.35,1.15,0.));
#4507 = VECTOR('',#4508,1.);
#4508 = DIRECTION('',(1.110223024625E-16,-1.,0.));
#4509 = ORIENTED_EDGE('',*,*,#4490,.T.);
#4510 = ORIENTED_EDGE('',*,*,#1603,.F.);
#4511 = ORIENTED_EDGE('',*,*,#4411,.F.);
#4512 = PLANE('',#4513);
#4513 = AXIS2_PLACEMENT_3D('',#4514,#4515,#4516);
#4514 = CARTESIAN_POINT('',(-1.35,1.15,0.));
#4515 = DIRECTION('',(1.,1.110223024625E-16,0.));
#4516 = DIRECTION('',(1.110223024625E-16,-1.,0.));
#4517 = ADVANCED_FACE('',(#4518),#4529,.F.);
#4518 = FACE_BOUND('',#4519,.F.);
#4519 = EDGE_LOOP('',(#4520,#4521,#4522,#4523));
#4520 = ORIENTED_EDGE('',*,*,#1705,.T.);
#4521 = ORIENTED_EDGE('',*,*,#4062,.T.);
#4522 = ORIENTED_EDGE('',*,*,#1641,.T.);
#4523 = ORIENTED_EDGE('',*,*,#4524,.T.);
#4524 = EDGE_CURVE('',#1644,#1706,#4525,.T.);
#4525 = LINE('',#4526,#4527);
#4526 = CARTESIAN_POINT('',(1.37,2.,0.));
#4527 = VECTOR('',#4528,1.);
#4528 = DIRECTION('',(-1.,-1.224646799147E-16,0.));
#4529 = PLANE('',#4530);
#4530 = AXIS2_PLACEMENT_3D('',#4531,#4532,#4533);
#4531 = CARTESIAN_POINT('',(1.25,1.824015921009,0.));
#4532 = DIRECTION('',(0.,0.,1.));
#4533 = DIRECTION('',(-1.,-1.224646799147E-16,0.));
#4534 = ADVANCED_FACE('',(#4535),#4541,.F.);
#4535 = FACE_BOUND('',#4536,.F.);
#4536 = EDGE_LOOP('',(#4537,#4538,#4539,#4540));
#4537 = ORIENTED_EDGE('',*,*,#1667,.T.);
#4538 = ORIENTED_EDGE('',*,*,#1681,.T.);
#4539 = ORIENTED_EDGE('',*,*,#1715,.F.);
#4540 = ORIENTED_EDGE('',*,*,#4524,.F.);
#4541 = PLANE('',#4542);
#4542 = AXIS2_PLACEMENT_3D('',#4543,#4544,#4545);
#4543 = CARTESIAN_POINT('',(1.37,2.,0.));
#4544 = DIRECTION('',(1.224646799147E-16,-1.,0.));
#4545 = DIRECTION('',(-1.,-1.224646799147E-16,0.));
#4546 = ADVANCED_FACE('',(#4547),#4558,.F.);
#4547 = FACE_BOUND('',#4548,.F.);
#4548 = EDGE_LOOP('',(#4549,#4550,#4551,#4552));
#4549 = ORIENTED_EDGE('',*,*,#1802,.T.);
#4550 = ORIENTED_EDGE('',*,*,#4044,.T.);
#4551 = ORIENTED_EDGE('',*,*,#1738,.T.);
#4552 = ORIENTED_EDGE('',*,*,#4553,.T.);
#4553 = EDGE_CURVE('',#1741,#1803,#4554,.T.);
#4554 = LINE('',#4555,#4556);
#4555 = CARTESIAN_POINT('',(0.87,2.,0.));
#4556 = VECTOR('',#4557,1.);
#4557 = DIRECTION('',(-1.,-1.224646799147E-16,0.));
#4558 = PLANE('',#4559);
#4559 = AXIS2_PLACEMENT_3D('',#4560,#4561,#4562);
#4560 = CARTESIAN_POINT('',(0.75,1.824015921009,0.));
#4561 = DIRECTION('',(0.,0.,1.));
#4562 = DIRECTION('',(-1.,-1.224646799147E-16,0.));
#4563 = ADVANCED_FACE('',(#4564),#4570,.F.);
#4564 = FACE_BOUND('',#4565,.F.);
#4565 = EDGE_LOOP('',(#4566,#4567,#4568,#4569));
#4566 = ORIENTED_EDGE('',*,*,#1764,.T.);
#4567 = ORIENTED_EDGE('',*,*,#1778,.T.);
#4568 = ORIENTED_EDGE('',*,*,#1812,.F.);
#4569 = ORIENTED_EDGE('',*,*,#4553,.F.);
#4570 = PLANE('',#4571);
#4571 = AXIS2_PLACEMENT_3D('',#4572,#4573,#4574);
#4572 = CARTESIAN_POINT('',(0.87,2.,0.));
#4573 = DIRECTION('',(1.224646799147E-16,-1.,0.));
#4574 = DIRECTION('',(-1.,-1.224646799147E-16,0.));
#4575 = ADVANCED_FACE('',(#4576),#4587,.F.);
#4576 = FACE_BOUND('',#4577,.F.);
#4577 = EDGE_LOOP('',(#4578,#4579,#4580,#4581));
#4578 = ORIENTED_EDGE('',*,*,#1899,.T.);
#4579 = ORIENTED_EDGE('',*,*,#4026,.T.);
#4580 = ORIENTED_EDGE('',*,*,#1835,.T.);
#4581 = ORIENTED_EDGE('',*,*,#4582,.T.);
#4582 = EDGE_CURVE('',#1838,#1900,#4583,.T.);
#4583 = LINE('',#4584,#4585);
#4584 = CARTESIAN_POINT('',(0.37,2.,0.));
#4585 = VECTOR('',#4586,1.);
#4586 = DIRECTION('',(-1.,-1.224646799147E-16,0.));
#4587 = PLANE('',#4588);
#4588 = AXIS2_PLACEMENT_3D('',#4589,#4590,#4591);
#4589 = CARTESIAN_POINT('',(0.25,1.824015921009,0.));
#4590 = DIRECTION('',(0.,0.,1.));
#4591 = DIRECTION('',(-1.,-1.224646799147E-16,0.));
#4592 = ADVANCED_FACE('',(#4593),#4599,.F.);
#4593 = FACE_BOUND('',#4594,.F.);
#4594 = EDGE_LOOP('',(#4595,#4596,#4597,#4598));
#4595 = ORIENTED_EDGE('',*,*,#1861,.T.);
#4596 = ORIENTED_EDGE('',*,*,#1875,.T.);
#4597 = ORIENTED_EDGE('',*,*,#1909,.F.);
#4598 = ORIENTED_EDGE('',*,*,#4582,.F.);
#4599 = PLANE('',#4600);
#4600 = AXIS2_PLACEMENT_3D('',#4601,#4602,#4603);
#4601 = CARTESIAN_POINT('',(0.37,2.,0.));
#4602 = DIRECTION('',(1.224646799147E-16,-1.,0.));
#4603 = DIRECTION('',(-1.,-1.224646799147E-16,0.));
#4604 = ADVANCED_FACE('',(#4605),#4616,.F.);
#4605 = FACE_BOUND('',#4606,.F.);
#4606 = EDGE_LOOP('',(#4607,#4608,#4609,#4610));
#4607 = ORIENTED_EDGE('',*,*,#1996,.T.);
#4608 = ORIENTED_EDGE('',*,*,#4008,.T.);
#4609 = ORIENTED_EDGE('',*,*,#1932,.T.);
#4610 = ORIENTED_EDGE('',*,*,#4611,.T.);
#4611 = EDGE_CURVE('',#1935,#1997,#4612,.T.);
#4612 = LINE('',#4613,#4614);
#4613 = CARTESIAN_POINT('',(-0.13,2.,0.));
#4614 = VECTOR('',#4615,1.);
#4615 = DIRECTION('',(-1.,-1.224646799147E-16,0.));
#4616 = PLANE('',#4617);
#4617 = AXIS2_PLACEMENT_3D('',#4618,#4619,#4620);
#4618 = CARTESIAN_POINT('',(-0.25,1.824015921009,0.));
#4619 = DIRECTION('',(0.,0.,1.));
#4620 = DIRECTION('',(-1.,-1.224646799147E-16,0.));
#4621 = ADVANCED_FACE('',(#4622),#4628,.F.);
#4622 = FACE_BOUND('',#4623,.F.);
#4623 = EDGE_LOOP('',(#4624,#4625,#4626,#4627));
#4624 = ORIENTED_EDGE('',*,*,#1958,.T.);
#4625 = ORIENTED_EDGE('',*,*,#1972,.T.);
#4626 = ORIENTED_EDGE('',*,*,#2006,.F.);
#4627 = ORIENTED_EDGE('',*,*,#4611,.F.);
#4628 = PLANE('',#4629);
#4629 = AXIS2_PLACEMENT_3D('',#4630,#4631,#4632);
#4630 = CARTESIAN_POINT('',(-0.13,2.,0.));
#4631 = DIRECTION('',(1.224646799147E-16,-1.,0.));
#4632 = DIRECTION('',(-1.,-1.224646799147E-16,0.));
#4633 = ADVANCED_FACE('',(#4634),#4645,.F.);
#4634 = FACE_BOUND('',#4635,.F.);
#4635 = EDGE_LOOP('',(#4636,#4637,#4638,#4639));
#4636 = ORIENTED_EDGE('',*,*,#2093,.T.);
#4637 = ORIENTED_EDGE('',*,*,#3990,.T.);
#4638 = ORIENTED_EDGE('',*,*,#2029,.T.);
#4639 = ORIENTED_EDGE('',*,*,#4640,.T.);
#4640 = EDGE_CURVE('',#2032,#2094,#4641,.T.);
#4641 = LINE('',#4642,#4643);
#4642 = CARTESIAN_POINT('',(-0.63,2.,0.));
#4643 = VECTOR('',#4644,1.);
#4644 = DIRECTION('',(-1.,-1.224646799147E-16,0.));
#4645 = PLANE('',#4646);
#4646 = AXIS2_PLACEMENT_3D('',#4647,#4648,#4649);
#4647 = CARTESIAN_POINT('',(-0.75,1.824015921009,0.));
#4648 = DIRECTION('',(0.,0.,1.));
#4649 = DIRECTION('',(-1.,-1.224646799147E-16,0.));
#4650 = ADVANCED_FACE('',(#4651),#4657,.F.);
#4651 = FACE_BOUND('',#4652,.F.);
#4652 = EDGE_LOOP('',(#4653,#4654,#4655,#4656));
#4653 = ORIENTED_EDGE('',*,*,#2055,.T.);
#4654 = ORIENTED_EDGE('',*,*,#2069,.T.);
#4655 = ORIENTED_EDGE('',*,*,#2103,.F.);
#4656 = ORIENTED_EDGE('',*,*,#4640,.F.);
#4657 = PLANE('',#4658);
#4658 = AXIS2_PLACEMENT_3D('',#4659,#4660,#4661);
#4659 = CARTESIAN_POINT('',(-0.63,2.,0.));
#4660 = DIRECTION('',(1.224646799147E-16,-1.,0.));
#4661 = DIRECTION('',(-1.,-1.224646799147E-16,0.));
#4662 = ADVANCED_FACE('',(#4663),#4674,.F.);
#4663 = FACE_BOUND('',#4664,.F.);
#4664 = EDGE_LOOP('',(#4665,#4666,#4667,#4668));
#4665 = ORIENTED_EDGE('',*,*,#2190,.T.);
#4666 = ORIENTED_EDGE('',*,*,#3972,.T.);
#4667 = ORIENTED_EDGE('',*,*,#2126,.T.);
#4668 = ORIENTED_EDGE('',*,*,#4669,.T.);
#4669 = EDGE_CURVE('',#2129,#2191,#4670,.T.);
#4670 = LINE('',#4671,#4672);
#4671 = CARTESIAN_POINT('',(-1.13,2.,0.));
#4672 = VECTOR('',#4673,1.);
#4673 = DIRECTION('',(-1.,-1.224646799147E-16,0.));
#4674 = PLANE('',#4675);
#4675 = AXIS2_PLACEMENT_3D('',#4676,#4677,#4678);
#4676 = CARTESIAN_POINT('',(-1.25,1.824015921009,0.));
#4677 = DIRECTION('',(0.,0.,1.));
#4678 = DIRECTION('',(-1.,-1.224646799147E-16,0.));
#4679 = ADVANCED_FACE('',(#4680),#4686,.F.);
#4680 = FACE_BOUND('',#4681,.F.);
#4681 = EDGE_LOOP('',(#4682,#4683,#4684,#4685));
#4682 = ORIENTED_EDGE('',*,*,#2152,.T.);
#4683 = ORIENTED_EDGE('',*,*,#2166,.T.);
#4684 = ORIENTED_EDGE('',*,*,#2200,.F.);
#4685 = ORIENTED_EDGE('',*,*,#4669,.F.);
#4686 = PLANE('',#4687);
#4687 = AXIS2_PLACEMENT_3D('',#4688,#4689,#4690);
#4688 = CARTESIAN_POINT('',(-1.13,2.,0.));
#4689 = DIRECTION('',(1.224646799147E-16,-1.,0.));
#4690 = DIRECTION('',(-1.,-1.224646799147E-16,0.));
#4691 = ADVANCED_FACE('',(#4692),#4703,.F.);
#4692 = FACE_BOUND('',#4693,.F.);
#4693 = EDGE_LOOP('',(#4694,#4695,#4696,#4697));
#4694 = ORIENTED_EDGE('',*,*,#2223,.T.);
#4695 = ORIENTED_EDGE('',*,*,#4080,.T.);
#4696 = ORIENTED_EDGE('',*,*,#2287,.T.);
#4697 = ORIENTED_EDGE('',*,*,#4698,.T.);
#4698 = EDGE_CURVE('',#2290,#2224,#4699,.T.);
#4699 = LINE('',#4700,#4701);
#4700 = CARTESIAN_POINT('',(2.,1.13,0.));
#4701 = VECTOR('',#4702,1.);
#4702 = DIRECTION('',(-2.334869823773E-16,1.,0.));
#4703 = PLANE('',#4704);
#4704 = AXIS2_PLACEMENT_3D('',#4705,#4706,#4707);
#4705 = CARTESIAN_POINT('',(1.824015921009,1.25,0.));
#4706 = DIRECTION('',(0.,0.,1.));
#4707 = DIRECTION('',(-2.334869823773E-16,1.,0.));
#4708 = ADVANCED_FACE('',(#4709),#4715,.F.);
#4709 = FACE_BOUND('',#4710,.F.);
#4710 = EDGE_LOOP('',(#4711,#4712,#4713,#4714));
#4711 = ORIENTED_EDGE('',*,*,#2306,.T.);
#4712 = ORIENTED_EDGE('',*,*,#2263,.T.);
#4713 = ORIENTED_EDGE('',*,*,#2233,.F.);
#4714 = ORIENTED_EDGE('',*,*,#4698,.F.);
#4715 = PLANE('',#4716);
#4716 = AXIS2_PLACEMENT_3D('',#4717,#4718,#4719);
#4717 = CARTESIAN_POINT('',(2.,1.13,0.));
#4718 = DIRECTION('',(-1.,-2.334869823773E-16,0.));
#4719 = DIRECTION('',(-2.334869823773E-16,1.,0.));
#4720 = ADVANCED_FACE('',(#4721),#4732,.F.);
#4721 = FACE_BOUND('',#4722,.F.);
#4722 = EDGE_LOOP('',(#4723,#4724,#4725,#4726));
#4723 = ORIENTED_EDGE('',*,*,#2320,.T.);
#4724 = ORIENTED_EDGE('',*,*,#4098,.T.);
#4725 = ORIENTED_EDGE('',*,*,#2384,.T.);
#4726 = ORIENTED_EDGE('',*,*,#4727,.T.);
#4727 = EDGE_CURVE('',#2387,#2321,#4728,.T.);
#4728 = LINE('',#4729,#4730);
#4729 = CARTESIAN_POINT('',(2.,0.63,0.));
#4730 = VECTOR('',#4731,1.);
#4731 = DIRECTION('',(-2.334869823773E-16,1.,0.));
#4732 = PLANE('',#4733);
#4733 = AXIS2_PLACEMENT_3D('',#4734,#4735,#4736);
#4734 = CARTESIAN_POINT('',(1.824015921009,0.75,0.));
#4735 = DIRECTION('',(0.,0.,1.));
#4736 = DIRECTION('',(-2.334869823773E-16,1.,0.));
#4737 = ADVANCED_FACE('',(#4738),#4744,.F.);
#4738 = FACE_BOUND('',#4739,.F.);
#4739 = EDGE_LOOP('',(#4740,#4741,#4742,#4743));
#4740 = ORIENTED_EDGE('',*,*,#2403,.T.);
#4741 = ORIENTED_EDGE('',*,*,#2360,.T.);
#4742 = ORIENTED_EDGE('',*,*,#2330,.F.);
#4743 = ORIENTED_EDGE('',*,*,#4727,.F.);
#4744 = PLANE('',#4745);
#4745 = AXIS2_PLACEMENT_3D('',#4746,#4747,#4748);
#4746 = CARTESIAN_POINT('',(2.,0.63,0.));
#4747 = DIRECTION('',(-1.,-2.334869823773E-16,0.));
#4748 = DIRECTION('',(-2.334869823773E-16,1.,0.));
#4749 = ADVANCED_FACE('',(#4750),#4761,.F.);
#4750 = FACE_BOUND('',#4751,.F.);
#4751 = EDGE_LOOP('',(#4752,#4753,#4754,#4755));
#4752 = ORIENTED_EDGE('',*,*,#2417,.T.);
#4753 = ORIENTED_EDGE('',*,*,#4116,.T.);
#4754 = ORIENTED_EDGE('',*,*,#2481,.T.);
#4755 = ORIENTED_EDGE('',*,*,#4756,.T.);
#4756 = EDGE_CURVE('',#2484,#2418,#4757,.T.);
#4757 = LINE('',#4758,#4759);
#4758 = CARTESIAN_POINT('',(2.,0.13,0.));
#4759 = VECTOR('',#4760,1.);
#4760 = DIRECTION('',(-2.334869823773E-16,1.,0.));
#4761 = PLANE('',#4762);
#4762 = AXIS2_PLACEMENT_3D('',#4763,#4764,#4765);
#4763 = CARTESIAN_POINT('',(1.824015921009,0.25,0.));
#4764 = DIRECTION('',(0.,0.,1.));
#4765 = DIRECTION('',(-2.334869823773E-16,1.,0.));
#4766 = ADVANCED_FACE('',(#4767),#4773,.F.);
#4767 = FACE_BOUND('',#4768,.F.);
#4768 = EDGE_LOOP('',(#4769,#4770,#4771,#4772));
#4769 = ORIENTED_EDGE('',*,*,#2500,.T.);
#4770 = ORIENTED_EDGE('',*,*,#2457,.T.);
#4771 = ORIENTED_EDGE('',*,*,#2427,.F.);
#4772 = ORIENTED_EDGE('',*,*,#4756,.F.);
#4773 = PLANE('',#4774);
#4774 = AXIS2_PLACEMENT_3D('',#4775,#4776,#4777);
#4775 = CARTESIAN_POINT('',(2.,0.13,0.));
#4776 = DIRECTION('',(-1.,-2.334869823773E-16,0.));
#4777 = DIRECTION('',(-2.334869823773E-16,1.,0.));
#4778 = ADVANCED_FACE('',(#4779),#4790,.F.);
#4779 = FACE_BOUND('',#4780,.F.);
#4780 = EDGE_LOOP('',(#4781,#4782,#4783,#4784));
#4781 = ORIENTED_EDGE('',*,*,#2514,.T.);
#4782 = ORIENTED_EDGE('',*,*,#4134,.T.);
#4783 = ORIENTED_EDGE('',*,*,#2578,.T.);
#4784 = ORIENTED_EDGE('',*,*,#4785,.T.);
#4785 = EDGE_CURVE('',#2581,#2515,#4786,.T.);
#4786 = LINE('',#4787,#4788);
#4787 = CARTESIAN_POINT('',(2.,-0.37,0.));
#4788 = VECTOR('',#4789,1.);
#4789 = DIRECTION('',(-2.334869823773E-16,1.,0.));
#4790 = PLANE('',#4791);
#4791 = AXIS2_PLACEMENT_3D('',#4792,#4793,#4794);
#4792 = CARTESIAN_POINT('',(1.824015921009,-0.25,0.));
#4793 = DIRECTION('',(0.,0.,1.));
#4794 = DIRECTION('',(-2.334869823773E-16,1.,0.));
#4795 = ADVANCED_FACE('',(#4796),#4802,.F.);
#4796 = FACE_BOUND('',#4797,.F.);
#4797 = EDGE_LOOP('',(#4798,#4799,#4800,#4801));
#4798 = ORIENTED_EDGE('',*,*,#2597,.T.);
#4799 = ORIENTED_EDGE('',*,*,#2554,.T.);
#4800 = ORIENTED_EDGE('',*,*,#2524,.F.);
#4801 = ORIENTED_EDGE('',*,*,#4785,.F.);
#4802 = PLANE('',#4803);
#4803 = AXIS2_PLACEMENT_3D('',#4804,#4805,#4806);
#4804 = CARTESIAN_POINT('',(2.,-0.37,0.));
#4805 = DIRECTION('',(-1.,-2.334869823773E-16,0.));
#4806 = DIRECTION('',(-2.334869823773E-16,1.,0.));
#4807 = ADVANCED_FACE('',(#4808),#4819,.F.);
#4808 = FACE_BOUND('',#4809,.F.);
#4809 = EDGE_LOOP('',(#4810,#4811,#4812,#4813));
#4810 = ORIENTED_EDGE('',*,*,#2611,.T.);
#4811 = ORIENTED_EDGE('',*,*,#4152,.T.);
#4812 = ORIENTED_EDGE('',*,*,#2675,.T.);
#4813 = ORIENTED_EDGE('',*,*,#4814,.T.);
#4814 = EDGE_CURVE('',#2678,#2612,#4815,.T.);
#4815 = LINE('',#4816,#4817);
#4816 = CARTESIAN_POINT('',(2.,-0.87,0.));
#4817 = VECTOR('',#4818,1.);
#4818 = DIRECTION('',(-2.334869823773E-16,1.,0.));
#4819 = PLANE('',#4820);
#4820 = AXIS2_PLACEMENT_3D('',#4821,#4822,#4823);
#4821 = CARTESIAN_POINT('',(1.824015921009,-0.75,0.));
#4822 = DIRECTION('',(0.,0.,1.));
#4823 = DIRECTION('',(-2.334869823773E-16,1.,0.));
#4824 = ADVANCED_FACE('',(#4825),#4831,.F.);
#4825 = FACE_BOUND('',#4826,.F.);
#4826 = EDGE_LOOP('',(#4827,#4828,#4829,#4830));
#4827 = ORIENTED_EDGE('',*,*,#2694,.T.);
#4828 = ORIENTED_EDGE('',*,*,#2651,.T.);
#4829 = ORIENTED_EDGE('',*,*,#2621,.F.);
#4830 = ORIENTED_EDGE('',*,*,#4814,.F.);
#4831 = PLANE('',#4832);
#4832 = AXIS2_PLACEMENT_3D('',#4833,#4834,#4835);
#4833 = CARTESIAN_POINT('',(2.,-0.87,0.));
#4834 = DIRECTION('',(-1.,-2.334869823773E-16,0.));
#4835 = DIRECTION('',(-2.334869823773E-16,1.,0.));
#4836 = ADVANCED_FACE('',(#4837),#4848,.F.);
#4837 = FACE_BOUND('',#4838,.F.);
#4838 = EDGE_LOOP('',(#4839,#4840,#4841,#4842));
#4839 = ORIENTED_EDGE('',*,*,#2708,.T.);
#4840 = ORIENTED_EDGE('',*,*,#4170,.T.);
#4841 = ORIENTED_EDGE('',*,*,#2772,.T.);
#4842 = ORIENTED_EDGE('',*,*,#4843,.T.);
#4843 = EDGE_CURVE('',#2775,#2709,#4844,.T.);
#4844 = LINE('',#4845,#4846);
#4845 = CARTESIAN_POINT('',(2.,-1.37,0.));
#4846 = VECTOR('',#4847,1.);
#4847 = DIRECTION('',(-2.334869823773E-16,1.,0.));
#4848 = PLANE('',#4849);
#4849 = AXIS2_PLACEMENT_3D('',#4850,#4851,#4852);
#4850 = CARTESIAN_POINT('',(1.824015921009,-1.25,0.));
#4851 = DIRECTION('',(0.,0.,1.));
#4852 = DIRECTION('',(-2.334869823773E-16,1.,0.));
#4853 = ADVANCED_FACE('',(#4854),#4860,.F.);
#4854 = FACE_BOUND('',#4855,.F.);
#4855 = EDGE_LOOP('',(#4856,#4857,#4858,#4859));
#4856 = ORIENTED_EDGE('',*,*,#2791,.T.);
#4857 = ORIENTED_EDGE('',*,*,#2748,.T.);
#4858 = ORIENTED_EDGE('',*,*,#2718,.F.);
#4859 = ORIENTED_EDGE('',*,*,#4843,.F.);
#4860 = PLANE('',#4861);
#4861 = AXIS2_PLACEMENT_3D('',#4862,#4863,#4864);
#4862 = CARTESIAN_POINT('',(2.,-1.37,0.));
#4863 = DIRECTION('',(-1.,-2.334869823773E-16,0.));
#4864 = DIRECTION('',(-2.334869823773E-16,1.,0.));
#4865 = ADVANCED_FACE('',(#4866),#4877,.F.);
#4866 = FACE_BOUND('',#4867,.F.);
#4867 = EDGE_LOOP('',(#4868,#4869,#4870,#4871));
#4868 = ORIENTED_EDGE('',*,*,#2869,.T.);
#4869 = ORIENTED_EDGE('',*,*,#4386,.T.);
#4870 = ORIENTED_EDGE('',*,*,#2805,.T.);
#4871 = ORIENTED_EDGE('',*,*,#4872,.T.);
#4872 = EDGE_CURVE('',#2808,#2870,#4873,.T.);
#4873 = LINE('',#4874,#4875);
#4874 = CARTESIAN_POINT('',(-2.,1.37,0.));
#4875 = VECTOR('',#4876,1.);
#4876 = DIRECTION('',(1.110223024625E-16,-1.,0.));
#4877 = PLANE('',#4878);
#4878 = AXIS2_PLACEMENT_3D('',#4879,#4880,#4881);
#4879 = CARTESIAN_POINT('',(-1.824015921009,1.25,0.));
#4880 = DIRECTION('',(0.,0.,1.));
#4881 = DIRECTION('',(1.110223024625E-16,-1.,0.));
#4882 = ADVANCED_FACE('',(#4883),#4889,.F.);
#4883 = FACE_BOUND('',#4884,.F.);
#4884 = EDGE_LOOP('',(#4885,#4886,#4887,#4888));
#4885 = ORIENTED_EDGE('',*,*,#2831,.T.);
#4886 = ORIENTED_EDGE('',*,*,#2845,.T.);
#4887 = ORIENTED_EDGE('',*,*,#2879,.F.);
#4888 = ORIENTED_EDGE('',*,*,#4872,.F.);
#4889 = PLANE('',#4890);
#4890 = AXIS2_PLACEMENT_3D('',#4891,#4892,#4893);
#4891 = CARTESIAN_POINT('',(-2.,1.37,0.));
#4892 = DIRECTION('',(1.,1.110223024625E-16,0.));
#4893 = DIRECTION('',(1.110223024625E-16,-1.,0.));
#4894 = ADVANCED_FACE('',(#4895),#4906,.F.);
#4895 = FACE_BOUND('',#4896,.F.);
#4896 = EDGE_LOOP('',(#4897,#4898,#4899,#4900));
#4897 = ORIENTED_EDGE('',*,*,#2966,.T.);
#4898 = ORIENTED_EDGE('',*,*,#4368,.T.);
#4899 = ORIENTED_EDGE('',*,*,#2902,.T.);
#4900 = ORIENTED_EDGE('',*,*,#4901,.T.);
#4901 = EDGE_CURVE('',#2905,#2967,#4902,.T.);
#4902 = LINE('',#4903,#4904);
#4903 = CARTESIAN_POINT('',(-2.,0.87,0.));
#4904 = VECTOR('',#4905,1.);
#4905 = DIRECTION('',(1.110223024625E-16,-1.,0.));
#4906 = PLANE('',#4907);
#4907 = AXIS2_PLACEMENT_3D('',#4908,#4909,#4910);
#4908 = CARTESIAN_POINT('',(-1.824015921009,0.75,0.));
#4909 = DIRECTION('',(0.,0.,1.));
#4910 = DIRECTION('',(1.110223024625E-16,-1.,0.));
#4911 = ADVANCED_FACE('',(#4912),#4918,.F.);
#4912 = FACE_BOUND('',#4913,.F.);
#4913 = EDGE_LOOP('',(#4914,#4915,#4916,#4917));
#4914 = ORIENTED_EDGE('',*,*,#2928,.T.);
#4915 = ORIENTED_EDGE('',*,*,#2942,.T.);
#4916 = ORIENTED_EDGE('',*,*,#2976,.F.);
#4917 = ORIENTED_EDGE('',*,*,#4901,.F.);
#4918 = PLANE('',#4919);
#4919 = AXIS2_PLACEMENT_3D('',#4920,#4921,#4922);
#4920 = CARTESIAN_POINT('',(-2.,0.87,0.));
#4921 = DIRECTION('',(1.,1.110223024625E-16,0.));
#4922 = DIRECTION('',(1.110223024625E-16,-1.,0.));
#4923 = ADVANCED_FACE('',(#4924),#4935,.F.);
#4924 = FACE_BOUND('',#4925,.F.);
#4925 = EDGE_LOOP('',(#4926,#4927,#4928,#4929));
#4926 = ORIENTED_EDGE('',*,*,#3063,.T.);
#4927 = ORIENTED_EDGE('',*,*,#4350,.T.);
#4928 = ORIENTED_EDGE('',*,*,#2999,.T.);
#4929 = ORIENTED_EDGE('',*,*,#4930,.T.);
#4930 = EDGE_CURVE('',#3002,#3064,#4931,.T.);
#4931 = LINE('',#4932,#4933);
#4932 = CARTESIAN_POINT('',(-2.,0.37,0.));
#4933 = VECTOR('',#4934,1.);
#4934 = DIRECTION('',(1.110223024625E-16,-1.,0.));
#4935 = PLANE('',#4936);
#4936 = AXIS2_PLACEMENT_3D('',#4937,#4938,#4939);
#4937 = CARTESIAN_POINT('',(-1.824015921009,0.25,0.));
#4938 = DIRECTION('',(0.,0.,1.));
#4939 = DIRECTION('',(1.110223024625E-16,-1.,0.));
#4940 = ADVANCED_FACE('',(#4941),#4947,.F.);
#4941 = FACE_BOUND('',#4942,.F.);
#4942 = EDGE_LOOP('',(#4943,#4944,#4945,#4946));
#4943 = ORIENTED_EDGE('',*,*,#3025,.T.);
#4944 = ORIENTED_EDGE('',*,*,#3039,.T.);
#4945 = ORIENTED_EDGE('',*,*,#3073,.F.);
#4946 = ORIENTED_EDGE('',*,*,#4930,.F.);
#4947 = PLANE('',#4948);
#4948 = AXIS2_PLACEMENT_3D('',#4949,#4950,#4951);
#4949 = CARTESIAN_POINT('',(-2.,0.37,0.));
#4950 = DIRECTION('',(1.,1.110223024625E-16,0.));
#4951 = DIRECTION('',(1.110223024625E-16,-1.,0.));
#4952 = ADVANCED_FACE('',(#4953),#4964,.F.);
#4953 = FACE_BOUND('',#4954,.F.);
#4954 = EDGE_LOOP('',(#4955,#4956,#4957,#4958));
#4955 = ORIENTED_EDGE('',*,*,#3160,.T.);
#4956 = ORIENTED_EDGE('',*,*,#4332,.T.);
#4957 = ORIENTED_EDGE('',*,*,#3096,.T.);
#4958 = ORIENTED_EDGE('',*,*,#4959,.T.);
#4959 = EDGE_CURVE('',#3099,#3161,#4960,.T.);
#4960 = LINE('',#4961,#4962);
#4961 = CARTESIAN_POINT('',(-2.,-0.13,0.));
#4962 = VECTOR('',#4963,1.);
#4963 = DIRECTION('',(1.110223024625E-16,-1.,0.));
#4964 = PLANE('',#4965);
#4965 = AXIS2_PLACEMENT_3D('',#4966,#4967,#4968);
#4966 = CARTESIAN_POINT('',(-1.824015921009,-0.25,0.));
#4967 = DIRECTION('',(0.,0.,1.));
#4968 = DIRECTION('',(1.110223024625E-16,-1.,0.));
#4969 = ADVANCED_FACE('',(#4970),#4976,.F.);
#4970 = FACE_BOUND('',#4971,.F.);
#4971 = EDGE_LOOP('',(#4972,#4973,#4974,#4975));
#4972 = ORIENTED_EDGE('',*,*,#3122,.T.);
#4973 = ORIENTED_EDGE('',*,*,#3136,.T.);
#4974 = ORIENTED_EDGE('',*,*,#3170,.F.);
#4975 = ORIENTED_EDGE('',*,*,#4959,.F.);
#4976 = PLANE('',#4977);
#4977 = AXIS2_PLACEMENT_3D('',#4978,#4979,#4980);
#4978 = CARTESIAN_POINT('',(-2.,-0.13,0.));
#4979 = DIRECTION('',(1.,1.110223024625E-16,0.));
#4980 = DIRECTION('',(1.110223024625E-16,-1.,0.));
#4981 = ADVANCED_FACE('',(#4982),#4993,.F.);
#4982 = FACE_BOUND('',#4983,.F.);
#4983 = EDGE_LOOP('',(#4984,#4985,#4986,#4987));
#4984 = ORIENTED_EDGE('',*,*,#3257,.T.);
#4985 = ORIENTED_EDGE('',*,*,#4314,.T.);
#4986 = ORIENTED_EDGE('',*,*,#3193,.T.);
#4987 = ORIENTED_EDGE('',*,*,#4988,.T.);
#4988 = EDGE_CURVE('',#3196,#3258,#4989,.T.);
#4989 = LINE('',#4990,#4991);
#4990 = CARTESIAN_POINT('',(-2.,-0.63,0.));
#4991 = VECTOR('',#4992,1.);
#4992 = DIRECTION('',(1.110223024625E-16,-1.,0.));
#4993 = PLANE('',#4994);
#4994 = AXIS2_PLACEMENT_3D('',#4995,#4996,#4997);
#4995 = CARTESIAN_POINT('',(-1.824015921009,-0.75,0.));
#4996 = DIRECTION('',(0.,0.,1.));
#4997 = DIRECTION('',(1.110223024625E-16,-1.,0.));
#4998 = ADVANCED_FACE('',(#4999),#5005,.F.);
#4999 = FACE_BOUND('',#5000,.F.);
#5000 = EDGE_LOOP('',(#5001,#5002,#5003,#5004));
#5001 = ORIENTED_EDGE('',*,*,#3219,.T.);
#5002 = ORIENTED_EDGE('',*,*,#3233,.T.);
#5003 = ORIENTED_EDGE('',*,*,#3267,.F.);
#5004 = ORIENTED_EDGE('',*,*,#4988,.F.);
#5005 = PLANE('',#5006);
#5006 = AXIS2_PLACEMENT_3D('',#5007,#5008,#5009);
#5007 = CARTESIAN_POINT('',(-2.,-0.63,0.));
#5008 = DIRECTION('',(1.,1.110223024625E-16,0.));
#5009 = DIRECTION('',(1.110223024625E-16,-1.,0.));
#5010 = ADVANCED_FACE('',(#5011),#5022,.F.);
#5011 = FACE_BOUND('',#5012,.F.);
#5012 = EDGE_LOOP('',(#5013,#5014,#5015,#5016));
#5013 = ORIENTED_EDGE('',*,*,#3354,.T.);
#5014 = ORIENTED_EDGE('',*,*,#4296,.T.);
#5015 = ORIENTED_EDGE('',*,*,#3290,.T.);
#5016 = ORIENTED_EDGE('',*,*,#5017,.T.);
#5017 = EDGE_CURVE('',#3293,#3355,#5018,.T.);
#5018 = LINE('',#5019,#5020);
#5019 = CARTESIAN_POINT('',(-2.,-1.13,0.));
#5020 = VECTOR('',#5021,1.);
#5021 = DIRECTION('',(1.110223024625E-16,-1.,0.));
#5022 = PLANE('',#5023);
#5023 = AXIS2_PLACEMENT_3D('',#5024,#5025,#5026);
#5024 = CARTESIAN_POINT('',(-1.824015921009,-1.25,0.));
#5025 = DIRECTION('',(0.,0.,1.));
#5026 = DIRECTION('',(1.110223024625E-16,-1.,0.));
#5027 = ADVANCED_FACE('',(#5028),#5034,.F.);
#5028 = FACE_BOUND('',#5029,.F.);
#5029 = EDGE_LOOP('',(#5030,#5031,#5032,#5033));
#5030 = ORIENTED_EDGE('',*,*,#3316,.T.);
#5031 = ORIENTED_EDGE('',*,*,#3330,.T.);
#5032 = ORIENTED_EDGE('',*,*,#3364,.F.);
#5033 = ORIENTED_EDGE('',*,*,#5017,.F.);
#5034 = PLANE('',#5035);
#5035 = AXIS2_PLACEMENT_3D('',#5036,#5037,#5038);
#5036 = CARTESIAN_POINT('',(-2.,-1.13,0.));
#5037 = DIRECTION('',(1.,1.110223024625E-16,0.));
#5038 = DIRECTION('',(1.110223024625E-16,-1.,0.));
#5039 = ADVANCED_FACE('',(#5040),#5051,.F.);
#5040 = FACE_BOUND('',#5041,.F.);
#5041 = EDGE_LOOP('',(#5042,#5043,#5044,#5045));
#5042 = ORIENTED_EDGE('',*,*,#3387,.T.);
#5043 = ORIENTED_EDGE('',*,*,#4188,.T.);
#5044 = ORIENTED_EDGE('',*,*,#3451,.T.);
#5045 = ORIENTED_EDGE('',*,*,#5046,.T.);
#5046 = EDGE_CURVE('',#3454,#3388,#5047,.T.);
#5047 = LINE('',#5048,#5049);
#5048 = CARTESIAN_POINT('',(1.13,-2.,0.));
#5049 = VECTOR('',#5050,1.);
#5050 = DIRECTION('',(1.,1.144237745222E-17,0.));
#5051 = PLANE('',#5052);
#5052 = AXIS2_PLACEMENT_3D('',#5053,#5054,#5055);
#5053 = CARTESIAN_POINT('',(1.25,-1.824015921009,0.));
#5054 = DIRECTION('',(0.,0.,1.));
#5055 = DIRECTION('',(1.,1.144237745222E-17,-0.));
#5056 = ADVANCED_FACE('',(#5057),#5063,.F.);
#5057 = FACE_BOUND('',#5058,.F.);
#5058 = EDGE_LOOP('',(#5059,#5060,#5061,#5062));
#5059 = ORIENTED_EDGE('',*,*,#3470,.T.);
#5060 = ORIENTED_EDGE('',*,*,#3427,.T.);
#5061 = ORIENTED_EDGE('',*,*,#3397,.F.);
#5062 = ORIENTED_EDGE('',*,*,#5046,.F.);
#5063 = PLANE('',#5064);
#5064 = AXIS2_PLACEMENT_3D('',#5065,#5066,#5067);
#5065 = CARTESIAN_POINT('',(1.13,-2.,0.));
#5066 = DIRECTION('',(-1.144237745222E-17,1.,0.));
#5067 = DIRECTION('',(1.,1.144237745222E-17,0.));
#5068 = ADVANCED_FACE('',(#5069),#5080,.F.);
#5069 = FACE_BOUND('',#5070,.F.);
#5070 = EDGE_LOOP('',(#5071,#5072,#5073,#5074));
#5071 = ORIENTED_EDGE('',*,*,#3484,.T.);
#5072 = ORIENTED_EDGE('',*,*,#4206,.T.);
#5073 = ORIENTED_EDGE('',*,*,#3548,.T.);
#5074 = ORIENTED_EDGE('',*,*,#5075,.T.);
#5075 = EDGE_CURVE('',#3551,#3485,#5076,.T.);
#5076 = LINE('',#5077,#5078);
#5077 = CARTESIAN_POINT('',(0.63,-2.,0.));
#5078 = VECTOR('',#5079,1.);
#5079 = DIRECTION('',(1.,1.144237745222E-17,0.));
#5080 = PLANE('',#5081);
#5081 = AXIS2_PLACEMENT_3D('',#5082,#5083,#5084);
#5082 = CARTESIAN_POINT('',(0.75,-1.824015921009,0.));
#5083 = DIRECTION('',(0.,0.,1.));
#5084 = DIRECTION('',(1.,1.144237745222E-17,-0.));
#5085 = ADVANCED_FACE('',(#5086),#5092,.F.);
#5086 = FACE_BOUND('',#5087,.F.);
#5087 = EDGE_LOOP('',(#5088,#5089,#5090,#5091));
#5088 = ORIENTED_EDGE('',*,*,#3567,.T.);
#5089 = ORIENTED_EDGE('',*,*,#3524,.T.);
#5090 = ORIENTED_EDGE('',*,*,#3494,.F.);
#5091 = ORIENTED_EDGE('',*,*,#5075,.F.);
#5092 = PLANE('',#5093);
#5093 = AXIS2_PLACEMENT_3D('',#5094,#5095,#5096);
#5094 = CARTESIAN_POINT('',(0.63,-2.,0.));
#5095 = DIRECTION('',(-1.144237745222E-17,1.,0.));
#5096 = DIRECTION('',(1.,1.144237745222E-17,0.));
#5097 = ADVANCED_FACE('',(#5098),#5109,.F.);
#5098 = FACE_BOUND('',#5099,.F.);
#5099 = EDGE_LOOP('',(#5100,#5101,#5102,#5103));
#5100 = ORIENTED_EDGE('',*,*,#3581,.T.);
#5101 = ORIENTED_EDGE('',*,*,#4224,.T.);
#5102 = ORIENTED_EDGE('',*,*,#3645,.T.);
#5103 = ORIENTED_EDGE('',*,*,#5104,.T.);
#5104 = EDGE_CURVE('',#3648,#3582,#5105,.T.);
#5105 = LINE('',#5106,#5107);
#5106 = CARTESIAN_POINT('',(0.13,-2.,0.));
#5107 = VECTOR('',#5108,1.);
#5108 = DIRECTION('',(1.,1.144237745222E-17,0.));
#5109 = PLANE('',#5110);
#5110 = AXIS2_PLACEMENT_3D('',#5111,#5112,#5113);
#5111 = CARTESIAN_POINT('',(0.25,-1.824015921009,0.));
#5112 = DIRECTION('',(0.,0.,1.));
#5113 = DIRECTION('',(1.,1.144237745222E-17,-0.));
#5114 = ADVANCED_FACE('',(#5115),#5121,.F.);
#5115 = FACE_BOUND('',#5116,.F.);
#5116 = EDGE_LOOP('',(#5117,#5118,#5119,#5120));
#5117 = ORIENTED_EDGE('',*,*,#3664,.T.);
#5118 = ORIENTED_EDGE('',*,*,#3621,.T.);
#5119 = ORIENTED_EDGE('',*,*,#3591,.F.);
#5120 = ORIENTED_EDGE('',*,*,#5104,.F.);
#5121 = PLANE('',#5122);
#5122 = AXIS2_PLACEMENT_3D('',#5123,#5124,#5125);
#5123 = CARTESIAN_POINT('',(0.13,-2.,0.));
#5124 = DIRECTION('',(-1.144237745222E-17,1.,0.));
#5125 = DIRECTION('',(1.,1.144237745222E-17,0.));
#5126 = ADVANCED_FACE('',(#5127),#5138,.F.);
#5127 = FACE_BOUND('',#5128,.F.);
#5128 = EDGE_LOOP('',(#5129,#5130,#5131,#5132));
#5129 = ORIENTED_EDGE('',*,*,#3678,.T.);
#5130 = ORIENTED_EDGE('',*,*,#4242,.T.);
#5131 = ORIENTED_EDGE('',*,*,#3742,.T.);
#5132 = ORIENTED_EDGE('',*,*,#5133,.T.);
#5133 = EDGE_CURVE('',#3745,#3679,#5134,.T.);
#5134 = LINE('',#5135,#5136);
#5135 = CARTESIAN_POINT('',(-0.37,-2.,0.));
#5136 = VECTOR('',#5137,1.);
#5137 = DIRECTION('',(1.,1.144237745222E-17,0.));
#5138 = PLANE('',#5139);
#5139 = AXIS2_PLACEMENT_3D('',#5140,#5141,#5142);
#5140 = CARTESIAN_POINT('',(-0.25,-1.824015921009,0.));
#5141 = DIRECTION('',(0.,0.,1.));
#5142 = DIRECTION('',(1.,1.144237745222E-17,-0.));
#5143 = ADVANCED_FACE('',(#5144),#5150,.F.);
#5144 = FACE_BOUND('',#5145,.F.);
#5145 = EDGE_LOOP('',(#5146,#5147,#5148,#5149));
#5146 = ORIENTED_EDGE('',*,*,#3761,.T.);
#5147 = ORIENTED_EDGE('',*,*,#3718,.T.);
#5148 = ORIENTED_EDGE('',*,*,#3688,.F.);
#5149 = ORIENTED_EDGE('',*,*,#5133,.F.);
#5150 = PLANE('',#5151);
#5151 = AXIS2_PLACEMENT_3D('',#5152,#5153,#5154);
#5152 = CARTESIAN_POINT('',(-0.37,-2.,0.));
#5153 = DIRECTION('',(-1.144237745222E-17,1.,0.));
#5154 = DIRECTION('',(1.,1.144237745222E-17,0.));
#5155 = ADVANCED_FACE('',(#5156),#5167,.F.);
#5156 = FACE_BOUND('',#5157,.F.);
#5157 = EDGE_LOOP('',(#5158,#5159,#5160,#5161));
#5158 = ORIENTED_EDGE('',*,*,#3775,.T.);
#5159 = ORIENTED_EDGE('',*,*,#4260,.T.);
#5160 = ORIENTED_EDGE('',*,*,#3839,.T.);
#5161 = ORIENTED_EDGE('',*,*,#5162,.T.);
#5162 = EDGE_CURVE('',#3842,#3776,#5163,.T.);
#5163 = LINE('',#5164,#5165);
#5164 = CARTESIAN_POINT('',(-0.87,-2.,0.));
#5165 = VECTOR('',#5166,1.);
#5166 = DIRECTION('',(1.,1.144237745222E-17,0.));
#5167 = PLANE('',#5168);
#5168 = AXIS2_PLACEMENT_3D('',#5169,#5170,#5171);
#5169 = CARTESIAN_POINT('',(-0.75,-1.824015921009,0.));
#5170 = DIRECTION('',(0.,0.,1.));
#5171 = DIRECTION('',(1.,1.144237745222E-17,-0.));
#5172 = ADVANCED_FACE('',(#5173),#5179,.F.);
#5173 = FACE_BOUND('',#5174,.F.);
#5174 = EDGE_LOOP('',(#5175,#5176,#5177,#5178));
#5175 = ORIENTED_EDGE('',*,*,#3858,.T.);
#5176 = ORIENTED_EDGE('',*,*,#3815,.T.);
#5177 = ORIENTED_EDGE('',*,*,#3785,.F.);
#5178 = ORIENTED_EDGE('',*,*,#5162,.F.);
#5179 = PLANE('',#5180);
#5180 = AXIS2_PLACEMENT_3D('',#5181,#5182,#5183);
#5181 = CARTESIAN_POINT('',(-0.87,-2.,0.));
#5182 = DIRECTION('',(-1.144237745222E-17,1.,0.));
#5183 = DIRECTION('',(1.,1.144237745222E-17,0.));
#5184 = ADVANCED_FACE('',(#5185),#5196,.F.);
#5185 = FACE_BOUND('',#5186,.F.);
#5186 = EDGE_LOOP('',(#5187,#5188,#5189,#5190));
#5187 = ORIENTED_EDGE('',*,*,#3872,.T.);
#5188 = ORIENTED_EDGE('',*,*,#4278,.T.);
#5189 = ORIENTED_EDGE('',*,*,#3936,.T.);
#5190 = ORIENTED_EDGE('',*,*,#5191,.T.);
#5191 = EDGE_CURVE('',#3939,#3873,#5192,.T.);
#5192 = LINE('',#5193,#5194);
#5193 = CARTESIAN_POINT('',(-1.37,-2.,0.));
#5194 = VECTOR('',#5195,1.);
#5195 = DIRECTION('',(1.,1.144237745222E-17,0.));
#5196 = PLANE('',#5197);
#5197 = AXIS2_PLACEMENT_3D('',#5198,#5199,#5200);
#5198 = CARTESIAN_POINT('',(-1.25,-1.824015921009,0.));
#5199 = DIRECTION('',(0.,0.,1.));
#5200 = DIRECTION('',(1.,1.144237745222E-17,-0.));
#5201 = ADVANCED_FACE('',(#5202),#5208,.F.);
#5202 = FACE_BOUND('',#5203,.F.);
#5203 = EDGE_LOOP('',(#5204,#5205,#5206,#5207));
#5204 = ORIENTED_EDGE('',*,*,#3955,.T.);
#5205 = ORIENTED_EDGE('',*,*,#3912,.T.);
#5206 = ORIENTED_EDGE('',*,*,#3882,.F.);
#5207 = ORIENTED_EDGE('',*,*,#5191,.F.);
#5208 = PLANE('',#5209);
#5209 = AXIS2_PLACEMENT_3D('',#5210,#5211,#5212);
#5210 = CARTESIAN_POINT('',(-1.37,-2.,0.));
#5211 = DIRECTION('',(-1.144237745222E-17,1.,0.));
#5212 = DIRECTION('',(1.,1.144237745222E-17,0.));
#5213 = ADVANCED_FACE('',(#5214),#5221,.F.);
#5214 = FACE_BOUND('',#5215,.F.);
#5215 = EDGE_LOOP('',(#5216,#5217,#5218,#5219,#5220));
#5216 = ORIENTED_EDGE('',*,*,#4504,.T.);
#5217 = ORIENTED_EDGE('',*,*,#4401,.T.);
#5218 = ORIENTED_EDGE('',*,*,#4432,.T.);
#5219 = ORIENTED_EDGE('',*,*,#4456,.T.);
#5220 = ORIENTED_EDGE('',*,*,#4480,.T.);
#5221 = PLANE('',#5222);
#5222 = AXIS2_PLACEMENT_3D('',#5223,#5224,#5225);
#5223 = CARTESIAN_POINT('',(1.558074137068E-02,-1.558074137068E-02,0.));
#5224 = DIRECTION('',(0.,0.,1.));
#5225 = DIRECTION('',(1.110223024625E-16,-1.,0.));
#5226 = ( GEOMETRIC_REPRESENTATION_CONTEXT(3) 
GLOBAL_UNCERTAINTY_ASSIGNED_CONTEXT((#5230)) 
GLOBAL_UNIT_ASSIGNED_CONTEXT((#5227,#5228,#5229)) REPRESENTATION_CONTEXT
('Context #1','3D Context with UNIT and UNCERTAINTY') );
#5227 = ( LENGTH_UNIT() NAMED_UNIT(*) SI_UNIT(.MILLI.,.METRE.) );
#5228 = ( NAMED_UNIT(*) PLANE_ANGLE_UNIT() SI_UNIT($,.RADIAN.) );
#5229 = ( NAMED_UNIT(*) SI_UNIT($,.STERADIAN.) SOLID_ANGLE_UNIT() );
#5230 = UNCERTAINTY_MEASURE_WITH_UNIT(LENGTH_MEASURE(1.E-07),#5227,
  'distance_accuracy_value','confusion accuracy');
#5231 = CONTEXT_DEPENDENT_SHAPE_REPRESENTATION(#5232,#5234);
#5232 = ( REPRESENTATION_RELATIONSHIP('','',#55,#32) 
REPRESENTATION_RELATIONSHIP_WITH_TRANSFORMATION(#5233) 
SHAPE_REPRESENTATION_RELATIONSHIP() );
#5233 = ITEM_DEFINED_TRANSFORMATION('','',#11,#33);
#5234 = PRODUCT_DEFINITION_SHAPE('Placement','Placement of an item',
  #5235);
#5235 = NEXT_ASSEMBLY_USAGE_OCCURRENCE('1','=>[0:1:1:3]','',#27,#50,$);
#5236 = PRODUCT_RELATED_PRODUCT_CATEGORY('part',$,(#52));
#5237 = MECHANICAL_DESIGN_GEOMETRIC_PRESENTATION_REPRESENTATION('',(
    #5238,#5248,#5257,#5266,#5276,#5285,#5294,#5303,#5312,#5321,#5331,
    #5340,#5349,#5358,#5367,#5376,#5385,#5394,#5403,#5412,#5421,#5430,
    #5439,#5448,#5457,#5466,#5475,#5484,#5493,#5502,#5511,#5520,#5529,
    #5538,#5547,#5556,#5565,#5574,#5583,#5592,#5601,#5610,#5619,#5628,
    #5637,#5646,#5655,#5664,#5673,#5682,#5691,#5700,#5709,#5718,#5727,
    #5736,#5745,#5754,#5763,#5772,#5781,#5790,#5799,#5808,#5817,#5826,
    #5835,#5844,#5853,#5862,#5871,#5880,#5889,#5898,#5907,#5916,#5925,
    #5934,#5943,#5952,#5961,#5970,#5979,#5988,#5997,#6006,#6015,#6024,
    #6033,#6042,#6051,#6060,#6069,#6078,#6087,#6096,#6105,#6114,#6123,
    #6132,#6141,#6150,#6159,#6168,#6177,#6186,#6195,#6204,#6213,#6222,
    #6231,#6240,#6249,#6258,#6267,#6276,#6285,#6294,#6303,#6312,#6321,
    #6330,#6339,#6348,#6357,#6366,#6375,#6384,#6393,#6402,#6411,#6420,
    #6429,#6438,#6447,#6456,#6465,#6474,#6483,#6492,#6501,#6510,#6519,
    #6528,#6537,#6546,#6555,#6564,#6573,#6582,#6591,#6600,#6609,#6618,
    #6627,#6636,#6645,#6654,#6663),#5226);
#5238 = STYLED_ITEM('color',(#5239),#58);
#5239 = PRESENTATION_STYLE_ASSIGNMENT((#5240,#5246));
#5240 = SURFACE_STYLE_USAGE(.BOTH.,#5241);
#5241 = SURFACE_SIDE_STYLE('',(#5242));
#5242 = SURFACE_STYLE_FILL_AREA(#5243);
#5243 = FILL_AREA_STYLE('',(#5244));
#5244 = FILL_AREA_STYLE_COLOUR('',#5245);
#5245 = COLOUR_RGB('',0.690999998585,0.664000007176,0.597999987832);
#5246 = CURVE_STYLE('',#5247,POSITIVE_LENGTH_MEASURE(0.1),#5245);
#5247 = DRAUGHTING_PRE_DEFINED_CURVE_FONT('continuous');
#5248 = STYLED_ITEM('color',(#5249),#75);
#5249 = PRESENTATION_STYLE_ASSIGNMENT((#5250,#5255));
#5250 = SURFACE_STYLE_USAGE(.BOTH.,#5251);
#5251 = SURFACE_SIDE_STYLE('',(#5252));
#5252 = SURFACE_STYLE_FILL_AREA(#5253);
#5253 = FILL_AREA_STYLE('',(#5254));
#5254 = FILL_AREA_STYLE_COLOUR('',#5245);
#5255 = CURVE_STYLE('',#5256,POSITIVE_LENGTH_MEASURE(0.1),#5245);
#5256 = DRAUGHTING_PRE_DEFINED_CURVE_FONT('continuous');
#5257 = OVER_RIDING_STYLED_ITEM('overriding color',(#5258),#89,#5248);
#5258 = PRESENTATION_STYLE_ASSIGNMENT((#5259,#5264));
#5259 = SURFACE_STYLE_USAGE(.BOTH.,#5260);
#5260 = SURFACE_SIDE_STYLE('',(#5261));
#5261 = SURFACE_STYLE_FILL_AREA(#5262);
#5262 = FILL_AREA_STYLE('',(#5263));
#5263 = FILL_AREA_STYLE_COLOUR('',#5245);
#5264 = CURVE_STYLE('',#5265,POSITIVE_LENGTH_MEASURE(0.1),#5245);
#5265 = DRAUGHTING_PRE_DEFINED_CURVE_FONT('continuous');
#5266 = STYLED_ITEM('color',(#5267),#100);
#5267 = PRESENTATION_STYLE_ASSIGNMENT((#5268,#5274));
#5268 = SURFACE_STYLE_USAGE(.BOTH.,#5269);
#5269 = SURFACE_SIDE_STYLE('',(#5270));
#5270 = SURFACE_STYLE_FILL_AREA(#5271);
#5271 = FILL_AREA_STYLE('',(#5272));
#5272 = FILL_AREA_STYLE_COLOUR('',#5273);
#5273 = COLOUR_RGB('',0.147999998088,0.145000001626,0.145000001626);
#5274 = CURVE_STYLE('',#5275,POSITIVE_LENGTH_MEASURE(0.1),#5273);
#5275 = DRAUGHTING_PRE_DEFINED_CURVE_FONT('continuous');
#5276 = STYLED_ITEM('color',(#5277),#143);
#5277 = PRESENTATION_STYLE_ASSIGNMENT((#5278,#5283));
#5278 = SURFACE_STYLE_USAGE(.BOTH.,#5279);
#5279 = SURFACE_SIDE_STYLE('',(#5280));
#5280 = SURFACE_STYLE_FILL_AREA(#5281);
#5281 = FILL_AREA_STYLE('',(#5282));
#5282 = FILL_AREA_STYLE_COLOUR('',#5273);
#5283 = CURVE_STYLE('',#5284,POSITIVE_LENGTH_MEASURE(0.1),#5273);
#5284 = DRAUGHTING_PRE_DEFINED_CURVE_FONT('continuous');
#5285 = STYLED_ITEM('color',(#5286),#366);
#5286 = PRESENTATION_STYLE_ASSIGNMENT((#5287,#5292));
#5287 = SURFACE_STYLE_USAGE(.BOTH.,#5288);
#5288 = SURFACE_SIDE_STYLE('',(#5289));
#5289 = SURFACE_STYLE_FILL_AREA(#5290);
#5290 = FILL_AREA_STYLE('',(#5291));
#5291 = FILL_AREA_STYLE_COLOUR('',#5273);
#5292 = CURVE_STYLE('',#5293,POSITIVE_LENGTH_MEASURE(0.1),#5273);
#5293 = DRAUGHTING_PRE_DEFINED_CURVE_FONT('continuous');
#5294 = STYLED_ITEM('color',(#5295),#582);
#5295 = PRESENTATION_STYLE_ASSIGNMENT((#5296,#5301));
#5296 = SURFACE_STYLE_USAGE(.BOTH.,#5297);
#5297 = SURFACE_SIDE_STYLE('',(#5298));
#5298 = SURFACE_STYLE_FILL_AREA(#5299);
#5299 = FILL_AREA_STYLE('',(#5300));
#5300 = FILL_AREA_STYLE_COLOUR('',#5273);
#5301 = CURVE_STYLE('',#5302,POSITIVE_LENGTH_MEASURE(0.1),#5273);
#5302 = DRAUGHTING_PRE_DEFINED_CURVE_FONT('continuous');
#5303 = STYLED_ITEM('color',(#5304),#798);
#5304 = PRESENTATION_STYLE_ASSIGNMENT((#5305,#5310));
#5305 = SURFACE_STYLE_USAGE(.BOTH.,#5306);
#5306 = SURFACE_SIDE_STYLE('',(#5307));
#5307 = SURFACE_STYLE_FILL_AREA(#5308);
#5308 = FILL_AREA_STYLE('',(#5309));
#5309 = FILL_AREA_STYLE_COLOUR('',#5273);
#5310 = CURVE_STYLE('',#5311,POSITIVE_LENGTH_MEASURE(0.1),#5273);
#5311 = DRAUGHTING_PRE_DEFINED_CURVE_FONT('continuous');
#5312 = STYLED_ITEM('color',(#5313),#1007);
#5313 = PRESENTATION_STYLE_ASSIGNMENT((#5314,#5319));
#5314 = SURFACE_STYLE_USAGE(.BOTH.,#5315);
#5315 = SURFACE_SIDE_STYLE('',(#5316));
#5316 = SURFACE_STYLE_FILL_AREA(#5317);
#5317 = FILL_AREA_STYLE('',(#5318));
#5318 = FILL_AREA_STYLE_COLOUR('',#5273);
#5319 = CURVE_STYLE('',#5320,POSITIVE_LENGTH_MEASURE(0.1),#5273);
#5320 = DRAUGHTING_PRE_DEFINED_CURVE_FONT('continuous');
#5321 = STYLED_ITEM('color',(#5322),#1637);
#5322 = PRESENTATION_STYLE_ASSIGNMENT((#5323,#5329));
#5323 = SURFACE_STYLE_USAGE(.BOTH.,#5324);
#5324 = SURFACE_SIDE_STYLE('',(#5325));
#5325 = SURFACE_STYLE_FILL_AREA(#5326);
#5326 = FILL_AREA_STYLE('',(#5327));
#5327 = FILL_AREA_STYLE_COLOUR('',#5328);
#5328 = COLOUR_RGB('',0.823999987314,0.819999987296,0.781000009244);
#5329 = CURVE_STYLE('',#5330,POSITIVE_LENGTH_MEASURE(0.1),#5328);
#5330 = DRAUGHTING_PRE_DEFINED_CURVE_FONT('continuous');
#5331 = STYLED_ITEM('color',(#5332),#1677);
#5332 = PRESENTATION_STYLE_ASSIGNMENT((#5333,#5338));
#5333 = SURFACE_STYLE_USAGE(.BOTH.,#5334);
#5334 = SURFACE_SIDE_STYLE('',(#5335));
#5335 = SURFACE_STYLE_FILL_AREA(#5336);
#5336 = FILL_AREA_STYLE('',(#5337));
#5337 = FILL_AREA_STYLE_COLOUR('',#5328);
#5338 = CURVE_STYLE('',#5339,POSITIVE_LENGTH_MEASURE(0.1),#5328);
#5339 = DRAUGHTING_PRE_DEFINED_CURVE_FONT('continuous');
#5340 = STYLED_ITEM('color',(#5341),#1701);
#5341 = PRESENTATION_STYLE_ASSIGNMENT((#5342,#5347));
#5342 = SURFACE_STYLE_USAGE(.BOTH.,#5343);
#5343 = SURFACE_SIDE_STYLE('',(#5344));
#5344 = SURFACE_STYLE_FILL_AREA(#5345);
#5345 = FILL_AREA_STYLE('',(#5346));
#5346 = FILL_AREA_STYLE_COLOUR('',#5328);
#5347 = CURVE_STYLE('',#5348,POSITIVE_LENGTH_MEASURE(0.1),#5328);
#5348 = DRAUGHTING_PRE_DEFINED_CURVE_FONT('continuous');
#5349 = STYLED_ITEM('color',(#5350),#1734);
#5350 = PRESENTATION_STYLE_ASSIGNMENT((#5351,#5356));
#5351 = SURFACE_STYLE_USAGE(.BOTH.,#5352);
#5352 = SURFACE_SIDE_STYLE('',(#5353));
#5353 = SURFACE_STYLE_FILL_AREA(#5354);
#5354 = FILL_AREA_STYLE('',(#5355));
#5355 = FILL_AREA_STYLE_COLOUR('',#5328);
#5356 = CURVE_STYLE('',#5357,POSITIVE_LENGTH_MEASURE(0.1),#5328);
#5357 = DRAUGHTING_PRE_DEFINED_CURVE_FONT('continuous');
#5358 = STYLED_ITEM('color',(#5359),#1774);
#5359 = PRESENTATION_STYLE_ASSIGNMENT((#5360,#5365));
#5360 = SURFACE_STYLE_USAGE(.BOTH.,#5361);
#5361 = SURFACE_SIDE_STYLE('',(#5362));
#5362 = SURFACE_STYLE_FILL_AREA(#5363);
#5363 = FILL_AREA_STYLE('',(#5364));
#5364 = FILL_AREA_STYLE_COLOUR('',#5328);
#5365 = CURVE_STYLE('',#5366,POSITIVE_LENGTH_MEASURE(0.1),#5328);
#5366 = DRAUGHTING_PRE_DEFINED_CURVE_FONT('continuous');
#5367 = STYLED_ITEM('color',(#5368),#1798);
#5368 = PRESENTATION_STYLE_ASSIGNMENT((#5369,#5374));
#5369 = SURFACE_STYLE_USAGE(.BOTH.,#5370);
#5370 = SURFACE_SIDE_STYLE('',(#5371));
#5371 = SURFACE_STYLE_FILL_AREA(#5372);
#5372 = FILL_AREA_STYLE('',(#5373));
#5373 = FILL_AREA_STYLE_COLOUR('',#5328);
#5374 = CURVE_STYLE('',#5375,POSITIVE_LENGTH_MEASURE(0.1),#5328);
#5375 = DRAUGHTING_PRE_DEFINED_CURVE_FONT('continuous');
#5376 = STYLED_ITEM('color',(#5377),#1831);
#5377 = PRESENTATION_STYLE_ASSIGNMENT((#5378,#5383));
#5378 = SURFACE_STYLE_USAGE(.BOTH.,#5379);
#5379 = SURFACE_SIDE_STYLE('',(#5380));
#5380 = SURFACE_STYLE_FILL_AREA(#5381);
#5381 = FILL_AREA_STYLE('',(#5382));
#5382 = FILL_AREA_STYLE_COLOUR('',#5328);
#5383 = CURVE_STYLE('',#5384,POSITIVE_LENGTH_MEASURE(0.1),#5328);
#5384 = DRAUGHTING_PRE_DEFINED_CURVE_FONT('continuous');
#5385 = STYLED_ITEM('color',(#5386),#1871);
#5386 = PRESENTATION_STYLE_ASSIGNMENT((#5387,#5392));
#5387 = SURFACE_STYLE_USAGE(.BOTH.,#5388);
#5388 = SURFACE_SIDE_STYLE('',(#5389));
#5389 = SURFACE_STYLE_FILL_AREA(#5390);
#5390 = FILL_AREA_STYLE('',(#5391));
#5391 = FILL_AREA_STYLE_COLOUR('',#5328);
#5392 = CURVE_STYLE('',#5393,POSITIVE_LENGTH_MEASURE(0.1),#5328);
#5393 = DRAUGHTING_PRE_DEFINED_CURVE_FONT('continuous');
#5394 = STYLED_ITEM('color',(#5395),#1895);
#5395 = PRESENTATION_STYLE_ASSIGNMENT((#5396,#5401));
#5396 = SURFACE_STYLE_USAGE(.BOTH.,#5397);
#5397 = SURFACE_SIDE_STYLE('',(#5398));
#5398 = SURFACE_STYLE_FILL_AREA(#5399);
#5399 = FILL_AREA_STYLE('',(#5400));
#5400 = FILL_AREA_STYLE_COLOUR('',#5328);
#5401 = CURVE_STYLE('',#5402,POSITIVE_LENGTH_MEASURE(0.1),#5328);
#5402 = DRAUGHTING_PRE_DEFINED_CURVE_FONT('continuous');
#5403 = STYLED_ITEM('color',(#5404),#1928);
#5404 = PRESENTATION_STYLE_ASSIGNMENT((#5405,#5410));
#5405 = SURFACE_STYLE_USAGE(.BOTH.,#5406);
#5406 = SURFACE_SIDE_STYLE('',(#5407));
#5407 = SURFACE_STYLE_FILL_AREA(#5408);
#5408 = FILL_AREA_STYLE('',(#5409));
#5409 = FILL_AREA_STYLE_COLOUR('',#5328);
#5410 = CURVE_STYLE('',#5411,POSITIVE_LENGTH_MEASURE(0.1),#5328);
#5411 = DRAUGHTING_PRE_DEFINED_CURVE_FONT('continuous');
#5412 = STYLED_ITEM('color',(#5413),#1968);
#5413 = PRESENTATION_STYLE_ASSIGNMENT((#5414,#5419));
#5414 = SURFACE_STYLE_USAGE(.BOTH.,#5415);
#5415 = SURFACE_SIDE_STYLE('',(#5416));
#5416 = SURFACE_STYLE_FILL_AREA(#5417);
#5417 = FILL_AREA_STYLE('',(#5418));
#5418 = FILL_AREA_STYLE_COLOUR('',#5328);
#5419 = CURVE_STYLE('',#5420,POSITIVE_LENGTH_MEASURE(0.1),#5328);
#5420 = DRAUGHTING_PRE_DEFINED_CURVE_FONT('continuous');
#5421 = STYLED_ITEM('color',(#5422),#1992);
#5422 = PRESENTATION_STYLE_ASSIGNMENT((#5423,#5428));
#5423 = SURFACE_STYLE_USAGE(.BOTH.,#5424);
#5424 = SURFACE_SIDE_STYLE('',(#5425));
#5425 = SURFACE_STYLE_FILL_AREA(#5426);
#5426 = FILL_AREA_STYLE('',(#5427));
#5427 = FILL_AREA_STYLE_COLOUR('',#5328);
#5428 = CURVE_STYLE('',#5429,POSITIVE_LENGTH_MEASURE(0.1),#5328);
#5429 = DRAUGHTING_PRE_DEFINED_CURVE_FONT('continuous');
#5430 = STYLED_ITEM('color',(#5431),#2025);
#5431 = PRESENTATION_STYLE_ASSIGNMENT((#5432,#5437));
#5432 = SURFACE_STYLE_USAGE(.BOTH.,#5433);
#5433 = SURFACE_SIDE_STYLE('',(#5434));
#5434 = SURFACE_STYLE_FILL_AREA(#5435);
#5435 = FILL_AREA_STYLE('',(#5436));
#5436 = FILL_AREA_STYLE_COLOUR('',#5328);
#5437 = CURVE_STYLE('',#5438,POSITIVE_LENGTH_MEASURE(0.1),#5328);
#5438 = DRAUGHTING_PRE_DEFINED_CURVE_FONT('continuous');
#5439 = STYLED_ITEM('color',(#5440),#2065);
#5440 = PRESENTATION_STYLE_ASSIGNMENT((#5441,#5446));
#5441 = SURFACE_STYLE_USAGE(.BOTH.,#5442);
#5442 = SURFACE_SIDE_STYLE('',(#5443));
#5443 = SURFACE_STYLE_FILL_AREA(#5444);
#5444 = FILL_AREA_STYLE('',(#5445));
#5445 = FILL_AREA_STYLE_COLOUR('',#5328);
#5446 = CURVE_STYLE('',#5447,POSITIVE_LENGTH_MEASURE(0.1),#5328);
#5447 = DRAUGHTING_PRE_DEFINED_CURVE_FONT('continuous');
#5448 = STYLED_ITEM('color',(#5449),#2089);
#5449 = PRESENTATION_STYLE_ASSIGNMENT((#5450,#5455));
#5450 = SURFACE_STYLE_USAGE(.BOTH.,#5451);
#5451 = SURFACE_SIDE_STYLE('',(#5452));
#5452 = SURFACE_STYLE_FILL_AREA(#5453);
#5453 = FILL_AREA_STYLE('',(#5454));
#5454 = FILL_AREA_STYLE_COLOUR('',#5328);
#5455 = CURVE_STYLE('',#5456,POSITIVE_LENGTH_MEASURE(0.1),#5328);
#5456 = DRAUGHTING_PRE_DEFINED_CURVE_FONT('continuous');
#5457 = STYLED_ITEM('color',(#5458),#2122);
#5458 = PRESENTATION_STYLE_ASSIGNMENT((#5459,#5464));
#5459 = SURFACE_STYLE_USAGE(.BOTH.,#5460);
#5460 = SURFACE_SIDE_STYLE('',(#5461));
#5461 = SURFACE_STYLE_FILL_AREA(#5462);
#5462 = FILL_AREA_STYLE('',(#5463));
#5463 = FILL_AREA_STYLE_COLOUR('',#5328);
#5464 = CURVE_STYLE('',#5465,POSITIVE_LENGTH_MEASURE(0.1),#5328);
#5465 = DRAUGHTING_PRE_DEFINED_CURVE_FONT('continuous');
#5466 = STYLED_ITEM('color',(#5467),#2162);
#5467 = PRESENTATION_STYLE_ASSIGNMENT((#5468,#5473));
#5468 = SURFACE_STYLE_USAGE(.BOTH.,#5469);
#5469 = SURFACE_SIDE_STYLE('',(#5470));
#5470 = SURFACE_STYLE_FILL_AREA(#5471);
#5471 = FILL_AREA_STYLE('',(#5472));
#5472 = FILL_AREA_STYLE_COLOUR('',#5328);
#5473 = CURVE_STYLE('',#5474,POSITIVE_LENGTH_MEASURE(0.1),#5328);
#5474 = DRAUGHTING_PRE_DEFINED_CURVE_FONT('continuous');
#5475 = STYLED_ITEM('color',(#5476),#2186);
#5476 = PRESENTATION_STYLE_ASSIGNMENT((#5477,#5482));
#5477 = SURFACE_STYLE_USAGE(.BOTH.,#5478);
#5478 = SURFACE_SIDE_STYLE('',(#5479));
#5479 = SURFACE_STYLE_FILL_AREA(#5480);
#5480 = FILL_AREA_STYLE('',(#5481));
#5481 = FILL_AREA_STYLE_COLOUR('',#5328);
#5482 = CURVE_STYLE('',#5483,POSITIVE_LENGTH_MEASURE(0.1),#5328);
#5483 = DRAUGHTING_PRE_DEFINED_CURVE_FONT('continuous');
#5484 = STYLED_ITEM('color',(#5485),#2219);
#5485 = PRESENTATION_STYLE_ASSIGNMENT((#5486,#5491));
#5486 = SURFACE_STYLE_USAGE(.BOTH.,#5487);
#5487 = SURFACE_SIDE_STYLE('',(#5488));
#5488 = SURFACE_STYLE_FILL_AREA(#5489);
#5489 = FILL_AREA_STYLE('',(#5490));
#5490 = FILL_AREA_STYLE_COLOUR('',#5328);
#5491 = CURVE_STYLE('',#5492,POSITIVE_LENGTH_MEASURE(0.1),#5328);
#5492 = DRAUGHTING_PRE_DEFINED_CURVE_FONT('continuous');
#5493 = STYLED_ITEM('color',(#5494),#2259);
#5494 = PRESENTATION_STYLE_ASSIGNMENT((#5495,#5500));
#5495 = SURFACE_STYLE_USAGE(.BOTH.,#5496);
#5496 = SURFACE_SIDE_STYLE('',(#5497));
#5497 = SURFACE_STYLE_FILL_AREA(#5498);
#5498 = FILL_AREA_STYLE('',(#5499));
#5499 = FILL_AREA_STYLE_COLOUR('',#5328);
#5500 = CURVE_STYLE('',#5501,POSITIVE_LENGTH_MEASURE(0.1),#5328);
#5501 = DRAUGHTING_PRE_DEFINED_CURVE_FONT('continuous');
#5502 = STYLED_ITEM('color',(#5503),#2283);
#5503 = PRESENTATION_STYLE_ASSIGNMENT((#5504,#5509));
#5504 = SURFACE_STYLE_USAGE(.BOTH.,#5505);
#5505 = SURFACE_SIDE_STYLE('',(#5506));
#5506 = SURFACE_STYLE_FILL_AREA(#5507);
#5507 = FILL_AREA_STYLE('',(#5508));
#5508 = FILL_AREA_STYLE_COLOUR('',#5328);
#5509 = CURVE_STYLE('',#5510,POSITIVE_LENGTH_MEASURE(0.1),#5328);
#5510 = DRAUGHTING_PRE_DEFINED_CURVE_FONT('continuous');
#5511 = STYLED_ITEM('color',(#5512),#2316);
#5512 = PRESENTATION_STYLE_ASSIGNMENT((#5513,#5518));
#5513 = SURFACE_STYLE_USAGE(.BOTH.,#5514);
#5514 = SURFACE_SIDE_STYLE('',(#5515));
#5515 = SURFACE_STYLE_FILL_AREA(#5516);
#5516 = FILL_AREA_STYLE('',(#5517));
#5517 = FILL_AREA_STYLE_COLOUR('',#5328);
#5518 = CURVE_STYLE('',#5519,POSITIVE_LENGTH_MEASURE(0.1),#5328);
#5519 = DRAUGHTING_PRE_DEFINED_CURVE_FONT('continuous');
#5520 = STYLED_ITEM('color',(#5521),#2356);
#5521 = PRESENTATION_STYLE_ASSIGNMENT((#5522,#5527));
#5522 = SURFACE_STYLE_USAGE(.BOTH.,#5523);
#5523 = SURFACE_SIDE_STYLE('',(#5524));
#5524 = SURFACE_STYLE_FILL_AREA(#5525);
#5525 = FILL_AREA_STYLE('',(#5526));
#5526 = FILL_AREA_STYLE_COLOUR('',#5328);
#5527 = CURVE_STYLE('',#5528,POSITIVE_LENGTH_MEASURE(0.1),#5328);
#5528 = DRAUGHTING_PRE_DEFINED_CURVE_FONT('continuous');
#5529 = STYLED_ITEM('color',(#5530),#2380);
#5530 = PRESENTATION_STYLE_ASSIGNMENT((#5531,#5536));
#5531 = SURFACE_STYLE_USAGE(.BOTH.,#5532);
#5532 = SURFACE_SIDE_STYLE('',(#5533));
#5533 = SURFACE_STYLE_FILL_AREA(#5534);
#5534 = FILL_AREA_STYLE('',(#5535));
#5535 = FILL_AREA_STYLE_COLOUR('',#5328);
#5536 = CURVE_STYLE('',#5537,POSITIVE_LENGTH_MEASURE(0.1),#5328);
#5537 = DRAUGHTING_PRE_DEFINED_CURVE_FONT('continuous');
#5538 = STYLED_ITEM('color',(#5539),#2413);
#5539 = PRESENTATION_STYLE_ASSIGNMENT((#5540,#5545));
#5540 = SURFACE_STYLE_USAGE(.BOTH.,#5541);
#5541 = SURFACE_SIDE_STYLE('',(#5542));
#5542 = SURFACE_STYLE_FILL_AREA(#5543);
#5543 = FILL_AREA_STYLE('',(#5544));
#5544 = FILL_AREA_STYLE_COLOUR('',#5328);
#5545 = CURVE_STYLE('',#5546,POSITIVE_LENGTH_MEASURE(0.1),#5328);
#5546 = DRAUGHTING_PRE_DEFINED_CURVE_FONT('continuous');
#5547 = STYLED_ITEM('color',(#5548),#2453);
#5548 = PRESENTATION_STYLE_ASSIGNMENT((#5549,#5554));
#5549 = SURFACE_STYLE_USAGE(.BOTH.,#5550);
#5550 = SURFACE_SIDE_STYLE('',(#5551));
#5551 = SURFACE_STYLE_FILL_AREA(#5552);
#5552 = FILL_AREA_STYLE('',(#5553));
#5553 = FILL_AREA_STYLE_COLOUR('',#5328);
#5554 = CURVE_STYLE('',#5555,POSITIVE_LENGTH_MEASURE(0.1),#5328);
#5555 = DRAUGHTING_PRE_DEFINED_CURVE_FONT('continuous');
#5556 = STYLED_ITEM('color',(#5557),#2477);
#5557 = PRESENTATION_STYLE_ASSIGNMENT((#5558,#5563));
#5558 = SURFACE_STYLE_USAGE(.BOTH.,#5559);
#5559 = SURFACE_SIDE_STYLE('',(#5560));
#5560 = SURFACE_STYLE_FILL_AREA(#5561);
#5561 = FILL_AREA_STYLE('',(#5562));
#5562 = FILL_AREA_STYLE_COLOUR('',#5328);
#5563 = CURVE_STYLE('',#5564,POSITIVE_LENGTH_MEASURE(0.1),#5328);
#5564 = DRAUGHTING_PRE_DEFINED_CURVE_FONT('continuous');
#5565 = STYLED_ITEM('color',(#5566),#2510);
#5566 = PRESENTATION_STYLE_ASSIGNMENT((#5567,#5572));
#5567 = SURFACE_STYLE_USAGE(.BOTH.,#5568);
#5568 = SURFACE_SIDE_STYLE('',(#5569));
#5569 = SURFACE_STYLE_FILL_AREA(#5570);
#5570 = FILL_AREA_STYLE('',(#5571));
#5571 = FILL_AREA_STYLE_COLOUR('',#5328);
#5572 = CURVE_STYLE('',#5573,POSITIVE_LENGTH_MEASURE(0.1),#5328);
#5573 = DRAUGHTING_PRE_DEFINED_CURVE_FONT('continuous');
#5574 = STYLED_ITEM('color',(#5575),#2550);
#5575 = PRESENTATION_STYLE_ASSIGNMENT((#5576,#5581));
#5576 = SURFACE_STYLE_USAGE(.BOTH.,#5577);
#5577 = SURFACE_SIDE_STYLE('',(#5578));
#5578 = SURFACE_STYLE_FILL_AREA(#5579);
#5579 = FILL_AREA_STYLE('',(#5580));
#5580 = FILL_AREA_STYLE_COLOUR('',#5328);
#5581 = CURVE_STYLE('',#5582,POSITIVE_LENGTH_MEASURE(0.1),#5328);
#5582 = DRAUGHTING_PRE_DEFINED_CURVE_FONT('continuous');
#5583 = STYLED_ITEM('color',(#5584),#2574);
#5584 = PRESENTATION_STYLE_ASSIGNMENT((#5585,#5590));
#5585 = SURFACE_STYLE_USAGE(.BOTH.,#5586);
#5586 = SURFACE_SIDE_STYLE('',(#5587));
#5587 = SURFACE_STYLE_FILL_AREA(#5588);
#5588 = FILL_AREA_STYLE('',(#5589));
#5589 = FILL_AREA_STYLE_COLOUR('',#5328);
#5590 = CURVE_STYLE('',#5591,POSITIVE_LENGTH_MEASURE(0.1),#5328);
#5591 = DRAUGHTING_PRE_DEFINED_CURVE_FONT('continuous');
#5592 = STYLED_ITEM('color',(#5593),#2607);
#5593 = PRESENTATION_STYLE_ASSIGNMENT((#5594,#5599));
#5594 = SURFACE_STYLE_USAGE(.BOTH.,#5595);
#5595 = SURFACE_SIDE_STYLE('',(#5596));
#5596 = SURFACE_STYLE_FILL_AREA(#5597);
#5597 = FILL_AREA_STYLE('',(#5598));
#5598 = FILL_AREA_STYLE_COLOUR('',#5328);
#5599 = CURVE_STYLE('',#5600,POSITIVE_LENGTH_MEASURE(0.1),#5328);
#5600 = DRAUGHTING_PRE_DEFINED_CURVE_FONT('continuous');
#5601 = STYLED_ITEM('color',(#5602),#2647);
#5602 = PRESENTATION_STYLE_ASSIGNMENT((#5603,#5608));
#5603 = SURFACE_STYLE_USAGE(.BOTH.,#5604);
#5604 = SURFACE_SIDE_STYLE('',(#5605));
#5605 = SURFACE_STYLE_FILL_AREA(#5606);
#5606 = FILL_AREA_STYLE('',(#5607));
#5607 = FILL_AREA_STYLE_COLOUR('',#5328);
#5608 = CURVE_STYLE('',#5609,POSITIVE_LENGTH_MEASURE(0.1),#5328);
#5609 = DRAUGHTING_PRE_DEFINED_CURVE_FONT('continuous');
#5610 = STYLED_ITEM('color',(#5611),#2671);
#5611 = PRESENTATION_STYLE_ASSIGNMENT((#5612,#5617));
#5612 = SURFACE_STYLE_USAGE(.BOTH.,#5613);
#5613 = SURFACE_SIDE_STYLE('',(#5614));
#5614 = SURFACE_STYLE_FILL_AREA(#5615);
#5615 = FILL_AREA_STYLE('',(#5616));
#5616 = FILL_AREA_STYLE_COLOUR('',#5328);
#5617 = CURVE_STYLE('',#5618,POSITIVE_LENGTH_MEASURE(0.1),#5328);
#5618 = DRAUGHTING_PRE_DEFINED_CURVE_FONT('continuous');
#5619 = STYLED_ITEM('color',(#5620),#2704);
#5620 = PRESENTATION_STYLE_ASSIGNMENT((#5621,#5626));
#5621 = SURFACE_STYLE_USAGE(.BOTH.,#5622);
#5622 = SURFACE_SIDE_STYLE('',(#5623));
#5623 = SURFACE_STYLE_FILL_AREA(#5624);
#5624 = FILL_AREA_STYLE('',(#5625));
#5625 = FILL_AREA_STYLE_COLOUR('',#5328);
#5626 = CURVE_STYLE('',#5627,POSITIVE_LENGTH_MEASURE(0.1),#5328);
#5627 = DRAUGHTING_PRE_DEFINED_CURVE_FONT('continuous');
#5628 = STYLED_ITEM('color',(#5629),#2744);
#5629 = PRESENTATION_STYLE_ASSIGNMENT((#5630,#5635));
#5630 = SURFACE_STYLE_USAGE(.BOTH.,#5631);
#5631 = SURFACE_SIDE_STYLE('',(#5632));
#5632 = SURFACE_STYLE_FILL_AREA(#5633);
#5633 = FILL_AREA_STYLE('',(#5634));
#5634 = FILL_AREA_STYLE_COLOUR('',#5328);
#5635 = CURVE_STYLE('',#5636,POSITIVE_LENGTH_MEASURE(0.1),#5328);
#5636 = DRAUGHTING_PRE_DEFINED_CURVE_FONT('continuous');
#5637 = STYLED_ITEM('color',(#5638),#2768);
#5638 = PRESENTATION_STYLE_ASSIGNMENT((#5639,#5644));
#5639 = SURFACE_STYLE_USAGE(.BOTH.,#5640);
#5640 = SURFACE_SIDE_STYLE('',(#5641));
#5641 = SURFACE_STYLE_FILL_AREA(#5642);
#5642 = FILL_AREA_STYLE('',(#5643));
#5643 = FILL_AREA_STYLE_COLOUR('',#5328);
#5644 = CURVE_STYLE('',#5645,POSITIVE_LENGTH_MEASURE(0.1),#5328);
#5645 = DRAUGHTING_PRE_DEFINED_CURVE_FONT('continuous');
#5646 = STYLED_ITEM('color',(#5647),#2801);
#5647 = PRESENTATION_STYLE_ASSIGNMENT((#5648,#5653));
#5648 = SURFACE_STYLE_USAGE(.BOTH.,#5649);
#5649 = SURFACE_SIDE_STYLE('',(#5650));
#5650 = SURFACE_STYLE_FILL_AREA(#5651);
#5651 = FILL_AREA_STYLE('',(#5652));
#5652 = FILL_AREA_STYLE_COLOUR('',#5328);
#5653 = CURVE_STYLE('',#5654,POSITIVE_LENGTH_MEASURE(0.1),#5328);
#5654 = DRAUGHTING_PRE_DEFINED_CURVE_FONT('continuous');
#5655 = STYLED_ITEM('color',(#5656),#2841);
#5656 = PRESENTATION_STYLE_ASSIGNMENT((#5657,#5662));
#5657 = SURFACE_STYLE_USAGE(.BOTH.,#5658);
#5658 = SURFACE_SIDE_STYLE('',(#5659));
#5659 = SURFACE_STYLE_FILL_AREA(#5660);
#5660 = FILL_AREA_STYLE('',(#5661));
#5661 = FILL_AREA_STYLE_COLOUR('',#5328);
#5662 = CURVE_STYLE('',#5663,POSITIVE_LENGTH_MEASURE(0.1),#5328);
#5663 = DRAUGHTING_PRE_DEFINED_CURVE_FONT('continuous');
#5664 = STYLED_ITEM('color',(#5665),#2865);
#5665 = PRESENTATION_STYLE_ASSIGNMENT((#5666,#5671));
#5666 = SURFACE_STYLE_USAGE(.BOTH.,#5667);
#5667 = SURFACE_SIDE_STYLE('',(#5668));
#5668 = SURFACE_STYLE_FILL_AREA(#5669);
#5669 = FILL_AREA_STYLE('',(#5670));
#5670 = FILL_AREA_STYLE_COLOUR('',#5328);
#5671 = CURVE_STYLE('',#5672,POSITIVE_LENGTH_MEASURE(0.1),#5328);
#5672 = DRAUGHTING_PRE_DEFINED_CURVE_FONT('continuous');
#5673 = STYLED_ITEM('color',(#5674),#2898);
#5674 = PRESENTATION_STYLE_ASSIGNMENT((#5675,#5680));
#5675 = SURFACE_STYLE_USAGE(.BOTH.,#5676);
#5676 = SURFACE_SIDE_STYLE('',(#5677));
#5677 = SURFACE_STYLE_FILL_AREA(#5678);
#5678 = FILL_AREA_STYLE('',(#5679));
#5679 = FILL_AREA_STYLE_COLOUR('',#5328);
#5680 = CURVE_STYLE('',#5681,POSITIVE_LENGTH_MEASURE(0.1),#5328);
#5681 = DRAUGHTING_PRE_DEFINED_CURVE_FONT('continuous');
#5682 = STYLED_ITEM('color',(#5683),#2938);
#5683 = PRESENTATION_STYLE_ASSIGNMENT((#5684,#5689));
#5684 = SURFACE_STYLE_USAGE(.BOTH.,#5685);
#5685 = SURFACE_SIDE_STYLE('',(#5686));
#5686 = SURFACE_STYLE_FILL_AREA(#5687);
#5687 = FILL_AREA_STYLE('',(#5688));
#5688 = FILL_AREA_STYLE_COLOUR('',#5328);
#5689 = CURVE_STYLE('',#5690,POSITIVE_LENGTH_MEASURE(0.1),#5328);
#5690 = DRAUGHTING_PRE_DEFINED_CURVE_FONT('continuous');
#5691 = STYLED_ITEM('color',(#5692),#2962);
#5692 = PRESENTATION_STYLE_ASSIGNMENT((#5693,#5698));
#5693 = SURFACE_STYLE_USAGE(.BOTH.,#5694);
#5694 = SURFACE_SIDE_STYLE('',(#5695));
#5695 = SURFACE_STYLE_FILL_AREA(#5696);
#5696 = FILL_AREA_STYLE('',(#5697));
#5697 = FILL_AREA_STYLE_COLOUR('',#5328);
#5698 = CURVE_STYLE('',#5699,POSITIVE_LENGTH_MEASURE(0.1),#5328);
#5699 = DRAUGHTING_PRE_DEFINED_CURVE_FONT('continuous');
#5700 = STYLED_ITEM('color',(#5701),#2995);
#5701 = PRESENTATION_STYLE_ASSIGNMENT((#5702,#5707));
#5702 = SURFACE_STYLE_USAGE(.BOTH.,#5703);
#5703 = SURFACE_SIDE_STYLE('',(#5704));
#5704 = SURFACE_STYLE_FILL_AREA(#5705);
#5705 = FILL_AREA_STYLE('',(#5706));
#5706 = FILL_AREA_STYLE_COLOUR('',#5328);
#5707 = CURVE_STYLE('',#5708,POSITIVE_LENGTH_MEASURE(0.1),#5328);
#5708 = DRAUGHTING_PRE_DEFINED_CURVE_FONT('continuous');
#5709 = STYLED_ITEM('color',(#5710),#3035);
#5710 = PRESENTATION_STYLE_ASSIGNMENT((#5711,#5716));
#5711 = SURFACE_STYLE_USAGE(.BOTH.,#5712);
#5712 = SURFACE_SIDE_STYLE('',(#5713));
#5713 = SURFACE_STYLE_FILL_AREA(#5714);
#5714 = FILL_AREA_STYLE('',(#5715));
#5715 = FILL_AREA_STYLE_COLOUR('',#5328);
#5716 = CURVE_STYLE('',#5717,POSITIVE_LENGTH_MEASURE(0.1),#5328);
#5717 = DRAUGHTING_PRE_DEFINED_CURVE_FONT('continuous');
#5718 = STYLED_ITEM('color',(#5719),#3059);
#5719 = PRESENTATION_STYLE_ASSIGNMENT((#5720,#5725));
#5720 = SURFACE_STYLE_USAGE(.BOTH.,#5721);
#5721 = SURFACE_SIDE_STYLE('',(#5722));
#5722 = SURFACE_STYLE_FILL_AREA(#5723);
#5723 = FILL_AREA_STYLE('',(#5724));
#5724 = FILL_AREA_STYLE_COLOUR('',#5328);
#5725 = CURVE_STYLE('',#5726,POSITIVE_LENGTH_MEASURE(0.1),#5328);
#5726 = DRAUGHTING_PRE_DEFINED_CURVE_FONT('continuous');
#5727 = STYLED_ITEM('color',(#5728),#3092);
#5728 = PRESENTATION_STYLE_ASSIGNMENT((#5729,#5734));
#5729 = SURFACE_STYLE_USAGE(.BOTH.,#5730);
#5730 = SURFACE_SIDE_STYLE('',(#5731));
#5731 = SURFACE_STYLE_FILL_AREA(#5732);
#5732 = FILL_AREA_STYLE('',(#5733));
#5733 = FILL_AREA_STYLE_COLOUR('',#5328);
#5734 = CURVE_STYLE('',#5735,POSITIVE_LENGTH_MEASURE(0.1),#5328);
#5735 = DRAUGHTING_PRE_DEFINED_CURVE_FONT('continuous');
#5736 = STYLED_ITEM('color',(#5737),#3132);
#5737 = PRESENTATION_STYLE_ASSIGNMENT((#5738,#5743));
#5738 = SURFACE_STYLE_USAGE(.BOTH.,#5739);
#5739 = SURFACE_SIDE_STYLE('',(#5740));
#5740 = SURFACE_STYLE_FILL_AREA(#5741);
#5741 = FILL_AREA_STYLE('',(#5742));
#5742 = FILL_AREA_STYLE_COLOUR('',#5328);
#5743 = CURVE_STYLE('',#5744,POSITIVE_LENGTH_MEASURE(0.1),#5328);
#5744 = DRAUGHTING_PRE_DEFINED_CURVE_FONT('continuous');
#5745 = STYLED_ITEM('color',(#5746),#3156);
#5746 = PRESENTATION_STYLE_ASSIGNMENT((#5747,#5752));
#5747 = SURFACE_STYLE_USAGE(.BOTH.,#5748);
#5748 = SURFACE_SIDE_STYLE('',(#5749));
#5749 = SURFACE_STYLE_FILL_AREA(#5750);
#5750 = FILL_AREA_STYLE('',(#5751));
#5751 = FILL_AREA_STYLE_COLOUR('',#5328);
#5752 = CURVE_STYLE('',#5753,POSITIVE_LENGTH_MEASURE(0.1),#5328);
#5753 = DRAUGHTING_PRE_DEFINED_CURVE_FONT('continuous');
#5754 = STYLED_ITEM('color',(#5755),#3189);
#5755 = PRESENTATION_STYLE_ASSIGNMENT((#5756,#5761));
#5756 = SURFACE_STYLE_USAGE(.BOTH.,#5757);
#5757 = SURFACE_SIDE_STYLE('',(#5758));
#5758 = SURFACE_STYLE_FILL_AREA(#5759);
#5759 = FILL_AREA_STYLE('',(#5760));
#5760 = FILL_AREA_STYLE_COLOUR('',#5328);
#5761 = CURVE_STYLE('',#5762,POSITIVE_LENGTH_MEASURE(0.1),#5328);
#5762 = DRAUGHTING_PRE_DEFINED_CURVE_FONT('continuous');
#5763 = STYLED_ITEM('color',(#5764),#3229);
#5764 = PRESENTATION_STYLE_ASSIGNMENT((#5765,#5770));
#5765 = SURFACE_STYLE_USAGE(.BOTH.,#5766);
#5766 = SURFACE_SIDE_STYLE('',(#5767));
#5767 = SURFACE_STYLE_FILL_AREA(#5768);
#5768 = FILL_AREA_STYLE('',(#5769));
#5769 = FILL_AREA_STYLE_COLOUR('',#5328);
#5770 = CURVE_STYLE('',#5771,POSITIVE_LENGTH_MEASURE(0.1),#5328);
#5771 = DRAUGHTING_PRE_DEFINED_CURVE_FONT('continuous');
#5772 = STYLED_ITEM('color',(#5773),#3253);
#5773 = PRESENTATION_STYLE_ASSIGNMENT((#5774,#5779));
#5774 = SURFACE_STYLE_USAGE(.BOTH.,#5775);
#5775 = SURFACE_SIDE_STYLE('',(#5776));
#5776 = SURFACE_STYLE_FILL_AREA(#5777);
#5777 = FILL_AREA_STYLE('',(#5778));
#5778 = FILL_AREA_STYLE_COLOUR('',#5328);
#5779 = CURVE_STYLE('',#5780,POSITIVE_LENGTH_MEASURE(0.1),#5328);
#5780 = DRAUGHTING_PRE_DEFINED_CURVE_FONT('continuous');
#5781 = STYLED_ITEM('color',(#5782),#3286);
#5782 = PRESENTATION_STYLE_ASSIGNMENT((#5783,#5788));
#5783 = SURFACE_STYLE_USAGE(.BOTH.,#5784);
#5784 = SURFACE_SIDE_STYLE('',(#5785));
#5785 = SURFACE_STYLE_FILL_AREA(#5786);
#5786 = FILL_AREA_STYLE('',(#5787));
#5787 = FILL_AREA_STYLE_COLOUR('',#5328);
#5788 = CURVE_STYLE('',#5789,POSITIVE_LENGTH_MEASURE(0.1),#5328);
#5789 = DRAUGHTING_PRE_DEFINED_CURVE_FONT('continuous');
#5790 = STYLED_ITEM('color',(#5791),#3326);
#5791 = PRESENTATION_STYLE_ASSIGNMENT((#5792,#5797));
#5792 = SURFACE_STYLE_USAGE(.BOTH.,#5793);
#5793 = SURFACE_SIDE_STYLE('',(#5794));
#5794 = SURFACE_STYLE_FILL_AREA(#5795);
#5795 = FILL_AREA_STYLE('',(#5796));
#5796 = FILL_AREA_STYLE_COLOUR('',#5328);
#5797 = CURVE_STYLE('',#5798,POSITIVE_LENGTH_MEASURE(0.1),#5328);
#5798 = DRAUGHTING_PRE_DEFINED_CURVE_FONT('continuous');
#5799 = STYLED_ITEM('color',(#5800),#3350);
#5800 = PRESENTATION_STYLE_ASSIGNMENT((#5801,#5806));
#5801 = SURFACE_STYLE_USAGE(.BOTH.,#5802);
#5802 = SURFACE_SIDE_STYLE('',(#5803));
#5803 = SURFACE_STYLE_FILL_AREA(#5804);
#5804 = FILL_AREA_STYLE('',(#5805));
#5805 = FILL_AREA_STYLE_COLOUR('',#5328);
#5806 = CURVE_STYLE('',#5807,POSITIVE_LENGTH_MEASURE(0.1),#5328);
#5807 = DRAUGHTING_PRE_DEFINED_CURVE_FONT('continuous');
#5808 = STYLED_ITEM('color',(#5809),#3383);
#5809 = PRESENTATION_STYLE_ASSIGNMENT((#5810,#5815));
#5810 = SURFACE_STYLE_USAGE(.BOTH.,#5811);
#5811 = SURFACE_SIDE_STYLE('',(#5812));
#5812 = SURFACE_STYLE_FILL_AREA(#5813);
#5813 = FILL_AREA_STYLE('',(#5814));
#5814 = FILL_AREA_STYLE_COLOUR('',#5328);
#5815 = CURVE_STYLE('',#5816,POSITIVE_LENGTH_MEASURE(0.1),#5328);
#5816 = DRAUGHTING_PRE_DEFINED_CURVE_FONT('continuous');
#5817 = STYLED_ITEM('color',(#5818),#3423);
#5818 = PRESENTATION_STYLE_ASSIGNMENT((#5819,#5824));
#5819 = SURFACE_STYLE_USAGE(.BOTH.,#5820);
#5820 = SURFACE_SIDE_STYLE('',(#5821));
#5821 = SURFACE_STYLE_FILL_AREA(#5822);
#5822 = FILL_AREA_STYLE('',(#5823));
#5823 = FILL_AREA_STYLE_COLOUR('',#5328);
#5824 = CURVE_STYLE('',#5825,POSITIVE_LENGTH_MEASURE(0.1),#5328);
#5825 = DRAUGHTING_PRE_DEFINED_CURVE_FONT('continuous');
#5826 = STYLED_ITEM('color',(#5827),#3447);
#5827 = PRESENTATION_STYLE_ASSIGNMENT((#5828,#5833));
#5828 = SURFACE_STYLE_USAGE(.BOTH.,#5829);
#5829 = SURFACE_SIDE_STYLE('',(#5830));
#5830 = SURFACE_STYLE_FILL_AREA(#5831);
#5831 = FILL_AREA_STYLE('',(#5832));
#5832 = FILL_AREA_STYLE_COLOUR('',#5328);
#5833 = CURVE_STYLE('',#5834,POSITIVE_LENGTH_MEASURE(0.1),#5328);
#5834 = DRAUGHTING_PRE_DEFINED_CURVE_FONT('continuous');
#5835 = STYLED_ITEM('color',(#5836),#3480);
#5836 = PRESENTATION_STYLE_ASSIGNMENT((#5837,#5842));
#5837 = SURFACE_STYLE_USAGE(.BOTH.,#5838);
#5838 = SURFACE_SIDE_STYLE('',(#5839));
#5839 = SURFACE_STYLE_FILL_AREA(#5840);
#5840 = FILL_AREA_STYLE('',(#5841));
#5841 = FILL_AREA_STYLE_COLOUR('',#5328);
#5842 = CURVE_STYLE('',#5843,POSITIVE_LENGTH_MEASURE(0.1),#5328);
#5843 = DRAUGHTING_PRE_DEFINED_CURVE_FONT('continuous');
#5844 = STYLED_ITEM('color',(#5845),#3520);
#5845 = PRESENTATION_STYLE_ASSIGNMENT((#5846,#5851));
#5846 = SURFACE_STYLE_USAGE(.BOTH.,#5847);
#5847 = SURFACE_SIDE_STYLE('',(#5848));
#5848 = SURFACE_STYLE_FILL_AREA(#5849);
#5849 = FILL_AREA_STYLE('',(#5850));
#5850 = FILL_AREA_STYLE_COLOUR('',#5328);
#5851 = CURVE_STYLE('',#5852,POSITIVE_LENGTH_MEASURE(0.1),#5328);
#5852 = DRAUGHTING_PRE_DEFINED_CURVE_FONT('continuous');
#5853 = STYLED_ITEM('color',(#5854),#3544);
#5854 = PRESENTATION_STYLE_ASSIGNMENT((#5855,#5860));
#5855 = SURFACE_STYLE_USAGE(.BOTH.,#5856);
#5856 = SURFACE_SIDE_STYLE('',(#5857));
#5857 = SURFACE_STYLE_FILL_AREA(#5858);
#5858 = FILL_AREA_STYLE('',(#5859));
#5859 = FILL_AREA_STYLE_COLOUR('',#5328);
#5860 = CURVE_STYLE('',#5861,POSITIVE_LENGTH_MEASURE(0.1),#5328);
#5861 = DRAUGHTING_PRE_DEFINED_CURVE_FONT('continuous');
#5862 = STYLED_ITEM('color',(#5863),#3577);
#5863 = PRESENTATION_STYLE_ASSIGNMENT((#5864,#5869));
#5864 = SURFACE_STYLE_USAGE(.BOTH.,#5865);
#5865 = SURFACE_SIDE_STYLE('',(#5866));
#5866 = SURFACE_STYLE_FILL_AREA(#5867);
#5867 = FILL_AREA_STYLE('',(#5868));
#5868 = FILL_AREA_STYLE_COLOUR('',#5328);
#5869 = CURVE_STYLE('',#5870,POSITIVE_LENGTH_MEASURE(0.1),#5328);
#5870 = DRAUGHTING_PRE_DEFINED_CURVE_FONT('continuous');
#5871 = STYLED_ITEM('color',(#5872),#3617);
#5872 = PRESENTATION_STYLE_ASSIGNMENT((#5873,#5878));
#5873 = SURFACE_STYLE_USAGE(.BOTH.,#5874);
#5874 = SURFACE_SIDE_STYLE('',(#5875));
#5875 = SURFACE_STYLE_FILL_AREA(#5876);
#5876 = FILL_AREA_STYLE('',(#5877));
#5877 = FILL_AREA_STYLE_COLOUR('',#5328);
#5878 = CURVE_STYLE('',#5879,POSITIVE_LENGTH_MEASURE(0.1),#5328);
#5879 = DRAUGHTING_PRE_DEFINED_CURVE_FONT('continuous');
#5880 = STYLED_ITEM('color',(#5881),#3641);
#5881 = PRESENTATION_STYLE_ASSIGNMENT((#5882,#5887));
#5882 = SURFACE_STYLE_USAGE(.BOTH.,#5883);
#5883 = SURFACE_SIDE_STYLE('',(#5884));
#5884 = SURFACE_STYLE_FILL_AREA(#5885);
#5885 = FILL_AREA_STYLE('',(#5886));
#5886 = FILL_AREA_STYLE_COLOUR('',#5328);
#5887 = CURVE_STYLE('',#5888,POSITIVE_LENGTH_MEASURE(0.1),#5328);
#5888 = DRAUGHTING_PRE_DEFINED_CURVE_FONT('continuous');
#5889 = STYLED_ITEM('color',(#5890),#3674);
#5890 = PRESENTATION_STYLE_ASSIGNMENT((#5891,#5896));
#5891 = SURFACE_STYLE_USAGE(.BOTH.,#5892);
#5892 = SURFACE_SIDE_STYLE('',(#5893));
#5893 = SURFACE_STYLE_FILL_AREA(#5894);
#5894 = FILL_AREA_STYLE('',(#5895));
#5895 = FILL_AREA_STYLE_COLOUR('',#5328);
#5896 = CURVE_STYLE('',#5897,POSITIVE_LENGTH_MEASURE(0.1),#5328);
#5897 = DRAUGHTING_PRE_DEFINED_CURVE_FONT('continuous');
#5898 = STYLED_ITEM('color',(#5899),#3714);
#5899 = PRESENTATION_STYLE_ASSIGNMENT((#5900,#5905));
#5900 = SURFACE_STYLE_USAGE(.BOTH.,#5901);
#5901 = SURFACE_SIDE_STYLE('',(#5902));
#5902 = SURFACE_STYLE_FILL_AREA(#5903);
#5903 = FILL_AREA_STYLE('',(#5904));
#5904 = FILL_AREA_STYLE_COLOUR('',#5328);
#5905 = CURVE_STYLE('',#5906,POSITIVE_LENGTH_MEASURE(0.1),#5328);
#5906 = DRAUGHTING_PRE_DEFINED_CURVE_FONT('continuous');
#5907 = STYLED_ITEM('color',(#5908),#3738);
#5908 = PRESENTATION_STYLE_ASSIGNMENT((#5909,#5914));
#5909 = SURFACE_STYLE_USAGE(.BOTH.,#5910);
#5910 = SURFACE_SIDE_STYLE('',(#5911));
#5911 = SURFACE_STYLE_FILL_AREA(#5912);
#5912 = FILL_AREA_STYLE('',(#5913));
#5913 = FILL_AREA_STYLE_COLOUR('',#5328);
#5914 = CURVE_STYLE('',#5915,POSITIVE_LENGTH_MEASURE(0.1),#5328);
#5915 = DRAUGHTING_PRE_DEFINED_CURVE_FONT('continuous');
#5916 = STYLED_ITEM('color',(#5917),#3771);
#5917 = PRESENTATION_STYLE_ASSIGNMENT((#5918,#5923));
#5918 = SURFACE_STYLE_USAGE(.BOTH.,#5919);
#5919 = SURFACE_SIDE_STYLE('',(#5920));
#5920 = SURFACE_STYLE_FILL_AREA(#5921);
#5921 = FILL_AREA_STYLE('',(#5922));
#5922 = FILL_AREA_STYLE_COLOUR('',#5328);
#5923 = CURVE_STYLE('',#5924,POSITIVE_LENGTH_MEASURE(0.1),#5328);
#5924 = DRAUGHTING_PRE_DEFINED_CURVE_FONT('continuous');
#5925 = STYLED_ITEM('color',(#5926),#3811);
#5926 = PRESENTATION_STYLE_ASSIGNMENT((#5927,#5932));
#5927 = SURFACE_STYLE_USAGE(.BOTH.,#5928);
#5928 = SURFACE_SIDE_STYLE('',(#5929));
#5929 = SURFACE_STYLE_FILL_AREA(#5930);
#5930 = FILL_AREA_STYLE('',(#5931));
#5931 = FILL_AREA_STYLE_COLOUR('',#5328);
#5932 = CURVE_STYLE('',#5933,POSITIVE_LENGTH_MEASURE(0.1),#5328);
#5933 = DRAUGHTING_PRE_DEFINED_CURVE_FONT('continuous');
#5934 = STYLED_ITEM('color',(#5935),#3835);
#5935 = PRESENTATION_STYLE_ASSIGNMENT((#5936,#5941));
#5936 = SURFACE_STYLE_USAGE(.BOTH.,#5937);
#5937 = SURFACE_SIDE_STYLE('',(#5938));
#5938 = SURFACE_STYLE_FILL_AREA(#5939);
#5939 = FILL_AREA_STYLE('',(#5940));
#5940 = FILL_AREA_STYLE_COLOUR('',#5328);
#5941 = CURVE_STYLE('',#5942,POSITIVE_LENGTH_MEASURE(0.1),#5328);
#5942 = DRAUGHTING_PRE_DEFINED_CURVE_FONT('continuous');
#5943 = STYLED_ITEM('color',(#5944),#3868);
#5944 = PRESENTATION_STYLE_ASSIGNMENT((#5945,#5950));
#5945 = SURFACE_STYLE_USAGE(.BOTH.,#5946);
#5946 = SURFACE_SIDE_STYLE('',(#5947));
#5947 = SURFACE_STYLE_FILL_AREA(#5948);
#5948 = FILL_AREA_STYLE('',(#5949));
#5949 = FILL_AREA_STYLE_COLOUR('',#5328);
#5950 = CURVE_STYLE('',#5951,POSITIVE_LENGTH_MEASURE(0.1),#5328);
#5951 = DRAUGHTING_PRE_DEFINED_CURVE_FONT('continuous');
#5952 = STYLED_ITEM('color',(#5953),#3908);
#5953 = PRESENTATION_STYLE_ASSIGNMENT((#5954,#5959));
#5954 = SURFACE_STYLE_USAGE(.BOTH.,#5955);
#5955 = SURFACE_SIDE_STYLE('',(#5956));
#5956 = SURFACE_STYLE_FILL_AREA(#5957);
#5957 = FILL_AREA_STYLE('',(#5958));
#5958 = FILL_AREA_STYLE_COLOUR('',#5328);
#5959 = CURVE_STYLE('',#5960,POSITIVE_LENGTH_MEASURE(0.1),#5328);
#5960 = DRAUGHTING_PRE_DEFINED_CURVE_FONT('continuous');
#5961 = STYLED_ITEM('color',(#5962),#3932);
#5962 = PRESENTATION_STYLE_ASSIGNMENT((#5963,#5968));
#5963 = SURFACE_STYLE_USAGE(.BOTH.,#5964);
#5964 = SURFACE_SIDE_STYLE('',(#5965));
#5965 = SURFACE_STYLE_FILL_AREA(#5966);
#5966 = FILL_AREA_STYLE('',(#5967));
#5967 = FILL_AREA_STYLE_COLOUR('',#5328);
#5968 = CURVE_STYLE('',#5969,POSITIVE_LENGTH_MEASURE(0.1),#5328);
#5969 = DRAUGHTING_PRE_DEFINED_CURVE_FONT('continuous');
#5970 = STYLED_ITEM('color',(#5971),#3965);
#5971 = PRESENTATION_STYLE_ASSIGNMENT((#5972,#5977));
#5972 = SURFACE_STYLE_USAGE(.BOTH.,#5973);
#5973 = SURFACE_SIDE_STYLE('',(#5974));
#5974 = SURFACE_STYLE_FILL_AREA(#5975);
#5975 = FILL_AREA_STYLE('',(#5976));
#5976 = FILL_AREA_STYLE_COLOUR('',#5328);
#5977 = CURVE_STYLE('',#5978,POSITIVE_LENGTH_MEASURE(0.1),#5328);
#5978 = DRAUGHTING_PRE_DEFINED_CURVE_FONT('continuous');
#5979 = STYLED_ITEM('color',(#5980),#3983);
#5980 = PRESENTATION_STYLE_ASSIGNMENT((#5981,#5986));
#5981 = SURFACE_STYLE_USAGE(.BOTH.,#5982);
#5982 = SURFACE_SIDE_STYLE('',(#5983));
#5983 = SURFACE_STYLE_FILL_AREA(#5984);
#5984 = FILL_AREA_STYLE('',(#5985));
#5985 = FILL_AREA_STYLE_COLOUR('',#5328);
#5986 = CURVE_STYLE('',#5987,POSITIVE_LENGTH_MEASURE(0.1),#5328);
#5987 = DRAUGHTING_PRE_DEFINED_CURVE_FONT('continuous');
#5988 = STYLED_ITEM('color',(#5989),#4001);
#5989 = PRESENTATION_STYLE_ASSIGNMENT((#5990,#5995));
#5990 = SURFACE_STYLE_USAGE(.BOTH.,#5991);
#5991 = SURFACE_SIDE_STYLE('',(#5992));
#5992 = SURFACE_STYLE_FILL_AREA(#5993);
#5993 = FILL_AREA_STYLE('',(#5994));
#5994 = FILL_AREA_STYLE_COLOUR('',#5328);
#5995 = CURVE_STYLE('',#5996,POSITIVE_LENGTH_MEASURE(0.1),#5328);
#5996 = DRAUGHTING_PRE_DEFINED_CURVE_FONT('continuous');
#5997 = STYLED_ITEM('color',(#5998),#4019);
#5998 = PRESENTATION_STYLE_ASSIGNMENT((#5999,#6004));
#5999 = SURFACE_STYLE_USAGE(.BOTH.,#6000);
#6000 = SURFACE_SIDE_STYLE('',(#6001));
#6001 = SURFACE_STYLE_FILL_AREA(#6002);
#6002 = FILL_AREA_STYLE('',(#6003));
#6003 = FILL_AREA_STYLE_COLOUR('',#5328);
#6004 = CURVE_STYLE('',#6005,POSITIVE_LENGTH_MEASURE(0.1),#5328);
#6005 = DRAUGHTING_PRE_DEFINED_CURVE_FONT('continuous');
#6006 = STYLED_ITEM('color',(#6007),#4037);
#6007 = PRESENTATION_STYLE_ASSIGNMENT((#6008,#6013));
#6008 = SURFACE_STYLE_USAGE(.BOTH.,#6009);
#6009 = SURFACE_SIDE_STYLE('',(#6010));
#6010 = SURFACE_STYLE_FILL_AREA(#6011);
#6011 = FILL_AREA_STYLE('',(#6012));
#6012 = FILL_AREA_STYLE_COLOUR('',#5328);
#6013 = CURVE_STYLE('',#6014,POSITIVE_LENGTH_MEASURE(0.1),#5328);
#6014 = DRAUGHTING_PRE_DEFINED_CURVE_FONT('continuous');
#6015 = STYLED_ITEM('color',(#6016),#4055);
#6016 = PRESENTATION_STYLE_ASSIGNMENT((#6017,#6022));
#6017 = SURFACE_STYLE_USAGE(.BOTH.,#6018);
#6018 = SURFACE_SIDE_STYLE('',(#6019));
#6019 = SURFACE_STYLE_FILL_AREA(#6020);
#6020 = FILL_AREA_STYLE('',(#6021));
#6021 = FILL_AREA_STYLE_COLOUR('',#5328);
#6022 = CURVE_STYLE('',#6023,POSITIVE_LENGTH_MEASURE(0.1),#5328);
#6023 = DRAUGHTING_PRE_DEFINED_CURVE_FONT('continuous');
#6024 = STYLED_ITEM('color',(#6025),#4073);
#6025 = PRESENTATION_STYLE_ASSIGNMENT((#6026,#6031));
#6026 = SURFACE_STYLE_USAGE(.BOTH.,#6027);
#6027 = SURFACE_SIDE_STYLE('',(#6028));
#6028 = SURFACE_STYLE_FILL_AREA(#6029);
#6029 = FILL_AREA_STYLE('',(#6030));
#6030 = FILL_AREA_STYLE_COLOUR('',#5328);
#6031 = CURVE_STYLE('',#6032,POSITIVE_LENGTH_MEASURE(0.1),#5328);
#6032 = DRAUGHTING_PRE_DEFINED_CURVE_FONT('continuous');
#6033 = STYLED_ITEM('color',(#6034),#4091);
#6034 = PRESENTATION_STYLE_ASSIGNMENT((#6035,#6040));
#6035 = SURFACE_STYLE_USAGE(.BOTH.,#6036);
#6036 = SURFACE_SIDE_STYLE('',(#6037));
#6037 = SURFACE_STYLE_FILL_AREA(#6038);
#6038 = FILL_AREA_STYLE('',(#6039));
#6039 = FILL_AREA_STYLE_COLOUR('',#5328);
#6040 = CURVE_STYLE('',#6041,POSITIVE_LENGTH_MEASURE(0.1),#5328);
#6041 = DRAUGHTING_PRE_DEFINED_CURVE_FONT('continuous');
#6042 = STYLED_ITEM('color',(#6043),#4109);
#6043 = PRESENTATION_STYLE_ASSIGNMENT((#6044,#6049));
#6044 = SURFACE_STYLE_USAGE(.BOTH.,#6045);
#6045 = SURFACE_SIDE_STYLE('',(#6046));
#6046 = SURFACE_STYLE_FILL_AREA(#6047);
#6047 = FILL_AREA_STYLE('',(#6048));
#6048 = FILL_AREA_STYLE_COLOUR('',#5328);
#6049 = CURVE_STYLE('',#6050,POSITIVE_LENGTH_MEASURE(0.1),#5328);
#6050 = DRAUGHTING_PRE_DEFINED_CURVE_FONT('continuous');
#6051 = STYLED_ITEM('color',(#6052),#4127);
#6052 = PRESENTATION_STYLE_ASSIGNMENT((#6053,#6058));
#6053 = SURFACE_STYLE_USAGE(.BOTH.,#6054);
#6054 = SURFACE_SIDE_STYLE('',(#6055));
#6055 = SURFACE_STYLE_FILL_AREA(#6056);
#6056 = FILL_AREA_STYLE('',(#6057));
#6057 = FILL_AREA_STYLE_COLOUR('',#5328);
#6058 = CURVE_STYLE('',#6059,POSITIVE_LENGTH_MEASURE(0.1),#5328);
#6059 = DRAUGHTING_PRE_DEFINED_CURVE_FONT('continuous');
#6060 = STYLED_ITEM('color',(#6061),#4145);
#6061 = PRESENTATION_STYLE_ASSIGNMENT((#6062,#6067));
#6062 = SURFACE_STYLE_USAGE(.BOTH.,#6063);
#6063 = SURFACE_SIDE_STYLE('',(#6064));
#6064 = SURFACE_STYLE_FILL_AREA(#6065);
#6065 = FILL_AREA_STYLE('',(#6066));
#6066 = FILL_AREA_STYLE_COLOUR('',#5328);
#6067 = CURVE_STYLE('',#6068,POSITIVE_LENGTH_MEASURE(0.1),#5328);
#6068 = DRAUGHTING_PRE_DEFINED_CURVE_FONT('continuous');
#6069 = STYLED_ITEM('color',(#6070),#4163);
#6070 = PRESENTATION_STYLE_ASSIGNMENT((#6071,#6076));
#6071 = SURFACE_STYLE_USAGE(.BOTH.,#6072);
#6072 = SURFACE_SIDE_STYLE('',(#6073));
#6073 = SURFACE_STYLE_FILL_AREA(#6074);
#6074 = FILL_AREA_STYLE('',(#6075));
#6075 = FILL_AREA_STYLE_COLOUR('',#5328);
#6076 = CURVE_STYLE('',#6077,POSITIVE_LENGTH_MEASURE(0.1),#5328);
#6077 = DRAUGHTING_PRE_DEFINED_CURVE_FONT('continuous');
#6078 = STYLED_ITEM('color',(#6079),#4181);
#6079 = PRESENTATION_STYLE_ASSIGNMENT((#6080,#6085));
#6080 = SURFACE_STYLE_USAGE(.BOTH.,#6081);
#6081 = SURFACE_SIDE_STYLE('',(#6082));
#6082 = SURFACE_STYLE_FILL_AREA(#6083);
#6083 = FILL_AREA_STYLE('',(#6084));
#6084 = FILL_AREA_STYLE_COLOUR('',#5328);
#6085 = CURVE_STYLE('',#6086,POSITIVE_LENGTH_MEASURE(0.1),#5328);
#6086 = DRAUGHTING_PRE_DEFINED_CURVE_FONT('continuous');
#6087 = STYLED_ITEM('color',(#6088),#4199);
#6088 = PRESENTATION_STYLE_ASSIGNMENT((#6089,#6094));
#6089 = SURFACE_STYLE_USAGE(.BOTH.,#6090);
#6090 = SURFACE_SIDE_STYLE('',(#6091));
#6091 = SURFACE_STYLE_FILL_AREA(#6092);
#6092 = FILL_AREA_STYLE('',(#6093));
#6093 = FILL_AREA_STYLE_COLOUR('',#5328);
#6094 = CURVE_STYLE('',#6095,POSITIVE_LENGTH_MEASURE(0.1),#5328);
#6095 = DRAUGHTING_PRE_DEFINED_CURVE_FONT('continuous');
#6096 = STYLED_ITEM('color',(#6097),#4217);
#6097 = PRESENTATION_STYLE_ASSIGNMENT((#6098,#6103));
#6098 = SURFACE_STYLE_USAGE(.BOTH.,#6099);
#6099 = SURFACE_SIDE_STYLE('',(#6100));
#6100 = SURFACE_STYLE_FILL_AREA(#6101);
#6101 = FILL_AREA_STYLE('',(#6102));
#6102 = FILL_AREA_STYLE_COLOUR('',#5328);
#6103 = CURVE_STYLE('',#6104,POSITIVE_LENGTH_MEASURE(0.1),#5328);
#6104 = DRAUGHTING_PRE_DEFINED_CURVE_FONT('continuous');
#6105 = STYLED_ITEM('color',(#6106),#4235);
#6106 = PRESENTATION_STYLE_ASSIGNMENT((#6107,#6112));
#6107 = SURFACE_STYLE_USAGE(.BOTH.,#6108);
#6108 = SURFACE_SIDE_STYLE('',(#6109));
#6109 = SURFACE_STYLE_FILL_AREA(#6110);
#6110 = FILL_AREA_STYLE('',(#6111));
#6111 = FILL_AREA_STYLE_COLOUR('',#5328);
#6112 = CURVE_STYLE('',#6113,POSITIVE_LENGTH_MEASURE(0.1),#5328);
#6113 = DRAUGHTING_PRE_DEFINED_CURVE_FONT('continuous');
#6114 = STYLED_ITEM('color',(#6115),#4253);
#6115 = PRESENTATION_STYLE_ASSIGNMENT((#6116,#6121));
#6116 = SURFACE_STYLE_USAGE(.BOTH.,#6117);
#6117 = SURFACE_SIDE_STYLE('',(#6118));
#6118 = SURFACE_STYLE_FILL_AREA(#6119);
#6119 = FILL_AREA_STYLE('',(#6120));
#6120 = FILL_AREA_STYLE_COLOUR('',#5328);
#6121 = CURVE_STYLE('',#6122,POSITIVE_LENGTH_MEASURE(0.1),#5328);
#6122 = DRAUGHTING_PRE_DEFINED_CURVE_FONT('continuous');
#6123 = STYLED_ITEM('color',(#6124),#4271);
#6124 = PRESENTATION_STYLE_ASSIGNMENT((#6125,#6130));
#6125 = SURFACE_STYLE_USAGE(.BOTH.,#6126);
#6126 = SURFACE_SIDE_STYLE('',(#6127));
#6127 = SURFACE_STYLE_FILL_AREA(#6128);
#6128 = FILL_AREA_STYLE('',(#6129));
#6129 = FILL_AREA_STYLE_COLOUR('',#5328);
#6130 = CURVE_STYLE('',#6131,POSITIVE_LENGTH_MEASURE(0.1),#5328);
#6131 = DRAUGHTING_PRE_DEFINED_CURVE_FONT('continuous');
#6132 = STYLED_ITEM('color',(#6133),#4289);
#6133 = PRESENTATION_STYLE_ASSIGNMENT((#6134,#6139));
#6134 = SURFACE_STYLE_USAGE(.BOTH.,#6135);
#6135 = SURFACE_SIDE_STYLE('',(#6136));
#6136 = SURFACE_STYLE_FILL_AREA(#6137);
#6137 = FILL_AREA_STYLE('',(#6138));
#6138 = FILL_AREA_STYLE_COLOUR('',#5328);
#6139 = CURVE_STYLE('',#6140,POSITIVE_LENGTH_MEASURE(0.1),#5328);
#6140 = DRAUGHTING_PRE_DEFINED_CURVE_FONT('continuous');
#6141 = STYLED_ITEM('color',(#6142),#4307);
#6142 = PRESENTATION_STYLE_ASSIGNMENT((#6143,#6148));
#6143 = SURFACE_STYLE_USAGE(.BOTH.,#6144);
#6144 = SURFACE_SIDE_STYLE('',(#6145));
#6145 = SURFACE_STYLE_FILL_AREA(#6146);
#6146 = FILL_AREA_STYLE('',(#6147));
#6147 = FILL_AREA_STYLE_COLOUR('',#5328);
#6148 = CURVE_STYLE('',#6149,POSITIVE_LENGTH_MEASURE(0.1),#5328);
#6149 = DRAUGHTING_PRE_DEFINED_CURVE_FONT('continuous');
#6150 = STYLED_ITEM('color',(#6151),#4325);
#6151 = PRESENTATION_STYLE_ASSIGNMENT((#6152,#6157));
#6152 = SURFACE_STYLE_USAGE(.BOTH.,#6153);
#6153 = SURFACE_SIDE_STYLE('',(#6154));
#6154 = SURFACE_STYLE_FILL_AREA(#6155);
#6155 = FILL_AREA_STYLE('',(#6156));
#6156 = FILL_AREA_STYLE_COLOUR('',#5328);
#6157 = CURVE_STYLE('',#6158,POSITIVE_LENGTH_MEASURE(0.1),#5328);
#6158 = DRAUGHTING_PRE_DEFINED_CURVE_FONT('continuous');
#6159 = STYLED_ITEM('color',(#6160),#4343);
#6160 = PRESENTATION_STYLE_ASSIGNMENT((#6161,#6166));
#6161 = SURFACE_STYLE_USAGE(.BOTH.,#6162);
#6162 = SURFACE_SIDE_STYLE('',(#6163));
#6163 = SURFACE_STYLE_FILL_AREA(#6164);
#6164 = FILL_AREA_STYLE('',(#6165));
#6165 = FILL_AREA_STYLE_COLOUR('',#5328);
#6166 = CURVE_STYLE('',#6167,POSITIVE_LENGTH_MEASURE(0.1),#5328);
#6167 = DRAUGHTING_PRE_DEFINED_CURVE_FONT('continuous');
#6168 = STYLED_ITEM('color',(#6169),#4361);
#6169 = PRESENTATION_STYLE_ASSIGNMENT((#6170,#6175));
#6170 = SURFACE_STYLE_USAGE(.BOTH.,#6171);
#6171 = SURFACE_SIDE_STYLE('',(#6172));
#6172 = SURFACE_STYLE_FILL_AREA(#6173);
#6173 = FILL_AREA_STYLE('',(#6174));
#6174 = FILL_AREA_STYLE_COLOUR('',#5328);
#6175 = CURVE_STYLE('',#6176,POSITIVE_LENGTH_MEASURE(0.1),#5328);
#6176 = DRAUGHTING_PRE_DEFINED_CURVE_FONT('continuous');
#6177 = STYLED_ITEM('color',(#6178),#4379);
#6178 = PRESENTATION_STYLE_ASSIGNMENT((#6179,#6184));
#6179 = SURFACE_STYLE_USAGE(.BOTH.,#6180);
#6180 = SURFACE_SIDE_STYLE('',(#6181));
#6181 = SURFACE_STYLE_FILL_AREA(#6182);
#6182 = FILL_AREA_STYLE('',(#6183));
#6183 = FILL_AREA_STYLE_COLOUR('',#5328);
#6184 = CURVE_STYLE('',#6185,POSITIVE_LENGTH_MEASURE(0.1),#5328);
#6185 = DRAUGHTING_PRE_DEFINED_CURVE_FONT('continuous');
#6186 = STYLED_ITEM('color',(#6187),#4397);
#6187 = PRESENTATION_STYLE_ASSIGNMENT((#6188,#6193));
#6188 = SURFACE_STYLE_USAGE(.BOTH.,#6189);
#6189 = SURFACE_SIDE_STYLE('',(#6190));
#6190 = SURFACE_STYLE_FILL_AREA(#6191);
#6191 = FILL_AREA_STYLE('',(#6192));
#6192 = FILL_AREA_STYLE_COLOUR('',#5328);
#6193 = CURVE_STYLE('',#6194,POSITIVE_LENGTH_MEASURE(0.1),#5328);
#6194 = DRAUGHTING_PRE_DEFINED_CURVE_FONT('continuous');
#6195 = STYLED_ITEM('color',(#6196),#4428);
#6196 = PRESENTATION_STYLE_ASSIGNMENT((#6197,#6202));
#6197 = SURFACE_STYLE_USAGE(.BOTH.,#6198);
#6198 = SURFACE_SIDE_STYLE('',(#6199));
#6199 = SURFACE_STYLE_FILL_AREA(#6200);
#6200 = FILL_AREA_STYLE('',(#6201));
#6201 = FILL_AREA_STYLE_COLOUR('',#5328);
#6202 = CURVE_STYLE('',#6203,POSITIVE_LENGTH_MEASURE(0.1),#5328);
#6203 = DRAUGHTING_PRE_DEFINED_CURVE_FONT('continuous');
#6204 = STYLED_ITEM('color',(#6205),#4452);
#6205 = PRESENTATION_STYLE_ASSIGNMENT((#6206,#6211));
#6206 = SURFACE_STYLE_USAGE(.BOTH.,#6207);
#6207 = SURFACE_SIDE_STYLE('',(#6208));
#6208 = SURFACE_STYLE_FILL_AREA(#6209);
#6209 = FILL_AREA_STYLE('',(#6210));
#6210 = FILL_AREA_STYLE_COLOUR('',#5328);
#6211 = CURVE_STYLE('',#6212,POSITIVE_LENGTH_MEASURE(0.1),#5328);
#6212 = DRAUGHTING_PRE_DEFINED_CURVE_FONT('continuous');
#6213 = STYLED_ITEM('color',(#6214),#4476);
#6214 = PRESENTATION_STYLE_ASSIGNMENT((#6215,#6220));
#6215 = SURFACE_STYLE_USAGE(.BOTH.,#6216);
#6216 = SURFACE_SIDE_STYLE('',(#6217));
#6217 = SURFACE_STYLE_FILL_AREA(#6218);
#6218 = FILL_AREA_STYLE('',(#6219));
#6219 = FILL_AREA_STYLE_COLOUR('',#5328);
#6220 = CURVE_STYLE('',#6221,POSITIVE_LENGTH_MEASURE(0.1),#5328);
#6221 = DRAUGHTING_PRE_DEFINED_CURVE_FONT('continuous');
#6222 = STYLED_ITEM('color',(#6223),#4500);
#6223 = PRESENTATION_STYLE_ASSIGNMENT((#6224,#6229));
#6224 = SURFACE_STYLE_USAGE(.BOTH.,#6225);
#6225 = SURFACE_SIDE_STYLE('',(#6226));
#6226 = SURFACE_STYLE_FILL_AREA(#6227);
#6227 = FILL_AREA_STYLE('',(#6228));
#6228 = FILL_AREA_STYLE_COLOUR('',#5328);
#6229 = CURVE_STYLE('',#6230,POSITIVE_LENGTH_MEASURE(0.1),#5328);
#6230 = DRAUGHTING_PRE_DEFINED_CURVE_FONT('continuous');
#6231 = STYLED_ITEM('color',(#6232),#4517);
#6232 = PRESENTATION_STYLE_ASSIGNMENT((#6233,#6238));
#6233 = SURFACE_STYLE_USAGE(.BOTH.,#6234);
#6234 = SURFACE_SIDE_STYLE('',(#6235));
#6235 = SURFACE_STYLE_FILL_AREA(#6236);
#6236 = FILL_AREA_STYLE('',(#6237));
#6237 = FILL_AREA_STYLE_COLOUR('',#5328);
#6238 = CURVE_STYLE('',#6239,POSITIVE_LENGTH_MEASURE(0.1),#5328);
#6239 = DRAUGHTING_PRE_DEFINED_CURVE_FONT('continuous');
#6240 = STYLED_ITEM('color',(#6241),#4534);
#6241 = PRESENTATION_STYLE_ASSIGNMENT((#6242,#6247));
#6242 = SURFACE_STYLE_USAGE(.BOTH.,#6243);
#6243 = SURFACE_SIDE_STYLE('',(#6244));
#6244 = SURFACE_STYLE_FILL_AREA(#6245);
#6245 = FILL_AREA_STYLE('',(#6246));
#6246 = FILL_AREA_STYLE_COLOUR('',#5328);
#6247 = CURVE_STYLE('',#6248,POSITIVE_LENGTH_MEASURE(0.1),#5328);
#6248 = DRAUGHTING_PRE_DEFINED_CURVE_FONT('continuous');
#6249 = STYLED_ITEM('color',(#6250),#4546);
#6250 = PRESENTATION_STYLE_ASSIGNMENT((#6251,#6256));
#6251 = SURFACE_STYLE_USAGE(.BOTH.,#6252);
#6252 = SURFACE_SIDE_STYLE('',(#6253));
#6253 = SURFACE_STYLE_FILL_AREA(#6254);
#6254 = FILL_AREA_STYLE('',(#6255));
#6255 = FILL_AREA_STYLE_COLOUR('',#5328);
#6256 = CURVE_STYLE('',#6257,POSITIVE_LENGTH_MEASURE(0.1),#5328);
#6257 = DRAUGHTING_PRE_DEFINED_CURVE_FONT('continuous');
#6258 = STYLED_ITEM('color',(#6259),#4563);
#6259 = PRESENTATION_STYLE_ASSIGNMENT((#6260,#6265));
#6260 = SURFACE_STYLE_USAGE(.BOTH.,#6261);
#6261 = SURFACE_SIDE_STYLE('',(#6262));
#6262 = SURFACE_STYLE_FILL_AREA(#6263);
#6263 = FILL_AREA_STYLE('',(#6264));
#6264 = FILL_AREA_STYLE_COLOUR('',#5328);
#6265 = CURVE_STYLE('',#6266,POSITIVE_LENGTH_MEASURE(0.1),#5328);
#6266 = DRAUGHTING_PRE_DEFINED_CURVE_FONT('continuous');
#6267 = STYLED_ITEM('color',(#6268),#4575);
#6268 = PRESENTATION_STYLE_ASSIGNMENT((#6269,#6274));
#6269 = SURFACE_STYLE_USAGE(.BOTH.,#6270);
#6270 = SURFACE_SIDE_STYLE('',(#6271));
#6271 = SURFACE_STYLE_FILL_AREA(#6272);
#6272 = FILL_AREA_STYLE('',(#6273));
#6273 = FILL_AREA_STYLE_COLOUR('',#5328);
#6274 = CURVE_STYLE('',#6275,POSITIVE_LENGTH_MEASURE(0.1),#5328);
#6275 = DRAUGHTING_PRE_DEFINED_CURVE_FONT('continuous');
#6276 = STYLED_ITEM('color',(#6277),#4592);
#6277 = PRESENTATION_STYLE_ASSIGNMENT((#6278,#6283));
#6278 = SURFACE_STYLE_USAGE(.BOTH.,#6279);
#6279 = SURFACE_SIDE_STYLE('',(#6280));
#6280 = SURFACE_STYLE_FILL_AREA(#6281);
#6281 = FILL_AREA_STYLE('',(#6282));
#6282 = FILL_AREA_STYLE_COLOUR('',#5328);
#6283 = CURVE_STYLE('',#6284,POSITIVE_LENGTH_MEASURE(0.1),#5328);
#6284 = DRAUGHTING_PRE_DEFINED_CURVE_FONT('continuous');
#6285 = STYLED_ITEM('color',(#6286),#4604);
#6286 = PRESENTATION_STYLE_ASSIGNMENT((#6287,#6292));
#6287 = SURFACE_STYLE_USAGE(.BOTH.,#6288);
#6288 = SURFACE_SIDE_STYLE('',(#6289));
#6289 = SURFACE_STYLE_FILL_AREA(#6290);
#6290 = FILL_AREA_STYLE('',(#6291));
#6291 = FILL_AREA_STYLE_COLOUR('',#5328);
#6292 = CURVE_STYLE('',#6293,POSITIVE_LENGTH_MEASURE(0.1),#5328);
#6293 = DRAUGHTING_PRE_DEFINED_CURVE_FONT('continuous');
#6294 = STYLED_ITEM('color',(#6295),#4621);
#6295 = PRESENTATION_STYLE_ASSIGNMENT((#6296,#6301));
#6296 = SURFACE_STYLE_USAGE(.BOTH.,#6297);
#6297 = SURFACE_SIDE_STYLE('',(#6298));
#6298 = SURFACE_STYLE_FILL_AREA(#6299);
#6299 = FILL_AREA_STYLE('',(#6300));
#6300 = FILL_AREA_STYLE_COLOUR('',#5328);
#6301 = CURVE_STYLE('',#6302,POSITIVE_LENGTH_MEASURE(0.1),#5328);
#6302 = DRAUGHTING_PRE_DEFINED_CURVE_FONT('continuous');
#6303 = STYLED_ITEM('color',(#6304),#4633);
#6304 = PRESENTATION_STYLE_ASSIGNMENT((#6305,#6310));
#6305 = SURFACE_STYLE_USAGE(.BOTH.,#6306);
#6306 = SURFACE_SIDE_STYLE('',(#6307));
#6307 = SURFACE_STYLE_FILL_AREA(#6308);
#6308 = FILL_AREA_STYLE('',(#6309));
#6309 = FILL_AREA_STYLE_COLOUR('',#5328);
#6310 = CURVE_STYLE('',#6311,POSITIVE_LENGTH_MEASURE(0.1),#5328);
#6311 = DRAUGHTING_PRE_DEFINED_CURVE_FONT('continuous');
#6312 = STYLED_ITEM('color',(#6313),#4650);
#6313 = PRESENTATION_STYLE_ASSIGNMENT((#6314,#6319));
#6314 = SURFACE_STYLE_USAGE(.BOTH.,#6315);
#6315 = SURFACE_SIDE_STYLE('',(#6316));
#6316 = SURFACE_STYLE_FILL_AREA(#6317);
#6317 = FILL_AREA_STYLE('',(#6318));
#6318 = FILL_AREA_STYLE_COLOUR('',#5328);
#6319 = CURVE_STYLE('',#6320,POSITIVE_LENGTH_MEASURE(0.1),#5328);
#6320 = DRAUGHTING_PRE_DEFINED_CURVE_FONT('continuous');
#6321 = STYLED_ITEM('color',(#6322),#4662);
#6322 = PRESENTATION_STYLE_ASSIGNMENT((#6323,#6328));
#6323 = SURFACE_STYLE_USAGE(.BOTH.,#6324);
#6324 = SURFACE_SIDE_STYLE('',(#6325));
#6325 = SURFACE_STYLE_FILL_AREA(#6326);
#6326 = FILL_AREA_STYLE('',(#6327));
#6327 = FILL_AREA_STYLE_COLOUR('',#5328);
#6328 = CURVE_STYLE('',#6329,POSITIVE_LENGTH_MEASURE(0.1),#5328);
#6329 = DRAUGHTING_PRE_DEFINED_CURVE_FONT('continuous');
#6330 = STYLED_ITEM('color',(#6331),#4679);
#6331 = PRESENTATION_STYLE_ASSIGNMENT((#6332,#6337));
#6332 = SURFACE_STYLE_USAGE(.BOTH.,#6333);
#6333 = SURFACE_SIDE_STYLE('',(#6334));
#6334 = SURFACE_STYLE_FILL_AREA(#6335);
#6335 = FILL_AREA_STYLE('',(#6336));
#6336 = FILL_AREA_STYLE_COLOUR('',#5328);
#6337 = CURVE_STYLE('',#6338,POSITIVE_LENGTH_MEASURE(0.1),#5328);
#6338 = DRAUGHTING_PRE_DEFINED_CURVE_FONT('continuous');
#6339 = STYLED_ITEM('color',(#6340),#4691);
#6340 = PRESENTATION_STYLE_ASSIGNMENT((#6341,#6346));
#6341 = SURFACE_STYLE_USAGE(.BOTH.,#6342);
#6342 = SURFACE_SIDE_STYLE('',(#6343));
#6343 = SURFACE_STYLE_FILL_AREA(#6344);
#6344 = FILL_AREA_STYLE('',(#6345));
#6345 = FILL_AREA_STYLE_COLOUR('',#5328);
#6346 = CURVE_STYLE('',#6347,POSITIVE_LENGTH_MEASURE(0.1),#5328);
#6347 = DRAUGHTING_PRE_DEFINED_CURVE_FONT('continuous');
#6348 = STYLED_ITEM('color',(#6349),#4708);
#6349 = PRESENTATION_STYLE_ASSIGNMENT((#6350,#6355));
#6350 = SURFACE_STYLE_USAGE(.BOTH.,#6351);
#6351 = SURFACE_SIDE_STYLE('',(#6352));
#6352 = SURFACE_STYLE_FILL_AREA(#6353);
#6353 = FILL_AREA_STYLE('',(#6354));
#6354 = FILL_AREA_STYLE_COLOUR('',#5328);
#6355 = CURVE_STYLE('',#6356,POSITIVE_LENGTH_MEASURE(0.1),#5328);
#6356 = DRAUGHTING_PRE_DEFINED_CURVE_FONT('continuous');
#6357 = STYLED_ITEM('color',(#6358),#4720);
#6358 = PRESENTATION_STYLE_ASSIGNMENT((#6359,#6364));
#6359 = SURFACE_STYLE_USAGE(.BOTH.,#6360);
#6360 = SURFACE_SIDE_STYLE('',(#6361));
#6361 = SURFACE_STYLE_FILL_AREA(#6362);
#6362 = FILL_AREA_STYLE('',(#6363));
#6363 = FILL_AREA_STYLE_COLOUR('',#5328);
#6364 = CURVE_STYLE('',#6365,POSITIVE_LENGTH_MEASURE(0.1),#5328);
#6365 = DRAUGHTING_PRE_DEFINED_CURVE_FONT('continuous');
#6366 = STYLED_ITEM('color',(#6367),#4737);
#6367 = PRESENTATION_STYLE_ASSIGNMENT((#6368,#6373));
#6368 = SURFACE_STYLE_USAGE(.BOTH.,#6369);
#6369 = SURFACE_SIDE_STYLE('',(#6370));
#6370 = SURFACE_STYLE_FILL_AREA(#6371);
#6371 = FILL_AREA_STYLE('',(#6372));
#6372 = FILL_AREA_STYLE_COLOUR('',#5328);
#6373 = CURVE_STYLE('',#6374,POSITIVE_LENGTH_MEASURE(0.1),#5328);
#6374 = DRAUGHTING_PRE_DEFINED_CURVE_FONT('continuous');
#6375 = STYLED_ITEM('color',(#6376),#4749);
#6376 = PRESENTATION_STYLE_ASSIGNMENT((#6377,#6382));
#6377 = SURFACE_STYLE_USAGE(.BOTH.,#6378);
#6378 = SURFACE_SIDE_STYLE('',(#6379));
#6379 = SURFACE_STYLE_FILL_AREA(#6380);
#6380 = FILL_AREA_STYLE('',(#6381));
#6381 = FILL_AREA_STYLE_COLOUR('',#5328);
#6382 = CURVE_STYLE('',#6383,POSITIVE_LENGTH_MEASURE(0.1),#5328);
#6383 = DRAUGHTING_PRE_DEFINED_CURVE_FONT('continuous');
#6384 = STYLED_ITEM('color',(#6385),#4766);
#6385 = PRESENTATION_STYLE_ASSIGNMENT((#6386,#6391));
#6386 = SURFACE_STYLE_USAGE(.BOTH.,#6387);
#6387 = SURFACE_SIDE_STYLE('',(#6388));
#6388 = SURFACE_STYLE_FILL_AREA(#6389);
#6389 = FILL_AREA_STYLE('',(#6390));
#6390 = FILL_AREA_STYLE_COLOUR('',#5328);
#6391 = CURVE_STYLE('',#6392,POSITIVE_LENGTH_MEASURE(0.1),#5328);
#6392 = DRAUGHTING_PRE_DEFINED_CURVE_FONT('continuous');
#6393 = STYLED_ITEM('color',(#6394),#4778);
#6394 = PRESENTATION_STYLE_ASSIGNMENT((#6395,#6400));
#6395 = SURFACE_STYLE_USAGE(.BOTH.,#6396);
#6396 = SURFACE_SIDE_STYLE('',(#6397));
#6397 = SURFACE_STYLE_FILL_AREA(#6398);
#6398 = FILL_AREA_STYLE('',(#6399));
#6399 = FILL_AREA_STYLE_COLOUR('',#5328);
#6400 = CURVE_STYLE('',#6401,POSITIVE_LENGTH_MEASURE(0.1),#5328);
#6401 = DRAUGHTING_PRE_DEFINED_CURVE_FONT('continuous');
#6402 = STYLED_ITEM('color',(#6403),#4795);
#6403 = PRESENTATION_STYLE_ASSIGNMENT((#6404,#6409));
#6404 = SURFACE_STYLE_USAGE(.BOTH.,#6405);
#6405 = SURFACE_SIDE_STYLE('',(#6406));
#6406 = SURFACE_STYLE_FILL_AREA(#6407);
#6407 = FILL_AREA_STYLE('',(#6408));
#6408 = FILL_AREA_STYLE_COLOUR('',#5328);
#6409 = CURVE_STYLE('',#6410,POSITIVE_LENGTH_MEASURE(0.1),#5328);
#6410 = DRAUGHTING_PRE_DEFINED_CURVE_FONT('continuous');
#6411 = STYLED_ITEM('color',(#6412),#4807);
#6412 = PRESENTATION_STYLE_ASSIGNMENT((#6413,#6418));
#6413 = SURFACE_STYLE_USAGE(.BOTH.,#6414);
#6414 = SURFACE_SIDE_STYLE('',(#6415));
#6415 = SURFACE_STYLE_FILL_AREA(#6416);
#6416 = FILL_AREA_STYLE('',(#6417));
#6417 = FILL_AREA_STYLE_COLOUR('',#5328);
#6418 = CURVE_STYLE('',#6419,POSITIVE_LENGTH_MEASURE(0.1),#5328);
#6419 = DRAUGHTING_PRE_DEFINED_CURVE_FONT('continuous');
#6420 = STYLED_ITEM('color',(#6421),#4824);
#6421 = PRESENTATION_STYLE_ASSIGNMENT((#6422,#6427));
#6422 = SURFACE_STYLE_USAGE(.BOTH.,#6423);
#6423 = SURFACE_SIDE_STYLE('',(#6424));
#6424 = SURFACE_STYLE_FILL_AREA(#6425);
#6425 = FILL_AREA_STYLE('',(#6426));
#6426 = FILL_AREA_STYLE_COLOUR('',#5328);
#6427 = CURVE_STYLE('',#6428,POSITIVE_LENGTH_MEASURE(0.1),#5328);
#6428 = DRAUGHTING_PRE_DEFINED_CURVE_FONT('continuous');
#6429 = STYLED_ITEM('color',(#6430),#4836);
#6430 = PRESENTATION_STYLE_ASSIGNMENT((#6431,#6436));
#6431 = SURFACE_STYLE_USAGE(.BOTH.,#6432);
#6432 = SURFACE_SIDE_STYLE('',(#6433));
#6433 = SURFACE_STYLE_FILL_AREA(#6434);
#6434 = FILL_AREA_STYLE('',(#6435));
#6435 = FILL_AREA_STYLE_COLOUR('',#5328);
#6436 = CURVE_STYLE('',#6437,POSITIVE_LENGTH_MEASURE(0.1),#5328);
#6437 = DRAUGHTING_PRE_DEFINED_CURVE_FONT('continuous');
#6438 = STYLED_ITEM('color',(#6439),#4853);
#6439 = PRESENTATION_STYLE_ASSIGNMENT((#6440,#6445));
#6440 = SURFACE_STYLE_USAGE(.BOTH.,#6441);
#6441 = SURFACE_SIDE_STYLE('',(#6442));
#6442 = SURFACE_STYLE_FILL_AREA(#6443);
#6443 = FILL_AREA_STYLE('',(#6444));
#6444 = FILL_AREA_STYLE_COLOUR('',#5328);
#6445 = CURVE_STYLE('',#6446,POSITIVE_LENGTH_MEASURE(0.1),#5328);
#6446 = DRAUGHTING_PRE_DEFINED_CURVE_FONT('continuous');
#6447 = STYLED_ITEM('color',(#6448),#4865);
#6448 = PRESENTATION_STYLE_ASSIGNMENT((#6449,#6454));
#6449 = SURFACE_STYLE_USAGE(.BOTH.,#6450);
#6450 = SURFACE_SIDE_STYLE('',(#6451));
#6451 = SURFACE_STYLE_FILL_AREA(#6452);
#6452 = FILL_AREA_STYLE('',(#6453));
#6453 = FILL_AREA_STYLE_COLOUR('',#5328);
#6454 = CURVE_STYLE('',#6455,POSITIVE_LENGTH_MEASURE(0.1),#5328);
#6455 = DRAUGHTING_PRE_DEFINED_CURVE_FONT('continuous');
#6456 = STYLED_ITEM('color',(#6457),#4882);
#6457 = PRESENTATION_STYLE_ASSIGNMENT((#6458,#6463));
#6458 = SURFACE_STYLE_USAGE(.BOTH.,#6459);
#6459 = SURFACE_SIDE_STYLE('',(#6460));
#6460 = SURFACE_STYLE_FILL_AREA(#6461);
#6461 = FILL_AREA_STYLE('',(#6462));
#6462 = FILL_AREA_STYLE_COLOUR('',#5328);
#6463 = CURVE_STYLE('',#6464,POSITIVE_LENGTH_MEASURE(0.1),#5328);
#6464 = DRAUGHTING_PRE_DEFINED_CURVE_FONT('continuous');
#6465 = STYLED_ITEM('color',(#6466),#4894);
#6466 = PRESENTATION_STYLE_ASSIGNMENT((#6467,#6472));
#6467 = SURFACE_STYLE_USAGE(.BOTH.,#6468);
#6468 = SURFACE_SIDE_STYLE('',(#6469));
#6469 = SURFACE_STYLE_FILL_AREA(#6470);
#6470 = FILL_AREA_STYLE('',(#6471));
#6471 = FILL_AREA_STYLE_COLOUR('',#5328);
#6472 = CURVE_STYLE('',#6473,POSITIVE_LENGTH_MEASURE(0.1),#5328);
#6473 = DRAUGHTING_PRE_DEFINED_CURVE_FONT('continuous');
#6474 = STYLED_ITEM('color',(#6475),#4911);
#6475 = PRESENTATION_STYLE_ASSIGNMENT((#6476,#6481));
#6476 = SURFACE_STYLE_USAGE(.BOTH.,#6477);
#6477 = SURFACE_SIDE_STYLE('',(#6478));
#6478 = SURFACE_STYLE_FILL_AREA(#6479);
#6479 = FILL_AREA_STYLE('',(#6480));
#6480 = FILL_AREA_STYLE_COLOUR('',#5328);
#6481 = CURVE_STYLE('',#6482,POSITIVE_LENGTH_MEASURE(0.1),#5328);
#6482 = DRAUGHTING_PRE_DEFINED_CURVE_FONT('continuous');
#6483 = STYLED_ITEM('color',(#6484),#4923);
#6484 = PRESENTATION_STYLE_ASSIGNMENT((#6485,#6490));
#6485 = SURFACE_STYLE_USAGE(.BOTH.,#6486);
#6486 = SURFACE_SIDE_STYLE('',(#6487));
#6487 = SURFACE_STYLE_FILL_AREA(#6488);
#6488 = FILL_AREA_STYLE('',(#6489));
#6489 = FILL_AREA_STYLE_COLOUR('',#5328);
#6490 = CURVE_STYLE('',#6491,POSITIVE_LENGTH_MEASURE(0.1),#5328);
#6491 = DRAUGHTING_PRE_DEFINED_CURVE_FONT('continuous');
#6492 = STYLED_ITEM('color',(#6493),#4940);
#6493 = PRESENTATION_STYLE_ASSIGNMENT((#6494,#6499));
#6494 = SURFACE_STYLE_USAGE(.BOTH.,#6495);
#6495 = SURFACE_SIDE_STYLE('',(#6496));
#6496 = SURFACE_STYLE_FILL_AREA(#6497);
#6497 = FILL_AREA_STYLE('',(#6498));
#6498 = FILL_AREA_STYLE_COLOUR('',#5328);
#6499 = CURVE_STYLE('',#6500,POSITIVE_LENGTH_MEASURE(0.1),#5328);
#6500 = DRAUGHTING_PRE_DEFINED_CURVE_FONT('continuous');
#6501 = STYLED_ITEM('color',(#6502),#4952);
#6502 = PRESENTATION_STYLE_ASSIGNMENT((#6503,#6508));
#6503 = SURFACE_STYLE_USAGE(.BOTH.,#6504);
#6504 = SURFACE_SIDE_STYLE('',(#6505));
#6505 = SURFACE_STYLE_FILL_AREA(#6506);
#6506 = FILL_AREA_STYLE('',(#6507));
#6507 = FILL_AREA_STYLE_COLOUR('',#5328);
#6508 = CURVE_STYLE('',#6509,POSITIVE_LENGTH_MEASURE(0.1),#5328);
#6509 = DRAUGHTING_PRE_DEFINED_CURVE_FONT('continuous');
#6510 = STYLED_ITEM('color',(#6511),#4969);
#6511 = PRESENTATION_STYLE_ASSIGNMENT((#6512,#6517));
#6512 = SURFACE_STYLE_USAGE(.BOTH.,#6513);
#6513 = SURFACE_SIDE_STYLE('',(#6514));
#6514 = SURFACE_STYLE_FILL_AREA(#6515);
#6515 = FILL_AREA_STYLE('',(#6516));
#6516 = FILL_AREA_STYLE_COLOUR('',#5328);
#6517 = CURVE_STYLE('',#6518,POSITIVE_LENGTH_MEASURE(0.1),#5328);
#6518 = DRAUGHTING_PRE_DEFINED_CURVE_FONT('continuous');
#6519 = STYLED_ITEM('color',(#6520),#4981);
#6520 = PRESENTATION_STYLE_ASSIGNMENT((#6521,#6526));
#6521 = SURFACE_STYLE_USAGE(.BOTH.,#6522);
#6522 = SURFACE_SIDE_STYLE('',(#6523));
#6523 = SURFACE_STYLE_FILL_AREA(#6524);
#6524 = FILL_AREA_STYLE('',(#6525));
#6525 = FILL_AREA_STYLE_COLOUR('',#5328);
#6526 = CURVE_STYLE('',#6527,POSITIVE_LENGTH_MEASURE(0.1),#5328);
#6527 = DRAUGHTING_PRE_DEFINED_CURVE_FONT('continuous');
#6528 = STYLED_ITEM('color',(#6529),#4998);
#6529 = PRESENTATION_STYLE_ASSIGNMENT((#6530,#6535));
#6530 = SURFACE_STYLE_USAGE(.BOTH.,#6531);
#6531 = SURFACE_SIDE_STYLE('',(#6532));
#6532 = SURFACE_STYLE_FILL_AREA(#6533);
#6533 = FILL_AREA_STYLE('',(#6534));
#6534 = FILL_AREA_STYLE_COLOUR('',#5328);
#6535 = CURVE_STYLE('',#6536,POSITIVE_LENGTH_MEASURE(0.1),#5328);
#6536 = DRAUGHTING_PRE_DEFINED_CURVE_FONT('continuous');
#6537 = STYLED_ITEM('color',(#6538),#5010);
#6538 = PRESENTATION_STYLE_ASSIGNMENT((#6539,#6544));
#6539 = SURFACE_STYLE_USAGE(.BOTH.,#6540);
#6540 = SURFACE_SIDE_STYLE('',(#6541));
#6541 = SURFACE_STYLE_FILL_AREA(#6542);
#6542 = FILL_AREA_STYLE('',(#6543));
#6543 = FILL_AREA_STYLE_COLOUR('',#5328);
#6544 = CURVE_STYLE('',#6545,POSITIVE_LENGTH_MEASURE(0.1),#5328);
#6545 = DRAUGHTING_PRE_DEFINED_CURVE_FONT('continuous');
#6546 = STYLED_ITEM('color',(#6547),#5027);
#6547 = PRESENTATION_STYLE_ASSIGNMENT((#6548,#6553));
#6548 = SURFACE_STYLE_USAGE(.BOTH.,#6549);
#6549 = SURFACE_SIDE_STYLE('',(#6550));
#6550 = SURFACE_STYLE_FILL_AREA(#6551);
#6551 = FILL_AREA_STYLE('',(#6552));
#6552 = FILL_AREA_STYLE_COLOUR('',#5328);
#6553 = CURVE_STYLE('',#6554,POSITIVE_LENGTH_MEASURE(0.1),#5328);
#6554 = DRAUGHTING_PRE_DEFINED_CURVE_FONT('continuous');
#6555 = STYLED_ITEM('color',(#6556),#5039);
#6556 = PRESENTATION_STYLE_ASSIGNMENT((#6557,#6562));
#6557 = SURFACE_STYLE_USAGE(.BOTH.,#6558);
#6558 = SURFACE_SIDE_STYLE('',(#6559));
#6559 = SURFACE_STYLE_FILL_AREA(#6560);
#6560 = FILL_AREA_STYLE('',(#6561));
#6561 = FILL_AREA_STYLE_COLOUR('',#5328);
#6562 = CURVE_STYLE('',#6563,POSITIVE_LENGTH_MEASURE(0.1),#5328);
#6563 = DRAUGHTING_PRE_DEFINED_CURVE_FONT('continuous');
#6564 = STYLED_ITEM('color',(#6565),#5056);
#6565 = PRESENTATION_STYLE_ASSIGNMENT((#6566,#6571));
#6566 = SURFACE_STYLE_USAGE(.BOTH.,#6567);
#6567 = SURFACE_SIDE_STYLE('',(#6568));
#6568 = SURFACE_STYLE_FILL_AREA(#6569);
#6569 = FILL_AREA_STYLE('',(#6570));
#6570 = FILL_AREA_STYLE_COLOUR('',#5328);
#6571 = CURVE_STYLE('',#6572,POSITIVE_LENGTH_MEASURE(0.1),#5328);
#6572 = DRAUGHTING_PRE_DEFINED_CURVE_FONT('continuous');
#6573 = STYLED_ITEM('color',(#6574),#5068);
#6574 = PRESENTATION_STYLE_ASSIGNMENT((#6575,#6580));
#6575 = SURFACE_STYLE_USAGE(.BOTH.,#6576);
#6576 = SURFACE_SIDE_STYLE('',(#6577));
#6577 = SURFACE_STYLE_FILL_AREA(#6578);
#6578 = FILL_AREA_STYLE('',(#6579));
#6579 = FILL_AREA_STYLE_COLOUR('',#5328);
#6580 = CURVE_STYLE('',#6581,POSITIVE_LENGTH_MEASURE(0.1),#5328);
#6581 = DRAUGHTING_PRE_DEFINED_CURVE_FONT('continuous');
#6582 = STYLED_ITEM('color',(#6583),#5085);
#6583 = PRESENTATION_STYLE_ASSIGNMENT((#6584,#6589));
#6584 = SURFACE_STYLE_USAGE(.BOTH.,#6585);
#6585 = SURFACE_SIDE_STYLE('',(#6586));
#6586 = SURFACE_STYLE_FILL_AREA(#6587);
#6587 = FILL_AREA_STYLE('',(#6588));
#6588 = FILL_AREA_STYLE_COLOUR('',#5328);
#6589 = CURVE_STYLE('',#6590,POSITIVE_LENGTH_MEASURE(0.1),#5328);
#6590 = DRAUGHTING_PRE_DEFINED_CURVE_FONT('continuous');
#6591 = STYLED_ITEM('color',(#6592),#5097);
#6592 = PRESENTATION_STYLE_ASSIGNMENT((#6593,#6598));
#6593 = SURFACE_STYLE_USAGE(.BOTH.,#6594);
#6594 = SURFACE_SIDE_STYLE('',(#6595));
#6595 = SURFACE_STYLE_FILL_AREA(#6596);
#6596 = FILL_AREA_STYLE('',(#6597));
#6597 = FILL_AREA_STYLE_COLOUR('',#5328);
#6598 = CURVE_STYLE('',#6599,POSITIVE_LENGTH_MEASURE(0.1),#5328);
#6599 = DRAUGHTING_PRE_DEFINED_CURVE_FONT('continuous');
#6600 = STYLED_ITEM('color',(#6601),#5114);
#6601 = PRESENTATION_STYLE_ASSIGNMENT((#6602,#6607));
#6602 = SURFACE_STYLE_USAGE(.BOTH.,#6603);
#6603 = SURFACE_SIDE_STYLE('',(#6604));
#6604 = SURFACE_STYLE_FILL_AREA(#6605);
#6605 = FILL_AREA_STYLE('',(#6606));
#6606 = FILL_AREA_STYLE_COLOUR('',#5328);
#6607 = CURVE_STYLE('',#6608,POSITIVE_LENGTH_MEASURE(0.1),#5328);
#6608 = DRAUGHTING_PRE_DEFINED_CURVE_FONT('continuous');
#6609 = STYLED_ITEM('color',(#6610),#5126);
#6610 = PRESENTATION_STYLE_ASSIGNMENT((#6611,#6616));
#6611 = SURFACE_STYLE_USAGE(.BOTH.,#6612);
#6612 = SURFACE_SIDE_STYLE('',(#6613));
#6613 = SURFACE_STYLE_FILL_AREA(#6614);
#6614 = FILL_AREA_STYLE('',(#6615));
#6615 = FILL_AREA_STYLE_COLOUR('',#5328);
#6616 = CURVE_STYLE('',#6617,POSITIVE_LENGTH_MEASURE(0.1),#5328);
#6617 = DRAUGHTING_PRE_DEFINED_CURVE_FONT('continuous');
#6618 = STYLED_ITEM('color',(#6619),#5143);
#6619 = PRESENTATION_STYLE_ASSIGNMENT((#6620,#6625));
#6620 = SURFACE_STYLE_USAGE(.BOTH.,#6621);
#6621 = SURFACE_SIDE_STYLE('',(#6622));
#6622 = SURFACE_STYLE_FILL_AREA(#6623);
#6623 = FILL_AREA_STYLE('',(#6624));
#6624 = FILL_AREA_STYLE_COLOUR('',#5328);
#6625 = CURVE_STYLE('',#6626,POSITIVE_LENGTH_MEASURE(0.1),#5328);
#6626 = DRAUGHTING_PRE_DEFINED_CURVE_FONT('continuous');
#6627 = STYLED_ITEM('color',(#6628),#5155);
#6628 = PRESENTATION_STYLE_ASSIGNMENT((#6629,#6634));
#6629 = SURFACE_STYLE_USAGE(.BOTH.,#6630);
#6630 = SURFACE_SIDE_STYLE('',(#6631));
#6631 = SURFACE_STYLE_FILL_AREA(#6632);
#6632 = FILL_AREA_STYLE('',(#6633));
#6633 = FILL_AREA_STYLE_COLOUR('',#5328);
#6634 = CURVE_STYLE('',#6635,POSITIVE_LENGTH_MEASURE(0.1),#5328);
#6635 = DRAUGHTING_PRE_DEFINED_CURVE_FONT('continuous');
#6636 = STYLED_ITEM('color',(#6637),#5172);
#6637 = PRESENTATION_STYLE_ASSIGNMENT((#6638,#6643));
#6638 = SURFACE_STYLE_USAGE(.BOTH.,#6639);
#6639 = SURFACE_SIDE_STYLE('',(#6640));
#6640 = SURFACE_STYLE_FILL_AREA(#6641);
#6641 = FILL_AREA_STYLE('',(#6642));
#6642 = FILL_AREA_STYLE_COLOUR('',#5328);
#6643 = CURVE_STYLE('',#6644,POSITIVE_LENGTH_MEASURE(0.1),#5328);
#6644 = DRAUGHTING_PRE_DEFINED_CURVE_FONT('continuous');
#6645 = STYLED_ITEM('color',(#6646),#5184);
#6646 = PRESENTATION_STYLE_ASSIGNMENT((#6647,#6652));
#6647 = SURFACE_STYLE_USAGE(.BOTH.,#6648);
#6648 = SURFACE_SIDE_STYLE('',(#6649));
#6649 = SURFACE_STYLE_FILL_AREA(#6650);
#6650 = FILL_AREA_STYLE('',(#6651));
#6651 = FILL_AREA_STYLE_COLOUR('',#5328);
#6652 = CURVE_STYLE('',#6653,POSITIVE_LENGTH_MEASURE(0.1),#5328);
#6653 = DRAUGHTING_PRE_DEFINED_CURVE_FONT('continuous');
#6654 = STYLED_ITEM('color',(#6655),#5201);
#6655 = PRESENTATION_STYLE_ASSIGNMENT((#6656,#6661));
#6656 = SURFACE_STYLE_USAGE(.BOTH.,#6657);
#6657 = SURFACE_SIDE_STYLE('',(#6658));
#6658 = SURFACE_STYLE_FILL_AREA(#6659);
#6659 = FILL_AREA_STYLE('',(#6660));
#6660 = FILL_AREA_STYLE_COLOUR('',#5328);
#6661 = CURVE_STYLE('',#6662,POSITIVE_LENGTH_MEASURE(0.1),#5328);
#6662 = DRAUGHTING_PRE_DEFINED_CURVE_FONT('continuous');
#6663 = STYLED_ITEM('color',(#6664),#5213);
#6664 = PRESENTATION_STYLE_ASSIGNMENT((#6665,#6670));
#6665 = SURFACE_STYLE_USAGE(.BOTH.,#6666);
#6666 = SURFACE_SIDE_STYLE('',(#6667));
#6667 = SURFACE_STYLE_FILL_AREA(#6668);
#6668 = FILL_AREA_STYLE('',(#6669));
#6669 = FILL_AREA_STYLE_COLOUR('',#5328);
#6670 = CURVE_STYLE('',#6671,POSITIVE_LENGTH_MEASURE(0.1),#5328);
#6671 = DRAUGHTING_PRE_DEFINED_CURVE_FONT('continuous');
ENDSEC;
END-ISO-10303-21;
