ISO-10303-21;
HEADER;
FILE_DESCRIPTION(('L-KLS4-EC1121S-E5A-F12.5 simplified model'),'2;1');
FILE_NAME('L-KLS4-EC1121S-E5A-F12.5.step','2026-09-23T00:00:00',('gopo'),(''),'step_boxes.py','','');
FILE_SCHEMA(('AUTOMOTIVE_DESIGN { 1 0 10303 214 1 1 1 1 }'));
ENDSEC;
DATA;
#1=APPLICATION_CONTEXT('core data for automotive mechanical design processes');
#2=APPLICATION_PROTOCOL_DEFINITION('international standard','automotive_design',2000,#1);
#3=PRODUCT_CONTEXT('',#1,'mechanical');
#4=PRODUCT('L-KLS4-EC1121S-E5A-F12.5','L-KLS4-EC1121S-E5A-F12.5','',(#3));
#5=PRODUCT_DEFINITION_FORMATION('','',#4);
#6=PRODUCT_DEFINITION_CONTEXT('part definition',#1,'design');
#7=PRODUCT_DEFINITION('design','',#5,#6);
#8=PRODUCT_DEFINITION_SHAPE('','',#7);
#9=( LENGTH_UNIT() NAMED_UNIT(*) SI_UNIT(.MILLI.,.METRE.) );
#10=( NAMED_UNIT(*) PLANE_ANGLE_UNIT() SI_UNIT($,.RADIAN.) );
#11=( NAMED_UNIT(*) SI_UNIT($,.STERADIAN.) SOLID_ANGLE_UNIT() );
#12=UNCERTAINTY_MEASURE_WITH_UNIT(LENGTH_MEASURE(1.E-07),#9,'distance_accuracy_value','confusion accuracy');
#13=( GEOMETRIC_REPRESENTATION_CONTEXT(3) GLOBAL_UNCERTAINTY_ASSIGNED_CONTEXT((#12)) GLOBAL_UNIT_ASSIGNED_CONTEXT((#9,#10,#11)) REPRESENTATION_CONTEXT('Context #1','3D Context with UNIT and UNCERTAINTY') );
#14=CARTESIAN_POINT('',(0.,0.,0.));
#15=DIRECTION('',(0.,0.,1.));
#16=DIRECTION('',(1.,0.,0.));
#17=AXIS2_PLACEMENT_3D('',#14,#15,#16);
#18=CARTESIAN_POINT('',(1.5,-8.35,0.));
#19=VERTEX_POINT('',#18);
#20=CARTESIAN_POINT('',(13.5,-8.35,0.));
#21=VERTEX_POINT('',#20);
#22=CARTESIAN_POINT('',(1.5,3.35,0.));
#23=VERTEX_POINT('',#22);
#24=CARTESIAN_POINT('',(13.5,3.35,0.));
#25=VERTEX_POINT('',#24);
#26=CARTESIAN_POINT('',(1.5,-8.35,4.5));
#27=VERTEX_POINT('',#26);
#28=CARTESIAN_POINT('',(13.5,-8.35,4.5));
#29=VERTEX_POINT('',#28);
#30=CARTESIAN_POINT('',(1.5,3.35,4.5));
#31=VERTEX_POINT('',#30);
#32=CARTESIAN_POINT('',(13.5,3.35,4.5));
#33=VERTEX_POINT('',#32);
#34=DIRECTION('',(0.,1.,0.));
#35=VECTOR('',#34,11.7);
#36=CARTESIAN_POINT('',(1.5,-8.35,0.));
#37=LINE('',#36,#35);
#38=EDGE_CURVE('',#19,#23,#37,.T.);
#39=ORIENTED_EDGE('',*,*,#38,.T.);
#40=VECTOR('',#16,12.);
#41=CARTESIAN_POINT('',(1.5,3.35,0.));
#42=LINE('',#41,#40);
#43=EDGE_CURVE('',#23,#25,#42,.T.);
#44=ORIENTED_EDGE('',*,*,#43,.T.);
#45=VECTOR('',#34,11.7);
#46=CARTESIAN_POINT('',(13.5,-8.35,0.));
#47=LINE('',#46,#45);
#48=EDGE_CURVE('',#21,#25,#47,.T.);
#49=ORIENTED_EDGE('',*,*,#48,.F.);
#50=VECTOR('',#16,12.);
#51=CARTESIAN_POINT('',(1.5,-8.35,0.));
#52=LINE('',#51,#50);
#53=EDGE_CURVE('',#19,#21,#52,.T.);
#54=ORIENTED_EDGE('',*,*,#53,.F.);
#55=EDGE_LOOP('',(#39,#44,#49,#54));
#56=FACE_OUTER_BOUND('',#55,.T.);
#57=CARTESIAN_POINT('',(1.5,-8.35,0.));
#58=DIRECTION('',(0.,0.,-1.));
#59=AXIS2_PLACEMENT_3D('',#57,#58,#16);
#60=PLANE('',#59);
#61=ADVANCED_FACE('',(#56),#60,.T.);
#62=VECTOR('',#16,12.);
#63=CARTESIAN_POINT('',(1.5,-8.35,4.5));
#64=LINE('',#63,#62);
#65=EDGE_CURVE('',#27,#29,#64,.T.);
#66=ORIENTED_EDGE('',*,*,#65,.T.);
#67=VECTOR('',#34,11.7);
#68=CARTESIAN_POINT('',(13.5,-8.35,4.5));
#69=LINE('',#68,#67);
#70=EDGE_CURVE('',#29,#33,#69,.T.);
#71=ORIENTED_EDGE('',*,*,#70,.T.);
#72=VECTOR('',#16,12.);
#73=CARTESIAN_POINT('',(1.5,3.35,4.5));
#74=LINE('',#73,#72);
#75=EDGE_CURVE('',#31,#33,#74,.T.);
#76=ORIENTED_EDGE('',*,*,#75,.F.);
#77=VECTOR('',#34,11.7);
#78=CARTESIAN_POINT('',(1.5,-8.35,4.5));
#79=LINE('',#78,#77);
#80=EDGE_CURVE('',#27,#31,#79,.T.);
#81=ORIENTED_EDGE('',*,*,#80,.F.);
#82=EDGE_LOOP('',(#66,#71,#76,#81));
#83=FACE_OUTER_BOUND('',#82,.T.);
#84=CARTESIAN_POINT('',(1.5,-8.35,4.5));
#85=AXIS2_PLACEMENT_3D('',#84,#15,#16);
#86=PLANE('',#85);
#87=ADVANCED_FACE('',(#83),#86,.T.);
#88=ORIENTED_EDGE('',*,*,#53,.T.);
#89=VECTOR('',#15,4.5);
#90=CARTESIAN_POINT('',(13.5,-8.35,0.));
#91=LINE('',#90,#89);
#92=EDGE_CURVE('',#21,#29,#91,.T.);
#93=ORIENTED_EDGE('',*,*,#92,.T.);
#94=ORIENTED_EDGE('',*,*,#65,.F.);
#95=VECTOR('',#15,4.5);
#96=CARTESIAN_POINT('',(1.5,-8.35,0.));
#97=LINE('',#96,#95);
#98=EDGE_CURVE('',#19,#27,#97,.T.);
#99=ORIENTED_EDGE('',*,*,#98,.F.);
#100=EDGE_LOOP('',(#88,#93,#94,#99));
#101=FACE_OUTER_BOUND('',#100,.T.);
#102=CARTESIAN_POINT('',(1.5,-8.35,0.));
#103=DIRECTION('',(0.,-1.,0.));
#104=AXIS2_PLACEMENT_3D('',#102,#103,#16);
#105=PLANE('',#104);
#106=ADVANCED_FACE('',(#101),#105,.T.);
#107=VECTOR('',#15,4.5);
#108=CARTESIAN_POINT('',(1.5,3.35,0.));
#109=LINE('',#108,#107);
#110=EDGE_CURVE('',#23,#31,#109,.T.);
#111=ORIENTED_EDGE('',*,*,#110,.T.);
#112=ORIENTED_EDGE('',*,*,#75,.T.);
#113=VECTOR('',#15,4.5);
#114=CARTESIAN_POINT('',(13.5,3.35,0.));
#115=LINE('',#114,#113);
#116=EDGE_CURVE('',#25,#33,#115,.T.);
#117=ORIENTED_EDGE('',*,*,#116,.F.);
#118=ORIENTED_EDGE('',*,*,#43,.F.);
#119=EDGE_LOOP('',(#111,#112,#117,#118));
#120=FACE_OUTER_BOUND('',#119,.T.);
#121=CARTESIAN_POINT('',(1.5,3.35,0.));
#122=AXIS2_PLACEMENT_3D('',#121,#34,#16);
#123=PLANE('',#122);
#124=ADVANCED_FACE('',(#120),#123,.T.);
#125=ORIENTED_EDGE('',*,*,#98,.T.);
#126=ORIENTED_EDGE('',*,*,#80,.T.);
#127=ORIENTED_EDGE('',*,*,#110,.F.);
#128=ORIENTED_EDGE('',*,*,#38,.F.);
#129=EDGE_LOOP('',(#125,#126,#127,#128));
#130=FACE_OUTER_BOUND('',#129,.T.);
#131=CARTESIAN_POINT('',(1.5,-8.35,0.));
#132=DIRECTION('',(-1.,0.,0.));
#133=AXIS2_PLACEMENT_3D('',#131,#132,#34);
#134=PLANE('',#133);
#135=ADVANCED_FACE('',(#130),#134,.T.);
#136=ORIENTED_EDGE('',*,*,#48,.T.);
#137=ORIENTED_EDGE('',*,*,#116,.T.);
#138=ORIENTED_EDGE('',*,*,#70,.F.);
#139=ORIENTED_EDGE('',*,*,#92,.F.);
#140=EDGE_LOOP('',(#136,#137,#138,#139));
#141=FACE_OUTER_BOUND('',#140,.T.);
#142=CARTESIAN_POINT('',(13.5,-8.35,0.));
#143=AXIS2_PLACEMENT_3D('',#142,#16,#34);
#144=PLANE('',#143);
#145=ADVANCED_FACE('',(#141),#144,.T.);
#146=CLOSED_SHELL('',(#61,#87,#106,#124,#135,#145));
#147=MANIFOLD_SOLID_BREP('Body',#146);
#148=COLOUR_RGB('',0.08,0.08,0.08);
#149=FILL_AREA_STYLE_COLOUR('',#148);
#150=FILL_AREA_STYLE('',(#149));
#151=SURFACE_STYLE_FILL_AREA(#150);
#152=SURFACE_SIDE_STYLE('',(#151));
#153=SURFACE_STYLE_USAGE(.BOTH.,#152);
#154=PRESENTATION_STYLE_ASSIGNMENT((#153));
#155=STYLED_ITEM('color',(#154),#147);
#156=CARTESIAN_POINT('',(1.5,-8.35,4.3));
#157=VERTEX_POINT('',#156);
#158=CARTESIAN_POINT('',(13.5,-8.35,4.3));
#159=VERTEX_POINT('',#158);
#160=CARTESIAN_POINT('',(1.5,3.35,4.3));
#161=VERTEX_POINT('',#160);
#162=CARTESIAN_POINT('',(13.5,3.35,4.3));
#163=VERTEX_POINT('',#162);
#164=CARTESIAN_POINT('',(1.5,-8.35,4.5));
#165=VERTEX_POINT('',#164);
#166=CARTESIAN_POINT('',(13.5,-8.35,4.5));
#167=VERTEX_POINT('',#166);
#168=CARTESIAN_POINT('',(1.5,3.35,4.5));
#169=VERTEX_POINT('',#168);
#170=CARTESIAN_POINT('',(13.5,3.35,4.5));
#171=VERTEX_POINT('',#170);
#172=VECTOR('',#34,11.7);
#173=CARTESIAN_POINT('',(1.5,-8.35,4.3));
#174=LINE('',#173,#172);
#175=EDGE_CURVE('',#157,#161,#174,.T.);
#176=ORIENTED_EDGE('',*,*,#175,.T.);
#177=VECTOR('',#16,12.);
#178=CARTESIAN_POINT('',(1.5,3.35,4.3));
#179=LINE('',#178,#177);
#180=EDGE_CURVE('',#161,#163,#179,.T.);
#181=ORIENTED_EDGE('',*,*,#180,.T.);
#182=VECTOR('',#34,11.7);
#183=CARTESIAN_POINT('',(13.5,-8.35,4.3));
#184=LINE('',#183,#182);
#185=EDGE_CURVE('',#159,#163,#184,.T.);
#186=ORIENTED_EDGE('',*,*,#185,.F.);
#187=VECTOR('',#16,12.);
#188=CARTESIAN_POINT('',(1.5,-8.35,4.3));
#189=LINE('',#188,#187);
#190=EDGE_CURVE('',#157,#159,#189,.T.);
#191=ORIENTED_EDGE('',*,*,#190,.F.);
#192=EDGE_LOOP('',(#176,#181,#186,#191));
#193=FACE_OUTER_BOUND('',#192,.T.);
#194=CARTESIAN_POINT('',(1.5,-8.35,4.3));
#195=AXIS2_PLACEMENT_3D('',#194,#58,#16);
#196=PLANE('',#195);
#197=ADVANCED_FACE('',(#193),#196,.T.);
#198=VECTOR('',#16,12.);
#199=CARTESIAN_POINT('',(1.5,-8.35,4.5));
#200=LINE('',#199,#198);
#201=EDGE_CURVE('',#165,#167,#200,.T.);
#202=ORIENTED_EDGE('',*,*,#201,.T.);
#203=VECTOR('',#34,11.7);
#204=CARTESIAN_POINT('',(13.5,-8.35,4.5));
#205=LINE('',#204,#203);
#206=EDGE_CURVE('',#167,#171,#205,.T.);
#207=ORIENTED_EDGE('',*,*,#206,.T.);
#208=VECTOR('',#16,12.);
#209=CARTESIAN_POINT('',(1.5,3.35,4.5));
#210=LINE('',#209,#208);
#211=EDGE_CURVE('',#169,#171,#210,.T.);
#212=ORIENTED_EDGE('',*,*,#211,.F.);
#213=VECTOR('',#34,11.7);
#214=CARTESIAN_POINT('',(1.5,-8.35,4.5));
#215=LINE('',#214,#213);
#216=EDGE_CURVE('',#165,#169,#215,.T.);
#217=ORIENTED_EDGE('',*,*,#216,.F.);
#218=EDGE_LOOP('',(#202,#207,#212,#217));
#219=FACE_OUTER_BOUND('',#218,.T.);
#220=CARTESIAN_POINT('',(1.5,-8.35,4.5));
#221=AXIS2_PLACEMENT_3D('',#220,#15,#16);
#222=PLANE('',#221);
#223=ADVANCED_FACE('',(#219),#222,.T.);
#224=ORIENTED_EDGE('',*,*,#190,.T.);
#225=VECTOR('',#15,0.2);
#226=CARTESIAN_POINT('',(13.5,-8.35,4.3));
#227=LINE('',#226,#225);
#228=EDGE_CURVE('',#159,#167,#227,.T.);
#229=ORIENTED_EDGE('',*,*,#228,.T.);
#230=ORIENTED_EDGE('',*,*,#201,.F.);
#231=VECTOR('',#15,0.2);
#232=CARTESIAN_POINT('',(1.5,-8.35,4.3));
#233=LINE('',#232,#231);
#234=EDGE_CURVE('',#157,#165,#233,.T.);
#235=ORIENTED_EDGE('',*,*,#234,.F.);
#236=EDGE_LOOP('',(#224,#229,#230,#235));
#237=FACE_OUTER_BOUND('',#236,.T.);
#238=CARTESIAN_POINT('',(1.5,-8.35,4.3));
#239=AXIS2_PLACEMENT_3D('',#238,#103,#16);
#240=PLANE('',#239);
#241=ADVANCED_FACE('',(#237),#240,.T.);
#242=VECTOR('',#15,0.2);
#243=CARTESIAN_POINT('',(1.5,3.35,4.3));
#244=LINE('',#243,#242);
#245=EDGE_CURVE('',#161,#169,#244,.T.);
#246=ORIENTED_EDGE('',*,*,#245,.T.);
#247=ORIENTED_EDGE('',*,*,#211,.T.);
#248=VECTOR('',#15,0.2);
#249=CARTESIAN_POINT('',(13.5,3.35,4.3));
#250=LINE('',#249,#248);
#251=EDGE_CURVE('',#163,#171,#250,.T.);
#252=ORIENTED_EDGE('',*,*,#251,.F.);
#253=ORIENTED_EDGE('',*,*,#180,.F.);
#254=EDGE_LOOP('',(#246,#247,#252,#253));
#255=FACE_OUTER_BOUND('',#254,.T.);
#256=CARTESIAN_POINT('',(1.5,3.35,4.3));
#257=AXIS2_PLACEMENT_3D('',#256,#34,#16);
#258=PLANE('',#257);
#259=ADVANCED_FACE('',(#255),#258,.T.);
#260=ORIENTED_EDGE('',*,*,#234,.T.);
#261=ORIENTED_EDGE('',*,*,#216,.T.);
#262=ORIENTED_EDGE('',*,*,#245,.F.);
#263=ORIENTED_EDGE('',*,*,#175,.F.);
#264=EDGE_LOOP('',(#260,#261,#262,#263));
#265=FACE_OUTER_BOUND('',#264,.T.);
#266=CARTESIAN_POINT('',(1.5,-8.35,4.3));
#267=AXIS2_PLACEMENT_3D('',#266,#132,#34);
#268=PLANE('',#267);
#269=ADVANCED_FACE('',(#265),#268,.T.);
#270=ORIENTED_EDGE('',*,*,#185,.T.);
#271=ORIENTED_EDGE('',*,*,#251,.T.);
#272=ORIENTED_EDGE('',*,*,#206,.F.);
#273=ORIENTED_EDGE('',*,*,#228,.F.);
#274=EDGE_LOOP('',(#270,#271,#272,#273));
#275=FACE_OUTER_BOUND('',#274,.T.);
#276=CARTESIAN_POINT('',(13.5,-8.35,4.3));
#277=AXIS2_PLACEMENT_3D('',#276,#16,#34);
#278=PLANE('',#277);
#279=ADVANCED_FACE('',(#275),#278,.T.);
#280=CLOSED_SHELL('',(#197,#223,#241,#259,#269,#279));
#281=MANIFOLD_SOLID_BREP('Frame_top',#280);
#282=COLOUR_RGB('',0.78,0.78,0.8);
#283=FILL_AREA_STYLE_COLOUR('',#282);
#284=FILL_AREA_STYLE('',(#283));
#285=SURFACE_STYLE_FILL_AREA(#284);
#286=SURFACE_SIDE_STYLE('',(#285));
#287=SURFACE_STYLE_USAGE(.BOTH.,#286);
#288=PRESENTATION_STYLE_ASSIGNMENT((#287));
#289=STYLED_ITEM('color',(#288),#281);
#290=CARTESIAN_POINT('',(6.5,3.35,-2.5));
#291=VERTEX_POINT('',#290);
#292=CARTESIAN_POINT('',(8.5,3.35,-2.5));
#293=VERTEX_POINT('',#292);
#294=CARTESIAN_POINT('',(6.5,3.75,-2.5));
#295=VERTEX_POINT('',#294);
#296=CARTESIAN_POINT('',(8.5,3.75,-2.5));
#297=VERTEX_POINT('',#296);
#298=CARTESIAN_POINT('',(6.5,3.35,4.5));
#299=VERTEX_POINT('',#298);
#300=CARTESIAN_POINT('',(8.5,3.35,4.5));
#301=VERTEX_POINT('',#300);
#302=CARTESIAN_POINT('',(6.5,3.75,4.5));
#303=VERTEX_POINT('',#302);
#304=CARTESIAN_POINT('',(8.5,3.75,4.5));
#305=VERTEX_POINT('',#304);
#306=VECTOR('',#34,0.4);
#307=CARTESIAN_POINT('',(6.5,3.35,-2.5));
#308=LINE('',#307,#306);
#309=EDGE_CURVE('',#291,#295,#308,.T.);
#310=ORIENTED_EDGE('',*,*,#309,.T.);
#311=VECTOR('',#16,2.);
#312=CARTESIAN_POINT('',(6.5,3.75,-2.5));
#313=LINE('',#312,#311);
#314=EDGE_CURVE('',#295,#297,#313,.T.);
#315=ORIENTED_EDGE('',*,*,#314,.T.);
#316=VECTOR('',#34,0.4);
#317=CARTESIAN_POINT('',(8.5,3.35,-2.5));
#318=LINE('',#317,#316);
#319=EDGE_CURVE('',#293,#297,#318,.T.);
#320=ORIENTED_EDGE('',*,*,#319,.F.);
#321=VECTOR('',#16,2.);
#322=CARTESIAN_POINT('',(6.5,3.35,-2.5));
#323=LINE('',#322,#321);
#324=EDGE_CURVE('',#291,#293,#323,.T.);
#325=ORIENTED_EDGE('',*,*,#324,.F.);
#326=EDGE_LOOP('',(#310,#315,#320,#325));
#327=FACE_OUTER_BOUND('',#326,.T.);
#328=CARTESIAN_POINT('',(6.5,3.35,-2.5));
#329=AXIS2_PLACEMENT_3D('',#328,#58,#16);
#330=PLANE('',#329);
#331=ADVANCED_FACE('',(#327),#330,.T.);
#332=VECTOR('',#16,2.);
#333=CARTESIAN_POINT('',(6.5,3.35,4.5));
#334=LINE('',#333,#332);
#335=EDGE_CURVE('',#299,#301,#334,.T.);
#336=ORIENTED_EDGE('',*,*,#335,.T.);
#337=VECTOR('',#34,0.4);
#338=CARTESIAN_POINT('',(8.5,3.35,4.5));
#339=LINE('',#338,#337);
#340=EDGE_CURVE('',#301,#305,#339,.T.);
#341=ORIENTED_EDGE('',*,*,#340,.T.);
#342=VECTOR('',#16,2.);
#343=CARTESIAN_POINT('',(6.5,3.75,4.5));
#344=LINE('',#343,#342);
#345=EDGE_CURVE('',#303,#305,#344,.T.);
#346=ORIENTED_EDGE('',*,*,#345,.F.);
#347=VECTOR('',#34,0.4);
#348=CARTESIAN_POINT('',(6.5,3.35,4.5));
#349=LINE('',#348,#347);
#350=EDGE_CURVE('',#299,#303,#349,.T.);
#351=ORIENTED_EDGE('',*,*,#350,.F.);
#352=EDGE_LOOP('',(#336,#341,#346,#351));
#353=FACE_OUTER_BOUND('',#352,.T.);
#354=CARTESIAN_POINT('',(6.5,3.35,4.5));
#355=AXIS2_PLACEMENT_3D('',#354,#15,#16);
#356=PLANE('',#355);
#357=ADVANCED_FACE('',(#353),#356,.T.);
#358=ORIENTED_EDGE('',*,*,#324,.T.);
#359=VECTOR('',#15,7.);
#360=CARTESIAN_POINT('',(8.5,3.35,-2.5));
#361=LINE('',#360,#359);
#362=EDGE_CURVE('',#293,#301,#361,.T.);
#363=ORIENTED_EDGE('',*,*,#362,.T.);
#364=ORIENTED_EDGE('',*,*,#335,.F.);
#365=VECTOR('',#15,7.);
#366=CARTESIAN_POINT('',(6.5,3.35,-2.5));
#367=LINE('',#366,#365);
#368=EDGE_CURVE('',#291,#299,#367,.T.);
#369=ORIENTED_EDGE('',*,*,#368,.F.);
#370=EDGE_LOOP('',(#358,#363,#364,#369));
#371=FACE_OUTER_BOUND('',#370,.T.);
#372=CARTESIAN_POINT('',(6.5,3.35,-2.5));
#373=AXIS2_PLACEMENT_3D('',#372,#103,#16);
#374=PLANE('',#373);
#375=ADVANCED_FACE('',(#371),#374,.T.);
#376=VECTOR('',#15,7.);
#377=CARTESIAN_POINT('',(6.5,3.75,-2.5));
#378=LINE('',#377,#376);
#379=EDGE_CURVE('',#295,#303,#378,.T.);
#380=ORIENTED_EDGE('',*,*,#379,.T.);
#381=ORIENTED_EDGE('',*,*,#345,.T.);
#382=VECTOR('',#15,7.);
#383=CARTESIAN_POINT('',(8.5,3.75,-2.5));
#384=LINE('',#383,#382);
#385=EDGE_CURVE('',#297,#305,#384,.T.);
#386=ORIENTED_EDGE('',*,*,#385,.F.);
#387=ORIENTED_EDGE('',*,*,#314,.F.);
#388=EDGE_LOOP('',(#380,#381,#386,#387));
#389=FACE_OUTER_BOUND('',#388,.T.);
#390=CARTESIAN_POINT('',(6.5,3.75,-2.5));
#391=AXIS2_PLACEMENT_3D('',#390,#34,#16);
#392=PLANE('',#391);
#393=ADVANCED_FACE('',(#389),#392,.T.);
#394=ORIENTED_EDGE('',*,*,#368,.T.);
#395=ORIENTED_EDGE('',*,*,#350,.T.);
#396=ORIENTED_EDGE('',*,*,#379,.F.);
#397=ORIENTED_EDGE('',*,*,#309,.F.);
#398=EDGE_LOOP('',(#394,#395,#396,#397));
#399=FACE_OUTER_BOUND('',#398,.T.);
#400=CARTESIAN_POINT('',(6.5,3.35,-2.5));
#401=AXIS2_PLACEMENT_3D('',#400,#132,#34);
#402=PLANE('',#401);
#403=ADVANCED_FACE('',(#399),#402,.T.);
#404=ORIENTED_EDGE('',*,*,#319,.T.);
#405=ORIENTED_EDGE('',*,*,#385,.T.);
#406=ORIENTED_EDGE('',*,*,#340,.F.);
#407=ORIENTED_EDGE('',*,*,#362,.F.);
#408=EDGE_LOOP('',(#404,#405,#406,#407));
#409=FACE_OUTER_BOUND('',#408,.T.);
#410=CARTESIAN_POINT('',(8.5,3.35,-2.5));
#411=AXIS2_PLACEMENT_3D('',#410,#16,#34);
#412=PLANE('',#411);
#413=ADVANCED_FACE('',(#409),#412,.T.);
#414=CLOSED_SHELL('',(#331,#357,#375,#393,#403,#413));
#415=MANIFOLD_SOLID_BREP('Tab_0',#414);
#416=STYLED_ITEM('color',(#288),#415);
#417=CARTESIAN_POINT('',(6.5,-8.75,-2.5));
#418=VERTEX_POINT('',#417);
#419=CARTESIAN_POINT('',(8.5,-8.75,-2.5));
#420=VERTEX_POINT('',#419);
#421=CARTESIAN_POINT('',(6.5,-8.35,-2.5));
#422=VERTEX_POINT('',#421);
#423=CARTESIAN_POINT('',(8.5,-8.35,-2.5));
#424=VERTEX_POINT('',#423);
#425=CARTESIAN_POINT('',(6.5,-8.75,4.5));
#426=VERTEX_POINT('',#425);
#427=CARTESIAN_POINT('',(8.5,-8.75,4.5));
#428=VERTEX_POINT('',#427);
#429=CARTESIAN_POINT('',(6.5,-8.35,4.5));
#430=VERTEX_POINT('',#429);
#431=CARTESIAN_POINT('',(8.5,-8.35,4.5));
#432=VERTEX_POINT('',#431);
#433=VECTOR('',#34,0.4);
#434=CARTESIAN_POINT('',(6.5,-8.75,-2.5));
#435=LINE('',#434,#433);
#436=EDGE_CURVE('',#418,#422,#435,.T.);
#437=ORIENTED_EDGE('',*,*,#436,.T.);
#438=VECTOR('',#16,2.);
#439=CARTESIAN_POINT('',(6.5,-8.35,-2.5));
#440=LINE('',#439,#438);
#441=EDGE_CURVE('',#422,#424,#440,.T.);
#442=ORIENTED_EDGE('',*,*,#441,.T.);
#443=VECTOR('',#34,0.4);
#444=CARTESIAN_POINT('',(8.5,-8.75,-2.5));
#445=LINE('',#444,#443);
#446=EDGE_CURVE('',#420,#424,#445,.T.);
#447=ORIENTED_EDGE('',*,*,#446,.F.);
#448=VECTOR('',#16,2.);
#449=CARTESIAN_POINT('',(6.5,-8.75,-2.5));
#450=LINE('',#449,#448);
#451=EDGE_CURVE('',#418,#420,#450,.T.);
#452=ORIENTED_EDGE('',*,*,#451,.F.);
#453=EDGE_LOOP('',(#437,#442,#447,#452));
#454=FACE_OUTER_BOUND('',#453,.T.);
#455=CARTESIAN_POINT('',(6.5,-8.75,-2.5));
#456=AXIS2_PLACEMENT_3D('',#455,#58,#16);
#457=PLANE('',#456);
#458=ADVANCED_FACE('',(#454),#457,.T.);
#459=VECTOR('',#16,2.);
#460=CARTESIAN_POINT('',(6.5,-8.75,4.5));
#461=LINE('',#460,#459);
#462=EDGE_CURVE('',#426,#428,#461,.T.);
#463=ORIENTED_EDGE('',*,*,#462,.T.);
#464=VECTOR('',#34,0.4);
#465=CARTESIAN_POINT('',(8.5,-8.75,4.5));
#466=LINE('',#465,#464);
#467=EDGE_CURVE('',#428,#432,#466,.T.);
#468=ORIENTED_EDGE('',*,*,#467,.T.);
#469=VECTOR('',#16,2.);
#470=CARTESIAN_POINT('',(6.5,-8.35,4.5));
#471=LINE('',#470,#469);
#472=EDGE_CURVE('',#430,#432,#471,.T.);
#473=ORIENTED_EDGE('',*,*,#472,.F.);
#474=VECTOR('',#34,0.4);
#475=CARTESIAN_POINT('',(6.5,-8.75,4.5));
#476=LINE('',#475,#474);
#477=EDGE_CURVE('',#426,#430,#476,.T.);
#478=ORIENTED_EDGE('',*,*,#477,.F.);
#479=EDGE_LOOP('',(#463,#468,#473,#478));
#480=FACE_OUTER_BOUND('',#479,.T.);
#481=CARTESIAN_POINT('',(6.5,-8.75,4.5));
#482=AXIS2_PLACEMENT_3D('',#481,#15,#16);
#483=PLANE('',#482);
#484=ADVANCED_FACE('',(#480),#483,.T.);
#485=ORIENTED_EDGE('',*,*,#451,.T.);
#486=VECTOR('',#15,7.);
#487=CARTESIAN_POINT('',(8.5,-8.75,-2.5));
#488=LINE('',#487,#486);
#489=EDGE_CURVE('',#420,#428,#488,.T.);
#490=ORIENTED_EDGE('',*,*,#489,.T.);
#491=ORIENTED_EDGE('',*,*,#462,.F.);
#492=VECTOR('',#15,7.);
#493=CARTESIAN_POINT('',(6.5,-8.75,-2.5));
#494=LINE('',#493,#492);
#495=EDGE_CURVE('',#418,#426,#494,.T.);
#496=ORIENTED_EDGE('',*,*,#495,.F.);
#497=EDGE_LOOP('',(#485,#490,#491,#496));
#498=FACE_OUTER_BOUND('',#497,.T.);
#499=CARTESIAN_POINT('',(6.5,-8.75,-2.5));
#500=AXIS2_PLACEMENT_3D('',#499,#103,#16);
#501=PLANE('',#500);
#502=ADVANCED_FACE('',(#498),#501,.T.);
#503=VECTOR('',#15,7.);
#504=CARTESIAN_POINT('',(6.5,-8.35,-2.5));
#505=LINE('',#504,#503);
#506=EDGE_CURVE('',#422,#430,#505,.T.);
#507=ORIENTED_EDGE('',*,*,#506,.T.);
#508=ORIENTED_EDGE('',*,*,#472,.T.);
#509=VECTOR('',#15,7.);
#510=CARTESIAN_POINT('',(8.5,-8.35,-2.5));
#511=LINE('',#510,#509);
#512=EDGE_CURVE('',#424,#432,#511,.T.);
#513=ORIENTED_EDGE('',*,*,#512,.F.);
#514=ORIENTED_EDGE('',*,*,#441,.F.);
#515=EDGE_LOOP('',(#507,#508,#513,#514));
#516=FACE_OUTER_BOUND('',#515,.T.);
#517=CARTESIAN_POINT('',(6.5,-8.35,-2.5));
#518=AXIS2_PLACEMENT_3D('',#517,#34,#16);
#519=PLANE('',#518);
#520=ADVANCED_FACE('',(#516),#519,.T.);
#521=ORIENTED_EDGE('',*,*,#495,.T.);
#522=ORIENTED_EDGE('',*,*,#477,.T.);
#523=ORIENTED_EDGE('',*,*,#506,.F.);
#524=ORIENTED_EDGE('',*,*,#436,.F.);
#525=EDGE_LOOP('',(#521,#522,#523,#524));
#526=FACE_OUTER_BOUND('',#525,.T.);
#527=CARTESIAN_POINT('',(6.5,-8.75,-2.5));
#528=AXIS2_PLACEMENT_3D('',#527,#132,#34);
#529=PLANE('',#528);
#530=ADVANCED_FACE('',(#526),#529,.T.);
#531=ORIENTED_EDGE('',*,*,#446,.T.);
#532=ORIENTED_EDGE('',*,*,#512,.T.);
#533=ORIENTED_EDGE('',*,*,#467,.F.);
#534=ORIENTED_EDGE('',*,*,#489,.F.);
#535=EDGE_LOOP('',(#531,#532,#533,#534));
#536=FACE_OUTER_BOUND('',#535,.T.);
#537=CARTESIAN_POINT('',(8.5,-8.75,-2.5));
#538=AXIS2_PLACEMENT_3D('',#537,#16,#34);
#539=PLANE('',#538);
#540=ADVANCED_FACE('',(#536),#539,.T.);
#541=CLOSED_SHELL('',(#458,#484,#502,#520,#530,#540));
#542=MANIFOLD_SOLID_BREP('Tab_1',#541);
#543=STYLED_ITEM('color',(#288),#542);
#544=CARTESIAN_POINT('',(4.8913,-0.1667,4.5));
#545=VERTEX_POINT('',#544);
#546=CARTESIAN_POINT('',(10.1087,-0.1667,4.5));
#547=VERTEX_POINT('',#546);
#548=CARTESIAN_POINT('',(4.8913,1.,4.5));
#549=VERTEX_POINT('',#548);
#550=CARTESIAN_POINT('',(10.1087,1.,4.5));
#551=VERTEX_POINT('',#550);
#552=CARTESIAN_POINT('',(4.8913,-0.1667,9.5));
#553=VERTEX_POINT('',#552);
#554=CARTESIAN_POINT('',(10.1087,-0.1667,9.5));
#555=VERTEX_POINT('',#554);
#556=CARTESIAN_POINT('',(4.8913,1.,9.5));
#557=VERTEX_POINT('',#556);
#558=CARTESIAN_POINT('',(10.1087,1.,9.5));
#559=VERTEX_POINT('',#558);
#560=VECTOR('',#34,1.1667);
#561=CARTESIAN_POINT('',(4.8913,-0.1667,4.5));
#562=LINE('',#561,#560);
#563=EDGE_CURVE('',#545,#549,#562,.T.);
#564=ORIENTED_EDGE('',*,*,#563,.T.);
#565=VECTOR('',#16,5.2175);
#566=CARTESIAN_POINT('',(4.8913,1.,4.5));
#567=LINE('',#566,#565);
#568=EDGE_CURVE('',#549,#551,#567,.T.);
#569=ORIENTED_EDGE('',*,*,#568,.T.);
#570=VECTOR('',#34,1.1667);
#571=CARTESIAN_POINT('',(10.1087,-0.1667,4.5));
#572=LINE('',#571,#570);
#573=EDGE_CURVE('',#547,#551,#572,.T.);
#574=ORIENTED_EDGE('',*,*,#573,.F.);
#575=VECTOR('',#16,5.2175);
#576=CARTESIAN_POINT('',(4.8913,-0.1667,4.5));
#577=LINE('',#576,#575);
#578=EDGE_CURVE('',#545,#547,#577,.T.);
#579=ORIENTED_EDGE('',*,*,#578,.F.);
#580=EDGE_LOOP('',(#564,#569,#574,#579));
#581=FACE_OUTER_BOUND('',#580,.T.);
#582=CARTESIAN_POINT('',(4.8913,-0.1667,4.5));
#583=AXIS2_PLACEMENT_3D('',#582,#58,#16);
#584=PLANE('',#583);
#585=ADVANCED_FACE('',(#581),#584,.T.);
#586=VECTOR('',#16,5.2175);
#587=CARTESIAN_POINT('',(4.8913,-0.1667,9.5));
#588=LINE('',#587,#586);
#589=EDGE_CURVE('',#553,#555,#588,.T.);
#590=ORIENTED_EDGE('',*,*,#589,.T.);
#591=VECTOR('',#34,1.1667);
#592=CARTESIAN_POINT('',(10.1087,-0.1667,9.5));
#593=LINE('',#592,#591);
#594=EDGE_CURVE('',#555,#559,#593,.T.);
#595=ORIENTED_EDGE('',*,*,#594,.T.);
#596=VECTOR('',#16,5.2175);
#597=CARTESIAN_POINT('',(4.8913,1.,9.5));
#598=LINE('',#597,#596);
#599=EDGE_CURVE('',#557,#559,#598,.T.);
#600=ORIENTED_EDGE('',*,*,#599,.F.);
#601=VECTOR('',#34,1.1667);
#602=CARTESIAN_POINT('',(4.8913,-0.1667,9.5));
#603=LINE('',#602,#601);
#604=EDGE_CURVE('',#553,#557,#603,.T.);
#605=ORIENTED_EDGE('',*,*,#604,.F.);
#606=EDGE_LOOP('',(#590,#595,#600,#605));
#607=FACE_OUTER_BOUND('',#606,.T.);
#608=CARTESIAN_POINT('',(4.8913,-0.1667,9.5));
#609=AXIS2_PLACEMENT_3D('',#608,#15,#16);
#610=PLANE('',#609);
#611=ADVANCED_FACE('',(#607),#610,.T.);
#612=ORIENTED_EDGE('',*,*,#578,.T.);
#613=VECTOR('',#15,5.);
#614=CARTESIAN_POINT('',(10.1087,-0.1667,4.5));
#615=LINE('',#614,#613);
#616=EDGE_CURVE('',#547,#555,#615,.T.);
#617=ORIENTED_EDGE('',*,*,#616,.T.);
#618=ORIENTED_EDGE('',*,*,#589,.F.);
#619=VECTOR('',#15,5.);
#620=CARTESIAN_POINT('',(4.8913,-0.1667,4.5));
#621=LINE('',#620,#619);
#622=EDGE_CURVE('',#545,#553,#621,.T.);
#623=ORIENTED_EDGE('',*,*,#622,.F.);
#624=EDGE_LOOP('',(#612,#617,#618,#623));
#625=FACE_OUTER_BOUND('',#624,.T.);
#626=CARTESIAN_POINT('',(4.8913,-0.1667,4.5));
#627=AXIS2_PLACEMENT_3D('',#626,#103,#16);
#628=PLANE('',#627);
#629=ADVANCED_FACE('',(#625),#628,.T.);
#630=VECTOR('',#15,5.);
#631=CARTESIAN_POINT('',(4.8913,1.,4.5));
#632=LINE('',#631,#630);
#633=EDGE_CURVE('',#549,#557,#632,.T.);
#634=ORIENTED_EDGE('',*,*,#633,.T.);
#635=ORIENTED_EDGE('',*,*,#599,.T.);
#636=VECTOR('',#15,5.);
#637=CARTESIAN_POINT('',(10.1087,1.,4.5));
#638=LINE('',#637,#636);
#639=EDGE_CURVE('',#551,#559,#638,.T.);
#640=ORIENTED_EDGE('',*,*,#639,.F.);
#641=ORIENTED_EDGE('',*,*,#568,.F.);
#642=EDGE_LOOP('',(#634,#635,#640,#641));
#643=FACE_OUTER_BOUND('',#642,.T.);
#644=CARTESIAN_POINT('',(4.8913,1.,4.5));
#645=AXIS2_PLACEMENT_3D('',#644,#34,#16);
#646=PLANE('',#645);
#647=ADVANCED_FACE('',(#643),#646,.T.);
#648=ORIENTED_EDGE('',*,*,#622,.T.);
#649=ORIENTED_EDGE('',*,*,#604,.T.);
#650=ORIENTED_EDGE('',*,*,#633,.F.);
#651=ORIENTED_EDGE('',*,*,#563,.F.);
#652=EDGE_LOOP('',(#648,#649,#650,#651));
#653=FACE_OUTER_BOUND('',#652,.T.);
#654=CARTESIAN_POINT('',(4.8913,-0.1667,4.5));
#655=AXIS2_PLACEMENT_3D('',#654,#132,#34);
#656=PLANE('',#655);
#657=ADVANCED_FACE('',(#653),#656,.T.);
#658=ORIENTED_EDGE('',*,*,#573,.T.);
#659=ORIENTED_EDGE('',*,*,#639,.T.);
#660=ORIENTED_EDGE('',*,*,#594,.F.);
#661=ORIENTED_EDGE('',*,*,#616,.F.);
#662=EDGE_LOOP('',(#658,#659,#660,#661));
#663=FACE_OUTER_BOUND('',#662,.T.);
#664=CARTESIAN_POINT('',(10.1087,-0.1667,4.5));
#665=AXIS2_PLACEMENT_3D('',#664,#16,#34);
#666=PLANE('',#665);
#667=ADVANCED_FACE('',(#663),#666,.T.);
#668=CLOSED_SHELL('',(#585,#611,#629,#647,#657,#667));
#669=MANIFOLD_SOLID_BREP('Bushing_0',#668);
#670=STYLED_ITEM('color',(#288),#669);
#671=CARTESIAN_POINT('',(4.2002,-1.3333,4.5));
#672=VERTEX_POINT('',#671);
#673=CARTESIAN_POINT('',(10.7998,-1.3333,4.5));
#674=VERTEX_POINT('',#673);
#675=CARTESIAN_POINT('',(4.2002,-0.1667,4.5));
#676=VERTEX_POINT('',#675);
#677=CARTESIAN_POINT('',(10.7998,-0.1667,4.5));
#678=VERTEX_POINT('',#677);
#679=CARTESIAN_POINT('',(4.2002,-1.3333,9.5));
#680=VERTEX_POINT('',#679);
#681=CARTESIAN_POINT('',(10.7998,-1.3333,9.5));
#682=VERTEX_POINT('',#681);
#683=CARTESIAN_POINT('',(4.2002,-0.1667,9.5));
#684=VERTEX_POINT('',#683);
#685=CARTESIAN_POINT('',(10.7998,-0.1667,9.5));
#686=VERTEX_POINT('',#685);
#687=VECTOR('',#34,1.1667);
#688=CARTESIAN_POINT('',(4.2002,-1.3333,4.5));
#689=LINE('',#688,#687);
#690=EDGE_CURVE('',#672,#676,#689,.T.);
#691=ORIENTED_EDGE('',*,*,#690,.T.);
#692=VECTOR('',#16,6.5997);
#693=CARTESIAN_POINT('',(4.2002,-0.1667,4.5));
#694=LINE('',#693,#692);
#695=EDGE_CURVE('',#676,#678,#694,.T.);
#696=ORIENTED_EDGE('',*,*,#695,.T.);
#697=VECTOR('',#34,1.1667);
#698=CARTESIAN_POINT('',(10.7998,-1.3333,4.5));
#699=LINE('',#698,#697);
#700=EDGE_CURVE('',#674,#678,#699,.T.);
#701=ORIENTED_EDGE('',*,*,#700,.F.);
#702=VECTOR('',#16,6.5997);
#703=CARTESIAN_POINT('',(4.2002,-1.3333,4.5));
#704=LINE('',#703,#702);
#705=EDGE_CURVE('',#672,#674,#704,.T.);
#706=ORIENTED_EDGE('',*,*,#705,.F.);
#707=EDGE_LOOP('',(#691,#696,#701,#706));
#708=FACE_OUTER_BOUND('',#707,.T.);
#709=CARTESIAN_POINT('',(4.2002,-1.3333,4.5));
#710=AXIS2_PLACEMENT_3D('',#709,#58,#16);
#711=PLANE('',#710);
#712=ADVANCED_FACE('',(#708),#711,.T.);
#713=VECTOR('',#16,6.5997);
#714=CARTESIAN_POINT('',(4.2002,-1.3333,9.5));
#715=LINE('',#714,#713);
#716=EDGE_CURVE('',#680,#682,#715,.T.);
#717=ORIENTED_EDGE('',*,*,#716,.T.);
#718=VECTOR('',#34,1.1667);
#719=CARTESIAN_POINT('',(10.7998,-1.3333,9.5));
#720=LINE('',#719,#718);
#721=EDGE_CURVE('',#682,#686,#720,.T.);
#722=ORIENTED_EDGE('',*,*,#721,.T.);
#723=VECTOR('',#16,6.5997);
#724=CARTESIAN_POINT('',(4.2002,-0.1667,9.5));
#725=LINE('',#724,#723);
#726=EDGE_CURVE('',#684,#686,#725,.T.);
#727=ORIENTED_EDGE('',*,*,#726,.F.);
#728=VECTOR('',#34,1.1667);
#729=CARTESIAN_POINT('',(4.2002,-1.3333,9.5));
#730=LINE('',#729,#728);
#731=EDGE_CURVE('',#680,#684,#730,.T.);
#732=ORIENTED_EDGE('',*,*,#731,.F.);
#733=EDGE_LOOP('',(#717,#722,#727,#732));
#734=FACE_OUTER_BOUND('',#733,.T.);
#735=CARTESIAN_POINT('',(4.2002,-1.3333,9.5));
#736=AXIS2_PLACEMENT_3D('',#735,#15,#16);
#737=PLANE('',#736);
#738=ADVANCED_FACE('',(#734),#737,.T.);
#739=ORIENTED_EDGE('',*,*,#705,.T.);
#740=VECTOR('',#15,5.);
#741=CARTESIAN_POINT('',(10.7998,-1.3333,4.5));
#742=LINE('',#741,#740);
#743=EDGE_CURVE('',#674,#682,#742,.T.);
#744=ORIENTED_EDGE('',*,*,#743,.T.);
#745=ORIENTED_EDGE('',*,*,#716,.F.);
#746=VECTOR('',#15,5.);
#747=CARTESIAN_POINT('',(4.2002,-1.3333,4.5));
#748=LINE('',#747,#746);
#749=EDGE_CURVE('',#672,#680,#748,.T.);
#750=ORIENTED_EDGE('',*,*,#749,.F.);
#751=EDGE_LOOP('',(#739,#744,#745,#750));
#752=FACE_OUTER_BOUND('',#751,.T.);
#753=CARTESIAN_POINT('',(4.2002,-1.3333,4.5));
#754=AXIS2_PLACEMENT_3D('',#753,#103,#16);
#755=PLANE('',#754);
#756=ADVANCED_FACE('',(#752),#755,.T.);
#757=VECTOR('',#15,5.);
#758=CARTESIAN_POINT('',(4.2002,-0.1667,4.5));
#759=LINE('',#758,#757);
#760=EDGE_CURVE('',#676,#684,#759,.T.);
#761=ORIENTED_EDGE('',*,*,#760,.T.);
#762=ORIENTED_EDGE('',*,*,#726,.T.);
#763=VECTOR('',#15,5.);
#764=CARTESIAN_POINT('',(10.7998,-0.1667,4.5));
#765=LINE('',#764,#763);
#766=EDGE_CURVE('',#678,#686,#765,.T.);
#767=ORIENTED_EDGE('',*,*,#766,.F.);
#768=ORIENTED_EDGE('',*,*,#695,.F.);
#769=EDGE_LOOP('',(#761,#762,#767,#768));
#770=FACE_OUTER_BOUND('',#769,.T.);
#771=CARTESIAN_POINT('',(4.2002,-0.1667,4.5));
#772=AXIS2_PLACEMENT_3D('',#771,#34,#16);
#773=PLANE('',#772);
#774=ADVANCED_FACE('',(#770),#773,.T.);
#775=ORIENTED_EDGE('',*,*,#749,.T.);
#776=ORIENTED_EDGE('',*,*,#731,.T.);
#777=ORIENTED_EDGE('',*,*,#760,.F.);
#778=ORIENTED_EDGE('',*,*,#690,.F.);
#779=EDGE_LOOP('',(#775,#776,#777,#778));
#780=FACE_OUTER_BOUND('',#779,.T.);
#781=CARTESIAN_POINT('',(4.2002,-1.3333,4.5));
#782=AXIS2_PLACEMENT_3D('',#781,#132,#34);
#783=PLANE('',#782);
#784=ADVANCED_FACE('',(#780),#783,.T.);
#785=ORIENTED_EDGE('',*,*,#700,.T.);
#786=ORIENTED_EDGE('',*,*,#766,.T.);
#787=ORIENTED_EDGE('',*,*,#721,.F.);
#788=ORIENTED_EDGE('',*,*,#743,.F.);
#789=EDGE_LOOP('',(#785,#786,#787,#788));
#790=FACE_OUTER_BOUND('',#789,.T.);
#791=CARTESIAN_POINT('',(10.7998,-1.3333,4.5));
#792=AXIS2_PLACEMENT_3D('',#791,#16,#34);
#793=PLANE('',#792);
#794=ADVANCED_FACE('',(#790),#793,.T.);
#795=CLOSED_SHELL('',(#712,#738,#756,#774,#784,#794));
#796=MANIFOLD_SOLID_BREP('Bushing_1',#795);
#797=STYLED_ITEM('color',(#288),#796);
#798=CARTESIAN_POINT('',(4.,-2.5,4.5));
#799=VERTEX_POINT('',#798);
#800=CARTESIAN_POINT('',(11.,-2.5,4.5));
#801=VERTEX_POINT('',#800);
#802=CARTESIAN_POINT('',(4.,-1.3333,4.5));
#803=VERTEX_POINT('',#802);
#804=CARTESIAN_POINT('',(11.,-1.3333,4.5));
#805=VERTEX_POINT('',#804);
#806=CARTESIAN_POINT('',(4.,-2.5,9.5));
#807=VERTEX_POINT('',#806);
#808=CARTESIAN_POINT('',(11.,-2.5,9.5));
#809=VERTEX_POINT('',#808);
#810=CARTESIAN_POINT('',(4.,-1.3333,9.5));
#811=VERTEX_POINT('',#810);
#812=CARTESIAN_POINT('',(11.,-1.3333,9.5));
#813=VERTEX_POINT('',#812);
#814=VECTOR('',#34,1.1667);
#815=CARTESIAN_POINT('',(4.,-2.5,4.5));
#816=LINE('',#815,#814);
#817=EDGE_CURVE('',#799,#803,#816,.T.);
#818=ORIENTED_EDGE('',*,*,#817,.T.);
#819=VECTOR('',#16,7.);
#820=CARTESIAN_POINT('',(4.,-1.3333,4.5));
#821=LINE('',#820,#819);
#822=EDGE_CURVE('',#803,#805,#821,.T.);
#823=ORIENTED_EDGE('',*,*,#822,.T.);
#824=VECTOR('',#34,1.1667);
#825=CARTESIAN_POINT('',(11.,-2.5,4.5));
#826=LINE('',#825,#824);
#827=EDGE_CURVE('',#801,#805,#826,.T.);
#828=ORIENTED_EDGE('',*,*,#827,.F.);
#829=VECTOR('',#16,7.);
#830=CARTESIAN_POINT('',(4.,-2.5,4.5));
#831=LINE('',#830,#829);
#832=EDGE_CURVE('',#799,#801,#831,.T.);
#833=ORIENTED_EDGE('',*,*,#832,.F.);
#834=EDGE_LOOP('',(#818,#823,#828,#833));
#835=FACE_OUTER_BOUND('',#834,.T.);
#836=CARTESIAN_POINT('',(4.,-2.5,4.5));
#837=AXIS2_PLACEMENT_3D('',#836,#58,#16);
#838=PLANE('',#837);
#839=ADVANCED_FACE('',(#835),#838,.T.);
#840=VECTOR('',#16,7.);
#841=CARTESIAN_POINT('',(4.,-2.5,9.5));
#842=LINE('',#841,#840);
#843=EDGE_CURVE('',#807,#809,#842,.T.);
#844=ORIENTED_EDGE('',*,*,#843,.T.);
#845=VECTOR('',#34,1.1667);
#846=CARTESIAN_POINT('',(11.,-2.5,9.5));
#847=LINE('',#846,#845);
#848=EDGE_CURVE('',#809,#813,#847,.T.);
#849=ORIENTED_EDGE('',*,*,#848,.T.);
#850=VECTOR('',#16,7.);
#851=CARTESIAN_POINT('',(4.,-1.3333,9.5));
#852=LINE('',#851,#850);
#853=EDGE_CURVE('',#811,#813,#852,.T.);
#854=ORIENTED_EDGE('',*,*,#853,.F.);
#855=VECTOR('',#34,1.1667);
#856=CARTESIAN_POINT('',(4.,-2.5,9.5));
#857=LINE('',#856,#855);
#858=EDGE_CURVE('',#807,#811,#857,.T.);
#859=ORIENTED_EDGE('',*,*,#858,.F.);
#860=EDGE_LOOP('',(#844,#849,#854,#859));
#861=FACE_OUTER_BOUND('',#860,.T.);
#862=CARTESIAN_POINT('',(4.,-2.5,9.5));
#863=AXIS2_PLACEMENT_3D('',#862,#15,#16);
#864=PLANE('',#863);
#865=ADVANCED_FACE('',(#861),#864,.T.);
#866=ORIENTED_EDGE('',*,*,#832,.T.);
#867=VECTOR('',#15,5.);
#868=CARTESIAN_POINT('',(11.,-2.5,4.5));
#869=LINE('',#868,#867);
#870=EDGE_CURVE('',#801,#809,#869,.T.);
#871=ORIENTED_EDGE('',*,*,#870,.T.);
#872=ORIENTED_EDGE('',*,*,#843,.F.);
#873=VECTOR('',#15,5.);
#874=CARTESIAN_POINT('',(4.,-2.5,4.5));
#875=LINE('',#874,#873);
#876=EDGE_CURVE('',#799,#807,#875,.T.);
#877=ORIENTED_EDGE('',*,*,#876,.F.);
#878=EDGE_LOOP('',(#866,#871,#872,#877));
#879=FACE_OUTER_BOUND('',#878,.T.);
#880=CARTESIAN_POINT('',(4.,-2.5,4.5));
#881=AXIS2_PLACEMENT_3D('',#880,#103,#16);
#882=PLANE('',#881);
#883=ADVANCED_FACE('',(#879),#882,.T.);
#884=VECTOR('',#15,5.);
#885=CARTESIAN_POINT('',(4.,-1.3333,4.5));
#886=LINE('',#885,#884);
#887=EDGE_CURVE('',#803,#811,#886,.T.);
#888=ORIENTED_EDGE('',*,*,#887,.T.);
#889=ORIENTED_EDGE('',*,*,#853,.T.);
#890=VECTOR('',#15,5.);
#891=CARTESIAN_POINT('',(11.,-1.3333,4.5));
#892=LINE('',#891,#890);
#893=EDGE_CURVE('',#805,#813,#892,.T.);
#894=ORIENTED_EDGE('',*,*,#893,.F.);
#895=ORIENTED_EDGE('',*,*,#822,.F.);
#896=EDGE_LOOP('',(#888,#889,#894,#895));
#897=FACE_OUTER_BOUND('',#896,.T.);
#898=CARTESIAN_POINT('',(4.,-1.3333,4.5));
#899=AXIS2_PLACEMENT_3D('',#898,#34,#16);
#900=PLANE('',#899);
#901=ADVANCED_FACE('',(#897),#900,.T.);
#902=ORIENTED_EDGE('',*,*,#876,.T.);
#903=ORIENTED_EDGE('',*,*,#858,.T.);
#904=ORIENTED_EDGE('',*,*,#887,.F.);
#905=ORIENTED_EDGE('',*,*,#817,.F.);
#906=EDGE_LOOP('',(#902,#903,#904,#905));
#907=FACE_OUTER_BOUND('',#906,.T.);
#908=CARTESIAN_POINT('',(4.,-2.5,4.5));
#909=AXIS2_PLACEMENT_3D('',#908,#132,#34);
#910=PLANE('',#909);
#911=ADVANCED_FACE('',(#907),#910,.T.);
#912=ORIENTED_EDGE('',*,*,#827,.T.);
#913=ORIENTED_EDGE('',*,*,#893,.T.);
#914=ORIENTED_EDGE('',*,*,#848,.F.);
#915=ORIENTED_EDGE('',*,*,#870,.F.);
#916=EDGE_LOOP('',(#912,#913,#914,#915));
#917=FACE_OUTER_BOUND('',#916,.T.);
#918=CARTESIAN_POINT('',(11.,-2.5,4.5));
#919=AXIS2_PLACEMENT_3D('',#918,#16,#34);
#920=PLANE('',#919);
#921=ADVANCED_FACE('',(#917),#920,.T.);
#922=CLOSED_SHELL('',(#839,#865,#883,#901,#911,#921));
#923=MANIFOLD_SOLID_BREP('Bushing_2',#922);
#924=STYLED_ITEM('color',(#288),#923);
#925=CARTESIAN_POINT('',(4.,-3.6667,4.5));
#926=VERTEX_POINT('',#925);
#927=CARTESIAN_POINT('',(11.,-3.6667,4.5));
#928=VERTEX_POINT('',#927);
#929=CARTESIAN_POINT('',(4.,-2.5,4.5));
#930=VERTEX_POINT('',#929);
#931=CARTESIAN_POINT('',(11.,-2.5,4.5));
#932=VERTEX_POINT('',#931);
#933=CARTESIAN_POINT('',(4.,-3.6667,9.5));
#934=VERTEX_POINT('',#933);
#935=CARTESIAN_POINT('',(11.,-3.6667,9.5));
#936=VERTEX_POINT('',#935);
#937=CARTESIAN_POINT('',(4.,-2.5,9.5));
#938=VERTEX_POINT('',#937);
#939=CARTESIAN_POINT('',(11.,-2.5,9.5));
#940=VERTEX_POINT('',#939);
#941=VECTOR('',#34,1.1667);
#942=CARTESIAN_POINT('',(4.,-3.6667,4.5));
#943=LINE('',#942,#941);
#944=EDGE_CURVE('',#926,#930,#943,.T.);
#945=ORIENTED_EDGE('',*,*,#944,.T.);
#946=VECTOR('',#16,7.);
#947=CARTESIAN_POINT('',(4.,-2.5,4.5));
#948=LINE('',#947,#946);
#949=EDGE_CURVE('',#930,#932,#948,.T.);
#950=ORIENTED_EDGE('',*,*,#949,.T.);
#951=VECTOR('',#34,1.1667);
#952=CARTESIAN_POINT('',(11.,-3.6667,4.5));
#953=LINE('',#952,#951);
#954=EDGE_CURVE('',#928,#932,#953,.T.);
#955=ORIENTED_EDGE('',*,*,#954,.F.);
#956=VECTOR('',#16,7.);
#957=CARTESIAN_POINT('',(4.,-3.6667,4.5));
#958=LINE('',#957,#956);
#959=EDGE_CURVE('',#926,#928,#958,.T.);
#960=ORIENTED_EDGE('',*,*,#959,.F.);
#961=EDGE_LOOP('',(#945,#950,#955,#960));
#962=FACE_OUTER_BOUND('',#961,.T.);
#963=CARTESIAN_POINT('',(4.,-3.6667,4.5));
#964=AXIS2_PLACEMENT_3D('',#963,#58,#16);
#965=PLANE('',#964);
#966=ADVANCED_FACE('',(#962),#965,.T.);
#967=VECTOR('',#16,7.);
#968=CARTESIAN_POINT('',(4.,-3.6667,9.5));
#969=LINE('',#968,#967);
#970=EDGE_CURVE('',#934,#936,#969,.T.);
#971=ORIENTED_EDGE('',*,*,#970,.T.);
#972=VECTOR('',#34,1.1667);
#973=CARTESIAN_POINT('',(11.,-3.6667,9.5));
#974=LINE('',#973,#972);
#975=EDGE_CURVE('',#936,#940,#974,.T.);
#976=ORIENTED_EDGE('',*,*,#975,.T.);
#977=VECTOR('',#16,7.);
#978=CARTESIAN_POINT('',(4.,-2.5,9.5));
#979=LINE('',#978,#977);
#980=EDGE_CURVE('',#938,#940,#979,.T.);
#981=ORIENTED_EDGE('',*,*,#980,.F.);
#982=VECTOR('',#34,1.1667);
#983=CARTESIAN_POINT('',(4.,-3.6667,9.5));
#984=LINE('',#983,#982);
#985=EDGE_CURVE('',#934,#938,#984,.T.);
#986=ORIENTED_EDGE('',*,*,#985,.F.);
#987=EDGE_LOOP('',(#971,#976,#981,#986));
#988=FACE_OUTER_BOUND('',#987,.T.);
#989=CARTESIAN_POINT('',(4.,-3.6667,9.5));
#990=AXIS2_PLACEMENT_3D('',#989,#15,#16);
#991=PLANE('',#990);
#992=ADVANCED_FACE('',(#988),#991,.T.);
#993=ORIENTED_EDGE('',*,*,#959,.T.);
#994=VECTOR('',#15,5.);
#995=CARTESIAN_POINT('',(11.,-3.6667,4.5));
#996=LINE('',#995,#994);
#997=EDGE_CURVE('',#928,#936,#996,.T.);
#998=ORIENTED_EDGE('',*,*,#997,.T.);
#999=ORIENTED_EDGE('',*,*,#970,.F.);
#1000=VECTOR('',#15,5.);
#1001=CARTESIAN_POINT('',(4.,-3.6667,4.5));
#1002=LINE('',#1001,#1000);
#1003=EDGE_CURVE('',#926,#934,#1002,.T.);
#1004=ORIENTED_EDGE('',*,*,#1003,.F.);
#1005=EDGE_LOOP('',(#993,#998,#999,#1004));
#1006=FACE_OUTER_BOUND('',#1005,.T.);
#1007=CARTESIAN_POINT('',(4.,-3.6667,4.5));
#1008=AXIS2_PLACEMENT_3D('',#1007,#103,#16);
#1009=PLANE('',#1008);
#1010=ADVANCED_FACE('',(#1006),#1009,.T.);
#1011=VECTOR('',#15,5.);
#1012=CARTESIAN_POINT('',(4.,-2.5,4.5));
#1013=LINE('',#1012,#1011);
#1014=EDGE_CURVE('',#930,#938,#1013,.T.);
#1015=ORIENTED_EDGE('',*,*,#1014,.T.);
#1016=ORIENTED_EDGE('',*,*,#980,.T.);
#1017=VECTOR('',#15,5.);
#1018=CARTESIAN_POINT('',(11.,-2.5,4.5));
#1019=LINE('',#1018,#1017);
#1020=EDGE_CURVE('',#932,#940,#1019,.T.);
#1021=ORIENTED_EDGE('',*,*,#1020,.F.);
#1022=ORIENTED_EDGE('',*,*,#949,.F.);
#1023=EDGE_LOOP('',(#1015,#1016,#1021,#1022));
#1024=FACE_OUTER_BOUND('',#1023,.T.);
#1025=CARTESIAN_POINT('',(4.,-2.5,4.5));
#1026=AXIS2_PLACEMENT_3D('',#1025,#34,#16);
#1027=PLANE('',#1026);
#1028=ADVANCED_FACE('',(#1024),#1027,.T.);
#1029=ORIENTED_EDGE('',*,*,#1003,.T.);
#1030=ORIENTED_EDGE('',*,*,#985,.T.);
#1031=ORIENTED_EDGE('',*,*,#1014,.F.);
#1032=ORIENTED_EDGE('',*,*,#944,.F.);
#1033=EDGE_LOOP('',(#1029,#1030,#1031,#1032));
#1034=FACE_OUTER_BOUND('',#1033,.T.);
#1035=CARTESIAN_POINT('',(4.,-3.6667,4.5));
#1036=AXIS2_PLACEMENT_3D('',#1035,#132,#34);
#1037=PLANE('',#1036);
#1038=ADVANCED_FACE('',(#1034),#1037,.T.);
#1039=ORIENTED_EDGE('',*,*,#954,.T.);
#1040=ORIENTED_EDGE('',*,*,#1020,.T.);
#1041=ORIENTED_EDGE('',*,*,#975,.F.);
#1042=ORIENTED_EDGE('',*,*,#997,.F.);
#1043=EDGE_LOOP('',(#1039,#1040,#1041,#1042));
#1044=FACE_OUTER_BOUND('',#1043,.T.);
#1045=CARTESIAN_POINT('',(11.,-3.6667,4.5));
#1046=AXIS2_PLACEMENT_3D('',#1045,#16,#34);
#1047=PLANE('',#1046);
#1048=ADVANCED_FACE('',(#1044),#1047,.T.);
#1049=CLOSED_SHELL('',(#966,#992,#1010,#1028,#1038,#1048));
#1050=MANIFOLD_SOLID_BREP('Bushing_3',#1049);
#1051=STYLED_ITEM('color',(#288),#1050);
#1052=CARTESIAN_POINT('',(4.2002,-4.8333,4.5));
#1053=VERTEX_POINT('',#1052);
#1054=CARTESIAN_POINT('',(10.7998,-4.8333,4.5));
#1055=VERTEX_POINT('',#1054);
#1056=CARTESIAN_POINT('',(4.2002,-3.6667,4.5));
#1057=VERTEX_POINT('',#1056);
#1058=CARTESIAN_POINT('',(10.7998,-3.6667,4.5));
#1059=VERTEX_POINT('',#1058);
#1060=CARTESIAN_POINT('',(4.2002,-4.8333,9.5));
#1061=VERTEX_POINT('',#1060);
#1062=CARTESIAN_POINT('',(10.7998,-4.8333,9.5));
#1063=VERTEX_POINT('',#1062);
#1064=CARTESIAN_POINT('',(4.2002,-3.6667,9.5));
#1065=VERTEX_POINT('',#1064);
#1066=CARTESIAN_POINT('',(10.7998,-3.6667,9.5));
#1067=VERTEX_POINT('',#1066);
#1068=VECTOR('',#34,1.1667);
#1069=CARTESIAN_POINT('',(4.2002,-4.8333,4.5));
#1070=LINE('',#1069,#1068);
#1071=EDGE_CURVE('',#1053,#1057,#1070,.T.);
#1072=ORIENTED_EDGE('',*,*,#1071,.T.);
#1073=VECTOR('',#16,6.5997);
#1074=CARTESIAN_POINT('',(4.2002,-3.6667,4.5));
#1075=LINE('',#1074,#1073);
#1076=EDGE_CURVE('',#1057,#1059,#1075,.T.);
#1077=ORIENTED_EDGE('',*,*,#1076,.T.);
#1078=VECTOR('',#34,1.1667);
#1079=CARTESIAN_POINT('',(10.7998,-4.8333,4.5));
#1080=LINE('',#1079,#1078);
#1081=EDGE_CURVE('',#1055,#1059,#1080,.T.);
#1082=ORIENTED_EDGE('',*,*,#1081,.F.);
#1083=VECTOR('',#16,6.5997);
#1084=CARTESIAN_POINT('',(4.2002,-4.8333,4.5));
#1085=LINE('',#1084,#1083);
#1086=EDGE_CURVE('',#1053,#1055,#1085,.T.);
#1087=ORIENTED_EDGE('',*,*,#1086,.F.);
#1088=EDGE_LOOP('',(#1072,#1077,#1082,#1087));
#1089=FACE_OUTER_BOUND('',#1088,.T.);
#1090=CARTESIAN_POINT('',(4.2002,-4.8333,4.5));
#1091=AXIS2_PLACEMENT_3D('',#1090,#58,#16);
#1092=PLANE('',#1091);
#1093=ADVANCED_FACE('',(#1089),#1092,.T.);
#1094=VECTOR('',#16,6.5997);
#1095=CARTESIAN_POINT('',(4.2002,-4.8333,9.5));
#1096=LINE('',#1095,#1094);
#1097=EDGE_CURVE('',#1061,#1063,#1096,.T.);
#1098=ORIENTED_EDGE('',*,*,#1097,.T.);
#1099=VECTOR('',#34,1.1667);
#1100=CARTESIAN_POINT('',(10.7998,-4.8333,9.5));
#1101=LINE('',#1100,#1099);
#1102=EDGE_CURVE('',#1063,#1067,#1101,.T.);
#1103=ORIENTED_EDGE('',*,*,#1102,.T.);
#1104=VECTOR('',#16,6.5997);
#1105=CARTESIAN_POINT('',(4.2002,-3.6667,9.5));
#1106=LINE('',#1105,#1104);
#1107=EDGE_CURVE('',#1065,#1067,#1106,.T.);
#1108=ORIENTED_EDGE('',*,*,#1107,.F.);
#1109=VECTOR('',#34,1.1667);
#1110=CARTESIAN_POINT('',(4.2002,-4.8333,9.5));
#1111=LINE('',#1110,#1109);
#1112=EDGE_CURVE('',#1061,#1065,#1111,.T.);
#1113=ORIENTED_EDGE('',*,*,#1112,.F.);
#1114=EDGE_LOOP('',(#1098,#1103,#1108,#1113));
#1115=FACE_OUTER_BOUND('',#1114,.T.);
#1116=CARTESIAN_POINT('',(4.2002,-4.8333,9.5));
#1117=AXIS2_PLACEMENT_3D('',#1116,#15,#16);
#1118=PLANE('',#1117);
#1119=ADVANCED_FACE('',(#1115),#1118,.T.);
#1120=ORIENTED_EDGE('',*,*,#1086,.T.);
#1121=VECTOR('',#15,5.);
#1122=CARTESIAN_POINT('',(10.7998,-4.8333,4.5));
#1123=LINE('',#1122,#1121);
#1124=EDGE_CURVE('',#1055,#1063,#1123,.T.);
#1125=ORIENTED_EDGE('',*,*,#1124,.T.);
#1126=ORIENTED_EDGE('',*,*,#1097,.F.);
#1127=VECTOR('',#15,5.);
#1128=CARTESIAN_POINT('',(4.2002,-4.8333,4.5));
#1129=LINE('',#1128,#1127);
#1130=EDGE_CURVE('',#1053,#1061,#1129,.T.);
#1131=ORIENTED_EDGE('',*,*,#1130,.F.);
#1132=EDGE_LOOP('',(#1120,#1125,#1126,#1131));
#1133=FACE_OUTER_BOUND('',#1132,.T.);
#1134=CARTESIAN_POINT('',(4.2002,-4.8333,4.5));
#1135=AXIS2_PLACEMENT_3D('',#1134,#103,#16);
#1136=PLANE('',#1135);
#1137=ADVANCED_FACE('',(#1133),#1136,.T.);
#1138=VECTOR('',#15,5.);
#1139=CARTESIAN_POINT('',(4.2002,-3.6667,4.5));
#1140=LINE('',#1139,#1138);
#1141=EDGE_CURVE('',#1057,#1065,#1140,.T.);
#1142=ORIENTED_EDGE('',*,*,#1141,.T.);
#1143=ORIENTED_EDGE('',*,*,#1107,.T.);
#1144=VECTOR('',#15,5.);
#1145=CARTESIAN_POINT('',(10.7998,-3.6667,4.5));
#1146=LINE('',#1145,#1144);
#1147=EDGE_CURVE('',#1059,#1067,#1146,.T.);
#1148=ORIENTED_EDGE('',*,*,#1147,.F.);
#1149=ORIENTED_EDGE('',*,*,#1076,.F.);
#1150=EDGE_LOOP('',(#1142,#1143,#1148,#1149));
#1151=FACE_OUTER_BOUND('',#1150,.T.);
#1152=CARTESIAN_POINT('',(4.2002,-3.6667,4.5));
#1153=AXIS2_PLACEMENT_3D('',#1152,#34,#16);
#1154=PLANE('',#1153);
#1155=ADVANCED_FACE('',(#1151),#1154,.T.);
#1156=ORIENTED_EDGE('',*,*,#1130,.T.);
#1157=ORIENTED_EDGE('',*,*,#1112,.T.);
#1158=ORIENTED_EDGE('',*,*,#1141,.F.);
#1159=ORIENTED_EDGE('',*,*,#1071,.F.);
#1160=EDGE_LOOP('',(#1156,#1157,#1158,#1159));
#1161=FACE_OUTER_BOUND('',#1160,.T.);
#1162=CARTESIAN_POINT('',(4.2002,-4.8333,4.5));
#1163=AXIS2_PLACEMENT_3D('',#1162,#132,#34);
#1164=PLANE('',#1163);
#1165=ADVANCED_FACE('',(#1161),#1164,.T.);
#1166=ORIENTED_EDGE('',*,*,#1081,.T.);
#1167=ORIENTED_EDGE('',*,*,#1147,.T.);
#1168=ORIENTED_EDGE('',*,*,#1102,.F.);
#1169=ORIENTED_EDGE('',*,*,#1124,.F.);
#1170=EDGE_LOOP('',(#1166,#1167,#1168,#1169));
#1171=FACE_OUTER_BOUND('',#1170,.T.);
#1172=CARTESIAN_POINT('',(10.7998,-4.8333,4.5));
#1173=AXIS2_PLACEMENT_3D('',#1172,#16,#34);
#1174=PLANE('',#1173);
#1175=ADVANCED_FACE('',(#1171),#1174,.T.);
#1176=CLOSED_SHELL('',(#1093,#1119,#1137,#1155,#1165,#1175));
#1177=MANIFOLD_SOLID_BREP('Bushing_4',#1176);
#1178=STYLED_ITEM('color',(#288),#1177);
#1179=CARTESIAN_POINT('',(4.8913,-6.,4.5));
#1180=VERTEX_POINT('',#1179);
#1181=CARTESIAN_POINT('',(10.1087,-6.,4.5));
#1182=VERTEX_POINT('',#1181);
#1183=CARTESIAN_POINT('',(4.8913,-4.8333,4.5));
#1184=VERTEX_POINT('',#1183);
#1185=CARTESIAN_POINT('',(10.1087,-4.8333,4.5));
#1186=VERTEX_POINT('',#1185);
#1187=CARTESIAN_POINT('',(4.8913,-6.,9.5));
#1188=VERTEX_POINT('',#1187);
#1189=CARTESIAN_POINT('',(10.1087,-6.,9.5));
#1190=VERTEX_POINT('',#1189);
#1191=CARTESIAN_POINT('',(4.8913,-4.8333,9.5));
#1192=VERTEX_POINT('',#1191);
#1193=CARTESIAN_POINT('',(10.1087,-4.8333,9.5));
#1194=VERTEX_POINT('',#1193);
#1195=VECTOR('',#34,1.1667);
#1196=CARTESIAN_POINT('',(4.8913,-6.,4.5));
#1197=LINE('',#1196,#1195);
#1198=EDGE_CURVE('',#1180,#1184,#1197,.T.);
#1199=ORIENTED_EDGE('',*,*,#1198,.T.);
#1200=VECTOR('',#16,5.2175);
#1201=CARTESIAN_POINT('',(4.8913,-4.8333,4.5));
#1202=LINE('',#1201,#1200);
#1203=EDGE_CURVE('',#1184,#1186,#1202,.T.);
#1204=ORIENTED_EDGE('',*,*,#1203,.T.);
#1205=VECTOR('',#34,1.1667);
#1206=CARTESIAN_POINT('',(10.1087,-6.,4.5));
#1207=LINE('',#1206,#1205);
#1208=EDGE_CURVE('',#1182,#1186,#1207,.T.);
#1209=ORIENTED_EDGE('',*,*,#1208,.F.);
#1210=VECTOR('',#16,5.2175);
#1211=CARTESIAN_POINT('',(4.8913,-6.,4.5));
#1212=LINE('',#1211,#1210);
#1213=EDGE_CURVE('',#1180,#1182,#1212,.T.);
#1214=ORIENTED_EDGE('',*,*,#1213,.F.);
#1215=EDGE_LOOP('',(#1199,#1204,#1209,#1214));
#1216=FACE_OUTER_BOUND('',#1215,.T.);
#1217=CARTESIAN_POINT('',(4.8913,-6.,4.5));
#1218=AXIS2_PLACEMENT_3D('',#1217,#58,#16);
#1219=PLANE('',#1218);
#1220=ADVANCED_FACE('',(#1216),#1219,.T.);
#1221=VECTOR('',#16,5.2175);
#1222=CARTESIAN_POINT('',(4.8913,-6.,9.5));
#1223=LINE('',#1222,#1221);
#1224=EDGE_CURVE('',#1188,#1190,#1223,.T.);
#1225=ORIENTED_EDGE('',*,*,#1224,.T.);
#1226=VECTOR('',#34,1.1667);
#1227=CARTESIAN_POINT('',(10.1087,-6.,9.5));
#1228=LINE('',#1227,#1226);
#1229=EDGE_CURVE('',#1190,#1194,#1228,.T.);
#1230=ORIENTED_EDGE('',*,*,#1229,.T.);
#1231=VECTOR('',#16,5.2175);
#1232=CARTESIAN_POINT('',(4.8913,-4.8333,9.5));
#1233=LINE('',#1232,#1231);
#1234=EDGE_CURVE('',#1192,#1194,#1233,.T.);
#1235=ORIENTED_EDGE('',*,*,#1234,.F.);
#1236=VECTOR('',#34,1.1667);
#1237=CARTESIAN_POINT('',(4.8913,-6.,9.5));
#1238=LINE('',#1237,#1236);
#1239=EDGE_CURVE('',#1188,#1192,#1238,.T.);
#1240=ORIENTED_EDGE('',*,*,#1239,.F.);
#1241=EDGE_LOOP('',(#1225,#1230,#1235,#1240));
#1242=FACE_OUTER_BOUND('',#1241,.T.);
#1243=CARTESIAN_POINT('',(4.8913,-6.,9.5));
#1244=AXIS2_PLACEMENT_3D('',#1243,#15,#16);
#1245=PLANE('',#1244);
#1246=ADVANCED_FACE('',(#1242),#1245,.T.);
#1247=ORIENTED_EDGE('',*,*,#1213,.T.);
#1248=VECTOR('',#15,5.);
#1249=CARTESIAN_POINT('',(10.1087,-6.,4.5));
#1250=LINE('',#1249,#1248);
#1251=EDGE_CURVE('',#1182,#1190,#1250,.T.);
#1252=ORIENTED_EDGE('',*,*,#1251,.T.);
#1253=ORIENTED_EDGE('',*,*,#1224,.F.);
#1254=VECTOR('',#15,5.);
#1255=CARTESIAN_POINT('',(4.8913,-6.,4.5));
#1256=LINE('',#1255,#1254);
#1257=EDGE_CURVE('',#1180,#1188,#1256,.T.);
#1258=ORIENTED_EDGE('',*,*,#1257,.F.);
#1259=EDGE_LOOP('',(#1247,#1252,#1253,#1258));
#1260=FACE_OUTER_BOUND('',#1259,.T.);
#1261=CARTESIAN_POINT('',(4.8913,-6.,4.5));
#1262=AXIS2_PLACEMENT_3D('',#1261,#103,#16);
#1263=PLANE('',#1262);
#1264=ADVANCED_FACE('',(#1260),#1263,.T.);
#1265=VECTOR('',#15,5.);
#1266=CARTESIAN_POINT('',(4.8913,-4.8333,4.5));
#1267=LINE('',#1266,#1265);
#1268=EDGE_CURVE('',#1184,#1192,#1267,.T.);
#1269=ORIENTED_EDGE('',*,*,#1268,.T.);
#1270=ORIENTED_EDGE('',*,*,#1234,.T.);
#1271=VECTOR('',#15,5.);
#1272=CARTESIAN_POINT('',(10.1087,-4.8333,4.5));
#1273=LINE('',#1272,#1271);
#1274=EDGE_CURVE('',#1186,#1194,#1273,.T.);
#1275=ORIENTED_EDGE('',*,*,#1274,.F.);
#1276=ORIENTED_EDGE('',*,*,#1203,.F.);
#1277=EDGE_LOOP('',(#1269,#1270,#1275,#1276));
#1278=FACE_OUTER_BOUND('',#1277,.T.);
#1279=CARTESIAN_POINT('',(4.8913,-4.8333,4.5));
#1280=AXIS2_PLACEMENT_3D('',#1279,#34,#16);
#1281=PLANE('',#1280);
#1282=ADVANCED_FACE('',(#1278),#1281,.T.);
#1283=ORIENTED_EDGE('',*,*,#1257,.T.);
#1284=ORIENTED_EDGE('',*,*,#1239,.T.);
#1285=ORIENTED_EDGE('',*,*,#1268,.F.);
#1286=ORIENTED_EDGE('',*,*,#1198,.F.);
#1287=EDGE_LOOP('',(#1283,#1284,#1285,#1286));
#1288=FACE_OUTER_BOUND('',#1287,.T.);
#1289=CARTESIAN_POINT('',(4.8913,-6.,4.5));
#1290=AXIS2_PLACEMENT_3D('',#1289,#132,#34);
#1291=PLANE('',#1290);
#1292=ADVANCED_FACE('',(#1288),#1291,.T.);
#1293=ORIENTED_EDGE('',*,*,#1208,.T.);
#1294=ORIENTED_EDGE('',*,*,#1274,.T.);
#1295=ORIENTED_EDGE('',*,*,#1229,.F.);
#1296=ORIENTED_EDGE('',*,*,#1251,.F.);
#1297=EDGE_LOOP('',(#1293,#1294,#1295,#1296));
#1298=FACE_OUTER_BOUND('',#1297,.T.);
#1299=CARTESIAN_POINT('',(10.1087,-6.,4.5));
#1300=AXIS2_PLACEMENT_3D('',#1299,#16,#34);
#1301=PLANE('',#1300);
#1302=ADVANCED_FACE('',(#1298),#1301,.T.);
#1303=CLOSED_SHELL('',(#1220,#1246,#1264,#1282,#1292,#1302));
#1304=MANIFOLD_SOLID_BREP('Bushing_5',#1303);
#1305=STYLED_ITEM('color',(#288),#1304);
#1306=CARTESIAN_POINT('',(5.2639,-0.5,9.5));
#1307=VERTEX_POINT('',#1306);
#1308=CARTESIAN_POINT('',(9.7361,-0.5,9.5));
#1309=VERTEX_POINT('',#1308);
#1310=CARTESIAN_POINT('',(5.2639,0.5,9.5));
#1311=VERTEX_POINT('',#1310);
#1312=CARTESIAN_POINT('',(9.7361,0.5,9.5));
#1313=VERTEX_POINT('',#1312);
#1314=CARTESIAN_POINT('',(5.2639,-0.5,17.));
#1315=VERTEX_POINT('',#1314);
#1316=CARTESIAN_POINT('',(9.7361,-0.5,17.));
#1317=VERTEX_POINT('',#1316);
#1318=CARTESIAN_POINT('',(5.2639,0.5,17.));
#1319=VERTEX_POINT('',#1318);
#1320=CARTESIAN_POINT('',(9.7361,0.5,17.));
#1321=VERTEX_POINT('',#1320);
#1322=VECTOR('',#34,1.);
#1323=CARTESIAN_POINT('',(5.2639,-0.5,9.5));
#1324=LINE('',#1323,#1322);
#1325=EDGE_CURVE('',#1307,#1311,#1324,.T.);
#1326=ORIENTED_EDGE('',*,*,#1325,.T.);
#1327=VECTOR('',#16,4.4721);
#1328=CARTESIAN_POINT('',(5.2639,0.5,9.5));
#1329=LINE('',#1328,#1327);
#1330=EDGE_CURVE('',#1311,#1313,#1329,.T.);
#1331=ORIENTED_EDGE('',*,*,#1330,.T.);
#1332=VECTOR('',#34,1.);
#1333=CARTESIAN_POINT('',(9.7361,-0.5,9.5));
#1334=LINE('',#1333,#1332);
#1335=EDGE_CURVE('',#1309,#1313,#1334,.T.);
#1336=ORIENTED_EDGE('',*,*,#1335,.F.);
#1337=VECTOR('',#16,4.4721);
#1338=CARTESIAN_POINT('',(5.2639,-0.5,9.5));
#1339=LINE('',#1338,#1337);
#1340=EDGE_CURVE('',#1307,#1309,#1339,.T.);
#1341=ORIENTED_EDGE('',*,*,#1340,.F.);
#1342=EDGE_LOOP('',(#1326,#1331,#1336,#1341));
#1343=FACE_OUTER_BOUND('',#1342,.T.);
#1344=CARTESIAN_POINT('',(5.2639,-0.5,9.5));
#1345=AXIS2_PLACEMENT_3D('',#1344,#58,#16);
#1346=PLANE('',#1345);
#1347=ADVANCED_FACE('',(#1343),#1346,.T.);
#1348=VECTOR('',#16,4.4721);
#1349=CARTESIAN_POINT('',(5.2639,-0.5,17.));
#1350=LINE('',#1349,#1348);
#1351=EDGE_CURVE('',#1315,#1317,#1350,.T.);
#1352=ORIENTED_EDGE('',*,*,#1351,.T.);
#1353=VECTOR('',#34,1.);
#1354=CARTESIAN_POINT('',(9.7361,-0.5,17.));
#1355=LINE('',#1354,#1353);
#1356=EDGE_CURVE('',#1317,#1321,#1355,.T.);
#1357=ORIENTED_EDGE('',*,*,#1356,.T.);
#1358=VECTOR('',#16,4.4721);
#1359=CARTESIAN_POINT('',(5.2639,0.5,17.));
#1360=LINE('',#1359,#1358);
#1361=EDGE_CURVE('',#1319,#1321,#1360,.T.);
#1362=ORIENTED_EDGE('',*,*,#1361,.F.);
#1363=VECTOR('',#34,1.);
#1364=CARTESIAN_POINT('',(5.2639,-0.5,17.));
#1365=LINE('',#1364,#1363);
#1366=EDGE_CURVE('',#1315,#1319,#1365,.T.);
#1367=ORIENTED_EDGE('',*,*,#1366,.F.);
#1368=EDGE_LOOP('',(#1352,#1357,#1362,#1367));
#1369=FACE_OUTER_BOUND('',#1368,.T.);
#1370=CARTESIAN_POINT('',(5.2639,-0.5,17.));
#1371=AXIS2_PLACEMENT_3D('',#1370,#15,#16);
#1372=PLANE('',#1371);
#1373=ADVANCED_FACE('',(#1369),#1372,.T.);
#1374=ORIENTED_EDGE('',*,*,#1340,.T.);
#1375=VECTOR('',#15,7.5);
#1376=CARTESIAN_POINT('',(9.7361,-0.5,9.5));
#1377=LINE('',#1376,#1375);
#1378=EDGE_CURVE('',#1309,#1317,#1377,.T.);
#1379=ORIENTED_EDGE('',*,*,#1378,.T.);
#1380=ORIENTED_EDGE('',*,*,#1351,.F.);
#1381=VECTOR('',#15,7.5);
#1382=CARTESIAN_POINT('',(5.2639,-0.5,9.5));
#1383=LINE('',#1382,#1381);
#1384=EDGE_CURVE('',#1307,#1315,#1383,.T.);
#1385=ORIENTED_EDGE('',*,*,#1384,.F.);
#1386=EDGE_LOOP('',(#1374,#1379,#1380,#1385));
#1387=FACE_OUTER_BOUND('',#1386,.T.);
#1388=CARTESIAN_POINT('',(5.2639,-0.5,9.5));
#1389=AXIS2_PLACEMENT_3D('',#1388,#103,#16);
#1390=PLANE('',#1389);
#1391=ADVANCED_FACE('',(#1387),#1390,.T.);
#1392=VECTOR('',#15,7.5);
#1393=CARTESIAN_POINT('',(5.2639,0.5,9.5));
#1394=LINE('',#1393,#1392);
#1395=EDGE_CURVE('',#1311,#1319,#1394,.T.);
#1396=ORIENTED_EDGE('',*,*,#1395,.T.);
#1397=ORIENTED_EDGE('',*,*,#1361,.T.);
#1398=VECTOR('',#15,7.5);
#1399=CARTESIAN_POINT('',(9.7361,0.5,9.5));
#1400=LINE('',#1399,#1398);
#1401=EDGE_CURVE('',#1313,#1321,#1400,.T.);
#1402=ORIENTED_EDGE('',*,*,#1401,.F.);
#1403=ORIENTED_EDGE('',*,*,#1330,.F.);
#1404=EDGE_LOOP('',(#1396,#1397,#1402,#1403));
#1405=FACE_OUTER_BOUND('',#1404,.T.);
#1406=CARTESIAN_POINT('',(5.2639,0.5,9.5));
#1407=AXIS2_PLACEMENT_3D('',#1406,#34,#16);
#1408=PLANE('',#1407);
#1409=ADVANCED_FACE('',(#1405),#1408,.T.);
#1410=ORIENTED_EDGE('',*,*,#1384,.T.);
#1411=ORIENTED_EDGE('',*,*,#1366,.T.);
#1412=ORIENTED_EDGE('',*,*,#1395,.F.);
#1413=ORIENTED_EDGE('',*,*,#1325,.F.);
#1414=EDGE_LOOP('',(#1410,#1411,#1412,#1413));
#1415=FACE_OUTER_BOUND('',#1414,.T.);
#1416=CARTESIAN_POINT('',(5.2639,-0.5,9.5));
#1417=AXIS2_PLACEMENT_3D('',#1416,#132,#34);
#1418=PLANE('',#1417);
#1419=ADVANCED_FACE('',(#1415),#1418,.T.);
#1420=ORIENTED_EDGE('',*,*,#1335,.T.);
#1421=ORIENTED_EDGE('',*,*,#1401,.T.);
#1422=ORIENTED_EDGE('',*,*,#1356,.F.);
#1423=ORIENTED_EDGE('',*,*,#1378,.F.);
#1424=EDGE_LOOP('',(#1420,#1421,#1422,#1423));
#1425=FACE_OUTER_BOUND('',#1424,.T.);
#1426=CARTESIAN_POINT('',(9.7361,-0.5,9.5));
#1427=AXIS2_PLACEMENT_3D('',#1426,#16,#34);
#1428=PLANE('',#1427);
#1429=ADVANCED_FACE('',(#1425),#1428,.T.);
#1430=CLOSED_SHELL('',(#1347,#1373,#1391,#1409,#1419,#1429));
#1431=MANIFOLD_SOLID_BREP('Shaft_0',#1430);
#1432=STYLED_ITEM('color',(#288),#1431);
#1433=CARTESIAN_POINT('',(4.6716,-1.5,9.5));
#1434=VERTEX_POINT('',#1433);
#1435=CARTESIAN_POINT('',(10.3284,-1.5,9.5));
#1436=VERTEX_POINT('',#1435);
#1437=CARTESIAN_POINT('',(4.6716,-0.5,9.5));
#1438=VERTEX_POINT('',#1437);
#1439=CARTESIAN_POINT('',(10.3284,-0.5,9.5));
#1440=VERTEX_POINT('',#1439);
#1441=CARTESIAN_POINT('',(4.6716,-1.5,17.));
#1442=VERTEX_POINT('',#1441);
#1443=CARTESIAN_POINT('',(10.3284,-1.5,17.));
#1444=VERTEX_POINT('',#1443);
#1445=CARTESIAN_POINT('',(4.6716,-0.5,17.));
#1446=VERTEX_POINT('',#1445);
#1447=CARTESIAN_POINT('',(10.3284,-0.5,17.));
#1448=VERTEX_POINT('',#1447);
#1449=VECTOR('',#34,1.);
#1450=CARTESIAN_POINT('',(4.6716,-1.5,9.5));
#1451=LINE('',#1450,#1449);
#1452=EDGE_CURVE('',#1434,#1438,#1451,.T.);
#1453=ORIENTED_EDGE('',*,*,#1452,.T.);
#1454=VECTOR('',#16,5.6569);
#1455=CARTESIAN_POINT('',(4.6716,-0.5,9.5));
#1456=LINE('',#1455,#1454);
#1457=EDGE_CURVE('',#1438,#1440,#1456,.T.);
#1458=ORIENTED_EDGE('',*,*,#1457,.T.);
#1459=VECTOR('',#34,1.);
#1460=CARTESIAN_POINT('',(10.3284,-1.5,9.5));
#1461=LINE('',#1460,#1459);
#1462=EDGE_CURVE('',#1436,#1440,#1461,.T.);
#1463=ORIENTED_EDGE('',*,*,#1462,.F.);
#1464=VECTOR('',#16,5.6569);
#1465=CARTESIAN_POINT('',(4.6716,-1.5,9.5));
#1466=LINE('',#1465,#1464);
#1467=EDGE_CURVE('',#1434,#1436,#1466,.T.);
#1468=ORIENTED_EDGE('',*,*,#1467,.F.);
#1469=EDGE_LOOP('',(#1453,#1458,#1463,#1468));
#1470=FACE_OUTER_BOUND('',#1469,.T.);
#1471=CARTESIAN_POINT('',(4.6716,-1.5,9.5));
#1472=AXIS2_PLACEMENT_3D('',#1471,#58,#16);
#1473=PLANE('',#1472);
#1474=ADVANCED_FACE('',(#1470),#1473,.T.);
#1475=VECTOR('',#16,5.6569);
#1476=CARTESIAN_POINT('',(4.6716,-1.5,17.));
#1477=LINE('',#1476,#1475);
#1478=EDGE_CURVE('',#1442,#1444,#1477,.T.);
#1479=ORIENTED_EDGE('',*,*,#1478,.T.);
#1480=VECTOR('',#34,1.);
#1481=CARTESIAN_POINT('',(10.3284,-1.5,17.));
#1482=LINE('',#1481,#1480);
#1483=EDGE_CURVE('',#1444,#1448,#1482,.T.);
#1484=ORIENTED_EDGE('',*,*,#1483,.T.);
#1485=VECTOR('',#16,5.6569);
#1486=CARTESIAN_POINT('',(4.6716,-0.5,17.));
#1487=LINE('',#1486,#1485);
#1488=EDGE_CURVE('',#1446,#1448,#1487,.T.);
#1489=ORIENTED_EDGE('',*,*,#1488,.F.);
#1490=VECTOR('',#34,1.);
#1491=CARTESIAN_POINT('',(4.6716,-1.5,17.));
#1492=LINE('',#1491,#1490);
#1493=EDGE_CURVE('',#1442,#1446,#1492,.T.);
#1494=ORIENTED_EDGE('',*,*,#1493,.F.);
#1495=EDGE_LOOP('',(#1479,#1484,#1489,#1494));
#1496=FACE_OUTER_BOUND('',#1495,.T.);
#1497=CARTESIAN_POINT('',(4.6716,-1.5,17.));
#1498=AXIS2_PLACEMENT_3D('',#1497,#15,#16);
#1499=PLANE('',#1498);
#1500=ADVANCED_FACE('',(#1496),#1499,.T.);
#1501=ORIENTED_EDGE('',*,*,#1467,.T.);
#1502=VECTOR('',#15,7.5);
#1503=CARTESIAN_POINT('',(10.3284,-1.5,9.5));
#1504=LINE('',#1503,#1502);
#1505=EDGE_CURVE('',#1436,#1444,#1504,.T.);
#1506=ORIENTED_EDGE('',*,*,#1505,.T.);
#1507=ORIENTED_EDGE('',*,*,#1478,.F.);
#1508=VECTOR('',#15,7.5);
#1509=CARTESIAN_POINT('',(4.6716,-1.5,9.5));
#1510=LINE('',#1509,#1508);
#1511=EDGE_CURVE('',#1434,#1442,#1510,.T.);
#1512=ORIENTED_EDGE('',*,*,#1511,.F.);
#1513=EDGE_LOOP('',(#1501,#1506,#1507,#1512));
#1514=FACE_OUTER_BOUND('',#1513,.T.);
#1515=CARTESIAN_POINT('',(4.6716,-1.5,9.5));
#1516=AXIS2_PLACEMENT_3D('',#1515,#103,#16);
#1517=PLANE('',#1516);
#1518=ADVANCED_FACE('',(#1514),#1517,.T.);
#1519=VECTOR('',#15,7.5);
#1520=CARTESIAN_POINT('',(4.6716,-0.5,9.5));
#1521=LINE('',#1520,#1519);
#1522=EDGE_CURVE('',#1438,#1446,#1521,.T.);
#1523=ORIENTED_EDGE('',*,*,#1522,.T.);
#1524=ORIENTED_EDGE('',*,*,#1488,.T.);
#1525=VECTOR('',#15,7.5);
#1526=CARTESIAN_POINT('',(10.3284,-0.5,9.5));
#1527=LINE('',#1526,#1525);
#1528=EDGE_CURVE('',#1440,#1448,#1527,.T.);
#1529=ORIENTED_EDGE('',*,*,#1528,.F.);
#1530=ORIENTED_EDGE('',*,*,#1457,.F.);
#1531=EDGE_LOOP('',(#1523,#1524,#1529,#1530));
#1532=FACE_OUTER_BOUND('',#1531,.T.);
#1533=CARTESIAN_POINT('',(4.6716,-0.5,9.5));
#1534=AXIS2_PLACEMENT_3D('',#1533,#34,#16);
#1535=PLANE('',#1534);
#1536=ADVANCED_FACE('',(#1532),#1535,.T.);
#1537=ORIENTED_EDGE('',*,*,#1511,.T.);
#1538=ORIENTED_EDGE('',*,*,#1493,.T.);
#1539=ORIENTED_EDGE('',*,*,#1522,.F.);
#1540=ORIENTED_EDGE('',*,*,#1452,.F.);
#1541=EDGE_LOOP('',(#1537,#1538,#1539,#1540));
#1542=FACE_OUTER_BOUND('',#1541,.T.);
#1543=CARTESIAN_POINT('',(4.6716,-1.5,9.5));
#1544=AXIS2_PLACEMENT_3D('',#1543,#132,#34);
#1545=PLANE('',#1544);
#1546=ADVANCED_FACE('',(#1542),#1545,.T.);
#1547=ORIENTED_EDGE('',*,*,#1462,.T.);
#1548=ORIENTED_EDGE('',*,*,#1528,.T.);
#1549=ORIENTED_EDGE('',*,*,#1483,.F.);
#1550=ORIENTED_EDGE('',*,*,#1505,.F.);
#1551=EDGE_LOOP('',(#1547,#1548,#1549,#1550));
#1552=FACE_OUTER_BOUND('',#1551,.T.);
#1553=CARTESIAN_POINT('',(10.3284,-1.5,9.5));
#1554=AXIS2_PLACEMENT_3D('',#1553,#16,#34);
#1555=PLANE('',#1554);
#1556=ADVANCED_FACE('',(#1552),#1555,.T.);
#1557=CLOSED_SHELL('',(#1474,#1500,#1518,#1536,#1546,#1556));
#1558=MANIFOLD_SOLID_BREP('Shaft_1',#1557);
#1559=STYLED_ITEM('color',(#288),#1558);
#1560=CARTESIAN_POINT('',(4.5,-2.5,9.5));
#1561=VERTEX_POINT('',#1560);
#1562=CARTESIAN_POINT('',(10.5,-2.5,9.5));
#1563=VERTEX_POINT('',#1562);
#1564=CARTESIAN_POINT('',(4.5,-1.5,9.5));
#1565=VERTEX_POINT('',#1564);
#1566=CARTESIAN_POINT('',(10.5,-1.5,9.5));
#1567=VERTEX_POINT('',#1566);
#1568=CARTESIAN_POINT('',(4.5,-2.5,17.));
#1569=VERTEX_POINT('',#1568);
#1570=CARTESIAN_POINT('',(10.5,-2.5,17.));
#1571=VERTEX_POINT('',#1570);
#1572=CARTESIAN_POINT('',(4.5,-1.5,17.));
#1573=VERTEX_POINT('',#1572);
#1574=CARTESIAN_POINT('',(10.5,-1.5,17.));
#1575=VERTEX_POINT('',#1574);
#1576=VECTOR('',#34,1.);
#1577=CARTESIAN_POINT('',(4.5,-2.5,9.5));
#1578=LINE('',#1577,#1576);
#1579=EDGE_CURVE('',#1561,#1565,#1578,.T.);
#1580=ORIENTED_EDGE('',*,*,#1579,.T.);
#1581=VECTOR('',#16,6.);
#1582=CARTESIAN_POINT('',(4.5,-1.5,9.5));
#1583=LINE('',#1582,#1581);
#1584=EDGE_CURVE('',#1565,#1567,#1583,.T.);
#1585=ORIENTED_EDGE('',*,*,#1584,.T.);
#1586=VECTOR('',#34,1.);
#1587=CARTESIAN_POINT('',(10.5,-2.5,9.5));
#1588=LINE('',#1587,#1586);
#1589=EDGE_CURVE('',#1563,#1567,#1588,.T.);
#1590=ORIENTED_EDGE('',*,*,#1589,.F.);
#1591=VECTOR('',#16,6.);
#1592=CARTESIAN_POINT('',(4.5,-2.5,9.5));
#1593=LINE('',#1592,#1591);
#1594=EDGE_CURVE('',#1561,#1563,#1593,.T.);
#1595=ORIENTED_EDGE('',*,*,#1594,.F.);
#1596=EDGE_LOOP('',(#1580,#1585,#1590,#1595));
#1597=FACE_OUTER_BOUND('',#1596,.T.);
#1598=CARTESIAN_POINT('',(4.5,-2.5,9.5));
#1599=AXIS2_PLACEMENT_3D('',#1598,#58,#16);
#1600=PLANE('',#1599);
#1601=ADVANCED_FACE('',(#1597),#1600,.T.);
#1602=VECTOR('',#16,6.);
#1603=CARTESIAN_POINT('',(4.5,-2.5,17.));
#1604=LINE('',#1603,#1602);
#1605=EDGE_CURVE('',#1569,#1571,#1604,.T.);
#1606=ORIENTED_EDGE('',*,*,#1605,.T.);
#1607=VECTOR('',#34,1.);
#1608=CARTESIAN_POINT('',(10.5,-2.5,17.));
#1609=LINE('',#1608,#1607);
#1610=EDGE_CURVE('',#1571,#1575,#1609,.T.);
#1611=ORIENTED_EDGE('',*,*,#1610,.T.);
#1612=VECTOR('',#16,6.);
#1613=CARTESIAN_POINT('',(4.5,-1.5,17.));
#1614=LINE('',#1613,#1612);
#1615=EDGE_CURVE('',#1573,#1575,#1614,.T.);
#1616=ORIENTED_EDGE('',*,*,#1615,.F.);
#1617=VECTOR('',#34,1.);
#1618=CARTESIAN_POINT('',(4.5,-2.5,17.));
#1619=LINE('',#1618,#1617);
#1620=EDGE_CURVE('',#1569,#1573,#1619,.T.);
#1621=ORIENTED_EDGE('',*,*,#1620,.F.);
#1622=EDGE_LOOP('',(#1606,#1611,#1616,#1621));
#1623=FACE_OUTER_BOUND('',#1622,.T.);
#1624=CARTESIAN_POINT('',(4.5,-2.5,17.));
#1625=AXIS2_PLACEMENT_3D('',#1624,#15,#16);
#1626=PLANE('',#1625);
#1627=ADVANCED_FACE('',(#1623),#1626,.T.);
#1628=ORIENTED_EDGE('',*,*,#1594,.T.);
#1629=VECTOR('',#15,7.5);
#1630=CARTESIAN_POINT('',(10.5,-2.5,9.5));
#1631=LINE('',#1630,#1629);
#1632=EDGE_CURVE('',#1563,#1571,#1631,.T.);
#1633=ORIENTED_EDGE('',*,*,#1632,.T.);
#1634=ORIENTED_EDGE('',*,*,#1605,.F.);
#1635=VECTOR('',#15,7.5);
#1636=CARTESIAN_POINT('',(4.5,-2.5,9.5));
#1637=LINE('',#1636,#1635);
#1638=EDGE_CURVE('',#1561,#1569,#1637,.T.);
#1639=ORIENTED_EDGE('',*,*,#1638,.F.);
#1640=EDGE_LOOP('',(#1628,#1633,#1634,#1639));
#1641=FACE_OUTER_BOUND('',#1640,.T.);
#1642=CARTESIAN_POINT('',(4.5,-2.5,9.5));
#1643=AXIS2_PLACEMENT_3D('',#1642,#103,#16);
#1644=PLANE('',#1643);
#1645=ADVANCED_FACE('',(#1641),#1644,.T.);
#1646=VECTOR('',#15,7.5);
#1647=CARTESIAN_POINT('',(4.5,-1.5,9.5));
#1648=LINE('',#1647,#1646);
#1649=EDGE_CURVE('',#1565,#1573,#1648,.T.);
#1650=ORIENTED_EDGE('',*,*,#1649,.T.);
#1651=ORIENTED_EDGE('',*,*,#1615,.T.);
#1652=VECTOR('',#15,7.5);
#1653=CARTESIAN_POINT('',(10.5,-1.5,9.5));
#1654=LINE('',#1653,#1652);
#1655=EDGE_CURVE('',#1567,#1575,#1654,.T.);
#1656=ORIENTED_EDGE('',*,*,#1655,.F.);
#1657=ORIENTED_EDGE('',*,*,#1584,.F.);
#1658=EDGE_LOOP('',(#1650,#1651,#1656,#1657));
#1659=FACE_OUTER_BOUND('',#1658,.T.);
#1660=CARTESIAN_POINT('',(4.5,-1.5,9.5));
#1661=AXIS2_PLACEMENT_3D('',#1660,#34,#16);
#1662=PLANE('',#1661);
#1663=ADVANCED_FACE('',(#1659),#1662,.T.);
#1664=ORIENTED_EDGE('',*,*,#1638,.T.);
#1665=ORIENTED_EDGE('',*,*,#1620,.T.);
#1666=ORIENTED_EDGE('',*,*,#1649,.F.);
#1667=ORIENTED_EDGE('',*,*,#1579,.F.);
#1668=EDGE_LOOP('',(#1664,#1665,#1666,#1667));
#1669=FACE_OUTER_BOUND('',#1668,.T.);
#1670=CARTESIAN_POINT('',(4.5,-2.5,9.5));
#1671=AXIS2_PLACEMENT_3D('',#1670,#132,#34);
#1672=PLANE('',#1671);
#1673=ADVANCED_FACE('',(#1669),#1672,.T.);
#1674=ORIENTED_EDGE('',*,*,#1589,.T.);
#1675=ORIENTED_EDGE('',*,*,#1655,.T.);
#1676=ORIENTED_EDGE('',*,*,#1610,.F.);
#1677=ORIENTED_EDGE('',*,*,#1632,.F.);
#1678=EDGE_LOOP('',(#1674,#1675,#1676,#1677));
#1679=FACE_OUTER_BOUND('',#1678,.T.);
#1680=CARTESIAN_POINT('',(10.5,-2.5,9.5));
#1681=AXIS2_PLACEMENT_3D('',#1680,#16,#34);
#1682=PLANE('',#1681);
#1683=ADVANCED_FACE('',(#1679),#1682,.T.);
#1684=CLOSED_SHELL('',(#1601,#1627,#1645,#1663,#1673,#1683));
#1685=MANIFOLD_SOLID_BREP('Shaft_2',#1684);
#1686=STYLED_ITEM('color',(#288),#1685);
#1687=CARTESIAN_POINT('',(4.5,-3.5,9.5));
#1688=VERTEX_POINT('',#1687);
#1689=CARTESIAN_POINT('',(10.5,-3.5,9.5));
#1690=VERTEX_POINT('',#1689);
#1691=CARTESIAN_POINT('',(4.5,-2.5,9.5));
#1692=VERTEX_POINT('',#1691);
#1693=CARTESIAN_POINT('',(10.5,-2.5,9.5));
#1694=VERTEX_POINT('',#1693);
#1695=CARTESIAN_POINT('',(4.5,-3.5,17.));
#1696=VERTEX_POINT('',#1695);
#1697=CARTESIAN_POINT('',(10.5,-3.5,17.));
#1698=VERTEX_POINT('',#1697);
#1699=CARTESIAN_POINT('',(4.5,-2.5,17.));
#1700=VERTEX_POINT('',#1699);
#1701=CARTESIAN_POINT('',(10.5,-2.5,17.));
#1702=VERTEX_POINT('',#1701);
#1703=VECTOR('',#34,1.);
#1704=CARTESIAN_POINT('',(4.5,-3.5,9.5));
#1705=LINE('',#1704,#1703);
#1706=EDGE_CURVE('',#1688,#1692,#1705,.T.);
#1707=ORIENTED_EDGE('',*,*,#1706,.T.);
#1708=VECTOR('',#16,6.);
#1709=CARTESIAN_POINT('',(4.5,-2.5,9.5));
#1710=LINE('',#1709,#1708);
#1711=EDGE_CURVE('',#1692,#1694,#1710,.T.);
#1712=ORIENTED_EDGE('',*,*,#1711,.T.);
#1713=VECTOR('',#34,1.);
#1714=CARTESIAN_POINT('',(10.5,-3.5,9.5));
#1715=LINE('',#1714,#1713);
#1716=EDGE_CURVE('',#1690,#1694,#1715,.T.);
#1717=ORIENTED_EDGE('',*,*,#1716,.F.);
#1718=VECTOR('',#16,6.);
#1719=CARTESIAN_POINT('',(4.5,-3.5,9.5));
#1720=LINE('',#1719,#1718);
#1721=EDGE_CURVE('',#1688,#1690,#1720,.T.);
#1722=ORIENTED_EDGE('',*,*,#1721,.F.);
#1723=EDGE_LOOP('',(#1707,#1712,#1717,#1722));
#1724=FACE_OUTER_BOUND('',#1723,.T.);
#1725=CARTESIAN_POINT('',(4.5,-3.5,9.5));
#1726=AXIS2_PLACEMENT_3D('',#1725,#58,#16);
#1727=PLANE('',#1726);
#1728=ADVANCED_FACE('',(#1724),#1727,.T.);
#1729=VECTOR('',#16,6.);
#1730=CARTESIAN_POINT('',(4.5,-3.5,17.));
#1731=LINE('',#1730,#1729);
#1732=EDGE_CURVE('',#1696,#1698,#1731,.T.);
#1733=ORIENTED_EDGE('',*,*,#1732,.T.);
#1734=VECTOR('',#34,1.);
#1735=CARTESIAN_POINT('',(10.5,-3.5,17.));
#1736=LINE('',#1735,#1734);
#1737=EDGE_CURVE('',#1698,#1702,#1736,.T.);
#1738=ORIENTED_EDGE('',*,*,#1737,.T.);
#1739=VECTOR('',#16,6.);
#1740=CARTESIAN_POINT('',(4.5,-2.5,17.));
#1741=LINE('',#1740,#1739);
#1742=EDGE_CURVE('',#1700,#1702,#1741,.T.);
#1743=ORIENTED_EDGE('',*,*,#1742,.F.);
#1744=VECTOR('',#34,1.);
#1745=CARTESIAN_POINT('',(4.5,-3.5,17.));
#1746=LINE('',#1745,#1744);
#1747=EDGE_CURVE('',#1696,#1700,#1746,.T.);
#1748=ORIENTED_EDGE('',*,*,#1747,.F.);
#1749=EDGE_LOOP('',(#1733,#1738,#1743,#1748));
#1750=FACE_OUTER_BOUND('',#1749,.T.);
#1751=CARTESIAN_POINT('',(4.5,-3.5,17.));
#1752=AXIS2_PLACEMENT_3D('',#1751,#15,#16);
#1753=PLANE('',#1752);
#1754=ADVANCED_FACE('',(#1750),#1753,.T.);
#1755=ORIENTED_EDGE('',*,*,#1721,.T.);
#1756=VECTOR('',#15,7.5);
#1757=CARTESIAN_POINT('',(10.5,-3.5,9.5));
#1758=LINE('',#1757,#1756);
#1759=EDGE_CURVE('',#1690,#1698,#1758,.T.);
#1760=ORIENTED_EDGE('',*,*,#1759,.T.);
#1761=ORIENTED_EDGE('',*,*,#1732,.F.);
#1762=VECTOR('',#15,7.5);
#1763=CARTESIAN_POINT('',(4.5,-3.5,9.5));
#1764=LINE('',#1763,#1762);
#1765=EDGE_CURVE('',#1688,#1696,#1764,.T.);
#1766=ORIENTED_EDGE('',*,*,#1765,.F.);
#1767=EDGE_LOOP('',(#1755,#1760,#1761,#1766));
#1768=FACE_OUTER_BOUND('',#1767,.T.);
#1769=CARTESIAN_POINT('',(4.5,-3.5,9.5));
#1770=AXIS2_PLACEMENT_3D('',#1769,#103,#16);
#1771=PLANE('',#1770);
#1772=ADVANCED_FACE('',(#1768),#1771,.T.);
#1773=VECTOR('',#15,7.5);
#1774=CARTESIAN_POINT('',(4.5,-2.5,9.5));
#1775=LINE('',#1774,#1773);
#1776=EDGE_CURVE('',#1692,#1700,#1775,.T.);
#1777=ORIENTED_EDGE('',*,*,#1776,.T.);
#1778=ORIENTED_EDGE('',*,*,#1742,.T.);
#1779=VECTOR('',#15,7.5);
#1780=CARTESIAN_POINT('',(10.5,-2.5,9.5));
#1781=LINE('',#1780,#1779);
#1782=EDGE_CURVE('',#1694,#1702,#1781,.T.);
#1783=ORIENTED_EDGE('',*,*,#1782,.F.);
#1784=ORIENTED_EDGE('',*,*,#1711,.F.);
#1785=EDGE_LOOP('',(#1777,#1778,#1783,#1784));
#1786=FACE_OUTER_BOUND('',#1785,.T.);
#1787=CARTESIAN_POINT('',(4.5,-2.5,9.5));
#1788=AXIS2_PLACEMENT_3D('',#1787,#34,#16);
#1789=PLANE('',#1788);
#1790=ADVANCED_FACE('',(#1786),#1789,.T.);
#1791=ORIENTED_EDGE('',*,*,#1765,.T.);
#1792=ORIENTED_EDGE('',*,*,#1747,.T.);
#1793=ORIENTED_EDGE('',*,*,#1776,.F.);
#1794=ORIENTED_EDGE('',*,*,#1706,.F.);
#1795=EDGE_LOOP('',(#1791,#1792,#1793,#1794));
#1796=FACE_OUTER_BOUND('',#1795,.T.);
#1797=CARTESIAN_POINT('',(4.5,-3.5,9.5));
#1798=AXIS2_PLACEMENT_3D('',#1797,#132,#34);
#1799=PLANE('',#1798);
#1800=ADVANCED_FACE('',(#1796),#1799,.T.);
#1801=ORIENTED_EDGE('',*,*,#1716,.T.);
#1802=ORIENTED_EDGE('',*,*,#1782,.T.);
#1803=ORIENTED_EDGE('',*,*,#1737,.F.);
#1804=ORIENTED_EDGE('',*,*,#1759,.F.);
#1805=EDGE_LOOP('',(#1801,#1802,#1803,#1804));
#1806=FACE_OUTER_BOUND('',#1805,.T.);
#1807=CARTESIAN_POINT('',(10.5,-3.5,9.5));
#1808=AXIS2_PLACEMENT_3D('',#1807,#16,#34);
#1809=PLANE('',#1808);
#1810=ADVANCED_FACE('',(#1806),#1809,.T.);
#1811=CLOSED_SHELL('',(#1728,#1754,#1772,#1790,#1800,#1810));
#1812=MANIFOLD_SOLID_BREP('Shaft_3',#1811);
#1813=STYLED_ITEM('color',(#288),#1812);
#1814=CARTESIAN_POINT('',(4.6716,-4.5,9.5));
#1815=VERTEX_POINT('',#1814);
#1816=CARTESIAN_POINT('',(10.3284,-4.5,9.5));
#1817=VERTEX_POINT('',#1816);
#1818=CARTESIAN_POINT('',(4.6716,-3.5,9.5));
#1819=VERTEX_POINT('',#1818);
#1820=CARTESIAN_POINT('',(10.3284,-3.5,9.5));
#1821=VERTEX_POINT('',#1820);
#1822=CARTESIAN_POINT('',(4.6716,-4.5,17.));
#1823=VERTEX_POINT('',#1822);
#1824=CARTESIAN_POINT('',(10.3284,-4.5,17.));
#1825=VERTEX_POINT('',#1824);
#1826=CARTESIAN_POINT('',(4.6716,-3.5,17.));
#1827=VERTEX_POINT('',#1826);
#1828=CARTESIAN_POINT('',(10.3284,-3.5,17.));
#1829=VERTEX_POINT('',#1828);
#1830=VECTOR('',#34,1.);
#1831=CARTESIAN_POINT('',(4.6716,-4.5,9.5));
#1832=LINE('',#1831,#1830);
#1833=EDGE_CURVE('',#1815,#1819,#1832,.T.);
#1834=ORIENTED_EDGE('',*,*,#1833,.T.);
#1835=VECTOR('',#16,5.6569);
#1836=CARTESIAN_POINT('',(4.6716,-3.5,9.5));
#1837=LINE('',#1836,#1835);
#1838=EDGE_CURVE('',#1819,#1821,#1837,.T.);
#1839=ORIENTED_EDGE('',*,*,#1838,.T.);
#1840=VECTOR('',#34,1.);
#1841=CARTESIAN_POINT('',(10.3284,-4.5,9.5));
#1842=LINE('',#1841,#1840);
#1843=EDGE_CURVE('',#1817,#1821,#1842,.T.);
#1844=ORIENTED_EDGE('',*,*,#1843,.F.);
#1845=VECTOR('',#16,5.6569);
#1846=CARTESIAN_POINT('',(4.6716,-4.5,9.5));
#1847=LINE('',#1846,#1845);
#1848=EDGE_CURVE('',#1815,#1817,#1847,.T.);
#1849=ORIENTED_EDGE('',*,*,#1848,.F.);
#1850=EDGE_LOOP('',(#1834,#1839,#1844,#1849));
#1851=FACE_OUTER_BOUND('',#1850,.T.);
#1852=CARTESIAN_POINT('',(4.6716,-4.5,9.5));
#1853=AXIS2_PLACEMENT_3D('',#1852,#58,#16);
#1854=PLANE('',#1853);
#1855=ADVANCED_FACE('',(#1851),#1854,.T.);
#1856=VECTOR('',#16,5.6569);
#1857=CARTESIAN_POINT('',(4.6716,-4.5,17.));
#1858=LINE('',#1857,#1856);
#1859=EDGE_CURVE('',#1823,#1825,#1858,.T.);
#1860=ORIENTED_EDGE('',*,*,#1859,.T.);
#1861=VECTOR('',#34,1.);
#1862=CARTESIAN_POINT('',(10.3284,-4.5,17.));
#1863=LINE('',#1862,#1861);
#1864=EDGE_CURVE('',#1825,#1829,#1863,.T.);
#1865=ORIENTED_EDGE('',*,*,#1864,.T.);
#1866=VECTOR('',#16,5.6569);
#1867=CARTESIAN_POINT('',(4.6716,-3.5,17.));
#1868=LINE('',#1867,#1866);
#1869=EDGE_CURVE('',#1827,#1829,#1868,.T.);
#1870=ORIENTED_EDGE('',*,*,#1869,.F.);
#1871=VECTOR('',#34,1.);
#1872=CARTESIAN_POINT('',(4.6716,-4.5,17.));
#1873=LINE('',#1872,#1871);
#1874=EDGE_CURVE('',#1823,#1827,#1873,.T.);
#1875=ORIENTED_EDGE('',*,*,#1874,.F.);
#1876=EDGE_LOOP('',(#1860,#1865,#1870,#1875));
#1877=FACE_OUTER_BOUND('',#1876,.T.);
#1878=CARTESIAN_POINT('',(4.6716,-4.5,17.));
#1879=AXIS2_PLACEMENT_3D('',#1878,#15,#16);
#1880=PLANE('',#1879);
#1881=ADVANCED_FACE('',(#1877),#1880,.T.);
#1882=ORIENTED_EDGE('',*,*,#1848,.T.);
#1883=VECTOR('',#15,7.5);
#1884=CARTESIAN_POINT('',(10.3284,-4.5,9.5));
#1885=LINE('',#1884,#1883);
#1886=EDGE_CURVE('',#1817,#1825,#1885,.T.);
#1887=ORIENTED_EDGE('',*,*,#1886,.T.);
#1888=ORIENTED_EDGE('',*,*,#1859,.F.);
#1889=VECTOR('',#15,7.5);
#1890=CARTESIAN_POINT('',(4.6716,-4.5,9.5));
#1891=LINE('',#1890,#1889);
#1892=EDGE_CURVE('',#1815,#1823,#1891,.T.);
#1893=ORIENTED_EDGE('',*,*,#1892,.F.);
#1894=EDGE_LOOP('',(#1882,#1887,#1888,#1893));
#1895=FACE_OUTER_BOUND('',#1894,.T.);
#1896=CARTESIAN_POINT('',(4.6716,-4.5,9.5));
#1897=AXIS2_PLACEMENT_3D('',#1896,#103,#16);
#1898=PLANE('',#1897);
#1899=ADVANCED_FACE('',(#1895),#1898,.T.);
#1900=VECTOR('',#15,7.5);
#1901=CARTESIAN_POINT('',(4.6716,-3.5,9.5));
#1902=LINE('',#1901,#1900);
#1903=EDGE_CURVE('',#1819,#1827,#1902,.T.);
#1904=ORIENTED_EDGE('',*,*,#1903,.T.);
#1905=ORIENTED_EDGE('',*,*,#1869,.T.);
#1906=VECTOR('',#15,7.5);
#1907=CARTESIAN_POINT('',(10.3284,-3.5,9.5));
#1908=LINE('',#1907,#1906);
#1909=EDGE_CURVE('',#1821,#1829,#1908,.T.);
#1910=ORIENTED_EDGE('',*,*,#1909,.F.);
#1911=ORIENTED_EDGE('',*,*,#1838,.F.);
#1912=EDGE_LOOP('',(#1904,#1905,#1910,#1911));
#1913=FACE_OUTER_BOUND('',#1912,.T.);
#1914=CARTESIAN_POINT('',(4.6716,-3.5,9.5));
#1915=AXIS2_PLACEMENT_3D('',#1914,#34,#16);
#1916=PLANE('',#1915);
#1917=ADVANCED_FACE('',(#1913),#1916,.T.);
#1918=ORIENTED_EDGE('',*,*,#1892,.T.);
#1919=ORIENTED_EDGE('',*,*,#1874,.T.);
#1920=ORIENTED_EDGE('',*,*,#1903,.F.);
#1921=ORIENTED_EDGE('',*,*,#1833,.F.);
#1922=EDGE_LOOP('',(#1918,#1919,#1920,#1921));
#1923=FACE_OUTER_BOUND('',#1922,.T.);
#1924=CARTESIAN_POINT('',(4.6716,-4.5,9.5));
#1925=AXIS2_PLACEMENT_3D('',#1924,#132,#34);
#1926=PLANE('',#1925);
#1927=ADVANCED_FACE('',(#1923),#1926,.T.);
#1928=ORIENTED_EDGE('',*,*,#1843,.T.);
#1929=ORIENTED_EDGE('',*,*,#1909,.T.);
#1930=ORIENTED_EDGE('',*,*,#1864,.F.);
#1931=ORIENTED_EDGE('',*,*,#1886,.F.);
#1932=EDGE_LOOP('',(#1928,#1929,#1930,#1931));
#1933=FACE_OUTER_BOUND('',#1932,.T.);
#1934=CARTESIAN_POINT('',(10.3284,-4.5,9.5));
#1935=AXIS2_PLACEMENT_3D('',#1934,#16,#34);
#1936=PLANE('',#1935);
#1937=ADVANCED_FACE('',(#1933),#1936,.T.);
#1938=CLOSED_SHELL('',(#1855,#1881,#1899,#1917,#1927,#1937));
#1939=MANIFOLD_SOLID_BREP('Shaft_4',#1938);
#1940=STYLED_ITEM('color',(#288),#1939);
#1941=CARTESIAN_POINT('',(5.2639,-5.5,9.5));
#1942=VERTEX_POINT('',#1941);
#1943=CARTESIAN_POINT('',(9.7361,-5.5,9.5));
#1944=VERTEX_POINT('',#1943);
#1945=CARTESIAN_POINT('',(5.2639,-4.5,9.5));
#1946=VERTEX_POINT('',#1945);
#1947=CARTESIAN_POINT('',(9.7361,-4.5,9.5));
#1948=VERTEX_POINT('',#1947);
#1949=CARTESIAN_POINT('',(5.2639,-5.5,17.));
#1950=VERTEX_POINT('',#1949);
#1951=CARTESIAN_POINT('',(9.7361,-5.5,17.));
#1952=VERTEX_POINT('',#1951);
#1953=CARTESIAN_POINT('',(5.2639,-4.5,17.));
#1954=VERTEX_POINT('',#1953);
#1955=CARTESIAN_POINT('',(9.7361,-4.5,17.));
#1956=VERTEX_POINT('',#1955);
#1957=VECTOR('',#34,1.);
#1958=CARTESIAN_POINT('',(5.2639,-5.5,9.5));
#1959=LINE('',#1958,#1957);
#1960=EDGE_CURVE('',#1942,#1946,#1959,.T.);
#1961=ORIENTED_EDGE('',*,*,#1960,.T.);
#1962=VECTOR('',#16,4.4721);
#1963=CARTESIAN_POINT('',(5.2639,-4.5,9.5));
#1964=LINE('',#1963,#1962);
#1965=EDGE_CURVE('',#1946,#1948,#1964,.T.);
#1966=ORIENTED_EDGE('',*,*,#1965,.T.);
#1967=VECTOR('',#34,1.);
#1968=CARTESIAN_POINT('',(9.7361,-5.5,9.5));
#1969=LINE('',#1968,#1967);
#1970=EDGE_CURVE('',#1944,#1948,#1969,.T.);
#1971=ORIENTED_EDGE('',*,*,#1970,.F.);
#1972=VECTOR('',#16,4.4721);
#1973=CARTESIAN_POINT('',(5.2639,-5.5,9.5));
#1974=LINE('',#1973,#1972);
#1975=EDGE_CURVE('',#1942,#1944,#1974,.T.);
#1976=ORIENTED_EDGE('',*,*,#1975,.F.);
#1977=EDGE_LOOP('',(#1961,#1966,#1971,#1976));
#1978=FACE_OUTER_BOUND('',#1977,.T.);
#1979=CARTESIAN_POINT('',(5.2639,-5.5,9.5));
#1980=AXIS2_PLACEMENT_3D('',#1979,#58,#16);
#1981=PLANE('',#1980);
#1982=ADVANCED_FACE('',(#1978),#1981,.T.);
#1983=VECTOR('',#16,4.4721);
#1984=CARTESIAN_POINT('',(5.2639,-5.5,17.));
#1985=LINE('',#1984,#1983);
#1986=EDGE_CURVE('',#1950,#1952,#1985,.T.);
#1987=ORIENTED_EDGE('',*,*,#1986,.T.);
#1988=VECTOR('',#34,1.);
#1989=CARTESIAN_POINT('',(9.7361,-5.5,17.));
#1990=LINE('',#1989,#1988);
#1991=EDGE_CURVE('',#1952,#1956,#1990,.T.);
#1992=ORIENTED_EDGE('',*,*,#1991,.T.);
#1993=VECTOR('',#16,4.4721);
#1994=CARTESIAN_POINT('',(5.2639,-4.5,17.));
#1995=LINE('',#1994,#1993);
#1996=EDGE_CURVE('',#1954,#1956,#1995,.T.);
#1997=ORIENTED_EDGE('',*,*,#1996,.F.);
#1998=VECTOR('',#34,1.);
#1999=CARTESIAN_POINT('',(5.2639,-5.5,17.));
#2000=LINE('',#1999,#1998);
#2001=EDGE_CURVE('',#1950,#1954,#2000,.T.);
#2002=ORIENTED_EDGE('',*,*,#2001,.F.);
#2003=EDGE_LOOP('',(#1987,#1992,#1997,#2002));
#2004=FACE_OUTER_BOUND('',#2003,.T.);
#2005=CARTESIAN_POINT('',(5.2639,-5.5,17.));
#2006=AXIS2_PLACEMENT_3D('',#2005,#15,#16);
#2007=PLANE('',#2006);
#2008=ADVANCED_FACE('',(#2004),#2007,.T.);
#2009=ORIENTED_EDGE('',*,*,#1975,.T.);
#2010=VECTOR('',#15,7.5);
#2011=CARTESIAN_POINT('',(9.7361,-5.5,9.5));
#2012=LINE('',#2011,#2010);
#2013=EDGE_CURVE('',#1944,#1952,#2012,.T.);
#2014=ORIENTED_EDGE('',*,*,#2013,.T.);
#2015=ORIENTED_EDGE('',*,*,#1986,.F.);
#2016=VECTOR('',#15,7.5);
#2017=CARTESIAN_POINT('',(5.2639,-5.5,9.5));
#2018=LINE('',#2017,#2016);
#2019=EDGE_CURVE('',#1942,#1950,#2018,.T.);
#2020=ORIENTED_EDGE('',*,*,#2019,.F.);
#2021=EDGE_LOOP('',(#2009,#2014,#2015,#2020));
#2022=FACE_OUTER_BOUND('',#2021,.T.);
#2023=CARTESIAN_POINT('',(5.2639,-5.5,9.5));
#2024=AXIS2_PLACEMENT_3D('',#2023,#103,#16);
#2025=PLANE('',#2024);
#2026=ADVANCED_FACE('',(#2022),#2025,.T.);
#2027=VECTOR('',#15,7.5);
#2028=CARTESIAN_POINT('',(5.2639,-4.5,9.5));
#2029=LINE('',#2028,#2027);
#2030=EDGE_CURVE('',#1946,#1954,#2029,.T.);
#2031=ORIENTED_EDGE('',*,*,#2030,.T.);
#2032=ORIENTED_EDGE('',*,*,#1996,.T.);
#2033=VECTOR('',#15,7.5);
#2034=CARTESIAN_POINT('',(9.7361,-4.5,9.5));
#2035=LINE('',#2034,#2033);
#2036=EDGE_CURVE('',#1948,#1956,#2035,.T.);
#2037=ORIENTED_EDGE('',*,*,#2036,.F.);
#2038=ORIENTED_EDGE('',*,*,#1965,.F.);
#2039=EDGE_LOOP('',(#2031,#2032,#2037,#2038));
#2040=FACE_OUTER_BOUND('',#2039,.T.);
#2041=CARTESIAN_POINT('',(5.2639,-4.5,9.5));
#2042=AXIS2_PLACEMENT_3D('',#2041,#34,#16);
#2043=PLANE('',#2042);
#2044=ADVANCED_FACE('',(#2040),#2043,.T.);
#2045=ORIENTED_EDGE('',*,*,#2019,.T.);
#2046=ORIENTED_EDGE('',*,*,#2001,.T.);
#2047=ORIENTED_EDGE('',*,*,#2030,.F.);
#2048=ORIENTED_EDGE('',*,*,#1960,.F.);
#2049=EDGE_LOOP('',(#2045,#2046,#2047,#2048));
#2050=FACE_OUTER_BOUND('',#2049,.T.);
#2051=CARTESIAN_POINT('',(5.2639,-5.5,9.5));
#2052=AXIS2_PLACEMENT_3D('',#2051,#132,#34);
#2053=PLANE('',#2052);
#2054=ADVANCED_FACE('',(#2050),#2053,.T.);
#2055=ORIENTED_EDGE('',*,*,#1970,.T.);
#2056=ORIENTED_EDGE('',*,*,#2036,.T.);
#2057=ORIENTED_EDGE('',*,*,#1991,.F.);
#2058=ORIENTED_EDGE('',*,*,#2013,.F.);
#2059=EDGE_LOOP('',(#2055,#2056,#2057,#2058));
#2060=FACE_OUTER_BOUND('',#2059,.T.);
#2061=CARTESIAN_POINT('',(9.7361,-5.5,9.5));
#2062=AXIS2_PLACEMENT_3D('',#2061,#16,#34);
#2063=PLANE('',#2062);
#2064=ADVANCED_FACE('',(#2060),#2063,.T.);
#2065=CLOSED_SHELL('',(#1982,#2008,#2026,#2044,#2054,#2064));
#2066=MANIFOLD_SOLID_BREP('Shaft_5',#2065);
#2067=STYLED_ITEM('color',(#288),#2066);
#2068=CARTESIAN_POINT('',(-0.4,-0.15,-3.5));
#2069=VERTEX_POINT('',#2068);
#2070=CARTESIAN_POINT('',(0.4,-0.15,-3.5));
#2071=VERTEX_POINT('',#2070);
#2072=CARTESIAN_POINT('',(-0.4,0.15,-3.5));
#2073=VERTEX_POINT('',#2072);
#2074=CARTESIAN_POINT('',(0.4,0.15,-3.5));
#2075=VERTEX_POINT('',#2074);
#2076=CARTESIAN_POINT('',(-0.4,-0.15,1.));
#2077=VERTEX_POINT('',#2076);
#2078=CARTESIAN_POINT('',(0.4,-0.15,1.));
#2079=VERTEX_POINT('',#2078);
#2080=CARTESIAN_POINT('',(-0.4,0.15,1.));
#2081=VERTEX_POINT('',#2080);
#2082=CARTESIAN_POINT('',(0.4,0.15,1.));
#2083=VERTEX_POINT('',#2082);
#2084=VECTOR('',#34,0.3);
#2085=CARTESIAN_POINT('',(-0.4,-0.15,-3.5));
#2086=LINE('',#2085,#2084);
#2087=EDGE_CURVE('',#2069,#2073,#2086,.T.);
#2088=ORIENTED_EDGE('',*,*,#2087,.T.);
#2089=VECTOR('',#16,0.8);
#2090=CARTESIAN_POINT('',(-0.4,0.15,-3.5));
#2091=LINE('',#2090,#2089);
#2092=EDGE_CURVE('',#2073,#2075,#2091,.T.);
#2093=ORIENTED_EDGE('',*,*,#2092,.T.);
#2094=VECTOR('',#34,0.3);
#2095=CARTESIAN_POINT('',(0.4,-0.15,-3.5));
#2096=LINE('',#2095,#2094);
#2097=EDGE_CURVE('',#2071,#2075,#2096,.T.);
#2098=ORIENTED_EDGE('',*,*,#2097,.F.);
#2099=VECTOR('',#16,0.8);
#2100=CARTESIAN_POINT('',(-0.4,-0.15,-3.5));
#2101=LINE('',#2100,#2099);
#2102=EDGE_CURVE('',#2069,#2071,#2101,.T.);
#2103=ORIENTED_EDGE('',*,*,#2102,.F.);
#2104=EDGE_LOOP('',(#2088,#2093,#2098,#2103));
#2105=FACE_OUTER_BOUND('',#2104,.T.);
#2106=CARTESIAN_POINT('',(-0.4,-0.15,-3.5));
#2107=AXIS2_PLACEMENT_3D('',#2106,#58,#16);
#2108=PLANE('',#2107);
#2109=ADVANCED_FACE('',(#2105),#2108,.T.);
#2110=VECTOR('',#16,0.8);
#2111=CARTESIAN_POINT('',(-0.4,-0.15,1.));
#2112=LINE('',#2111,#2110);
#2113=EDGE_CURVE('',#2077,#2079,#2112,.T.);
#2114=ORIENTED_EDGE('',*,*,#2113,.T.);
#2115=VECTOR('',#34,0.3);
#2116=CARTESIAN_POINT('',(0.4,-0.15,1.));
#2117=LINE('',#2116,#2115);
#2118=EDGE_CURVE('',#2079,#2083,#2117,.T.);
#2119=ORIENTED_EDGE('',*,*,#2118,.T.);
#2120=VECTOR('',#16,0.8);
#2121=CARTESIAN_POINT('',(-0.4,0.15,1.));
#2122=LINE('',#2121,#2120);
#2123=EDGE_CURVE('',#2081,#2083,#2122,.T.);
#2124=ORIENTED_EDGE('',*,*,#2123,.F.);
#2125=VECTOR('',#34,0.3);
#2126=CARTESIAN_POINT('',(-0.4,-0.15,1.));
#2127=LINE('',#2126,#2125);
#2128=EDGE_CURVE('',#2077,#2081,#2127,.T.);
#2129=ORIENTED_EDGE('',*,*,#2128,.F.);
#2130=EDGE_LOOP('',(#2114,#2119,#2124,#2129));
#2131=FACE_OUTER_BOUND('',#2130,.T.);
#2132=CARTESIAN_POINT('',(-0.4,-0.15,1.));
#2133=AXIS2_PLACEMENT_3D('',#2132,#15,#16);
#2134=PLANE('',#2133);
#2135=ADVANCED_FACE('',(#2131),#2134,.T.);
#2136=ORIENTED_EDGE('',*,*,#2102,.T.);
#2137=VECTOR('',#15,4.5);
#2138=CARTESIAN_POINT('',(0.4,-0.15,-3.5));
#2139=LINE('',#2138,#2137);
#2140=EDGE_CURVE('',#2071,#2079,#2139,.T.);
#2141=ORIENTED_EDGE('',*,*,#2140,.T.);
#2142=ORIENTED_EDGE('',*,*,#2113,.F.);
#2143=VECTOR('',#15,4.5);
#2144=CARTESIAN_POINT('',(-0.4,-0.15,-3.5));
#2145=LINE('',#2144,#2143);
#2146=EDGE_CURVE('',#2069,#2077,#2145,.T.);
#2147=ORIENTED_EDGE('',*,*,#2146,.F.);
#2148=EDGE_LOOP('',(#2136,#2141,#2142,#2147));
#2149=FACE_OUTER_BOUND('',#2148,.T.);
#2150=CARTESIAN_POINT('',(-0.4,-0.15,-3.5));
#2151=AXIS2_PLACEMENT_3D('',#2150,#103,#16);
#2152=PLANE('',#2151);
#2153=ADVANCED_FACE('',(#2149),#2152,.T.);
#2154=VECTOR('',#15,4.5);
#2155=CARTESIAN_POINT('',(-0.4,0.15,-3.5));
#2156=LINE('',#2155,#2154);
#2157=EDGE_CURVE('',#2073,#2081,#2156,.T.);
#2158=ORIENTED_EDGE('',*,*,#2157,.T.);
#2159=ORIENTED_EDGE('',*,*,#2123,.T.);
#2160=VECTOR('',#15,4.5);
#2161=CARTESIAN_POINT('',(0.4,0.15,-3.5));
#2162=LINE('',#2161,#2160);
#2163=EDGE_CURVE('',#2075,#2083,#2162,.T.);
#2164=ORIENTED_EDGE('',*,*,#2163,.F.);
#2165=ORIENTED_EDGE('',*,*,#2092,.F.);
#2166=EDGE_LOOP('',(#2158,#2159,#2164,#2165));
#2167=FACE_OUTER_BOUND('',#2166,.T.);
#2168=CARTESIAN_POINT('',(-0.4,0.15,-3.5));
#2169=AXIS2_PLACEMENT_3D('',#2168,#34,#16);
#2170=PLANE('',#2169);
#2171=ADVANCED_FACE('',(#2167),#2170,.T.);
#2172=ORIENTED_EDGE('',*,*,#2146,.T.);
#2173=ORIENTED_EDGE('',*,*,#2128,.T.);
#2174=ORIENTED_EDGE('',*,*,#2157,.F.);
#2175=ORIENTED_EDGE('',*,*,#2087,.F.);
#2176=EDGE_LOOP('',(#2172,#2173,#2174,#2175));
#2177=FACE_OUTER_BOUND('',#2176,.T.);
#2178=CARTESIAN_POINT('',(-0.4,-0.15,-3.5));
#2179=AXIS2_PLACEMENT_3D('',#2178,#132,#34);
#2180=PLANE('',#2179);
#2181=ADVANCED_FACE('',(#2177),#2180,.T.);
#2182=ORIENTED_EDGE('',*,*,#2097,.T.);
#2183=ORIENTED_EDGE('',*,*,#2163,.T.);
#2184=ORIENTED_EDGE('',*,*,#2118,.F.);
#2185=ORIENTED_EDGE('',*,*,#2140,.F.);
#2186=EDGE_LOOP('',(#2182,#2183,#2184,#2185));
#2187=FACE_OUTER_BOUND('',#2186,.T.);
#2188=CARTESIAN_POINT('',(0.4,-0.15,-3.5));
#2189=AXIS2_PLACEMENT_3D('',#2188,#16,#34);
#2190=PLANE('',#2189);
#2191=ADVANCED_FACE('',(#2187),#2190,.T.);
#2192=CLOSED_SHELL('',(#2109,#2135,#2153,#2171,#2181,#2191));
#2193=MANIFOLD_SOLID_BREP('Pin_1_v',#2192);
#2194=COLOUR_RGB('',0.85,0.68,0.2);
#2195=FILL_AREA_STYLE_COLOUR('',#2194);
#2196=FILL_AREA_STYLE('',(#2195));
#2197=SURFACE_STYLE_FILL_AREA(#2196);
#2198=SURFACE_SIDE_STYLE('',(#2197));
#2199=SURFACE_STYLE_USAGE(.BOTH.,#2198);
#2200=PRESENTATION_STYLE_ASSIGNMENT((#2199));
#2201=STYLED_ITEM('color',(#2200),#2193);
#2202=CARTESIAN_POINT('',(-0.4,-0.15,0.6));
#2203=VERTEX_POINT('',#2202);
#2204=CARTESIAN_POINT('',(1.5,-0.15,0.6));
#2205=VERTEX_POINT('',#2204);
#2206=CARTESIAN_POINT('',(-0.4,0.15,0.6));
#2207=VERTEX_POINT('',#2206);
#2208=CARTESIAN_POINT('',(1.5,0.15,0.6));
#2209=VERTEX_POINT('',#2208);
#2210=CARTESIAN_POINT('',(-0.4,-0.15,1.));
#2211=VERTEX_POINT('',#2210);
#2212=CARTESIAN_POINT('',(1.5,-0.15,1.));
#2213=VERTEX_POINT('',#2212);
#2214=CARTESIAN_POINT('',(-0.4,0.15,1.));
#2215=VERTEX_POINT('',#2214);
#2216=CARTESIAN_POINT('',(1.5,0.15,1.));
#2217=VERTEX_POINT('',#2216);
#2218=VECTOR('',#34,0.3);
#2219=CARTESIAN_POINT('',(-0.4,-0.15,0.6));
#2220=LINE('',#2219,#2218);
#2221=EDGE_CURVE('',#2203,#2207,#2220,.T.);
#2222=ORIENTED_EDGE('',*,*,#2221,.T.);
#2223=VECTOR('',#16,1.9);
#2224=CARTESIAN_POINT('',(-0.4,0.15,0.6));
#2225=LINE('',#2224,#2223);
#2226=EDGE_CURVE('',#2207,#2209,#2225,.T.);
#2227=ORIENTED_EDGE('',*,*,#2226,.T.);
#2228=VECTOR('',#34,0.3);
#2229=CARTESIAN_POINT('',(1.5,-0.15,0.6));
#2230=LINE('',#2229,#2228);
#2231=EDGE_CURVE('',#2205,#2209,#2230,.T.);
#2232=ORIENTED_EDGE('',*,*,#2231,.F.);
#2233=VECTOR('',#16,1.9);
#2234=CARTESIAN_POINT('',(-0.4,-0.15,0.6));
#2235=LINE('',#2234,#2233);
#2236=EDGE_CURVE('',#2203,#2205,#2235,.T.);
#2237=ORIENTED_EDGE('',*,*,#2236,.F.);
#2238=EDGE_LOOP('',(#2222,#2227,#2232,#2237));
#2239=FACE_OUTER_BOUND('',#2238,.T.);
#2240=CARTESIAN_POINT('',(-0.4,-0.15,0.6));
#2241=AXIS2_PLACEMENT_3D('',#2240,#58,#16);
#2242=PLANE('',#2241);
#2243=ADVANCED_FACE('',(#2239),#2242,.T.);
#2244=VECTOR('',#16,1.9);
#2245=CARTESIAN_POINT('',(-0.4,-0.15,1.));
#2246=LINE('',#2245,#2244);
#2247=EDGE_CURVE('',#2211,#2213,#2246,.T.);
#2248=ORIENTED_EDGE('',*,*,#2247,.T.);
#2249=VECTOR('',#34,0.3);
#2250=CARTESIAN_POINT('',(1.5,-0.15,1.));
#2251=LINE('',#2250,#2249);
#2252=EDGE_CURVE('',#2213,#2217,#2251,.T.);
#2253=ORIENTED_EDGE('',*,*,#2252,.T.);
#2254=VECTOR('',#16,1.9);
#2255=CARTESIAN_POINT('',(-0.4,0.15,1.));
#2256=LINE('',#2255,#2254);
#2257=EDGE_CURVE('',#2215,#2217,#2256,.T.);
#2258=ORIENTED_EDGE('',*,*,#2257,.F.);
#2259=VECTOR('',#34,0.3);
#2260=CARTESIAN_POINT('',(-0.4,-0.15,1.));
#2261=LINE('',#2260,#2259);
#2262=EDGE_CURVE('',#2211,#2215,#2261,.T.);
#2263=ORIENTED_EDGE('',*,*,#2262,.F.);
#2264=EDGE_LOOP('',(#2248,#2253,#2258,#2263));
#2265=FACE_OUTER_BOUND('',#2264,.T.);
#2266=CARTESIAN_POINT('',(-0.4,-0.15,1.));
#2267=AXIS2_PLACEMENT_3D('',#2266,#15,#16);
#2268=PLANE('',#2267);
#2269=ADVANCED_FACE('',(#2265),#2268,.T.);
#2270=ORIENTED_EDGE('',*,*,#2236,.T.);
#2271=VECTOR('',#15,0.4);
#2272=CARTESIAN_POINT('',(1.5,-0.15,0.6));
#2273=LINE('',#2272,#2271);
#2274=EDGE_CURVE('',#2205,#2213,#2273,.T.);
#2275=ORIENTED_EDGE('',*,*,#2274,.T.);
#2276=ORIENTED_EDGE('',*,*,#2247,.F.);
#2277=VECTOR('',#15,0.4);
#2278=CARTESIAN_POINT('',(-0.4,-0.15,0.6));
#2279=LINE('',#2278,#2277);
#2280=EDGE_CURVE('',#2203,#2211,#2279,.T.);
#2281=ORIENTED_EDGE('',*,*,#2280,.F.);
#2282=EDGE_LOOP('',(#2270,#2275,#2276,#2281));
#2283=FACE_OUTER_BOUND('',#2282,.T.);
#2284=CARTESIAN_POINT('',(-0.4,-0.15,0.6));
#2285=AXIS2_PLACEMENT_3D('',#2284,#103,#16);
#2286=PLANE('',#2285);
#2287=ADVANCED_FACE('',(#2283),#2286,.T.);
#2288=VECTOR('',#15,0.4);
#2289=CARTESIAN_POINT('',(-0.4,0.15,0.6));
#2290=LINE('',#2289,#2288);
#2291=EDGE_CURVE('',#2207,#2215,#2290,.T.);
#2292=ORIENTED_EDGE('',*,*,#2291,.T.);
#2293=ORIENTED_EDGE('',*,*,#2257,.T.);
#2294=VECTOR('',#15,0.4);
#2295=CARTESIAN_POINT('',(1.5,0.15,0.6));
#2296=LINE('',#2295,#2294);
#2297=EDGE_CURVE('',#2209,#2217,#2296,.T.);
#2298=ORIENTED_EDGE('',*,*,#2297,.F.);
#2299=ORIENTED_EDGE('',*,*,#2226,.F.);
#2300=EDGE_LOOP('',(#2292,#2293,#2298,#2299));
#2301=FACE_OUTER_BOUND('',#2300,.T.);
#2302=CARTESIAN_POINT('',(-0.4,0.15,0.6));
#2303=AXIS2_PLACEMENT_3D('',#2302,#34,#16);
#2304=PLANE('',#2303);
#2305=ADVANCED_FACE('',(#2301),#2304,.T.);
#2306=ORIENTED_EDGE('',*,*,#2280,.T.);
#2307=ORIENTED_EDGE('',*,*,#2262,.T.);
#2308=ORIENTED_EDGE('',*,*,#2291,.F.);
#2309=ORIENTED_EDGE('',*,*,#2221,.F.);
#2310=EDGE_LOOP('',(#2306,#2307,#2308,#2309));
#2311=FACE_OUTER_BOUND('',#2310,.T.);
#2312=CARTESIAN_POINT('',(-0.4,-0.15,0.6));
#2313=AXIS2_PLACEMENT_3D('',#2312,#132,#34);
#2314=PLANE('',#2313);
#2315=ADVANCED_FACE('',(#2311),#2314,.T.);
#2316=ORIENTED_EDGE('',*,*,#2231,.T.);
#2317=ORIENTED_EDGE('',*,*,#2297,.T.);
#2318=ORIENTED_EDGE('',*,*,#2252,.F.);
#2319=ORIENTED_EDGE('',*,*,#2274,.F.);
#2320=EDGE_LOOP('',(#2316,#2317,#2318,#2319));
#2321=FACE_OUTER_BOUND('',#2320,.T.);
#2322=CARTESIAN_POINT('',(1.5,-0.15,0.6));
#2323=AXIS2_PLACEMENT_3D('',#2322,#16,#34);
#2324=PLANE('',#2323);
#2325=ADVANCED_FACE('',(#2321),#2324,.T.);
#2326=CLOSED_SHELL('',(#2243,#2269,#2287,#2305,#2315,#2325));
#2327=MANIFOLD_SOLID_BREP('Pin_1_h',#2326);
#2328=STYLED_ITEM('color',(#2200),#2327);
#2329=CARTESIAN_POINT('',(-0.4,-2.65,-3.5));
#2330=VERTEX_POINT('',#2329);
#2331=CARTESIAN_POINT('',(0.4,-2.65,-3.5));
#2332=VERTEX_POINT('',#2331);
#2333=CARTESIAN_POINT('',(-0.4,-2.35,-3.5));
#2334=VERTEX_POINT('',#2333);
#2335=CARTESIAN_POINT('',(0.4,-2.35,-3.5));
#2336=VERTEX_POINT('',#2335);
#2337=CARTESIAN_POINT('',(-0.4,-2.65,1.));
#2338=VERTEX_POINT('',#2337);
#2339=CARTESIAN_POINT('',(0.4,-2.65,1.));
#2340=VERTEX_POINT('',#2339);
#2341=CARTESIAN_POINT('',(-0.4,-2.35,1.));
#2342=VERTEX_POINT('',#2341);
#2343=CARTESIAN_POINT('',(0.4,-2.35,1.));
#2344=VERTEX_POINT('',#2343);
#2345=VECTOR('',#34,0.3);
#2346=CARTESIAN_POINT('',(-0.4,-2.65,-3.5));
#2347=LINE('',#2346,#2345);
#2348=EDGE_CURVE('',#2330,#2334,#2347,.T.);
#2349=ORIENTED_EDGE('',*,*,#2348,.T.);
#2350=VECTOR('',#16,0.8);
#2351=CARTESIAN_POINT('',(-0.4,-2.35,-3.5));
#2352=LINE('',#2351,#2350);
#2353=EDGE_CURVE('',#2334,#2336,#2352,.T.);
#2354=ORIENTED_EDGE('',*,*,#2353,.T.);
#2355=VECTOR('',#34,0.3);
#2356=CARTESIAN_POINT('',(0.4,-2.65,-3.5));
#2357=LINE('',#2356,#2355);
#2358=EDGE_CURVE('',#2332,#2336,#2357,.T.);
#2359=ORIENTED_EDGE('',*,*,#2358,.F.);
#2360=VECTOR('',#16,0.8);
#2361=CARTESIAN_POINT('',(-0.4,-2.65,-3.5));
#2362=LINE('',#2361,#2360);
#2363=EDGE_CURVE('',#2330,#2332,#2362,.T.);
#2364=ORIENTED_EDGE('',*,*,#2363,.F.);
#2365=EDGE_LOOP('',(#2349,#2354,#2359,#2364));
#2366=FACE_OUTER_BOUND('',#2365,.T.);
#2367=CARTESIAN_POINT('',(-0.4,-2.65,-3.5));
#2368=AXIS2_PLACEMENT_3D('',#2367,#58,#16);
#2369=PLANE('',#2368);
#2370=ADVANCED_FACE('',(#2366),#2369,.T.);
#2371=VECTOR('',#16,0.8);
#2372=CARTESIAN_POINT('',(-0.4,-2.65,1.));
#2373=LINE('',#2372,#2371);
#2374=EDGE_CURVE('',#2338,#2340,#2373,.T.);
#2375=ORIENTED_EDGE('',*,*,#2374,.T.);
#2376=VECTOR('',#34,0.3);
#2377=CARTESIAN_POINT('',(0.4,-2.65,1.));
#2378=LINE('',#2377,#2376);
#2379=EDGE_CURVE('',#2340,#2344,#2378,.T.);
#2380=ORIENTED_EDGE('',*,*,#2379,.T.);
#2381=VECTOR('',#16,0.8);
#2382=CARTESIAN_POINT('',(-0.4,-2.35,1.));
#2383=LINE('',#2382,#2381);
#2384=EDGE_CURVE('',#2342,#2344,#2383,.T.);
#2385=ORIENTED_EDGE('',*,*,#2384,.F.);
#2386=VECTOR('',#34,0.3);
#2387=CARTESIAN_POINT('',(-0.4,-2.65,1.));
#2388=LINE('',#2387,#2386);
#2389=EDGE_CURVE('',#2338,#2342,#2388,.T.);
#2390=ORIENTED_EDGE('',*,*,#2389,.F.);
#2391=EDGE_LOOP('',(#2375,#2380,#2385,#2390));
#2392=FACE_OUTER_BOUND('',#2391,.T.);
#2393=CARTESIAN_POINT('',(-0.4,-2.65,1.));
#2394=AXIS2_PLACEMENT_3D('',#2393,#15,#16);
#2395=PLANE('',#2394);
#2396=ADVANCED_FACE('',(#2392),#2395,.T.);
#2397=ORIENTED_EDGE('',*,*,#2363,.T.);
#2398=VECTOR('',#15,4.5);
#2399=CARTESIAN_POINT('',(0.4,-2.65,-3.5));
#2400=LINE('',#2399,#2398);
#2401=EDGE_CURVE('',#2332,#2340,#2400,.T.);
#2402=ORIENTED_EDGE('',*,*,#2401,.T.);
#2403=ORIENTED_EDGE('',*,*,#2374,.F.);
#2404=VECTOR('',#15,4.5);
#2405=CARTESIAN_POINT('',(-0.4,-2.65,-3.5));
#2406=LINE('',#2405,#2404);
#2407=EDGE_CURVE('',#2330,#2338,#2406,.T.);
#2408=ORIENTED_EDGE('',*,*,#2407,.F.);
#2409=EDGE_LOOP('',(#2397,#2402,#2403,#2408));
#2410=FACE_OUTER_BOUND('',#2409,.T.);
#2411=CARTESIAN_POINT('',(-0.4,-2.65,-3.5));
#2412=AXIS2_PLACEMENT_3D('',#2411,#103,#16);
#2413=PLANE('',#2412);
#2414=ADVANCED_FACE('',(#2410),#2413,.T.);
#2415=VECTOR('',#15,4.5);
#2416=CARTESIAN_POINT('',(-0.4,-2.35,-3.5));
#2417=LINE('',#2416,#2415);
#2418=EDGE_CURVE('',#2334,#2342,#2417,.T.);
#2419=ORIENTED_EDGE('',*,*,#2418,.T.);
#2420=ORIENTED_EDGE('',*,*,#2384,.T.);
#2421=VECTOR('',#15,4.5);
#2422=CARTESIAN_POINT('',(0.4,-2.35,-3.5));
#2423=LINE('',#2422,#2421);
#2424=EDGE_CURVE('',#2336,#2344,#2423,.T.);
#2425=ORIENTED_EDGE('',*,*,#2424,.F.);
#2426=ORIENTED_EDGE('',*,*,#2353,.F.);
#2427=EDGE_LOOP('',(#2419,#2420,#2425,#2426));
#2428=FACE_OUTER_BOUND('',#2427,.T.);
#2429=CARTESIAN_POINT('',(-0.4,-2.35,-3.5));
#2430=AXIS2_PLACEMENT_3D('',#2429,#34,#16);
#2431=PLANE('',#2430);
#2432=ADVANCED_FACE('',(#2428),#2431,.T.);
#2433=ORIENTED_EDGE('',*,*,#2407,.T.);
#2434=ORIENTED_EDGE('',*,*,#2389,.T.);
#2435=ORIENTED_EDGE('',*,*,#2418,.F.);
#2436=ORIENTED_EDGE('',*,*,#2348,.F.);
#2437=EDGE_LOOP('',(#2433,#2434,#2435,#2436));
#2438=FACE_OUTER_BOUND('',#2437,.T.);
#2439=CARTESIAN_POINT('',(-0.4,-2.65,-3.5));
#2440=AXIS2_PLACEMENT_3D('',#2439,#132,#34);
#2441=PLANE('',#2440);
#2442=ADVANCED_FACE('',(#2438),#2441,.T.);
#2443=ORIENTED_EDGE('',*,*,#2358,.T.);
#2444=ORIENTED_EDGE('',*,*,#2424,.T.);
#2445=ORIENTED_EDGE('',*,*,#2379,.F.);
#2446=ORIENTED_EDGE('',*,*,#2401,.F.);
#2447=EDGE_LOOP('',(#2443,#2444,#2445,#2446));
#2448=FACE_OUTER_BOUND('',#2447,.T.);
#2449=CARTESIAN_POINT('',(0.4,-2.65,-3.5));
#2450=AXIS2_PLACEMENT_3D('',#2449,#16,#34);
#2451=PLANE('',#2450);
#2452=ADVANCED_FACE('',(#2448),#2451,.T.);
#2453=CLOSED_SHELL('',(#2370,#2396,#2414,#2432,#2442,#2452));
#2454=MANIFOLD_SOLID_BREP('Pin_2_v',#2453);
#2455=STYLED_ITEM('color',(#2200),#2454);
#2456=CARTESIAN_POINT('',(-0.4,-2.65,0.6));
#2457=VERTEX_POINT('',#2456);
#2458=CARTESIAN_POINT('',(1.5,-2.65,0.6));
#2459=VERTEX_POINT('',#2458);
#2460=CARTESIAN_POINT('',(-0.4,-2.35,0.6));
#2461=VERTEX_POINT('',#2460);
#2462=CARTESIAN_POINT('',(1.5,-2.35,0.6));
#2463=VERTEX_POINT('',#2462);
#2464=CARTESIAN_POINT('',(-0.4,-2.65,1.));
#2465=VERTEX_POINT('',#2464);
#2466=CARTESIAN_POINT('',(1.5,-2.65,1.));
#2467=VERTEX_POINT('',#2466);
#2468=CARTESIAN_POINT('',(-0.4,-2.35,1.));
#2469=VERTEX_POINT('',#2468);
#2470=CARTESIAN_POINT('',(1.5,-2.35,1.));
#2471=VERTEX_POINT('',#2470);
#2472=VECTOR('',#34,0.3);
#2473=CARTESIAN_POINT('',(-0.4,-2.65,0.6));
#2474=LINE('',#2473,#2472);
#2475=EDGE_CURVE('',#2457,#2461,#2474,.T.);
#2476=ORIENTED_EDGE('',*,*,#2475,.T.);
#2477=VECTOR('',#16,1.9);
#2478=CARTESIAN_POINT('',(-0.4,-2.35,0.6));
#2479=LINE('',#2478,#2477);
#2480=EDGE_CURVE('',#2461,#2463,#2479,.T.);
#2481=ORIENTED_EDGE('',*,*,#2480,.T.);
#2482=VECTOR('',#34,0.3);
#2483=CARTESIAN_POINT('',(1.5,-2.65,0.6));
#2484=LINE('',#2483,#2482);
#2485=EDGE_CURVE('',#2459,#2463,#2484,.T.);
#2486=ORIENTED_EDGE('',*,*,#2485,.F.);
#2487=VECTOR('',#16,1.9);
#2488=CARTESIAN_POINT('',(-0.4,-2.65,0.6));
#2489=LINE('',#2488,#2487);
#2490=EDGE_CURVE('',#2457,#2459,#2489,.T.);
#2491=ORIENTED_EDGE('',*,*,#2490,.F.);
#2492=EDGE_LOOP('',(#2476,#2481,#2486,#2491));
#2493=FACE_OUTER_BOUND('',#2492,.T.);
#2494=CARTESIAN_POINT('',(-0.4,-2.65,0.6));
#2495=AXIS2_PLACEMENT_3D('',#2494,#58,#16);
#2496=PLANE('',#2495);
#2497=ADVANCED_FACE('',(#2493),#2496,.T.);
#2498=VECTOR('',#16,1.9);
#2499=CARTESIAN_POINT('',(-0.4,-2.65,1.));
#2500=LINE('',#2499,#2498);
#2501=EDGE_CURVE('',#2465,#2467,#2500,.T.);
#2502=ORIENTED_EDGE('',*,*,#2501,.T.);
#2503=VECTOR('',#34,0.3);
#2504=CARTESIAN_POINT('',(1.5,-2.65,1.));
#2505=LINE('',#2504,#2503);
#2506=EDGE_CURVE('',#2467,#2471,#2505,.T.);
#2507=ORIENTED_EDGE('',*,*,#2506,.T.);
#2508=VECTOR('',#16,1.9);
#2509=CARTESIAN_POINT('',(-0.4,-2.35,1.));
#2510=LINE('',#2509,#2508);
#2511=EDGE_CURVE('',#2469,#2471,#2510,.T.);
#2512=ORIENTED_EDGE('',*,*,#2511,.F.);
#2513=VECTOR('',#34,0.3);
#2514=CARTESIAN_POINT('',(-0.4,-2.65,1.));
#2515=LINE('',#2514,#2513);
#2516=EDGE_CURVE('',#2465,#2469,#2515,.T.);
#2517=ORIENTED_EDGE('',*,*,#2516,.F.);
#2518=EDGE_LOOP('',(#2502,#2507,#2512,#2517));
#2519=FACE_OUTER_BOUND('',#2518,.T.);
#2520=CARTESIAN_POINT('',(-0.4,-2.65,1.));
#2521=AXIS2_PLACEMENT_3D('',#2520,#15,#16);
#2522=PLANE('',#2521);
#2523=ADVANCED_FACE('',(#2519),#2522,.T.);
#2524=ORIENTED_EDGE('',*,*,#2490,.T.);
#2525=VECTOR('',#15,0.4);
#2526=CARTESIAN_POINT('',(1.5,-2.65,0.6));
#2527=LINE('',#2526,#2525);
#2528=EDGE_CURVE('',#2459,#2467,#2527,.T.);
#2529=ORIENTED_EDGE('',*,*,#2528,.T.);
#2530=ORIENTED_EDGE('',*,*,#2501,.F.);
#2531=VECTOR('',#15,0.4);
#2532=CARTESIAN_POINT('',(-0.4,-2.65,0.6));
#2533=LINE('',#2532,#2531);
#2534=EDGE_CURVE('',#2457,#2465,#2533,.T.);
#2535=ORIENTED_EDGE('',*,*,#2534,.F.);
#2536=EDGE_LOOP('',(#2524,#2529,#2530,#2535));
#2537=FACE_OUTER_BOUND('',#2536,.T.);
#2538=CARTESIAN_POINT('',(-0.4,-2.65,0.6));
#2539=AXIS2_PLACEMENT_3D('',#2538,#103,#16);
#2540=PLANE('',#2539);
#2541=ADVANCED_FACE('',(#2537),#2540,.T.);
#2542=VECTOR('',#15,0.4);
#2543=CARTESIAN_POINT('',(-0.4,-2.35,0.6));
#2544=LINE('',#2543,#2542);
#2545=EDGE_CURVE('',#2461,#2469,#2544,.T.);
#2546=ORIENTED_EDGE('',*,*,#2545,.T.);
#2547=ORIENTED_EDGE('',*,*,#2511,.T.);
#2548=VECTOR('',#15,0.4);
#2549=CARTESIAN_POINT('',(1.5,-2.35,0.6));
#2550=LINE('',#2549,#2548);
#2551=EDGE_CURVE('',#2463,#2471,#2550,.T.);
#2552=ORIENTED_EDGE('',*,*,#2551,.F.);
#2553=ORIENTED_EDGE('',*,*,#2480,.F.);
#2554=EDGE_LOOP('',(#2546,#2547,#2552,#2553));
#2555=FACE_OUTER_BOUND('',#2554,.T.);
#2556=CARTESIAN_POINT('',(-0.4,-2.35,0.6));
#2557=AXIS2_PLACEMENT_3D('',#2556,#34,#16);
#2558=PLANE('',#2557);
#2559=ADVANCED_FACE('',(#2555),#2558,.T.);
#2560=ORIENTED_EDGE('',*,*,#2534,.T.);
#2561=ORIENTED_EDGE('',*,*,#2516,.T.);
#2562=ORIENTED_EDGE('',*,*,#2545,.F.);
#2563=ORIENTED_EDGE('',*,*,#2475,.F.);
#2564=EDGE_LOOP('',(#2560,#2561,#2562,#2563));
#2565=FACE_OUTER_BOUND('',#2564,.T.);
#2566=CARTESIAN_POINT('',(-0.4,-2.65,0.6));
#2567=AXIS2_PLACEMENT_3D('',#2566,#132,#34);
#2568=PLANE('',#2567);
#2569=ADVANCED_FACE('',(#2565),#2568,.T.);
#2570=ORIENTED_EDGE('',*,*,#2485,.T.);
#2571=ORIENTED_EDGE('',*,*,#2551,.T.);
#2572=ORIENTED_EDGE('',*,*,#2506,.F.);
#2573=ORIENTED_EDGE('',*,*,#2528,.F.);
#2574=EDGE_LOOP('',(#2570,#2571,#2572,#2573));
#2575=FACE_OUTER_BOUND('',#2574,.T.);
#2576=CARTESIAN_POINT('',(1.5,-2.65,0.6));
#2577=AXIS2_PLACEMENT_3D('',#2576,#16,#34);
#2578=PLANE('',#2577);
#2579=ADVANCED_FACE('',(#2575),#2578,.T.);
#2580=CLOSED_SHELL('',(#2497,#2523,#2541,#2559,#2569,#2579));
#2581=MANIFOLD_SOLID_BREP('Pin_2_h',#2580);
#2582=STYLED_ITEM('color',(#2200),#2581);
#2583=CARTESIAN_POINT('',(-0.4,-5.15,-3.5));
#2584=VERTEX_POINT('',#2583);
#2585=CARTESIAN_POINT('',(0.4,-5.15,-3.5));
#2586=VERTEX_POINT('',#2585);
#2587=CARTESIAN_POINT('',(-0.4,-4.85,-3.5));
#2588=VERTEX_POINT('',#2587);
#2589=CARTESIAN_POINT('',(0.4,-4.85,-3.5));
#2590=VERTEX_POINT('',#2589);
#2591=CARTESIAN_POINT('',(-0.4,-5.15,1.));
#2592=VERTEX_POINT('',#2591);
#2593=CARTESIAN_POINT('',(0.4,-5.15,1.));
#2594=VERTEX_POINT('',#2593);
#2595=CARTESIAN_POINT('',(-0.4,-4.85,1.));
#2596=VERTEX_POINT('',#2595);
#2597=CARTESIAN_POINT('',(0.4,-4.85,1.));
#2598=VERTEX_POINT('',#2597);
#2599=VECTOR('',#34,0.3);
#2600=CARTESIAN_POINT('',(-0.4,-5.15,-3.5));
#2601=LINE('',#2600,#2599);
#2602=EDGE_CURVE('',#2584,#2588,#2601,.T.);
#2603=ORIENTED_EDGE('',*,*,#2602,.T.);
#2604=VECTOR('',#16,0.8);
#2605=CARTESIAN_POINT('',(-0.4,-4.85,-3.5));
#2606=LINE('',#2605,#2604);
#2607=EDGE_CURVE('',#2588,#2590,#2606,.T.);
#2608=ORIENTED_EDGE('',*,*,#2607,.T.);
#2609=VECTOR('',#34,0.3);
#2610=CARTESIAN_POINT('',(0.4,-5.15,-3.5));
#2611=LINE('',#2610,#2609);
#2612=EDGE_CURVE('',#2586,#2590,#2611,.T.);
#2613=ORIENTED_EDGE('',*,*,#2612,.F.);
#2614=VECTOR('',#16,0.8);
#2615=CARTESIAN_POINT('',(-0.4,-5.15,-3.5));
#2616=LINE('',#2615,#2614);
#2617=EDGE_CURVE('',#2584,#2586,#2616,.T.);
#2618=ORIENTED_EDGE('',*,*,#2617,.F.);
#2619=EDGE_LOOP('',(#2603,#2608,#2613,#2618));
#2620=FACE_OUTER_BOUND('',#2619,.T.);
#2621=CARTESIAN_POINT('',(-0.4,-5.15,-3.5));
#2622=AXIS2_PLACEMENT_3D('',#2621,#58,#16);
#2623=PLANE('',#2622);
#2624=ADVANCED_FACE('',(#2620),#2623,.T.);
#2625=VECTOR('',#16,0.8);
#2626=CARTESIAN_POINT('',(-0.4,-5.15,1.));
#2627=LINE('',#2626,#2625);
#2628=EDGE_CURVE('',#2592,#2594,#2627,.T.);
#2629=ORIENTED_EDGE('',*,*,#2628,.T.);
#2630=VECTOR('',#34,0.3);
#2631=CARTESIAN_POINT('',(0.4,-5.15,1.));
#2632=LINE('',#2631,#2630);
#2633=EDGE_CURVE('',#2594,#2598,#2632,.T.);
#2634=ORIENTED_EDGE('',*,*,#2633,.T.);
#2635=VECTOR('',#16,0.8);
#2636=CARTESIAN_POINT('',(-0.4,-4.85,1.));
#2637=LINE('',#2636,#2635);
#2638=EDGE_CURVE('',#2596,#2598,#2637,.T.);
#2639=ORIENTED_EDGE('',*,*,#2638,.F.);
#2640=VECTOR('',#34,0.3);
#2641=CARTESIAN_POINT('',(-0.4,-5.15,1.));
#2642=LINE('',#2641,#2640);
#2643=EDGE_CURVE('',#2592,#2596,#2642,.T.);
#2644=ORIENTED_EDGE('',*,*,#2643,.F.);
#2645=EDGE_LOOP('',(#2629,#2634,#2639,#2644));
#2646=FACE_OUTER_BOUND('',#2645,.T.);
#2647=CARTESIAN_POINT('',(-0.4,-5.15,1.));
#2648=AXIS2_PLACEMENT_3D('',#2647,#15,#16);
#2649=PLANE('',#2648);
#2650=ADVANCED_FACE('',(#2646),#2649,.T.);
#2651=ORIENTED_EDGE('',*,*,#2617,.T.);
#2652=VECTOR('',#15,4.5);
#2653=CARTESIAN_POINT('',(0.4,-5.15,-3.5));
#2654=LINE('',#2653,#2652);
#2655=EDGE_CURVE('',#2586,#2594,#2654,.T.);
#2656=ORIENTED_EDGE('',*,*,#2655,.T.);
#2657=ORIENTED_EDGE('',*,*,#2628,.F.);
#2658=VECTOR('',#15,4.5);
#2659=CARTESIAN_POINT('',(-0.4,-5.15,-3.5));
#2660=LINE('',#2659,#2658);
#2661=EDGE_CURVE('',#2584,#2592,#2660,.T.);
#2662=ORIENTED_EDGE('',*,*,#2661,.F.);
#2663=EDGE_LOOP('',(#2651,#2656,#2657,#2662));
#2664=FACE_OUTER_BOUND('',#2663,.T.);
#2665=CARTESIAN_POINT('',(-0.4,-5.15,-3.5));
#2666=AXIS2_PLACEMENT_3D('',#2665,#103,#16);
#2667=PLANE('',#2666);
#2668=ADVANCED_FACE('',(#2664),#2667,.T.);
#2669=VECTOR('',#15,4.5);
#2670=CARTESIAN_POINT('',(-0.4,-4.85,-3.5));
#2671=LINE('',#2670,#2669);
#2672=EDGE_CURVE('',#2588,#2596,#2671,.T.);
#2673=ORIENTED_EDGE('',*,*,#2672,.T.);
#2674=ORIENTED_EDGE('',*,*,#2638,.T.);
#2675=VECTOR('',#15,4.5);
#2676=CARTESIAN_POINT('',(0.4,-4.85,-3.5));
#2677=LINE('',#2676,#2675);
#2678=EDGE_CURVE('',#2590,#2598,#2677,.T.);
#2679=ORIENTED_EDGE('',*,*,#2678,.F.);
#2680=ORIENTED_EDGE('',*,*,#2607,.F.);
#2681=EDGE_LOOP('',(#2673,#2674,#2679,#2680));
#2682=FACE_OUTER_BOUND('',#2681,.T.);
#2683=CARTESIAN_POINT('',(-0.4,-4.85,-3.5));
#2684=AXIS2_PLACEMENT_3D('',#2683,#34,#16);
#2685=PLANE('',#2684);
#2686=ADVANCED_FACE('',(#2682),#2685,.T.);
#2687=ORIENTED_EDGE('',*,*,#2661,.T.);
#2688=ORIENTED_EDGE('',*,*,#2643,.T.);
#2689=ORIENTED_EDGE('',*,*,#2672,.F.);
#2690=ORIENTED_EDGE('',*,*,#2602,.F.);
#2691=EDGE_LOOP('',(#2687,#2688,#2689,#2690));
#2692=FACE_OUTER_BOUND('',#2691,.T.);
#2693=CARTESIAN_POINT('',(-0.4,-5.15,-3.5));
#2694=AXIS2_PLACEMENT_3D('',#2693,#132,#34);
#2695=PLANE('',#2694);
#2696=ADVANCED_FACE('',(#2692),#2695,.T.);
#2697=ORIENTED_EDGE('',*,*,#2612,.T.);
#2698=ORIENTED_EDGE('',*,*,#2678,.T.);
#2699=ORIENTED_EDGE('',*,*,#2633,.F.);
#2700=ORIENTED_EDGE('',*,*,#2655,.F.);
#2701=EDGE_LOOP('',(#2697,#2698,#2699,#2700));
#2702=FACE_OUTER_BOUND('',#2701,.T.);
#2703=CARTESIAN_POINT('',(0.4,-5.15,-3.5));
#2704=AXIS2_PLACEMENT_3D('',#2703,#16,#34);
#2705=PLANE('',#2704);
#2706=ADVANCED_FACE('',(#2702),#2705,.T.);
#2707=CLOSED_SHELL('',(#2624,#2650,#2668,#2686,#2696,#2706));
#2708=MANIFOLD_SOLID_BREP('Pin_3_v',#2707);
#2709=STYLED_ITEM('color',(#2200),#2708);
#2710=CARTESIAN_POINT('',(-0.4,-5.15,0.6));
#2711=VERTEX_POINT('',#2710);
#2712=CARTESIAN_POINT('',(1.5,-5.15,0.6));
#2713=VERTEX_POINT('',#2712);
#2714=CARTESIAN_POINT('',(-0.4,-4.85,0.6));
#2715=VERTEX_POINT('',#2714);
#2716=CARTESIAN_POINT('',(1.5,-4.85,0.6));
#2717=VERTEX_POINT('',#2716);
#2718=CARTESIAN_POINT('',(-0.4,-5.15,1.));
#2719=VERTEX_POINT('',#2718);
#2720=CARTESIAN_POINT('',(1.5,-5.15,1.));
#2721=VERTEX_POINT('',#2720);
#2722=CARTESIAN_POINT('',(-0.4,-4.85,1.));
#2723=VERTEX_POINT('',#2722);
#2724=CARTESIAN_POINT('',(1.5,-4.85,1.));
#2725=VERTEX_POINT('',#2724);
#2726=VECTOR('',#34,0.3);
#2727=CARTESIAN_POINT('',(-0.4,-5.15,0.6));
#2728=LINE('',#2727,#2726);
#2729=EDGE_CURVE('',#2711,#2715,#2728,.T.);
#2730=ORIENTED_EDGE('',*,*,#2729,.T.);
#2731=VECTOR('',#16,1.9);
#2732=CARTESIAN_POINT('',(-0.4,-4.85,0.6));
#2733=LINE('',#2732,#2731);
#2734=EDGE_CURVE('',#2715,#2717,#2733,.T.);
#2735=ORIENTED_EDGE('',*,*,#2734,.T.);
#2736=VECTOR('',#34,0.3);
#2737=CARTESIAN_POINT('',(1.5,-5.15,0.6));
#2738=LINE('',#2737,#2736);
#2739=EDGE_CURVE('',#2713,#2717,#2738,.T.);
#2740=ORIENTED_EDGE('',*,*,#2739,.F.);
#2741=VECTOR('',#16,1.9);
#2742=CARTESIAN_POINT('',(-0.4,-5.15,0.6));
#2743=LINE('',#2742,#2741);
#2744=EDGE_CURVE('',#2711,#2713,#2743,.T.);
#2745=ORIENTED_EDGE('',*,*,#2744,.F.);
#2746=EDGE_LOOP('',(#2730,#2735,#2740,#2745));
#2747=FACE_OUTER_BOUND('',#2746,.T.);
#2748=CARTESIAN_POINT('',(-0.4,-5.15,0.6));
#2749=AXIS2_PLACEMENT_3D('',#2748,#58,#16);
#2750=PLANE('',#2749);
#2751=ADVANCED_FACE('',(#2747),#2750,.T.);
#2752=VECTOR('',#16,1.9);
#2753=CARTESIAN_POINT('',(-0.4,-5.15,1.));
#2754=LINE('',#2753,#2752);
#2755=EDGE_CURVE('',#2719,#2721,#2754,.T.);
#2756=ORIENTED_EDGE('',*,*,#2755,.T.);
#2757=VECTOR('',#34,0.3);
#2758=CARTESIAN_POINT('',(1.5,-5.15,1.));
#2759=LINE('',#2758,#2757);
#2760=EDGE_CURVE('',#2721,#2725,#2759,.T.);
#2761=ORIENTED_EDGE('',*,*,#2760,.T.);
#2762=VECTOR('',#16,1.9);
#2763=CARTESIAN_POINT('',(-0.4,-4.85,1.));
#2764=LINE('',#2763,#2762);
#2765=EDGE_CURVE('',#2723,#2725,#2764,.T.);
#2766=ORIENTED_EDGE('',*,*,#2765,.F.);
#2767=VECTOR('',#34,0.3);
#2768=CARTESIAN_POINT('',(-0.4,-5.15,1.));
#2769=LINE('',#2768,#2767);
#2770=EDGE_CURVE('',#2719,#2723,#2769,.T.);
#2771=ORIENTED_EDGE('',*,*,#2770,.F.);
#2772=EDGE_LOOP('',(#2756,#2761,#2766,#2771));
#2773=FACE_OUTER_BOUND('',#2772,.T.);
#2774=CARTESIAN_POINT('',(-0.4,-5.15,1.));
#2775=AXIS2_PLACEMENT_3D('',#2774,#15,#16);
#2776=PLANE('',#2775);
#2777=ADVANCED_FACE('',(#2773),#2776,.T.);
#2778=ORIENTED_EDGE('',*,*,#2744,.T.);
#2779=VECTOR('',#15,0.4);
#2780=CARTESIAN_POINT('',(1.5,-5.15,0.6));
#2781=LINE('',#2780,#2779);
#2782=EDGE_CURVE('',#2713,#2721,#2781,.T.);
#2783=ORIENTED_EDGE('',*,*,#2782,.T.);
#2784=ORIENTED_EDGE('',*,*,#2755,.F.);
#2785=VECTOR('',#15,0.4);
#2786=CARTESIAN_POINT('',(-0.4,-5.15,0.6));
#2787=LINE('',#2786,#2785);
#2788=EDGE_CURVE('',#2711,#2719,#2787,.T.);
#2789=ORIENTED_EDGE('',*,*,#2788,.F.);
#2790=EDGE_LOOP('',(#2778,#2783,#2784,#2789));
#2791=FACE_OUTER_BOUND('',#2790,.T.);
#2792=CARTESIAN_POINT('',(-0.4,-5.15,0.6));
#2793=AXIS2_PLACEMENT_3D('',#2792,#103,#16);
#2794=PLANE('',#2793);
#2795=ADVANCED_FACE('',(#2791),#2794,.T.);
#2796=VECTOR('',#15,0.4);
#2797=CARTESIAN_POINT('',(-0.4,-4.85,0.6));
#2798=LINE('',#2797,#2796);
#2799=EDGE_CURVE('',#2715,#2723,#2798,.T.);
#2800=ORIENTED_EDGE('',*,*,#2799,.T.);
#2801=ORIENTED_EDGE('',*,*,#2765,.T.);
#2802=VECTOR('',#15,0.4);
#2803=CARTESIAN_POINT('',(1.5,-4.85,0.6));
#2804=LINE('',#2803,#2802);
#2805=EDGE_CURVE('',#2717,#2725,#2804,.T.);
#2806=ORIENTED_EDGE('',*,*,#2805,.F.);
#2807=ORIENTED_EDGE('',*,*,#2734,.F.);
#2808=EDGE_LOOP('',(#2800,#2801,#2806,#2807));
#2809=FACE_OUTER_BOUND('',#2808,.T.);
#2810=CARTESIAN_POINT('',(-0.4,-4.85,0.6));
#2811=AXIS2_PLACEMENT_3D('',#2810,#34,#16);
#2812=PLANE('',#2811);
#2813=ADVANCED_FACE('',(#2809),#2812,.T.);
#2814=ORIENTED_EDGE('',*,*,#2788,.T.);
#2815=ORIENTED_EDGE('',*,*,#2770,.T.);
#2816=ORIENTED_EDGE('',*,*,#2799,.F.);
#2817=ORIENTED_EDGE('',*,*,#2729,.F.);
#2818=EDGE_LOOP('',(#2814,#2815,#2816,#2817));
#2819=FACE_OUTER_BOUND('',#2818,.T.);
#2820=CARTESIAN_POINT('',(-0.4,-5.15,0.6));
#2821=AXIS2_PLACEMENT_3D('',#2820,#132,#34);
#2822=PLANE('',#2821);
#2823=ADVANCED_FACE('',(#2819),#2822,.T.);
#2824=ORIENTED_EDGE('',*,*,#2739,.T.);
#2825=ORIENTED_EDGE('',*,*,#2805,.T.);
#2826=ORIENTED_EDGE('',*,*,#2760,.F.);
#2827=ORIENTED_EDGE('',*,*,#2782,.F.);
#2828=EDGE_LOOP('',(#2824,#2825,#2826,#2827));
#2829=FACE_OUTER_BOUND('',#2828,.T.);
#2830=CARTESIAN_POINT('',(1.5,-5.15,0.6));
#2831=AXIS2_PLACEMENT_3D('',#2830,#16,#34);
#2832=PLANE('',#2831);
#2833=ADVANCED_FACE('',(#2829),#2832,.T.);
#2834=CLOSED_SHELL('',(#2751,#2777,#2795,#2813,#2823,#2833));
#2835=MANIFOLD_SOLID_BREP('Pin_3_h',#2834);
#2836=STYLED_ITEM('color',(#2200),#2835);
#2837=CARTESIAN_POINT('',(14.1,-0.15,-3.5));
#2838=VERTEX_POINT('',#2837);
#2839=CARTESIAN_POINT('',(14.9,-0.15,-3.5));
#2840=VERTEX_POINT('',#2839);
#2841=CARTESIAN_POINT('',(14.1,0.15,-3.5));
#2842=VERTEX_POINT('',#2841);
#2843=CARTESIAN_POINT('',(14.9,0.15,-3.5));
#2844=VERTEX_POINT('',#2843);
#2845=CARTESIAN_POINT('',(14.1,-0.15,1.));
#2846=VERTEX_POINT('',#2845);
#2847=CARTESIAN_POINT('',(14.9,-0.15,1.));
#2848=VERTEX_POINT('',#2847);
#2849=CARTESIAN_POINT('',(14.1,0.15,1.));
#2850=VERTEX_POINT('',#2849);
#2851=CARTESIAN_POINT('',(14.9,0.15,1.));
#2852=VERTEX_POINT('',#2851);
#2853=VECTOR('',#34,0.3);
#2854=CARTESIAN_POINT('',(14.1,-0.15,-3.5));
#2855=LINE('',#2854,#2853);
#2856=EDGE_CURVE('',#2838,#2842,#2855,.T.);
#2857=ORIENTED_EDGE('',*,*,#2856,.T.);
#2858=VECTOR('',#16,0.8);
#2859=CARTESIAN_POINT('',(14.1,0.15,-3.5));
#2860=LINE('',#2859,#2858);
#2861=EDGE_CURVE('',#2842,#2844,#2860,.T.);
#2862=ORIENTED_EDGE('',*,*,#2861,.T.);
#2863=VECTOR('',#34,0.3);
#2864=CARTESIAN_POINT('',(14.9,-0.15,-3.5));
#2865=LINE('',#2864,#2863);
#2866=EDGE_CURVE('',#2840,#2844,#2865,.T.);
#2867=ORIENTED_EDGE('',*,*,#2866,.F.);
#2868=VECTOR('',#16,0.8);
#2869=CARTESIAN_POINT('',(14.1,-0.15,-3.5));
#2870=LINE('',#2869,#2868);
#2871=EDGE_CURVE('',#2838,#2840,#2870,.T.);
#2872=ORIENTED_EDGE('',*,*,#2871,.F.);
#2873=EDGE_LOOP('',(#2857,#2862,#2867,#2872));
#2874=FACE_OUTER_BOUND('',#2873,.T.);
#2875=CARTESIAN_POINT('',(14.1,-0.15,-3.5));
#2876=AXIS2_PLACEMENT_3D('',#2875,#58,#16);
#2877=PLANE('',#2876);
#2878=ADVANCED_FACE('',(#2874),#2877,.T.);
#2879=VECTOR('',#16,0.8);
#2880=CARTESIAN_POINT('',(14.1,-0.15,1.));
#2881=LINE('',#2880,#2879);
#2882=EDGE_CURVE('',#2846,#2848,#2881,.T.);
#2883=ORIENTED_EDGE('',*,*,#2882,.T.);
#2884=VECTOR('',#34,0.3);
#2885=CARTESIAN_POINT('',(14.9,-0.15,1.));
#2886=LINE('',#2885,#2884);
#2887=EDGE_CURVE('',#2848,#2852,#2886,.T.);
#2888=ORIENTED_EDGE('',*,*,#2887,.T.);
#2889=VECTOR('',#16,0.8);
#2890=CARTESIAN_POINT('',(14.1,0.15,1.));
#2891=LINE('',#2890,#2889);
#2892=EDGE_CURVE('',#2850,#2852,#2891,.T.);
#2893=ORIENTED_EDGE('',*,*,#2892,.F.);
#2894=VECTOR('',#34,0.3);
#2895=CARTESIAN_POINT('',(14.1,-0.15,1.));
#2896=LINE('',#2895,#2894);
#2897=EDGE_CURVE('',#2846,#2850,#2896,.T.);
#2898=ORIENTED_EDGE('',*,*,#2897,.F.);
#2899=EDGE_LOOP('',(#2883,#2888,#2893,#2898));
#2900=FACE_OUTER_BOUND('',#2899,.T.);
#2901=CARTESIAN_POINT('',(14.1,-0.15,1.));
#2902=AXIS2_PLACEMENT_3D('',#2901,#15,#16);
#2903=PLANE('',#2902);
#2904=ADVANCED_FACE('',(#2900),#2903,.T.);
#2905=ORIENTED_EDGE('',*,*,#2871,.T.);
#2906=VECTOR('',#15,4.5);
#2907=CARTESIAN_POINT('',(14.9,-0.15,-3.5));
#2908=LINE('',#2907,#2906);
#2909=EDGE_CURVE('',#2840,#2848,#2908,.T.);
#2910=ORIENTED_EDGE('',*,*,#2909,.T.);
#2911=ORIENTED_EDGE('',*,*,#2882,.F.);
#2912=VECTOR('',#15,4.5);
#2913=CARTESIAN_POINT('',(14.1,-0.15,-3.5));
#2914=LINE('',#2913,#2912);
#2915=EDGE_CURVE('',#2838,#2846,#2914,.T.);
#2916=ORIENTED_EDGE('',*,*,#2915,.F.);
#2917=EDGE_LOOP('',(#2905,#2910,#2911,#2916));
#2918=FACE_OUTER_BOUND('',#2917,.T.);
#2919=CARTESIAN_POINT('',(14.1,-0.15,-3.5));
#2920=AXIS2_PLACEMENT_3D('',#2919,#103,#16);
#2921=PLANE('',#2920);
#2922=ADVANCED_FACE('',(#2918),#2921,.T.);
#2923=VECTOR('',#15,4.5);
#2924=CARTESIAN_POINT('',(14.1,0.15,-3.5));
#2925=LINE('',#2924,#2923);
#2926=EDGE_CURVE('',#2842,#2850,#2925,.T.);
#2927=ORIENTED_EDGE('',*,*,#2926,.T.);
#2928=ORIENTED_EDGE('',*,*,#2892,.T.);
#2929=VECTOR('',#15,4.5);
#2930=CARTESIAN_POINT('',(14.9,0.15,-3.5));
#2931=LINE('',#2930,#2929);
#2932=EDGE_CURVE('',#2844,#2852,#2931,.T.);
#2933=ORIENTED_EDGE('',*,*,#2932,.F.);
#2934=ORIENTED_EDGE('',*,*,#2861,.F.);
#2935=EDGE_LOOP('',(#2927,#2928,#2933,#2934));
#2936=FACE_OUTER_BOUND('',#2935,.T.);
#2937=CARTESIAN_POINT('',(14.1,0.15,-3.5));
#2938=AXIS2_PLACEMENT_3D('',#2937,#34,#16);
#2939=PLANE('',#2938);
#2940=ADVANCED_FACE('',(#2936),#2939,.T.);
#2941=ORIENTED_EDGE('',*,*,#2915,.T.);
#2942=ORIENTED_EDGE('',*,*,#2897,.T.);
#2943=ORIENTED_EDGE('',*,*,#2926,.F.);
#2944=ORIENTED_EDGE('',*,*,#2856,.F.);
#2945=EDGE_LOOP('',(#2941,#2942,#2943,#2944));
#2946=FACE_OUTER_BOUND('',#2945,.T.);
#2947=CARTESIAN_POINT('',(14.1,-0.15,-3.5));
#2948=AXIS2_PLACEMENT_3D('',#2947,#132,#34);
#2949=PLANE('',#2948);
#2950=ADVANCED_FACE('',(#2946),#2949,.T.);
#2951=ORIENTED_EDGE('',*,*,#2866,.T.);
#2952=ORIENTED_EDGE('',*,*,#2932,.T.);
#2953=ORIENTED_EDGE('',*,*,#2887,.F.);
#2954=ORIENTED_EDGE('',*,*,#2909,.F.);
#2955=EDGE_LOOP('',(#2951,#2952,#2953,#2954));
#2956=FACE_OUTER_BOUND('',#2955,.T.);
#2957=CARTESIAN_POINT('',(14.9,-0.15,-3.5));
#2958=AXIS2_PLACEMENT_3D('',#2957,#16,#34);
#2959=PLANE('',#2958);
#2960=ADVANCED_FACE('',(#2956),#2959,.T.);
#2961=CLOSED_SHELL('',(#2878,#2904,#2922,#2940,#2950,#2960));
#2962=MANIFOLD_SOLID_BREP('Pin_4_v',#2961);
#2963=STYLED_ITEM('color',(#2200),#2962);
#2964=CARTESIAN_POINT('',(13.1,-0.15,0.6));
#2965=VERTEX_POINT('',#2964);
#2966=CARTESIAN_POINT('',(14.5,-0.15,0.6));
#2967=VERTEX_POINT('',#2966);
#2968=CARTESIAN_POINT('',(13.1,0.15,0.6));
#2969=VERTEX_POINT('',#2968);
#2970=CARTESIAN_POINT('',(14.5,0.15,0.6));
#2971=VERTEX_POINT('',#2970);
#2972=CARTESIAN_POINT('',(13.1,-0.15,1.));
#2973=VERTEX_POINT('',#2972);
#2974=CARTESIAN_POINT('',(14.5,-0.15,1.));
#2975=VERTEX_POINT('',#2974);
#2976=CARTESIAN_POINT('',(13.1,0.15,1.));
#2977=VERTEX_POINT('',#2976);
#2978=CARTESIAN_POINT('',(14.5,0.15,1.));
#2979=VERTEX_POINT('',#2978);
#2980=VECTOR('',#34,0.3);
#2981=CARTESIAN_POINT('',(13.1,-0.15,0.6));
#2982=LINE('',#2981,#2980);
#2983=EDGE_CURVE('',#2965,#2969,#2982,.T.);
#2984=ORIENTED_EDGE('',*,*,#2983,.T.);
#2985=VECTOR('',#16,1.4);
#2986=CARTESIAN_POINT('',(13.1,0.15,0.6));
#2987=LINE('',#2986,#2985);
#2988=EDGE_CURVE('',#2969,#2971,#2987,.T.);
#2989=ORIENTED_EDGE('',*,*,#2988,.T.);
#2990=VECTOR('',#34,0.3);
#2991=CARTESIAN_POINT('',(14.5,-0.15,0.6));
#2992=LINE('',#2991,#2990);
#2993=EDGE_CURVE('',#2967,#2971,#2992,.T.);
#2994=ORIENTED_EDGE('',*,*,#2993,.F.);
#2995=VECTOR('',#16,1.4);
#2996=CARTESIAN_POINT('',(13.1,-0.15,0.6));
#2997=LINE('',#2996,#2995);
#2998=EDGE_CURVE('',#2965,#2967,#2997,.T.);
#2999=ORIENTED_EDGE('',*,*,#2998,.F.);
#3000=EDGE_LOOP('',(#2984,#2989,#2994,#2999));
#3001=FACE_OUTER_BOUND('',#3000,.T.);
#3002=CARTESIAN_POINT('',(13.1,-0.15,0.6));
#3003=AXIS2_PLACEMENT_3D('',#3002,#58,#16);
#3004=PLANE('',#3003);
#3005=ADVANCED_FACE('',(#3001),#3004,.T.);
#3006=VECTOR('',#16,1.4);
#3007=CARTESIAN_POINT('',(13.1,-0.15,1.));
#3008=LINE('',#3007,#3006);
#3009=EDGE_CURVE('',#2973,#2975,#3008,.T.);
#3010=ORIENTED_EDGE('',*,*,#3009,.T.);
#3011=VECTOR('',#34,0.3);
#3012=CARTESIAN_POINT('',(14.5,-0.15,1.));
#3013=LINE('',#3012,#3011);
#3014=EDGE_CURVE('',#2975,#2979,#3013,.T.);
#3015=ORIENTED_EDGE('',*,*,#3014,.T.);
#3016=VECTOR('',#16,1.4);
#3017=CARTESIAN_POINT('',(13.1,0.15,1.));
#3018=LINE('',#3017,#3016);
#3019=EDGE_CURVE('',#2977,#2979,#3018,.T.);
#3020=ORIENTED_EDGE('',*,*,#3019,.F.);
#3021=VECTOR('',#34,0.3);
#3022=CARTESIAN_POINT('',(13.1,-0.15,1.));
#3023=LINE('',#3022,#3021);
#3024=EDGE_CURVE('',#2973,#2977,#3023,.T.);
#3025=ORIENTED_EDGE('',*,*,#3024,.F.);
#3026=EDGE_LOOP('',(#3010,#3015,#3020,#3025));
#3027=FACE_OUTER_BOUND('',#3026,.T.);
#3028=CARTESIAN_POINT('',(13.1,-0.15,1.));
#3029=AXIS2_PLACEMENT_3D('',#3028,#15,#16);
#3030=PLANE('',#3029);
#3031=ADVANCED_FACE('',(#3027),#3030,.T.);
#3032=ORIENTED_EDGE('',*,*,#2998,.T.);
#3033=VECTOR('',#15,0.4);
#3034=CARTESIAN_POINT('',(14.5,-0.15,0.6));
#3035=LINE('',#3034,#3033);
#3036=EDGE_CURVE('',#2967,#2975,#3035,.T.);
#3037=ORIENTED_EDGE('',*,*,#3036,.T.);
#3038=ORIENTED_EDGE('',*,*,#3009,.F.);
#3039=VECTOR('',#15,0.4);
#3040=CARTESIAN_POINT('',(13.1,-0.15,0.6));
#3041=LINE('',#3040,#3039);
#3042=EDGE_CURVE('',#2965,#2973,#3041,.T.);
#3043=ORIENTED_EDGE('',*,*,#3042,.F.);
#3044=EDGE_LOOP('',(#3032,#3037,#3038,#3043));
#3045=FACE_OUTER_BOUND('',#3044,.T.);
#3046=CARTESIAN_POINT('',(13.1,-0.15,0.6));
#3047=AXIS2_PLACEMENT_3D('',#3046,#103,#16);
#3048=PLANE('',#3047);
#3049=ADVANCED_FACE('',(#3045),#3048,.T.);
#3050=VECTOR('',#15,0.4);
#3051=CARTESIAN_POINT('',(13.1,0.15,0.6));
#3052=LINE('',#3051,#3050);
#3053=EDGE_CURVE('',#2969,#2977,#3052,.T.);
#3054=ORIENTED_EDGE('',*,*,#3053,.T.);
#3055=ORIENTED_EDGE('',*,*,#3019,.T.);
#3056=VECTOR('',#15,0.4);
#3057=CARTESIAN_POINT('',(14.5,0.15,0.6));
#3058=LINE('',#3057,#3056);
#3059=EDGE_CURVE('',#2971,#2979,#3058,.T.);
#3060=ORIENTED_EDGE('',*,*,#3059,.F.);
#3061=ORIENTED_EDGE('',*,*,#2988,.F.);
#3062=EDGE_LOOP('',(#3054,#3055,#3060,#3061));
#3063=FACE_OUTER_BOUND('',#3062,.T.);
#3064=CARTESIAN_POINT('',(13.1,0.15,0.6));
#3065=AXIS2_PLACEMENT_3D('',#3064,#34,#16);
#3066=PLANE('',#3065);
#3067=ADVANCED_FACE('',(#3063),#3066,.T.);
#3068=ORIENTED_EDGE('',*,*,#3042,.T.);
#3069=ORIENTED_EDGE('',*,*,#3024,.T.);
#3070=ORIENTED_EDGE('',*,*,#3053,.F.);
#3071=ORIENTED_EDGE('',*,*,#2983,.F.);
#3072=EDGE_LOOP('',(#3068,#3069,#3070,#3071));
#3073=FACE_OUTER_BOUND('',#3072,.T.);
#3074=CARTESIAN_POINT('',(13.1,-0.15,0.6));
#3075=AXIS2_PLACEMENT_3D('',#3074,#132,#34);
#3076=PLANE('',#3075);
#3077=ADVANCED_FACE('',(#3073),#3076,.T.);
#3078=ORIENTED_EDGE('',*,*,#2993,.T.);
#3079=ORIENTED_EDGE('',*,*,#3059,.T.);
#3080=ORIENTED_EDGE('',*,*,#3014,.F.);
#3081=ORIENTED_EDGE('',*,*,#3036,.F.);
#3082=EDGE_LOOP('',(#3078,#3079,#3080,#3081));
#3083=FACE_OUTER_BOUND('',#3082,.T.);
#3084=CARTESIAN_POINT('',(14.5,-0.15,0.6));
#3085=AXIS2_PLACEMENT_3D('',#3084,#16,#34);
#3086=PLANE('',#3085);
#3087=ADVANCED_FACE('',(#3083),#3086,.T.);
#3088=CLOSED_SHELL('',(#3005,#3031,#3049,#3067,#3077,#3087));
#3089=MANIFOLD_SOLID_BREP('Pin_4_h',#3088);
#3090=STYLED_ITEM('color',(#2200),#3089);
#3091=CARTESIAN_POINT('',(14.1,-5.15,-3.5));
#3092=VERTEX_POINT('',#3091);
#3093=CARTESIAN_POINT('',(14.9,-5.15,-3.5));
#3094=VERTEX_POINT('',#3093);
#3095=CARTESIAN_POINT('',(14.1,-4.85,-3.5));
#3096=VERTEX_POINT('',#3095);
#3097=CARTESIAN_POINT('',(14.9,-4.85,-3.5));
#3098=VERTEX_POINT('',#3097);
#3099=CARTESIAN_POINT('',(14.1,-5.15,1.));
#3100=VERTEX_POINT('',#3099);
#3101=CARTESIAN_POINT('',(14.9,-5.15,1.));
#3102=VERTEX_POINT('',#3101);
#3103=CARTESIAN_POINT('',(14.1,-4.85,1.));
#3104=VERTEX_POINT('',#3103);
#3105=CARTESIAN_POINT('',(14.9,-4.85,1.));
#3106=VERTEX_POINT('',#3105);
#3107=VECTOR('',#34,0.3);
#3108=CARTESIAN_POINT('',(14.1,-5.15,-3.5));
#3109=LINE('',#3108,#3107);
#3110=EDGE_CURVE('',#3092,#3096,#3109,.T.);
#3111=ORIENTED_EDGE('',*,*,#3110,.T.);
#3112=VECTOR('',#16,0.8);
#3113=CARTESIAN_POINT('',(14.1,-4.85,-3.5));
#3114=LINE('',#3113,#3112);
#3115=EDGE_CURVE('',#3096,#3098,#3114,.T.);
#3116=ORIENTED_EDGE('',*,*,#3115,.T.);
#3117=VECTOR('',#34,0.3);
#3118=CARTESIAN_POINT('',(14.9,-5.15,-3.5));
#3119=LINE('',#3118,#3117);
#3120=EDGE_CURVE('',#3094,#3098,#3119,.T.);
#3121=ORIENTED_EDGE('',*,*,#3120,.F.);
#3122=VECTOR('',#16,0.8);
#3123=CARTESIAN_POINT('',(14.1,-5.15,-3.5));
#3124=LINE('',#3123,#3122);
#3125=EDGE_CURVE('',#3092,#3094,#3124,.T.);
#3126=ORIENTED_EDGE('',*,*,#3125,.F.);
#3127=EDGE_LOOP('',(#3111,#3116,#3121,#3126));
#3128=FACE_OUTER_BOUND('',#3127,.T.);
#3129=CARTESIAN_POINT('',(14.1,-5.15,-3.5));
#3130=AXIS2_PLACEMENT_3D('',#3129,#58,#16);
#3131=PLANE('',#3130);
#3132=ADVANCED_FACE('',(#3128),#3131,.T.);
#3133=VECTOR('',#16,0.8);
#3134=CARTESIAN_POINT('',(14.1,-5.15,1.));
#3135=LINE('',#3134,#3133);
#3136=EDGE_CURVE('',#3100,#3102,#3135,.T.);
#3137=ORIENTED_EDGE('',*,*,#3136,.T.);
#3138=VECTOR('',#34,0.3);
#3139=CARTESIAN_POINT('',(14.9,-5.15,1.));
#3140=LINE('',#3139,#3138);
#3141=EDGE_CURVE('',#3102,#3106,#3140,.T.);
#3142=ORIENTED_EDGE('',*,*,#3141,.T.);
#3143=VECTOR('',#16,0.8);
#3144=CARTESIAN_POINT('',(14.1,-4.85,1.));
#3145=LINE('',#3144,#3143);
#3146=EDGE_CURVE('',#3104,#3106,#3145,.T.);
#3147=ORIENTED_EDGE('',*,*,#3146,.F.);
#3148=VECTOR('',#34,0.3);
#3149=CARTESIAN_POINT('',(14.1,-5.15,1.));
#3150=LINE('',#3149,#3148);
#3151=EDGE_CURVE('',#3100,#3104,#3150,.T.);
#3152=ORIENTED_EDGE('',*,*,#3151,.F.);
#3153=EDGE_LOOP('',(#3137,#3142,#3147,#3152));
#3154=FACE_OUTER_BOUND('',#3153,.T.);
#3155=CARTESIAN_POINT('',(14.1,-5.15,1.));
#3156=AXIS2_PLACEMENT_3D('',#3155,#15,#16);
#3157=PLANE('',#3156);
#3158=ADVANCED_FACE('',(#3154),#3157,.T.);
#3159=ORIENTED_EDGE('',*,*,#3125,.T.);
#3160=VECTOR('',#15,4.5);
#3161=CARTESIAN_POINT('',(14.9,-5.15,-3.5));
#3162=LINE('',#3161,#3160);
#3163=EDGE_CURVE('',#3094,#3102,#3162,.T.);
#3164=ORIENTED_EDGE('',*,*,#3163,.T.);
#3165=ORIENTED_EDGE('',*,*,#3136,.F.);
#3166=VECTOR('',#15,4.5);
#3167=CARTESIAN_POINT('',(14.1,-5.15,-3.5));
#3168=LINE('',#3167,#3166);
#3169=EDGE_CURVE('',#3092,#3100,#3168,.T.);
#3170=ORIENTED_EDGE('',*,*,#3169,.F.);
#3171=EDGE_LOOP('',(#3159,#3164,#3165,#3170));
#3172=FACE_OUTER_BOUND('',#3171,.T.);
#3173=CARTESIAN_POINT('',(14.1,-5.15,-3.5));
#3174=AXIS2_PLACEMENT_3D('',#3173,#103,#16);
#3175=PLANE('',#3174);
#3176=ADVANCED_FACE('',(#3172),#3175,.T.);
#3177=VECTOR('',#15,4.5);
#3178=CARTESIAN_POINT('',(14.1,-4.85,-3.5));
#3179=LINE('',#3178,#3177);
#3180=EDGE_CURVE('',#3096,#3104,#3179,.T.);
#3181=ORIENTED_EDGE('',*,*,#3180,.T.);
#3182=ORIENTED_EDGE('',*,*,#3146,.T.);
#3183=VECTOR('',#15,4.5);
#3184=CARTESIAN_POINT('',(14.9,-4.85,-3.5));
#3185=LINE('',#3184,#3183);
#3186=EDGE_CURVE('',#3098,#3106,#3185,.T.);
#3187=ORIENTED_EDGE('',*,*,#3186,.F.);
#3188=ORIENTED_EDGE('',*,*,#3115,.F.);
#3189=EDGE_LOOP('',(#3181,#3182,#3187,#3188));
#3190=FACE_OUTER_BOUND('',#3189,.T.);
#3191=CARTESIAN_POINT('',(14.1,-4.85,-3.5));
#3192=AXIS2_PLACEMENT_3D('',#3191,#34,#16);
#3193=PLANE('',#3192);
#3194=ADVANCED_FACE('',(#3190),#3193,.T.);
#3195=ORIENTED_EDGE('',*,*,#3169,.T.);
#3196=ORIENTED_EDGE('',*,*,#3151,.T.);
#3197=ORIENTED_EDGE('',*,*,#3180,.F.);
#3198=ORIENTED_EDGE('',*,*,#3110,.F.);
#3199=EDGE_LOOP('',(#3195,#3196,#3197,#3198));
#3200=FACE_OUTER_BOUND('',#3199,.T.);
#3201=CARTESIAN_POINT('',(14.1,-5.15,-3.5));
#3202=AXIS2_PLACEMENT_3D('',#3201,#132,#34);
#3203=PLANE('',#3202);
#3204=ADVANCED_FACE('',(#3200),#3203,.T.);
#3205=ORIENTED_EDGE('',*,*,#3120,.T.);
#3206=ORIENTED_EDGE('',*,*,#3186,.T.);
#3207=ORIENTED_EDGE('',*,*,#3141,.F.);
#3208=ORIENTED_EDGE('',*,*,#3163,.F.);
#3209=EDGE_LOOP('',(#3205,#3206,#3207,#3208));
#3210=FACE_OUTER_BOUND('',#3209,.T.);
#3211=CARTESIAN_POINT('',(14.9,-5.15,-3.5));
#3212=AXIS2_PLACEMENT_3D('',#3211,#16,#34);
#3213=PLANE('',#3212);
#3214=ADVANCED_FACE('',(#3210),#3213,.T.);
#3215=CLOSED_SHELL('',(#3132,#3158,#3176,#3194,#3204,#3214));
#3216=MANIFOLD_SOLID_BREP('Pin_5_v',#3215);
#3217=STYLED_ITEM('color',(#2200),#3216);
#3218=CARTESIAN_POINT('',(13.1,-5.15,0.6));
#3219=VERTEX_POINT('',#3218);
#3220=CARTESIAN_POINT('',(14.5,-5.15,0.6));
#3221=VERTEX_POINT('',#3220);
#3222=CARTESIAN_POINT('',(13.1,-4.85,0.6));
#3223=VERTEX_POINT('',#3222);
#3224=CARTESIAN_POINT('',(14.5,-4.85,0.6));
#3225=VERTEX_POINT('',#3224);
#3226=CARTESIAN_POINT('',(13.1,-5.15,1.));
#3227=VERTEX_POINT('',#3226);
#3228=CARTESIAN_POINT('',(14.5,-5.15,1.));
#3229=VERTEX_POINT('',#3228);
#3230=CARTESIAN_POINT('',(13.1,-4.85,1.));
#3231=VERTEX_POINT('',#3230);
#3232=CARTESIAN_POINT('',(14.5,-4.85,1.));
#3233=VERTEX_POINT('',#3232);
#3234=VECTOR('',#34,0.3);
#3235=CARTESIAN_POINT('',(13.1,-5.15,0.6));
#3236=LINE('',#3235,#3234);
#3237=EDGE_CURVE('',#3219,#3223,#3236,.T.);
#3238=ORIENTED_EDGE('',*,*,#3237,.T.);
#3239=VECTOR('',#16,1.4);
#3240=CARTESIAN_POINT('',(13.1,-4.85,0.6));
#3241=LINE('',#3240,#3239);
#3242=EDGE_CURVE('',#3223,#3225,#3241,.T.);
#3243=ORIENTED_EDGE('',*,*,#3242,.T.);
#3244=VECTOR('',#34,0.3);
#3245=CARTESIAN_POINT('',(14.5,-5.15,0.6));
#3246=LINE('',#3245,#3244);
#3247=EDGE_CURVE('',#3221,#3225,#3246,.T.);
#3248=ORIENTED_EDGE('',*,*,#3247,.F.);
#3249=VECTOR('',#16,1.4);
#3250=CARTESIAN_POINT('',(13.1,-5.15,0.6));
#3251=LINE('',#3250,#3249);
#3252=EDGE_CURVE('',#3219,#3221,#3251,.T.);
#3253=ORIENTED_EDGE('',*,*,#3252,.F.);
#3254=EDGE_LOOP('',(#3238,#3243,#3248,#3253));
#3255=FACE_OUTER_BOUND('',#3254,.T.);
#3256=CARTESIAN_POINT('',(13.1,-5.15,0.6));
#3257=AXIS2_PLACEMENT_3D('',#3256,#58,#16);
#3258=PLANE('',#3257);
#3259=ADVANCED_FACE('',(#3255),#3258,.T.);
#3260=VECTOR('',#16,1.4);
#3261=CARTESIAN_POINT('',(13.1,-5.15,1.));
#3262=LINE('',#3261,#3260);
#3263=EDGE_CURVE('',#3227,#3229,#3262,.T.);
#3264=ORIENTED_EDGE('',*,*,#3263,.T.);
#3265=VECTOR('',#34,0.3);
#3266=CARTESIAN_POINT('',(14.5,-5.15,1.));
#3267=LINE('',#3266,#3265);
#3268=EDGE_CURVE('',#3229,#3233,#3267,.T.);
#3269=ORIENTED_EDGE('',*,*,#3268,.T.);
#3270=VECTOR('',#16,1.4);
#3271=CARTESIAN_POINT('',(13.1,-4.85,1.));
#3272=LINE('',#3271,#3270);
#3273=EDGE_CURVE('',#3231,#3233,#3272,.T.);
#3274=ORIENTED_EDGE('',*,*,#3273,.F.);
#3275=VECTOR('',#34,0.3);
#3276=CARTESIAN_POINT('',(13.1,-5.15,1.));
#3277=LINE('',#3276,#3275);
#3278=EDGE_CURVE('',#3227,#3231,#3277,.T.);
#3279=ORIENTED_EDGE('',*,*,#3278,.F.);
#3280=EDGE_LOOP('',(#3264,#3269,#3274,#3279));
#3281=FACE_OUTER_BOUND('',#3280,.T.);
#3282=CARTESIAN_POINT('',(13.1,-5.15,1.));
#3283=AXIS2_PLACEMENT_3D('',#3282,#15,#16);
#3284=PLANE('',#3283);
#3285=ADVANCED_FACE('',(#3281),#3284,.T.);
#3286=ORIENTED_EDGE('',*,*,#3252,.T.);
#3287=VECTOR('',#15,0.4);
#3288=CARTESIAN_POINT('',(14.5,-5.15,0.6));
#3289=LINE('',#3288,#3287);
#3290=EDGE_CURVE('',#3221,#3229,#3289,.T.);
#3291=ORIENTED_EDGE('',*,*,#3290,.T.);
#3292=ORIENTED_EDGE('',*,*,#3263,.F.);
#3293=VECTOR('',#15,0.4);
#3294=CARTESIAN_POINT('',(13.1,-5.15,0.6));
#3295=LINE('',#3294,#3293);
#3296=EDGE_CURVE('',#3219,#3227,#3295,.T.);
#3297=ORIENTED_EDGE('',*,*,#3296,.F.);
#3298=EDGE_LOOP('',(#3286,#3291,#3292,#3297));
#3299=FACE_OUTER_BOUND('',#3298,.T.);
#3300=CARTESIAN_POINT('',(13.1,-5.15,0.6));
#3301=AXIS2_PLACEMENT_3D('',#3300,#103,#16);
#3302=PLANE('',#3301);
#3303=ADVANCED_FACE('',(#3299),#3302,.T.);
#3304=VECTOR('',#15,0.4);
#3305=CARTESIAN_POINT('',(13.1,-4.85,0.6));
#3306=LINE('',#3305,#3304);
#3307=EDGE_CURVE('',#3223,#3231,#3306,.T.);
#3308=ORIENTED_EDGE('',*,*,#3307,.T.);
#3309=ORIENTED_EDGE('',*,*,#3273,.T.);
#3310=VECTOR('',#15,0.4);
#3311=CARTESIAN_POINT('',(14.5,-4.85,0.6));
#3312=LINE('',#3311,#3310);
#3313=EDGE_CURVE('',#3225,#3233,#3312,.T.);
#3314=ORIENTED_EDGE('',*,*,#3313,.F.);
#3315=ORIENTED_EDGE('',*,*,#3242,.F.);
#3316=EDGE_LOOP('',(#3308,#3309,#3314,#3315));
#3317=FACE_OUTER_BOUND('',#3316,.T.);
#3318=CARTESIAN_POINT('',(13.1,-4.85,0.6));
#3319=AXIS2_PLACEMENT_3D('',#3318,#34,#16);
#3320=PLANE('',#3319);
#3321=ADVANCED_FACE('',(#3317),#3320,.T.);
#3322=ORIENTED_EDGE('',*,*,#3296,.T.);
#3323=ORIENTED_EDGE('',*,*,#3278,.T.);
#3324=ORIENTED_EDGE('',*,*,#3307,.F.);
#3325=ORIENTED_EDGE('',*,*,#3237,.F.);
#3326=EDGE_LOOP('',(#3322,#3323,#3324,#3325));
#3327=FACE_OUTER_BOUND('',#3326,.T.);
#3328=CARTESIAN_POINT('',(13.1,-5.15,0.6));
#3329=AXIS2_PLACEMENT_3D('',#3328,#132,#34);
#3330=PLANE('',#3329);
#3331=ADVANCED_FACE('',(#3327),#3330,.T.);
#3332=ORIENTED_EDGE('',*,*,#3247,.T.);
#3333=ORIENTED_EDGE('',*,*,#3313,.T.);
#3334=ORIENTED_EDGE('',*,*,#3268,.F.);
#3335=ORIENTED_EDGE('',*,*,#3290,.F.);
#3336=EDGE_LOOP('',(#3332,#3333,#3334,#3335));
#3337=FACE_OUTER_BOUND('',#3336,.T.);
#3338=CARTESIAN_POINT('',(14.5,-5.15,0.6));
#3339=AXIS2_PLACEMENT_3D('',#3338,#16,#34);
#3340=PLANE('',#3339);
#3341=ADVANCED_FACE('',(#3337),#3340,.T.);
#3342=CLOSED_SHELL('',(#3259,#3285,#3303,#3321,#3331,#3341));
#3343=MANIFOLD_SOLID_BREP('Pin_5_h',#3342);
#3344=STYLED_ITEM('color',(#2200),#3343);
#3345=ADVANCED_BREP_SHAPE_REPRESENTATION('',(#17,#147,#281,#415,#542,#669,#796,#923,#1050,#1177,#1304,#1431,#1558,#1685,#1812,#1939,#2066,#2193,#2327,#2454,#2581,#2708,#2835,#2962,#3089,#3216,#3343),#13);
#3346=SHAPE_DEFINITION_REPRESENTATION(#8,#3345);
#3347=MECHANICAL_DESIGN_GEOMETRIC_PRESENTATION_REPRESENTATION('',(#155,#289,#416,#543,#670,#797,#924,#1051,#1178,#1305,#1432,#1559,#1686,#1813,#1940,#2067,#2201,#2328,#2455,#2582,#2709,#2836,#2963,#3090,#3217,#3344),#13);
ENDSEC;
END-ISO-10303-21;
