ISO-10303-21;
HEADER;
FILE_DESCRIPTION(('Waveshare_2-CH_UART_TO_ETH simplified model'),'2;1');
FILE_NAME('Waveshare_2-CH_UART_TO_ETH.step','2026-09-23T00:00:00',('gopo'),(''),'step_boxes.py','','');
FILE_SCHEMA(('AUTOMOTIVE_DESIGN { 1 0 10303 214 1 1 1 1 }'));
ENDSEC;
DATA;
#1=APPLICATION_CONTEXT('core data for automotive mechanical design processes');
#2=APPLICATION_PROTOCOL_DEFINITION('international standard','automotive_design',2000,#1);
#3=PRODUCT_CONTEXT('',#1,'mechanical');
#4=PRODUCT('Waveshare_2-CH_UART_TO_ETH','Waveshare_2-CH_UART_TO_ETH','',(#3));
#5=PRODUCT_DEFINITION_FORMATION('','',#4);
#6=PRODUCT_DEFINITION_CONTEXT('part definition',#1,'design');
#7=PRODUCT_DEFINITION('design','',#5,#6);
#8=PRODUCT_DEFINITION_SHAPE('','',#7);
#9=( LENGTH_UNIT() NAMED_UNIT(*) SI_UNIT(.MILLI.,.METRE.) );
#10=( NAMED_UNIT(*) PLANE_ANGLE_UNIT() SI_UNIT($,.RADIAN.) );
#11=( NAMED_UNIT(*) SI_UNIT($,.STERADIAN.) SOLID_ANGLE_UNIT() );
#12=UNCERTAINTY_MEASURE_WITH_UNIT(LENGTH_MEASURE(1.E-07),#9,'distance_accuracy_value','confusion accuracy');
#13=( GEOMETRIC_REPRESENTATION_CONTEXT(3) GLOBAL_UNCERTAINTY_ASSIGNED_CONTEXT((#12)) GLOBAL_UNIT_ASSIGNED_CONTEXT((#9,#10,#11)) REPRESENTATION_CONTEXT('Context #1','3D Context with UNIT and UNCERTAINTY') );
#14=CARTESIAN_POINT('',(0.,0.,0.));
#15=DIRECTION('',(0.,0.,1.));
#16=DIRECTION('',(1.,0.,0.));
#17=AXIS2_PLACEMENT_3D('',#14,#15,#16);
#18=CARTESIAN_POINT('',(-51.15,-2.11,2.5));
#19=VERTEX_POINT('',#18);
#20=CARTESIAN_POINT('',(1.85,-2.11,2.5));
#21=VERTEX_POINT('',#20);
#22=CARTESIAN_POINT('',(-51.15,19.89,2.5));
#23=VERTEX_POINT('',#22);
#24=CARTESIAN_POINT('',(1.85,19.89,2.5));
#25=VERTEX_POINT('',#24);
#26=CARTESIAN_POINT('',(-51.15,-2.11,4.1));
#27=VERTEX_POINT('',#26);
#28=CARTESIAN_POINT('',(1.85,-2.11,4.1));
#29=VERTEX_POINT('',#28);
#30=CARTESIAN_POINT('',(-51.15,19.89,4.1));
#31=VERTEX_POINT('',#30);
#32=CARTESIAN_POINT('',(1.85,19.89,4.1));
#33=VERTEX_POINT('',#32);
#34=DIRECTION('',(0.,1.,0.));
#35=VECTOR('',#34,22.);
#36=CARTESIAN_POINT('',(-51.15,-2.11,2.5));
#37=LINE('',#36,#35);
#38=EDGE_CURVE('',#19,#23,#37,.T.);
#39=ORIENTED_EDGE('',*,*,#38,.T.);
#40=VECTOR('',#16,53.);
#41=CARTESIAN_POINT('',(-51.15,19.89,2.5));
#42=LINE('',#41,#40);
#43=EDGE_CURVE('',#23,#25,#42,.T.);
#44=ORIENTED_EDGE('',*,*,#43,.T.);
#45=VECTOR('',#34,22.);
#46=CARTESIAN_POINT('',(1.85,-2.11,2.5));
#47=LINE('',#46,#45);
#48=EDGE_CURVE('',#21,#25,#47,.T.);
#49=ORIENTED_EDGE('',*,*,#48,.F.);
#50=VECTOR('',#16,53.);
#51=CARTESIAN_POINT('',(-51.15,-2.11,2.5));
#52=LINE('',#51,#50);
#53=EDGE_CURVE('',#19,#21,#52,.T.);
#54=ORIENTED_EDGE('',*,*,#53,.F.);
#55=EDGE_LOOP('',(#39,#44,#49,#54));
#56=FACE_OUTER_BOUND('',#55,.T.);
#57=CARTESIAN_POINT('',(-51.15,-2.11,2.5));
#58=DIRECTION('',(0.,0.,-1.));
#59=AXIS2_PLACEMENT_3D('',#57,#58,#16);
#60=PLANE('',#59);
#61=ADVANCED_FACE('',(#56),#60,.T.);
#62=VECTOR('',#16,53.);
#63=CARTESIAN_POINT('',(-51.15,-2.11,4.1));
#64=LINE('',#63,#62);
#65=EDGE_CURVE('',#27,#29,#64,.T.);
#66=ORIENTED_EDGE('',*,*,#65,.T.);
#67=VECTOR('',#34,22.);
#68=CARTESIAN_POINT('',(1.85,-2.11,4.1));
#69=LINE('',#68,#67);
#70=EDGE_CURVE('',#29,#33,#69,.T.);
#71=ORIENTED_EDGE('',*,*,#70,.T.);
#72=VECTOR('',#16,53.);
#73=CARTESIAN_POINT('',(-51.15,19.89,4.1));
#74=LINE('',#73,#72);
#75=EDGE_CURVE('',#31,#33,#74,.T.);
#76=ORIENTED_EDGE('',*,*,#75,.F.);
#77=VECTOR('',#34,22.);
#78=CARTESIAN_POINT('',(-51.15,-2.11,4.1));
#79=LINE('',#78,#77);
#80=EDGE_CURVE('',#27,#31,#79,.T.);
#81=ORIENTED_EDGE('',*,*,#80,.F.);
#82=EDGE_LOOP('',(#66,#71,#76,#81));
#83=FACE_OUTER_BOUND('',#82,.T.);
#84=CARTESIAN_POINT('',(-51.15,-2.11,4.1));
#85=AXIS2_PLACEMENT_3D('',#84,#15,#16);
#86=PLANE('',#85);
#87=ADVANCED_FACE('',(#83),#86,.T.);
#88=ORIENTED_EDGE('',*,*,#53,.T.);
#89=VECTOR('',#15,1.6);
#90=CARTESIAN_POINT('',(1.85,-2.11,2.5));
#91=LINE('',#90,#89);
#92=EDGE_CURVE('',#21,#29,#91,.T.);
#93=ORIENTED_EDGE('',*,*,#92,.T.);
#94=ORIENTED_EDGE('',*,*,#65,.F.);
#95=VECTOR('',#15,1.6);
#96=CARTESIAN_POINT('',(-51.15,-2.11,2.5));
#97=LINE('',#96,#95);
#98=EDGE_CURVE('',#19,#27,#97,.T.);
#99=ORIENTED_EDGE('',*,*,#98,.F.);
#100=EDGE_LOOP('',(#88,#93,#94,#99));
#101=FACE_OUTER_BOUND('',#100,.T.);
#102=CARTESIAN_POINT('',(-51.15,-2.11,2.5));
#103=DIRECTION('',(0.,-1.,0.));
#104=AXIS2_PLACEMENT_3D('',#102,#103,#16);
#105=PLANE('',#104);
#106=ADVANCED_FACE('',(#101),#105,.T.);
#107=VECTOR('',#15,1.6);
#108=CARTESIAN_POINT('',(-51.15,19.89,2.5));
#109=LINE('',#108,#107);
#110=EDGE_CURVE('',#23,#31,#109,.T.);
#111=ORIENTED_EDGE('',*,*,#110,.T.);
#112=ORIENTED_EDGE('',*,*,#75,.T.);
#113=VECTOR('',#15,1.6);
#114=CARTESIAN_POINT('',(1.85,19.89,2.5));
#115=LINE('',#114,#113);
#116=EDGE_CURVE('',#25,#33,#115,.T.);
#117=ORIENTED_EDGE('',*,*,#116,.F.);
#118=ORIENTED_EDGE('',*,*,#43,.F.);
#119=EDGE_LOOP('',(#111,#112,#117,#118));
#120=FACE_OUTER_BOUND('',#119,.T.);
#121=CARTESIAN_POINT('',(-51.15,19.89,2.5));
#122=AXIS2_PLACEMENT_3D('',#121,#34,#16);
#123=PLANE('',#122);
#124=ADVANCED_FACE('',(#120),#123,.T.);
#125=ORIENTED_EDGE('',*,*,#98,.T.);
#126=ORIENTED_EDGE('',*,*,#80,.T.);
#127=ORIENTED_EDGE('',*,*,#110,.F.);
#128=ORIENTED_EDGE('',*,*,#38,.F.);
#129=EDGE_LOOP('',(#125,#126,#127,#128));
#130=FACE_OUTER_BOUND('',#129,.T.);
#131=CARTESIAN_POINT('',(-51.15,-2.11,2.5));
#132=DIRECTION('',(-1.,0.,0.));
#133=AXIS2_PLACEMENT_3D('',#131,#132,#34);
#134=PLANE('',#133);
#135=ADVANCED_FACE('',(#130),#134,.T.);
#136=ORIENTED_EDGE('',*,*,#48,.T.);
#137=ORIENTED_EDGE('',*,*,#116,.T.);
#138=ORIENTED_EDGE('',*,*,#70,.F.);
#139=ORIENTED_EDGE('',*,*,#92,.F.);
#140=EDGE_LOOP('',(#136,#137,#138,#139));
#141=FACE_OUTER_BOUND('',#140,.T.);
#142=CARTESIAN_POINT('',(1.85,-2.11,2.5));
#143=AXIS2_PLACEMENT_3D('',#142,#16,#34);
#144=PLANE('',#143);
#145=ADVANCED_FACE('',(#141),#144,.T.);
#146=CLOSED_SHELL('',(#61,#87,#106,#124,#135,#145));
#147=MANIFOLD_SOLID_BREP('PCB',#146);
#148=COLOUR_RGB('',0.05,0.25,0.65);
#149=FILL_AREA_STYLE_COLOUR('',#148);
#150=FILL_AREA_STYLE('',(#149));
#151=SURFACE_STYLE_FILL_AREA(#150);
#152=SURFACE_SIDE_STYLE('',(#151));
#153=SURFACE_STYLE_USAGE(.BOTH.,#152);
#154=PRESENTATION_STYLE_ASSIGNMENT((#153));
#155=STYLED_ITEM('color',(#154),#147);
#156=CARTESIAN_POINT('',(-55.45,0.89,2.5));
#157=VERTEX_POINT('',#156);
#158=CARTESIAN_POINT('',(-51.15,0.89,2.5));
#159=VERTEX_POINT('',#158);
#160=CARTESIAN_POINT('',(-55.45,16.89,2.5));
#161=VERTEX_POINT('',#160);
#162=CARTESIAN_POINT('',(-51.15,16.89,2.5));
#163=VERTEX_POINT('',#162);
#164=CARTESIAN_POINT('',(-55.45,0.89,17.5));
#165=VERTEX_POINT('',#164);
#166=CARTESIAN_POINT('',(-51.15,0.89,17.5));
#167=VERTEX_POINT('',#166);
#168=CARTESIAN_POINT('',(-55.45,16.89,17.5));
#169=VERTEX_POINT('',#168);
#170=CARTESIAN_POINT('',(-51.15,16.89,17.5));
#171=VERTEX_POINT('',#170);
#172=VECTOR('',#34,16.);
#173=CARTESIAN_POINT('',(-55.45,0.89,2.5));
#174=LINE('',#173,#172);
#175=EDGE_CURVE('',#157,#161,#174,.T.);
#176=ORIENTED_EDGE('',*,*,#175,.T.);
#177=VECTOR('',#16,4.3);
#178=CARTESIAN_POINT('',(-55.45,16.89,2.5));
#179=LINE('',#178,#177);
#180=EDGE_CURVE('',#161,#163,#179,.T.);
#181=ORIENTED_EDGE('',*,*,#180,.T.);
#182=VECTOR('',#34,16.);
#183=CARTESIAN_POINT('',(-51.15,0.89,2.5));
#184=LINE('',#183,#182);
#185=EDGE_CURVE('',#159,#163,#184,.T.);
#186=ORIENTED_EDGE('',*,*,#185,.F.);
#187=VECTOR('',#16,4.3);
#188=CARTESIAN_POINT('',(-55.45,0.89,2.5));
#189=LINE('',#188,#187);
#190=EDGE_CURVE('',#157,#159,#189,.T.);
#191=ORIENTED_EDGE('',*,*,#190,.F.);
#192=EDGE_LOOP('',(#176,#181,#186,#191));
#193=FACE_OUTER_BOUND('',#192,.T.);
#194=CARTESIAN_POINT('',(-55.45,0.89,2.5));
#195=AXIS2_PLACEMENT_3D('',#194,#58,#16);
#196=PLANE('',#195);
#197=ADVANCED_FACE('',(#193),#196,.T.);
#198=VECTOR('',#16,4.3);
#199=CARTESIAN_POINT('',(-55.45,0.89,17.5));
#200=LINE('',#199,#198);
#201=EDGE_CURVE('',#165,#167,#200,.T.);
#202=ORIENTED_EDGE('',*,*,#201,.T.);
#203=VECTOR('',#34,16.);
#204=CARTESIAN_POINT('',(-51.15,0.89,17.5));
#205=LINE('',#204,#203);
#206=EDGE_CURVE('',#167,#171,#205,.T.);
#207=ORIENTED_EDGE('',*,*,#206,.T.);
#208=VECTOR('',#16,4.3);
#209=CARTESIAN_POINT('',(-55.45,16.89,17.5));
#210=LINE('',#209,#208);
#211=EDGE_CURVE('',#169,#171,#210,.T.);
#212=ORIENTED_EDGE('',*,*,#211,.F.);
#213=VECTOR('',#34,16.);
#214=CARTESIAN_POINT('',(-55.45,0.89,17.5));
#215=LINE('',#214,#213);
#216=EDGE_CURVE('',#165,#169,#215,.T.);
#217=ORIENTED_EDGE('',*,*,#216,.F.);
#218=EDGE_LOOP('',(#202,#207,#212,#217));
#219=FACE_OUTER_BOUND('',#218,.T.);
#220=CARTESIAN_POINT('',(-55.45,0.89,17.5));
#221=AXIS2_PLACEMENT_3D('',#220,#15,#16);
#222=PLANE('',#221);
#223=ADVANCED_FACE('',(#219),#222,.T.);
#224=ORIENTED_EDGE('',*,*,#190,.T.);
#225=VECTOR('',#15,15.);
#226=CARTESIAN_POINT('',(-51.15,0.89,2.5));
#227=LINE('',#226,#225);
#228=EDGE_CURVE('',#159,#167,#227,.T.);
#229=ORIENTED_EDGE('',*,*,#228,.T.);
#230=ORIENTED_EDGE('',*,*,#201,.F.);
#231=VECTOR('',#15,15.);
#232=CARTESIAN_POINT('',(-55.45,0.89,2.5));
#233=LINE('',#232,#231);
#234=EDGE_CURVE('',#157,#165,#233,.T.);
#235=ORIENTED_EDGE('',*,*,#234,.F.);
#236=EDGE_LOOP('',(#224,#229,#230,#235));
#237=FACE_OUTER_BOUND('',#236,.T.);
#238=CARTESIAN_POINT('',(-55.45,0.89,2.5));
#239=AXIS2_PLACEMENT_3D('',#238,#103,#16);
#240=PLANE('',#239);
#241=ADVANCED_FACE('',(#237),#240,.T.);
#242=VECTOR('',#15,15.);
#243=CARTESIAN_POINT('',(-55.45,16.89,2.5));
#244=LINE('',#243,#242);
#245=EDGE_CURVE('',#161,#169,#244,.T.);
#246=ORIENTED_EDGE('',*,*,#245,.T.);
#247=ORIENTED_EDGE('',*,*,#211,.T.);
#248=VECTOR('',#15,15.);
#249=CARTESIAN_POINT('',(-51.15,16.89,2.5));
#250=LINE('',#249,#248);
#251=EDGE_CURVE('',#163,#171,#250,.T.);
#252=ORIENTED_EDGE('',*,*,#251,.F.);
#253=ORIENTED_EDGE('',*,*,#180,.F.);
#254=EDGE_LOOP('',(#246,#247,#252,#253));
#255=FACE_OUTER_BOUND('',#254,.T.);
#256=CARTESIAN_POINT('',(-55.45,16.89,2.5));
#257=AXIS2_PLACEMENT_3D('',#256,#34,#16);
#258=PLANE('',#257);
#259=ADVANCED_FACE('',(#255),#258,.T.);
#260=ORIENTED_EDGE('',*,*,#234,.T.);
#261=ORIENTED_EDGE('',*,*,#216,.T.);
#262=ORIENTED_EDGE('',*,*,#245,.F.);
#263=ORIENTED_EDGE('',*,*,#175,.F.);
#264=EDGE_LOOP('',(#260,#261,#262,#263));
#265=FACE_OUTER_BOUND('',#264,.T.);
#266=CARTESIAN_POINT('',(-55.45,0.89,2.5));
#267=AXIS2_PLACEMENT_3D('',#266,#132,#34);
#268=PLANE('',#267);
#269=ADVANCED_FACE('',(#265),#268,.T.);
#270=ORIENTED_EDGE('',*,*,#185,.T.);
#271=ORIENTED_EDGE('',*,*,#251,.T.);
#272=ORIENTED_EDGE('',*,*,#206,.F.);
#273=ORIENTED_EDGE('',*,*,#228,.F.);
#274=EDGE_LOOP('',(#270,#271,#272,#273));
#275=FACE_OUTER_BOUND('',#274,.T.);
#276=CARTESIAN_POINT('',(-51.15,0.89,2.5));
#277=AXIS2_PLACEMENT_3D('',#276,#16,#34);
#278=PLANE('',#277);
#279=ADVANCED_FACE('',(#275),#278,.T.);
#280=CLOSED_SHELL('',(#197,#223,#241,#259,#269,#279));
#281=MANIFOLD_SOLID_BREP('RJ45_overhang',#280);
#282=COLOUR_RGB('',0.78,0.78,0.8);
#283=FILL_AREA_STYLE_COLOUR('',#282);
#284=FILL_AREA_STYLE('',(#283));
#285=SURFACE_STYLE_FILL_AREA(#284);
#286=SURFACE_SIDE_STYLE('',(#285));
#287=SURFACE_STYLE_USAGE(.BOTH.,#286);
#288=PRESENTATION_STYLE_ASSIGNMENT((#287));
#289=STYLED_ITEM('color',(#288),#281);
#290=CARTESIAN_POINT('',(-51.15,0.89,4.1));
#291=VERTEX_POINT('',#290);
#292=CARTESIAN_POINT('',(-33.55,0.89,4.1));
#293=VERTEX_POINT('',#292);
#294=CARTESIAN_POINT('',(-51.15,16.89,4.1));
#295=VERTEX_POINT('',#294);
#296=CARTESIAN_POINT('',(-33.55,16.89,4.1));
#297=VERTEX_POINT('',#296);
#298=CARTESIAN_POINT('',(-51.15,0.89,17.5));
#299=VERTEX_POINT('',#298);
#300=CARTESIAN_POINT('',(-33.55,0.89,17.5));
#301=VERTEX_POINT('',#300);
#302=CARTESIAN_POINT('',(-51.15,16.89,17.5));
#303=VERTEX_POINT('',#302);
#304=CARTESIAN_POINT('',(-33.55,16.89,17.5));
#305=VERTEX_POINT('',#304);
#306=VECTOR('',#34,16.);
#307=CARTESIAN_POINT('',(-51.15,0.89,4.1));
#308=LINE('',#307,#306);
#309=EDGE_CURVE('',#291,#295,#308,.T.);
#310=ORIENTED_EDGE('',*,*,#309,.T.);
#311=VECTOR('',#16,17.6);
#312=CARTESIAN_POINT('',(-51.15,16.89,4.1));
#313=LINE('',#312,#311);
#314=EDGE_CURVE('',#295,#297,#313,.T.);
#315=ORIENTED_EDGE('',*,*,#314,.T.);
#316=VECTOR('',#34,16.);
#317=CARTESIAN_POINT('',(-33.55,0.89,4.1));
#318=LINE('',#317,#316);
#319=EDGE_CURVE('',#293,#297,#318,.T.);
#320=ORIENTED_EDGE('',*,*,#319,.F.);
#321=VECTOR('',#16,17.6);
#322=CARTESIAN_POINT('',(-51.15,0.89,4.1));
#323=LINE('',#322,#321);
#324=EDGE_CURVE('',#291,#293,#323,.T.);
#325=ORIENTED_EDGE('',*,*,#324,.F.);
#326=EDGE_LOOP('',(#310,#315,#320,#325));
#327=FACE_OUTER_BOUND('',#326,.T.);
#328=CARTESIAN_POINT('',(-51.15,0.89,4.1));
#329=AXIS2_PLACEMENT_3D('',#328,#58,#16);
#330=PLANE('',#329);
#331=ADVANCED_FACE('',(#327),#330,.T.);
#332=VECTOR('',#16,17.6);
#333=CARTESIAN_POINT('',(-51.15,0.89,17.5));
#334=LINE('',#333,#332);
#335=EDGE_CURVE('',#299,#301,#334,.T.);
#336=ORIENTED_EDGE('',*,*,#335,.T.);
#337=VECTOR('',#34,16.);
#338=CARTESIAN_POINT('',(-33.55,0.89,17.5));
#339=LINE('',#338,#337);
#340=EDGE_CURVE('',#301,#305,#339,.T.);
#341=ORIENTED_EDGE('',*,*,#340,.T.);
#342=VECTOR('',#16,17.6);
#343=CARTESIAN_POINT('',(-51.15,16.89,17.5));
#344=LINE('',#343,#342);
#345=EDGE_CURVE('',#303,#305,#344,.T.);
#346=ORIENTED_EDGE('',*,*,#345,.F.);
#347=VECTOR('',#34,16.);
#348=CARTESIAN_POINT('',(-51.15,0.89,17.5));
#349=LINE('',#348,#347);
#350=EDGE_CURVE('',#299,#303,#349,.T.);
#351=ORIENTED_EDGE('',*,*,#350,.F.);
#352=EDGE_LOOP('',(#336,#341,#346,#351));
#353=FACE_OUTER_BOUND('',#352,.T.);
#354=CARTESIAN_POINT('',(-51.15,0.89,17.5));
#355=AXIS2_PLACEMENT_3D('',#354,#15,#16);
#356=PLANE('',#355);
#357=ADVANCED_FACE('',(#353),#356,.T.);
#358=ORIENTED_EDGE('',*,*,#324,.T.);
#359=VECTOR('',#15,13.4);
#360=CARTESIAN_POINT('',(-33.55,0.89,4.1));
#361=LINE('',#360,#359);
#362=EDGE_CURVE('',#293,#301,#361,.T.);
#363=ORIENTED_EDGE('',*,*,#362,.T.);
#364=ORIENTED_EDGE('',*,*,#335,.F.);
#365=VECTOR('',#15,13.4);
#366=CARTESIAN_POINT('',(-51.15,0.89,4.1));
#367=LINE('',#366,#365);
#368=EDGE_CURVE('',#291,#299,#367,.T.);
#369=ORIENTED_EDGE('',*,*,#368,.F.);
#370=EDGE_LOOP('',(#358,#363,#364,#369));
#371=FACE_OUTER_BOUND('',#370,.T.);
#372=CARTESIAN_POINT('',(-51.15,0.89,4.1));
#373=AXIS2_PLACEMENT_3D('',#372,#103,#16);
#374=PLANE('',#373);
#375=ADVANCED_FACE('',(#371),#374,.T.);
#376=VECTOR('',#15,13.4);
#377=CARTESIAN_POINT('',(-51.15,16.89,4.1));
#378=LINE('',#377,#376);
#379=EDGE_CURVE('',#295,#303,#378,.T.);
#380=ORIENTED_EDGE('',*,*,#379,.T.);
#381=ORIENTED_EDGE('',*,*,#345,.T.);
#382=VECTOR('',#15,13.4);
#383=CARTESIAN_POINT('',(-33.55,16.89,4.1));
#384=LINE('',#383,#382);
#385=EDGE_CURVE('',#297,#305,#384,.T.);
#386=ORIENTED_EDGE('',*,*,#385,.F.);
#387=ORIENTED_EDGE('',*,*,#314,.F.);
#388=EDGE_LOOP('',(#380,#381,#386,#387));
#389=FACE_OUTER_BOUND('',#388,.T.);
#390=CARTESIAN_POINT('',(-51.15,16.89,4.1));
#391=AXIS2_PLACEMENT_3D('',#390,#34,#16);
#392=PLANE('',#391);
#393=ADVANCED_FACE('',(#389),#392,.T.);
#394=ORIENTED_EDGE('',*,*,#368,.T.);
#395=ORIENTED_EDGE('',*,*,#350,.T.);
#396=ORIENTED_EDGE('',*,*,#379,.F.);
#397=ORIENTED_EDGE('',*,*,#309,.F.);
#398=EDGE_LOOP('',(#394,#395,#396,#397));
#399=FACE_OUTER_BOUND('',#398,.T.);
#400=CARTESIAN_POINT('',(-51.15,0.89,4.1));
#401=AXIS2_PLACEMENT_3D('',#400,#132,#34);
#402=PLANE('',#401);
#403=ADVANCED_FACE('',(#399),#402,.T.);
#404=ORIENTED_EDGE('',*,*,#319,.T.);
#405=ORIENTED_EDGE('',*,*,#385,.T.);
#406=ORIENTED_EDGE('',*,*,#340,.F.);
#407=ORIENTED_EDGE('',*,*,#362,.F.);
#408=EDGE_LOOP('',(#404,#405,#406,#407));
#409=FACE_OUTER_BOUND('',#408,.T.);
#410=CARTESIAN_POINT('',(-33.55,0.89,4.1));
#411=AXIS2_PLACEMENT_3D('',#410,#16,#34);
#412=PLANE('',#411);
#413=ADVANCED_FACE('',(#409),#412,.T.);
#414=CLOSED_SHELL('',(#331,#357,#375,#393,#403,#413));
#415=MANIFOLD_SOLID_BREP('RJ45',#414);
#416=STYLED_ITEM('color',(#288),#415);
#417=CARTESIAN_POINT('',(-55.55,3.09,5.));
#418=VERTEX_POINT('',#417);
#419=CARTESIAN_POINT('',(-55.45,3.09,5.));
#420=VERTEX_POINT('',#419);
#421=CARTESIAN_POINT('',(-55.55,14.69,5.));
#422=VERTEX_POINT('',#421);
#423=CARTESIAN_POINT('',(-55.45,14.69,5.));
#424=VERTEX_POINT('',#423);
#425=CARTESIAN_POINT('',(-55.55,3.09,14.));
#426=VERTEX_POINT('',#425);
#427=CARTESIAN_POINT('',(-55.45,3.09,14.));
#428=VERTEX_POINT('',#427);
#429=CARTESIAN_POINT('',(-55.55,14.69,14.));
#430=VERTEX_POINT('',#429);
#431=CARTESIAN_POINT('',(-55.45,14.69,14.));
#432=VERTEX_POINT('',#431);
#433=VECTOR('',#34,11.6);
#434=CARTESIAN_POINT('',(-55.55,3.09,5.));
#435=LINE('',#434,#433);
#436=EDGE_CURVE('',#418,#422,#435,.T.);
#437=ORIENTED_EDGE('',*,*,#436,.T.);
#438=VECTOR('',#16,0.1);
#439=CARTESIAN_POINT('',(-55.55,14.69,5.));
#440=LINE('',#439,#438);
#441=EDGE_CURVE('',#422,#424,#440,.T.);
#442=ORIENTED_EDGE('',*,*,#441,.T.);
#443=VECTOR('',#34,11.6);
#444=CARTESIAN_POINT('',(-55.45,3.09,5.));
#445=LINE('',#444,#443);
#446=EDGE_CURVE('',#420,#424,#445,.T.);
#447=ORIENTED_EDGE('',*,*,#446,.F.);
#448=VECTOR('',#16,0.1);
#449=CARTESIAN_POINT('',(-55.55,3.09,5.));
#450=LINE('',#449,#448);
#451=EDGE_CURVE('',#418,#420,#450,.T.);
#452=ORIENTED_EDGE('',*,*,#451,.F.);
#453=EDGE_LOOP('',(#437,#442,#447,#452));
#454=FACE_OUTER_BOUND('',#453,.T.);
#455=CARTESIAN_POINT('',(-55.55,3.09,5.));
#456=AXIS2_PLACEMENT_3D('',#455,#58,#16);
#457=PLANE('',#456);
#458=ADVANCED_FACE('',(#454),#457,.T.);
#459=VECTOR('',#16,0.1);
#460=CARTESIAN_POINT('',(-55.55,3.09,14.));
#461=LINE('',#460,#459);
#462=EDGE_CURVE('',#426,#428,#461,.T.);
#463=ORIENTED_EDGE('',*,*,#462,.T.);
#464=VECTOR('',#34,11.6);
#465=CARTESIAN_POINT('',(-55.45,3.09,14.));
#466=LINE('',#465,#464);
#467=EDGE_CURVE('',#428,#432,#466,.T.);
#468=ORIENTED_EDGE('',*,*,#467,.T.);
#469=VECTOR('',#16,0.1);
#470=CARTESIAN_POINT('',(-55.55,14.69,14.));
#471=LINE('',#470,#469);
#472=EDGE_CURVE('',#430,#432,#471,.T.);
#473=ORIENTED_EDGE('',*,*,#472,.F.);
#474=VECTOR('',#34,11.6);
#475=CARTESIAN_POINT('',(-55.55,3.09,14.));
#476=LINE('',#475,#474);
#477=EDGE_CURVE('',#426,#430,#476,.T.);
#478=ORIENTED_EDGE('',*,*,#477,.F.);
#479=EDGE_LOOP('',(#463,#468,#473,#478));
#480=FACE_OUTER_BOUND('',#479,.T.);
#481=CARTESIAN_POINT('',(-55.55,3.09,14.));
#482=AXIS2_PLACEMENT_3D('',#481,#15,#16);
#483=PLANE('',#482);
#484=ADVANCED_FACE('',(#480),#483,.T.);
#485=ORIENTED_EDGE('',*,*,#451,.T.);
#486=VECTOR('',#15,9.);
#487=CARTESIAN_POINT('',(-55.45,3.09,5.));
#488=LINE('',#487,#486);
#489=EDGE_CURVE('',#420,#428,#488,.T.);
#490=ORIENTED_EDGE('',*,*,#489,.T.);
#491=ORIENTED_EDGE('',*,*,#462,.F.);
#492=VECTOR('',#15,9.);
#493=CARTESIAN_POINT('',(-55.55,3.09,5.));
#494=LINE('',#493,#492);
#495=EDGE_CURVE('',#418,#426,#494,.T.);
#496=ORIENTED_EDGE('',*,*,#495,.F.);
#497=EDGE_LOOP('',(#485,#490,#491,#496));
#498=FACE_OUTER_BOUND('',#497,.T.);
#499=CARTESIAN_POINT('',(-55.55,3.09,5.));
#500=AXIS2_PLACEMENT_3D('',#499,#103,#16);
#501=PLANE('',#500);
#502=ADVANCED_FACE('',(#498),#501,.T.);
#503=VECTOR('',#15,9.);
#504=CARTESIAN_POINT('',(-55.55,14.69,5.));
#505=LINE('',#504,#503);
#506=EDGE_CURVE('',#422,#430,#505,.T.);
#507=ORIENTED_EDGE('',*,*,#506,.T.);
#508=ORIENTED_EDGE('',*,*,#472,.T.);
#509=VECTOR('',#15,9.);
#510=CARTESIAN_POINT('',(-55.45,14.69,5.));
#511=LINE('',#510,#509);
#512=EDGE_CURVE('',#424,#432,#511,.T.);
#513=ORIENTED_EDGE('',*,*,#512,.F.);
#514=ORIENTED_EDGE('',*,*,#441,.F.);
#515=EDGE_LOOP('',(#507,#508,#513,#514));
#516=FACE_OUTER_BOUND('',#515,.T.);
#517=CARTESIAN_POINT('',(-55.55,14.69,5.));
#518=AXIS2_PLACEMENT_3D('',#517,#34,#16);
#519=PLANE('',#518);
#520=ADVANCED_FACE('',(#516),#519,.T.);
#521=ORIENTED_EDGE('',*,*,#495,.T.);
#522=ORIENTED_EDGE('',*,*,#477,.T.);
#523=ORIENTED_EDGE('',*,*,#506,.F.);
#524=ORIENTED_EDGE('',*,*,#436,.F.);
#525=EDGE_LOOP('',(#521,#522,#523,#524));
#526=FACE_OUTER_BOUND('',#525,.T.);
#527=CARTESIAN_POINT('',(-55.55,3.09,5.));
#528=AXIS2_PLACEMENT_3D('',#527,#132,#34);
#529=PLANE('',#528);
#530=ADVANCED_FACE('',(#526),#529,.T.);
#531=ORIENTED_EDGE('',*,*,#446,.T.);
#532=ORIENTED_EDGE('',*,*,#512,.T.);
#533=ORIENTED_EDGE('',*,*,#467,.F.);
#534=ORIENTED_EDGE('',*,*,#489,.F.);
#535=EDGE_LOOP('',(#531,#532,#533,#534));
#536=FACE_OUTER_BOUND('',#535,.T.);
#537=CARTESIAN_POINT('',(-55.45,3.09,5.));
#538=AXIS2_PLACEMENT_3D('',#537,#16,#34);
#539=PLANE('',#538);
#540=ADVANCED_FACE('',(#536),#539,.T.);
#541=CLOSED_SHELL('',(#458,#484,#502,#520,#530,#540));
#542=MANIFOLD_SOLID_BREP('RJ45_port',#541);
#543=COLOUR_RGB('',0.08,0.08,0.08);
#544=FILL_AREA_STYLE_COLOUR('',#543);
#545=FILL_AREA_STYLE('',(#544));
#546=SURFACE_STYLE_FILL_AREA(#545);
#547=SURFACE_SIDE_STYLE('',(#546));
#548=SURFACE_STYLE_USAGE(.BOTH.,#547);
#549=PRESENTATION_STYLE_ASSIGNMENT((#548));
#550=STYLED_ITEM('color',(#549),#542);
#551=CARTESIAN_POINT('',(-26.75,4.39,4.1));
#552=VERTEX_POINT('',#551);
#553=CARTESIAN_POINT('',(-16.75,4.39,4.1));
#554=VERTEX_POINT('',#553);
#555=CARTESIAN_POINT('',(-26.75,14.39,4.1));
#556=VERTEX_POINT('',#555);
#557=CARTESIAN_POINT('',(-16.75,14.39,4.1));
#558=VERTEX_POINT('',#557);
#559=CARTESIAN_POINT('',(-26.75,4.39,5.5));
#560=VERTEX_POINT('',#559);
#561=CARTESIAN_POINT('',(-16.75,4.39,5.5));
#562=VERTEX_POINT('',#561);
#563=CARTESIAN_POINT('',(-26.75,14.39,5.5));
#564=VERTEX_POINT('',#563);
#565=CARTESIAN_POINT('',(-16.75,14.39,5.5));
#566=VERTEX_POINT('',#565);
#567=VECTOR('',#34,10.);
#568=CARTESIAN_POINT('',(-26.75,4.39,4.1));
#569=LINE('',#568,#567);
#570=EDGE_CURVE('',#552,#556,#569,.T.);
#571=ORIENTED_EDGE('',*,*,#570,.T.);
#572=VECTOR('',#16,10.);
#573=CARTESIAN_POINT('',(-26.75,14.39,4.1));
#574=LINE('',#573,#572);
#575=EDGE_CURVE('',#556,#558,#574,.T.);
#576=ORIENTED_EDGE('',*,*,#575,.T.);
#577=VECTOR('',#34,10.);
#578=CARTESIAN_POINT('',(-16.75,4.39,4.1));
#579=LINE('',#578,#577);
#580=EDGE_CURVE('',#554,#558,#579,.T.);
#581=ORIENTED_EDGE('',*,*,#580,.F.);
#582=VECTOR('',#16,10.);
#583=CARTESIAN_POINT('',(-26.75,4.39,4.1));
#584=LINE('',#583,#582);
#585=EDGE_CURVE('',#552,#554,#584,.T.);
#586=ORIENTED_EDGE('',*,*,#585,.F.);
#587=EDGE_LOOP('',(#571,#576,#581,#586));
#588=FACE_OUTER_BOUND('',#587,.T.);
#589=CARTESIAN_POINT('',(-26.75,4.39,4.1));
#590=AXIS2_PLACEMENT_3D('',#589,#58,#16);
#591=PLANE('',#590);
#592=ADVANCED_FACE('',(#588),#591,.T.);
#593=VECTOR('',#16,10.);
#594=CARTESIAN_POINT('',(-26.75,4.39,5.5));
#595=LINE('',#594,#593);
#596=EDGE_CURVE('',#560,#562,#595,.T.);
#597=ORIENTED_EDGE('',*,*,#596,.T.);
#598=VECTOR('',#34,10.);
#599=CARTESIAN_POINT('',(-16.75,4.39,5.5));
#600=LINE('',#599,#598);
#601=EDGE_CURVE('',#562,#566,#600,.T.);
#602=ORIENTED_EDGE('',*,*,#601,.T.);
#603=VECTOR('',#16,10.);
#604=CARTESIAN_POINT('',(-26.75,14.39,5.5));
#605=LINE('',#604,#603);
#606=EDGE_CURVE('',#564,#566,#605,.T.);
#607=ORIENTED_EDGE('',*,*,#606,.F.);
#608=VECTOR('',#34,10.);
#609=CARTESIAN_POINT('',(-26.75,4.39,5.5));
#610=LINE('',#609,#608);
#611=EDGE_CURVE('',#560,#564,#610,.T.);
#612=ORIENTED_EDGE('',*,*,#611,.F.);
#613=EDGE_LOOP('',(#597,#602,#607,#612));
#614=FACE_OUTER_BOUND('',#613,.T.);
#615=CARTESIAN_POINT('',(-26.75,4.39,5.5));
#616=AXIS2_PLACEMENT_3D('',#615,#15,#16);
#617=PLANE('',#616);
#618=ADVANCED_FACE('',(#614),#617,.T.);
#619=ORIENTED_EDGE('',*,*,#585,.T.);
#620=VECTOR('',#15,1.4);
#621=CARTESIAN_POINT('',(-16.75,4.39,4.1));
#622=LINE('',#621,#620);
#623=EDGE_CURVE('',#554,#562,#622,.T.);
#624=ORIENTED_EDGE('',*,*,#623,.T.);
#625=ORIENTED_EDGE('',*,*,#596,.F.);
#626=VECTOR('',#15,1.4);
#627=CARTESIAN_POINT('',(-26.75,4.39,4.1));
#628=LINE('',#627,#626);
#629=EDGE_CURVE('',#552,#560,#628,.T.);
#630=ORIENTED_EDGE('',*,*,#629,.F.);
#631=EDGE_LOOP('',(#619,#624,#625,#630));
#632=FACE_OUTER_BOUND('',#631,.T.);
#633=CARTESIAN_POINT('',(-26.75,4.39,4.1));
#634=AXIS2_PLACEMENT_3D('',#633,#103,#16);
#635=PLANE('',#634);
#636=ADVANCED_FACE('',(#632),#635,.T.);
#637=VECTOR('',#15,1.4);
#638=CARTESIAN_POINT('',(-26.75,14.39,4.1));
#639=LINE('',#638,#637);
#640=EDGE_CURVE('',#556,#564,#639,.T.);
#641=ORIENTED_EDGE('',*,*,#640,.T.);
#642=ORIENTED_EDGE('',*,*,#606,.T.);
#643=VECTOR('',#15,1.4);
#644=CARTESIAN_POINT('',(-16.75,14.39,4.1));
#645=LINE('',#644,#643);
#646=EDGE_CURVE('',#558,#566,#645,.T.);
#647=ORIENTED_EDGE('',*,*,#646,.F.);
#648=ORIENTED_EDGE('',*,*,#575,.F.);
#649=EDGE_LOOP('',(#641,#642,#647,#648));
#650=FACE_OUTER_BOUND('',#649,.T.);
#651=CARTESIAN_POINT('',(-26.75,14.39,4.1));
#652=AXIS2_PLACEMENT_3D('',#651,#34,#16);
#653=PLANE('',#652);
#654=ADVANCED_FACE('',(#650),#653,.T.);
#655=ORIENTED_EDGE('',*,*,#629,.T.);
#656=ORIENTED_EDGE('',*,*,#611,.T.);
#657=ORIENTED_EDGE('',*,*,#640,.F.);
#658=ORIENTED_EDGE('',*,*,#570,.F.);
#659=EDGE_LOOP('',(#655,#656,#657,#658));
#660=FACE_OUTER_BOUND('',#659,.T.);
#661=CARTESIAN_POINT('',(-26.75,4.39,4.1));
#662=AXIS2_PLACEMENT_3D('',#661,#132,#34);
#663=PLANE('',#662);
#664=ADVANCED_FACE('',(#660),#663,.T.);
#665=ORIENTED_EDGE('',*,*,#580,.T.);
#666=ORIENTED_EDGE('',*,*,#646,.T.);
#667=ORIENTED_EDGE('',*,*,#601,.F.);
#668=ORIENTED_EDGE('',*,*,#623,.F.);
#669=EDGE_LOOP('',(#665,#666,#667,#668));
#670=FACE_OUTER_BOUND('',#669,.T.);
#671=CARTESIAN_POINT('',(-16.75,4.39,4.1));
#672=AXIS2_PLACEMENT_3D('',#671,#16,#34);
#673=PLANE('',#672);
#674=ADVANCED_FACE('',(#670),#673,.T.);
#675=CLOSED_SHELL('',(#592,#618,#636,#654,#664,#674));
#676=MANIFOLD_SOLID_BREP('CH9121',#675);
#677=STYLED_ITEM('color',(#549),#676);
#678=CARTESIAN_POINT('',(-11.65,12.59,4.1));
#679=VERTEX_POINT('',#678);
#680=CARTESIAN_POINT('',(-5.75,12.59,4.1));
#681=VERTEX_POINT('',#680);
#682=CARTESIAN_POINT('',(-11.65,17.29,4.1));
#683=VERTEX_POINT('',#682);
#684=CARTESIAN_POINT('',(-5.75,17.29,4.1));
#685=VERTEX_POINT('',#684);
#686=CARTESIAN_POINT('',(-11.65,12.59,5.7));
#687=VERTEX_POINT('',#686);
#688=CARTESIAN_POINT('',(-5.75,12.59,5.7));
#689=VERTEX_POINT('',#688);
#690=CARTESIAN_POINT('',(-11.65,17.29,5.7));
#691=VERTEX_POINT('',#690);
#692=CARTESIAN_POINT('',(-5.75,17.29,5.7));
#693=VERTEX_POINT('',#692);
#694=VECTOR('',#34,4.7);
#695=CARTESIAN_POINT('',(-11.65,12.59,4.1));
#696=LINE('',#695,#694);
#697=EDGE_CURVE('',#679,#683,#696,.T.);
#698=ORIENTED_EDGE('',*,*,#697,.T.);
#699=VECTOR('',#16,5.9);
#700=CARTESIAN_POINT('',(-11.65,17.29,4.1));
#701=LINE('',#700,#699);
#702=EDGE_CURVE('',#683,#685,#701,.T.);
#703=ORIENTED_EDGE('',*,*,#702,.T.);
#704=VECTOR('',#34,4.7);
#705=CARTESIAN_POINT('',(-5.75,12.59,4.1));
#706=LINE('',#705,#704);
#707=EDGE_CURVE('',#681,#685,#706,.T.);
#708=ORIENTED_EDGE('',*,*,#707,.F.);
#709=VECTOR('',#16,5.9);
#710=CARTESIAN_POINT('',(-11.65,12.59,4.1));
#711=LINE('',#710,#709);
#712=EDGE_CURVE('',#679,#681,#711,.T.);
#713=ORIENTED_EDGE('',*,*,#712,.F.);
#714=EDGE_LOOP('',(#698,#703,#708,#713));
#715=FACE_OUTER_BOUND('',#714,.T.);
#716=CARTESIAN_POINT('',(-11.65,12.59,4.1));
#717=AXIS2_PLACEMENT_3D('',#716,#58,#16);
#718=PLANE('',#717);
#719=ADVANCED_FACE('',(#715),#718,.T.);
#720=VECTOR('',#16,5.9);
#721=CARTESIAN_POINT('',(-11.65,12.59,5.7));
#722=LINE('',#721,#720);
#723=EDGE_CURVE('',#687,#689,#722,.T.);
#724=ORIENTED_EDGE('',*,*,#723,.T.);
#725=VECTOR('',#34,4.7);
#726=CARTESIAN_POINT('',(-5.75,12.59,5.7));
#727=LINE('',#726,#725);
#728=EDGE_CURVE('',#689,#693,#727,.T.);
#729=ORIENTED_EDGE('',*,*,#728,.T.);
#730=VECTOR('',#16,5.9);
#731=CARTESIAN_POINT('',(-11.65,17.29,5.7));
#732=LINE('',#731,#730);
#733=EDGE_CURVE('',#691,#693,#732,.T.);
#734=ORIENTED_EDGE('',*,*,#733,.F.);
#735=VECTOR('',#34,4.7);
#736=CARTESIAN_POINT('',(-11.65,12.59,5.7));
#737=LINE('',#736,#735);
#738=EDGE_CURVE('',#687,#691,#737,.T.);
#739=ORIENTED_EDGE('',*,*,#738,.F.);
#740=EDGE_LOOP('',(#724,#729,#734,#739));
#741=FACE_OUTER_BOUND('',#740,.T.);
#742=CARTESIAN_POINT('',(-11.65,12.59,5.7));
#743=AXIS2_PLACEMENT_3D('',#742,#15,#16);
#744=PLANE('',#743);
#745=ADVANCED_FACE('',(#741),#744,.T.);
#746=ORIENTED_EDGE('',*,*,#712,.T.);
#747=VECTOR('',#15,1.6);
#748=CARTESIAN_POINT('',(-5.75,12.59,4.1));
#749=LINE('',#748,#747);
#750=EDGE_CURVE('',#681,#689,#749,.T.);
#751=ORIENTED_EDGE('',*,*,#750,.T.);
#752=ORIENTED_EDGE('',*,*,#723,.F.);
#753=VECTOR('',#15,1.6);
#754=CARTESIAN_POINT('',(-11.65,12.59,4.1));
#755=LINE('',#754,#753);
#756=EDGE_CURVE('',#679,#687,#755,.T.);
#757=ORIENTED_EDGE('',*,*,#756,.F.);
#758=EDGE_LOOP('',(#746,#751,#752,#757));
#759=FACE_OUTER_BOUND('',#758,.T.);
#760=CARTESIAN_POINT('',(-11.65,12.59,4.1));
#761=AXIS2_PLACEMENT_3D('',#760,#103,#16);
#762=PLANE('',#761);
#763=ADVANCED_FACE('',(#759),#762,.T.);
#764=VECTOR('',#15,1.6);
#765=CARTESIAN_POINT('',(-11.65,17.29,4.1));
#766=LINE('',#765,#764);
#767=EDGE_CURVE('',#683,#691,#766,.T.);
#768=ORIENTED_EDGE('',*,*,#767,.T.);
#769=ORIENTED_EDGE('',*,*,#733,.T.);
#770=VECTOR('',#15,1.6);
#771=CARTESIAN_POINT('',(-5.75,17.29,4.1));
#772=LINE('',#771,#770);
#773=EDGE_CURVE('',#685,#693,#772,.T.);
#774=ORIENTED_EDGE('',*,*,#773,.F.);
#775=ORIENTED_EDGE('',*,*,#702,.F.);
#776=EDGE_LOOP('',(#768,#769,#774,#775));
#777=FACE_OUTER_BOUND('',#776,.T.);
#778=CARTESIAN_POINT('',(-11.65,17.29,4.1));
#779=AXIS2_PLACEMENT_3D('',#778,#34,#16);
#780=PLANE('',#779);
#781=ADVANCED_FACE('',(#777),#780,.T.);
#782=ORIENTED_EDGE('',*,*,#756,.T.);
#783=ORIENTED_EDGE('',*,*,#738,.T.);
#784=ORIENTED_EDGE('',*,*,#767,.F.);
#785=ORIENTED_EDGE('',*,*,#697,.F.);
#786=EDGE_LOOP('',(#782,#783,#784,#785));
#787=FACE_OUTER_BOUND('',#786,.T.);
#788=CARTESIAN_POINT('',(-11.65,12.59,4.1));
#789=AXIS2_PLACEMENT_3D('',#788,#132,#34);
#790=PLANE('',#789);
#791=ADVANCED_FACE('',(#787),#790,.T.);
#792=ORIENTED_EDGE('',*,*,#707,.T.);
#793=ORIENTED_EDGE('',*,*,#773,.T.);
#794=ORIENTED_EDGE('',*,*,#728,.F.);
#795=ORIENTED_EDGE('',*,*,#750,.F.);
#796=EDGE_LOOP('',(#792,#793,#794,#795));
#797=FACE_OUTER_BOUND('',#796,.T.);
#798=CARTESIAN_POINT('',(-5.75,12.59,4.1));
#799=AXIS2_PLACEMENT_3D('',#798,#16,#34);
#800=PLANE('',#799);
#801=ADVANCED_FACE('',(#797),#800,.T.);
#802=CLOSED_SHELL('',(#719,#745,#763,#781,#791,#801));
#803=MANIFOLD_SOLID_BREP('AMS1117',#802);
#804=STYLED_ITEM('color',(#549),#803);
#805=CARTESIAN_POINT('',(-3.81,-1.27,0.));
#806=VERTEX_POINT('',#805);
#807=CARTESIAN_POINT('',(1.27,-1.27,0.));
#808=VERTEX_POINT('',#807);
#809=CARTESIAN_POINT('',(-3.81,19.05,0.));
#810=VERTEX_POINT('',#809);
#811=CARTESIAN_POINT('',(1.27,19.05,0.));
#812=VERTEX_POINT('',#811);
#813=CARTESIAN_POINT('',(-3.81,-1.27,2.5));
#814=VERTEX_POINT('',#813);
#815=CARTESIAN_POINT('',(1.27,-1.27,2.5));
#816=VERTEX_POINT('',#815);
#817=CARTESIAN_POINT('',(-3.81,19.05,2.5));
#818=VERTEX_POINT('',#817);
#819=CARTESIAN_POINT('',(1.27,19.05,2.5));
#820=VERTEX_POINT('',#819);
#821=VECTOR('',#34,20.32);
#822=CARTESIAN_POINT('',(-3.81,-1.27,0.));
#823=LINE('',#822,#821);
#824=EDGE_CURVE('',#806,#810,#823,.T.);
#825=ORIENTED_EDGE('',*,*,#824,.T.);
#826=VECTOR('',#16,5.08);
#827=CARTESIAN_POINT('',(-3.81,19.05,0.));
#828=LINE('',#827,#826);
#829=EDGE_CURVE('',#810,#812,#828,.T.);
#830=ORIENTED_EDGE('',*,*,#829,.T.);
#831=VECTOR('',#34,20.32);
#832=CARTESIAN_POINT('',(1.27,-1.27,0.));
#833=LINE('',#832,#831);
#834=EDGE_CURVE('',#808,#812,#833,.T.);
#835=ORIENTED_EDGE('',*,*,#834,.F.);
#836=VECTOR('',#16,5.08);
#837=CARTESIAN_POINT('',(-3.81,-1.27,0.));
#838=LINE('',#837,#836);
#839=EDGE_CURVE('',#806,#808,#838,.T.);
#840=ORIENTED_EDGE('',*,*,#839,.F.);
#841=EDGE_LOOP('',(#825,#830,#835,#840));
#842=FACE_OUTER_BOUND('',#841,.T.);
#843=CARTESIAN_POINT('',(-3.81,-1.27,0.));
#844=AXIS2_PLACEMENT_3D('',#843,#58,#16);
#845=PLANE('',#844);
#846=ADVANCED_FACE('',(#842),#845,.T.);
#847=VECTOR('',#16,5.08);
#848=CARTESIAN_POINT('',(-3.81,-1.27,2.5));
#849=LINE('',#848,#847);
#850=EDGE_CURVE('',#814,#816,#849,.T.);
#851=ORIENTED_EDGE('',*,*,#850,.T.);
#852=VECTOR('',#34,20.32);
#853=CARTESIAN_POINT('',(1.27,-1.27,2.5));
#854=LINE('',#853,#852);
#855=EDGE_CURVE('',#816,#820,#854,.T.);
#856=ORIENTED_EDGE('',*,*,#855,.T.);
#857=VECTOR('',#16,5.08);
#858=CARTESIAN_POINT('',(-3.81,19.05,2.5));
#859=LINE('',#858,#857);
#860=EDGE_CURVE('',#818,#820,#859,.T.);
#861=ORIENTED_EDGE('',*,*,#860,.F.);
#862=VECTOR('',#34,20.32);
#863=CARTESIAN_POINT('',(-3.81,-1.27,2.5));
#864=LINE('',#863,#862);
#865=EDGE_CURVE('',#814,#818,#864,.T.);
#866=ORIENTED_EDGE('',*,*,#865,.F.);
#867=EDGE_LOOP('',(#851,#856,#861,#866));
#868=FACE_OUTER_BOUND('',#867,.T.);
#869=CARTESIAN_POINT('',(-3.81,-1.27,2.5));
#870=AXIS2_PLACEMENT_3D('',#869,#15,#16);
#871=PLANE('',#870);
#872=ADVANCED_FACE('',(#868),#871,.T.);
#873=ORIENTED_EDGE('',*,*,#839,.T.);
#874=VECTOR('',#15,2.5);
#875=CARTESIAN_POINT('',(1.27,-1.27,0.));
#876=LINE('',#875,#874);
#877=EDGE_CURVE('',#808,#816,#876,.T.);
#878=ORIENTED_EDGE('',*,*,#877,.T.);
#879=ORIENTED_EDGE('',*,*,#850,.F.);
#880=VECTOR('',#15,2.5);
#881=CARTESIAN_POINT('',(-3.81,-1.27,0.));
#882=LINE('',#881,#880);
#883=EDGE_CURVE('',#806,#814,#882,.T.);
#884=ORIENTED_EDGE('',*,*,#883,.F.);
#885=EDGE_LOOP('',(#873,#878,#879,#884));
#886=FACE_OUTER_BOUND('',#885,.T.);
#887=CARTESIAN_POINT('',(-3.81,-1.27,0.));
#888=AXIS2_PLACEMENT_3D('',#887,#103,#16);
#889=PLANE('',#888);
#890=ADVANCED_FACE('',(#886),#889,.T.);
#891=VECTOR('',#15,2.5);
#892=CARTESIAN_POINT('',(-3.81,19.05,0.));
#893=LINE('',#892,#891);
#894=EDGE_CURVE('',#810,#818,#893,.T.);
#895=ORIENTED_EDGE('',*,*,#894,.T.);
#896=ORIENTED_EDGE('',*,*,#860,.T.);
#897=VECTOR('',#15,2.5);
#898=CARTESIAN_POINT('',(1.27,19.05,0.));
#899=LINE('',#898,#897);
#900=EDGE_CURVE('',#812,#820,#899,.T.);
#901=ORIENTED_EDGE('',*,*,#900,.F.);
#902=ORIENTED_EDGE('',*,*,#829,.F.);
#903=EDGE_LOOP('',(#895,#896,#901,#902));
#904=FACE_OUTER_BOUND('',#903,.T.);
#905=CARTESIAN_POINT('',(-3.81,19.05,0.));
#906=AXIS2_PLACEMENT_3D('',#905,#34,#16);
#907=PLANE('',#906);
#908=ADVANCED_FACE('',(#904),#907,.T.);
#909=ORIENTED_EDGE('',*,*,#883,.T.);
#910=ORIENTED_EDGE('',*,*,#865,.T.);
#911=ORIENTED_EDGE('',*,*,#894,.F.);
#912=ORIENTED_EDGE('',*,*,#824,.F.);
#913=EDGE_LOOP('',(#909,#910,#911,#912));
#914=FACE_OUTER_BOUND('',#913,.T.);
#915=CARTESIAN_POINT('',(-3.81,-1.27,0.));
#916=AXIS2_PLACEMENT_3D('',#915,#132,#34);
#917=PLANE('',#916);
#918=ADVANCED_FACE('',(#914),#917,.T.);
#919=ORIENTED_EDGE('',*,*,#834,.T.);
#920=ORIENTED_EDGE('',*,*,#900,.T.);
#921=ORIENTED_EDGE('',*,*,#855,.F.);
#922=ORIENTED_EDGE('',*,*,#877,.F.);
#923=EDGE_LOOP('',(#919,#920,#921,#922));
#924=FACE_OUTER_BOUND('',#923,.T.);
#925=CARTESIAN_POINT('',(1.27,-1.27,0.));
#926=AXIS2_PLACEMENT_3D('',#925,#16,#34);
#927=PLANE('',#926);
#928=ADVANCED_FACE('',(#924),#927,.T.);
#929=CLOSED_SHELL('',(#846,#872,#890,#908,#918,#928));
#930=MANIFOLD_SOLID_BREP('Header_body',#929);
#931=STYLED_ITEM('color',(#549),#930);
#932=CARTESIAN_POINT('',(-0.32,-0.32,-6.));
#933=VERTEX_POINT('',#932);
#934=CARTESIAN_POINT('',(0.32,-0.32,-6.));
#935=VERTEX_POINT('',#934);
#936=CARTESIAN_POINT('',(-0.32,0.32,-6.));
#937=VERTEX_POINT('',#936);
#938=CARTESIAN_POINT('',(0.32,0.32,-6.));
#939=VERTEX_POINT('',#938);
#940=CARTESIAN_POINT('',(-0.32,-0.32,4.6));
#941=VERTEX_POINT('',#940);
#942=CARTESIAN_POINT('',(0.32,-0.32,4.6));
#943=VERTEX_POINT('',#942);
#944=CARTESIAN_POINT('',(-0.32,0.32,4.6));
#945=VERTEX_POINT('',#944);
#946=CARTESIAN_POINT('',(0.32,0.32,4.6));
#947=VERTEX_POINT('',#946);
#948=VECTOR('',#34,0.64);
#949=CARTESIAN_POINT('',(-0.32,-0.32,-6.));
#950=LINE('',#949,#948);
#951=EDGE_CURVE('',#933,#937,#950,.T.);
#952=ORIENTED_EDGE('',*,*,#951,.T.);
#953=VECTOR('',#16,0.64);
#954=CARTESIAN_POINT('',(-0.32,0.32,-6.));
#955=LINE('',#954,#953);
#956=EDGE_CURVE('',#937,#939,#955,.T.);
#957=ORIENTED_EDGE('',*,*,#956,.T.);
#958=VECTOR('',#34,0.64);
#959=CARTESIAN_POINT('',(0.32,-0.32,-6.));
#960=LINE('',#959,#958);
#961=EDGE_CURVE('',#935,#939,#960,.T.);
#962=ORIENTED_EDGE('',*,*,#961,.F.);
#963=VECTOR('',#16,0.64);
#964=CARTESIAN_POINT('',(-0.32,-0.32,-6.));
#965=LINE('',#964,#963);
#966=EDGE_CURVE('',#933,#935,#965,.T.);
#967=ORIENTED_EDGE('',*,*,#966,.F.);
#968=EDGE_LOOP('',(#952,#957,#962,#967));
#969=FACE_OUTER_BOUND('',#968,.T.);
#970=CARTESIAN_POINT('',(-0.32,-0.32,-6.));
#971=AXIS2_PLACEMENT_3D('',#970,#58,#16);
#972=PLANE('',#971);
#973=ADVANCED_FACE('',(#969),#972,.T.);
#974=VECTOR('',#16,0.64);
#975=CARTESIAN_POINT('',(-0.32,-0.32,4.6));
#976=LINE('',#975,#974);
#977=EDGE_CURVE('',#941,#943,#976,.T.);
#978=ORIENTED_EDGE('',*,*,#977,.T.);
#979=VECTOR('',#34,0.64);
#980=CARTESIAN_POINT('',(0.32,-0.32,4.6));
#981=LINE('',#980,#979);
#982=EDGE_CURVE('',#943,#947,#981,.T.);
#983=ORIENTED_EDGE('',*,*,#982,.T.);
#984=VECTOR('',#16,0.64);
#985=CARTESIAN_POINT('',(-0.32,0.32,4.6));
#986=LINE('',#985,#984);
#987=EDGE_CURVE('',#945,#947,#986,.T.);
#988=ORIENTED_EDGE('',*,*,#987,.F.);
#989=VECTOR('',#34,0.64);
#990=CARTESIAN_POINT('',(-0.32,-0.32,4.6));
#991=LINE('',#990,#989);
#992=EDGE_CURVE('',#941,#945,#991,.T.);
#993=ORIENTED_EDGE('',*,*,#992,.F.);
#994=EDGE_LOOP('',(#978,#983,#988,#993));
#995=FACE_OUTER_BOUND('',#994,.T.);
#996=CARTESIAN_POINT('',(-0.32,-0.32,4.6));
#997=AXIS2_PLACEMENT_3D('',#996,#15,#16);
#998=PLANE('',#997);
#999=ADVANCED_FACE('',(#995),#998,.T.);
#1000=ORIENTED_EDGE('',*,*,#966,.T.);
#1001=VECTOR('',#15,10.6);
#1002=CARTESIAN_POINT('',(0.32,-0.32,-6.));
#1003=LINE('',#1002,#1001);
#1004=EDGE_CURVE('',#935,#943,#1003,.T.);
#1005=ORIENTED_EDGE('',*,*,#1004,.T.);
#1006=ORIENTED_EDGE('',*,*,#977,.F.);
#1007=VECTOR('',#15,10.6);
#1008=CARTESIAN_POINT('',(-0.32,-0.32,-6.));
#1009=LINE('',#1008,#1007);
#1010=EDGE_CURVE('',#933,#941,#1009,.T.);
#1011=ORIENTED_EDGE('',*,*,#1010,.F.);
#1012=EDGE_LOOP('',(#1000,#1005,#1006,#1011));
#1013=FACE_OUTER_BOUND('',#1012,.T.);
#1014=CARTESIAN_POINT('',(-0.32,-0.32,-6.));
#1015=AXIS2_PLACEMENT_3D('',#1014,#103,#16);
#1016=PLANE('',#1015);
#1017=ADVANCED_FACE('',(#1013),#1016,.T.);
#1018=VECTOR('',#15,10.6);
#1019=CARTESIAN_POINT('',(-0.32,0.32,-6.));
#1020=LINE('',#1019,#1018);
#1021=EDGE_CURVE('',#937,#945,#1020,.T.);
#1022=ORIENTED_EDGE('',*,*,#1021,.T.);
#1023=ORIENTED_EDGE('',*,*,#987,.T.);
#1024=VECTOR('',#15,10.6);
#1025=CARTESIAN_POINT('',(0.32,0.32,-6.));
#1026=LINE('',#1025,#1024);
#1027=EDGE_CURVE('',#939,#947,#1026,.T.);
#1028=ORIENTED_EDGE('',*,*,#1027,.F.);
#1029=ORIENTED_EDGE('',*,*,#956,.F.);
#1030=EDGE_LOOP('',(#1022,#1023,#1028,#1029));
#1031=FACE_OUTER_BOUND('',#1030,.T.);
#1032=CARTESIAN_POINT('',(-0.32,0.32,-6.));
#1033=AXIS2_PLACEMENT_3D('',#1032,#34,#16);
#1034=PLANE('',#1033);
#1035=ADVANCED_FACE('',(#1031),#1034,.T.);
#1036=ORIENTED_EDGE('',*,*,#1010,.T.);
#1037=ORIENTED_EDGE('',*,*,#992,.T.);
#1038=ORIENTED_EDGE('',*,*,#1021,.F.);
#1039=ORIENTED_EDGE('',*,*,#951,.F.);
#1040=EDGE_LOOP('',(#1036,#1037,#1038,#1039));
#1041=FACE_OUTER_BOUND('',#1040,.T.);
#1042=CARTESIAN_POINT('',(-0.32,-0.32,-6.));
#1043=AXIS2_PLACEMENT_3D('',#1042,#132,#34);
#1044=PLANE('',#1043);
#1045=ADVANCED_FACE('',(#1041),#1044,.T.);
#1046=ORIENTED_EDGE('',*,*,#961,.T.);
#1047=ORIENTED_EDGE('',*,*,#1027,.T.);
#1048=ORIENTED_EDGE('',*,*,#982,.F.);
#1049=ORIENTED_EDGE('',*,*,#1004,.F.);
#1050=EDGE_LOOP('',(#1046,#1047,#1048,#1049));
#1051=FACE_OUTER_BOUND('',#1050,.T.);
#1052=CARTESIAN_POINT('',(0.32,-0.32,-6.));
#1053=AXIS2_PLACEMENT_3D('',#1052,#16,#34);
#1054=PLANE('',#1053);
#1055=ADVANCED_FACE('',(#1051),#1054,.T.);
#1056=CLOSED_SHELL('',(#973,#999,#1017,#1035,#1045,#1055));
#1057=MANIFOLD_SOLID_BREP('Pin_1',#1056);
#1058=COLOUR_RGB('',0.85,0.68,0.2);
#1059=FILL_AREA_STYLE_COLOUR('',#1058);
#1060=FILL_AREA_STYLE('',(#1059));
#1061=SURFACE_STYLE_FILL_AREA(#1060);
#1062=SURFACE_SIDE_STYLE('',(#1061));
#1063=SURFACE_STYLE_USAGE(.BOTH.,#1062);
#1064=PRESENTATION_STYLE_ASSIGNMENT((#1063));
#1065=STYLED_ITEM('color',(#1064),#1057);
#1066=CARTESIAN_POINT('',(-2.86,-0.32,-6.));
#1067=VERTEX_POINT('',#1066);
#1068=CARTESIAN_POINT('',(-2.22,-0.32,-6.));
#1069=VERTEX_POINT('',#1068);
#1070=CARTESIAN_POINT('',(-2.86,0.32,-6.));
#1071=VERTEX_POINT('',#1070);
#1072=CARTESIAN_POINT('',(-2.22,0.32,-6.));
#1073=VERTEX_POINT('',#1072);
#1074=CARTESIAN_POINT('',(-2.86,-0.32,4.6));
#1075=VERTEX_POINT('',#1074);
#1076=CARTESIAN_POINT('',(-2.22,-0.32,4.6));
#1077=VERTEX_POINT('',#1076);
#1078=CARTESIAN_POINT('',(-2.86,0.32,4.6));
#1079=VERTEX_POINT('',#1078);
#1080=CARTESIAN_POINT('',(-2.22,0.32,4.6));
#1081=VERTEX_POINT('',#1080);
#1082=VECTOR('',#34,0.64);
#1083=CARTESIAN_POINT('',(-2.86,-0.32,-6.));
#1084=LINE('',#1083,#1082);
#1085=EDGE_CURVE('',#1067,#1071,#1084,.T.);
#1086=ORIENTED_EDGE('',*,*,#1085,.T.);
#1087=VECTOR('',#16,0.64);
#1088=CARTESIAN_POINT('',(-2.86,0.32,-6.));
#1089=LINE('',#1088,#1087);
#1090=EDGE_CURVE('',#1071,#1073,#1089,.T.);
#1091=ORIENTED_EDGE('',*,*,#1090,.T.);
#1092=VECTOR('',#34,0.64);
#1093=CARTESIAN_POINT('',(-2.22,-0.32,-6.));
#1094=LINE('',#1093,#1092);
#1095=EDGE_CURVE('',#1069,#1073,#1094,.T.);
#1096=ORIENTED_EDGE('',*,*,#1095,.F.);
#1097=VECTOR('',#16,0.64);
#1098=CARTESIAN_POINT('',(-2.86,-0.32,-6.));
#1099=LINE('',#1098,#1097);
#1100=EDGE_CURVE('',#1067,#1069,#1099,.T.);
#1101=ORIENTED_EDGE('',*,*,#1100,.F.);
#1102=EDGE_LOOP('',(#1086,#1091,#1096,#1101));
#1103=FACE_OUTER_BOUND('',#1102,.T.);
#1104=CARTESIAN_POINT('',(-2.86,-0.32,-6.));
#1105=AXIS2_PLACEMENT_3D('',#1104,#58,#16);
#1106=PLANE('',#1105);
#1107=ADVANCED_FACE('',(#1103),#1106,.T.);
#1108=VECTOR('',#16,0.64);
#1109=CARTESIAN_POINT('',(-2.86,-0.32,4.6));
#1110=LINE('',#1109,#1108);
#1111=EDGE_CURVE('',#1075,#1077,#1110,.T.);
#1112=ORIENTED_EDGE('',*,*,#1111,.T.);
#1113=VECTOR('',#34,0.64);
#1114=CARTESIAN_POINT('',(-2.22,-0.32,4.6));
#1115=LINE('',#1114,#1113);
#1116=EDGE_CURVE('',#1077,#1081,#1115,.T.);
#1117=ORIENTED_EDGE('',*,*,#1116,.T.);
#1118=VECTOR('',#16,0.64);
#1119=CARTESIAN_POINT('',(-2.86,0.32,4.6));
#1120=LINE('',#1119,#1118);
#1121=EDGE_CURVE('',#1079,#1081,#1120,.T.);
#1122=ORIENTED_EDGE('',*,*,#1121,.F.);
#1123=VECTOR('',#34,0.64);
#1124=CARTESIAN_POINT('',(-2.86,-0.32,4.6));
#1125=LINE('',#1124,#1123);
#1126=EDGE_CURVE('',#1075,#1079,#1125,.T.);
#1127=ORIENTED_EDGE('',*,*,#1126,.F.);
#1128=EDGE_LOOP('',(#1112,#1117,#1122,#1127));
#1129=FACE_OUTER_BOUND('',#1128,.T.);
#1130=CARTESIAN_POINT('',(-2.86,-0.32,4.6));
#1131=AXIS2_PLACEMENT_3D('',#1130,#15,#16);
#1132=PLANE('',#1131);
#1133=ADVANCED_FACE('',(#1129),#1132,.T.);
#1134=ORIENTED_EDGE('',*,*,#1100,.T.);
#1135=VECTOR('',#15,10.6);
#1136=CARTESIAN_POINT('',(-2.22,-0.32,-6.));
#1137=LINE('',#1136,#1135);
#1138=EDGE_CURVE('',#1069,#1077,#1137,.T.);
#1139=ORIENTED_EDGE('',*,*,#1138,.T.);
#1140=ORIENTED_EDGE('',*,*,#1111,.F.);
#1141=VECTOR('',#15,10.6);
#1142=CARTESIAN_POINT('',(-2.86,-0.32,-6.));
#1143=LINE('',#1142,#1141);
#1144=EDGE_CURVE('',#1067,#1075,#1143,.T.);
#1145=ORIENTED_EDGE('',*,*,#1144,.F.);
#1146=EDGE_LOOP('',(#1134,#1139,#1140,#1145));
#1147=FACE_OUTER_BOUND('',#1146,.T.);
#1148=CARTESIAN_POINT('',(-2.86,-0.32,-6.));
#1149=AXIS2_PLACEMENT_3D('',#1148,#103,#16);
#1150=PLANE('',#1149);
#1151=ADVANCED_FACE('',(#1147),#1150,.T.);
#1152=VECTOR('',#15,10.6);
#1153=CARTESIAN_POINT('',(-2.86,0.32,-6.));
#1154=LINE('',#1153,#1152);
#1155=EDGE_CURVE('',#1071,#1079,#1154,.T.);
#1156=ORIENTED_EDGE('',*,*,#1155,.T.);
#1157=ORIENTED_EDGE('',*,*,#1121,.T.);
#1158=VECTOR('',#15,10.6);
#1159=CARTESIAN_POINT('',(-2.22,0.32,-6.));
#1160=LINE('',#1159,#1158);
#1161=EDGE_CURVE('',#1073,#1081,#1160,.T.);
#1162=ORIENTED_EDGE('',*,*,#1161,.F.);
#1163=ORIENTED_EDGE('',*,*,#1090,.F.);
#1164=EDGE_LOOP('',(#1156,#1157,#1162,#1163));
#1165=FACE_OUTER_BOUND('',#1164,.T.);
#1166=CARTESIAN_POINT('',(-2.86,0.32,-6.));
#1167=AXIS2_PLACEMENT_3D('',#1166,#34,#16);
#1168=PLANE('',#1167);
#1169=ADVANCED_FACE('',(#1165),#1168,.T.);
#1170=ORIENTED_EDGE('',*,*,#1144,.T.);
#1171=ORIENTED_EDGE('',*,*,#1126,.T.);
#1172=ORIENTED_EDGE('',*,*,#1155,.F.);
#1173=ORIENTED_EDGE('',*,*,#1085,.F.);
#1174=EDGE_LOOP('',(#1170,#1171,#1172,#1173));
#1175=FACE_OUTER_BOUND('',#1174,.T.);
#1176=CARTESIAN_POINT('',(-2.86,-0.32,-6.));
#1177=AXIS2_PLACEMENT_3D('',#1176,#132,#34);
#1178=PLANE('',#1177);
#1179=ADVANCED_FACE('',(#1175),#1178,.T.);
#1180=ORIENTED_EDGE('',*,*,#1095,.T.);
#1181=ORIENTED_EDGE('',*,*,#1161,.T.);
#1182=ORIENTED_EDGE('',*,*,#1116,.F.);
#1183=ORIENTED_EDGE('',*,*,#1138,.F.);
#1184=EDGE_LOOP('',(#1180,#1181,#1182,#1183));
#1185=FACE_OUTER_BOUND('',#1184,.T.);
#1186=CARTESIAN_POINT('',(-2.22,-0.32,-6.));
#1187=AXIS2_PLACEMENT_3D('',#1186,#16,#34);
#1188=PLANE('',#1187);
#1189=ADVANCED_FACE('',(#1185),#1188,.T.);
#1190=CLOSED_SHELL('',(#1107,#1133,#1151,#1169,#1179,#1189));
#1191=MANIFOLD_SOLID_BREP('Pin_2',#1190);
#1192=STYLED_ITEM('color',(#1064),#1191);
#1193=CARTESIAN_POINT('',(-0.32,2.22,-6.));
#1194=VERTEX_POINT('',#1193);
#1195=CARTESIAN_POINT('',(0.32,2.22,-6.));
#1196=VERTEX_POINT('',#1195);
#1197=CARTESIAN_POINT('',(-0.32,2.86,-6.));
#1198=VERTEX_POINT('',#1197);
#1199=CARTESIAN_POINT('',(0.32,2.86,-6.));
#1200=VERTEX_POINT('',#1199);
#1201=CARTESIAN_POINT('',(-0.32,2.22,4.6));
#1202=VERTEX_POINT('',#1201);
#1203=CARTESIAN_POINT('',(0.32,2.22,4.6));
#1204=VERTEX_POINT('',#1203);
#1205=CARTESIAN_POINT('',(-0.32,2.86,4.6));
#1206=VERTEX_POINT('',#1205);
#1207=CARTESIAN_POINT('',(0.32,2.86,4.6));
#1208=VERTEX_POINT('',#1207);
#1209=VECTOR('',#34,0.64);
#1210=CARTESIAN_POINT('',(-0.32,2.22,-6.));
#1211=LINE('',#1210,#1209);
#1212=EDGE_CURVE('',#1194,#1198,#1211,.T.);
#1213=ORIENTED_EDGE('',*,*,#1212,.T.);
#1214=VECTOR('',#16,0.64);
#1215=CARTESIAN_POINT('',(-0.32,2.86,-6.));
#1216=LINE('',#1215,#1214);
#1217=EDGE_CURVE('',#1198,#1200,#1216,.T.);
#1218=ORIENTED_EDGE('',*,*,#1217,.T.);
#1219=VECTOR('',#34,0.64);
#1220=CARTESIAN_POINT('',(0.32,2.22,-6.));
#1221=LINE('',#1220,#1219);
#1222=EDGE_CURVE('',#1196,#1200,#1221,.T.);
#1223=ORIENTED_EDGE('',*,*,#1222,.F.);
#1224=VECTOR('',#16,0.64);
#1225=CARTESIAN_POINT('',(-0.32,2.22,-6.));
#1226=LINE('',#1225,#1224);
#1227=EDGE_CURVE('',#1194,#1196,#1226,.T.);
#1228=ORIENTED_EDGE('',*,*,#1227,.F.);
#1229=EDGE_LOOP('',(#1213,#1218,#1223,#1228));
#1230=FACE_OUTER_BOUND('',#1229,.T.);
#1231=CARTESIAN_POINT('',(-0.32,2.22,-6.));
#1232=AXIS2_PLACEMENT_3D('',#1231,#58,#16);
#1233=PLANE('',#1232);
#1234=ADVANCED_FACE('',(#1230),#1233,.T.);
#1235=VECTOR('',#16,0.64);
#1236=CARTESIAN_POINT('',(-0.32,2.22,4.6));
#1237=LINE('',#1236,#1235);
#1238=EDGE_CURVE('',#1202,#1204,#1237,.T.);
#1239=ORIENTED_EDGE('',*,*,#1238,.T.);
#1240=VECTOR('',#34,0.64);
#1241=CARTESIAN_POINT('',(0.32,2.22,4.6));
#1242=LINE('',#1241,#1240);
#1243=EDGE_CURVE('',#1204,#1208,#1242,.T.);
#1244=ORIENTED_EDGE('',*,*,#1243,.T.);
#1245=VECTOR('',#16,0.64);
#1246=CARTESIAN_POINT('',(-0.32,2.86,4.6));
#1247=LINE('',#1246,#1245);
#1248=EDGE_CURVE('',#1206,#1208,#1247,.T.);
#1249=ORIENTED_EDGE('',*,*,#1248,.F.);
#1250=VECTOR('',#34,0.64);
#1251=CARTESIAN_POINT('',(-0.32,2.22,4.6));
#1252=LINE('',#1251,#1250);
#1253=EDGE_CURVE('',#1202,#1206,#1252,.T.);
#1254=ORIENTED_EDGE('',*,*,#1253,.F.);
#1255=EDGE_LOOP('',(#1239,#1244,#1249,#1254));
#1256=FACE_OUTER_BOUND('',#1255,.T.);
#1257=CARTESIAN_POINT('',(-0.32,2.22,4.6));
#1258=AXIS2_PLACEMENT_3D('',#1257,#15,#16);
#1259=PLANE('',#1258);
#1260=ADVANCED_FACE('',(#1256),#1259,.T.);
#1261=ORIENTED_EDGE('',*,*,#1227,.T.);
#1262=VECTOR('',#15,10.6);
#1263=CARTESIAN_POINT('',(0.32,2.22,-6.));
#1264=LINE('',#1263,#1262);
#1265=EDGE_CURVE('',#1196,#1204,#1264,.T.);
#1266=ORIENTED_EDGE('',*,*,#1265,.T.);
#1267=ORIENTED_EDGE('',*,*,#1238,.F.);
#1268=VECTOR('',#15,10.6);
#1269=CARTESIAN_POINT('',(-0.32,2.22,-6.));
#1270=LINE('',#1269,#1268);
#1271=EDGE_CURVE('',#1194,#1202,#1270,.T.);
#1272=ORIENTED_EDGE('',*,*,#1271,.F.);
#1273=EDGE_LOOP('',(#1261,#1266,#1267,#1272));
#1274=FACE_OUTER_BOUND('',#1273,.T.);
#1275=CARTESIAN_POINT('',(-0.32,2.22,-6.));
#1276=AXIS2_PLACEMENT_3D('',#1275,#103,#16);
#1277=PLANE('',#1276);
#1278=ADVANCED_FACE('',(#1274),#1277,.T.);
#1279=VECTOR('',#15,10.6);
#1280=CARTESIAN_POINT('',(-0.32,2.86,-6.));
#1281=LINE('',#1280,#1279);
#1282=EDGE_CURVE('',#1198,#1206,#1281,.T.);
#1283=ORIENTED_EDGE('',*,*,#1282,.T.);
#1284=ORIENTED_EDGE('',*,*,#1248,.T.);
#1285=VECTOR('',#15,10.6);
#1286=CARTESIAN_POINT('',(0.32,2.86,-6.));
#1287=LINE('',#1286,#1285);
#1288=EDGE_CURVE('',#1200,#1208,#1287,.T.);
#1289=ORIENTED_EDGE('',*,*,#1288,.F.);
#1290=ORIENTED_EDGE('',*,*,#1217,.F.);
#1291=EDGE_LOOP('',(#1283,#1284,#1289,#1290));
#1292=FACE_OUTER_BOUND('',#1291,.T.);
#1293=CARTESIAN_POINT('',(-0.32,2.86,-6.));
#1294=AXIS2_PLACEMENT_3D('',#1293,#34,#16);
#1295=PLANE('',#1294);
#1296=ADVANCED_FACE('',(#1292),#1295,.T.);
#1297=ORIENTED_EDGE('',*,*,#1271,.T.);
#1298=ORIENTED_EDGE('',*,*,#1253,.T.);
#1299=ORIENTED_EDGE('',*,*,#1282,.F.);
#1300=ORIENTED_EDGE('',*,*,#1212,.F.);
#1301=EDGE_LOOP('',(#1297,#1298,#1299,#1300));
#1302=FACE_OUTER_BOUND('',#1301,.T.);
#1303=CARTESIAN_POINT('',(-0.32,2.22,-6.));
#1304=AXIS2_PLACEMENT_3D('',#1303,#132,#34);
#1305=PLANE('',#1304);
#1306=ADVANCED_FACE('',(#1302),#1305,.T.);
#1307=ORIENTED_EDGE('',*,*,#1222,.T.);
#1308=ORIENTED_EDGE('',*,*,#1288,.T.);
#1309=ORIENTED_EDGE('',*,*,#1243,.F.);
#1310=ORIENTED_EDGE('',*,*,#1265,.F.);
#1311=EDGE_LOOP('',(#1307,#1308,#1309,#1310));
#1312=FACE_OUTER_BOUND('',#1311,.T.);
#1313=CARTESIAN_POINT('',(0.32,2.22,-6.));
#1314=AXIS2_PLACEMENT_3D('',#1313,#16,#34);
#1315=PLANE('',#1314);
#1316=ADVANCED_FACE('',(#1312),#1315,.T.);
#1317=CLOSED_SHELL('',(#1234,#1260,#1278,#1296,#1306,#1316));
#1318=MANIFOLD_SOLID_BREP('Pin_3',#1317);
#1319=STYLED_ITEM('color',(#1064),#1318);
#1320=CARTESIAN_POINT('',(-2.86,2.22,-6.));
#1321=VERTEX_POINT('',#1320);
#1322=CARTESIAN_POINT('',(-2.22,2.22,-6.));
#1323=VERTEX_POINT('',#1322);
#1324=CARTESIAN_POINT('',(-2.86,2.86,-6.));
#1325=VERTEX_POINT('',#1324);
#1326=CARTESIAN_POINT('',(-2.22,2.86,-6.));
#1327=VERTEX_POINT('',#1326);
#1328=CARTESIAN_POINT('',(-2.86,2.22,4.6));
#1329=VERTEX_POINT('',#1328);
#1330=CARTESIAN_POINT('',(-2.22,2.22,4.6));
#1331=VERTEX_POINT('',#1330);
#1332=CARTESIAN_POINT('',(-2.86,2.86,4.6));
#1333=VERTEX_POINT('',#1332);
#1334=CARTESIAN_POINT('',(-2.22,2.86,4.6));
#1335=VERTEX_POINT('',#1334);
#1336=VECTOR('',#34,0.64);
#1337=CARTESIAN_POINT('',(-2.86,2.22,-6.));
#1338=LINE('',#1337,#1336);
#1339=EDGE_CURVE('',#1321,#1325,#1338,.T.);
#1340=ORIENTED_EDGE('',*,*,#1339,.T.);
#1341=VECTOR('',#16,0.64);
#1342=CARTESIAN_POINT('',(-2.86,2.86,-6.));
#1343=LINE('',#1342,#1341);
#1344=EDGE_CURVE('',#1325,#1327,#1343,.T.);
#1345=ORIENTED_EDGE('',*,*,#1344,.T.);
#1346=VECTOR('',#34,0.64);
#1347=CARTESIAN_POINT('',(-2.22,2.22,-6.));
#1348=LINE('',#1347,#1346);
#1349=EDGE_CURVE('',#1323,#1327,#1348,.T.);
#1350=ORIENTED_EDGE('',*,*,#1349,.F.);
#1351=VECTOR('',#16,0.64);
#1352=CARTESIAN_POINT('',(-2.86,2.22,-6.));
#1353=LINE('',#1352,#1351);
#1354=EDGE_CURVE('',#1321,#1323,#1353,.T.);
#1355=ORIENTED_EDGE('',*,*,#1354,.F.);
#1356=EDGE_LOOP('',(#1340,#1345,#1350,#1355));
#1357=FACE_OUTER_BOUND('',#1356,.T.);
#1358=CARTESIAN_POINT('',(-2.86,2.22,-6.));
#1359=AXIS2_PLACEMENT_3D('',#1358,#58,#16);
#1360=PLANE('',#1359);
#1361=ADVANCED_FACE('',(#1357),#1360,.T.);
#1362=VECTOR('',#16,0.64);
#1363=CARTESIAN_POINT('',(-2.86,2.22,4.6));
#1364=LINE('',#1363,#1362);
#1365=EDGE_CURVE('',#1329,#1331,#1364,.T.);
#1366=ORIENTED_EDGE('',*,*,#1365,.T.);
#1367=VECTOR('',#34,0.64);
#1368=CARTESIAN_POINT('',(-2.22,2.22,4.6));
#1369=LINE('',#1368,#1367);
#1370=EDGE_CURVE('',#1331,#1335,#1369,.T.);
#1371=ORIENTED_EDGE('',*,*,#1370,.T.);
#1372=VECTOR('',#16,0.64);
#1373=CARTESIAN_POINT('',(-2.86,2.86,4.6));
#1374=LINE('',#1373,#1372);
#1375=EDGE_CURVE('',#1333,#1335,#1374,.T.);
#1376=ORIENTED_EDGE('',*,*,#1375,.F.);
#1377=VECTOR('',#34,0.64);
#1378=CARTESIAN_POINT('',(-2.86,2.22,4.6));
#1379=LINE('',#1378,#1377);
#1380=EDGE_CURVE('',#1329,#1333,#1379,.T.);
#1381=ORIENTED_EDGE('',*,*,#1380,.F.);
#1382=EDGE_LOOP('',(#1366,#1371,#1376,#1381));
#1383=FACE_OUTER_BOUND('',#1382,.T.);
#1384=CARTESIAN_POINT('',(-2.86,2.22,4.6));
#1385=AXIS2_PLACEMENT_3D('',#1384,#15,#16);
#1386=PLANE('',#1385);
#1387=ADVANCED_FACE('',(#1383),#1386,.T.);
#1388=ORIENTED_EDGE('',*,*,#1354,.T.);
#1389=VECTOR('',#15,10.6);
#1390=CARTESIAN_POINT('',(-2.22,2.22,-6.));
#1391=LINE('',#1390,#1389);
#1392=EDGE_CURVE('',#1323,#1331,#1391,.T.);
#1393=ORIENTED_EDGE('',*,*,#1392,.T.);
#1394=ORIENTED_EDGE('',*,*,#1365,.F.);
#1395=VECTOR('',#15,10.6);
#1396=CARTESIAN_POINT('',(-2.86,2.22,-6.));
#1397=LINE('',#1396,#1395);
#1398=EDGE_CURVE('',#1321,#1329,#1397,.T.);
#1399=ORIENTED_EDGE('',*,*,#1398,.F.);
#1400=EDGE_LOOP('',(#1388,#1393,#1394,#1399));
#1401=FACE_OUTER_BOUND('',#1400,.T.);
#1402=CARTESIAN_POINT('',(-2.86,2.22,-6.));
#1403=AXIS2_PLACEMENT_3D('',#1402,#103,#16);
#1404=PLANE('',#1403);
#1405=ADVANCED_FACE('',(#1401),#1404,.T.);
#1406=VECTOR('',#15,10.6);
#1407=CARTESIAN_POINT('',(-2.86,2.86,-6.));
#1408=LINE('',#1407,#1406);
#1409=EDGE_CURVE('',#1325,#1333,#1408,.T.);
#1410=ORIENTED_EDGE('',*,*,#1409,.T.);
#1411=ORIENTED_EDGE('',*,*,#1375,.T.);
#1412=VECTOR('',#15,10.6);
#1413=CARTESIAN_POINT('',(-2.22,2.86,-6.));
#1414=LINE('',#1413,#1412);
#1415=EDGE_CURVE('',#1327,#1335,#1414,.T.);
#1416=ORIENTED_EDGE('',*,*,#1415,.F.);
#1417=ORIENTED_EDGE('',*,*,#1344,.F.);
#1418=EDGE_LOOP('',(#1410,#1411,#1416,#1417));
#1419=FACE_OUTER_BOUND('',#1418,.T.);
#1420=CARTESIAN_POINT('',(-2.86,2.86,-6.));
#1421=AXIS2_PLACEMENT_3D('',#1420,#34,#16);
#1422=PLANE('',#1421);
#1423=ADVANCED_FACE('',(#1419),#1422,.T.);
#1424=ORIENTED_EDGE('',*,*,#1398,.T.);
#1425=ORIENTED_EDGE('',*,*,#1380,.T.);
#1426=ORIENTED_EDGE('',*,*,#1409,.F.);
#1427=ORIENTED_EDGE('',*,*,#1339,.F.);
#1428=EDGE_LOOP('',(#1424,#1425,#1426,#1427));
#1429=FACE_OUTER_BOUND('',#1428,.T.);
#1430=CARTESIAN_POINT('',(-2.86,2.22,-6.));
#1431=AXIS2_PLACEMENT_3D('',#1430,#132,#34);
#1432=PLANE('',#1431);
#1433=ADVANCED_FACE('',(#1429),#1432,.T.);
#1434=ORIENTED_EDGE('',*,*,#1349,.T.);
#1435=ORIENTED_EDGE('',*,*,#1415,.T.);
#1436=ORIENTED_EDGE('',*,*,#1370,.F.);
#1437=ORIENTED_EDGE('',*,*,#1392,.F.);
#1438=EDGE_LOOP('',(#1434,#1435,#1436,#1437));
#1439=FACE_OUTER_BOUND('',#1438,.T.);
#1440=CARTESIAN_POINT('',(-2.22,2.22,-6.));
#1441=AXIS2_PLACEMENT_3D('',#1440,#16,#34);
#1442=PLANE('',#1441);
#1443=ADVANCED_FACE('',(#1439),#1442,.T.);
#1444=CLOSED_SHELL('',(#1361,#1387,#1405,#1423,#1433,#1443));
#1445=MANIFOLD_SOLID_BREP('Pin_4',#1444);
#1446=STYLED_ITEM('color',(#1064),#1445);
#1447=CARTESIAN_POINT('',(-0.32,4.76,-6.));
#1448=VERTEX_POINT('',#1447);
#1449=CARTESIAN_POINT('',(0.32,4.76,-6.));
#1450=VERTEX_POINT('',#1449);
#1451=CARTESIAN_POINT('',(-0.32,5.4,-6.));
#1452=VERTEX_POINT('',#1451);
#1453=CARTESIAN_POINT('',(0.32,5.4,-6.));
#1454=VERTEX_POINT('',#1453);
#1455=CARTESIAN_POINT('',(-0.32,4.76,4.6));
#1456=VERTEX_POINT('',#1455);
#1457=CARTESIAN_POINT('',(0.32,4.76,4.6));
#1458=VERTEX_POINT('',#1457);
#1459=CARTESIAN_POINT('',(-0.32,5.4,4.6));
#1460=VERTEX_POINT('',#1459);
#1461=CARTESIAN_POINT('',(0.32,5.4,4.6));
#1462=VERTEX_POINT('',#1461);
#1463=VECTOR('',#34,0.64);
#1464=CARTESIAN_POINT('',(-0.32,4.76,-6.));
#1465=LINE('',#1464,#1463);
#1466=EDGE_CURVE('',#1448,#1452,#1465,.T.);
#1467=ORIENTED_EDGE('',*,*,#1466,.T.);
#1468=VECTOR('',#16,0.64);
#1469=CARTESIAN_POINT('',(-0.32,5.4,-6.));
#1470=LINE('',#1469,#1468);
#1471=EDGE_CURVE('',#1452,#1454,#1470,.T.);
#1472=ORIENTED_EDGE('',*,*,#1471,.T.);
#1473=VECTOR('',#34,0.64);
#1474=CARTESIAN_POINT('',(0.32,4.76,-6.));
#1475=LINE('',#1474,#1473);
#1476=EDGE_CURVE('',#1450,#1454,#1475,.T.);
#1477=ORIENTED_EDGE('',*,*,#1476,.F.);
#1478=VECTOR('',#16,0.64);
#1479=CARTESIAN_POINT('',(-0.32,4.76,-6.));
#1480=LINE('',#1479,#1478);
#1481=EDGE_CURVE('',#1448,#1450,#1480,.T.);
#1482=ORIENTED_EDGE('',*,*,#1481,.F.);
#1483=EDGE_LOOP('',(#1467,#1472,#1477,#1482));
#1484=FACE_OUTER_BOUND('',#1483,.T.);
#1485=CARTESIAN_POINT('',(-0.32,4.76,-6.));
#1486=AXIS2_PLACEMENT_3D('',#1485,#58,#16);
#1487=PLANE('',#1486);
#1488=ADVANCED_FACE('',(#1484),#1487,.T.);
#1489=VECTOR('',#16,0.64);
#1490=CARTESIAN_POINT('',(-0.32,4.76,4.6));
#1491=LINE('',#1490,#1489);
#1492=EDGE_CURVE('',#1456,#1458,#1491,.T.);
#1493=ORIENTED_EDGE('',*,*,#1492,.T.);
#1494=VECTOR('',#34,0.64);
#1495=CARTESIAN_POINT('',(0.32,4.76,4.6));
#1496=LINE('',#1495,#1494);
#1497=EDGE_CURVE('',#1458,#1462,#1496,.T.);
#1498=ORIENTED_EDGE('',*,*,#1497,.T.);
#1499=VECTOR('',#16,0.64);
#1500=CARTESIAN_POINT('',(-0.32,5.4,4.6));
#1501=LINE('',#1500,#1499);
#1502=EDGE_CURVE('',#1460,#1462,#1501,.T.);
#1503=ORIENTED_EDGE('',*,*,#1502,.F.);
#1504=VECTOR('',#34,0.64);
#1505=CARTESIAN_POINT('',(-0.32,4.76,4.6));
#1506=LINE('',#1505,#1504);
#1507=EDGE_CURVE('',#1456,#1460,#1506,.T.);
#1508=ORIENTED_EDGE('',*,*,#1507,.F.);
#1509=EDGE_LOOP('',(#1493,#1498,#1503,#1508));
#1510=FACE_OUTER_BOUND('',#1509,.T.);
#1511=CARTESIAN_POINT('',(-0.32,4.76,4.6));
#1512=AXIS2_PLACEMENT_3D('',#1511,#15,#16);
#1513=PLANE('',#1512);
#1514=ADVANCED_FACE('',(#1510),#1513,.T.);
#1515=ORIENTED_EDGE('',*,*,#1481,.T.);
#1516=VECTOR('',#15,10.6);
#1517=CARTESIAN_POINT('',(0.32,4.76,-6.));
#1518=LINE('',#1517,#1516);
#1519=EDGE_CURVE('',#1450,#1458,#1518,.T.);
#1520=ORIENTED_EDGE('',*,*,#1519,.T.);
#1521=ORIENTED_EDGE('',*,*,#1492,.F.);
#1522=VECTOR('',#15,10.6);
#1523=CARTESIAN_POINT('',(-0.32,4.76,-6.));
#1524=LINE('',#1523,#1522);
#1525=EDGE_CURVE('',#1448,#1456,#1524,.T.);
#1526=ORIENTED_EDGE('',*,*,#1525,.F.);
#1527=EDGE_LOOP('',(#1515,#1520,#1521,#1526));
#1528=FACE_OUTER_BOUND('',#1527,.T.);
#1529=CARTESIAN_POINT('',(-0.32,4.76,-6.));
#1530=AXIS2_PLACEMENT_3D('',#1529,#103,#16);
#1531=PLANE('',#1530);
#1532=ADVANCED_FACE('',(#1528),#1531,.T.);
#1533=VECTOR('',#15,10.6);
#1534=CARTESIAN_POINT('',(-0.32,5.4,-6.));
#1535=LINE('',#1534,#1533);
#1536=EDGE_CURVE('',#1452,#1460,#1535,.T.);
#1537=ORIENTED_EDGE('',*,*,#1536,.T.);
#1538=ORIENTED_EDGE('',*,*,#1502,.T.);
#1539=VECTOR('',#15,10.6);
#1540=CARTESIAN_POINT('',(0.32,5.4,-6.));
#1541=LINE('',#1540,#1539);
#1542=EDGE_CURVE('',#1454,#1462,#1541,.T.);
#1543=ORIENTED_EDGE('',*,*,#1542,.F.);
#1544=ORIENTED_EDGE('',*,*,#1471,.F.);
#1545=EDGE_LOOP('',(#1537,#1538,#1543,#1544));
#1546=FACE_OUTER_BOUND('',#1545,.T.);
#1547=CARTESIAN_POINT('',(-0.32,5.4,-6.));
#1548=AXIS2_PLACEMENT_3D('',#1547,#34,#16);
#1549=PLANE('',#1548);
#1550=ADVANCED_FACE('',(#1546),#1549,.T.);
#1551=ORIENTED_EDGE('',*,*,#1525,.T.);
#1552=ORIENTED_EDGE('',*,*,#1507,.T.);
#1553=ORIENTED_EDGE('',*,*,#1536,.F.);
#1554=ORIENTED_EDGE('',*,*,#1466,.F.);
#1555=EDGE_LOOP('',(#1551,#1552,#1553,#1554));
#1556=FACE_OUTER_BOUND('',#1555,.T.);
#1557=CARTESIAN_POINT('',(-0.32,4.76,-6.));
#1558=AXIS2_PLACEMENT_3D('',#1557,#132,#34);
#1559=PLANE('',#1558);
#1560=ADVANCED_FACE('',(#1556),#1559,.T.);
#1561=ORIENTED_EDGE('',*,*,#1476,.T.);
#1562=ORIENTED_EDGE('',*,*,#1542,.T.);
#1563=ORIENTED_EDGE('',*,*,#1497,.F.);
#1564=ORIENTED_EDGE('',*,*,#1519,.F.);
#1565=EDGE_LOOP('',(#1561,#1562,#1563,#1564));
#1566=FACE_OUTER_BOUND('',#1565,.T.);
#1567=CARTESIAN_POINT('',(0.32,4.76,-6.));
#1568=AXIS2_PLACEMENT_3D('',#1567,#16,#34);
#1569=PLANE('',#1568);
#1570=ADVANCED_FACE('',(#1566),#1569,.T.);
#1571=CLOSED_SHELL('',(#1488,#1514,#1532,#1550,#1560,#1570));
#1572=MANIFOLD_SOLID_BREP('Pin_5',#1571);
#1573=STYLED_ITEM('color',(#1064),#1572);
#1574=CARTESIAN_POINT('',(-2.86,4.76,-6.));
#1575=VERTEX_POINT('',#1574);
#1576=CARTESIAN_POINT('',(-2.22,4.76,-6.));
#1577=VERTEX_POINT('',#1576);
#1578=CARTESIAN_POINT('',(-2.86,5.4,-6.));
#1579=VERTEX_POINT('',#1578);
#1580=CARTESIAN_POINT('',(-2.22,5.4,-6.));
#1581=VERTEX_POINT('',#1580);
#1582=CARTESIAN_POINT('',(-2.86,4.76,4.6));
#1583=VERTEX_POINT('',#1582);
#1584=CARTESIAN_POINT('',(-2.22,4.76,4.6));
#1585=VERTEX_POINT('',#1584);
#1586=CARTESIAN_POINT('',(-2.86,5.4,4.6));
#1587=VERTEX_POINT('',#1586);
#1588=CARTESIAN_POINT('',(-2.22,5.4,4.6));
#1589=VERTEX_POINT('',#1588);
#1590=VECTOR('',#34,0.64);
#1591=CARTESIAN_POINT('',(-2.86,4.76,-6.));
#1592=LINE('',#1591,#1590);
#1593=EDGE_CURVE('',#1575,#1579,#1592,.T.);
#1594=ORIENTED_EDGE('',*,*,#1593,.T.);
#1595=VECTOR('',#16,0.64);
#1596=CARTESIAN_POINT('',(-2.86,5.4,-6.));
#1597=LINE('',#1596,#1595);
#1598=EDGE_CURVE('',#1579,#1581,#1597,.T.);
#1599=ORIENTED_EDGE('',*,*,#1598,.T.);
#1600=VECTOR('',#34,0.64);
#1601=CARTESIAN_POINT('',(-2.22,4.76,-6.));
#1602=LINE('',#1601,#1600);
#1603=EDGE_CURVE('',#1577,#1581,#1602,.T.);
#1604=ORIENTED_EDGE('',*,*,#1603,.F.);
#1605=VECTOR('',#16,0.64);
#1606=CARTESIAN_POINT('',(-2.86,4.76,-6.));
#1607=LINE('',#1606,#1605);
#1608=EDGE_CURVE('',#1575,#1577,#1607,.T.);
#1609=ORIENTED_EDGE('',*,*,#1608,.F.);
#1610=EDGE_LOOP('',(#1594,#1599,#1604,#1609));
#1611=FACE_OUTER_BOUND('',#1610,.T.);
#1612=CARTESIAN_POINT('',(-2.86,4.76,-6.));
#1613=AXIS2_PLACEMENT_3D('',#1612,#58,#16);
#1614=PLANE('',#1613);
#1615=ADVANCED_FACE('',(#1611),#1614,.T.);
#1616=VECTOR('',#16,0.64);
#1617=CARTESIAN_POINT('',(-2.86,4.76,4.6));
#1618=LINE('',#1617,#1616);
#1619=EDGE_CURVE('',#1583,#1585,#1618,.T.);
#1620=ORIENTED_EDGE('',*,*,#1619,.T.);
#1621=VECTOR('',#34,0.64);
#1622=CARTESIAN_POINT('',(-2.22,4.76,4.6));
#1623=LINE('',#1622,#1621);
#1624=EDGE_CURVE('',#1585,#1589,#1623,.T.);
#1625=ORIENTED_EDGE('',*,*,#1624,.T.);
#1626=VECTOR('',#16,0.64);
#1627=CARTESIAN_POINT('',(-2.86,5.4,4.6));
#1628=LINE('',#1627,#1626);
#1629=EDGE_CURVE('',#1587,#1589,#1628,.T.);
#1630=ORIENTED_EDGE('',*,*,#1629,.F.);
#1631=VECTOR('',#34,0.64);
#1632=CARTESIAN_POINT('',(-2.86,4.76,4.6));
#1633=LINE('',#1632,#1631);
#1634=EDGE_CURVE('',#1583,#1587,#1633,.T.);
#1635=ORIENTED_EDGE('',*,*,#1634,.F.);
#1636=EDGE_LOOP('',(#1620,#1625,#1630,#1635));
#1637=FACE_OUTER_BOUND('',#1636,.T.);
#1638=CARTESIAN_POINT('',(-2.86,4.76,4.6));
#1639=AXIS2_PLACEMENT_3D('',#1638,#15,#16);
#1640=PLANE('',#1639);
#1641=ADVANCED_FACE('',(#1637),#1640,.T.);
#1642=ORIENTED_EDGE('',*,*,#1608,.T.);
#1643=VECTOR('',#15,10.6);
#1644=CARTESIAN_POINT('',(-2.22,4.76,-6.));
#1645=LINE('',#1644,#1643);
#1646=EDGE_CURVE('',#1577,#1585,#1645,.T.);
#1647=ORIENTED_EDGE('',*,*,#1646,.T.);
#1648=ORIENTED_EDGE('',*,*,#1619,.F.);
#1649=VECTOR('',#15,10.6);
#1650=CARTESIAN_POINT('',(-2.86,4.76,-6.));
#1651=LINE('',#1650,#1649);
#1652=EDGE_CURVE('',#1575,#1583,#1651,.T.);
#1653=ORIENTED_EDGE('',*,*,#1652,.F.);
#1654=EDGE_LOOP('',(#1642,#1647,#1648,#1653));
#1655=FACE_OUTER_BOUND('',#1654,.T.);
#1656=CARTESIAN_POINT('',(-2.86,4.76,-6.));
#1657=AXIS2_PLACEMENT_3D('',#1656,#103,#16);
#1658=PLANE('',#1657);
#1659=ADVANCED_FACE('',(#1655),#1658,.T.);
#1660=VECTOR('',#15,10.6);
#1661=CARTESIAN_POINT('',(-2.86,5.4,-6.));
#1662=LINE('',#1661,#1660);
#1663=EDGE_CURVE('',#1579,#1587,#1662,.T.);
#1664=ORIENTED_EDGE('',*,*,#1663,.T.);
#1665=ORIENTED_EDGE('',*,*,#1629,.T.);
#1666=VECTOR('',#15,10.6);
#1667=CARTESIAN_POINT('',(-2.22,5.4,-6.));
#1668=LINE('',#1667,#1666);
#1669=EDGE_CURVE('',#1581,#1589,#1668,.T.);
#1670=ORIENTED_EDGE('',*,*,#1669,.F.);
#1671=ORIENTED_EDGE('',*,*,#1598,.F.);
#1672=EDGE_LOOP('',(#1664,#1665,#1670,#1671));
#1673=FACE_OUTER_BOUND('',#1672,.T.);
#1674=CARTESIAN_POINT('',(-2.86,5.4,-6.));
#1675=AXIS2_PLACEMENT_3D('',#1674,#34,#16);
#1676=PLANE('',#1675);
#1677=ADVANCED_FACE('',(#1673),#1676,.T.);
#1678=ORIENTED_EDGE('',*,*,#1652,.T.);
#1679=ORIENTED_EDGE('',*,*,#1634,.T.);
#1680=ORIENTED_EDGE('',*,*,#1663,.F.);
#1681=ORIENTED_EDGE('',*,*,#1593,.F.);
#1682=EDGE_LOOP('',(#1678,#1679,#1680,#1681));
#1683=FACE_OUTER_BOUND('',#1682,.T.);
#1684=CARTESIAN_POINT('',(-2.86,4.76,-6.));
#1685=AXIS2_PLACEMENT_3D('',#1684,#132,#34);
#1686=PLANE('',#1685);
#1687=ADVANCED_FACE('',(#1683),#1686,.T.);
#1688=ORIENTED_EDGE('',*,*,#1603,.T.);
#1689=ORIENTED_EDGE('',*,*,#1669,.T.);
#1690=ORIENTED_EDGE('',*,*,#1624,.F.);
#1691=ORIENTED_EDGE('',*,*,#1646,.F.);
#1692=EDGE_LOOP('',(#1688,#1689,#1690,#1691));
#1693=FACE_OUTER_BOUND('',#1692,.T.);
#1694=CARTESIAN_POINT('',(-2.22,4.76,-6.));
#1695=AXIS2_PLACEMENT_3D('',#1694,#16,#34);
#1696=PLANE('',#1695);
#1697=ADVANCED_FACE('',(#1693),#1696,.T.);
#1698=CLOSED_SHELL('',(#1615,#1641,#1659,#1677,#1687,#1697));
#1699=MANIFOLD_SOLID_BREP('Pin_6',#1698);
#1700=STYLED_ITEM('color',(#1064),#1699);
#1701=CARTESIAN_POINT('',(-0.32,7.3,-6.));
#1702=VERTEX_POINT('',#1701);
#1703=CARTESIAN_POINT('',(0.32,7.3,-6.));
#1704=VERTEX_POINT('',#1703);
#1705=CARTESIAN_POINT('',(-0.32,7.94,-6.));
#1706=VERTEX_POINT('',#1705);
#1707=CARTESIAN_POINT('',(0.32,7.94,-6.));
#1708=VERTEX_POINT('',#1707);
#1709=CARTESIAN_POINT('',(-0.32,7.3,4.6));
#1710=VERTEX_POINT('',#1709);
#1711=CARTESIAN_POINT('',(0.32,7.3,4.6));
#1712=VERTEX_POINT('',#1711);
#1713=CARTESIAN_POINT('',(-0.32,7.94,4.6));
#1714=VERTEX_POINT('',#1713);
#1715=CARTESIAN_POINT('',(0.32,7.94,4.6));
#1716=VERTEX_POINT('',#1715);
#1717=VECTOR('',#34,0.64);
#1718=CARTESIAN_POINT('',(-0.32,7.3,-6.));
#1719=LINE('',#1718,#1717);
#1720=EDGE_CURVE('',#1702,#1706,#1719,.T.);
#1721=ORIENTED_EDGE('',*,*,#1720,.T.);
#1722=VECTOR('',#16,0.64);
#1723=CARTESIAN_POINT('',(-0.32,7.94,-6.));
#1724=LINE('',#1723,#1722);
#1725=EDGE_CURVE('',#1706,#1708,#1724,.T.);
#1726=ORIENTED_EDGE('',*,*,#1725,.T.);
#1727=VECTOR('',#34,0.64);
#1728=CARTESIAN_POINT('',(0.32,7.3,-6.));
#1729=LINE('',#1728,#1727);
#1730=EDGE_CURVE('',#1704,#1708,#1729,.T.);
#1731=ORIENTED_EDGE('',*,*,#1730,.F.);
#1732=VECTOR('',#16,0.64);
#1733=CARTESIAN_POINT('',(-0.32,7.3,-6.));
#1734=LINE('',#1733,#1732);
#1735=EDGE_CURVE('',#1702,#1704,#1734,.T.);
#1736=ORIENTED_EDGE('',*,*,#1735,.F.);
#1737=EDGE_LOOP('',(#1721,#1726,#1731,#1736));
#1738=FACE_OUTER_BOUND('',#1737,.T.);
#1739=CARTESIAN_POINT('',(-0.32,7.3,-6.));
#1740=AXIS2_PLACEMENT_3D('',#1739,#58,#16);
#1741=PLANE('',#1740);
#1742=ADVANCED_FACE('',(#1738),#1741,.T.);
#1743=VECTOR('',#16,0.64);
#1744=CARTESIAN_POINT('',(-0.32,7.3,4.6));
#1745=LINE('',#1744,#1743);
#1746=EDGE_CURVE('',#1710,#1712,#1745,.T.);
#1747=ORIENTED_EDGE('',*,*,#1746,.T.);
#1748=VECTOR('',#34,0.64);
#1749=CARTESIAN_POINT('',(0.32,7.3,4.6));
#1750=LINE('',#1749,#1748);
#1751=EDGE_CURVE('',#1712,#1716,#1750,.T.);
#1752=ORIENTED_EDGE('',*,*,#1751,.T.);
#1753=VECTOR('',#16,0.64);
#1754=CARTESIAN_POINT('',(-0.32,7.94,4.6));
#1755=LINE('',#1754,#1753);
#1756=EDGE_CURVE('',#1714,#1716,#1755,.T.);
#1757=ORIENTED_EDGE('',*,*,#1756,.F.);
#1758=VECTOR('',#34,0.64);
#1759=CARTESIAN_POINT('',(-0.32,7.3,4.6));
#1760=LINE('',#1759,#1758);
#1761=EDGE_CURVE('',#1710,#1714,#1760,.T.);
#1762=ORIENTED_EDGE('',*,*,#1761,.F.);
#1763=EDGE_LOOP('',(#1747,#1752,#1757,#1762));
#1764=FACE_OUTER_BOUND('',#1763,.T.);
#1765=CARTESIAN_POINT('',(-0.32,7.3,4.6));
#1766=AXIS2_PLACEMENT_3D('',#1765,#15,#16);
#1767=PLANE('',#1766);
#1768=ADVANCED_FACE('',(#1764),#1767,.T.);
#1769=ORIENTED_EDGE('',*,*,#1735,.T.);
#1770=VECTOR('',#15,10.6);
#1771=CARTESIAN_POINT('',(0.32,7.3,-6.));
#1772=LINE('',#1771,#1770);
#1773=EDGE_CURVE('',#1704,#1712,#1772,.T.);
#1774=ORIENTED_EDGE('',*,*,#1773,.T.);
#1775=ORIENTED_EDGE('',*,*,#1746,.F.);
#1776=VECTOR('',#15,10.6);
#1777=CARTESIAN_POINT('',(-0.32,7.3,-6.));
#1778=LINE('',#1777,#1776);
#1779=EDGE_CURVE('',#1702,#1710,#1778,.T.);
#1780=ORIENTED_EDGE('',*,*,#1779,.F.);
#1781=EDGE_LOOP('',(#1769,#1774,#1775,#1780));
#1782=FACE_OUTER_BOUND('',#1781,.T.);
#1783=CARTESIAN_POINT('',(-0.32,7.3,-6.));
#1784=AXIS2_PLACEMENT_3D('',#1783,#103,#16);
#1785=PLANE('',#1784);
#1786=ADVANCED_FACE('',(#1782),#1785,.T.);
#1787=VECTOR('',#15,10.6);
#1788=CARTESIAN_POINT('',(-0.32,7.94,-6.));
#1789=LINE('',#1788,#1787);
#1790=EDGE_CURVE('',#1706,#1714,#1789,.T.);
#1791=ORIENTED_EDGE('',*,*,#1790,.T.);
#1792=ORIENTED_EDGE('',*,*,#1756,.T.);
#1793=VECTOR('',#15,10.6);
#1794=CARTESIAN_POINT('',(0.32,7.94,-6.));
#1795=LINE('',#1794,#1793);
#1796=EDGE_CURVE('',#1708,#1716,#1795,.T.);
#1797=ORIENTED_EDGE('',*,*,#1796,.F.);
#1798=ORIENTED_EDGE('',*,*,#1725,.F.);
#1799=EDGE_LOOP('',(#1791,#1792,#1797,#1798));
#1800=FACE_OUTER_BOUND('',#1799,.T.);
#1801=CARTESIAN_POINT('',(-0.32,7.94,-6.));
#1802=AXIS2_PLACEMENT_3D('',#1801,#34,#16);
#1803=PLANE('',#1802);
#1804=ADVANCED_FACE('',(#1800),#1803,.T.);
#1805=ORIENTED_EDGE('',*,*,#1779,.T.);
#1806=ORIENTED_EDGE('',*,*,#1761,.T.);
#1807=ORIENTED_EDGE('',*,*,#1790,.F.);
#1808=ORIENTED_EDGE('',*,*,#1720,.F.);
#1809=EDGE_LOOP('',(#1805,#1806,#1807,#1808));
#1810=FACE_OUTER_BOUND('',#1809,.T.);
#1811=CARTESIAN_POINT('',(-0.32,7.3,-6.));
#1812=AXIS2_PLACEMENT_3D('',#1811,#132,#34);
#1813=PLANE('',#1812);
#1814=ADVANCED_FACE('',(#1810),#1813,.T.);
#1815=ORIENTED_EDGE('',*,*,#1730,.T.);
#1816=ORIENTED_EDGE('',*,*,#1796,.T.);
#1817=ORIENTED_EDGE('',*,*,#1751,.F.);
#1818=ORIENTED_EDGE('',*,*,#1773,.F.);
#1819=EDGE_LOOP('',(#1815,#1816,#1817,#1818));
#1820=FACE_OUTER_BOUND('',#1819,.T.);
#1821=CARTESIAN_POINT('',(0.32,7.3,-6.));
#1822=AXIS2_PLACEMENT_3D('',#1821,#16,#34);
#1823=PLANE('',#1822);
#1824=ADVANCED_FACE('',(#1820),#1823,.T.);
#1825=CLOSED_SHELL('',(#1742,#1768,#1786,#1804,#1814,#1824));
#1826=MANIFOLD_SOLID_BREP('Pin_7',#1825);
#1827=STYLED_ITEM('color',(#1064),#1826);
#1828=CARTESIAN_POINT('',(-2.86,7.3,-6.));
#1829=VERTEX_POINT('',#1828);
#1830=CARTESIAN_POINT('',(-2.22,7.3,-6.));
#1831=VERTEX_POINT('',#1830);
#1832=CARTESIAN_POINT('',(-2.86,7.94,-6.));
#1833=VERTEX_POINT('',#1832);
#1834=CARTESIAN_POINT('',(-2.22,7.94,-6.));
#1835=VERTEX_POINT('',#1834);
#1836=CARTESIAN_POINT('',(-2.86,7.3,4.6));
#1837=VERTEX_POINT('',#1836);
#1838=CARTESIAN_POINT('',(-2.22,7.3,4.6));
#1839=VERTEX_POINT('',#1838);
#1840=CARTESIAN_POINT('',(-2.86,7.94,4.6));
#1841=VERTEX_POINT('',#1840);
#1842=CARTESIAN_POINT('',(-2.22,7.94,4.6));
#1843=VERTEX_POINT('',#1842);
#1844=VECTOR('',#34,0.64);
#1845=CARTESIAN_POINT('',(-2.86,7.3,-6.));
#1846=LINE('',#1845,#1844);
#1847=EDGE_CURVE('',#1829,#1833,#1846,.T.);
#1848=ORIENTED_EDGE('',*,*,#1847,.T.);
#1849=VECTOR('',#16,0.64);
#1850=CARTESIAN_POINT('',(-2.86,7.94,-6.));
#1851=LINE('',#1850,#1849);
#1852=EDGE_CURVE('',#1833,#1835,#1851,.T.);
#1853=ORIENTED_EDGE('',*,*,#1852,.T.);
#1854=VECTOR('',#34,0.64);
#1855=CARTESIAN_POINT('',(-2.22,7.3,-6.));
#1856=LINE('',#1855,#1854);
#1857=EDGE_CURVE('',#1831,#1835,#1856,.T.);
#1858=ORIENTED_EDGE('',*,*,#1857,.F.);
#1859=VECTOR('',#16,0.64);
#1860=CARTESIAN_POINT('',(-2.86,7.3,-6.));
#1861=LINE('',#1860,#1859);
#1862=EDGE_CURVE('',#1829,#1831,#1861,.T.);
#1863=ORIENTED_EDGE('',*,*,#1862,.F.);
#1864=EDGE_LOOP('',(#1848,#1853,#1858,#1863));
#1865=FACE_OUTER_BOUND('',#1864,.T.);
#1866=CARTESIAN_POINT('',(-2.86,7.3,-6.));
#1867=AXIS2_PLACEMENT_3D('',#1866,#58,#16);
#1868=PLANE('',#1867);
#1869=ADVANCED_FACE('',(#1865),#1868,.T.);
#1870=VECTOR('',#16,0.64);
#1871=CARTESIAN_POINT('',(-2.86,7.3,4.6));
#1872=LINE('',#1871,#1870);
#1873=EDGE_CURVE('',#1837,#1839,#1872,.T.);
#1874=ORIENTED_EDGE('',*,*,#1873,.T.);
#1875=VECTOR('',#34,0.64);
#1876=CARTESIAN_POINT('',(-2.22,7.3,4.6));
#1877=LINE('',#1876,#1875);
#1878=EDGE_CURVE('',#1839,#1843,#1877,.T.);
#1879=ORIENTED_EDGE('',*,*,#1878,.T.);
#1880=VECTOR('',#16,0.64);
#1881=CARTESIAN_POINT('',(-2.86,7.94,4.6));
#1882=LINE('',#1881,#1880);
#1883=EDGE_CURVE('',#1841,#1843,#1882,.T.);
#1884=ORIENTED_EDGE('',*,*,#1883,.F.);
#1885=VECTOR('',#34,0.64);
#1886=CARTESIAN_POINT('',(-2.86,7.3,4.6));
#1887=LINE('',#1886,#1885);
#1888=EDGE_CURVE('',#1837,#1841,#1887,.T.);
#1889=ORIENTED_EDGE('',*,*,#1888,.F.);
#1890=EDGE_LOOP('',(#1874,#1879,#1884,#1889));
#1891=FACE_OUTER_BOUND('',#1890,.T.);
#1892=CARTESIAN_POINT('',(-2.86,7.3,4.6));
#1893=AXIS2_PLACEMENT_3D('',#1892,#15,#16);
#1894=PLANE('',#1893);
#1895=ADVANCED_FACE('',(#1891),#1894,.T.);
#1896=ORIENTED_EDGE('',*,*,#1862,.T.);
#1897=VECTOR('',#15,10.6);
#1898=CARTESIAN_POINT('',(-2.22,7.3,-6.));
#1899=LINE('',#1898,#1897);
#1900=EDGE_CURVE('',#1831,#1839,#1899,.T.);
#1901=ORIENTED_EDGE('',*,*,#1900,.T.);
#1902=ORIENTED_EDGE('',*,*,#1873,.F.);
#1903=VECTOR('',#15,10.6);
#1904=CARTESIAN_POINT('',(-2.86,7.3,-6.));
#1905=LINE('',#1904,#1903);
#1906=EDGE_CURVE('',#1829,#1837,#1905,.T.);
#1907=ORIENTED_EDGE('',*,*,#1906,.F.);
#1908=EDGE_LOOP('',(#1896,#1901,#1902,#1907));
#1909=FACE_OUTER_BOUND('',#1908,.T.);
#1910=CARTESIAN_POINT('',(-2.86,7.3,-6.));
#1911=AXIS2_PLACEMENT_3D('',#1910,#103,#16);
#1912=PLANE('',#1911);
#1913=ADVANCED_FACE('',(#1909),#1912,.T.);
#1914=VECTOR('',#15,10.6);
#1915=CARTESIAN_POINT('',(-2.86,7.94,-6.));
#1916=LINE('',#1915,#1914);
#1917=EDGE_CURVE('',#1833,#1841,#1916,.T.);
#1918=ORIENTED_EDGE('',*,*,#1917,.T.);
#1919=ORIENTED_EDGE('',*,*,#1883,.T.);
#1920=VECTOR('',#15,10.6);
#1921=CARTESIAN_POINT('',(-2.22,7.94,-6.));
#1922=LINE('',#1921,#1920);
#1923=EDGE_CURVE('',#1835,#1843,#1922,.T.);
#1924=ORIENTED_EDGE('',*,*,#1923,.F.);
#1925=ORIENTED_EDGE('',*,*,#1852,.F.);
#1926=EDGE_LOOP('',(#1918,#1919,#1924,#1925));
#1927=FACE_OUTER_BOUND('',#1926,.T.);
#1928=CARTESIAN_POINT('',(-2.86,7.94,-6.));
#1929=AXIS2_PLACEMENT_3D('',#1928,#34,#16);
#1930=PLANE('',#1929);
#1931=ADVANCED_FACE('',(#1927),#1930,.T.);
#1932=ORIENTED_EDGE('',*,*,#1906,.T.);
#1933=ORIENTED_EDGE('',*,*,#1888,.T.);
#1934=ORIENTED_EDGE('',*,*,#1917,.F.);
#1935=ORIENTED_EDGE('',*,*,#1847,.F.);
#1936=EDGE_LOOP('',(#1932,#1933,#1934,#1935));
#1937=FACE_OUTER_BOUND('',#1936,.T.);
#1938=CARTESIAN_POINT('',(-2.86,7.3,-6.));
#1939=AXIS2_PLACEMENT_3D('',#1938,#132,#34);
#1940=PLANE('',#1939);
#1941=ADVANCED_FACE('',(#1937),#1940,.T.);
#1942=ORIENTED_EDGE('',*,*,#1857,.T.);
#1943=ORIENTED_EDGE('',*,*,#1923,.T.);
#1944=ORIENTED_EDGE('',*,*,#1878,.F.);
#1945=ORIENTED_EDGE('',*,*,#1900,.F.);
#1946=EDGE_LOOP('',(#1942,#1943,#1944,#1945));
#1947=FACE_OUTER_BOUND('',#1946,.T.);
#1948=CARTESIAN_POINT('',(-2.22,7.3,-6.));
#1949=AXIS2_PLACEMENT_3D('',#1948,#16,#34);
#1950=PLANE('',#1949);
#1951=ADVANCED_FACE('',(#1947),#1950,.T.);
#1952=CLOSED_SHELL('',(#1869,#1895,#1913,#1931,#1941,#1951));
#1953=MANIFOLD_SOLID_BREP('Pin_8',#1952);
#1954=STYLED_ITEM('color',(#1064),#1953);
#1955=CARTESIAN_POINT('',(-0.32,9.84,-6.));
#1956=VERTEX_POINT('',#1955);
#1957=CARTESIAN_POINT('',(0.32,9.84,-6.));
#1958=VERTEX_POINT('',#1957);
#1959=CARTESIAN_POINT('',(-0.32,10.48,-6.));
#1960=VERTEX_POINT('',#1959);
#1961=CARTESIAN_POINT('',(0.32,10.48,-6.));
#1962=VERTEX_POINT('',#1961);
#1963=CARTESIAN_POINT('',(-0.32,9.84,4.6));
#1964=VERTEX_POINT('',#1963);
#1965=CARTESIAN_POINT('',(0.32,9.84,4.6));
#1966=VERTEX_POINT('',#1965);
#1967=CARTESIAN_POINT('',(-0.32,10.48,4.6));
#1968=VERTEX_POINT('',#1967);
#1969=CARTESIAN_POINT('',(0.32,10.48,4.6));
#1970=VERTEX_POINT('',#1969);
#1971=VECTOR('',#34,0.64);
#1972=CARTESIAN_POINT('',(-0.32,9.84,-6.));
#1973=LINE('',#1972,#1971);
#1974=EDGE_CURVE('',#1956,#1960,#1973,.T.);
#1975=ORIENTED_EDGE('',*,*,#1974,.T.);
#1976=VECTOR('',#16,0.64);
#1977=CARTESIAN_POINT('',(-0.32,10.48,-6.));
#1978=LINE('',#1977,#1976);
#1979=EDGE_CURVE('',#1960,#1962,#1978,.T.);
#1980=ORIENTED_EDGE('',*,*,#1979,.T.);
#1981=VECTOR('',#34,0.64);
#1982=CARTESIAN_POINT('',(0.32,9.84,-6.));
#1983=LINE('',#1982,#1981);
#1984=EDGE_CURVE('',#1958,#1962,#1983,.T.);
#1985=ORIENTED_EDGE('',*,*,#1984,.F.);
#1986=VECTOR('',#16,0.64);
#1987=CARTESIAN_POINT('',(-0.32,9.84,-6.));
#1988=LINE('',#1987,#1986);
#1989=EDGE_CURVE('',#1956,#1958,#1988,.T.);
#1990=ORIENTED_EDGE('',*,*,#1989,.F.);
#1991=EDGE_LOOP('',(#1975,#1980,#1985,#1990));
#1992=FACE_OUTER_BOUND('',#1991,.T.);
#1993=CARTESIAN_POINT('',(-0.32,9.84,-6.));
#1994=AXIS2_PLACEMENT_3D('',#1993,#58,#16);
#1995=PLANE('',#1994);
#1996=ADVANCED_FACE('',(#1992),#1995,.T.);
#1997=VECTOR('',#16,0.64);
#1998=CARTESIAN_POINT('',(-0.32,9.84,4.6));
#1999=LINE('',#1998,#1997);
#2000=EDGE_CURVE('',#1964,#1966,#1999,.T.);
#2001=ORIENTED_EDGE('',*,*,#2000,.T.);
#2002=VECTOR('',#34,0.64);
#2003=CARTESIAN_POINT('',(0.32,9.84,4.6));
#2004=LINE('',#2003,#2002);
#2005=EDGE_CURVE('',#1966,#1970,#2004,.T.);
#2006=ORIENTED_EDGE('',*,*,#2005,.T.);
#2007=VECTOR('',#16,0.64);
#2008=CARTESIAN_POINT('',(-0.32,10.48,4.6));
#2009=LINE('',#2008,#2007);
#2010=EDGE_CURVE('',#1968,#1970,#2009,.T.);
#2011=ORIENTED_EDGE('',*,*,#2010,.F.);
#2012=VECTOR('',#34,0.64);
#2013=CARTESIAN_POINT('',(-0.32,9.84,4.6));
#2014=LINE('',#2013,#2012);
#2015=EDGE_CURVE('',#1964,#1968,#2014,.T.);
#2016=ORIENTED_EDGE('',*,*,#2015,.F.);
#2017=EDGE_LOOP('',(#2001,#2006,#2011,#2016));
#2018=FACE_OUTER_BOUND('',#2017,.T.);
#2019=CARTESIAN_POINT('',(-0.32,9.84,4.6));
#2020=AXIS2_PLACEMENT_3D('',#2019,#15,#16);
#2021=PLANE('',#2020);
#2022=ADVANCED_FACE('',(#2018),#2021,.T.);
#2023=ORIENTED_EDGE('',*,*,#1989,.T.);
#2024=VECTOR('',#15,10.6);
#2025=CARTESIAN_POINT('',(0.32,9.84,-6.));
#2026=LINE('',#2025,#2024);
#2027=EDGE_CURVE('',#1958,#1966,#2026,.T.);
#2028=ORIENTED_EDGE('',*,*,#2027,.T.);
#2029=ORIENTED_EDGE('',*,*,#2000,.F.);
#2030=VECTOR('',#15,10.6);
#2031=CARTESIAN_POINT('',(-0.32,9.84,-6.));
#2032=LINE('',#2031,#2030);
#2033=EDGE_CURVE('',#1956,#1964,#2032,.T.);
#2034=ORIENTED_EDGE('',*,*,#2033,.F.);
#2035=EDGE_LOOP('',(#2023,#2028,#2029,#2034));
#2036=FACE_OUTER_BOUND('',#2035,.T.);
#2037=CARTESIAN_POINT('',(-0.32,9.84,-6.));
#2038=AXIS2_PLACEMENT_3D('',#2037,#103,#16);
#2039=PLANE('',#2038);
#2040=ADVANCED_FACE('',(#2036),#2039,.T.);
#2041=VECTOR('',#15,10.6);
#2042=CARTESIAN_POINT('',(-0.32,10.48,-6.));
#2043=LINE('',#2042,#2041);
#2044=EDGE_CURVE('',#1960,#1968,#2043,.T.);
#2045=ORIENTED_EDGE('',*,*,#2044,.T.);
#2046=ORIENTED_EDGE('',*,*,#2010,.T.);
#2047=VECTOR('',#15,10.6);
#2048=CARTESIAN_POINT('',(0.32,10.48,-6.));
#2049=LINE('',#2048,#2047);
#2050=EDGE_CURVE('',#1962,#1970,#2049,.T.);
#2051=ORIENTED_EDGE('',*,*,#2050,.F.);
#2052=ORIENTED_EDGE('',*,*,#1979,.F.);
#2053=EDGE_LOOP('',(#2045,#2046,#2051,#2052));
#2054=FACE_OUTER_BOUND('',#2053,.T.);
#2055=CARTESIAN_POINT('',(-0.32,10.48,-6.));
#2056=AXIS2_PLACEMENT_3D('',#2055,#34,#16);
#2057=PLANE('',#2056);
#2058=ADVANCED_FACE('',(#2054),#2057,.T.);
#2059=ORIENTED_EDGE('',*,*,#2033,.T.);
#2060=ORIENTED_EDGE('',*,*,#2015,.T.);
#2061=ORIENTED_EDGE('',*,*,#2044,.F.);
#2062=ORIENTED_EDGE('',*,*,#1974,.F.);
#2063=EDGE_LOOP('',(#2059,#2060,#2061,#2062));
#2064=FACE_OUTER_BOUND('',#2063,.T.);
#2065=CARTESIAN_POINT('',(-0.32,9.84,-6.));
#2066=AXIS2_PLACEMENT_3D('',#2065,#132,#34);
#2067=PLANE('',#2066);
#2068=ADVANCED_FACE('',(#2064),#2067,.T.);
#2069=ORIENTED_EDGE('',*,*,#1984,.T.);
#2070=ORIENTED_EDGE('',*,*,#2050,.T.);
#2071=ORIENTED_EDGE('',*,*,#2005,.F.);
#2072=ORIENTED_EDGE('',*,*,#2027,.F.);
#2073=EDGE_LOOP('',(#2069,#2070,#2071,#2072));
#2074=FACE_OUTER_BOUND('',#2073,.T.);
#2075=CARTESIAN_POINT('',(0.32,9.84,-6.));
#2076=AXIS2_PLACEMENT_3D('',#2075,#16,#34);
#2077=PLANE('',#2076);
#2078=ADVANCED_FACE('',(#2074),#2077,.T.);
#2079=CLOSED_SHELL('',(#1996,#2022,#2040,#2058,#2068,#2078));
#2080=MANIFOLD_SOLID_BREP('Pin_9',#2079);
#2081=STYLED_ITEM('color',(#1064),#2080);
#2082=CARTESIAN_POINT('',(-2.86,9.84,-6.));
#2083=VERTEX_POINT('',#2082);
#2084=CARTESIAN_POINT('',(-2.22,9.84,-6.));
#2085=VERTEX_POINT('',#2084);
#2086=CARTESIAN_POINT('',(-2.86,10.48,-6.));
#2087=VERTEX_POINT('',#2086);
#2088=CARTESIAN_POINT('',(-2.22,10.48,-6.));
#2089=VERTEX_POINT('',#2088);
#2090=CARTESIAN_POINT('',(-2.86,9.84,4.6));
#2091=VERTEX_POINT('',#2090);
#2092=CARTESIAN_POINT('',(-2.22,9.84,4.6));
#2093=VERTEX_POINT('',#2092);
#2094=CARTESIAN_POINT('',(-2.86,10.48,4.6));
#2095=VERTEX_POINT('',#2094);
#2096=CARTESIAN_POINT('',(-2.22,10.48,4.6));
#2097=VERTEX_POINT('',#2096);
#2098=VECTOR('',#34,0.64);
#2099=CARTESIAN_POINT('',(-2.86,9.84,-6.));
#2100=LINE('',#2099,#2098);
#2101=EDGE_CURVE('',#2083,#2087,#2100,.T.);
#2102=ORIENTED_EDGE('',*,*,#2101,.T.);
#2103=VECTOR('',#16,0.64);
#2104=CARTESIAN_POINT('',(-2.86,10.48,-6.));
#2105=LINE('',#2104,#2103);
#2106=EDGE_CURVE('',#2087,#2089,#2105,.T.);
#2107=ORIENTED_EDGE('',*,*,#2106,.T.);
#2108=VECTOR('',#34,0.64);
#2109=CARTESIAN_POINT('',(-2.22,9.84,-6.));
#2110=LINE('',#2109,#2108);
#2111=EDGE_CURVE('',#2085,#2089,#2110,.T.);
#2112=ORIENTED_EDGE('',*,*,#2111,.F.);
#2113=VECTOR('',#16,0.64);
#2114=CARTESIAN_POINT('',(-2.86,9.84,-6.));
#2115=LINE('',#2114,#2113);
#2116=EDGE_CURVE('',#2083,#2085,#2115,.T.);
#2117=ORIENTED_EDGE('',*,*,#2116,.F.);
#2118=EDGE_LOOP('',(#2102,#2107,#2112,#2117));
#2119=FACE_OUTER_BOUND('',#2118,.T.);
#2120=CARTESIAN_POINT('',(-2.86,9.84,-6.));
#2121=AXIS2_PLACEMENT_3D('',#2120,#58,#16);
#2122=PLANE('',#2121);
#2123=ADVANCED_FACE('',(#2119),#2122,.T.);
#2124=VECTOR('',#16,0.64);
#2125=CARTESIAN_POINT('',(-2.86,9.84,4.6));
#2126=LINE('',#2125,#2124);
#2127=EDGE_CURVE('',#2091,#2093,#2126,.T.);
#2128=ORIENTED_EDGE('',*,*,#2127,.T.);
#2129=VECTOR('',#34,0.64);
#2130=CARTESIAN_POINT('',(-2.22,9.84,4.6));
#2131=LINE('',#2130,#2129);
#2132=EDGE_CURVE('',#2093,#2097,#2131,.T.);
#2133=ORIENTED_EDGE('',*,*,#2132,.T.);
#2134=VECTOR('',#16,0.64);
#2135=CARTESIAN_POINT('',(-2.86,10.48,4.6));
#2136=LINE('',#2135,#2134);
#2137=EDGE_CURVE('',#2095,#2097,#2136,.T.);
#2138=ORIENTED_EDGE('',*,*,#2137,.F.);
#2139=VECTOR('',#34,0.64);
#2140=CARTESIAN_POINT('',(-2.86,9.84,4.6));
#2141=LINE('',#2140,#2139);
#2142=EDGE_CURVE('',#2091,#2095,#2141,.T.);
#2143=ORIENTED_EDGE('',*,*,#2142,.F.);
#2144=EDGE_LOOP('',(#2128,#2133,#2138,#2143));
#2145=FACE_OUTER_BOUND('',#2144,.T.);
#2146=CARTESIAN_POINT('',(-2.86,9.84,4.6));
#2147=AXIS2_PLACEMENT_3D('',#2146,#15,#16);
#2148=PLANE('',#2147);
#2149=ADVANCED_FACE('',(#2145),#2148,.T.);
#2150=ORIENTED_EDGE('',*,*,#2116,.T.);
#2151=VECTOR('',#15,10.6);
#2152=CARTESIAN_POINT('',(-2.22,9.84,-6.));
#2153=LINE('',#2152,#2151);
#2154=EDGE_CURVE('',#2085,#2093,#2153,.T.);
#2155=ORIENTED_EDGE('',*,*,#2154,.T.);
#2156=ORIENTED_EDGE('',*,*,#2127,.F.);
#2157=VECTOR('',#15,10.6);
#2158=CARTESIAN_POINT('',(-2.86,9.84,-6.));
#2159=LINE('',#2158,#2157);
#2160=EDGE_CURVE('',#2083,#2091,#2159,.T.);
#2161=ORIENTED_EDGE('',*,*,#2160,.F.);
#2162=EDGE_LOOP('',(#2150,#2155,#2156,#2161));
#2163=FACE_OUTER_BOUND('',#2162,.T.);
#2164=CARTESIAN_POINT('',(-2.86,9.84,-6.));
#2165=AXIS2_PLACEMENT_3D('',#2164,#103,#16);
#2166=PLANE('',#2165);
#2167=ADVANCED_FACE('',(#2163),#2166,.T.);
#2168=VECTOR('',#15,10.6);
#2169=CARTESIAN_POINT('',(-2.86,10.48,-6.));
#2170=LINE('',#2169,#2168);
#2171=EDGE_CURVE('',#2087,#2095,#2170,.T.);
#2172=ORIENTED_EDGE('',*,*,#2171,.T.);
#2173=ORIENTED_EDGE('',*,*,#2137,.T.);
#2174=VECTOR('',#15,10.6);
#2175=CARTESIAN_POINT('',(-2.22,10.48,-6.));
#2176=LINE('',#2175,#2174);
#2177=EDGE_CURVE('',#2089,#2097,#2176,.T.);
#2178=ORIENTED_EDGE('',*,*,#2177,.F.);
#2179=ORIENTED_EDGE('',*,*,#2106,.F.);
#2180=EDGE_LOOP('',(#2172,#2173,#2178,#2179));
#2181=FACE_OUTER_BOUND('',#2180,.T.);
#2182=CARTESIAN_POINT('',(-2.86,10.48,-6.));
#2183=AXIS2_PLACEMENT_3D('',#2182,#34,#16);
#2184=PLANE('',#2183);
#2185=ADVANCED_FACE('',(#2181),#2184,.T.);
#2186=ORIENTED_EDGE('',*,*,#2160,.T.);
#2187=ORIENTED_EDGE('',*,*,#2142,.T.);
#2188=ORIENTED_EDGE('',*,*,#2171,.F.);
#2189=ORIENTED_EDGE('',*,*,#2101,.F.);
#2190=EDGE_LOOP('',(#2186,#2187,#2188,#2189));
#2191=FACE_OUTER_BOUND('',#2190,.T.);
#2192=CARTESIAN_POINT('',(-2.86,9.84,-6.));
#2193=AXIS2_PLACEMENT_3D('',#2192,#132,#34);
#2194=PLANE('',#2193);
#2195=ADVANCED_FACE('',(#2191),#2194,.T.);
#2196=ORIENTED_EDGE('',*,*,#2111,.T.);
#2197=ORIENTED_EDGE('',*,*,#2177,.T.);
#2198=ORIENTED_EDGE('',*,*,#2132,.F.);
#2199=ORIENTED_EDGE('',*,*,#2154,.F.);
#2200=EDGE_LOOP('',(#2196,#2197,#2198,#2199));
#2201=FACE_OUTER_BOUND('',#2200,.T.);
#2202=CARTESIAN_POINT('',(-2.22,9.84,-6.));
#2203=AXIS2_PLACEMENT_3D('',#2202,#16,#34);
#2204=PLANE('',#2203);
#2205=ADVANCED_FACE('',(#2201),#2204,.T.);
#2206=CLOSED_SHELL('',(#2123,#2149,#2167,#2185,#2195,#2205));
#2207=MANIFOLD_SOLID_BREP('Pin_10',#2206);
#2208=STYLED_ITEM('color',(#1064),#2207);
#2209=CARTESIAN_POINT('',(-0.32,12.38,-6.));
#2210=VERTEX_POINT('',#2209);
#2211=CARTESIAN_POINT('',(0.32,12.38,-6.));
#2212=VERTEX_POINT('',#2211);
#2213=CARTESIAN_POINT('',(-0.32,13.02,-6.));
#2214=VERTEX_POINT('',#2213);
#2215=CARTESIAN_POINT('',(0.32,13.02,-6.));
#2216=VERTEX_POINT('',#2215);
#2217=CARTESIAN_POINT('',(-0.32,12.38,4.6));
#2218=VERTEX_POINT('',#2217);
#2219=CARTESIAN_POINT('',(0.32,12.38,4.6));
#2220=VERTEX_POINT('',#2219);
#2221=CARTESIAN_POINT('',(-0.32,13.02,4.6));
#2222=VERTEX_POINT('',#2221);
#2223=CARTESIAN_POINT('',(0.32,13.02,4.6));
#2224=VERTEX_POINT('',#2223);
#2225=VECTOR('',#34,0.64);
#2226=CARTESIAN_POINT('',(-0.32,12.38,-6.));
#2227=LINE('',#2226,#2225);
#2228=EDGE_CURVE('',#2210,#2214,#2227,.T.);
#2229=ORIENTED_EDGE('',*,*,#2228,.T.);
#2230=VECTOR('',#16,0.64);
#2231=CARTESIAN_POINT('',(-0.32,13.02,-6.));
#2232=LINE('',#2231,#2230);
#2233=EDGE_CURVE('',#2214,#2216,#2232,.T.);
#2234=ORIENTED_EDGE('',*,*,#2233,.T.);
#2235=VECTOR('',#34,0.64);
#2236=CARTESIAN_POINT('',(0.32,12.38,-6.));
#2237=LINE('',#2236,#2235);
#2238=EDGE_CURVE('',#2212,#2216,#2237,.T.);
#2239=ORIENTED_EDGE('',*,*,#2238,.F.);
#2240=VECTOR('',#16,0.64);
#2241=CARTESIAN_POINT('',(-0.32,12.38,-6.));
#2242=LINE('',#2241,#2240);
#2243=EDGE_CURVE('',#2210,#2212,#2242,.T.);
#2244=ORIENTED_EDGE('',*,*,#2243,.F.);
#2245=EDGE_LOOP('',(#2229,#2234,#2239,#2244));
#2246=FACE_OUTER_BOUND('',#2245,.T.);
#2247=CARTESIAN_POINT('',(-0.32,12.38,-6.));
#2248=AXIS2_PLACEMENT_3D('',#2247,#58,#16);
#2249=PLANE('',#2248);
#2250=ADVANCED_FACE('',(#2246),#2249,.T.);
#2251=VECTOR('',#16,0.64);
#2252=CARTESIAN_POINT('',(-0.32,12.38,4.6));
#2253=LINE('',#2252,#2251);
#2254=EDGE_CURVE('',#2218,#2220,#2253,.T.);
#2255=ORIENTED_EDGE('',*,*,#2254,.T.);
#2256=VECTOR('',#34,0.64);
#2257=CARTESIAN_POINT('',(0.32,12.38,4.6));
#2258=LINE('',#2257,#2256);
#2259=EDGE_CURVE('',#2220,#2224,#2258,.T.);
#2260=ORIENTED_EDGE('',*,*,#2259,.T.);
#2261=VECTOR('',#16,0.64);
#2262=CARTESIAN_POINT('',(-0.32,13.02,4.6));
#2263=LINE('',#2262,#2261);
#2264=EDGE_CURVE('',#2222,#2224,#2263,.T.);
#2265=ORIENTED_EDGE('',*,*,#2264,.F.);
#2266=VECTOR('',#34,0.64);
#2267=CARTESIAN_POINT('',(-0.32,12.38,4.6));
#2268=LINE('',#2267,#2266);
#2269=EDGE_CURVE('',#2218,#2222,#2268,.T.);
#2270=ORIENTED_EDGE('',*,*,#2269,.F.);
#2271=EDGE_LOOP('',(#2255,#2260,#2265,#2270));
#2272=FACE_OUTER_BOUND('',#2271,.T.);
#2273=CARTESIAN_POINT('',(-0.32,12.38,4.6));
#2274=AXIS2_PLACEMENT_3D('',#2273,#15,#16);
#2275=PLANE('',#2274);
#2276=ADVANCED_FACE('',(#2272),#2275,.T.);
#2277=ORIENTED_EDGE('',*,*,#2243,.T.);
#2278=VECTOR('',#15,10.6);
#2279=CARTESIAN_POINT('',(0.32,12.38,-6.));
#2280=LINE('',#2279,#2278);
#2281=EDGE_CURVE('',#2212,#2220,#2280,.T.);
#2282=ORIENTED_EDGE('',*,*,#2281,.T.);
#2283=ORIENTED_EDGE('',*,*,#2254,.F.);
#2284=VECTOR('',#15,10.6);
#2285=CARTESIAN_POINT('',(-0.32,12.38,-6.));
#2286=LINE('',#2285,#2284);
#2287=EDGE_CURVE('',#2210,#2218,#2286,.T.);
#2288=ORIENTED_EDGE('',*,*,#2287,.F.);
#2289=EDGE_LOOP('',(#2277,#2282,#2283,#2288));
#2290=FACE_OUTER_BOUND('',#2289,.T.);
#2291=CARTESIAN_POINT('',(-0.32,12.38,-6.));
#2292=AXIS2_PLACEMENT_3D('',#2291,#103,#16);
#2293=PLANE('',#2292);
#2294=ADVANCED_FACE('',(#2290),#2293,.T.);
#2295=VECTOR('',#15,10.6);
#2296=CARTESIAN_POINT('',(-0.32,13.02,-6.));
#2297=LINE('',#2296,#2295);
#2298=EDGE_CURVE('',#2214,#2222,#2297,.T.);
#2299=ORIENTED_EDGE('',*,*,#2298,.T.);
#2300=ORIENTED_EDGE('',*,*,#2264,.T.);
#2301=VECTOR('',#15,10.6);
#2302=CARTESIAN_POINT('',(0.32,13.02,-6.));
#2303=LINE('',#2302,#2301);
#2304=EDGE_CURVE('',#2216,#2224,#2303,.T.);
#2305=ORIENTED_EDGE('',*,*,#2304,.F.);
#2306=ORIENTED_EDGE('',*,*,#2233,.F.);
#2307=EDGE_LOOP('',(#2299,#2300,#2305,#2306));
#2308=FACE_OUTER_BOUND('',#2307,.T.);
#2309=CARTESIAN_POINT('',(-0.32,13.02,-6.));
#2310=AXIS2_PLACEMENT_3D('',#2309,#34,#16);
#2311=PLANE('',#2310);
#2312=ADVANCED_FACE('',(#2308),#2311,.T.);
#2313=ORIENTED_EDGE('',*,*,#2287,.T.);
#2314=ORIENTED_EDGE('',*,*,#2269,.T.);
#2315=ORIENTED_EDGE('',*,*,#2298,.F.);
#2316=ORIENTED_EDGE('',*,*,#2228,.F.);
#2317=EDGE_LOOP('',(#2313,#2314,#2315,#2316));
#2318=FACE_OUTER_BOUND('',#2317,.T.);
#2319=CARTESIAN_POINT('',(-0.32,12.38,-6.));
#2320=AXIS2_PLACEMENT_3D('',#2319,#132,#34);
#2321=PLANE('',#2320);
#2322=ADVANCED_FACE('',(#2318),#2321,.T.);
#2323=ORIENTED_EDGE('',*,*,#2238,.T.);
#2324=ORIENTED_EDGE('',*,*,#2304,.T.);
#2325=ORIENTED_EDGE('',*,*,#2259,.F.);
#2326=ORIENTED_EDGE('',*,*,#2281,.F.);
#2327=EDGE_LOOP('',(#2323,#2324,#2325,#2326));
#2328=FACE_OUTER_BOUND('',#2327,.T.);
#2329=CARTESIAN_POINT('',(0.32,12.38,-6.));
#2330=AXIS2_PLACEMENT_3D('',#2329,#16,#34);
#2331=PLANE('',#2330);
#2332=ADVANCED_FACE('',(#2328),#2331,.T.);
#2333=CLOSED_SHELL('',(#2250,#2276,#2294,#2312,#2322,#2332));
#2334=MANIFOLD_SOLID_BREP('Pin_11',#2333);
#2335=STYLED_ITEM('color',(#1064),#2334);
#2336=CARTESIAN_POINT('',(-2.86,12.38,-6.));
#2337=VERTEX_POINT('',#2336);
#2338=CARTESIAN_POINT('',(-2.22,12.38,-6.));
#2339=VERTEX_POINT('',#2338);
#2340=CARTESIAN_POINT('',(-2.86,13.02,-6.));
#2341=VERTEX_POINT('',#2340);
#2342=CARTESIAN_POINT('',(-2.22,13.02,-6.));
#2343=VERTEX_POINT('',#2342);
#2344=CARTESIAN_POINT('',(-2.86,12.38,4.6));
#2345=VERTEX_POINT('',#2344);
#2346=CARTESIAN_POINT('',(-2.22,12.38,4.6));
#2347=VERTEX_POINT('',#2346);
#2348=CARTESIAN_POINT('',(-2.86,13.02,4.6));
#2349=VERTEX_POINT('',#2348);
#2350=CARTESIAN_POINT('',(-2.22,13.02,4.6));
#2351=VERTEX_POINT('',#2350);
#2352=VECTOR('',#34,0.64);
#2353=CARTESIAN_POINT('',(-2.86,12.38,-6.));
#2354=LINE('',#2353,#2352);
#2355=EDGE_CURVE('',#2337,#2341,#2354,.T.);
#2356=ORIENTED_EDGE('',*,*,#2355,.T.);
#2357=VECTOR('',#16,0.64);
#2358=CARTESIAN_POINT('',(-2.86,13.02,-6.));
#2359=LINE('',#2358,#2357);
#2360=EDGE_CURVE('',#2341,#2343,#2359,.T.);
#2361=ORIENTED_EDGE('',*,*,#2360,.T.);
#2362=VECTOR('',#34,0.64);
#2363=CARTESIAN_POINT('',(-2.22,12.38,-6.));
#2364=LINE('',#2363,#2362);
#2365=EDGE_CURVE('',#2339,#2343,#2364,.T.);
#2366=ORIENTED_EDGE('',*,*,#2365,.F.);
#2367=VECTOR('',#16,0.64);
#2368=CARTESIAN_POINT('',(-2.86,12.38,-6.));
#2369=LINE('',#2368,#2367);
#2370=EDGE_CURVE('',#2337,#2339,#2369,.T.);
#2371=ORIENTED_EDGE('',*,*,#2370,.F.);
#2372=EDGE_LOOP('',(#2356,#2361,#2366,#2371));
#2373=FACE_OUTER_BOUND('',#2372,.T.);
#2374=CARTESIAN_POINT('',(-2.86,12.38,-6.));
#2375=AXIS2_PLACEMENT_3D('',#2374,#58,#16);
#2376=PLANE('',#2375);
#2377=ADVANCED_FACE('',(#2373),#2376,.T.);
#2378=VECTOR('',#16,0.64);
#2379=CARTESIAN_POINT('',(-2.86,12.38,4.6));
#2380=LINE('',#2379,#2378);
#2381=EDGE_CURVE('',#2345,#2347,#2380,.T.);
#2382=ORIENTED_EDGE('',*,*,#2381,.T.);
#2383=VECTOR('',#34,0.64);
#2384=CARTESIAN_POINT('',(-2.22,12.38,4.6));
#2385=LINE('',#2384,#2383);
#2386=EDGE_CURVE('',#2347,#2351,#2385,.T.);
#2387=ORIENTED_EDGE('',*,*,#2386,.T.);
#2388=VECTOR('',#16,0.64);
#2389=CARTESIAN_POINT('',(-2.86,13.02,4.6));
#2390=LINE('',#2389,#2388);
#2391=EDGE_CURVE('',#2349,#2351,#2390,.T.);
#2392=ORIENTED_EDGE('',*,*,#2391,.F.);
#2393=VECTOR('',#34,0.64);
#2394=CARTESIAN_POINT('',(-2.86,12.38,4.6));
#2395=LINE('',#2394,#2393);
#2396=EDGE_CURVE('',#2345,#2349,#2395,.T.);
#2397=ORIENTED_EDGE('',*,*,#2396,.F.);
#2398=EDGE_LOOP('',(#2382,#2387,#2392,#2397));
#2399=FACE_OUTER_BOUND('',#2398,.T.);
#2400=CARTESIAN_POINT('',(-2.86,12.38,4.6));
#2401=AXIS2_PLACEMENT_3D('',#2400,#15,#16);
#2402=PLANE('',#2401);
#2403=ADVANCED_FACE('',(#2399),#2402,.T.);
#2404=ORIENTED_EDGE('',*,*,#2370,.T.);
#2405=VECTOR('',#15,10.6);
#2406=CARTESIAN_POINT('',(-2.22,12.38,-6.));
#2407=LINE('',#2406,#2405);
#2408=EDGE_CURVE('',#2339,#2347,#2407,.T.);
#2409=ORIENTED_EDGE('',*,*,#2408,.T.);
#2410=ORIENTED_EDGE('',*,*,#2381,.F.);
#2411=VECTOR('',#15,10.6);
#2412=CARTESIAN_POINT('',(-2.86,12.38,-6.));
#2413=LINE('',#2412,#2411);
#2414=EDGE_CURVE('',#2337,#2345,#2413,.T.);
#2415=ORIENTED_EDGE('',*,*,#2414,.F.);
#2416=EDGE_LOOP('',(#2404,#2409,#2410,#2415));
#2417=FACE_OUTER_BOUND('',#2416,.T.);
#2418=CARTESIAN_POINT('',(-2.86,12.38,-6.));
#2419=AXIS2_PLACEMENT_3D('',#2418,#103,#16);
#2420=PLANE('',#2419);
#2421=ADVANCED_FACE('',(#2417),#2420,.T.);
#2422=VECTOR('',#15,10.6);
#2423=CARTESIAN_POINT('',(-2.86,13.02,-6.));
#2424=LINE('',#2423,#2422);
#2425=EDGE_CURVE('',#2341,#2349,#2424,.T.);
#2426=ORIENTED_EDGE('',*,*,#2425,.T.);
#2427=ORIENTED_EDGE('',*,*,#2391,.T.);
#2428=VECTOR('',#15,10.6);
#2429=CARTESIAN_POINT('',(-2.22,13.02,-6.));
#2430=LINE('',#2429,#2428);
#2431=EDGE_CURVE('',#2343,#2351,#2430,.T.);
#2432=ORIENTED_EDGE('',*,*,#2431,.F.);
#2433=ORIENTED_EDGE('',*,*,#2360,.F.);
#2434=EDGE_LOOP('',(#2426,#2427,#2432,#2433));
#2435=FACE_OUTER_BOUND('',#2434,.T.);
#2436=CARTESIAN_POINT('',(-2.86,13.02,-6.));
#2437=AXIS2_PLACEMENT_3D('',#2436,#34,#16);
#2438=PLANE('',#2437);
#2439=ADVANCED_FACE('',(#2435),#2438,.T.);
#2440=ORIENTED_EDGE('',*,*,#2414,.T.);
#2441=ORIENTED_EDGE('',*,*,#2396,.T.);
#2442=ORIENTED_EDGE('',*,*,#2425,.F.);
#2443=ORIENTED_EDGE('',*,*,#2355,.F.);
#2444=EDGE_LOOP('',(#2440,#2441,#2442,#2443));
#2445=FACE_OUTER_BOUND('',#2444,.T.);
#2446=CARTESIAN_POINT('',(-2.86,12.38,-6.));
#2447=AXIS2_PLACEMENT_3D('',#2446,#132,#34);
#2448=PLANE('',#2447);
#2449=ADVANCED_FACE('',(#2445),#2448,.T.);
#2450=ORIENTED_EDGE('',*,*,#2365,.T.);
#2451=ORIENTED_EDGE('',*,*,#2431,.T.);
#2452=ORIENTED_EDGE('',*,*,#2386,.F.);
#2453=ORIENTED_EDGE('',*,*,#2408,.F.);
#2454=EDGE_LOOP('',(#2450,#2451,#2452,#2453));
#2455=FACE_OUTER_BOUND('',#2454,.T.);
#2456=CARTESIAN_POINT('',(-2.22,12.38,-6.));
#2457=AXIS2_PLACEMENT_3D('',#2456,#16,#34);
#2458=PLANE('',#2457);
#2459=ADVANCED_FACE('',(#2455),#2458,.T.);
#2460=CLOSED_SHELL('',(#2377,#2403,#2421,#2439,#2449,#2459));
#2461=MANIFOLD_SOLID_BREP('Pin_12',#2460);
#2462=STYLED_ITEM('color',(#1064),#2461);
#2463=CARTESIAN_POINT('',(-0.32,14.92,-6.));
#2464=VERTEX_POINT('',#2463);
#2465=CARTESIAN_POINT('',(0.32,14.92,-6.));
#2466=VERTEX_POINT('',#2465);
#2467=CARTESIAN_POINT('',(-0.32,15.56,-6.));
#2468=VERTEX_POINT('',#2467);
#2469=CARTESIAN_POINT('',(0.32,15.56,-6.));
#2470=VERTEX_POINT('',#2469);
#2471=CARTESIAN_POINT('',(-0.32,14.92,4.6));
#2472=VERTEX_POINT('',#2471);
#2473=CARTESIAN_POINT('',(0.32,14.92,4.6));
#2474=VERTEX_POINT('',#2473);
#2475=CARTESIAN_POINT('',(-0.32,15.56,4.6));
#2476=VERTEX_POINT('',#2475);
#2477=CARTESIAN_POINT('',(0.32,15.56,4.6));
#2478=VERTEX_POINT('',#2477);
#2479=VECTOR('',#34,0.64);
#2480=CARTESIAN_POINT('',(-0.32,14.92,-6.));
#2481=LINE('',#2480,#2479);
#2482=EDGE_CURVE('',#2464,#2468,#2481,.T.);
#2483=ORIENTED_EDGE('',*,*,#2482,.T.);
#2484=VECTOR('',#16,0.64);
#2485=CARTESIAN_POINT('',(-0.32,15.56,-6.));
#2486=LINE('',#2485,#2484);
#2487=EDGE_CURVE('',#2468,#2470,#2486,.T.);
#2488=ORIENTED_EDGE('',*,*,#2487,.T.);
#2489=VECTOR('',#34,0.64);
#2490=CARTESIAN_POINT('',(0.32,14.92,-6.));
#2491=LINE('',#2490,#2489);
#2492=EDGE_CURVE('',#2466,#2470,#2491,.T.);
#2493=ORIENTED_EDGE('',*,*,#2492,.F.);
#2494=VECTOR('',#16,0.64);
#2495=CARTESIAN_POINT('',(-0.32,14.92,-6.));
#2496=LINE('',#2495,#2494);
#2497=EDGE_CURVE('',#2464,#2466,#2496,.T.);
#2498=ORIENTED_EDGE('',*,*,#2497,.F.);
#2499=EDGE_LOOP('',(#2483,#2488,#2493,#2498));
#2500=FACE_OUTER_BOUND('',#2499,.T.);
#2501=CARTESIAN_POINT('',(-0.32,14.92,-6.));
#2502=AXIS2_PLACEMENT_3D('',#2501,#58,#16);
#2503=PLANE('',#2502);
#2504=ADVANCED_FACE('',(#2500),#2503,.T.);
#2505=VECTOR('',#16,0.64);
#2506=CARTESIAN_POINT('',(-0.32,14.92,4.6));
#2507=LINE('',#2506,#2505);
#2508=EDGE_CURVE('',#2472,#2474,#2507,.T.);
#2509=ORIENTED_EDGE('',*,*,#2508,.T.);
#2510=VECTOR('',#34,0.64);
#2511=CARTESIAN_POINT('',(0.32,14.92,4.6));
#2512=LINE('',#2511,#2510);
#2513=EDGE_CURVE('',#2474,#2478,#2512,.T.);
#2514=ORIENTED_EDGE('',*,*,#2513,.T.);
#2515=VECTOR('',#16,0.64);
#2516=CARTESIAN_POINT('',(-0.32,15.56,4.6));
#2517=LINE('',#2516,#2515);
#2518=EDGE_CURVE('',#2476,#2478,#2517,.T.);
#2519=ORIENTED_EDGE('',*,*,#2518,.F.);
#2520=VECTOR('',#34,0.64);
#2521=CARTESIAN_POINT('',(-0.32,14.92,4.6));
#2522=LINE('',#2521,#2520);
#2523=EDGE_CURVE('',#2472,#2476,#2522,.T.);
#2524=ORIENTED_EDGE('',*,*,#2523,.F.);
#2525=EDGE_LOOP('',(#2509,#2514,#2519,#2524));
#2526=FACE_OUTER_BOUND('',#2525,.T.);
#2527=CARTESIAN_POINT('',(-0.32,14.92,4.6));
#2528=AXIS2_PLACEMENT_3D('',#2527,#15,#16);
#2529=PLANE('',#2528);
#2530=ADVANCED_FACE('',(#2526),#2529,.T.);
#2531=ORIENTED_EDGE('',*,*,#2497,.T.);
#2532=VECTOR('',#15,10.6);
#2533=CARTESIAN_POINT('',(0.32,14.92,-6.));
#2534=LINE('',#2533,#2532);
#2535=EDGE_CURVE('',#2466,#2474,#2534,.T.);
#2536=ORIENTED_EDGE('',*,*,#2535,.T.);
#2537=ORIENTED_EDGE('',*,*,#2508,.F.);
#2538=VECTOR('',#15,10.6);
#2539=CARTESIAN_POINT('',(-0.32,14.92,-6.));
#2540=LINE('',#2539,#2538);
#2541=EDGE_CURVE('',#2464,#2472,#2540,.T.);
#2542=ORIENTED_EDGE('',*,*,#2541,.F.);
#2543=EDGE_LOOP('',(#2531,#2536,#2537,#2542));
#2544=FACE_OUTER_BOUND('',#2543,.T.);
#2545=CARTESIAN_POINT('',(-0.32,14.92,-6.));
#2546=AXIS2_PLACEMENT_3D('',#2545,#103,#16);
#2547=PLANE('',#2546);
#2548=ADVANCED_FACE('',(#2544),#2547,.T.);
#2549=VECTOR('',#15,10.6);
#2550=CARTESIAN_POINT('',(-0.32,15.56,-6.));
#2551=LINE('',#2550,#2549);
#2552=EDGE_CURVE('',#2468,#2476,#2551,.T.);
#2553=ORIENTED_EDGE('',*,*,#2552,.T.);
#2554=ORIENTED_EDGE('',*,*,#2518,.T.);
#2555=VECTOR('',#15,10.6);
#2556=CARTESIAN_POINT('',(0.32,15.56,-6.));
#2557=LINE('',#2556,#2555);
#2558=EDGE_CURVE('',#2470,#2478,#2557,.T.);
#2559=ORIENTED_EDGE('',*,*,#2558,.F.);
#2560=ORIENTED_EDGE('',*,*,#2487,.F.);
#2561=EDGE_LOOP('',(#2553,#2554,#2559,#2560));
#2562=FACE_OUTER_BOUND('',#2561,.T.);
#2563=CARTESIAN_POINT('',(-0.32,15.56,-6.));
#2564=AXIS2_PLACEMENT_3D('',#2563,#34,#16);
#2565=PLANE('',#2564);
#2566=ADVANCED_FACE('',(#2562),#2565,.T.);
#2567=ORIENTED_EDGE('',*,*,#2541,.T.);
#2568=ORIENTED_EDGE('',*,*,#2523,.T.);
#2569=ORIENTED_EDGE('',*,*,#2552,.F.);
#2570=ORIENTED_EDGE('',*,*,#2482,.F.);
#2571=EDGE_LOOP('',(#2567,#2568,#2569,#2570));
#2572=FACE_OUTER_BOUND('',#2571,.T.);
#2573=CARTESIAN_POINT('',(-0.32,14.92,-6.));
#2574=AXIS2_PLACEMENT_3D('',#2573,#132,#34);
#2575=PLANE('',#2574);
#2576=ADVANCED_FACE('',(#2572),#2575,.T.);
#2577=ORIENTED_EDGE('',*,*,#2492,.T.);
#2578=ORIENTED_EDGE('',*,*,#2558,.T.);
#2579=ORIENTED_EDGE('',*,*,#2513,.F.);
#2580=ORIENTED_EDGE('',*,*,#2535,.F.);
#2581=EDGE_LOOP('',(#2577,#2578,#2579,#2580));
#2582=FACE_OUTER_BOUND('',#2581,.T.);
#2583=CARTESIAN_POINT('',(0.32,14.92,-6.));
#2584=AXIS2_PLACEMENT_3D('',#2583,#16,#34);
#2585=PLANE('',#2584);
#2586=ADVANCED_FACE('',(#2582),#2585,.T.);
#2587=CLOSED_SHELL('',(#2504,#2530,#2548,#2566,#2576,#2586));
#2588=MANIFOLD_SOLID_BREP('Pin_13',#2587);
#2589=STYLED_ITEM('color',(#1064),#2588);
#2590=CARTESIAN_POINT('',(-2.86,14.92,-6.));
#2591=VERTEX_POINT('',#2590);
#2592=CARTESIAN_POINT('',(-2.22,14.92,-6.));
#2593=VERTEX_POINT('',#2592);
#2594=CARTESIAN_POINT('',(-2.86,15.56,-6.));
#2595=VERTEX_POINT('',#2594);
#2596=CARTESIAN_POINT('',(-2.22,15.56,-6.));
#2597=VERTEX_POINT('',#2596);
#2598=CARTESIAN_POINT('',(-2.86,14.92,4.6));
#2599=VERTEX_POINT('',#2598);
#2600=CARTESIAN_POINT('',(-2.22,14.92,4.6));
#2601=VERTEX_POINT('',#2600);
#2602=CARTESIAN_POINT('',(-2.86,15.56,4.6));
#2603=VERTEX_POINT('',#2602);
#2604=CARTESIAN_POINT('',(-2.22,15.56,4.6));
#2605=VERTEX_POINT('',#2604);
#2606=VECTOR('',#34,0.64);
#2607=CARTESIAN_POINT('',(-2.86,14.92,-6.));
#2608=LINE('',#2607,#2606);
#2609=EDGE_CURVE('',#2591,#2595,#2608,.T.);
#2610=ORIENTED_EDGE('',*,*,#2609,.T.);
#2611=VECTOR('',#16,0.64);
#2612=CARTESIAN_POINT('',(-2.86,15.56,-6.));
#2613=LINE('',#2612,#2611);
#2614=EDGE_CURVE('',#2595,#2597,#2613,.T.);
#2615=ORIENTED_EDGE('',*,*,#2614,.T.);
#2616=VECTOR('',#34,0.64);
#2617=CARTESIAN_POINT('',(-2.22,14.92,-6.));
#2618=LINE('',#2617,#2616);
#2619=EDGE_CURVE('',#2593,#2597,#2618,.T.);
#2620=ORIENTED_EDGE('',*,*,#2619,.F.);
#2621=VECTOR('',#16,0.64);
#2622=CARTESIAN_POINT('',(-2.86,14.92,-6.));
#2623=LINE('',#2622,#2621);
#2624=EDGE_CURVE('',#2591,#2593,#2623,.T.);
#2625=ORIENTED_EDGE('',*,*,#2624,.F.);
#2626=EDGE_LOOP('',(#2610,#2615,#2620,#2625));
#2627=FACE_OUTER_BOUND('',#2626,.T.);
#2628=CARTESIAN_POINT('',(-2.86,14.92,-6.));
#2629=AXIS2_PLACEMENT_3D('',#2628,#58,#16);
#2630=PLANE('',#2629);
#2631=ADVANCED_FACE('',(#2627),#2630,.T.);
#2632=VECTOR('',#16,0.64);
#2633=CARTESIAN_POINT('',(-2.86,14.92,4.6));
#2634=LINE('',#2633,#2632);
#2635=EDGE_CURVE('',#2599,#2601,#2634,.T.);
#2636=ORIENTED_EDGE('',*,*,#2635,.T.);
#2637=VECTOR('',#34,0.64);
#2638=CARTESIAN_POINT('',(-2.22,14.92,4.6));
#2639=LINE('',#2638,#2637);
#2640=EDGE_CURVE('',#2601,#2605,#2639,.T.);
#2641=ORIENTED_EDGE('',*,*,#2640,.T.);
#2642=VECTOR('',#16,0.64);
#2643=CARTESIAN_POINT('',(-2.86,15.56,4.6));
#2644=LINE('',#2643,#2642);
#2645=EDGE_CURVE('',#2603,#2605,#2644,.T.);
#2646=ORIENTED_EDGE('',*,*,#2645,.F.);
#2647=VECTOR('',#34,0.64);
#2648=CARTESIAN_POINT('',(-2.86,14.92,4.6));
#2649=LINE('',#2648,#2647);
#2650=EDGE_CURVE('',#2599,#2603,#2649,.T.);
#2651=ORIENTED_EDGE('',*,*,#2650,.F.);
#2652=EDGE_LOOP('',(#2636,#2641,#2646,#2651));
#2653=FACE_OUTER_BOUND('',#2652,.T.);
#2654=CARTESIAN_POINT('',(-2.86,14.92,4.6));
#2655=AXIS2_PLACEMENT_3D('',#2654,#15,#16);
#2656=PLANE('',#2655);
#2657=ADVANCED_FACE('',(#2653),#2656,.T.);
#2658=ORIENTED_EDGE('',*,*,#2624,.T.);
#2659=VECTOR('',#15,10.6);
#2660=CARTESIAN_POINT('',(-2.22,14.92,-6.));
#2661=LINE('',#2660,#2659);
#2662=EDGE_CURVE('',#2593,#2601,#2661,.T.);
#2663=ORIENTED_EDGE('',*,*,#2662,.T.);
#2664=ORIENTED_EDGE('',*,*,#2635,.F.);
#2665=VECTOR('',#15,10.6);
#2666=CARTESIAN_POINT('',(-2.86,14.92,-6.));
#2667=LINE('',#2666,#2665);
#2668=EDGE_CURVE('',#2591,#2599,#2667,.T.);
#2669=ORIENTED_EDGE('',*,*,#2668,.F.);
#2670=EDGE_LOOP('',(#2658,#2663,#2664,#2669));
#2671=FACE_OUTER_BOUND('',#2670,.T.);
#2672=CARTESIAN_POINT('',(-2.86,14.92,-6.));
#2673=AXIS2_PLACEMENT_3D('',#2672,#103,#16);
#2674=PLANE('',#2673);
#2675=ADVANCED_FACE('',(#2671),#2674,.T.);
#2676=VECTOR('',#15,10.6);
#2677=CARTESIAN_POINT('',(-2.86,15.56,-6.));
#2678=LINE('',#2677,#2676);
#2679=EDGE_CURVE('',#2595,#2603,#2678,.T.);
#2680=ORIENTED_EDGE('',*,*,#2679,.T.);
#2681=ORIENTED_EDGE('',*,*,#2645,.T.);
#2682=VECTOR('',#15,10.6);
#2683=CARTESIAN_POINT('',(-2.22,15.56,-6.));
#2684=LINE('',#2683,#2682);
#2685=EDGE_CURVE('',#2597,#2605,#2684,.T.);
#2686=ORIENTED_EDGE('',*,*,#2685,.F.);
#2687=ORIENTED_EDGE('',*,*,#2614,.F.);
#2688=EDGE_LOOP('',(#2680,#2681,#2686,#2687));
#2689=FACE_OUTER_BOUND('',#2688,.T.);
#2690=CARTESIAN_POINT('',(-2.86,15.56,-6.));
#2691=AXIS2_PLACEMENT_3D('',#2690,#34,#16);
#2692=PLANE('',#2691);
#2693=ADVANCED_FACE('',(#2689),#2692,.T.);
#2694=ORIENTED_EDGE('',*,*,#2668,.T.);
#2695=ORIENTED_EDGE('',*,*,#2650,.T.);
#2696=ORIENTED_EDGE('',*,*,#2679,.F.);
#2697=ORIENTED_EDGE('',*,*,#2609,.F.);
#2698=EDGE_LOOP('',(#2694,#2695,#2696,#2697));
#2699=FACE_OUTER_BOUND('',#2698,.T.);
#2700=CARTESIAN_POINT('',(-2.86,14.92,-6.));
#2701=AXIS2_PLACEMENT_3D('',#2700,#132,#34);
#2702=PLANE('',#2701);
#2703=ADVANCED_FACE('',(#2699),#2702,.T.);
#2704=ORIENTED_EDGE('',*,*,#2619,.T.);
#2705=ORIENTED_EDGE('',*,*,#2685,.T.);
#2706=ORIENTED_EDGE('',*,*,#2640,.F.);
#2707=ORIENTED_EDGE('',*,*,#2662,.F.);
#2708=EDGE_LOOP('',(#2704,#2705,#2706,#2707));
#2709=FACE_OUTER_BOUND('',#2708,.T.);
#2710=CARTESIAN_POINT('',(-2.22,14.92,-6.));
#2711=AXIS2_PLACEMENT_3D('',#2710,#16,#34);
#2712=PLANE('',#2711);
#2713=ADVANCED_FACE('',(#2709),#2712,.T.);
#2714=CLOSED_SHELL('',(#2631,#2657,#2675,#2693,#2703,#2713));
#2715=MANIFOLD_SOLID_BREP('Pin_14',#2714);
#2716=STYLED_ITEM('color',(#1064),#2715);
#2717=CARTESIAN_POINT('',(-0.32,17.46,-6.));
#2718=VERTEX_POINT('',#2717);
#2719=CARTESIAN_POINT('',(0.32,17.46,-6.));
#2720=VERTEX_POINT('',#2719);
#2721=CARTESIAN_POINT('',(-0.32,18.1,-6.));
#2722=VERTEX_POINT('',#2721);
#2723=CARTESIAN_POINT('',(0.32,18.1,-6.));
#2724=VERTEX_POINT('',#2723);
#2725=CARTESIAN_POINT('',(-0.32,17.46,4.6));
#2726=VERTEX_POINT('',#2725);
#2727=CARTESIAN_POINT('',(0.32,17.46,4.6));
#2728=VERTEX_POINT('',#2727);
#2729=CARTESIAN_POINT('',(-0.32,18.1,4.6));
#2730=VERTEX_POINT('',#2729);
#2731=CARTESIAN_POINT('',(0.32,18.1,4.6));
#2732=VERTEX_POINT('',#2731);
#2733=VECTOR('',#34,0.64);
#2734=CARTESIAN_POINT('',(-0.32,17.46,-6.));
#2735=LINE('',#2734,#2733);
#2736=EDGE_CURVE('',#2718,#2722,#2735,.T.);
#2737=ORIENTED_EDGE('',*,*,#2736,.T.);
#2738=VECTOR('',#16,0.64);
#2739=CARTESIAN_POINT('',(-0.32,18.1,-6.));
#2740=LINE('',#2739,#2738);
#2741=EDGE_CURVE('',#2722,#2724,#2740,.T.);
#2742=ORIENTED_EDGE('',*,*,#2741,.T.);
#2743=VECTOR('',#34,0.64);
#2744=CARTESIAN_POINT('',(0.32,17.46,-6.));
#2745=LINE('',#2744,#2743);
#2746=EDGE_CURVE('',#2720,#2724,#2745,.T.);
#2747=ORIENTED_EDGE('',*,*,#2746,.F.);
#2748=VECTOR('',#16,0.64);
#2749=CARTESIAN_POINT('',(-0.32,17.46,-6.));
#2750=LINE('',#2749,#2748);
#2751=EDGE_CURVE('',#2718,#2720,#2750,.T.);
#2752=ORIENTED_EDGE('',*,*,#2751,.F.);
#2753=EDGE_LOOP('',(#2737,#2742,#2747,#2752));
#2754=FACE_OUTER_BOUND('',#2753,.T.);
#2755=CARTESIAN_POINT('',(-0.32,17.46,-6.));
#2756=AXIS2_PLACEMENT_3D('',#2755,#58,#16);
#2757=PLANE('',#2756);
#2758=ADVANCED_FACE('',(#2754),#2757,.T.);
#2759=VECTOR('',#16,0.64);
#2760=CARTESIAN_POINT('',(-0.32,17.46,4.6));
#2761=LINE('',#2760,#2759);
#2762=EDGE_CURVE('',#2726,#2728,#2761,.T.);
#2763=ORIENTED_EDGE('',*,*,#2762,.T.);
#2764=VECTOR('',#34,0.64);
#2765=CARTESIAN_POINT('',(0.32,17.46,4.6));
#2766=LINE('',#2765,#2764);
#2767=EDGE_CURVE('',#2728,#2732,#2766,.T.);
#2768=ORIENTED_EDGE('',*,*,#2767,.T.);
#2769=VECTOR('',#16,0.64);
#2770=CARTESIAN_POINT('',(-0.32,18.1,4.6));
#2771=LINE('',#2770,#2769);
#2772=EDGE_CURVE('',#2730,#2732,#2771,.T.);
#2773=ORIENTED_EDGE('',*,*,#2772,.F.);
#2774=VECTOR('',#34,0.64);
#2775=CARTESIAN_POINT('',(-0.32,17.46,4.6));
#2776=LINE('',#2775,#2774);
#2777=EDGE_CURVE('',#2726,#2730,#2776,.T.);
#2778=ORIENTED_EDGE('',*,*,#2777,.F.);
#2779=EDGE_LOOP('',(#2763,#2768,#2773,#2778));
#2780=FACE_OUTER_BOUND('',#2779,.T.);
#2781=CARTESIAN_POINT('',(-0.32,17.46,4.6));
#2782=AXIS2_PLACEMENT_3D('',#2781,#15,#16);
#2783=PLANE('',#2782);
#2784=ADVANCED_FACE('',(#2780),#2783,.T.);
#2785=ORIENTED_EDGE('',*,*,#2751,.T.);
#2786=VECTOR('',#15,10.6);
#2787=CARTESIAN_POINT('',(0.32,17.46,-6.));
#2788=LINE('',#2787,#2786);
#2789=EDGE_CURVE('',#2720,#2728,#2788,.T.);
#2790=ORIENTED_EDGE('',*,*,#2789,.T.);
#2791=ORIENTED_EDGE('',*,*,#2762,.F.);
#2792=VECTOR('',#15,10.6);
#2793=CARTESIAN_POINT('',(-0.32,17.46,-6.));
#2794=LINE('',#2793,#2792);
#2795=EDGE_CURVE('',#2718,#2726,#2794,.T.);
#2796=ORIENTED_EDGE('',*,*,#2795,.F.);
#2797=EDGE_LOOP('',(#2785,#2790,#2791,#2796));
#2798=FACE_OUTER_BOUND('',#2797,.T.);
#2799=CARTESIAN_POINT('',(-0.32,17.46,-6.));
#2800=AXIS2_PLACEMENT_3D('',#2799,#103,#16);
#2801=PLANE('',#2800);
#2802=ADVANCED_FACE('',(#2798),#2801,.T.);
#2803=VECTOR('',#15,10.6);
#2804=CARTESIAN_POINT('',(-0.32,18.1,-6.));
#2805=LINE('',#2804,#2803);
#2806=EDGE_CURVE('',#2722,#2730,#2805,.T.);
#2807=ORIENTED_EDGE('',*,*,#2806,.T.);
#2808=ORIENTED_EDGE('',*,*,#2772,.T.);
#2809=VECTOR('',#15,10.6);
#2810=CARTESIAN_POINT('',(0.32,18.1,-6.));
#2811=LINE('',#2810,#2809);
#2812=EDGE_CURVE('',#2724,#2732,#2811,.T.);
#2813=ORIENTED_EDGE('',*,*,#2812,.F.);
#2814=ORIENTED_EDGE('',*,*,#2741,.F.);
#2815=EDGE_LOOP('',(#2807,#2808,#2813,#2814));
#2816=FACE_OUTER_BOUND('',#2815,.T.);
#2817=CARTESIAN_POINT('',(-0.32,18.1,-6.));
#2818=AXIS2_PLACEMENT_3D('',#2817,#34,#16);
#2819=PLANE('',#2818);
#2820=ADVANCED_FACE('',(#2816),#2819,.T.);
#2821=ORIENTED_EDGE('',*,*,#2795,.T.);
#2822=ORIENTED_EDGE('',*,*,#2777,.T.);
#2823=ORIENTED_EDGE('',*,*,#2806,.F.);
#2824=ORIENTED_EDGE('',*,*,#2736,.F.);
#2825=EDGE_LOOP('',(#2821,#2822,#2823,#2824));
#2826=FACE_OUTER_BOUND('',#2825,.T.);
#2827=CARTESIAN_POINT('',(-0.32,17.46,-6.));
#2828=AXIS2_PLACEMENT_3D('',#2827,#132,#34);
#2829=PLANE('',#2828);
#2830=ADVANCED_FACE('',(#2826),#2829,.T.);
#2831=ORIENTED_EDGE('',*,*,#2746,.T.);
#2832=ORIENTED_EDGE('',*,*,#2812,.T.);
#2833=ORIENTED_EDGE('',*,*,#2767,.F.);
#2834=ORIENTED_EDGE('',*,*,#2789,.F.);
#2835=EDGE_LOOP('',(#2831,#2832,#2833,#2834));
#2836=FACE_OUTER_BOUND('',#2835,.T.);
#2837=CARTESIAN_POINT('',(0.32,17.46,-6.));
#2838=AXIS2_PLACEMENT_3D('',#2837,#16,#34);
#2839=PLANE('',#2838);
#2840=ADVANCED_FACE('',(#2836),#2839,.T.);
#2841=CLOSED_SHELL('',(#2758,#2784,#2802,#2820,#2830,#2840));
#2842=MANIFOLD_SOLID_BREP('Pin_15',#2841);
#2843=STYLED_ITEM('color',(#1064),#2842);
#2844=CARTESIAN_POINT('',(-2.86,17.46,-6.));
#2845=VERTEX_POINT('',#2844);
#2846=CARTESIAN_POINT('',(-2.22,17.46,-6.));
#2847=VERTEX_POINT('',#2846);
#2848=CARTESIAN_POINT('',(-2.86,18.1,-6.));
#2849=VERTEX_POINT('',#2848);
#2850=CARTESIAN_POINT('',(-2.22,18.1,-6.));
#2851=VERTEX_POINT('',#2850);
#2852=CARTESIAN_POINT('',(-2.86,17.46,4.6));
#2853=VERTEX_POINT('',#2852);
#2854=CARTESIAN_POINT('',(-2.22,17.46,4.6));
#2855=VERTEX_POINT('',#2854);
#2856=CARTESIAN_POINT('',(-2.86,18.1,4.6));
#2857=VERTEX_POINT('',#2856);
#2858=CARTESIAN_POINT('',(-2.22,18.1,4.6));
#2859=VERTEX_POINT('',#2858);
#2860=VECTOR('',#34,0.64);
#2861=CARTESIAN_POINT('',(-2.86,17.46,-6.));
#2862=LINE('',#2861,#2860);
#2863=EDGE_CURVE('',#2845,#2849,#2862,.T.);
#2864=ORIENTED_EDGE('',*,*,#2863,.T.);
#2865=VECTOR('',#16,0.64);
#2866=CARTESIAN_POINT('',(-2.86,18.1,-6.));
#2867=LINE('',#2866,#2865);
#2868=EDGE_CURVE('',#2849,#2851,#2867,.T.);
#2869=ORIENTED_EDGE('',*,*,#2868,.T.);
#2870=VECTOR('',#34,0.64);
#2871=CARTESIAN_POINT('',(-2.22,17.46,-6.));
#2872=LINE('',#2871,#2870);
#2873=EDGE_CURVE('',#2847,#2851,#2872,.T.);
#2874=ORIENTED_EDGE('',*,*,#2873,.F.);
#2875=VECTOR('',#16,0.64);
#2876=CARTESIAN_POINT('',(-2.86,17.46,-6.));
#2877=LINE('',#2876,#2875);
#2878=EDGE_CURVE('',#2845,#2847,#2877,.T.);
#2879=ORIENTED_EDGE('',*,*,#2878,.F.);
#2880=EDGE_LOOP('',(#2864,#2869,#2874,#2879));
#2881=FACE_OUTER_BOUND('',#2880,.T.);
#2882=CARTESIAN_POINT('',(-2.86,17.46,-6.));
#2883=AXIS2_PLACEMENT_3D('',#2882,#58,#16);
#2884=PLANE('',#2883);
#2885=ADVANCED_FACE('',(#2881),#2884,.T.);
#2886=VECTOR('',#16,0.64);
#2887=CARTESIAN_POINT('',(-2.86,17.46,4.6));
#2888=LINE('',#2887,#2886);
#2889=EDGE_CURVE('',#2853,#2855,#2888,.T.);
#2890=ORIENTED_EDGE('',*,*,#2889,.T.);
#2891=VECTOR('',#34,0.64);
#2892=CARTESIAN_POINT('',(-2.22,17.46,4.6));
#2893=LINE('',#2892,#2891);
#2894=EDGE_CURVE('',#2855,#2859,#2893,.T.);
#2895=ORIENTED_EDGE('',*,*,#2894,.T.);
#2896=VECTOR('',#16,0.64);
#2897=CARTESIAN_POINT('',(-2.86,18.1,4.6));
#2898=LINE('',#2897,#2896);
#2899=EDGE_CURVE('',#2857,#2859,#2898,.T.);
#2900=ORIENTED_EDGE('',*,*,#2899,.F.);
#2901=VECTOR('',#34,0.64);
#2902=CARTESIAN_POINT('',(-2.86,17.46,4.6));
#2903=LINE('',#2902,#2901);
#2904=EDGE_CURVE('',#2853,#2857,#2903,.T.);
#2905=ORIENTED_EDGE('',*,*,#2904,.F.);
#2906=EDGE_LOOP('',(#2890,#2895,#2900,#2905));
#2907=FACE_OUTER_BOUND('',#2906,.T.);
#2908=CARTESIAN_POINT('',(-2.86,17.46,4.6));
#2909=AXIS2_PLACEMENT_3D('',#2908,#15,#16);
#2910=PLANE('',#2909);
#2911=ADVANCED_FACE('',(#2907),#2910,.T.);
#2912=ORIENTED_EDGE('',*,*,#2878,.T.);
#2913=VECTOR('',#15,10.6);
#2914=CARTESIAN_POINT('',(-2.22,17.46,-6.));
#2915=LINE('',#2914,#2913);
#2916=EDGE_CURVE('',#2847,#2855,#2915,.T.);
#2917=ORIENTED_EDGE('',*,*,#2916,.T.);
#2918=ORIENTED_EDGE('',*,*,#2889,.F.);
#2919=VECTOR('',#15,10.6);
#2920=CARTESIAN_POINT('',(-2.86,17.46,-6.));
#2921=LINE('',#2920,#2919);
#2922=EDGE_CURVE('',#2845,#2853,#2921,.T.);
#2923=ORIENTED_EDGE('',*,*,#2922,.F.);
#2924=EDGE_LOOP('',(#2912,#2917,#2918,#2923));
#2925=FACE_OUTER_BOUND('',#2924,.T.);
#2926=CARTESIAN_POINT('',(-2.86,17.46,-6.));
#2927=AXIS2_PLACEMENT_3D('',#2926,#103,#16);
#2928=PLANE('',#2927);
#2929=ADVANCED_FACE('',(#2925),#2928,.T.);
#2930=VECTOR('',#15,10.6);
#2931=CARTESIAN_POINT('',(-2.86,18.1,-6.));
#2932=LINE('',#2931,#2930);
#2933=EDGE_CURVE('',#2849,#2857,#2932,.T.);
#2934=ORIENTED_EDGE('',*,*,#2933,.T.);
#2935=ORIENTED_EDGE('',*,*,#2899,.T.);
#2936=VECTOR('',#15,10.6);
#2937=CARTESIAN_POINT('',(-2.22,18.1,-6.));
#2938=LINE('',#2937,#2936);
#2939=EDGE_CURVE('',#2851,#2859,#2938,.T.);
#2940=ORIENTED_EDGE('',*,*,#2939,.F.);
#2941=ORIENTED_EDGE('',*,*,#2868,.F.);
#2942=EDGE_LOOP('',(#2934,#2935,#2940,#2941));
#2943=FACE_OUTER_BOUND('',#2942,.T.);
#2944=CARTESIAN_POINT('',(-2.86,18.1,-6.));
#2945=AXIS2_PLACEMENT_3D('',#2944,#34,#16);
#2946=PLANE('',#2945);
#2947=ADVANCED_FACE('',(#2943),#2946,.T.);
#2948=ORIENTED_EDGE('',*,*,#2922,.T.);
#2949=ORIENTED_EDGE('',*,*,#2904,.T.);
#2950=ORIENTED_EDGE('',*,*,#2933,.F.);
#2951=ORIENTED_EDGE('',*,*,#2863,.F.);
#2952=EDGE_LOOP('',(#2948,#2949,#2950,#2951));
#2953=FACE_OUTER_BOUND('',#2952,.T.);
#2954=CARTESIAN_POINT('',(-2.86,17.46,-6.));
#2955=AXIS2_PLACEMENT_3D('',#2954,#132,#34);
#2956=PLANE('',#2955);
#2957=ADVANCED_FACE('',(#2953),#2956,.T.);
#2958=ORIENTED_EDGE('',*,*,#2873,.T.);
#2959=ORIENTED_EDGE('',*,*,#2939,.T.);
#2960=ORIENTED_EDGE('',*,*,#2894,.F.);
#2961=ORIENTED_EDGE('',*,*,#2916,.F.);
#2962=EDGE_LOOP('',(#2958,#2959,#2960,#2961));
#2963=FACE_OUTER_BOUND('',#2962,.T.);
#2964=CARTESIAN_POINT('',(-2.22,17.46,-6.));
#2965=AXIS2_PLACEMENT_3D('',#2964,#16,#34);
#2966=PLANE('',#2965);
#2967=ADVANCED_FACE('',(#2963),#2966,.T.);
#2968=CLOSED_SHELL('',(#2885,#2911,#2929,#2947,#2957,#2967));
#2969=MANIFOLD_SOLID_BREP('Pin_16',#2968);
#2970=STYLED_ITEM('color',(#1064),#2969);
#2971=CARTESIAN_POINT('',(-48.42,17.27,0.));
#2972=VERTEX_POINT('',#2971);
#2973=CARTESIAN_POINT('',(-45.88,17.27,0.));
#2974=VERTEX_POINT('',#2973);
#2975=CARTESIAN_POINT('',(-48.42,19.81,0.));
#2976=VERTEX_POINT('',#2975);
#2977=CARTESIAN_POINT('',(-45.88,19.81,0.));
#2978=VERTEX_POINT('',#2977);
#2979=CARTESIAN_POINT('',(-48.42,17.27,2.5));
#2980=VERTEX_POINT('',#2979);
#2981=CARTESIAN_POINT('',(-45.88,17.27,2.5));
#2982=VERTEX_POINT('',#2981);
#2983=CARTESIAN_POINT('',(-48.42,19.81,2.5));
#2984=VERTEX_POINT('',#2983);
#2985=CARTESIAN_POINT('',(-45.88,19.81,2.5));
#2986=VERTEX_POINT('',#2985);
#2987=VECTOR('',#34,2.54);
#2988=CARTESIAN_POINT('',(-48.42,17.27,0.));
#2989=LINE('',#2988,#2987);
#2990=EDGE_CURVE('',#2972,#2976,#2989,.T.);
#2991=ORIENTED_EDGE('',*,*,#2990,.T.);
#2992=VECTOR('',#16,2.54);
#2993=CARTESIAN_POINT('',(-48.42,19.81,0.));
#2994=LINE('',#2993,#2992);
#2995=EDGE_CURVE('',#2976,#2978,#2994,.T.);
#2996=ORIENTED_EDGE('',*,*,#2995,.T.);
#2997=VECTOR('',#34,2.54);
#2998=CARTESIAN_POINT('',(-45.88,17.27,0.));
#2999=LINE('',#2998,#2997);
#3000=EDGE_CURVE('',#2974,#2978,#2999,.T.);
#3001=ORIENTED_EDGE('',*,*,#3000,.F.);
#3002=VECTOR('',#16,2.54);
#3003=CARTESIAN_POINT('',(-48.42,17.27,0.));
#3004=LINE('',#3003,#3002);
#3005=EDGE_CURVE('',#2972,#2974,#3004,.T.);
#3006=ORIENTED_EDGE('',*,*,#3005,.F.);
#3007=EDGE_LOOP('',(#2991,#2996,#3001,#3006));
#3008=FACE_OUTER_BOUND('',#3007,.T.);
#3009=CARTESIAN_POINT('',(-48.42,17.27,0.));
#3010=AXIS2_PLACEMENT_3D('',#3009,#58,#16);
#3011=PLANE('',#3010);
#3012=ADVANCED_FACE('',(#3008),#3011,.T.);
#3013=VECTOR('',#16,2.54);
#3014=CARTESIAN_POINT('',(-48.42,17.27,2.5));
#3015=LINE('',#3014,#3013);
#3016=EDGE_CURVE('',#2980,#2982,#3015,.T.);
#3017=ORIENTED_EDGE('',*,*,#3016,.T.);
#3018=VECTOR('',#34,2.54);
#3019=CARTESIAN_POINT('',(-45.88,17.27,2.5));
#3020=LINE('',#3019,#3018);
#3021=EDGE_CURVE('',#2982,#2986,#3020,.T.);
#3022=ORIENTED_EDGE('',*,*,#3021,.T.);
#3023=VECTOR('',#16,2.54);
#3024=CARTESIAN_POINT('',(-48.42,19.81,2.5));
#3025=LINE('',#3024,#3023);
#3026=EDGE_CURVE('',#2984,#2986,#3025,.T.);
#3027=ORIENTED_EDGE('',*,*,#3026,.F.);
#3028=VECTOR('',#34,2.54);
#3029=CARTESIAN_POINT('',(-48.42,17.27,2.5));
#3030=LINE('',#3029,#3028);
#3031=EDGE_CURVE('',#2980,#2984,#3030,.T.);
#3032=ORIENTED_EDGE('',*,*,#3031,.F.);
#3033=EDGE_LOOP('',(#3017,#3022,#3027,#3032));
#3034=FACE_OUTER_BOUND('',#3033,.T.);
#3035=CARTESIAN_POINT('',(-48.42,17.27,2.5));
#3036=AXIS2_PLACEMENT_3D('',#3035,#15,#16);
#3037=PLANE('',#3036);
#3038=ADVANCED_FACE('',(#3034),#3037,.T.);
#3039=ORIENTED_EDGE('',*,*,#3005,.T.);
#3040=VECTOR('',#15,2.5);
#3041=CARTESIAN_POINT('',(-45.88,17.27,0.));
#3042=LINE('',#3041,#3040);
#3043=EDGE_CURVE('',#2974,#2982,#3042,.T.);
#3044=ORIENTED_EDGE('',*,*,#3043,.T.);
#3045=ORIENTED_EDGE('',*,*,#3016,.F.);
#3046=VECTOR('',#15,2.5);
#3047=CARTESIAN_POINT('',(-48.42,17.27,0.));
#3048=LINE('',#3047,#3046);
#3049=EDGE_CURVE('',#2972,#2980,#3048,.T.);
#3050=ORIENTED_EDGE('',*,*,#3049,.F.);
#3051=EDGE_LOOP('',(#3039,#3044,#3045,#3050));
#3052=FACE_OUTER_BOUND('',#3051,.T.);
#3053=CARTESIAN_POINT('',(-48.42,17.27,0.));
#3054=AXIS2_PLACEMENT_3D('',#3053,#103,#16);
#3055=PLANE('',#3054);
#3056=ADVANCED_FACE('',(#3052),#3055,.T.);
#3057=VECTOR('',#15,2.5);
#3058=CARTESIAN_POINT('',(-48.42,19.81,0.));
#3059=LINE('',#3058,#3057);
#3060=EDGE_CURVE('',#2976,#2984,#3059,.T.);
#3061=ORIENTED_EDGE('',*,*,#3060,.T.);
#3062=ORIENTED_EDGE('',*,*,#3026,.T.);
#3063=VECTOR('',#15,2.5);
#3064=CARTESIAN_POINT('',(-45.88,19.81,0.));
#3065=LINE('',#3064,#3063);
#3066=EDGE_CURVE('',#2978,#2986,#3065,.T.);
#3067=ORIENTED_EDGE('',*,*,#3066,.F.);
#3068=ORIENTED_EDGE('',*,*,#2995,.F.);
#3069=EDGE_LOOP('',(#3061,#3062,#3067,#3068));
#3070=FACE_OUTER_BOUND('',#3069,.T.);
#3071=CARTESIAN_POINT('',(-48.42,19.81,0.));
#3072=AXIS2_PLACEMENT_3D('',#3071,#34,#16);
#3073=PLANE('',#3072);
#3074=ADVANCED_FACE('',(#3070),#3073,.T.);
#3075=ORIENTED_EDGE('',*,*,#3049,.T.);
#3076=ORIENTED_EDGE('',*,*,#3031,.T.);
#3077=ORIENTED_EDGE('',*,*,#3060,.F.);
#3078=ORIENTED_EDGE('',*,*,#2990,.F.);
#3079=EDGE_LOOP('',(#3075,#3076,#3077,#3078));
#3080=FACE_OUTER_BOUND('',#3079,.T.);
#3081=CARTESIAN_POINT('',(-48.42,17.27,0.));
#3082=AXIS2_PLACEMENT_3D('',#3081,#132,#34);
#3083=PLANE('',#3082);
#3084=ADVANCED_FACE('',(#3080),#3083,.T.);
#3085=ORIENTED_EDGE('',*,*,#3000,.T.);
#3086=ORIENTED_EDGE('',*,*,#3066,.T.);
#3087=ORIENTED_EDGE('',*,*,#3021,.F.);
#3088=ORIENTED_EDGE('',*,*,#3043,.F.);
#3089=EDGE_LOOP('',(#3085,#3086,#3087,#3088));
#3090=FACE_OUTER_BOUND('',#3089,.T.);
#3091=CARTESIAN_POINT('',(-45.88,17.27,0.));
#3092=AXIS2_PLACEMENT_3D('',#3091,#16,#34);
#3093=PLANE('',#3092);
#3094=ADVANCED_FACE('',(#3090),#3093,.T.);
#3095=CLOSED_SHELL('',(#3012,#3038,#3056,#3074,#3084,#3094));
#3096=MANIFOLD_SOLID_BREP('MP1_spacer',#3095);
#3097=STYLED_ITEM('color',(#549),#3096);
#3098=CARTESIAN_POINT('',(-47.47,18.22,-6.));
#3099=VERTEX_POINT('',#3098);
#3100=CARTESIAN_POINT('',(-46.83,18.22,-6.));
#3101=VERTEX_POINT('',#3100);
#3102=CARTESIAN_POINT('',(-47.47,18.86,-6.));
#3103=VERTEX_POINT('',#3102);
#3104=CARTESIAN_POINT('',(-46.83,18.86,-6.));
#3105=VERTEX_POINT('',#3104);
#3106=CARTESIAN_POINT('',(-47.47,18.22,4.6));
#3107=VERTEX_POINT('',#3106);
#3108=CARTESIAN_POINT('',(-46.83,18.22,4.6));
#3109=VERTEX_POINT('',#3108);
#3110=CARTESIAN_POINT('',(-47.47,18.86,4.6));
#3111=VERTEX_POINT('',#3110);
#3112=CARTESIAN_POINT('',(-46.83,18.86,4.6));
#3113=VERTEX_POINT('',#3112);
#3114=VECTOR('',#34,0.64);
#3115=CARTESIAN_POINT('',(-47.47,18.22,-6.));
#3116=LINE('',#3115,#3114);
#3117=EDGE_CURVE('',#3099,#3103,#3116,.T.);
#3118=ORIENTED_EDGE('',*,*,#3117,.T.);
#3119=VECTOR('',#16,0.64);
#3120=CARTESIAN_POINT('',(-47.47,18.86,-6.));
#3121=LINE('',#3120,#3119);
#3122=EDGE_CURVE('',#3103,#3105,#3121,.T.);
#3123=ORIENTED_EDGE('',*,*,#3122,.T.);
#3124=VECTOR('',#34,0.64);
#3125=CARTESIAN_POINT('',(-46.83,18.22,-6.));
#3126=LINE('',#3125,#3124);
#3127=EDGE_CURVE('',#3101,#3105,#3126,.T.);
#3128=ORIENTED_EDGE('',*,*,#3127,.F.);
#3129=VECTOR('',#16,0.64);
#3130=CARTESIAN_POINT('',(-47.47,18.22,-6.));
#3131=LINE('',#3130,#3129);
#3132=EDGE_CURVE('',#3099,#3101,#3131,.T.);
#3133=ORIENTED_EDGE('',*,*,#3132,.F.);
#3134=EDGE_LOOP('',(#3118,#3123,#3128,#3133));
#3135=FACE_OUTER_BOUND('',#3134,.T.);
#3136=CARTESIAN_POINT('',(-47.47,18.22,-6.));
#3137=AXIS2_PLACEMENT_3D('',#3136,#58,#16);
#3138=PLANE('',#3137);
#3139=ADVANCED_FACE('',(#3135),#3138,.T.);
#3140=VECTOR('',#16,0.64);
#3141=CARTESIAN_POINT('',(-47.47,18.22,4.6));
#3142=LINE('',#3141,#3140);
#3143=EDGE_CURVE('',#3107,#3109,#3142,.T.);
#3144=ORIENTED_EDGE('',*,*,#3143,.T.);
#3145=VECTOR('',#34,0.64);
#3146=CARTESIAN_POINT('',(-46.83,18.22,4.6));
#3147=LINE('',#3146,#3145);
#3148=EDGE_CURVE('',#3109,#3113,#3147,.T.);
#3149=ORIENTED_EDGE('',*,*,#3148,.T.);
#3150=VECTOR('',#16,0.64);
#3151=CARTESIAN_POINT('',(-47.47,18.86,4.6));
#3152=LINE('',#3151,#3150);
#3153=EDGE_CURVE('',#3111,#3113,#3152,.T.);
#3154=ORIENTED_EDGE('',*,*,#3153,.F.);
#3155=VECTOR('',#34,0.64);
#3156=CARTESIAN_POINT('',(-47.47,18.22,4.6));
#3157=LINE('',#3156,#3155);
#3158=EDGE_CURVE('',#3107,#3111,#3157,.T.);
#3159=ORIENTED_EDGE('',*,*,#3158,.F.);
#3160=EDGE_LOOP('',(#3144,#3149,#3154,#3159));
#3161=FACE_OUTER_BOUND('',#3160,.T.);
#3162=CARTESIAN_POINT('',(-47.47,18.22,4.6));
#3163=AXIS2_PLACEMENT_3D('',#3162,#15,#16);
#3164=PLANE('',#3163);
#3165=ADVANCED_FACE('',(#3161),#3164,.T.);
#3166=ORIENTED_EDGE('',*,*,#3132,.T.);
#3167=VECTOR('',#15,10.6);
#3168=CARTESIAN_POINT('',(-46.83,18.22,-6.));
#3169=LINE('',#3168,#3167);
#3170=EDGE_CURVE('',#3101,#3109,#3169,.T.);
#3171=ORIENTED_EDGE('',*,*,#3170,.T.);
#3172=ORIENTED_EDGE('',*,*,#3143,.F.);
#3173=VECTOR('',#15,10.6);
#3174=CARTESIAN_POINT('',(-47.47,18.22,-6.));
#3175=LINE('',#3174,#3173);
#3176=EDGE_CURVE('',#3099,#3107,#3175,.T.);
#3177=ORIENTED_EDGE('',*,*,#3176,.F.);
#3178=EDGE_LOOP('',(#3166,#3171,#3172,#3177));
#3179=FACE_OUTER_BOUND('',#3178,.T.);
#3180=CARTESIAN_POINT('',(-47.47,18.22,-6.));
#3181=AXIS2_PLACEMENT_3D('',#3180,#103,#16);
#3182=PLANE('',#3181);
#3183=ADVANCED_FACE('',(#3179),#3182,.T.);
#3184=VECTOR('',#15,10.6);
#3185=CARTESIAN_POINT('',(-47.47,18.86,-6.));
#3186=LINE('',#3185,#3184);
#3187=EDGE_CURVE('',#3103,#3111,#3186,.T.);
#3188=ORIENTED_EDGE('',*,*,#3187,.T.);
#3189=ORIENTED_EDGE('',*,*,#3153,.T.);
#3190=VECTOR('',#15,10.6);
#3191=CARTESIAN_POINT('',(-46.83,18.86,-6.));
#3192=LINE('',#3191,#3190);
#3193=EDGE_CURVE('',#3105,#3113,#3192,.T.);
#3194=ORIENTED_EDGE('',*,*,#3193,.F.);
#3195=ORIENTED_EDGE('',*,*,#3122,.F.);
#3196=EDGE_LOOP('',(#3188,#3189,#3194,#3195));
#3197=FACE_OUTER_BOUND('',#3196,.T.);
#3198=CARTESIAN_POINT('',(-47.47,18.86,-6.));
#3199=AXIS2_PLACEMENT_3D('',#3198,#34,#16);
#3200=PLANE('',#3199);
#3201=ADVANCED_FACE('',(#3197),#3200,.T.);
#3202=ORIENTED_EDGE('',*,*,#3176,.T.);
#3203=ORIENTED_EDGE('',*,*,#3158,.T.);
#3204=ORIENTED_EDGE('',*,*,#3187,.F.);
#3205=ORIENTED_EDGE('',*,*,#3117,.F.);
#3206=EDGE_LOOP('',(#3202,#3203,#3204,#3205));
#3207=FACE_OUTER_BOUND('',#3206,.T.);
#3208=CARTESIAN_POINT('',(-47.47,18.22,-6.));
#3209=AXIS2_PLACEMENT_3D('',#3208,#132,#34);
#3210=PLANE('',#3209);
#3211=ADVANCED_FACE('',(#3207),#3210,.T.);
#3212=ORIENTED_EDGE('',*,*,#3127,.T.);
#3213=ORIENTED_EDGE('',*,*,#3193,.T.);
#3214=ORIENTED_EDGE('',*,*,#3148,.F.);
#3215=ORIENTED_EDGE('',*,*,#3170,.F.);
#3216=EDGE_LOOP('',(#3212,#3213,#3214,#3215));
#3217=FACE_OUTER_BOUND('',#3216,.T.);
#3218=CARTESIAN_POINT('',(-46.83,18.22,-6.));
#3219=AXIS2_PLACEMENT_3D('',#3218,#16,#34);
#3220=PLANE('',#3219);
#3221=ADVANCED_FACE('',(#3217),#3220,.T.);
#3222=CLOSED_SHELL('',(#3139,#3165,#3183,#3201,#3211,#3221));
#3223=MANIFOLD_SOLID_BREP('MP1_pin',#3222);
#3224=STYLED_ITEM('color',(#1064),#3223);
#3225=CARTESIAN_POINT('',(-48.42,-2.03,0.));
#3226=VERTEX_POINT('',#3225);
#3227=CARTESIAN_POINT('',(-45.88,-2.03,0.));
#3228=VERTEX_POINT('',#3227);
#3229=CARTESIAN_POINT('',(-48.42,0.51,0.));
#3230=VERTEX_POINT('',#3229);
#3231=CARTESIAN_POINT('',(-45.88,0.51,0.));
#3232=VERTEX_POINT('',#3231);
#3233=CARTESIAN_POINT('',(-48.42,-2.03,2.5));
#3234=VERTEX_POINT('',#3233);
#3235=CARTESIAN_POINT('',(-45.88,-2.03,2.5));
#3236=VERTEX_POINT('',#3235);
#3237=CARTESIAN_POINT('',(-48.42,0.51,2.5));
#3238=VERTEX_POINT('',#3237);
#3239=CARTESIAN_POINT('',(-45.88,0.51,2.5));
#3240=VERTEX_POINT('',#3239);
#3241=VECTOR('',#34,2.54);
#3242=CARTESIAN_POINT('',(-48.42,-2.03,0.));
#3243=LINE('',#3242,#3241);
#3244=EDGE_CURVE('',#3226,#3230,#3243,.T.);
#3245=ORIENTED_EDGE('',*,*,#3244,.T.);
#3246=VECTOR('',#16,2.54);
#3247=CARTESIAN_POINT('',(-48.42,0.51,0.));
#3248=LINE('',#3247,#3246);
#3249=EDGE_CURVE('',#3230,#3232,#3248,.T.);
#3250=ORIENTED_EDGE('',*,*,#3249,.T.);
#3251=VECTOR('',#34,2.54);
#3252=CARTESIAN_POINT('',(-45.88,-2.03,0.));
#3253=LINE('',#3252,#3251);
#3254=EDGE_CURVE('',#3228,#3232,#3253,.T.);
#3255=ORIENTED_EDGE('',*,*,#3254,.F.);
#3256=VECTOR('',#16,2.54);
#3257=CARTESIAN_POINT('',(-48.42,-2.03,0.));
#3258=LINE('',#3257,#3256);
#3259=EDGE_CURVE('',#3226,#3228,#3258,.T.);
#3260=ORIENTED_EDGE('',*,*,#3259,.F.);
#3261=EDGE_LOOP('',(#3245,#3250,#3255,#3260));
#3262=FACE_OUTER_BOUND('',#3261,.T.);
#3263=CARTESIAN_POINT('',(-48.42,-2.03,0.));
#3264=AXIS2_PLACEMENT_3D('',#3263,#58,#16);
#3265=PLANE('',#3264);
#3266=ADVANCED_FACE('',(#3262),#3265,.T.);
#3267=VECTOR('',#16,2.54);
#3268=CARTESIAN_POINT('',(-48.42,-2.03,2.5));
#3269=LINE('',#3268,#3267);
#3270=EDGE_CURVE('',#3234,#3236,#3269,.T.);
#3271=ORIENTED_EDGE('',*,*,#3270,.T.);
#3272=VECTOR('',#34,2.54);
#3273=CARTESIAN_POINT('',(-45.88,-2.03,2.5));
#3274=LINE('',#3273,#3272);
#3275=EDGE_CURVE('',#3236,#3240,#3274,.T.);
#3276=ORIENTED_EDGE('',*,*,#3275,.T.);
#3277=VECTOR('',#16,2.54);
#3278=CARTESIAN_POINT('',(-48.42,0.51,2.5));
#3279=LINE('',#3278,#3277);
#3280=EDGE_CURVE('',#3238,#3240,#3279,.T.);
#3281=ORIENTED_EDGE('',*,*,#3280,.F.);
#3282=VECTOR('',#34,2.54);
#3283=CARTESIAN_POINT('',(-48.42,-2.03,2.5));
#3284=LINE('',#3283,#3282);
#3285=EDGE_CURVE('',#3234,#3238,#3284,.T.);
#3286=ORIENTED_EDGE('',*,*,#3285,.F.);
#3287=EDGE_LOOP('',(#3271,#3276,#3281,#3286));
#3288=FACE_OUTER_BOUND('',#3287,.T.);
#3289=CARTESIAN_POINT('',(-48.42,-2.03,2.5));
#3290=AXIS2_PLACEMENT_3D('',#3289,#15,#16);
#3291=PLANE('',#3290);
#3292=ADVANCED_FACE('',(#3288),#3291,.T.);
#3293=ORIENTED_EDGE('',*,*,#3259,.T.);
#3294=VECTOR('',#15,2.5);
#3295=CARTESIAN_POINT('',(-45.88,-2.03,0.));
#3296=LINE('',#3295,#3294);
#3297=EDGE_CURVE('',#3228,#3236,#3296,.T.);
#3298=ORIENTED_EDGE('',*,*,#3297,.T.);
#3299=ORIENTED_EDGE('',*,*,#3270,.F.);
#3300=VECTOR('',#15,2.5);
#3301=CARTESIAN_POINT('',(-48.42,-2.03,0.));
#3302=LINE('',#3301,#3300);
#3303=EDGE_CURVE('',#3226,#3234,#3302,.T.);
#3304=ORIENTED_EDGE('',*,*,#3303,.F.);
#3305=EDGE_LOOP('',(#3293,#3298,#3299,#3304));
#3306=FACE_OUTER_BOUND('',#3305,.T.);
#3307=CARTESIAN_POINT('',(-48.42,-2.03,0.));
#3308=AXIS2_PLACEMENT_3D('',#3307,#103,#16);
#3309=PLANE('',#3308);
#3310=ADVANCED_FACE('',(#3306),#3309,.T.);
#3311=VECTOR('',#15,2.5);
#3312=CARTESIAN_POINT('',(-48.42,0.51,0.));
#3313=LINE('',#3312,#3311);
#3314=EDGE_CURVE('',#3230,#3238,#3313,.T.);
#3315=ORIENTED_EDGE('',*,*,#3314,.T.);
#3316=ORIENTED_EDGE('',*,*,#3280,.T.);
#3317=VECTOR('',#15,2.5);
#3318=CARTESIAN_POINT('',(-45.88,0.51,0.));
#3319=LINE('',#3318,#3317);
#3320=EDGE_CURVE('',#3232,#3240,#3319,.T.);
#3321=ORIENTED_EDGE('',*,*,#3320,.F.);
#3322=ORIENTED_EDGE('',*,*,#3249,.F.);
#3323=EDGE_LOOP('',(#3315,#3316,#3321,#3322));
#3324=FACE_OUTER_BOUND('',#3323,.T.);
#3325=CARTESIAN_POINT('',(-48.42,0.51,0.));
#3326=AXIS2_PLACEMENT_3D('',#3325,#34,#16);
#3327=PLANE('',#3326);
#3328=ADVANCED_FACE('',(#3324),#3327,.T.);
#3329=ORIENTED_EDGE('',*,*,#3303,.T.);
#3330=ORIENTED_EDGE('',*,*,#3285,.T.);
#3331=ORIENTED_EDGE('',*,*,#3314,.F.);
#3332=ORIENTED_EDGE('',*,*,#3244,.F.);
#3333=EDGE_LOOP('',(#3329,#3330,#3331,#3332));
#3334=FACE_OUTER_BOUND('',#3333,.T.);
#3335=CARTESIAN_POINT('',(-48.42,-2.03,0.));
#3336=AXIS2_PLACEMENT_3D('',#3335,#132,#34);
#3337=PLANE('',#3336);
#3338=ADVANCED_FACE('',(#3334),#3337,.T.);
#3339=ORIENTED_EDGE('',*,*,#3254,.T.);
#3340=ORIENTED_EDGE('',*,*,#3320,.T.);
#3341=ORIENTED_EDGE('',*,*,#3275,.F.);
#3342=ORIENTED_EDGE('',*,*,#3297,.F.);
#3343=EDGE_LOOP('',(#3339,#3340,#3341,#3342));
#3344=FACE_OUTER_BOUND('',#3343,.T.);
#3345=CARTESIAN_POINT('',(-45.88,-2.03,0.));
#3346=AXIS2_PLACEMENT_3D('',#3345,#16,#34);
#3347=PLANE('',#3346);
#3348=ADVANCED_FACE('',(#3344),#3347,.T.);
#3349=CLOSED_SHELL('',(#3266,#3292,#3310,#3328,#3338,#3348));
#3350=MANIFOLD_SOLID_BREP('MP2_spacer',#3349);
#3351=STYLED_ITEM('color',(#549),#3350);
#3352=CARTESIAN_POINT('',(-47.47,-1.08,-6.));
#3353=VERTEX_POINT('',#3352);
#3354=CARTESIAN_POINT('',(-46.83,-1.08,-6.));
#3355=VERTEX_POINT('',#3354);
#3356=CARTESIAN_POINT('',(-47.47,-0.44,-6.));
#3357=VERTEX_POINT('',#3356);
#3358=CARTESIAN_POINT('',(-46.83,-0.44,-6.));
#3359=VERTEX_POINT('',#3358);
#3360=CARTESIAN_POINT('',(-47.47,-1.08,4.6));
#3361=VERTEX_POINT('',#3360);
#3362=CARTESIAN_POINT('',(-46.83,-1.08,4.6));
#3363=VERTEX_POINT('',#3362);
#3364=CARTESIAN_POINT('',(-47.47,-0.44,4.6));
#3365=VERTEX_POINT('',#3364);
#3366=CARTESIAN_POINT('',(-46.83,-0.44,4.6));
#3367=VERTEX_POINT('',#3366);
#3368=VECTOR('',#34,0.64);
#3369=CARTESIAN_POINT('',(-47.47,-1.08,-6.));
#3370=LINE('',#3369,#3368);
#3371=EDGE_CURVE('',#3353,#3357,#3370,.T.);
#3372=ORIENTED_EDGE('',*,*,#3371,.T.);
#3373=VECTOR('',#16,0.64);
#3374=CARTESIAN_POINT('',(-47.47,-0.44,-6.));
#3375=LINE('',#3374,#3373);
#3376=EDGE_CURVE('',#3357,#3359,#3375,.T.);
#3377=ORIENTED_EDGE('',*,*,#3376,.T.);
#3378=VECTOR('',#34,0.64);
#3379=CARTESIAN_POINT('',(-46.83,-1.08,-6.));
#3380=LINE('',#3379,#3378);
#3381=EDGE_CURVE('',#3355,#3359,#3380,.T.);
#3382=ORIENTED_EDGE('',*,*,#3381,.F.);
#3383=VECTOR('',#16,0.64);
#3384=CARTESIAN_POINT('',(-47.47,-1.08,-6.));
#3385=LINE('',#3384,#3383);
#3386=EDGE_CURVE('',#3353,#3355,#3385,.T.);
#3387=ORIENTED_EDGE('',*,*,#3386,.F.);
#3388=EDGE_LOOP('',(#3372,#3377,#3382,#3387));
#3389=FACE_OUTER_BOUND('',#3388,.T.);
#3390=CARTESIAN_POINT('',(-47.47,-1.08,-6.));
#3391=AXIS2_PLACEMENT_3D('',#3390,#58,#16);
#3392=PLANE('',#3391);
#3393=ADVANCED_FACE('',(#3389),#3392,.T.);
#3394=VECTOR('',#16,0.64);
#3395=CARTESIAN_POINT('',(-47.47,-1.08,4.6));
#3396=LINE('',#3395,#3394);
#3397=EDGE_CURVE('',#3361,#3363,#3396,.T.);
#3398=ORIENTED_EDGE('',*,*,#3397,.T.);
#3399=VECTOR('',#34,0.64);
#3400=CARTESIAN_POINT('',(-46.83,-1.08,4.6));
#3401=LINE('',#3400,#3399);
#3402=EDGE_CURVE('',#3363,#3367,#3401,.T.);
#3403=ORIENTED_EDGE('',*,*,#3402,.T.);
#3404=VECTOR('',#16,0.64);
#3405=CARTESIAN_POINT('',(-47.47,-0.44,4.6));
#3406=LINE('',#3405,#3404);
#3407=EDGE_CURVE('',#3365,#3367,#3406,.T.);
#3408=ORIENTED_EDGE('',*,*,#3407,.F.);
#3409=VECTOR('',#34,0.64);
#3410=CARTESIAN_POINT('',(-47.47,-1.08,4.6));
#3411=LINE('',#3410,#3409);
#3412=EDGE_CURVE('',#3361,#3365,#3411,.T.);
#3413=ORIENTED_EDGE('',*,*,#3412,.F.);
#3414=EDGE_LOOP('',(#3398,#3403,#3408,#3413));
#3415=FACE_OUTER_BOUND('',#3414,.T.);
#3416=CARTESIAN_POINT('',(-47.47,-1.08,4.6));
#3417=AXIS2_PLACEMENT_3D('',#3416,#15,#16);
#3418=PLANE('',#3417);
#3419=ADVANCED_FACE('',(#3415),#3418,.T.);
#3420=ORIENTED_EDGE('',*,*,#3386,.T.);
#3421=VECTOR('',#15,10.6);
#3422=CARTESIAN_POINT('',(-46.83,-1.08,-6.));
#3423=LINE('',#3422,#3421);
#3424=EDGE_CURVE('',#3355,#3363,#3423,.T.);
#3425=ORIENTED_EDGE('',*,*,#3424,.T.);
#3426=ORIENTED_EDGE('',*,*,#3397,.F.);
#3427=VECTOR('',#15,10.6);
#3428=CARTESIAN_POINT('',(-47.47,-1.08,-6.));
#3429=LINE('',#3428,#3427);
#3430=EDGE_CURVE('',#3353,#3361,#3429,.T.);
#3431=ORIENTED_EDGE('',*,*,#3430,.F.);
#3432=EDGE_LOOP('',(#3420,#3425,#3426,#3431));
#3433=FACE_OUTER_BOUND('',#3432,.T.);
#3434=CARTESIAN_POINT('',(-47.47,-1.08,-6.));
#3435=AXIS2_PLACEMENT_3D('',#3434,#103,#16);
#3436=PLANE('',#3435);
#3437=ADVANCED_FACE('',(#3433),#3436,.T.);
#3438=VECTOR('',#15,10.6);
#3439=CARTESIAN_POINT('',(-47.47,-0.44,-6.));
#3440=LINE('',#3439,#3438);
#3441=EDGE_CURVE('',#3357,#3365,#3440,.T.);
#3442=ORIENTED_EDGE('',*,*,#3441,.T.);
#3443=ORIENTED_EDGE('',*,*,#3407,.T.);
#3444=VECTOR('',#15,10.6);
#3445=CARTESIAN_POINT('',(-46.83,-0.44,-6.));
#3446=LINE('',#3445,#3444);
#3447=EDGE_CURVE('',#3359,#3367,#3446,.T.);
#3448=ORIENTED_EDGE('',*,*,#3447,.F.);
#3449=ORIENTED_EDGE('',*,*,#3376,.F.);
#3450=EDGE_LOOP('',(#3442,#3443,#3448,#3449));
#3451=FACE_OUTER_BOUND('',#3450,.T.);
#3452=CARTESIAN_POINT('',(-47.47,-0.44,-6.));
#3453=AXIS2_PLACEMENT_3D('',#3452,#34,#16);
#3454=PLANE('',#3453);
#3455=ADVANCED_FACE('',(#3451),#3454,.T.);
#3456=ORIENTED_EDGE('',*,*,#3430,.T.);
#3457=ORIENTED_EDGE('',*,*,#3412,.T.);
#3458=ORIENTED_EDGE('',*,*,#3441,.F.);
#3459=ORIENTED_EDGE('',*,*,#3371,.F.);
#3460=EDGE_LOOP('',(#3456,#3457,#3458,#3459));
#3461=FACE_OUTER_BOUND('',#3460,.T.);
#3462=CARTESIAN_POINT('',(-47.47,-1.08,-6.));
#3463=AXIS2_PLACEMENT_3D('',#3462,#132,#34);
#3464=PLANE('',#3463);
#3465=ADVANCED_FACE('',(#3461),#3464,.T.);
#3466=ORIENTED_EDGE('',*,*,#3381,.T.);
#3467=ORIENTED_EDGE('',*,*,#3447,.T.);
#3468=ORIENTED_EDGE('',*,*,#3402,.F.);
#3469=ORIENTED_EDGE('',*,*,#3424,.F.);
#3470=EDGE_LOOP('',(#3466,#3467,#3468,#3469));
#3471=FACE_OUTER_BOUND('',#3470,.T.);
#3472=CARTESIAN_POINT('',(-46.83,-1.08,-6.));
#3473=AXIS2_PLACEMENT_3D('',#3472,#16,#34);
#3474=PLANE('',#3473);
#3475=ADVANCED_FACE('',(#3471),#3474,.T.);
#3476=CLOSED_SHELL('',(#3393,#3419,#3437,#3455,#3465,#3475));
#3477=MANIFOLD_SOLID_BREP('MP2_pin',#3476);
#3478=STYLED_ITEM('color',(#1064),#3477);
#3479=ADVANCED_BREP_SHAPE_REPRESENTATION('',(#17,#147,#281,#415,#542,#676,#803,#930,#1057,#1191,#1318,#1445,#1572,#1699,#1826,#1953,#2080,#2207,#2334,#2461,#2588,#2715,#2842,#2969,#3096,#3223,#3350,#3477),#13);
#3480=SHAPE_DEFINITION_REPRESENTATION(#8,#3479);
#3481=MECHANICAL_DESIGN_GEOMETRIC_PRESENTATION_REPRESENTATION('',(#155,#289,#416,#550,#677,#804,#931,#1065,#1192,#1319,#1446,#1573,#1700,#1827,#1954,#2081,#2208,#2335,#2462,#2589,#2716,#2843,#2970,#3097,#3224,#3351,#3478),#13);
ENDSEC;
END-ISO-10303-21;
