ISO-10303-21;
HEADER;
FILE_DESCRIPTION(('J9_wire_exit_envelope_TASK065 simplified model'),'2;1');
FILE_NAME('J9_wire_exit_envelope_TASK065.step','2026-01-01T00:00:00',('gopo'),(''),'step_boxes.py','','');
FILE_SCHEMA(('AUTOMOTIVE_DESIGN { 1 0 10303 214 1 1 1 1 }'));
ENDSEC;
DATA;
#1=APPLICATION_CONTEXT('core data for automotive mechanical design processes');
#2=APPLICATION_PROTOCOL_DEFINITION('international standard','automotive_design',2000,#1);
#3=PRODUCT_CONTEXT('',#1,'mechanical');
#4=PRODUCT('J9_wire_exit_envelope_TASK065','J9_wire_exit_envelope_TASK065','',(#3));
#5=PRODUCT_DEFINITION_FORMATION('','',#4);
#6=PRODUCT_DEFINITION_CONTEXT('part definition',#1,'design');
#7=PRODUCT_DEFINITION('design','',#5,#6);
#8=PRODUCT_DEFINITION_SHAPE('','',#7);
#9=( LENGTH_UNIT() NAMED_UNIT(*) SI_UNIT(.MILLI.,.METRE.) );
#10=( NAMED_UNIT(*) PLANE_ANGLE_UNIT() SI_UNIT($,.RADIAN.) );
#11=( NAMED_UNIT(*) SI_UNIT($,.STERADIAN.) SOLID_ANGLE_UNIT() );
#12=UNCERTAINTY_MEASURE_WITH_UNIT(LENGTH_MEASURE(1.E-07),#9,'distance_accuracy_value','confusion accuracy');
#13=( GEOMETRIC_REPRESENTATION_CONTEXT(3) GLOBAL_UNCERTAINTY_ASSIGNED_CONTEXT((#12)) GLOBAL_UNIT_ASSIGNED_CONTEXT((#9,#10,#11)) REPRESENTATION_CONTEXT('Context #1','3D Context with UNIT and UNCERTAINTY') );
#14=CARTESIAN_POINT('',(0.,0.,0.));
#15=DIRECTION('',(0.,0.,1.));
#16=DIRECTION('',(1.,0.,0.));
#17=AXIS2_PLACEMENT_3D('',#14,#15,#16);
#18=CARTESIAN_POINT('',(-0.4699,0.7083,0.3));
#19=VERTEX_POINT('',#18);
#20=CARTESIAN_POINT('',(0.4699,0.7083,0.3));
#21=VERTEX_POINT('',#20);
#22=CARTESIAN_POINT('',(-0.4699,0.85,0.3));
#23=VERTEX_POINT('',#22);
#24=CARTESIAN_POINT('',(0.4699,0.85,0.3));
#25=VERTEX_POINT('',#24);
#26=CARTESIAN_POINT('',(-0.4699,0.7083,10.));
#27=VERTEX_POINT('',#26);
#28=CARTESIAN_POINT('',(0.4699,0.7083,10.));
#29=VERTEX_POINT('',#28);
#30=CARTESIAN_POINT('',(-0.4699,0.85,10.));
#31=VERTEX_POINT('',#30);
#32=CARTESIAN_POINT('',(0.4699,0.85,10.));
#33=VERTEX_POINT('',#32);
#34=DIRECTION('',(0.,1.,0.));
#35=VECTOR('',#34,0.1417);
#36=CARTESIAN_POINT('',(-0.4699,0.7083,0.3));
#37=LINE('',#36,#35);
#38=EDGE_CURVE('',#19,#23,#37,.T.);
#39=ORIENTED_EDGE('',*,*,#38,.T.);
#40=VECTOR('',#16,0.9397);
#41=CARTESIAN_POINT('',(-0.4699,0.85,0.3));
#42=LINE('',#41,#40);
#43=EDGE_CURVE('',#23,#25,#42,.T.);
#44=ORIENTED_EDGE('',*,*,#43,.T.);
#45=VECTOR('',#34,0.1417);
#46=CARTESIAN_POINT('',(0.4699,0.7083,0.3));
#47=LINE('',#46,#45);
#48=EDGE_CURVE('',#21,#25,#47,.T.);
#49=ORIENTED_EDGE('',*,*,#48,.F.);
#50=VECTOR('',#16,0.9397);
#51=CARTESIAN_POINT('',(-0.4699,0.7083,0.3));
#52=LINE('',#51,#50);
#53=EDGE_CURVE('',#19,#21,#52,.T.);
#54=ORIENTED_EDGE('',*,*,#53,.F.);
#55=EDGE_LOOP('',(#39,#44,#49,#54));
#56=FACE_OUTER_BOUND('',#55,.T.);
#57=CARTESIAN_POINT('',(-0.4699,0.7083,0.3));
#58=DIRECTION('',(0.,0.,-1.));
#59=AXIS2_PLACEMENT_3D('',#57,#58,#16);
#60=PLANE('',#59);
#61=ADVANCED_FACE('',(#56),#60,.T.);
#62=VECTOR('',#16,0.9397);
#63=CARTESIAN_POINT('',(-0.4699,0.7083,10.));
#64=LINE('',#63,#62);
#65=EDGE_CURVE('',#27,#29,#64,.T.);
#66=ORIENTED_EDGE('',*,*,#65,.T.);
#67=VECTOR('',#34,0.1417);
#68=CARTESIAN_POINT('',(0.4699,0.7083,10.));
#69=LINE('',#68,#67);
#70=EDGE_CURVE('',#29,#33,#69,.T.);
#71=ORIENTED_EDGE('',*,*,#70,.T.);
#72=VECTOR('',#16,0.9397);
#73=CARTESIAN_POINT('',(-0.4699,0.85,10.));
#74=LINE('',#73,#72);
#75=EDGE_CURVE('',#31,#33,#74,.T.);
#76=ORIENTED_EDGE('',*,*,#75,.F.);
#77=VECTOR('',#34,0.1417);
#78=CARTESIAN_POINT('',(-0.4699,0.7083,10.));
#79=LINE('',#78,#77);
#80=EDGE_CURVE('',#27,#31,#79,.T.);
#81=ORIENTED_EDGE('',*,*,#80,.F.);
#82=EDGE_LOOP('',(#66,#71,#76,#81));
#83=FACE_OUTER_BOUND('',#82,.T.);
#84=CARTESIAN_POINT('',(-0.4699,0.7083,10.));
#85=AXIS2_PLACEMENT_3D('',#84,#15,#16);
#86=PLANE('',#85);
#87=ADVANCED_FACE('',(#83),#86,.T.);
#88=ORIENTED_EDGE('',*,*,#53,.T.);
#89=VECTOR('',#15,9.7);
#90=CARTESIAN_POINT('',(0.4699,0.7083,0.3));
#91=LINE('',#90,#89);
#92=EDGE_CURVE('',#21,#29,#91,.T.);
#93=ORIENTED_EDGE('',*,*,#92,.T.);
#94=ORIENTED_EDGE('',*,*,#65,.F.);
#95=VECTOR('',#15,9.7);
#96=CARTESIAN_POINT('',(-0.4699,0.7083,0.3));
#97=LINE('',#96,#95);
#98=EDGE_CURVE('',#19,#27,#97,.T.);
#99=ORIENTED_EDGE('',*,*,#98,.F.);
#100=EDGE_LOOP('',(#88,#93,#94,#99));
#101=FACE_OUTER_BOUND('',#100,.T.);
#102=CARTESIAN_POINT('',(-0.4699,0.7083,0.3));
#103=DIRECTION('',(0.,-1.,0.));
#104=AXIS2_PLACEMENT_3D('',#102,#103,#16);
#105=PLANE('',#104);
#106=ADVANCED_FACE('',(#101),#105,.T.);
#107=VECTOR('',#15,9.7);
#108=CARTESIAN_POINT('',(-0.4699,0.85,0.3));
#109=LINE('',#108,#107);
#110=EDGE_CURVE('',#23,#31,#109,.T.);
#111=ORIENTED_EDGE('',*,*,#110,.T.);
#112=ORIENTED_EDGE('',*,*,#75,.T.);
#113=VECTOR('',#15,9.7);
#114=CARTESIAN_POINT('',(0.4699,0.85,0.3));
#115=LINE('',#114,#113);
#116=EDGE_CURVE('',#25,#33,#115,.T.);
#117=ORIENTED_EDGE('',*,*,#116,.F.);
#118=ORIENTED_EDGE('',*,*,#43,.F.);
#119=EDGE_LOOP('',(#111,#112,#117,#118));
#120=FACE_OUTER_BOUND('',#119,.T.);
#121=CARTESIAN_POINT('',(-0.4699,0.85,0.3));
#122=AXIS2_PLACEMENT_3D('',#121,#34,#16);
#123=PLANE('',#122);
#124=ADVANCED_FACE('',(#120),#123,.T.);
#125=ORIENTED_EDGE('',*,*,#98,.T.);
#126=ORIENTED_EDGE('',*,*,#80,.T.);
#127=ORIENTED_EDGE('',*,*,#110,.F.);
#128=ORIENTED_EDGE('',*,*,#38,.F.);
#129=EDGE_LOOP('',(#125,#126,#127,#128));
#130=FACE_OUTER_BOUND('',#129,.T.);
#131=CARTESIAN_POINT('',(-0.4699,0.7083,0.3));
#132=DIRECTION('',(-1.,0.,0.));
#133=AXIS2_PLACEMENT_3D('',#131,#132,#34);
#134=PLANE('',#133);
#135=ADVANCED_FACE('',(#130),#134,.T.);
#136=ORIENTED_EDGE('',*,*,#48,.T.);
#137=ORIENTED_EDGE('',*,*,#116,.T.);
#138=ORIENTED_EDGE('',*,*,#70,.F.);
#139=ORIENTED_EDGE('',*,*,#92,.F.);
#140=EDGE_LOOP('',(#136,#137,#138,#139));
#141=FACE_OUTER_BOUND('',#140,.T.);
#142=CARTESIAN_POINT('',(0.4699,0.7083,0.3));
#143=AXIS2_PLACEMENT_3D('',#142,#16,#34);
#144=PLANE('',#143);
#145=ADVANCED_FACE('',(#141),#144,.T.);
#146=CLOSED_SHELL('',(#61,#87,#106,#124,#135,#145));
#147=MANIFOLD_SOLID_BREP('Wire_1_0',#146);
#148=COLOUR_RGB('',0.08,0.08,0.08);
#149=FILL_AREA_STYLE_COLOUR('',#148);
#150=FILL_AREA_STYLE('',(#149));
#151=SURFACE_STYLE_FILL_AREA(#150);
#152=SURFACE_SIDE_STYLE('',(#151));
#153=SURFACE_STYLE_USAGE(.BOTH.,#152);
#154=PRESENTATION_STYLE_ASSIGNMENT((#153));
#155=STYLED_ITEM('color',(#154),#147);
#156=CARTESIAN_POINT('',(-0.6336,0.5667,0.3));
#157=VERTEX_POINT('',#156);
#158=CARTESIAN_POINT('',(0.6336,0.5667,0.3));
#159=VERTEX_POINT('',#158);
#160=CARTESIAN_POINT('',(-0.6336,0.7083,0.3));
#161=VERTEX_POINT('',#160);
#162=CARTESIAN_POINT('',(0.6336,0.7083,0.3));
#163=VERTEX_POINT('',#162);
#164=CARTESIAN_POINT('',(-0.6336,0.5667,10.));
#165=VERTEX_POINT('',#164);
#166=CARTESIAN_POINT('',(0.6336,0.5667,10.));
#167=VERTEX_POINT('',#166);
#168=CARTESIAN_POINT('',(-0.6336,0.7083,10.));
#169=VERTEX_POINT('',#168);
#170=CARTESIAN_POINT('',(0.6336,0.7083,10.));
#171=VERTEX_POINT('',#170);
#172=VECTOR('',#34,0.1417);
#173=CARTESIAN_POINT('',(-0.6336,0.5667,0.3));
#174=LINE('',#173,#172);
#175=EDGE_CURVE('',#157,#161,#174,.T.);
#176=ORIENTED_EDGE('',*,*,#175,.T.);
#177=VECTOR('',#16,1.2671);
#178=CARTESIAN_POINT('',(-0.6336,0.7083,0.3));
#179=LINE('',#178,#177);
#180=EDGE_CURVE('',#161,#163,#179,.T.);
#181=ORIENTED_EDGE('',*,*,#180,.T.);
#182=VECTOR('',#34,0.1417);
#183=CARTESIAN_POINT('',(0.6336,0.5667,0.3));
#184=LINE('',#183,#182);
#185=EDGE_CURVE('',#159,#163,#184,.T.);
#186=ORIENTED_EDGE('',*,*,#185,.F.);
#187=VECTOR('',#16,1.2671);
#188=CARTESIAN_POINT('',(-0.6336,0.5667,0.3));
#189=LINE('',#188,#187);
#190=EDGE_CURVE('',#157,#159,#189,.T.);
#191=ORIENTED_EDGE('',*,*,#190,.F.);
#192=EDGE_LOOP('',(#176,#181,#186,#191));
#193=FACE_OUTER_BOUND('',#192,.T.);
#194=CARTESIAN_POINT('',(-0.6336,0.5667,0.3));
#195=AXIS2_PLACEMENT_3D('',#194,#58,#16);
#196=PLANE('',#195);
#197=ADVANCED_FACE('',(#193),#196,.T.);
#198=VECTOR('',#16,1.2671);
#199=CARTESIAN_POINT('',(-0.6336,0.5667,10.));
#200=LINE('',#199,#198);
#201=EDGE_CURVE('',#165,#167,#200,.T.);
#202=ORIENTED_EDGE('',*,*,#201,.T.);
#203=VECTOR('',#34,0.1417);
#204=CARTESIAN_POINT('',(0.6336,0.5667,10.));
#205=LINE('',#204,#203);
#206=EDGE_CURVE('',#167,#171,#205,.T.);
#207=ORIENTED_EDGE('',*,*,#206,.T.);
#208=VECTOR('',#16,1.2671);
#209=CARTESIAN_POINT('',(-0.6336,0.7083,10.));
#210=LINE('',#209,#208);
#211=EDGE_CURVE('',#169,#171,#210,.T.);
#212=ORIENTED_EDGE('',*,*,#211,.F.);
#213=VECTOR('',#34,0.1417);
#214=CARTESIAN_POINT('',(-0.6336,0.5667,10.));
#215=LINE('',#214,#213);
#216=EDGE_CURVE('',#165,#169,#215,.T.);
#217=ORIENTED_EDGE('',*,*,#216,.F.);
#218=EDGE_LOOP('',(#202,#207,#212,#217));
#219=FACE_OUTER_BOUND('',#218,.T.);
#220=CARTESIAN_POINT('',(-0.6336,0.5667,10.));
#221=AXIS2_PLACEMENT_3D('',#220,#15,#16);
#222=PLANE('',#221);
#223=ADVANCED_FACE('',(#219),#222,.T.);
#224=ORIENTED_EDGE('',*,*,#190,.T.);
#225=VECTOR('',#15,9.7);
#226=CARTESIAN_POINT('',(0.6336,0.5667,0.3));
#227=LINE('',#226,#225);
#228=EDGE_CURVE('',#159,#167,#227,.T.);
#229=ORIENTED_EDGE('',*,*,#228,.T.);
#230=ORIENTED_EDGE('',*,*,#201,.F.);
#231=VECTOR('',#15,9.7);
#232=CARTESIAN_POINT('',(-0.6336,0.5667,0.3));
#233=LINE('',#232,#231);
#234=EDGE_CURVE('',#157,#165,#233,.T.);
#235=ORIENTED_EDGE('',*,*,#234,.F.);
#236=EDGE_LOOP('',(#224,#229,#230,#235));
#237=FACE_OUTER_BOUND('',#236,.T.);
#238=CARTESIAN_POINT('',(-0.6336,0.5667,0.3));
#239=AXIS2_PLACEMENT_3D('',#238,#103,#16);
#240=PLANE('',#239);
#241=ADVANCED_FACE('',(#237),#240,.T.);
#242=VECTOR('',#15,9.7);
#243=CARTESIAN_POINT('',(-0.6336,0.7083,0.3));
#244=LINE('',#243,#242);
#245=EDGE_CURVE('',#161,#169,#244,.T.);
#246=ORIENTED_EDGE('',*,*,#245,.T.);
#247=ORIENTED_EDGE('',*,*,#211,.T.);
#248=VECTOR('',#15,9.7);
#249=CARTESIAN_POINT('',(0.6336,0.7083,0.3));
#250=LINE('',#249,#248);
#251=EDGE_CURVE('',#163,#171,#250,.T.);
#252=ORIENTED_EDGE('',*,*,#251,.F.);
#253=ORIENTED_EDGE('',*,*,#180,.F.);
#254=EDGE_LOOP('',(#246,#247,#252,#253));
#255=FACE_OUTER_BOUND('',#254,.T.);
#256=CARTESIAN_POINT('',(-0.6336,0.7083,0.3));
#257=AXIS2_PLACEMENT_3D('',#256,#34,#16);
#258=PLANE('',#257);
#259=ADVANCED_FACE('',(#255),#258,.T.);
#260=ORIENTED_EDGE('',*,*,#234,.T.);
#261=ORIENTED_EDGE('',*,*,#216,.T.);
#262=ORIENTED_EDGE('',*,*,#245,.F.);
#263=ORIENTED_EDGE('',*,*,#175,.F.);
#264=EDGE_LOOP('',(#260,#261,#262,#263));
#265=FACE_OUTER_BOUND('',#264,.T.);
#266=CARTESIAN_POINT('',(-0.6336,0.5667,0.3));
#267=AXIS2_PLACEMENT_3D('',#266,#132,#34);
#268=PLANE('',#267);
#269=ADVANCED_FACE('',(#265),#268,.T.);
#270=ORIENTED_EDGE('',*,*,#185,.T.);
#271=ORIENTED_EDGE('',*,*,#251,.T.);
#272=ORIENTED_EDGE('',*,*,#206,.F.);
#273=ORIENTED_EDGE('',*,*,#228,.F.);
#274=EDGE_LOOP('',(#270,#271,#272,#273));
#275=FACE_OUTER_BOUND('',#274,.T.);
#276=CARTESIAN_POINT('',(0.6336,0.5667,0.3));
#277=AXIS2_PLACEMENT_3D('',#276,#16,#34);
#278=PLANE('',#277);
#279=ADVANCED_FACE('',(#275),#278,.T.);
#280=CLOSED_SHELL('',(#197,#223,#241,#259,#269,#279));
#281=MANIFOLD_SOLID_BREP('Wire_1_1',#280);
#282=STYLED_ITEM('color',(#154),#281);
#283=CARTESIAN_POINT('',(-0.7361,0.425,0.3));
#284=VERTEX_POINT('',#283);
#285=CARTESIAN_POINT('',(0.7361,0.425,0.3));
#286=VERTEX_POINT('',#285);
#287=CARTESIAN_POINT('',(-0.7361,0.5667,0.3));
#288=VERTEX_POINT('',#287);
#289=CARTESIAN_POINT('',(0.7361,0.5667,0.3));
#290=VERTEX_POINT('',#289);
#291=CARTESIAN_POINT('',(-0.7361,0.425,10.));
#292=VERTEX_POINT('',#291);
#293=CARTESIAN_POINT('',(0.7361,0.425,10.));
#294=VERTEX_POINT('',#293);
#295=CARTESIAN_POINT('',(-0.7361,0.5667,10.));
#296=VERTEX_POINT('',#295);
#297=CARTESIAN_POINT('',(0.7361,0.5667,10.));
#298=VERTEX_POINT('',#297);
#299=VECTOR('',#34,0.1417);
#300=CARTESIAN_POINT('',(-0.7361,0.425,0.3));
#301=LINE('',#300,#299);
#302=EDGE_CURVE('',#284,#288,#301,.T.);
#303=ORIENTED_EDGE('',*,*,#302,.T.);
#304=VECTOR('',#16,1.4722);
#305=CARTESIAN_POINT('',(-0.7361,0.5667,0.3));
#306=LINE('',#305,#304);
#307=EDGE_CURVE('',#288,#290,#306,.T.);
#308=ORIENTED_EDGE('',*,*,#307,.T.);
#309=VECTOR('',#34,0.1417);
#310=CARTESIAN_POINT('',(0.7361,0.425,0.3));
#311=LINE('',#310,#309);
#312=EDGE_CURVE('',#286,#290,#311,.T.);
#313=ORIENTED_EDGE('',*,*,#312,.F.);
#314=VECTOR('',#16,1.4722);
#315=CARTESIAN_POINT('',(-0.7361,0.425,0.3));
#316=LINE('',#315,#314);
#317=EDGE_CURVE('',#284,#286,#316,.T.);
#318=ORIENTED_EDGE('',*,*,#317,.F.);
#319=EDGE_LOOP('',(#303,#308,#313,#318));
#320=FACE_OUTER_BOUND('',#319,.T.);
#321=CARTESIAN_POINT('',(-0.7361,0.425,0.3));
#322=AXIS2_PLACEMENT_3D('',#321,#58,#16);
#323=PLANE('',#322);
#324=ADVANCED_FACE('',(#320),#323,.T.);
#325=VECTOR('',#16,1.4722);
#326=CARTESIAN_POINT('',(-0.7361,0.425,10.));
#327=LINE('',#326,#325);
#328=EDGE_CURVE('',#292,#294,#327,.T.);
#329=ORIENTED_EDGE('',*,*,#328,.T.);
#330=VECTOR('',#34,0.1417);
#331=CARTESIAN_POINT('',(0.7361,0.425,10.));
#332=LINE('',#331,#330);
#333=EDGE_CURVE('',#294,#298,#332,.T.);
#334=ORIENTED_EDGE('',*,*,#333,.T.);
#335=VECTOR('',#16,1.4722);
#336=CARTESIAN_POINT('',(-0.7361,0.5667,10.));
#337=LINE('',#336,#335);
#338=EDGE_CURVE('',#296,#298,#337,.T.);
#339=ORIENTED_EDGE('',*,*,#338,.F.);
#340=VECTOR('',#34,0.1417);
#341=CARTESIAN_POINT('',(-0.7361,0.425,10.));
#342=LINE('',#341,#340);
#343=EDGE_CURVE('',#292,#296,#342,.T.);
#344=ORIENTED_EDGE('',*,*,#343,.F.);
#345=EDGE_LOOP('',(#329,#334,#339,#344));
#346=FACE_OUTER_BOUND('',#345,.T.);
#347=CARTESIAN_POINT('',(-0.7361,0.425,10.));
#348=AXIS2_PLACEMENT_3D('',#347,#15,#16);
#349=PLANE('',#348);
#350=ADVANCED_FACE('',(#346),#349,.T.);
#351=ORIENTED_EDGE('',*,*,#317,.T.);
#352=VECTOR('',#15,9.7);
#353=CARTESIAN_POINT('',(0.7361,0.425,0.3));
#354=LINE('',#353,#352);
#355=EDGE_CURVE('',#286,#294,#354,.T.);
#356=ORIENTED_EDGE('',*,*,#355,.T.);
#357=ORIENTED_EDGE('',*,*,#328,.F.);
#358=VECTOR('',#15,9.7);
#359=CARTESIAN_POINT('',(-0.7361,0.425,0.3));
#360=LINE('',#359,#358);
#361=EDGE_CURVE('',#284,#292,#360,.T.);
#362=ORIENTED_EDGE('',*,*,#361,.F.);
#363=EDGE_LOOP('',(#351,#356,#357,#362));
#364=FACE_OUTER_BOUND('',#363,.T.);
#365=CARTESIAN_POINT('',(-0.7361,0.425,0.3));
#366=AXIS2_PLACEMENT_3D('',#365,#103,#16);
#367=PLANE('',#366);
#368=ADVANCED_FACE('',(#364),#367,.T.);
#369=VECTOR('',#15,9.7);
#370=CARTESIAN_POINT('',(-0.7361,0.5667,0.3));
#371=LINE('',#370,#369);
#372=EDGE_CURVE('',#288,#296,#371,.T.);
#373=ORIENTED_EDGE('',*,*,#372,.T.);
#374=ORIENTED_EDGE('',*,*,#338,.T.);
#375=VECTOR('',#15,9.7);
#376=CARTESIAN_POINT('',(0.7361,0.5667,0.3));
#377=LINE('',#376,#375);
#378=EDGE_CURVE('',#290,#298,#377,.T.);
#379=ORIENTED_EDGE('',*,*,#378,.F.);
#380=ORIENTED_EDGE('',*,*,#307,.F.);
#381=EDGE_LOOP('',(#373,#374,#379,#380));
#382=FACE_OUTER_BOUND('',#381,.T.);
#383=CARTESIAN_POINT('',(-0.7361,0.5667,0.3));
#384=AXIS2_PLACEMENT_3D('',#383,#34,#16);
#385=PLANE('',#384);
#386=ADVANCED_FACE('',(#382),#385,.T.);
#387=ORIENTED_EDGE('',*,*,#361,.T.);
#388=ORIENTED_EDGE('',*,*,#343,.T.);
#389=ORIENTED_EDGE('',*,*,#372,.F.);
#390=ORIENTED_EDGE('',*,*,#302,.F.);
#391=EDGE_LOOP('',(#387,#388,#389,#390));
#392=FACE_OUTER_BOUND('',#391,.T.);
#393=CARTESIAN_POINT('',(-0.7361,0.425,0.3));
#394=AXIS2_PLACEMENT_3D('',#393,#132,#34);
#395=PLANE('',#394);
#396=ADVANCED_FACE('',(#392),#395,.T.);
#397=ORIENTED_EDGE('',*,*,#312,.T.);
#398=ORIENTED_EDGE('',*,*,#378,.T.);
#399=ORIENTED_EDGE('',*,*,#333,.F.);
#400=ORIENTED_EDGE('',*,*,#355,.F.);
#401=EDGE_LOOP('',(#397,#398,#399,#400));
#402=FACE_OUTER_BOUND('',#401,.T.);
#403=CARTESIAN_POINT('',(0.7361,0.425,0.3));
#404=AXIS2_PLACEMENT_3D('',#403,#16,#34);
#405=PLANE('',#404);
#406=ADVANCED_FACE('',(#402),#405,.T.);
#407=CLOSED_SHELL('',(#324,#350,#368,#386,#396,#406));
#408=MANIFOLD_SOLID_BREP('Wire_1_2',#407);
#409=STYLED_ITEM('color',(#154),#408);
#410=CARTESIAN_POINT('',(-0.8014,0.2833,0.3));
#411=VERTEX_POINT('',#410);
#412=CARTESIAN_POINT('',(0.8014,0.2833,0.3));
#413=VERTEX_POINT('',#412);
#414=CARTESIAN_POINT('',(-0.8014,0.425,0.3));
#415=VERTEX_POINT('',#414);
#416=CARTESIAN_POINT('',(0.8014,0.425,0.3));
#417=VERTEX_POINT('',#416);
#418=CARTESIAN_POINT('',(-0.8014,0.2833,10.));
#419=VERTEX_POINT('',#418);
#420=CARTESIAN_POINT('',(0.8014,0.2833,10.));
#421=VERTEX_POINT('',#420);
#422=CARTESIAN_POINT('',(-0.8014,0.425,10.));
#423=VERTEX_POINT('',#422);
#424=CARTESIAN_POINT('',(0.8014,0.425,10.));
#425=VERTEX_POINT('',#424);
#426=VECTOR('',#34,0.1417);
#427=CARTESIAN_POINT('',(-0.8014,0.2833,0.3));
#428=LINE('',#427,#426);
#429=EDGE_CURVE('',#411,#415,#428,.T.);
#430=ORIENTED_EDGE('',*,*,#429,.T.);
#431=VECTOR('',#16,1.6028);
#432=CARTESIAN_POINT('',(-0.8014,0.425,0.3));
#433=LINE('',#432,#431);
#434=EDGE_CURVE('',#415,#417,#433,.T.);
#435=ORIENTED_EDGE('',*,*,#434,.T.);
#436=VECTOR('',#34,0.1417);
#437=CARTESIAN_POINT('',(0.8014,0.2833,0.3));
#438=LINE('',#437,#436);
#439=EDGE_CURVE('',#413,#417,#438,.T.);
#440=ORIENTED_EDGE('',*,*,#439,.F.);
#441=VECTOR('',#16,1.6028);
#442=CARTESIAN_POINT('',(-0.8014,0.2833,0.3));
#443=LINE('',#442,#441);
#444=EDGE_CURVE('',#411,#413,#443,.T.);
#445=ORIENTED_EDGE('',*,*,#444,.F.);
#446=EDGE_LOOP('',(#430,#435,#440,#445));
#447=FACE_OUTER_BOUND('',#446,.T.);
#448=CARTESIAN_POINT('',(-0.8014,0.2833,0.3));
#449=AXIS2_PLACEMENT_3D('',#448,#58,#16);
#450=PLANE('',#449);
#451=ADVANCED_FACE('',(#447),#450,.T.);
#452=VECTOR('',#16,1.6028);
#453=CARTESIAN_POINT('',(-0.8014,0.2833,10.));
#454=LINE('',#453,#452);
#455=EDGE_CURVE('',#419,#421,#454,.T.);
#456=ORIENTED_EDGE('',*,*,#455,.T.);
#457=VECTOR('',#34,0.1417);
#458=CARTESIAN_POINT('',(0.8014,0.2833,10.));
#459=LINE('',#458,#457);
#460=EDGE_CURVE('',#421,#425,#459,.T.);
#461=ORIENTED_EDGE('',*,*,#460,.T.);
#462=VECTOR('',#16,1.6028);
#463=CARTESIAN_POINT('',(-0.8014,0.425,10.));
#464=LINE('',#463,#462);
#465=EDGE_CURVE('',#423,#425,#464,.T.);
#466=ORIENTED_EDGE('',*,*,#465,.F.);
#467=VECTOR('',#34,0.1417);
#468=CARTESIAN_POINT('',(-0.8014,0.2833,10.));
#469=LINE('',#468,#467);
#470=EDGE_CURVE('',#419,#423,#469,.T.);
#471=ORIENTED_EDGE('',*,*,#470,.F.);
#472=EDGE_LOOP('',(#456,#461,#466,#471));
#473=FACE_OUTER_BOUND('',#472,.T.);
#474=CARTESIAN_POINT('',(-0.8014,0.2833,10.));
#475=AXIS2_PLACEMENT_3D('',#474,#15,#16);
#476=PLANE('',#475);
#477=ADVANCED_FACE('',(#473),#476,.T.);
#478=ORIENTED_EDGE('',*,*,#444,.T.);
#479=VECTOR('',#15,9.7);
#480=CARTESIAN_POINT('',(0.8014,0.2833,0.3));
#481=LINE('',#480,#479);
#482=EDGE_CURVE('',#413,#421,#481,.T.);
#483=ORIENTED_EDGE('',*,*,#482,.T.);
#484=ORIENTED_EDGE('',*,*,#455,.F.);
#485=VECTOR('',#15,9.7);
#486=CARTESIAN_POINT('',(-0.8014,0.2833,0.3));
#487=LINE('',#486,#485);
#488=EDGE_CURVE('',#411,#419,#487,.T.);
#489=ORIENTED_EDGE('',*,*,#488,.F.);
#490=EDGE_LOOP('',(#478,#483,#484,#489));
#491=FACE_OUTER_BOUND('',#490,.T.);
#492=CARTESIAN_POINT('',(-0.8014,0.2833,0.3));
#493=AXIS2_PLACEMENT_3D('',#492,#103,#16);
#494=PLANE('',#493);
#495=ADVANCED_FACE('',(#491),#494,.T.);
#496=VECTOR('',#15,9.7);
#497=CARTESIAN_POINT('',(-0.8014,0.425,0.3));
#498=LINE('',#497,#496);
#499=EDGE_CURVE('',#415,#423,#498,.T.);
#500=ORIENTED_EDGE('',*,*,#499,.T.);
#501=ORIENTED_EDGE('',*,*,#465,.T.);
#502=VECTOR('',#15,9.7);
#503=CARTESIAN_POINT('',(0.8014,0.425,0.3));
#504=LINE('',#503,#502);
#505=EDGE_CURVE('',#417,#425,#504,.T.);
#506=ORIENTED_EDGE('',*,*,#505,.F.);
#507=ORIENTED_EDGE('',*,*,#434,.F.);
#508=EDGE_LOOP('',(#500,#501,#506,#507));
#509=FACE_OUTER_BOUND('',#508,.T.);
#510=CARTESIAN_POINT('',(-0.8014,0.425,0.3));
#511=AXIS2_PLACEMENT_3D('',#510,#34,#16);
#512=PLANE('',#511);
#513=ADVANCED_FACE('',(#509),#512,.T.);
#514=ORIENTED_EDGE('',*,*,#488,.T.);
#515=ORIENTED_EDGE('',*,*,#470,.T.);
#516=ORIENTED_EDGE('',*,*,#499,.F.);
#517=ORIENTED_EDGE('',*,*,#429,.F.);
#518=EDGE_LOOP('',(#514,#515,#516,#517));
#519=FACE_OUTER_BOUND('',#518,.T.);
#520=CARTESIAN_POINT('',(-0.8014,0.2833,0.3));
#521=AXIS2_PLACEMENT_3D('',#520,#132,#34);
#522=PLANE('',#521);
#523=ADVANCED_FACE('',(#519),#522,.T.);
#524=ORIENTED_EDGE('',*,*,#439,.T.);
#525=ORIENTED_EDGE('',*,*,#505,.T.);
#526=ORIENTED_EDGE('',*,*,#460,.F.);
#527=ORIENTED_EDGE('',*,*,#482,.F.);
#528=EDGE_LOOP('',(#524,#525,#526,#527));
#529=FACE_OUTER_BOUND('',#528,.T.);
#530=CARTESIAN_POINT('',(0.8014,0.2833,0.3));
#531=AXIS2_PLACEMENT_3D('',#530,#16,#34);
#532=PLANE('',#531);
#533=ADVANCED_FACE('',(#529),#532,.T.);
#534=CLOSED_SHELL('',(#451,#477,#495,#513,#523,#533));
#535=MANIFOLD_SOLID_BREP('Wire_1_3',#534);
#536=STYLED_ITEM('color',(#154),#535);
#537=CARTESIAN_POINT('',(-0.8381,0.1417,0.3));
#538=VERTEX_POINT('',#537);
#539=CARTESIAN_POINT('',(0.8381,0.1417,0.3));
#540=VERTEX_POINT('',#539);
#541=CARTESIAN_POINT('',(-0.8381,0.2833,0.3));
#542=VERTEX_POINT('',#541);
#543=CARTESIAN_POINT('',(0.8381,0.2833,0.3));
#544=VERTEX_POINT('',#543);
#545=CARTESIAN_POINT('',(-0.8381,0.1417,10.));
#546=VERTEX_POINT('',#545);
#547=CARTESIAN_POINT('',(0.8381,0.1417,10.));
#548=VERTEX_POINT('',#547);
#549=CARTESIAN_POINT('',(-0.8381,0.2833,10.));
#550=VERTEX_POINT('',#549);
#551=CARTESIAN_POINT('',(0.8381,0.2833,10.));
#552=VERTEX_POINT('',#551);
#553=VECTOR('',#34,0.1417);
#554=CARTESIAN_POINT('',(-0.8381,0.1417,0.3));
#555=LINE('',#554,#553);
#556=EDGE_CURVE('',#538,#542,#555,.T.);
#557=ORIENTED_EDGE('',*,*,#556,.T.);
#558=VECTOR('',#16,1.6762);
#559=CARTESIAN_POINT('',(-0.8381,0.2833,0.3));
#560=LINE('',#559,#558);
#561=EDGE_CURVE('',#542,#544,#560,.T.);
#562=ORIENTED_EDGE('',*,*,#561,.T.);
#563=VECTOR('',#34,0.1417);
#564=CARTESIAN_POINT('',(0.8381,0.1417,0.3));
#565=LINE('',#564,#563);
#566=EDGE_CURVE('',#540,#544,#565,.T.);
#567=ORIENTED_EDGE('',*,*,#566,.F.);
#568=VECTOR('',#16,1.6762);
#569=CARTESIAN_POINT('',(-0.8381,0.1417,0.3));
#570=LINE('',#569,#568);
#571=EDGE_CURVE('',#538,#540,#570,.T.);
#572=ORIENTED_EDGE('',*,*,#571,.F.);
#573=EDGE_LOOP('',(#557,#562,#567,#572));
#574=FACE_OUTER_BOUND('',#573,.T.);
#575=CARTESIAN_POINT('',(-0.8381,0.1417,0.3));
#576=AXIS2_PLACEMENT_3D('',#575,#58,#16);
#577=PLANE('',#576);
#578=ADVANCED_FACE('',(#574),#577,.T.);
#579=VECTOR('',#16,1.6762);
#580=CARTESIAN_POINT('',(-0.8381,0.1417,10.));
#581=LINE('',#580,#579);
#582=EDGE_CURVE('',#546,#548,#581,.T.);
#583=ORIENTED_EDGE('',*,*,#582,.T.);
#584=VECTOR('',#34,0.1417);
#585=CARTESIAN_POINT('',(0.8381,0.1417,10.));
#586=LINE('',#585,#584);
#587=EDGE_CURVE('',#548,#552,#586,.T.);
#588=ORIENTED_EDGE('',*,*,#587,.T.);
#589=VECTOR('',#16,1.6762);
#590=CARTESIAN_POINT('',(-0.8381,0.2833,10.));
#591=LINE('',#590,#589);
#592=EDGE_CURVE('',#550,#552,#591,.T.);
#593=ORIENTED_EDGE('',*,*,#592,.F.);
#594=VECTOR('',#34,0.1417);
#595=CARTESIAN_POINT('',(-0.8381,0.1417,10.));
#596=LINE('',#595,#594);
#597=EDGE_CURVE('',#546,#550,#596,.T.);
#598=ORIENTED_EDGE('',*,*,#597,.F.);
#599=EDGE_LOOP('',(#583,#588,#593,#598));
#600=FACE_OUTER_BOUND('',#599,.T.);
#601=CARTESIAN_POINT('',(-0.8381,0.1417,10.));
#602=AXIS2_PLACEMENT_3D('',#601,#15,#16);
#603=PLANE('',#602);
#604=ADVANCED_FACE('',(#600),#603,.T.);
#605=ORIENTED_EDGE('',*,*,#571,.T.);
#606=VECTOR('',#15,9.7);
#607=CARTESIAN_POINT('',(0.8381,0.1417,0.3));
#608=LINE('',#607,#606);
#609=EDGE_CURVE('',#540,#548,#608,.T.);
#610=ORIENTED_EDGE('',*,*,#609,.T.);
#611=ORIENTED_EDGE('',*,*,#582,.F.);
#612=VECTOR('',#15,9.7);
#613=CARTESIAN_POINT('',(-0.8381,0.1417,0.3));
#614=LINE('',#613,#612);
#615=EDGE_CURVE('',#538,#546,#614,.T.);
#616=ORIENTED_EDGE('',*,*,#615,.F.);
#617=EDGE_LOOP('',(#605,#610,#611,#616));
#618=FACE_OUTER_BOUND('',#617,.T.);
#619=CARTESIAN_POINT('',(-0.8381,0.1417,0.3));
#620=AXIS2_PLACEMENT_3D('',#619,#103,#16);
#621=PLANE('',#620);
#622=ADVANCED_FACE('',(#618),#621,.T.);
#623=VECTOR('',#15,9.7);
#624=CARTESIAN_POINT('',(-0.8381,0.2833,0.3));
#625=LINE('',#624,#623);
#626=EDGE_CURVE('',#542,#550,#625,.T.);
#627=ORIENTED_EDGE('',*,*,#626,.T.);
#628=ORIENTED_EDGE('',*,*,#592,.T.);
#629=VECTOR('',#15,9.7);
#630=CARTESIAN_POINT('',(0.8381,0.2833,0.3));
#631=LINE('',#630,#629);
#632=EDGE_CURVE('',#544,#552,#631,.T.);
#633=ORIENTED_EDGE('',*,*,#632,.F.);
#634=ORIENTED_EDGE('',*,*,#561,.F.);
#635=EDGE_LOOP('',(#627,#628,#633,#634));
#636=FACE_OUTER_BOUND('',#635,.T.);
#637=CARTESIAN_POINT('',(-0.8381,0.2833,0.3));
#638=AXIS2_PLACEMENT_3D('',#637,#34,#16);
#639=PLANE('',#638);
#640=ADVANCED_FACE('',(#636),#639,.T.);
#641=ORIENTED_EDGE('',*,*,#615,.T.);
#642=ORIENTED_EDGE('',*,*,#597,.T.);
#643=ORIENTED_EDGE('',*,*,#626,.F.);
#644=ORIENTED_EDGE('',*,*,#556,.F.);
#645=EDGE_LOOP('',(#641,#642,#643,#644));
#646=FACE_OUTER_BOUND('',#645,.T.);
#647=CARTESIAN_POINT('',(-0.8381,0.1417,0.3));
#648=AXIS2_PLACEMENT_3D('',#647,#132,#34);
#649=PLANE('',#648);
#650=ADVANCED_FACE('',(#646),#649,.T.);
#651=ORIENTED_EDGE('',*,*,#566,.T.);
#652=ORIENTED_EDGE('',*,*,#632,.T.);
#653=ORIENTED_EDGE('',*,*,#587,.F.);
#654=ORIENTED_EDGE('',*,*,#609,.F.);
#655=EDGE_LOOP('',(#651,#652,#653,#654));
#656=FACE_OUTER_BOUND('',#655,.T.);
#657=CARTESIAN_POINT('',(0.8381,0.1417,0.3));
#658=AXIS2_PLACEMENT_3D('',#657,#16,#34);
#659=PLANE('',#658);
#660=ADVANCED_FACE('',(#656),#659,.T.);
#661=CLOSED_SHELL('',(#578,#604,#622,#640,#650,#660));
#662=MANIFOLD_SOLID_BREP('Wire_1_4',#661);
#663=STYLED_ITEM('color',(#154),#662);
#664=CARTESIAN_POINT('',(-0.85,-0.,0.3));
#665=VERTEX_POINT('',#664);
#666=CARTESIAN_POINT('',(0.85,-0.,0.3));
#667=VERTEX_POINT('',#666);
#668=CARTESIAN_POINT('',(-0.85,0.1417,0.3));
#669=VERTEX_POINT('',#668);
#670=CARTESIAN_POINT('',(0.85,0.1417,0.3));
#671=VERTEX_POINT('',#670);
#672=CARTESIAN_POINT('',(-0.85,-0.,10.));
#673=VERTEX_POINT('',#672);
#674=CARTESIAN_POINT('',(0.85,-0.,10.));
#675=VERTEX_POINT('',#674);
#676=CARTESIAN_POINT('',(-0.85,0.1417,10.));
#677=VERTEX_POINT('',#676);
#678=CARTESIAN_POINT('',(0.85,0.1417,10.));
#679=VERTEX_POINT('',#678);
#680=VECTOR('',#34,0.1417);
#681=CARTESIAN_POINT('',(-0.85,-0.,0.3));
#682=LINE('',#681,#680);
#683=EDGE_CURVE('',#665,#669,#682,.T.);
#684=ORIENTED_EDGE('',*,*,#683,.T.);
#685=VECTOR('',#16,1.7);
#686=CARTESIAN_POINT('',(-0.85,0.1417,0.3));
#687=LINE('',#686,#685);
#688=EDGE_CURVE('',#669,#671,#687,.T.);
#689=ORIENTED_EDGE('',*,*,#688,.T.);
#690=VECTOR('',#34,0.1417);
#691=CARTESIAN_POINT('',(0.85,-0.,0.3));
#692=LINE('',#691,#690);
#693=EDGE_CURVE('',#667,#671,#692,.T.);
#694=ORIENTED_EDGE('',*,*,#693,.F.);
#695=VECTOR('',#16,1.7);
#696=CARTESIAN_POINT('',(-0.85,-0.,0.3));
#697=LINE('',#696,#695);
#698=EDGE_CURVE('',#665,#667,#697,.T.);
#699=ORIENTED_EDGE('',*,*,#698,.F.);
#700=EDGE_LOOP('',(#684,#689,#694,#699));
#701=FACE_OUTER_BOUND('',#700,.T.);
#702=CARTESIAN_POINT('',(-0.85,-0.,0.3));
#703=AXIS2_PLACEMENT_3D('',#702,#58,#16);
#704=PLANE('',#703);
#705=ADVANCED_FACE('',(#701),#704,.T.);
#706=VECTOR('',#16,1.7);
#707=CARTESIAN_POINT('',(-0.85,-0.,10.));
#708=LINE('',#707,#706);
#709=EDGE_CURVE('',#673,#675,#708,.T.);
#710=ORIENTED_EDGE('',*,*,#709,.T.);
#711=VECTOR('',#34,0.1417);
#712=CARTESIAN_POINT('',(0.85,-0.,10.));
#713=LINE('',#712,#711);
#714=EDGE_CURVE('',#675,#679,#713,.T.);
#715=ORIENTED_EDGE('',*,*,#714,.T.);
#716=VECTOR('',#16,1.7);
#717=CARTESIAN_POINT('',(-0.85,0.1417,10.));
#718=LINE('',#717,#716);
#719=EDGE_CURVE('',#677,#679,#718,.T.);
#720=ORIENTED_EDGE('',*,*,#719,.F.);
#721=VECTOR('',#34,0.1417);
#722=CARTESIAN_POINT('',(-0.85,-0.,10.));
#723=LINE('',#722,#721);
#724=EDGE_CURVE('',#673,#677,#723,.T.);
#725=ORIENTED_EDGE('',*,*,#724,.F.);
#726=EDGE_LOOP('',(#710,#715,#720,#725));
#727=FACE_OUTER_BOUND('',#726,.T.);
#728=CARTESIAN_POINT('',(-0.85,-0.,10.));
#729=AXIS2_PLACEMENT_3D('',#728,#15,#16);
#730=PLANE('',#729);
#731=ADVANCED_FACE('',(#727),#730,.T.);
#732=ORIENTED_EDGE('',*,*,#698,.T.);
#733=VECTOR('',#15,9.7);
#734=CARTESIAN_POINT('',(0.85,-0.,0.3));
#735=LINE('',#734,#733);
#736=EDGE_CURVE('',#667,#675,#735,.T.);
#737=ORIENTED_EDGE('',*,*,#736,.T.);
#738=ORIENTED_EDGE('',*,*,#709,.F.);
#739=VECTOR('',#15,9.7);
#740=CARTESIAN_POINT('',(-0.85,-0.,0.3));
#741=LINE('',#740,#739);
#742=EDGE_CURVE('',#665,#673,#741,.T.);
#743=ORIENTED_EDGE('',*,*,#742,.F.);
#744=EDGE_LOOP('',(#732,#737,#738,#743));
#745=FACE_OUTER_BOUND('',#744,.T.);
#746=CARTESIAN_POINT('',(-0.85,-0.,0.3));
#747=AXIS2_PLACEMENT_3D('',#746,#103,#16);
#748=PLANE('',#747);
#749=ADVANCED_FACE('',(#745),#748,.T.);
#750=VECTOR('',#15,9.7);
#751=CARTESIAN_POINT('',(-0.85,0.1417,0.3));
#752=LINE('',#751,#750);
#753=EDGE_CURVE('',#669,#677,#752,.T.);
#754=ORIENTED_EDGE('',*,*,#753,.T.);
#755=ORIENTED_EDGE('',*,*,#719,.T.);
#756=VECTOR('',#15,9.7);
#757=CARTESIAN_POINT('',(0.85,0.1417,0.3));
#758=LINE('',#757,#756);
#759=EDGE_CURVE('',#671,#679,#758,.T.);
#760=ORIENTED_EDGE('',*,*,#759,.F.);
#761=ORIENTED_EDGE('',*,*,#688,.F.);
#762=EDGE_LOOP('',(#754,#755,#760,#761));
#763=FACE_OUTER_BOUND('',#762,.T.);
#764=CARTESIAN_POINT('',(-0.85,0.1417,0.3));
#765=AXIS2_PLACEMENT_3D('',#764,#34,#16);
#766=PLANE('',#765);
#767=ADVANCED_FACE('',(#763),#766,.T.);
#768=ORIENTED_EDGE('',*,*,#742,.T.);
#769=ORIENTED_EDGE('',*,*,#724,.T.);
#770=ORIENTED_EDGE('',*,*,#753,.F.);
#771=ORIENTED_EDGE('',*,*,#683,.F.);
#772=EDGE_LOOP('',(#768,#769,#770,#771));
#773=FACE_OUTER_BOUND('',#772,.T.);
#774=CARTESIAN_POINT('',(-0.85,-0.,0.3));
#775=AXIS2_PLACEMENT_3D('',#774,#132,#34);
#776=PLANE('',#775);
#777=ADVANCED_FACE('',(#773),#776,.T.);
#778=ORIENTED_EDGE('',*,*,#693,.T.);
#779=ORIENTED_EDGE('',*,*,#759,.T.);
#780=ORIENTED_EDGE('',*,*,#714,.F.);
#781=ORIENTED_EDGE('',*,*,#736,.F.);
#782=EDGE_LOOP('',(#778,#779,#780,#781));
#783=FACE_OUTER_BOUND('',#782,.T.);
#784=CARTESIAN_POINT('',(0.85,-0.,0.3));
#785=AXIS2_PLACEMENT_3D('',#784,#16,#34);
#786=PLANE('',#785);
#787=ADVANCED_FACE('',(#783),#786,.T.);
#788=CLOSED_SHELL('',(#705,#731,#749,#767,#777,#787));
#789=MANIFOLD_SOLID_BREP('Wire_1_5',#788);
#790=STYLED_ITEM('color',(#154),#789);
#791=CARTESIAN_POINT('',(-0.85,-0.1417,0.3));
#792=VERTEX_POINT('',#791);
#793=CARTESIAN_POINT('',(0.85,-0.1417,0.3));
#794=VERTEX_POINT('',#793);
#795=CARTESIAN_POINT('',(-0.85,-0.,0.3));
#796=VERTEX_POINT('',#795);
#797=CARTESIAN_POINT('',(0.85,-0.,0.3));
#798=VERTEX_POINT('',#797);
#799=CARTESIAN_POINT('',(-0.85,-0.1417,10.));
#800=VERTEX_POINT('',#799);
#801=CARTESIAN_POINT('',(0.85,-0.1417,10.));
#802=VERTEX_POINT('',#801);
#803=CARTESIAN_POINT('',(-0.85,-0.,10.));
#804=VERTEX_POINT('',#803);
#805=CARTESIAN_POINT('',(0.85,-0.,10.));
#806=VERTEX_POINT('',#805);
#807=VECTOR('',#34,0.1417);
#808=CARTESIAN_POINT('',(-0.85,-0.1417,0.3));
#809=LINE('',#808,#807);
#810=EDGE_CURVE('',#792,#796,#809,.T.);
#811=ORIENTED_EDGE('',*,*,#810,.T.);
#812=VECTOR('',#16,1.7);
#813=CARTESIAN_POINT('',(-0.85,-0.,0.3));
#814=LINE('',#813,#812);
#815=EDGE_CURVE('',#796,#798,#814,.T.);
#816=ORIENTED_EDGE('',*,*,#815,.T.);
#817=VECTOR('',#34,0.1417);
#818=CARTESIAN_POINT('',(0.85,-0.1417,0.3));
#819=LINE('',#818,#817);
#820=EDGE_CURVE('',#794,#798,#819,.T.);
#821=ORIENTED_EDGE('',*,*,#820,.F.);
#822=VECTOR('',#16,1.7);
#823=CARTESIAN_POINT('',(-0.85,-0.1417,0.3));
#824=LINE('',#823,#822);
#825=EDGE_CURVE('',#792,#794,#824,.T.);
#826=ORIENTED_EDGE('',*,*,#825,.F.);
#827=EDGE_LOOP('',(#811,#816,#821,#826));
#828=FACE_OUTER_BOUND('',#827,.T.);
#829=CARTESIAN_POINT('',(-0.85,-0.1417,0.3));
#830=AXIS2_PLACEMENT_3D('',#829,#58,#16);
#831=PLANE('',#830);
#832=ADVANCED_FACE('',(#828),#831,.T.);
#833=VECTOR('',#16,1.7);
#834=CARTESIAN_POINT('',(-0.85,-0.1417,10.));
#835=LINE('',#834,#833);
#836=EDGE_CURVE('',#800,#802,#835,.T.);
#837=ORIENTED_EDGE('',*,*,#836,.T.);
#838=VECTOR('',#34,0.1417);
#839=CARTESIAN_POINT('',(0.85,-0.1417,10.));
#840=LINE('',#839,#838);
#841=EDGE_CURVE('',#802,#806,#840,.T.);
#842=ORIENTED_EDGE('',*,*,#841,.T.);
#843=VECTOR('',#16,1.7);
#844=CARTESIAN_POINT('',(-0.85,-0.,10.));
#845=LINE('',#844,#843);
#846=EDGE_CURVE('',#804,#806,#845,.T.);
#847=ORIENTED_EDGE('',*,*,#846,.F.);
#848=VECTOR('',#34,0.1417);
#849=CARTESIAN_POINT('',(-0.85,-0.1417,10.));
#850=LINE('',#849,#848);
#851=EDGE_CURVE('',#800,#804,#850,.T.);
#852=ORIENTED_EDGE('',*,*,#851,.F.);
#853=EDGE_LOOP('',(#837,#842,#847,#852));
#854=FACE_OUTER_BOUND('',#853,.T.);
#855=CARTESIAN_POINT('',(-0.85,-0.1417,10.));
#856=AXIS2_PLACEMENT_3D('',#855,#15,#16);
#857=PLANE('',#856);
#858=ADVANCED_FACE('',(#854),#857,.T.);
#859=ORIENTED_EDGE('',*,*,#825,.T.);
#860=VECTOR('',#15,9.7);
#861=CARTESIAN_POINT('',(0.85,-0.1417,0.3));
#862=LINE('',#861,#860);
#863=EDGE_CURVE('',#794,#802,#862,.T.);
#864=ORIENTED_EDGE('',*,*,#863,.T.);
#865=ORIENTED_EDGE('',*,*,#836,.F.);
#866=VECTOR('',#15,9.7);
#867=CARTESIAN_POINT('',(-0.85,-0.1417,0.3));
#868=LINE('',#867,#866);
#869=EDGE_CURVE('',#792,#800,#868,.T.);
#870=ORIENTED_EDGE('',*,*,#869,.F.);
#871=EDGE_LOOP('',(#859,#864,#865,#870));
#872=FACE_OUTER_BOUND('',#871,.T.);
#873=CARTESIAN_POINT('',(-0.85,-0.1417,0.3));
#874=AXIS2_PLACEMENT_3D('',#873,#103,#16);
#875=PLANE('',#874);
#876=ADVANCED_FACE('',(#872),#875,.T.);
#877=VECTOR('',#15,9.7);
#878=CARTESIAN_POINT('',(-0.85,-0.,0.3));
#879=LINE('',#878,#877);
#880=EDGE_CURVE('',#796,#804,#879,.T.);
#881=ORIENTED_EDGE('',*,*,#880,.T.);
#882=ORIENTED_EDGE('',*,*,#846,.T.);
#883=VECTOR('',#15,9.7);
#884=CARTESIAN_POINT('',(0.85,-0.,0.3));
#885=LINE('',#884,#883);
#886=EDGE_CURVE('',#798,#806,#885,.T.);
#887=ORIENTED_EDGE('',*,*,#886,.F.);
#888=ORIENTED_EDGE('',*,*,#815,.F.);
#889=EDGE_LOOP('',(#881,#882,#887,#888));
#890=FACE_OUTER_BOUND('',#889,.T.);
#891=CARTESIAN_POINT('',(-0.85,-0.,0.3));
#892=AXIS2_PLACEMENT_3D('',#891,#34,#16);
#893=PLANE('',#892);
#894=ADVANCED_FACE('',(#890),#893,.T.);
#895=ORIENTED_EDGE('',*,*,#869,.T.);
#896=ORIENTED_EDGE('',*,*,#851,.T.);
#897=ORIENTED_EDGE('',*,*,#880,.F.);
#898=ORIENTED_EDGE('',*,*,#810,.F.);
#899=EDGE_LOOP('',(#895,#896,#897,#898));
#900=FACE_OUTER_BOUND('',#899,.T.);
#901=CARTESIAN_POINT('',(-0.85,-0.1417,0.3));
#902=AXIS2_PLACEMENT_3D('',#901,#132,#34);
#903=PLANE('',#902);
#904=ADVANCED_FACE('',(#900),#903,.T.);
#905=ORIENTED_EDGE('',*,*,#820,.T.);
#906=ORIENTED_EDGE('',*,*,#886,.T.);
#907=ORIENTED_EDGE('',*,*,#841,.F.);
#908=ORIENTED_EDGE('',*,*,#863,.F.);
#909=EDGE_LOOP('',(#905,#906,#907,#908));
#910=FACE_OUTER_BOUND('',#909,.T.);
#911=CARTESIAN_POINT('',(0.85,-0.1417,0.3));
#912=AXIS2_PLACEMENT_3D('',#911,#16,#34);
#913=PLANE('',#912);
#914=ADVANCED_FACE('',(#910),#913,.T.);
#915=CLOSED_SHELL('',(#832,#858,#876,#894,#904,#914));
#916=MANIFOLD_SOLID_BREP('Wire_1_6',#915);
#917=STYLED_ITEM('color',(#154),#916);
#918=CARTESIAN_POINT('',(-0.8381,-0.2833,0.3));
#919=VERTEX_POINT('',#918);
#920=CARTESIAN_POINT('',(0.8381,-0.2833,0.3));
#921=VERTEX_POINT('',#920);
#922=CARTESIAN_POINT('',(-0.8381,-0.1417,0.3));
#923=VERTEX_POINT('',#922);
#924=CARTESIAN_POINT('',(0.8381,-0.1417,0.3));
#925=VERTEX_POINT('',#924);
#926=CARTESIAN_POINT('',(-0.8381,-0.2833,10.));
#927=VERTEX_POINT('',#926);
#928=CARTESIAN_POINT('',(0.8381,-0.2833,10.));
#929=VERTEX_POINT('',#928);
#930=CARTESIAN_POINT('',(-0.8381,-0.1417,10.));
#931=VERTEX_POINT('',#930);
#932=CARTESIAN_POINT('',(0.8381,-0.1417,10.));
#933=VERTEX_POINT('',#932);
#934=VECTOR('',#34,0.1417);
#935=CARTESIAN_POINT('',(-0.8381,-0.2833,0.3));
#936=LINE('',#935,#934);
#937=EDGE_CURVE('',#919,#923,#936,.T.);
#938=ORIENTED_EDGE('',*,*,#937,.T.);
#939=VECTOR('',#16,1.6762);
#940=CARTESIAN_POINT('',(-0.8381,-0.1417,0.3));
#941=LINE('',#940,#939);
#942=EDGE_CURVE('',#923,#925,#941,.T.);
#943=ORIENTED_EDGE('',*,*,#942,.T.);
#944=VECTOR('',#34,0.1417);
#945=CARTESIAN_POINT('',(0.8381,-0.2833,0.3));
#946=LINE('',#945,#944);
#947=EDGE_CURVE('',#921,#925,#946,.T.);
#948=ORIENTED_EDGE('',*,*,#947,.F.);
#949=VECTOR('',#16,1.6762);
#950=CARTESIAN_POINT('',(-0.8381,-0.2833,0.3));
#951=LINE('',#950,#949);
#952=EDGE_CURVE('',#919,#921,#951,.T.);
#953=ORIENTED_EDGE('',*,*,#952,.F.);
#954=EDGE_LOOP('',(#938,#943,#948,#953));
#955=FACE_OUTER_BOUND('',#954,.T.);
#956=CARTESIAN_POINT('',(-0.8381,-0.2833,0.3));
#957=AXIS2_PLACEMENT_3D('',#956,#58,#16);
#958=PLANE('',#957);
#959=ADVANCED_FACE('',(#955),#958,.T.);
#960=VECTOR('',#16,1.6762);
#961=CARTESIAN_POINT('',(-0.8381,-0.2833,10.));
#962=LINE('',#961,#960);
#963=EDGE_CURVE('',#927,#929,#962,.T.);
#964=ORIENTED_EDGE('',*,*,#963,.T.);
#965=VECTOR('',#34,0.1417);
#966=CARTESIAN_POINT('',(0.8381,-0.2833,10.));
#967=LINE('',#966,#965);
#968=EDGE_CURVE('',#929,#933,#967,.T.);
#969=ORIENTED_EDGE('',*,*,#968,.T.);
#970=VECTOR('',#16,1.6762);
#971=CARTESIAN_POINT('',(-0.8381,-0.1417,10.));
#972=LINE('',#971,#970);
#973=EDGE_CURVE('',#931,#933,#972,.T.);
#974=ORIENTED_EDGE('',*,*,#973,.F.);
#975=VECTOR('',#34,0.1417);
#976=CARTESIAN_POINT('',(-0.8381,-0.2833,10.));
#977=LINE('',#976,#975);
#978=EDGE_CURVE('',#927,#931,#977,.T.);
#979=ORIENTED_EDGE('',*,*,#978,.F.);
#980=EDGE_LOOP('',(#964,#969,#974,#979));
#981=FACE_OUTER_BOUND('',#980,.T.);
#982=CARTESIAN_POINT('',(-0.8381,-0.2833,10.));
#983=AXIS2_PLACEMENT_3D('',#982,#15,#16);
#984=PLANE('',#983);
#985=ADVANCED_FACE('',(#981),#984,.T.);
#986=ORIENTED_EDGE('',*,*,#952,.T.);
#987=VECTOR('',#15,9.7);
#988=CARTESIAN_POINT('',(0.8381,-0.2833,0.3));
#989=LINE('',#988,#987);
#990=EDGE_CURVE('',#921,#929,#989,.T.);
#991=ORIENTED_EDGE('',*,*,#990,.T.);
#992=ORIENTED_EDGE('',*,*,#963,.F.);
#993=VECTOR('',#15,9.7);
#994=CARTESIAN_POINT('',(-0.8381,-0.2833,0.3));
#995=LINE('',#994,#993);
#996=EDGE_CURVE('',#919,#927,#995,.T.);
#997=ORIENTED_EDGE('',*,*,#996,.F.);
#998=EDGE_LOOP('',(#986,#991,#992,#997));
#999=FACE_OUTER_BOUND('',#998,.T.);
#1000=CARTESIAN_POINT('',(-0.8381,-0.2833,0.3));
#1001=AXIS2_PLACEMENT_3D('',#1000,#103,#16);
#1002=PLANE('',#1001);
#1003=ADVANCED_FACE('',(#999),#1002,.T.);
#1004=VECTOR('',#15,9.7);
#1005=CARTESIAN_POINT('',(-0.8381,-0.1417,0.3));
#1006=LINE('',#1005,#1004);
#1007=EDGE_CURVE('',#923,#931,#1006,.T.);
#1008=ORIENTED_EDGE('',*,*,#1007,.T.);
#1009=ORIENTED_EDGE('',*,*,#973,.T.);
#1010=VECTOR('',#15,9.7);
#1011=CARTESIAN_POINT('',(0.8381,-0.1417,0.3));
#1012=LINE('',#1011,#1010);
#1013=EDGE_CURVE('',#925,#933,#1012,.T.);
#1014=ORIENTED_EDGE('',*,*,#1013,.F.);
#1015=ORIENTED_EDGE('',*,*,#942,.F.);
#1016=EDGE_LOOP('',(#1008,#1009,#1014,#1015));
#1017=FACE_OUTER_BOUND('',#1016,.T.);
#1018=CARTESIAN_POINT('',(-0.8381,-0.1417,0.3));
#1019=AXIS2_PLACEMENT_3D('',#1018,#34,#16);
#1020=PLANE('',#1019);
#1021=ADVANCED_FACE('',(#1017),#1020,.T.);
#1022=ORIENTED_EDGE('',*,*,#996,.T.);
#1023=ORIENTED_EDGE('',*,*,#978,.T.);
#1024=ORIENTED_EDGE('',*,*,#1007,.F.);
#1025=ORIENTED_EDGE('',*,*,#937,.F.);
#1026=EDGE_LOOP('',(#1022,#1023,#1024,#1025));
#1027=FACE_OUTER_BOUND('',#1026,.T.);
#1028=CARTESIAN_POINT('',(-0.8381,-0.2833,0.3));
#1029=AXIS2_PLACEMENT_3D('',#1028,#132,#34);
#1030=PLANE('',#1029);
#1031=ADVANCED_FACE('',(#1027),#1030,.T.);
#1032=ORIENTED_EDGE('',*,*,#947,.T.);
#1033=ORIENTED_EDGE('',*,*,#1013,.T.);
#1034=ORIENTED_EDGE('',*,*,#968,.F.);
#1035=ORIENTED_EDGE('',*,*,#990,.F.);
#1036=EDGE_LOOP('',(#1032,#1033,#1034,#1035));
#1037=FACE_OUTER_BOUND('',#1036,.T.);
#1038=CARTESIAN_POINT('',(0.8381,-0.2833,0.3));
#1039=AXIS2_PLACEMENT_3D('',#1038,#16,#34);
#1040=PLANE('',#1039);
#1041=ADVANCED_FACE('',(#1037),#1040,.T.);
#1042=CLOSED_SHELL('',(#959,#985,#1003,#1021,#1031,#1041));
#1043=MANIFOLD_SOLID_BREP('Wire_1_7',#1042);
#1044=STYLED_ITEM('color',(#154),#1043);
#1045=CARTESIAN_POINT('',(-0.8014,-0.425,0.3));
#1046=VERTEX_POINT('',#1045);
#1047=CARTESIAN_POINT('',(0.8014,-0.425,0.3));
#1048=VERTEX_POINT('',#1047);
#1049=CARTESIAN_POINT('',(-0.8014,-0.2833,0.3));
#1050=VERTEX_POINT('',#1049);
#1051=CARTESIAN_POINT('',(0.8014,-0.2833,0.3));
#1052=VERTEX_POINT('',#1051);
#1053=CARTESIAN_POINT('',(-0.8014,-0.425,10.));
#1054=VERTEX_POINT('',#1053);
#1055=CARTESIAN_POINT('',(0.8014,-0.425,10.));
#1056=VERTEX_POINT('',#1055);
#1057=CARTESIAN_POINT('',(-0.8014,-0.2833,10.));
#1058=VERTEX_POINT('',#1057);
#1059=CARTESIAN_POINT('',(0.8014,-0.2833,10.));
#1060=VERTEX_POINT('',#1059);
#1061=VECTOR('',#34,0.1417);
#1062=CARTESIAN_POINT('',(-0.8014,-0.425,0.3));
#1063=LINE('',#1062,#1061);
#1064=EDGE_CURVE('',#1046,#1050,#1063,.T.);
#1065=ORIENTED_EDGE('',*,*,#1064,.T.);
#1066=VECTOR('',#16,1.6028);
#1067=CARTESIAN_POINT('',(-0.8014,-0.2833,0.3));
#1068=LINE('',#1067,#1066);
#1069=EDGE_CURVE('',#1050,#1052,#1068,.T.);
#1070=ORIENTED_EDGE('',*,*,#1069,.T.);
#1071=VECTOR('',#34,0.1417);
#1072=CARTESIAN_POINT('',(0.8014,-0.425,0.3));
#1073=LINE('',#1072,#1071);
#1074=EDGE_CURVE('',#1048,#1052,#1073,.T.);
#1075=ORIENTED_EDGE('',*,*,#1074,.F.);
#1076=VECTOR('',#16,1.6028);
#1077=CARTESIAN_POINT('',(-0.8014,-0.425,0.3));
#1078=LINE('',#1077,#1076);
#1079=EDGE_CURVE('',#1046,#1048,#1078,.T.);
#1080=ORIENTED_EDGE('',*,*,#1079,.F.);
#1081=EDGE_LOOP('',(#1065,#1070,#1075,#1080));
#1082=FACE_OUTER_BOUND('',#1081,.T.);
#1083=CARTESIAN_POINT('',(-0.8014,-0.425,0.3));
#1084=AXIS2_PLACEMENT_3D('',#1083,#58,#16);
#1085=PLANE('',#1084);
#1086=ADVANCED_FACE('',(#1082),#1085,.T.);
#1087=VECTOR('',#16,1.6028);
#1088=CARTESIAN_POINT('',(-0.8014,-0.425,10.));
#1089=LINE('',#1088,#1087);
#1090=EDGE_CURVE('',#1054,#1056,#1089,.T.);
#1091=ORIENTED_EDGE('',*,*,#1090,.T.);
#1092=VECTOR('',#34,0.1417);
#1093=CARTESIAN_POINT('',(0.8014,-0.425,10.));
#1094=LINE('',#1093,#1092);
#1095=EDGE_CURVE('',#1056,#1060,#1094,.T.);
#1096=ORIENTED_EDGE('',*,*,#1095,.T.);
#1097=VECTOR('',#16,1.6028);
#1098=CARTESIAN_POINT('',(-0.8014,-0.2833,10.));
#1099=LINE('',#1098,#1097);
#1100=EDGE_CURVE('',#1058,#1060,#1099,.T.);
#1101=ORIENTED_EDGE('',*,*,#1100,.F.);
#1102=VECTOR('',#34,0.1417);
#1103=CARTESIAN_POINT('',(-0.8014,-0.425,10.));
#1104=LINE('',#1103,#1102);
#1105=EDGE_CURVE('',#1054,#1058,#1104,.T.);
#1106=ORIENTED_EDGE('',*,*,#1105,.F.);
#1107=EDGE_LOOP('',(#1091,#1096,#1101,#1106));
#1108=FACE_OUTER_BOUND('',#1107,.T.);
#1109=CARTESIAN_POINT('',(-0.8014,-0.425,10.));
#1110=AXIS2_PLACEMENT_3D('',#1109,#15,#16);
#1111=PLANE('',#1110);
#1112=ADVANCED_FACE('',(#1108),#1111,.T.);
#1113=ORIENTED_EDGE('',*,*,#1079,.T.);
#1114=VECTOR('',#15,9.7);
#1115=CARTESIAN_POINT('',(0.8014,-0.425,0.3));
#1116=LINE('',#1115,#1114);
#1117=EDGE_CURVE('',#1048,#1056,#1116,.T.);
#1118=ORIENTED_EDGE('',*,*,#1117,.T.);
#1119=ORIENTED_EDGE('',*,*,#1090,.F.);
#1120=VECTOR('',#15,9.7);
#1121=CARTESIAN_POINT('',(-0.8014,-0.425,0.3));
#1122=LINE('',#1121,#1120);
#1123=EDGE_CURVE('',#1046,#1054,#1122,.T.);
#1124=ORIENTED_EDGE('',*,*,#1123,.F.);
#1125=EDGE_LOOP('',(#1113,#1118,#1119,#1124));
#1126=FACE_OUTER_BOUND('',#1125,.T.);
#1127=CARTESIAN_POINT('',(-0.8014,-0.425,0.3));
#1128=AXIS2_PLACEMENT_3D('',#1127,#103,#16);
#1129=PLANE('',#1128);
#1130=ADVANCED_FACE('',(#1126),#1129,.T.);
#1131=VECTOR('',#15,9.7);
#1132=CARTESIAN_POINT('',(-0.8014,-0.2833,0.3));
#1133=LINE('',#1132,#1131);
#1134=EDGE_CURVE('',#1050,#1058,#1133,.T.);
#1135=ORIENTED_EDGE('',*,*,#1134,.T.);
#1136=ORIENTED_EDGE('',*,*,#1100,.T.);
#1137=VECTOR('',#15,9.7);
#1138=CARTESIAN_POINT('',(0.8014,-0.2833,0.3));
#1139=LINE('',#1138,#1137);
#1140=EDGE_CURVE('',#1052,#1060,#1139,.T.);
#1141=ORIENTED_EDGE('',*,*,#1140,.F.);
#1142=ORIENTED_EDGE('',*,*,#1069,.F.);
#1143=EDGE_LOOP('',(#1135,#1136,#1141,#1142));
#1144=FACE_OUTER_BOUND('',#1143,.T.);
#1145=CARTESIAN_POINT('',(-0.8014,-0.2833,0.3));
#1146=AXIS2_PLACEMENT_3D('',#1145,#34,#16);
#1147=PLANE('',#1146);
#1148=ADVANCED_FACE('',(#1144),#1147,.T.);
#1149=ORIENTED_EDGE('',*,*,#1123,.T.);
#1150=ORIENTED_EDGE('',*,*,#1105,.T.);
#1151=ORIENTED_EDGE('',*,*,#1134,.F.);
#1152=ORIENTED_EDGE('',*,*,#1064,.F.);
#1153=EDGE_LOOP('',(#1149,#1150,#1151,#1152));
#1154=FACE_OUTER_BOUND('',#1153,.T.);
#1155=CARTESIAN_POINT('',(-0.8014,-0.425,0.3));
#1156=AXIS2_PLACEMENT_3D('',#1155,#132,#34);
#1157=PLANE('',#1156);
#1158=ADVANCED_FACE('',(#1154),#1157,.T.);
#1159=ORIENTED_EDGE('',*,*,#1074,.T.);
#1160=ORIENTED_EDGE('',*,*,#1140,.T.);
#1161=ORIENTED_EDGE('',*,*,#1095,.F.);
#1162=ORIENTED_EDGE('',*,*,#1117,.F.);
#1163=EDGE_LOOP('',(#1159,#1160,#1161,#1162));
#1164=FACE_OUTER_BOUND('',#1163,.T.);
#1165=CARTESIAN_POINT('',(0.8014,-0.425,0.3));
#1166=AXIS2_PLACEMENT_3D('',#1165,#16,#34);
#1167=PLANE('',#1166);
#1168=ADVANCED_FACE('',(#1164),#1167,.T.);
#1169=CLOSED_SHELL('',(#1086,#1112,#1130,#1148,#1158,#1168));
#1170=MANIFOLD_SOLID_BREP('Wire_1_8',#1169);
#1171=STYLED_ITEM('color',(#154),#1170);
#1172=CARTESIAN_POINT('',(-0.7361,-0.5667,0.3));
#1173=VERTEX_POINT('',#1172);
#1174=CARTESIAN_POINT('',(0.7361,-0.5667,0.3));
#1175=VERTEX_POINT('',#1174);
#1176=CARTESIAN_POINT('',(-0.7361,-0.425,0.3));
#1177=VERTEX_POINT('',#1176);
#1178=CARTESIAN_POINT('',(0.7361,-0.425,0.3));
#1179=VERTEX_POINT('',#1178);
#1180=CARTESIAN_POINT('',(-0.7361,-0.5667,10.));
#1181=VERTEX_POINT('',#1180);
#1182=CARTESIAN_POINT('',(0.7361,-0.5667,10.));
#1183=VERTEX_POINT('',#1182);
#1184=CARTESIAN_POINT('',(-0.7361,-0.425,10.));
#1185=VERTEX_POINT('',#1184);
#1186=CARTESIAN_POINT('',(0.7361,-0.425,10.));
#1187=VERTEX_POINT('',#1186);
#1188=VECTOR('',#34,0.1417);
#1189=CARTESIAN_POINT('',(-0.7361,-0.5667,0.3));
#1190=LINE('',#1189,#1188);
#1191=EDGE_CURVE('',#1173,#1177,#1190,.T.);
#1192=ORIENTED_EDGE('',*,*,#1191,.T.);
#1193=VECTOR('',#16,1.4722);
#1194=CARTESIAN_POINT('',(-0.7361,-0.425,0.3));
#1195=LINE('',#1194,#1193);
#1196=EDGE_CURVE('',#1177,#1179,#1195,.T.);
#1197=ORIENTED_EDGE('',*,*,#1196,.T.);
#1198=VECTOR('',#34,0.1417);
#1199=CARTESIAN_POINT('',(0.7361,-0.5667,0.3));
#1200=LINE('',#1199,#1198);
#1201=EDGE_CURVE('',#1175,#1179,#1200,.T.);
#1202=ORIENTED_EDGE('',*,*,#1201,.F.);
#1203=VECTOR('',#16,1.4722);
#1204=CARTESIAN_POINT('',(-0.7361,-0.5667,0.3));
#1205=LINE('',#1204,#1203);
#1206=EDGE_CURVE('',#1173,#1175,#1205,.T.);
#1207=ORIENTED_EDGE('',*,*,#1206,.F.);
#1208=EDGE_LOOP('',(#1192,#1197,#1202,#1207));
#1209=FACE_OUTER_BOUND('',#1208,.T.);
#1210=CARTESIAN_POINT('',(-0.7361,-0.5667,0.3));
#1211=AXIS2_PLACEMENT_3D('',#1210,#58,#16);
#1212=PLANE('',#1211);
#1213=ADVANCED_FACE('',(#1209),#1212,.T.);
#1214=VECTOR('',#16,1.4722);
#1215=CARTESIAN_POINT('',(-0.7361,-0.5667,10.));
#1216=LINE('',#1215,#1214);
#1217=EDGE_CURVE('',#1181,#1183,#1216,.T.);
#1218=ORIENTED_EDGE('',*,*,#1217,.T.);
#1219=VECTOR('',#34,0.1417);
#1220=CARTESIAN_POINT('',(0.7361,-0.5667,10.));
#1221=LINE('',#1220,#1219);
#1222=EDGE_CURVE('',#1183,#1187,#1221,.T.);
#1223=ORIENTED_EDGE('',*,*,#1222,.T.);
#1224=VECTOR('',#16,1.4722);
#1225=CARTESIAN_POINT('',(-0.7361,-0.425,10.));
#1226=LINE('',#1225,#1224);
#1227=EDGE_CURVE('',#1185,#1187,#1226,.T.);
#1228=ORIENTED_EDGE('',*,*,#1227,.F.);
#1229=VECTOR('',#34,0.1417);
#1230=CARTESIAN_POINT('',(-0.7361,-0.5667,10.));
#1231=LINE('',#1230,#1229);
#1232=EDGE_CURVE('',#1181,#1185,#1231,.T.);
#1233=ORIENTED_EDGE('',*,*,#1232,.F.);
#1234=EDGE_LOOP('',(#1218,#1223,#1228,#1233));
#1235=FACE_OUTER_BOUND('',#1234,.T.);
#1236=CARTESIAN_POINT('',(-0.7361,-0.5667,10.));
#1237=AXIS2_PLACEMENT_3D('',#1236,#15,#16);
#1238=PLANE('',#1237);
#1239=ADVANCED_FACE('',(#1235),#1238,.T.);
#1240=ORIENTED_EDGE('',*,*,#1206,.T.);
#1241=VECTOR('',#15,9.7);
#1242=CARTESIAN_POINT('',(0.7361,-0.5667,0.3));
#1243=LINE('',#1242,#1241);
#1244=EDGE_CURVE('',#1175,#1183,#1243,.T.);
#1245=ORIENTED_EDGE('',*,*,#1244,.T.);
#1246=ORIENTED_EDGE('',*,*,#1217,.F.);
#1247=VECTOR('',#15,9.7);
#1248=CARTESIAN_POINT('',(-0.7361,-0.5667,0.3));
#1249=LINE('',#1248,#1247);
#1250=EDGE_CURVE('',#1173,#1181,#1249,.T.);
#1251=ORIENTED_EDGE('',*,*,#1250,.F.);
#1252=EDGE_LOOP('',(#1240,#1245,#1246,#1251));
#1253=FACE_OUTER_BOUND('',#1252,.T.);
#1254=CARTESIAN_POINT('',(-0.7361,-0.5667,0.3));
#1255=AXIS2_PLACEMENT_3D('',#1254,#103,#16);
#1256=PLANE('',#1255);
#1257=ADVANCED_FACE('',(#1253),#1256,.T.);
#1258=VECTOR('',#15,9.7);
#1259=CARTESIAN_POINT('',(-0.7361,-0.425,0.3));
#1260=LINE('',#1259,#1258);
#1261=EDGE_CURVE('',#1177,#1185,#1260,.T.);
#1262=ORIENTED_EDGE('',*,*,#1261,.T.);
#1263=ORIENTED_EDGE('',*,*,#1227,.T.);
#1264=VECTOR('',#15,9.7);
#1265=CARTESIAN_POINT('',(0.7361,-0.425,0.3));
#1266=LINE('',#1265,#1264);
#1267=EDGE_CURVE('',#1179,#1187,#1266,.T.);
#1268=ORIENTED_EDGE('',*,*,#1267,.F.);
#1269=ORIENTED_EDGE('',*,*,#1196,.F.);
#1270=EDGE_LOOP('',(#1262,#1263,#1268,#1269));
#1271=FACE_OUTER_BOUND('',#1270,.T.);
#1272=CARTESIAN_POINT('',(-0.7361,-0.425,0.3));
#1273=AXIS2_PLACEMENT_3D('',#1272,#34,#16);
#1274=PLANE('',#1273);
#1275=ADVANCED_FACE('',(#1271),#1274,.T.);
#1276=ORIENTED_EDGE('',*,*,#1250,.T.);
#1277=ORIENTED_EDGE('',*,*,#1232,.T.);
#1278=ORIENTED_EDGE('',*,*,#1261,.F.);
#1279=ORIENTED_EDGE('',*,*,#1191,.F.);
#1280=EDGE_LOOP('',(#1276,#1277,#1278,#1279));
#1281=FACE_OUTER_BOUND('',#1280,.T.);
#1282=CARTESIAN_POINT('',(-0.7361,-0.5667,0.3));
#1283=AXIS2_PLACEMENT_3D('',#1282,#132,#34);
#1284=PLANE('',#1283);
#1285=ADVANCED_FACE('',(#1281),#1284,.T.);
#1286=ORIENTED_EDGE('',*,*,#1201,.T.);
#1287=ORIENTED_EDGE('',*,*,#1267,.T.);
#1288=ORIENTED_EDGE('',*,*,#1222,.F.);
#1289=ORIENTED_EDGE('',*,*,#1244,.F.);
#1290=EDGE_LOOP('',(#1286,#1287,#1288,#1289));
#1291=FACE_OUTER_BOUND('',#1290,.T.);
#1292=CARTESIAN_POINT('',(0.7361,-0.5667,0.3));
#1293=AXIS2_PLACEMENT_3D('',#1292,#16,#34);
#1294=PLANE('',#1293);
#1295=ADVANCED_FACE('',(#1291),#1294,.T.);
#1296=CLOSED_SHELL('',(#1213,#1239,#1257,#1275,#1285,#1295));
#1297=MANIFOLD_SOLID_BREP('Wire_1_9',#1296);
#1298=STYLED_ITEM('color',(#154),#1297);
#1299=CARTESIAN_POINT('',(-0.6336,-0.7083,0.3));
#1300=VERTEX_POINT('',#1299);
#1301=CARTESIAN_POINT('',(0.6336,-0.7083,0.3));
#1302=VERTEX_POINT('',#1301);
#1303=CARTESIAN_POINT('',(-0.6336,-0.5667,0.3));
#1304=VERTEX_POINT('',#1303);
#1305=CARTESIAN_POINT('',(0.6336,-0.5667,0.3));
#1306=VERTEX_POINT('',#1305);
#1307=CARTESIAN_POINT('',(-0.6336,-0.7083,10.));
#1308=VERTEX_POINT('',#1307);
#1309=CARTESIAN_POINT('',(0.6336,-0.7083,10.));
#1310=VERTEX_POINT('',#1309);
#1311=CARTESIAN_POINT('',(-0.6336,-0.5667,10.));
#1312=VERTEX_POINT('',#1311);
#1313=CARTESIAN_POINT('',(0.6336,-0.5667,10.));
#1314=VERTEX_POINT('',#1313);
#1315=VECTOR('',#34,0.1417);
#1316=CARTESIAN_POINT('',(-0.6336,-0.7083,0.3));
#1317=LINE('',#1316,#1315);
#1318=EDGE_CURVE('',#1300,#1304,#1317,.T.);
#1319=ORIENTED_EDGE('',*,*,#1318,.T.);
#1320=VECTOR('',#16,1.2671);
#1321=CARTESIAN_POINT('',(-0.6336,-0.5667,0.3));
#1322=LINE('',#1321,#1320);
#1323=EDGE_CURVE('',#1304,#1306,#1322,.T.);
#1324=ORIENTED_EDGE('',*,*,#1323,.T.);
#1325=VECTOR('',#34,0.1417);
#1326=CARTESIAN_POINT('',(0.6336,-0.7083,0.3));
#1327=LINE('',#1326,#1325);
#1328=EDGE_CURVE('',#1302,#1306,#1327,.T.);
#1329=ORIENTED_EDGE('',*,*,#1328,.F.);
#1330=VECTOR('',#16,1.2671);
#1331=CARTESIAN_POINT('',(-0.6336,-0.7083,0.3));
#1332=LINE('',#1331,#1330);
#1333=EDGE_CURVE('',#1300,#1302,#1332,.T.);
#1334=ORIENTED_EDGE('',*,*,#1333,.F.);
#1335=EDGE_LOOP('',(#1319,#1324,#1329,#1334));
#1336=FACE_OUTER_BOUND('',#1335,.T.);
#1337=CARTESIAN_POINT('',(-0.6336,-0.7083,0.3));
#1338=AXIS2_PLACEMENT_3D('',#1337,#58,#16);
#1339=PLANE('',#1338);
#1340=ADVANCED_FACE('',(#1336),#1339,.T.);
#1341=VECTOR('',#16,1.2671);
#1342=CARTESIAN_POINT('',(-0.6336,-0.7083,10.));
#1343=LINE('',#1342,#1341);
#1344=EDGE_CURVE('',#1308,#1310,#1343,.T.);
#1345=ORIENTED_EDGE('',*,*,#1344,.T.);
#1346=VECTOR('',#34,0.1417);
#1347=CARTESIAN_POINT('',(0.6336,-0.7083,10.));
#1348=LINE('',#1347,#1346);
#1349=EDGE_CURVE('',#1310,#1314,#1348,.T.);
#1350=ORIENTED_EDGE('',*,*,#1349,.T.);
#1351=VECTOR('',#16,1.2671);
#1352=CARTESIAN_POINT('',(-0.6336,-0.5667,10.));
#1353=LINE('',#1352,#1351);
#1354=EDGE_CURVE('',#1312,#1314,#1353,.T.);
#1355=ORIENTED_EDGE('',*,*,#1354,.F.);
#1356=VECTOR('',#34,0.1417);
#1357=CARTESIAN_POINT('',(-0.6336,-0.7083,10.));
#1358=LINE('',#1357,#1356);
#1359=EDGE_CURVE('',#1308,#1312,#1358,.T.);
#1360=ORIENTED_EDGE('',*,*,#1359,.F.);
#1361=EDGE_LOOP('',(#1345,#1350,#1355,#1360));
#1362=FACE_OUTER_BOUND('',#1361,.T.);
#1363=CARTESIAN_POINT('',(-0.6336,-0.7083,10.));
#1364=AXIS2_PLACEMENT_3D('',#1363,#15,#16);
#1365=PLANE('',#1364);
#1366=ADVANCED_FACE('',(#1362),#1365,.T.);
#1367=ORIENTED_EDGE('',*,*,#1333,.T.);
#1368=VECTOR('',#15,9.7);
#1369=CARTESIAN_POINT('',(0.6336,-0.7083,0.3));
#1370=LINE('',#1369,#1368);
#1371=EDGE_CURVE('',#1302,#1310,#1370,.T.);
#1372=ORIENTED_EDGE('',*,*,#1371,.T.);
#1373=ORIENTED_EDGE('',*,*,#1344,.F.);
#1374=VECTOR('',#15,9.7);
#1375=CARTESIAN_POINT('',(-0.6336,-0.7083,0.3));
#1376=LINE('',#1375,#1374);
#1377=EDGE_CURVE('',#1300,#1308,#1376,.T.);
#1378=ORIENTED_EDGE('',*,*,#1377,.F.);
#1379=EDGE_LOOP('',(#1367,#1372,#1373,#1378));
#1380=FACE_OUTER_BOUND('',#1379,.T.);
#1381=CARTESIAN_POINT('',(-0.6336,-0.7083,0.3));
#1382=AXIS2_PLACEMENT_3D('',#1381,#103,#16);
#1383=PLANE('',#1382);
#1384=ADVANCED_FACE('',(#1380),#1383,.T.);
#1385=VECTOR('',#15,9.7);
#1386=CARTESIAN_POINT('',(-0.6336,-0.5667,0.3));
#1387=LINE('',#1386,#1385);
#1388=EDGE_CURVE('',#1304,#1312,#1387,.T.);
#1389=ORIENTED_EDGE('',*,*,#1388,.T.);
#1390=ORIENTED_EDGE('',*,*,#1354,.T.);
#1391=VECTOR('',#15,9.7);
#1392=CARTESIAN_POINT('',(0.6336,-0.5667,0.3));
#1393=LINE('',#1392,#1391);
#1394=EDGE_CURVE('',#1306,#1314,#1393,.T.);
#1395=ORIENTED_EDGE('',*,*,#1394,.F.);
#1396=ORIENTED_EDGE('',*,*,#1323,.F.);
#1397=EDGE_LOOP('',(#1389,#1390,#1395,#1396));
#1398=FACE_OUTER_BOUND('',#1397,.T.);
#1399=CARTESIAN_POINT('',(-0.6336,-0.5667,0.3));
#1400=AXIS2_PLACEMENT_3D('',#1399,#34,#16);
#1401=PLANE('',#1400);
#1402=ADVANCED_FACE('',(#1398),#1401,.T.);
#1403=ORIENTED_EDGE('',*,*,#1377,.T.);
#1404=ORIENTED_EDGE('',*,*,#1359,.T.);
#1405=ORIENTED_EDGE('',*,*,#1388,.F.);
#1406=ORIENTED_EDGE('',*,*,#1318,.F.);
#1407=EDGE_LOOP('',(#1403,#1404,#1405,#1406));
#1408=FACE_OUTER_BOUND('',#1407,.T.);
#1409=CARTESIAN_POINT('',(-0.6336,-0.7083,0.3));
#1410=AXIS2_PLACEMENT_3D('',#1409,#132,#34);
#1411=PLANE('',#1410);
#1412=ADVANCED_FACE('',(#1408),#1411,.T.);
#1413=ORIENTED_EDGE('',*,*,#1328,.T.);
#1414=ORIENTED_EDGE('',*,*,#1394,.T.);
#1415=ORIENTED_EDGE('',*,*,#1349,.F.);
#1416=ORIENTED_EDGE('',*,*,#1371,.F.);
#1417=EDGE_LOOP('',(#1413,#1414,#1415,#1416));
#1418=FACE_OUTER_BOUND('',#1417,.T.);
#1419=CARTESIAN_POINT('',(0.6336,-0.7083,0.3));
#1420=AXIS2_PLACEMENT_3D('',#1419,#16,#34);
#1421=PLANE('',#1420);
#1422=ADVANCED_FACE('',(#1418),#1421,.T.);
#1423=CLOSED_SHELL('',(#1340,#1366,#1384,#1402,#1412,#1422));
#1424=MANIFOLD_SOLID_BREP('Wire_1_10',#1423);
#1425=STYLED_ITEM('color',(#154),#1424);
#1426=CARTESIAN_POINT('',(-0.4699,-0.85,0.3));
#1427=VERTEX_POINT('',#1426);
#1428=CARTESIAN_POINT('',(0.4699,-0.85,0.3));
#1429=VERTEX_POINT('',#1428);
#1430=CARTESIAN_POINT('',(-0.4699,-0.7083,0.3));
#1431=VERTEX_POINT('',#1430);
#1432=CARTESIAN_POINT('',(0.4699,-0.7083,0.3));
#1433=VERTEX_POINT('',#1432);
#1434=CARTESIAN_POINT('',(-0.4699,-0.85,10.));
#1435=VERTEX_POINT('',#1434);
#1436=CARTESIAN_POINT('',(0.4699,-0.85,10.));
#1437=VERTEX_POINT('',#1436);
#1438=CARTESIAN_POINT('',(-0.4699,-0.7083,10.));
#1439=VERTEX_POINT('',#1438);
#1440=CARTESIAN_POINT('',(0.4699,-0.7083,10.));
#1441=VERTEX_POINT('',#1440);
#1442=VECTOR('',#34,0.1417);
#1443=CARTESIAN_POINT('',(-0.4699,-0.85,0.3));
#1444=LINE('',#1443,#1442);
#1445=EDGE_CURVE('',#1427,#1431,#1444,.T.);
#1446=ORIENTED_EDGE('',*,*,#1445,.T.);
#1447=VECTOR('',#16,0.9397);
#1448=CARTESIAN_POINT('',(-0.4699,-0.7083,0.3));
#1449=LINE('',#1448,#1447);
#1450=EDGE_CURVE('',#1431,#1433,#1449,.T.);
#1451=ORIENTED_EDGE('',*,*,#1450,.T.);
#1452=VECTOR('',#34,0.1417);
#1453=CARTESIAN_POINT('',(0.4699,-0.85,0.3));
#1454=LINE('',#1453,#1452);
#1455=EDGE_CURVE('',#1429,#1433,#1454,.T.);
#1456=ORIENTED_EDGE('',*,*,#1455,.F.);
#1457=VECTOR('',#16,0.9397);
#1458=CARTESIAN_POINT('',(-0.4699,-0.85,0.3));
#1459=LINE('',#1458,#1457);
#1460=EDGE_CURVE('',#1427,#1429,#1459,.T.);
#1461=ORIENTED_EDGE('',*,*,#1460,.F.);
#1462=EDGE_LOOP('',(#1446,#1451,#1456,#1461));
#1463=FACE_OUTER_BOUND('',#1462,.T.);
#1464=CARTESIAN_POINT('',(-0.4699,-0.85,0.3));
#1465=AXIS2_PLACEMENT_3D('',#1464,#58,#16);
#1466=PLANE('',#1465);
#1467=ADVANCED_FACE('',(#1463),#1466,.T.);
#1468=VECTOR('',#16,0.9397);
#1469=CARTESIAN_POINT('',(-0.4699,-0.85,10.));
#1470=LINE('',#1469,#1468);
#1471=EDGE_CURVE('',#1435,#1437,#1470,.T.);
#1472=ORIENTED_EDGE('',*,*,#1471,.T.);
#1473=VECTOR('',#34,0.1417);
#1474=CARTESIAN_POINT('',(0.4699,-0.85,10.));
#1475=LINE('',#1474,#1473);
#1476=EDGE_CURVE('',#1437,#1441,#1475,.T.);
#1477=ORIENTED_EDGE('',*,*,#1476,.T.);
#1478=VECTOR('',#16,0.9397);
#1479=CARTESIAN_POINT('',(-0.4699,-0.7083,10.));
#1480=LINE('',#1479,#1478);
#1481=EDGE_CURVE('',#1439,#1441,#1480,.T.);
#1482=ORIENTED_EDGE('',*,*,#1481,.F.);
#1483=VECTOR('',#34,0.1417);
#1484=CARTESIAN_POINT('',(-0.4699,-0.85,10.));
#1485=LINE('',#1484,#1483);
#1486=EDGE_CURVE('',#1435,#1439,#1485,.T.);
#1487=ORIENTED_EDGE('',*,*,#1486,.F.);
#1488=EDGE_LOOP('',(#1472,#1477,#1482,#1487));
#1489=FACE_OUTER_BOUND('',#1488,.T.);
#1490=CARTESIAN_POINT('',(-0.4699,-0.85,10.));
#1491=AXIS2_PLACEMENT_3D('',#1490,#15,#16);
#1492=PLANE('',#1491);
#1493=ADVANCED_FACE('',(#1489),#1492,.T.);
#1494=ORIENTED_EDGE('',*,*,#1460,.T.);
#1495=VECTOR('',#15,9.7);
#1496=CARTESIAN_POINT('',(0.4699,-0.85,0.3));
#1497=LINE('',#1496,#1495);
#1498=EDGE_CURVE('',#1429,#1437,#1497,.T.);
#1499=ORIENTED_EDGE('',*,*,#1498,.T.);
#1500=ORIENTED_EDGE('',*,*,#1471,.F.);
#1501=VECTOR('',#15,9.7);
#1502=CARTESIAN_POINT('',(-0.4699,-0.85,0.3));
#1503=LINE('',#1502,#1501);
#1504=EDGE_CURVE('',#1427,#1435,#1503,.T.);
#1505=ORIENTED_EDGE('',*,*,#1504,.F.);
#1506=EDGE_LOOP('',(#1494,#1499,#1500,#1505));
#1507=FACE_OUTER_BOUND('',#1506,.T.);
#1508=CARTESIAN_POINT('',(-0.4699,-0.85,0.3));
#1509=AXIS2_PLACEMENT_3D('',#1508,#103,#16);
#1510=PLANE('',#1509);
#1511=ADVANCED_FACE('',(#1507),#1510,.T.);
#1512=VECTOR('',#15,9.7);
#1513=CARTESIAN_POINT('',(-0.4699,-0.7083,0.3));
#1514=LINE('',#1513,#1512);
#1515=EDGE_CURVE('',#1431,#1439,#1514,.T.);
#1516=ORIENTED_EDGE('',*,*,#1515,.T.);
#1517=ORIENTED_EDGE('',*,*,#1481,.T.);
#1518=VECTOR('',#15,9.7);
#1519=CARTESIAN_POINT('',(0.4699,-0.7083,0.3));
#1520=LINE('',#1519,#1518);
#1521=EDGE_CURVE('',#1433,#1441,#1520,.T.);
#1522=ORIENTED_EDGE('',*,*,#1521,.F.);
#1523=ORIENTED_EDGE('',*,*,#1450,.F.);
#1524=EDGE_LOOP('',(#1516,#1517,#1522,#1523));
#1525=FACE_OUTER_BOUND('',#1524,.T.);
#1526=CARTESIAN_POINT('',(-0.4699,-0.7083,0.3));
#1527=AXIS2_PLACEMENT_3D('',#1526,#34,#16);
#1528=PLANE('',#1527);
#1529=ADVANCED_FACE('',(#1525),#1528,.T.);
#1530=ORIENTED_EDGE('',*,*,#1504,.T.);
#1531=ORIENTED_EDGE('',*,*,#1486,.T.);
#1532=ORIENTED_EDGE('',*,*,#1515,.F.);
#1533=ORIENTED_EDGE('',*,*,#1445,.F.);
#1534=EDGE_LOOP('',(#1530,#1531,#1532,#1533));
#1535=FACE_OUTER_BOUND('',#1534,.T.);
#1536=CARTESIAN_POINT('',(-0.4699,-0.85,0.3));
#1537=AXIS2_PLACEMENT_3D('',#1536,#132,#34);
#1538=PLANE('',#1537);
#1539=ADVANCED_FACE('',(#1535),#1538,.T.);
#1540=ORIENTED_EDGE('',*,*,#1455,.T.);
#1541=ORIENTED_EDGE('',*,*,#1521,.T.);
#1542=ORIENTED_EDGE('',*,*,#1476,.F.);
#1543=ORIENTED_EDGE('',*,*,#1498,.F.);
#1544=EDGE_LOOP('',(#1540,#1541,#1542,#1543));
#1545=FACE_OUTER_BOUND('',#1544,.T.);
#1546=CARTESIAN_POINT('',(0.4699,-0.85,0.3));
#1547=AXIS2_PLACEMENT_3D('',#1546,#16,#34);
#1548=PLANE('',#1547);
#1549=ADVANCED_FACE('',(#1545),#1548,.T.);
#1550=CLOSED_SHELL('',(#1467,#1493,#1511,#1529,#1539,#1549));
#1551=MANIFOLD_SOLID_BREP('Wire_1_11',#1550);
#1552=STYLED_ITEM('color',(#154),#1551);
#1553=CARTESIAN_POINT('',(-0.1863,0.1667,-1.8));
#1554=VERTEX_POINT('',#1553);
#1555=CARTESIAN_POINT('',(0.1863,0.1667,-1.8));
#1556=VERTEX_POINT('',#1555);
#1557=CARTESIAN_POINT('',(-0.1863,0.25,-1.8));
#1558=VERTEX_POINT('',#1557);
#1559=CARTESIAN_POINT('',(0.1863,0.25,-1.8));
#1560=VERTEX_POINT('',#1559);
#1561=CARTESIAN_POINT('',(-0.1863,0.1667,0.3));
#1562=VERTEX_POINT('',#1561);
#1563=CARTESIAN_POINT('',(0.1863,0.1667,0.3));
#1564=VERTEX_POINT('',#1563);
#1565=CARTESIAN_POINT('',(-0.1863,0.25,0.3));
#1566=VERTEX_POINT('',#1565);
#1567=CARTESIAN_POINT('',(0.1863,0.25,0.3));
#1568=VERTEX_POINT('',#1567);
#1569=VECTOR('',#34,0.0833);
#1570=CARTESIAN_POINT('',(-0.1863,0.1667,-1.8));
#1571=LINE('',#1570,#1569);
#1572=EDGE_CURVE('',#1554,#1558,#1571,.T.);
#1573=ORIENTED_EDGE('',*,*,#1572,.T.);
#1574=VECTOR('',#16,0.3727);
#1575=CARTESIAN_POINT('',(-0.1863,0.25,-1.8));
#1576=LINE('',#1575,#1574);
#1577=EDGE_CURVE('',#1558,#1560,#1576,.T.);
#1578=ORIENTED_EDGE('',*,*,#1577,.T.);
#1579=VECTOR('',#34,0.0833);
#1580=CARTESIAN_POINT('',(0.1863,0.1667,-1.8));
#1581=LINE('',#1580,#1579);
#1582=EDGE_CURVE('',#1556,#1560,#1581,.T.);
#1583=ORIENTED_EDGE('',*,*,#1582,.F.);
#1584=VECTOR('',#16,0.3727);
#1585=CARTESIAN_POINT('',(-0.1863,0.1667,-1.8));
#1586=LINE('',#1585,#1584);
#1587=EDGE_CURVE('',#1554,#1556,#1586,.T.);
#1588=ORIENTED_EDGE('',*,*,#1587,.F.);
#1589=EDGE_LOOP('',(#1573,#1578,#1583,#1588));
#1590=FACE_OUTER_BOUND('',#1589,.T.);
#1591=CARTESIAN_POINT('',(-0.1863,0.1667,-1.8));
#1592=AXIS2_PLACEMENT_3D('',#1591,#58,#16);
#1593=PLANE('',#1592);
#1594=ADVANCED_FACE('',(#1590),#1593,.T.);
#1595=VECTOR('',#16,0.3727);
#1596=CARTESIAN_POINT('',(-0.1863,0.1667,0.3));
#1597=LINE('',#1596,#1595);
#1598=EDGE_CURVE('',#1562,#1564,#1597,.T.);
#1599=ORIENTED_EDGE('',*,*,#1598,.T.);
#1600=VECTOR('',#34,0.0833);
#1601=CARTESIAN_POINT('',(0.1863,0.1667,0.3));
#1602=LINE('',#1601,#1600);
#1603=EDGE_CURVE('',#1564,#1568,#1602,.T.);
#1604=ORIENTED_EDGE('',*,*,#1603,.T.);
#1605=VECTOR('',#16,0.3727);
#1606=CARTESIAN_POINT('',(-0.1863,0.25,0.3));
#1607=LINE('',#1606,#1605);
#1608=EDGE_CURVE('',#1566,#1568,#1607,.T.);
#1609=ORIENTED_EDGE('',*,*,#1608,.F.);
#1610=VECTOR('',#34,0.0833);
#1611=CARTESIAN_POINT('',(-0.1863,0.1667,0.3));
#1612=LINE('',#1611,#1610);
#1613=EDGE_CURVE('',#1562,#1566,#1612,.T.);
#1614=ORIENTED_EDGE('',*,*,#1613,.F.);
#1615=EDGE_LOOP('',(#1599,#1604,#1609,#1614));
#1616=FACE_OUTER_BOUND('',#1615,.T.);
#1617=CARTESIAN_POINT('',(-0.1863,0.1667,0.3));
#1618=AXIS2_PLACEMENT_3D('',#1617,#15,#16);
#1619=PLANE('',#1618);
#1620=ADVANCED_FACE('',(#1616),#1619,.T.);
#1621=ORIENTED_EDGE('',*,*,#1587,.T.);
#1622=VECTOR('',#15,2.1);
#1623=CARTESIAN_POINT('',(0.1863,0.1667,-1.8));
#1624=LINE('',#1623,#1622);
#1625=EDGE_CURVE('',#1556,#1564,#1624,.T.);
#1626=ORIENTED_EDGE('',*,*,#1625,.T.);
#1627=ORIENTED_EDGE('',*,*,#1598,.F.);
#1628=VECTOR('',#15,2.1);
#1629=CARTESIAN_POINT('',(-0.1863,0.1667,-1.8));
#1630=LINE('',#1629,#1628);
#1631=EDGE_CURVE('',#1554,#1562,#1630,.T.);
#1632=ORIENTED_EDGE('',*,*,#1631,.F.);
#1633=EDGE_LOOP('',(#1621,#1626,#1627,#1632));
#1634=FACE_OUTER_BOUND('',#1633,.T.);
#1635=CARTESIAN_POINT('',(-0.1863,0.1667,-1.8));
#1636=AXIS2_PLACEMENT_3D('',#1635,#103,#16);
#1637=PLANE('',#1636);
#1638=ADVANCED_FACE('',(#1634),#1637,.T.);
#1639=VECTOR('',#15,2.1);
#1640=CARTESIAN_POINT('',(-0.1863,0.25,-1.8));
#1641=LINE('',#1640,#1639);
#1642=EDGE_CURVE('',#1558,#1566,#1641,.T.);
#1643=ORIENTED_EDGE('',*,*,#1642,.T.);
#1644=ORIENTED_EDGE('',*,*,#1608,.T.);
#1645=VECTOR('',#15,2.1);
#1646=CARTESIAN_POINT('',(0.1863,0.25,-1.8));
#1647=LINE('',#1646,#1645);
#1648=EDGE_CURVE('',#1560,#1568,#1647,.T.);
#1649=ORIENTED_EDGE('',*,*,#1648,.F.);
#1650=ORIENTED_EDGE('',*,*,#1577,.F.);
#1651=EDGE_LOOP('',(#1643,#1644,#1649,#1650));
#1652=FACE_OUTER_BOUND('',#1651,.T.);
#1653=CARTESIAN_POINT('',(-0.1863,0.25,-1.8));
#1654=AXIS2_PLACEMENT_3D('',#1653,#34,#16);
#1655=PLANE('',#1654);
#1656=ADVANCED_FACE('',(#1652),#1655,.T.);
#1657=ORIENTED_EDGE('',*,*,#1631,.T.);
#1658=ORIENTED_EDGE('',*,*,#1613,.T.);
#1659=ORIENTED_EDGE('',*,*,#1642,.F.);
#1660=ORIENTED_EDGE('',*,*,#1572,.F.);
#1661=EDGE_LOOP('',(#1657,#1658,#1659,#1660));
#1662=FACE_OUTER_BOUND('',#1661,.T.);
#1663=CARTESIAN_POINT('',(-0.1863,0.1667,-1.8));
#1664=AXIS2_PLACEMENT_3D('',#1663,#132,#34);
#1665=PLANE('',#1664);
#1666=ADVANCED_FACE('',(#1662),#1665,.T.);
#1667=ORIENTED_EDGE('',*,*,#1582,.T.);
#1668=ORIENTED_EDGE('',*,*,#1648,.T.);
#1669=ORIENTED_EDGE('',*,*,#1603,.F.);
#1670=ORIENTED_EDGE('',*,*,#1625,.F.);
#1671=EDGE_LOOP('',(#1667,#1668,#1669,#1670));
#1672=FACE_OUTER_BOUND('',#1671,.T.);
#1673=CARTESIAN_POINT('',(0.1863,0.1667,-1.8));
#1674=AXIS2_PLACEMENT_3D('',#1673,#16,#34);
#1675=PLANE('',#1674);
#1676=ADVANCED_FACE('',(#1672),#1675,.T.);
#1677=CLOSED_SHELL('',(#1594,#1620,#1638,#1656,#1666,#1676));
#1678=MANIFOLD_SOLID_BREP('Conductor_1_0',#1677);
#1679=COLOUR_RGB('',0.78,0.78,0.8);
#1680=FILL_AREA_STYLE_COLOUR('',#1679);
#1681=FILL_AREA_STYLE('',(#1680));
#1682=SURFACE_STYLE_FILL_AREA(#1681);
#1683=SURFACE_SIDE_STYLE('',(#1682));
#1684=SURFACE_STYLE_USAGE(.BOTH.,#1683);
#1685=PRESENTATION_STYLE_ASSIGNMENT((#1684));
#1686=STYLED_ITEM('color',(#1685),#1678);
#1687=CARTESIAN_POINT('',(-0.2357,0.0833,-1.8));
#1688=VERTEX_POINT('',#1687);
#1689=CARTESIAN_POINT('',(0.2357,0.0833,-1.8));
#1690=VERTEX_POINT('',#1689);
#1691=CARTESIAN_POINT('',(-0.2357,0.1667,-1.8));
#1692=VERTEX_POINT('',#1691);
#1693=CARTESIAN_POINT('',(0.2357,0.1667,-1.8));
#1694=VERTEX_POINT('',#1693);
#1695=CARTESIAN_POINT('',(-0.2357,0.0833,0.3));
#1696=VERTEX_POINT('',#1695);
#1697=CARTESIAN_POINT('',(0.2357,0.0833,0.3));
#1698=VERTEX_POINT('',#1697);
#1699=CARTESIAN_POINT('',(-0.2357,0.1667,0.3));
#1700=VERTEX_POINT('',#1699);
#1701=CARTESIAN_POINT('',(0.2357,0.1667,0.3));
#1702=VERTEX_POINT('',#1701);
#1703=VECTOR('',#34,0.0833);
#1704=CARTESIAN_POINT('',(-0.2357,0.0833,-1.8));
#1705=LINE('',#1704,#1703);
#1706=EDGE_CURVE('',#1688,#1692,#1705,.T.);
#1707=ORIENTED_EDGE('',*,*,#1706,.T.);
#1708=VECTOR('',#16,0.4714);
#1709=CARTESIAN_POINT('',(-0.2357,0.1667,-1.8));
#1710=LINE('',#1709,#1708);
#1711=EDGE_CURVE('',#1692,#1694,#1710,.T.);
#1712=ORIENTED_EDGE('',*,*,#1711,.T.);
#1713=VECTOR('',#34,0.0833);
#1714=CARTESIAN_POINT('',(0.2357,0.0833,-1.8));
#1715=LINE('',#1714,#1713);
#1716=EDGE_CURVE('',#1690,#1694,#1715,.T.);
#1717=ORIENTED_EDGE('',*,*,#1716,.F.);
#1718=VECTOR('',#16,0.4714);
#1719=CARTESIAN_POINT('',(-0.2357,0.0833,-1.8));
#1720=LINE('',#1719,#1718);
#1721=EDGE_CURVE('',#1688,#1690,#1720,.T.);
#1722=ORIENTED_EDGE('',*,*,#1721,.F.);
#1723=EDGE_LOOP('',(#1707,#1712,#1717,#1722));
#1724=FACE_OUTER_BOUND('',#1723,.T.);
#1725=CARTESIAN_POINT('',(-0.2357,0.0833,-1.8));
#1726=AXIS2_PLACEMENT_3D('',#1725,#58,#16);
#1727=PLANE('',#1726);
#1728=ADVANCED_FACE('',(#1724),#1727,.T.);
#1729=VECTOR('',#16,0.4714);
#1730=CARTESIAN_POINT('',(-0.2357,0.0833,0.3));
#1731=LINE('',#1730,#1729);
#1732=EDGE_CURVE('',#1696,#1698,#1731,.T.);
#1733=ORIENTED_EDGE('',*,*,#1732,.T.);
#1734=VECTOR('',#34,0.0833);
#1735=CARTESIAN_POINT('',(0.2357,0.0833,0.3));
#1736=LINE('',#1735,#1734);
#1737=EDGE_CURVE('',#1698,#1702,#1736,.T.);
#1738=ORIENTED_EDGE('',*,*,#1737,.T.);
#1739=VECTOR('',#16,0.4714);
#1740=CARTESIAN_POINT('',(-0.2357,0.1667,0.3));
#1741=LINE('',#1740,#1739);
#1742=EDGE_CURVE('',#1700,#1702,#1741,.T.);
#1743=ORIENTED_EDGE('',*,*,#1742,.F.);
#1744=VECTOR('',#34,0.0833);
#1745=CARTESIAN_POINT('',(-0.2357,0.0833,0.3));
#1746=LINE('',#1745,#1744);
#1747=EDGE_CURVE('',#1696,#1700,#1746,.T.);
#1748=ORIENTED_EDGE('',*,*,#1747,.F.);
#1749=EDGE_LOOP('',(#1733,#1738,#1743,#1748));
#1750=FACE_OUTER_BOUND('',#1749,.T.);
#1751=CARTESIAN_POINT('',(-0.2357,0.0833,0.3));
#1752=AXIS2_PLACEMENT_3D('',#1751,#15,#16);
#1753=PLANE('',#1752);
#1754=ADVANCED_FACE('',(#1750),#1753,.T.);
#1755=ORIENTED_EDGE('',*,*,#1721,.T.);
#1756=VECTOR('',#15,2.1);
#1757=CARTESIAN_POINT('',(0.2357,0.0833,-1.8));
#1758=LINE('',#1757,#1756);
#1759=EDGE_CURVE('',#1690,#1698,#1758,.T.);
#1760=ORIENTED_EDGE('',*,*,#1759,.T.);
#1761=ORIENTED_EDGE('',*,*,#1732,.F.);
#1762=VECTOR('',#15,2.1);
#1763=CARTESIAN_POINT('',(-0.2357,0.0833,-1.8));
#1764=LINE('',#1763,#1762);
#1765=EDGE_CURVE('',#1688,#1696,#1764,.T.);
#1766=ORIENTED_EDGE('',*,*,#1765,.F.);
#1767=EDGE_LOOP('',(#1755,#1760,#1761,#1766));
#1768=FACE_OUTER_BOUND('',#1767,.T.);
#1769=CARTESIAN_POINT('',(-0.2357,0.0833,-1.8));
#1770=AXIS2_PLACEMENT_3D('',#1769,#103,#16);
#1771=PLANE('',#1770);
#1772=ADVANCED_FACE('',(#1768),#1771,.T.);
#1773=VECTOR('',#15,2.1);
#1774=CARTESIAN_POINT('',(-0.2357,0.1667,-1.8));
#1775=LINE('',#1774,#1773);
#1776=EDGE_CURVE('',#1692,#1700,#1775,.T.);
#1777=ORIENTED_EDGE('',*,*,#1776,.T.);
#1778=ORIENTED_EDGE('',*,*,#1742,.T.);
#1779=VECTOR('',#15,2.1);
#1780=CARTESIAN_POINT('',(0.2357,0.1667,-1.8));
#1781=LINE('',#1780,#1779);
#1782=EDGE_CURVE('',#1694,#1702,#1781,.T.);
#1783=ORIENTED_EDGE('',*,*,#1782,.F.);
#1784=ORIENTED_EDGE('',*,*,#1711,.F.);
#1785=EDGE_LOOP('',(#1777,#1778,#1783,#1784));
#1786=FACE_OUTER_BOUND('',#1785,.T.);
#1787=CARTESIAN_POINT('',(-0.2357,0.1667,-1.8));
#1788=AXIS2_PLACEMENT_3D('',#1787,#34,#16);
#1789=PLANE('',#1788);
#1790=ADVANCED_FACE('',(#1786),#1789,.T.);
#1791=ORIENTED_EDGE('',*,*,#1765,.T.);
#1792=ORIENTED_EDGE('',*,*,#1747,.T.);
#1793=ORIENTED_EDGE('',*,*,#1776,.F.);
#1794=ORIENTED_EDGE('',*,*,#1706,.F.);
#1795=EDGE_LOOP('',(#1791,#1792,#1793,#1794));
#1796=FACE_OUTER_BOUND('',#1795,.T.);
#1797=CARTESIAN_POINT('',(-0.2357,0.0833,-1.8));
#1798=AXIS2_PLACEMENT_3D('',#1797,#132,#34);
#1799=PLANE('',#1798);
#1800=ADVANCED_FACE('',(#1796),#1799,.T.);
#1801=ORIENTED_EDGE('',*,*,#1716,.T.);
#1802=ORIENTED_EDGE('',*,*,#1782,.T.);
#1803=ORIENTED_EDGE('',*,*,#1737,.F.);
#1804=ORIENTED_EDGE('',*,*,#1759,.F.);
#1805=EDGE_LOOP('',(#1801,#1802,#1803,#1804));
#1806=FACE_OUTER_BOUND('',#1805,.T.);
#1807=CARTESIAN_POINT('',(0.2357,0.0833,-1.8));
#1808=AXIS2_PLACEMENT_3D('',#1807,#16,#34);
#1809=PLANE('',#1808);
#1810=ADVANCED_FACE('',(#1806),#1809,.T.);
#1811=CLOSED_SHELL('',(#1728,#1754,#1772,#1790,#1800,#1810));
#1812=MANIFOLD_SOLID_BREP('Conductor_1_1',#1811);
#1813=STYLED_ITEM('color',(#1685),#1812);
#1814=CARTESIAN_POINT('',(-0.25,-0.,-1.8));
#1815=VERTEX_POINT('',#1814);
#1816=CARTESIAN_POINT('',(0.25,-0.,-1.8));
#1817=VERTEX_POINT('',#1816);
#1818=CARTESIAN_POINT('',(-0.25,0.0833,-1.8));
#1819=VERTEX_POINT('',#1818);
#1820=CARTESIAN_POINT('',(0.25,0.0833,-1.8));
#1821=VERTEX_POINT('',#1820);
#1822=CARTESIAN_POINT('',(-0.25,-0.,0.3));
#1823=VERTEX_POINT('',#1822);
#1824=CARTESIAN_POINT('',(0.25,-0.,0.3));
#1825=VERTEX_POINT('',#1824);
#1826=CARTESIAN_POINT('',(-0.25,0.0833,0.3));
#1827=VERTEX_POINT('',#1826);
#1828=CARTESIAN_POINT('',(0.25,0.0833,0.3));
#1829=VERTEX_POINT('',#1828);
#1830=VECTOR('',#34,0.0833);
#1831=CARTESIAN_POINT('',(-0.25,-0.,-1.8));
#1832=LINE('',#1831,#1830);
#1833=EDGE_CURVE('',#1815,#1819,#1832,.T.);
#1834=ORIENTED_EDGE('',*,*,#1833,.T.);
#1835=VECTOR('',#16,0.5);
#1836=CARTESIAN_POINT('',(-0.25,0.0833,-1.8));
#1837=LINE('',#1836,#1835);
#1838=EDGE_CURVE('',#1819,#1821,#1837,.T.);
#1839=ORIENTED_EDGE('',*,*,#1838,.T.);
#1840=VECTOR('',#34,0.0833);
#1841=CARTESIAN_POINT('',(0.25,-0.,-1.8));
#1842=LINE('',#1841,#1840);
#1843=EDGE_CURVE('',#1817,#1821,#1842,.T.);
#1844=ORIENTED_EDGE('',*,*,#1843,.F.);
#1845=VECTOR('',#16,0.5);
#1846=CARTESIAN_POINT('',(-0.25,-0.,-1.8));
#1847=LINE('',#1846,#1845);
#1848=EDGE_CURVE('',#1815,#1817,#1847,.T.);
#1849=ORIENTED_EDGE('',*,*,#1848,.F.);
#1850=EDGE_LOOP('',(#1834,#1839,#1844,#1849));
#1851=FACE_OUTER_BOUND('',#1850,.T.);
#1852=CARTESIAN_POINT('',(-0.25,-0.,-1.8));
#1853=AXIS2_PLACEMENT_3D('',#1852,#58,#16);
#1854=PLANE('',#1853);
#1855=ADVANCED_FACE('',(#1851),#1854,.T.);
#1856=VECTOR('',#16,0.5);
#1857=CARTESIAN_POINT('',(-0.25,-0.,0.3));
#1858=LINE('',#1857,#1856);
#1859=EDGE_CURVE('',#1823,#1825,#1858,.T.);
#1860=ORIENTED_EDGE('',*,*,#1859,.T.);
#1861=VECTOR('',#34,0.0833);
#1862=CARTESIAN_POINT('',(0.25,-0.,0.3));
#1863=LINE('',#1862,#1861);
#1864=EDGE_CURVE('',#1825,#1829,#1863,.T.);
#1865=ORIENTED_EDGE('',*,*,#1864,.T.);
#1866=VECTOR('',#16,0.5);
#1867=CARTESIAN_POINT('',(-0.25,0.0833,0.3));
#1868=LINE('',#1867,#1866);
#1869=EDGE_CURVE('',#1827,#1829,#1868,.T.);
#1870=ORIENTED_EDGE('',*,*,#1869,.F.);
#1871=VECTOR('',#34,0.0833);
#1872=CARTESIAN_POINT('',(-0.25,-0.,0.3));
#1873=LINE('',#1872,#1871);
#1874=EDGE_CURVE('',#1823,#1827,#1873,.T.);
#1875=ORIENTED_EDGE('',*,*,#1874,.F.);
#1876=EDGE_LOOP('',(#1860,#1865,#1870,#1875));
#1877=FACE_OUTER_BOUND('',#1876,.T.);
#1878=CARTESIAN_POINT('',(-0.25,-0.,0.3));
#1879=AXIS2_PLACEMENT_3D('',#1878,#15,#16);
#1880=PLANE('',#1879);
#1881=ADVANCED_FACE('',(#1877),#1880,.T.);
#1882=ORIENTED_EDGE('',*,*,#1848,.T.);
#1883=VECTOR('',#15,2.1);
#1884=CARTESIAN_POINT('',(0.25,-0.,-1.8));
#1885=LINE('',#1884,#1883);
#1886=EDGE_CURVE('',#1817,#1825,#1885,.T.);
#1887=ORIENTED_EDGE('',*,*,#1886,.T.);
#1888=ORIENTED_EDGE('',*,*,#1859,.F.);
#1889=VECTOR('',#15,2.1);
#1890=CARTESIAN_POINT('',(-0.25,-0.,-1.8));
#1891=LINE('',#1890,#1889);
#1892=EDGE_CURVE('',#1815,#1823,#1891,.T.);
#1893=ORIENTED_EDGE('',*,*,#1892,.F.);
#1894=EDGE_LOOP('',(#1882,#1887,#1888,#1893));
#1895=FACE_OUTER_BOUND('',#1894,.T.);
#1896=CARTESIAN_POINT('',(-0.25,-0.,-1.8));
#1897=AXIS2_PLACEMENT_3D('',#1896,#103,#16);
#1898=PLANE('',#1897);
#1899=ADVANCED_FACE('',(#1895),#1898,.T.);
#1900=VECTOR('',#15,2.1);
#1901=CARTESIAN_POINT('',(-0.25,0.0833,-1.8));
#1902=LINE('',#1901,#1900);
#1903=EDGE_CURVE('',#1819,#1827,#1902,.T.);
#1904=ORIENTED_EDGE('',*,*,#1903,.T.);
#1905=ORIENTED_EDGE('',*,*,#1869,.T.);
#1906=VECTOR('',#15,2.1);
#1907=CARTESIAN_POINT('',(0.25,0.0833,-1.8));
#1908=LINE('',#1907,#1906);
#1909=EDGE_CURVE('',#1821,#1829,#1908,.T.);
#1910=ORIENTED_EDGE('',*,*,#1909,.F.);
#1911=ORIENTED_EDGE('',*,*,#1838,.F.);
#1912=EDGE_LOOP('',(#1904,#1905,#1910,#1911));
#1913=FACE_OUTER_BOUND('',#1912,.T.);
#1914=CARTESIAN_POINT('',(-0.25,0.0833,-1.8));
#1915=AXIS2_PLACEMENT_3D('',#1914,#34,#16);
#1916=PLANE('',#1915);
#1917=ADVANCED_FACE('',(#1913),#1916,.T.);
#1918=ORIENTED_EDGE('',*,*,#1892,.T.);
#1919=ORIENTED_EDGE('',*,*,#1874,.T.);
#1920=ORIENTED_EDGE('',*,*,#1903,.F.);
#1921=ORIENTED_EDGE('',*,*,#1833,.F.);
#1922=EDGE_LOOP('',(#1918,#1919,#1920,#1921));
#1923=FACE_OUTER_BOUND('',#1922,.T.);
#1924=CARTESIAN_POINT('',(-0.25,-0.,-1.8));
#1925=AXIS2_PLACEMENT_3D('',#1924,#132,#34);
#1926=PLANE('',#1925);
#1927=ADVANCED_FACE('',(#1923),#1926,.T.);
#1928=ORIENTED_EDGE('',*,*,#1843,.T.);
#1929=ORIENTED_EDGE('',*,*,#1909,.T.);
#1930=ORIENTED_EDGE('',*,*,#1864,.F.);
#1931=ORIENTED_EDGE('',*,*,#1886,.F.);
#1932=EDGE_LOOP('',(#1928,#1929,#1930,#1931));
#1933=FACE_OUTER_BOUND('',#1932,.T.);
#1934=CARTESIAN_POINT('',(0.25,-0.,-1.8));
#1935=AXIS2_PLACEMENT_3D('',#1934,#16,#34);
#1936=PLANE('',#1935);
#1937=ADVANCED_FACE('',(#1933),#1936,.T.);
#1938=CLOSED_SHELL('',(#1855,#1881,#1899,#1917,#1927,#1937));
#1939=MANIFOLD_SOLID_BREP('Conductor_1_2',#1938);
#1940=STYLED_ITEM('color',(#1685),#1939);
#1941=CARTESIAN_POINT('',(-0.25,-0.0833,-1.8));
#1942=VERTEX_POINT('',#1941);
#1943=CARTESIAN_POINT('',(0.25,-0.0833,-1.8));
#1944=VERTEX_POINT('',#1943);
#1945=CARTESIAN_POINT('',(-0.25,-0.,-1.8));
#1946=VERTEX_POINT('',#1945);
#1947=CARTESIAN_POINT('',(0.25,-0.,-1.8));
#1948=VERTEX_POINT('',#1947);
#1949=CARTESIAN_POINT('',(-0.25,-0.0833,0.3));
#1950=VERTEX_POINT('',#1949);
#1951=CARTESIAN_POINT('',(0.25,-0.0833,0.3));
#1952=VERTEX_POINT('',#1951);
#1953=CARTESIAN_POINT('',(-0.25,-0.,0.3));
#1954=VERTEX_POINT('',#1953);
#1955=CARTESIAN_POINT('',(0.25,-0.,0.3));
#1956=VERTEX_POINT('',#1955);
#1957=VECTOR('',#34,0.0833);
#1958=CARTESIAN_POINT('',(-0.25,-0.0833,-1.8));
#1959=LINE('',#1958,#1957);
#1960=EDGE_CURVE('',#1942,#1946,#1959,.T.);
#1961=ORIENTED_EDGE('',*,*,#1960,.T.);
#1962=VECTOR('',#16,0.5);
#1963=CARTESIAN_POINT('',(-0.25,-0.,-1.8));
#1964=LINE('',#1963,#1962);
#1965=EDGE_CURVE('',#1946,#1948,#1964,.T.);
#1966=ORIENTED_EDGE('',*,*,#1965,.T.);
#1967=VECTOR('',#34,0.0833);
#1968=CARTESIAN_POINT('',(0.25,-0.0833,-1.8));
#1969=LINE('',#1968,#1967);
#1970=EDGE_CURVE('',#1944,#1948,#1969,.T.);
#1971=ORIENTED_EDGE('',*,*,#1970,.F.);
#1972=VECTOR('',#16,0.5);
#1973=CARTESIAN_POINT('',(-0.25,-0.0833,-1.8));
#1974=LINE('',#1973,#1972);
#1975=EDGE_CURVE('',#1942,#1944,#1974,.T.);
#1976=ORIENTED_EDGE('',*,*,#1975,.F.);
#1977=EDGE_LOOP('',(#1961,#1966,#1971,#1976));
#1978=FACE_OUTER_BOUND('',#1977,.T.);
#1979=CARTESIAN_POINT('',(-0.25,-0.0833,-1.8));
#1980=AXIS2_PLACEMENT_3D('',#1979,#58,#16);
#1981=PLANE('',#1980);
#1982=ADVANCED_FACE('',(#1978),#1981,.T.);
#1983=VECTOR('',#16,0.5);
#1984=CARTESIAN_POINT('',(-0.25,-0.0833,0.3));
#1985=LINE('',#1984,#1983);
#1986=EDGE_CURVE('',#1950,#1952,#1985,.T.);
#1987=ORIENTED_EDGE('',*,*,#1986,.T.);
#1988=VECTOR('',#34,0.0833);
#1989=CARTESIAN_POINT('',(0.25,-0.0833,0.3));
#1990=LINE('',#1989,#1988);
#1991=EDGE_CURVE('',#1952,#1956,#1990,.T.);
#1992=ORIENTED_EDGE('',*,*,#1991,.T.);
#1993=VECTOR('',#16,0.5);
#1994=CARTESIAN_POINT('',(-0.25,-0.,0.3));
#1995=LINE('',#1994,#1993);
#1996=EDGE_CURVE('',#1954,#1956,#1995,.T.);
#1997=ORIENTED_EDGE('',*,*,#1996,.F.);
#1998=VECTOR('',#34,0.0833);
#1999=CARTESIAN_POINT('',(-0.25,-0.0833,0.3));
#2000=LINE('',#1999,#1998);
#2001=EDGE_CURVE('',#1950,#1954,#2000,.T.);
#2002=ORIENTED_EDGE('',*,*,#2001,.F.);
#2003=EDGE_LOOP('',(#1987,#1992,#1997,#2002));
#2004=FACE_OUTER_BOUND('',#2003,.T.);
#2005=CARTESIAN_POINT('',(-0.25,-0.0833,0.3));
#2006=AXIS2_PLACEMENT_3D('',#2005,#15,#16);
#2007=PLANE('',#2006);
#2008=ADVANCED_FACE('',(#2004),#2007,.T.);
#2009=ORIENTED_EDGE('',*,*,#1975,.T.);
#2010=VECTOR('',#15,2.1);
#2011=CARTESIAN_POINT('',(0.25,-0.0833,-1.8));
#2012=LINE('',#2011,#2010);
#2013=EDGE_CURVE('',#1944,#1952,#2012,.T.);
#2014=ORIENTED_EDGE('',*,*,#2013,.T.);
#2015=ORIENTED_EDGE('',*,*,#1986,.F.);
#2016=VECTOR('',#15,2.1);
#2017=CARTESIAN_POINT('',(-0.25,-0.0833,-1.8));
#2018=LINE('',#2017,#2016);
#2019=EDGE_CURVE('',#1942,#1950,#2018,.T.);
#2020=ORIENTED_EDGE('',*,*,#2019,.F.);
#2021=EDGE_LOOP('',(#2009,#2014,#2015,#2020));
#2022=FACE_OUTER_BOUND('',#2021,.T.);
#2023=CARTESIAN_POINT('',(-0.25,-0.0833,-1.8));
#2024=AXIS2_PLACEMENT_3D('',#2023,#103,#16);
#2025=PLANE('',#2024);
#2026=ADVANCED_FACE('',(#2022),#2025,.T.);
#2027=VECTOR('',#15,2.1);
#2028=CARTESIAN_POINT('',(-0.25,-0.,-1.8));
#2029=LINE('',#2028,#2027);
#2030=EDGE_CURVE('',#1946,#1954,#2029,.T.);
#2031=ORIENTED_EDGE('',*,*,#2030,.T.);
#2032=ORIENTED_EDGE('',*,*,#1996,.T.);
#2033=VECTOR('',#15,2.1);
#2034=CARTESIAN_POINT('',(0.25,-0.,-1.8));
#2035=LINE('',#2034,#2033);
#2036=EDGE_CURVE('',#1948,#1956,#2035,.T.);
#2037=ORIENTED_EDGE('',*,*,#2036,.F.);
#2038=ORIENTED_EDGE('',*,*,#1965,.F.);
#2039=EDGE_LOOP('',(#2031,#2032,#2037,#2038));
#2040=FACE_OUTER_BOUND('',#2039,.T.);
#2041=CARTESIAN_POINT('',(-0.25,-0.,-1.8));
#2042=AXIS2_PLACEMENT_3D('',#2041,#34,#16);
#2043=PLANE('',#2042);
#2044=ADVANCED_FACE('',(#2040),#2043,.T.);
#2045=ORIENTED_EDGE('',*,*,#2019,.T.);
#2046=ORIENTED_EDGE('',*,*,#2001,.T.);
#2047=ORIENTED_EDGE('',*,*,#2030,.F.);
#2048=ORIENTED_EDGE('',*,*,#1960,.F.);
#2049=EDGE_LOOP('',(#2045,#2046,#2047,#2048));
#2050=FACE_OUTER_BOUND('',#2049,.T.);
#2051=CARTESIAN_POINT('',(-0.25,-0.0833,-1.8));
#2052=AXIS2_PLACEMENT_3D('',#2051,#132,#34);
#2053=PLANE('',#2052);
#2054=ADVANCED_FACE('',(#2050),#2053,.T.);
#2055=ORIENTED_EDGE('',*,*,#1970,.T.);
#2056=ORIENTED_EDGE('',*,*,#2036,.T.);
#2057=ORIENTED_EDGE('',*,*,#1991,.F.);
#2058=ORIENTED_EDGE('',*,*,#2013,.F.);
#2059=EDGE_LOOP('',(#2055,#2056,#2057,#2058));
#2060=FACE_OUTER_BOUND('',#2059,.T.);
#2061=CARTESIAN_POINT('',(0.25,-0.0833,-1.8));
#2062=AXIS2_PLACEMENT_3D('',#2061,#16,#34);
#2063=PLANE('',#2062);
#2064=ADVANCED_FACE('',(#2060),#2063,.T.);
#2065=CLOSED_SHELL('',(#1982,#2008,#2026,#2044,#2054,#2064));
#2066=MANIFOLD_SOLID_BREP('Conductor_1_3',#2065);
#2067=STYLED_ITEM('color',(#1685),#2066);
#2068=CARTESIAN_POINT('',(-0.2357,-0.1667,-1.8));
#2069=VERTEX_POINT('',#2068);
#2070=CARTESIAN_POINT('',(0.2357,-0.1667,-1.8));
#2071=VERTEX_POINT('',#2070);
#2072=CARTESIAN_POINT('',(-0.2357,-0.0833,-1.8));
#2073=VERTEX_POINT('',#2072);
#2074=CARTESIAN_POINT('',(0.2357,-0.0833,-1.8));
#2075=VERTEX_POINT('',#2074);
#2076=CARTESIAN_POINT('',(-0.2357,-0.1667,0.3));
#2077=VERTEX_POINT('',#2076);
#2078=CARTESIAN_POINT('',(0.2357,-0.1667,0.3));
#2079=VERTEX_POINT('',#2078);
#2080=CARTESIAN_POINT('',(-0.2357,-0.0833,0.3));
#2081=VERTEX_POINT('',#2080);
#2082=CARTESIAN_POINT('',(0.2357,-0.0833,0.3));
#2083=VERTEX_POINT('',#2082);
#2084=VECTOR('',#34,0.0833);
#2085=CARTESIAN_POINT('',(-0.2357,-0.1667,-1.8));
#2086=LINE('',#2085,#2084);
#2087=EDGE_CURVE('',#2069,#2073,#2086,.T.);
#2088=ORIENTED_EDGE('',*,*,#2087,.T.);
#2089=VECTOR('',#16,0.4714);
#2090=CARTESIAN_POINT('',(-0.2357,-0.0833,-1.8));
#2091=LINE('',#2090,#2089);
#2092=EDGE_CURVE('',#2073,#2075,#2091,.T.);
#2093=ORIENTED_EDGE('',*,*,#2092,.T.);
#2094=VECTOR('',#34,0.0833);
#2095=CARTESIAN_POINT('',(0.2357,-0.1667,-1.8));
#2096=LINE('',#2095,#2094);
#2097=EDGE_CURVE('',#2071,#2075,#2096,.T.);
#2098=ORIENTED_EDGE('',*,*,#2097,.F.);
#2099=VECTOR('',#16,0.4714);
#2100=CARTESIAN_POINT('',(-0.2357,-0.1667,-1.8));
#2101=LINE('',#2100,#2099);
#2102=EDGE_CURVE('',#2069,#2071,#2101,.T.);
#2103=ORIENTED_EDGE('',*,*,#2102,.F.);
#2104=EDGE_LOOP('',(#2088,#2093,#2098,#2103));
#2105=FACE_OUTER_BOUND('',#2104,.T.);
#2106=CARTESIAN_POINT('',(-0.2357,-0.1667,-1.8));
#2107=AXIS2_PLACEMENT_3D('',#2106,#58,#16);
#2108=PLANE('',#2107);
#2109=ADVANCED_FACE('',(#2105),#2108,.T.);
#2110=VECTOR('',#16,0.4714);
#2111=CARTESIAN_POINT('',(-0.2357,-0.1667,0.3));
#2112=LINE('',#2111,#2110);
#2113=EDGE_CURVE('',#2077,#2079,#2112,.T.);
#2114=ORIENTED_EDGE('',*,*,#2113,.T.);
#2115=VECTOR('',#34,0.0833);
#2116=CARTESIAN_POINT('',(0.2357,-0.1667,0.3));
#2117=LINE('',#2116,#2115);
#2118=EDGE_CURVE('',#2079,#2083,#2117,.T.);
#2119=ORIENTED_EDGE('',*,*,#2118,.T.);
#2120=VECTOR('',#16,0.4714);
#2121=CARTESIAN_POINT('',(-0.2357,-0.0833,0.3));
#2122=LINE('',#2121,#2120);
#2123=EDGE_CURVE('',#2081,#2083,#2122,.T.);
#2124=ORIENTED_EDGE('',*,*,#2123,.F.);
#2125=VECTOR('',#34,0.0833);
#2126=CARTESIAN_POINT('',(-0.2357,-0.1667,0.3));
#2127=LINE('',#2126,#2125);
#2128=EDGE_CURVE('',#2077,#2081,#2127,.T.);
#2129=ORIENTED_EDGE('',*,*,#2128,.F.);
#2130=EDGE_LOOP('',(#2114,#2119,#2124,#2129));
#2131=FACE_OUTER_BOUND('',#2130,.T.);
#2132=CARTESIAN_POINT('',(-0.2357,-0.1667,0.3));
#2133=AXIS2_PLACEMENT_3D('',#2132,#15,#16);
#2134=PLANE('',#2133);
#2135=ADVANCED_FACE('',(#2131),#2134,.T.);
#2136=ORIENTED_EDGE('',*,*,#2102,.T.);
#2137=VECTOR('',#15,2.1);
#2138=CARTESIAN_POINT('',(0.2357,-0.1667,-1.8));
#2139=LINE('',#2138,#2137);
#2140=EDGE_CURVE('',#2071,#2079,#2139,.T.);
#2141=ORIENTED_EDGE('',*,*,#2140,.T.);
#2142=ORIENTED_EDGE('',*,*,#2113,.F.);
#2143=VECTOR('',#15,2.1);
#2144=CARTESIAN_POINT('',(-0.2357,-0.1667,-1.8));
#2145=LINE('',#2144,#2143);
#2146=EDGE_CURVE('',#2069,#2077,#2145,.T.);
#2147=ORIENTED_EDGE('',*,*,#2146,.F.);
#2148=EDGE_LOOP('',(#2136,#2141,#2142,#2147));
#2149=FACE_OUTER_BOUND('',#2148,.T.);
#2150=CARTESIAN_POINT('',(-0.2357,-0.1667,-1.8));
#2151=AXIS2_PLACEMENT_3D('',#2150,#103,#16);
#2152=PLANE('',#2151);
#2153=ADVANCED_FACE('',(#2149),#2152,.T.);
#2154=VECTOR('',#15,2.1);
#2155=CARTESIAN_POINT('',(-0.2357,-0.0833,-1.8));
#2156=LINE('',#2155,#2154);
#2157=EDGE_CURVE('',#2073,#2081,#2156,.T.);
#2158=ORIENTED_EDGE('',*,*,#2157,.T.);
#2159=ORIENTED_EDGE('',*,*,#2123,.T.);
#2160=VECTOR('',#15,2.1);
#2161=CARTESIAN_POINT('',(0.2357,-0.0833,-1.8));
#2162=LINE('',#2161,#2160);
#2163=EDGE_CURVE('',#2075,#2083,#2162,.T.);
#2164=ORIENTED_EDGE('',*,*,#2163,.F.);
#2165=ORIENTED_EDGE('',*,*,#2092,.F.);
#2166=EDGE_LOOP('',(#2158,#2159,#2164,#2165));
#2167=FACE_OUTER_BOUND('',#2166,.T.);
#2168=CARTESIAN_POINT('',(-0.2357,-0.0833,-1.8));
#2169=AXIS2_PLACEMENT_3D('',#2168,#34,#16);
#2170=PLANE('',#2169);
#2171=ADVANCED_FACE('',(#2167),#2170,.T.);
#2172=ORIENTED_EDGE('',*,*,#2146,.T.);
#2173=ORIENTED_EDGE('',*,*,#2128,.T.);
#2174=ORIENTED_EDGE('',*,*,#2157,.F.);
#2175=ORIENTED_EDGE('',*,*,#2087,.F.);
#2176=EDGE_LOOP('',(#2172,#2173,#2174,#2175));
#2177=FACE_OUTER_BOUND('',#2176,.T.);
#2178=CARTESIAN_POINT('',(-0.2357,-0.1667,-1.8));
#2179=AXIS2_PLACEMENT_3D('',#2178,#132,#34);
#2180=PLANE('',#2179);
#2181=ADVANCED_FACE('',(#2177),#2180,.T.);
#2182=ORIENTED_EDGE('',*,*,#2097,.T.);
#2183=ORIENTED_EDGE('',*,*,#2163,.T.);
#2184=ORIENTED_EDGE('',*,*,#2118,.F.);
#2185=ORIENTED_EDGE('',*,*,#2140,.F.);
#2186=EDGE_LOOP('',(#2182,#2183,#2184,#2185));
#2187=FACE_OUTER_BOUND('',#2186,.T.);
#2188=CARTESIAN_POINT('',(0.2357,-0.1667,-1.8));
#2189=AXIS2_PLACEMENT_3D('',#2188,#16,#34);
#2190=PLANE('',#2189);
#2191=ADVANCED_FACE('',(#2187),#2190,.T.);
#2192=CLOSED_SHELL('',(#2109,#2135,#2153,#2171,#2181,#2191));
#2193=MANIFOLD_SOLID_BREP('Conductor_1_4',#2192);
#2194=STYLED_ITEM('color',(#1685),#2193);
#2195=CARTESIAN_POINT('',(-0.1863,-0.25,-1.8));
#2196=VERTEX_POINT('',#2195);
#2197=CARTESIAN_POINT('',(0.1863,-0.25,-1.8));
#2198=VERTEX_POINT('',#2197);
#2199=CARTESIAN_POINT('',(-0.1863,-0.1667,-1.8));
#2200=VERTEX_POINT('',#2199);
#2201=CARTESIAN_POINT('',(0.1863,-0.1667,-1.8));
#2202=VERTEX_POINT('',#2201);
#2203=CARTESIAN_POINT('',(-0.1863,-0.25,0.3));
#2204=VERTEX_POINT('',#2203);
#2205=CARTESIAN_POINT('',(0.1863,-0.25,0.3));
#2206=VERTEX_POINT('',#2205);
#2207=CARTESIAN_POINT('',(-0.1863,-0.1667,0.3));
#2208=VERTEX_POINT('',#2207);
#2209=CARTESIAN_POINT('',(0.1863,-0.1667,0.3));
#2210=VERTEX_POINT('',#2209);
#2211=VECTOR('',#34,0.0833);
#2212=CARTESIAN_POINT('',(-0.1863,-0.25,-1.8));
#2213=LINE('',#2212,#2211);
#2214=EDGE_CURVE('',#2196,#2200,#2213,.T.);
#2215=ORIENTED_EDGE('',*,*,#2214,.T.);
#2216=VECTOR('',#16,0.3727);
#2217=CARTESIAN_POINT('',(-0.1863,-0.1667,-1.8));
#2218=LINE('',#2217,#2216);
#2219=EDGE_CURVE('',#2200,#2202,#2218,.T.);
#2220=ORIENTED_EDGE('',*,*,#2219,.T.);
#2221=VECTOR('',#34,0.0833);
#2222=CARTESIAN_POINT('',(0.1863,-0.25,-1.8));
#2223=LINE('',#2222,#2221);
#2224=EDGE_CURVE('',#2198,#2202,#2223,.T.);
#2225=ORIENTED_EDGE('',*,*,#2224,.F.);
#2226=VECTOR('',#16,0.3727);
#2227=CARTESIAN_POINT('',(-0.1863,-0.25,-1.8));
#2228=LINE('',#2227,#2226);
#2229=EDGE_CURVE('',#2196,#2198,#2228,.T.);
#2230=ORIENTED_EDGE('',*,*,#2229,.F.);
#2231=EDGE_LOOP('',(#2215,#2220,#2225,#2230));
#2232=FACE_OUTER_BOUND('',#2231,.T.);
#2233=CARTESIAN_POINT('',(-0.1863,-0.25,-1.8));
#2234=AXIS2_PLACEMENT_3D('',#2233,#58,#16);
#2235=PLANE('',#2234);
#2236=ADVANCED_FACE('',(#2232),#2235,.T.);
#2237=VECTOR('',#16,0.3727);
#2238=CARTESIAN_POINT('',(-0.1863,-0.25,0.3));
#2239=LINE('',#2238,#2237);
#2240=EDGE_CURVE('',#2204,#2206,#2239,.T.);
#2241=ORIENTED_EDGE('',*,*,#2240,.T.);
#2242=VECTOR('',#34,0.0833);
#2243=CARTESIAN_POINT('',(0.1863,-0.25,0.3));
#2244=LINE('',#2243,#2242);
#2245=EDGE_CURVE('',#2206,#2210,#2244,.T.);
#2246=ORIENTED_EDGE('',*,*,#2245,.T.);
#2247=VECTOR('',#16,0.3727);
#2248=CARTESIAN_POINT('',(-0.1863,-0.1667,0.3));
#2249=LINE('',#2248,#2247);
#2250=EDGE_CURVE('',#2208,#2210,#2249,.T.);
#2251=ORIENTED_EDGE('',*,*,#2250,.F.);
#2252=VECTOR('',#34,0.0833);
#2253=CARTESIAN_POINT('',(-0.1863,-0.25,0.3));
#2254=LINE('',#2253,#2252);
#2255=EDGE_CURVE('',#2204,#2208,#2254,.T.);
#2256=ORIENTED_EDGE('',*,*,#2255,.F.);
#2257=EDGE_LOOP('',(#2241,#2246,#2251,#2256));
#2258=FACE_OUTER_BOUND('',#2257,.T.);
#2259=CARTESIAN_POINT('',(-0.1863,-0.25,0.3));
#2260=AXIS2_PLACEMENT_3D('',#2259,#15,#16);
#2261=PLANE('',#2260);
#2262=ADVANCED_FACE('',(#2258),#2261,.T.);
#2263=ORIENTED_EDGE('',*,*,#2229,.T.);
#2264=VECTOR('',#15,2.1);
#2265=CARTESIAN_POINT('',(0.1863,-0.25,-1.8));
#2266=LINE('',#2265,#2264);
#2267=EDGE_CURVE('',#2198,#2206,#2266,.T.);
#2268=ORIENTED_EDGE('',*,*,#2267,.T.);
#2269=ORIENTED_EDGE('',*,*,#2240,.F.);
#2270=VECTOR('',#15,2.1);
#2271=CARTESIAN_POINT('',(-0.1863,-0.25,-1.8));
#2272=LINE('',#2271,#2270);
#2273=EDGE_CURVE('',#2196,#2204,#2272,.T.);
#2274=ORIENTED_EDGE('',*,*,#2273,.F.);
#2275=EDGE_LOOP('',(#2263,#2268,#2269,#2274));
#2276=FACE_OUTER_BOUND('',#2275,.T.);
#2277=CARTESIAN_POINT('',(-0.1863,-0.25,-1.8));
#2278=AXIS2_PLACEMENT_3D('',#2277,#103,#16);
#2279=PLANE('',#2278);
#2280=ADVANCED_FACE('',(#2276),#2279,.T.);
#2281=VECTOR('',#15,2.1);
#2282=CARTESIAN_POINT('',(-0.1863,-0.1667,-1.8));
#2283=LINE('',#2282,#2281);
#2284=EDGE_CURVE('',#2200,#2208,#2283,.T.);
#2285=ORIENTED_EDGE('',*,*,#2284,.T.);
#2286=ORIENTED_EDGE('',*,*,#2250,.T.);
#2287=VECTOR('',#15,2.1);
#2288=CARTESIAN_POINT('',(0.1863,-0.1667,-1.8));
#2289=LINE('',#2288,#2287);
#2290=EDGE_CURVE('',#2202,#2210,#2289,.T.);
#2291=ORIENTED_EDGE('',*,*,#2290,.F.);
#2292=ORIENTED_EDGE('',*,*,#2219,.F.);
#2293=EDGE_LOOP('',(#2285,#2286,#2291,#2292));
#2294=FACE_OUTER_BOUND('',#2293,.T.);
#2295=CARTESIAN_POINT('',(-0.1863,-0.1667,-1.8));
#2296=AXIS2_PLACEMENT_3D('',#2295,#34,#16);
#2297=PLANE('',#2296);
#2298=ADVANCED_FACE('',(#2294),#2297,.T.);
#2299=ORIENTED_EDGE('',*,*,#2273,.T.);
#2300=ORIENTED_EDGE('',*,*,#2255,.T.);
#2301=ORIENTED_EDGE('',*,*,#2284,.F.);
#2302=ORIENTED_EDGE('',*,*,#2214,.F.);
#2303=EDGE_LOOP('',(#2299,#2300,#2301,#2302));
#2304=FACE_OUTER_BOUND('',#2303,.T.);
#2305=CARTESIAN_POINT('',(-0.1863,-0.25,-1.8));
#2306=AXIS2_PLACEMENT_3D('',#2305,#132,#34);
#2307=PLANE('',#2306);
#2308=ADVANCED_FACE('',(#2304),#2307,.T.);
#2309=ORIENTED_EDGE('',*,*,#2224,.T.);
#2310=ORIENTED_EDGE('',*,*,#2290,.T.);
#2311=ORIENTED_EDGE('',*,*,#2245,.F.);
#2312=ORIENTED_EDGE('',*,*,#2267,.F.);
#2313=EDGE_LOOP('',(#2309,#2310,#2311,#2312));
#2314=FACE_OUTER_BOUND('',#2313,.T.);
#2315=CARTESIAN_POINT('',(0.1863,-0.25,-1.8));
#2316=AXIS2_PLACEMENT_3D('',#2315,#16,#34);
#2317=PLANE('',#2316);
#2318=ADVANCED_FACE('',(#2314),#2317,.T.);
#2319=CLOSED_SHELL('',(#2236,#2262,#2280,#2298,#2308,#2318));
#2320=MANIFOLD_SOLID_BREP('Conductor_1_5',#2319);
#2321=STYLED_ITEM('color',(#1685),#2320);
#2322=CARTESIAN_POINT('',(3.7301,0.7083,0.3));
#2323=VERTEX_POINT('',#2322);
#2324=CARTESIAN_POINT('',(4.6699,0.7083,0.3));
#2325=VERTEX_POINT('',#2324);
#2326=CARTESIAN_POINT('',(3.7301,0.85,0.3));
#2327=VERTEX_POINT('',#2326);
#2328=CARTESIAN_POINT('',(4.6699,0.85,0.3));
#2329=VERTEX_POINT('',#2328);
#2330=CARTESIAN_POINT('',(3.7301,0.7083,10.));
#2331=VERTEX_POINT('',#2330);
#2332=CARTESIAN_POINT('',(4.6699,0.7083,10.));
#2333=VERTEX_POINT('',#2332);
#2334=CARTESIAN_POINT('',(3.7301,0.85,10.));
#2335=VERTEX_POINT('',#2334);
#2336=CARTESIAN_POINT('',(4.6699,0.85,10.));
#2337=VERTEX_POINT('',#2336);
#2338=VECTOR('',#34,0.1417);
#2339=CARTESIAN_POINT('',(3.7301,0.7083,0.3));
#2340=LINE('',#2339,#2338);
#2341=EDGE_CURVE('',#2323,#2327,#2340,.T.);
#2342=ORIENTED_EDGE('',*,*,#2341,.T.);
#2343=VECTOR('',#16,0.9397);
#2344=CARTESIAN_POINT('',(3.7301,0.85,0.3));
#2345=LINE('',#2344,#2343);
#2346=EDGE_CURVE('',#2327,#2329,#2345,.T.);
#2347=ORIENTED_EDGE('',*,*,#2346,.T.);
#2348=VECTOR('',#34,0.1417);
#2349=CARTESIAN_POINT('',(4.6699,0.7083,0.3));
#2350=LINE('',#2349,#2348);
#2351=EDGE_CURVE('',#2325,#2329,#2350,.T.);
#2352=ORIENTED_EDGE('',*,*,#2351,.F.);
#2353=VECTOR('',#16,0.9397);
#2354=CARTESIAN_POINT('',(3.7301,0.7083,0.3));
#2355=LINE('',#2354,#2353);
#2356=EDGE_CURVE('',#2323,#2325,#2355,.T.);
#2357=ORIENTED_EDGE('',*,*,#2356,.F.);
#2358=EDGE_LOOP('',(#2342,#2347,#2352,#2357));
#2359=FACE_OUTER_BOUND('',#2358,.T.);
#2360=CARTESIAN_POINT('',(3.7301,0.7083,0.3));
#2361=AXIS2_PLACEMENT_3D('',#2360,#58,#16);
#2362=PLANE('',#2361);
#2363=ADVANCED_FACE('',(#2359),#2362,.T.);
#2364=VECTOR('',#16,0.9397);
#2365=CARTESIAN_POINT('',(3.7301,0.7083,10.));
#2366=LINE('',#2365,#2364);
#2367=EDGE_CURVE('',#2331,#2333,#2366,.T.);
#2368=ORIENTED_EDGE('',*,*,#2367,.T.);
#2369=VECTOR('',#34,0.1417);
#2370=CARTESIAN_POINT('',(4.6699,0.7083,10.));
#2371=LINE('',#2370,#2369);
#2372=EDGE_CURVE('',#2333,#2337,#2371,.T.);
#2373=ORIENTED_EDGE('',*,*,#2372,.T.);
#2374=VECTOR('',#16,0.9397);
#2375=CARTESIAN_POINT('',(3.7301,0.85,10.));
#2376=LINE('',#2375,#2374);
#2377=EDGE_CURVE('',#2335,#2337,#2376,.T.);
#2378=ORIENTED_EDGE('',*,*,#2377,.F.);
#2379=VECTOR('',#34,0.1417);
#2380=CARTESIAN_POINT('',(3.7301,0.7083,10.));
#2381=LINE('',#2380,#2379);
#2382=EDGE_CURVE('',#2331,#2335,#2381,.T.);
#2383=ORIENTED_EDGE('',*,*,#2382,.F.);
#2384=EDGE_LOOP('',(#2368,#2373,#2378,#2383));
#2385=FACE_OUTER_BOUND('',#2384,.T.);
#2386=CARTESIAN_POINT('',(3.7301,0.7083,10.));
#2387=AXIS2_PLACEMENT_3D('',#2386,#15,#16);
#2388=PLANE('',#2387);
#2389=ADVANCED_FACE('',(#2385),#2388,.T.);
#2390=ORIENTED_EDGE('',*,*,#2356,.T.);
#2391=VECTOR('',#15,9.7);
#2392=CARTESIAN_POINT('',(4.6699,0.7083,0.3));
#2393=LINE('',#2392,#2391);
#2394=EDGE_CURVE('',#2325,#2333,#2393,.T.);
#2395=ORIENTED_EDGE('',*,*,#2394,.T.);
#2396=ORIENTED_EDGE('',*,*,#2367,.F.);
#2397=VECTOR('',#15,9.7);
#2398=CARTESIAN_POINT('',(3.7301,0.7083,0.3));
#2399=LINE('',#2398,#2397);
#2400=EDGE_CURVE('',#2323,#2331,#2399,.T.);
#2401=ORIENTED_EDGE('',*,*,#2400,.F.);
#2402=EDGE_LOOP('',(#2390,#2395,#2396,#2401));
#2403=FACE_OUTER_BOUND('',#2402,.T.);
#2404=CARTESIAN_POINT('',(3.7301,0.7083,0.3));
#2405=AXIS2_PLACEMENT_3D('',#2404,#103,#16);
#2406=PLANE('',#2405);
#2407=ADVANCED_FACE('',(#2403),#2406,.T.);
#2408=VECTOR('',#15,9.7);
#2409=CARTESIAN_POINT('',(3.7301,0.85,0.3));
#2410=LINE('',#2409,#2408);
#2411=EDGE_CURVE('',#2327,#2335,#2410,.T.);
#2412=ORIENTED_EDGE('',*,*,#2411,.T.);
#2413=ORIENTED_EDGE('',*,*,#2377,.T.);
#2414=VECTOR('',#15,9.7);
#2415=CARTESIAN_POINT('',(4.6699,0.85,0.3));
#2416=LINE('',#2415,#2414);
#2417=EDGE_CURVE('',#2329,#2337,#2416,.T.);
#2418=ORIENTED_EDGE('',*,*,#2417,.F.);
#2419=ORIENTED_EDGE('',*,*,#2346,.F.);
#2420=EDGE_LOOP('',(#2412,#2413,#2418,#2419));
#2421=FACE_OUTER_BOUND('',#2420,.T.);
#2422=CARTESIAN_POINT('',(3.7301,0.85,0.3));
#2423=AXIS2_PLACEMENT_3D('',#2422,#34,#16);
#2424=PLANE('',#2423);
#2425=ADVANCED_FACE('',(#2421),#2424,.T.);
#2426=ORIENTED_EDGE('',*,*,#2400,.T.);
#2427=ORIENTED_EDGE('',*,*,#2382,.T.);
#2428=ORIENTED_EDGE('',*,*,#2411,.F.);
#2429=ORIENTED_EDGE('',*,*,#2341,.F.);
#2430=EDGE_LOOP('',(#2426,#2427,#2428,#2429));
#2431=FACE_OUTER_BOUND('',#2430,.T.);
#2432=CARTESIAN_POINT('',(3.7301,0.7083,0.3));
#2433=AXIS2_PLACEMENT_3D('',#2432,#132,#34);
#2434=PLANE('',#2433);
#2435=ADVANCED_FACE('',(#2431),#2434,.T.);
#2436=ORIENTED_EDGE('',*,*,#2351,.T.);
#2437=ORIENTED_EDGE('',*,*,#2417,.T.);
#2438=ORIENTED_EDGE('',*,*,#2372,.F.);
#2439=ORIENTED_EDGE('',*,*,#2394,.F.);
#2440=EDGE_LOOP('',(#2436,#2437,#2438,#2439));
#2441=FACE_OUTER_BOUND('',#2440,.T.);
#2442=CARTESIAN_POINT('',(4.6699,0.7083,0.3));
#2443=AXIS2_PLACEMENT_3D('',#2442,#16,#34);
#2444=PLANE('',#2443);
#2445=ADVANCED_FACE('',(#2441),#2444,.T.);
#2446=CLOSED_SHELL('',(#2363,#2389,#2407,#2425,#2435,#2445));
#2447=MANIFOLD_SOLID_BREP('Wire_2_0',#2446);
#2448=STYLED_ITEM('color',(#154),#2447);
#2449=CARTESIAN_POINT('',(3.5664,0.5667,0.3));
#2450=VERTEX_POINT('',#2449);
#2451=CARTESIAN_POINT('',(4.8336,0.5667,0.3));
#2452=VERTEX_POINT('',#2451);
#2453=CARTESIAN_POINT('',(3.5664,0.7083,0.3));
#2454=VERTEX_POINT('',#2453);
#2455=CARTESIAN_POINT('',(4.8336,0.7083,0.3));
#2456=VERTEX_POINT('',#2455);
#2457=CARTESIAN_POINT('',(3.5664,0.5667,10.));
#2458=VERTEX_POINT('',#2457);
#2459=CARTESIAN_POINT('',(4.8336,0.5667,10.));
#2460=VERTEX_POINT('',#2459);
#2461=CARTESIAN_POINT('',(3.5664,0.7083,10.));
#2462=VERTEX_POINT('',#2461);
#2463=CARTESIAN_POINT('',(4.8336,0.7083,10.));
#2464=VERTEX_POINT('',#2463);
#2465=VECTOR('',#34,0.1417);
#2466=CARTESIAN_POINT('',(3.5664,0.5667,0.3));
#2467=LINE('',#2466,#2465);
#2468=EDGE_CURVE('',#2450,#2454,#2467,.T.);
#2469=ORIENTED_EDGE('',*,*,#2468,.T.);
#2470=VECTOR('',#16,1.2671);
#2471=CARTESIAN_POINT('',(3.5664,0.7083,0.3));
#2472=LINE('',#2471,#2470);
#2473=EDGE_CURVE('',#2454,#2456,#2472,.T.);
#2474=ORIENTED_EDGE('',*,*,#2473,.T.);
#2475=VECTOR('',#34,0.1417);
#2476=CARTESIAN_POINT('',(4.8336,0.5667,0.3));
#2477=LINE('',#2476,#2475);
#2478=EDGE_CURVE('',#2452,#2456,#2477,.T.);
#2479=ORIENTED_EDGE('',*,*,#2478,.F.);
#2480=VECTOR('',#16,1.2671);
#2481=CARTESIAN_POINT('',(3.5664,0.5667,0.3));
#2482=LINE('',#2481,#2480);
#2483=EDGE_CURVE('',#2450,#2452,#2482,.T.);
#2484=ORIENTED_EDGE('',*,*,#2483,.F.);
#2485=EDGE_LOOP('',(#2469,#2474,#2479,#2484));
#2486=FACE_OUTER_BOUND('',#2485,.T.);
#2487=CARTESIAN_POINT('',(3.5664,0.5667,0.3));
#2488=AXIS2_PLACEMENT_3D('',#2487,#58,#16);
#2489=PLANE('',#2488);
#2490=ADVANCED_FACE('',(#2486),#2489,.T.);
#2491=VECTOR('',#16,1.2671);
#2492=CARTESIAN_POINT('',(3.5664,0.5667,10.));
#2493=LINE('',#2492,#2491);
#2494=EDGE_CURVE('',#2458,#2460,#2493,.T.);
#2495=ORIENTED_EDGE('',*,*,#2494,.T.);
#2496=VECTOR('',#34,0.1417);
#2497=CARTESIAN_POINT('',(4.8336,0.5667,10.));
#2498=LINE('',#2497,#2496);
#2499=EDGE_CURVE('',#2460,#2464,#2498,.T.);
#2500=ORIENTED_EDGE('',*,*,#2499,.T.);
#2501=VECTOR('',#16,1.2671);
#2502=CARTESIAN_POINT('',(3.5664,0.7083,10.));
#2503=LINE('',#2502,#2501);
#2504=EDGE_CURVE('',#2462,#2464,#2503,.T.);
#2505=ORIENTED_EDGE('',*,*,#2504,.F.);
#2506=VECTOR('',#34,0.1417);
#2507=CARTESIAN_POINT('',(3.5664,0.5667,10.));
#2508=LINE('',#2507,#2506);
#2509=EDGE_CURVE('',#2458,#2462,#2508,.T.);
#2510=ORIENTED_EDGE('',*,*,#2509,.F.);
#2511=EDGE_LOOP('',(#2495,#2500,#2505,#2510));
#2512=FACE_OUTER_BOUND('',#2511,.T.);
#2513=CARTESIAN_POINT('',(3.5664,0.5667,10.));
#2514=AXIS2_PLACEMENT_3D('',#2513,#15,#16);
#2515=PLANE('',#2514);
#2516=ADVANCED_FACE('',(#2512),#2515,.T.);
#2517=ORIENTED_EDGE('',*,*,#2483,.T.);
#2518=VECTOR('',#15,9.7);
#2519=CARTESIAN_POINT('',(4.8336,0.5667,0.3));
#2520=LINE('',#2519,#2518);
#2521=EDGE_CURVE('',#2452,#2460,#2520,.T.);
#2522=ORIENTED_EDGE('',*,*,#2521,.T.);
#2523=ORIENTED_EDGE('',*,*,#2494,.F.);
#2524=VECTOR('',#15,9.7);
#2525=CARTESIAN_POINT('',(3.5664,0.5667,0.3));
#2526=LINE('',#2525,#2524);
#2527=EDGE_CURVE('',#2450,#2458,#2526,.T.);
#2528=ORIENTED_EDGE('',*,*,#2527,.F.);
#2529=EDGE_LOOP('',(#2517,#2522,#2523,#2528));
#2530=FACE_OUTER_BOUND('',#2529,.T.);
#2531=CARTESIAN_POINT('',(3.5664,0.5667,0.3));
#2532=AXIS2_PLACEMENT_3D('',#2531,#103,#16);
#2533=PLANE('',#2532);
#2534=ADVANCED_FACE('',(#2530),#2533,.T.);
#2535=VECTOR('',#15,9.7);
#2536=CARTESIAN_POINT('',(3.5664,0.7083,0.3));
#2537=LINE('',#2536,#2535);
#2538=EDGE_CURVE('',#2454,#2462,#2537,.T.);
#2539=ORIENTED_EDGE('',*,*,#2538,.T.);
#2540=ORIENTED_EDGE('',*,*,#2504,.T.);
#2541=VECTOR('',#15,9.7);
#2542=CARTESIAN_POINT('',(4.8336,0.7083,0.3));
#2543=LINE('',#2542,#2541);
#2544=EDGE_CURVE('',#2456,#2464,#2543,.T.);
#2545=ORIENTED_EDGE('',*,*,#2544,.F.);
#2546=ORIENTED_EDGE('',*,*,#2473,.F.);
#2547=EDGE_LOOP('',(#2539,#2540,#2545,#2546));
#2548=FACE_OUTER_BOUND('',#2547,.T.);
#2549=CARTESIAN_POINT('',(3.5664,0.7083,0.3));
#2550=AXIS2_PLACEMENT_3D('',#2549,#34,#16);
#2551=PLANE('',#2550);
#2552=ADVANCED_FACE('',(#2548),#2551,.T.);
#2553=ORIENTED_EDGE('',*,*,#2527,.T.);
#2554=ORIENTED_EDGE('',*,*,#2509,.T.);
#2555=ORIENTED_EDGE('',*,*,#2538,.F.);
#2556=ORIENTED_EDGE('',*,*,#2468,.F.);
#2557=EDGE_LOOP('',(#2553,#2554,#2555,#2556));
#2558=FACE_OUTER_BOUND('',#2557,.T.);
#2559=CARTESIAN_POINT('',(3.5664,0.5667,0.3));
#2560=AXIS2_PLACEMENT_3D('',#2559,#132,#34);
#2561=PLANE('',#2560);
#2562=ADVANCED_FACE('',(#2558),#2561,.T.);
#2563=ORIENTED_EDGE('',*,*,#2478,.T.);
#2564=ORIENTED_EDGE('',*,*,#2544,.T.);
#2565=ORIENTED_EDGE('',*,*,#2499,.F.);
#2566=ORIENTED_EDGE('',*,*,#2521,.F.);
#2567=EDGE_LOOP('',(#2563,#2564,#2565,#2566));
#2568=FACE_OUTER_BOUND('',#2567,.T.);
#2569=CARTESIAN_POINT('',(4.8336,0.5667,0.3));
#2570=AXIS2_PLACEMENT_3D('',#2569,#16,#34);
#2571=PLANE('',#2570);
#2572=ADVANCED_FACE('',(#2568),#2571,.T.);
#2573=CLOSED_SHELL('',(#2490,#2516,#2534,#2552,#2562,#2572));
#2574=MANIFOLD_SOLID_BREP('Wire_2_1',#2573);
#2575=STYLED_ITEM('color',(#154),#2574);
#2576=CARTESIAN_POINT('',(3.4639,0.425,0.3));
#2577=VERTEX_POINT('',#2576);
#2578=CARTESIAN_POINT('',(4.9361,0.425,0.3));
#2579=VERTEX_POINT('',#2578);
#2580=CARTESIAN_POINT('',(3.4639,0.5667,0.3));
#2581=VERTEX_POINT('',#2580);
#2582=CARTESIAN_POINT('',(4.9361,0.5667,0.3));
#2583=VERTEX_POINT('',#2582);
#2584=CARTESIAN_POINT('',(3.4639,0.425,10.));
#2585=VERTEX_POINT('',#2584);
#2586=CARTESIAN_POINT('',(4.9361,0.425,10.));
#2587=VERTEX_POINT('',#2586);
#2588=CARTESIAN_POINT('',(3.4639,0.5667,10.));
#2589=VERTEX_POINT('',#2588);
#2590=CARTESIAN_POINT('',(4.9361,0.5667,10.));
#2591=VERTEX_POINT('',#2590);
#2592=VECTOR('',#34,0.1417);
#2593=CARTESIAN_POINT('',(3.4639,0.425,0.3));
#2594=LINE('',#2593,#2592);
#2595=EDGE_CURVE('',#2577,#2581,#2594,.T.);
#2596=ORIENTED_EDGE('',*,*,#2595,.T.);
#2597=VECTOR('',#16,1.4722);
#2598=CARTESIAN_POINT('',(3.4639,0.5667,0.3));
#2599=LINE('',#2598,#2597);
#2600=EDGE_CURVE('',#2581,#2583,#2599,.T.);
#2601=ORIENTED_EDGE('',*,*,#2600,.T.);
#2602=VECTOR('',#34,0.1417);
#2603=CARTESIAN_POINT('',(4.9361,0.425,0.3));
#2604=LINE('',#2603,#2602);
#2605=EDGE_CURVE('',#2579,#2583,#2604,.T.);
#2606=ORIENTED_EDGE('',*,*,#2605,.F.);
#2607=VECTOR('',#16,1.4722);
#2608=CARTESIAN_POINT('',(3.4639,0.425,0.3));
#2609=LINE('',#2608,#2607);
#2610=EDGE_CURVE('',#2577,#2579,#2609,.T.);
#2611=ORIENTED_EDGE('',*,*,#2610,.F.);
#2612=EDGE_LOOP('',(#2596,#2601,#2606,#2611));
#2613=FACE_OUTER_BOUND('',#2612,.T.);
#2614=CARTESIAN_POINT('',(3.4639,0.425,0.3));
#2615=AXIS2_PLACEMENT_3D('',#2614,#58,#16);
#2616=PLANE('',#2615);
#2617=ADVANCED_FACE('',(#2613),#2616,.T.);
#2618=VECTOR('',#16,1.4722);
#2619=CARTESIAN_POINT('',(3.4639,0.425,10.));
#2620=LINE('',#2619,#2618);
#2621=EDGE_CURVE('',#2585,#2587,#2620,.T.);
#2622=ORIENTED_EDGE('',*,*,#2621,.T.);
#2623=VECTOR('',#34,0.1417);
#2624=CARTESIAN_POINT('',(4.9361,0.425,10.));
#2625=LINE('',#2624,#2623);
#2626=EDGE_CURVE('',#2587,#2591,#2625,.T.);
#2627=ORIENTED_EDGE('',*,*,#2626,.T.);
#2628=VECTOR('',#16,1.4722);
#2629=CARTESIAN_POINT('',(3.4639,0.5667,10.));
#2630=LINE('',#2629,#2628);
#2631=EDGE_CURVE('',#2589,#2591,#2630,.T.);
#2632=ORIENTED_EDGE('',*,*,#2631,.F.);
#2633=VECTOR('',#34,0.1417);
#2634=CARTESIAN_POINT('',(3.4639,0.425,10.));
#2635=LINE('',#2634,#2633);
#2636=EDGE_CURVE('',#2585,#2589,#2635,.T.);
#2637=ORIENTED_EDGE('',*,*,#2636,.F.);
#2638=EDGE_LOOP('',(#2622,#2627,#2632,#2637));
#2639=FACE_OUTER_BOUND('',#2638,.T.);
#2640=CARTESIAN_POINT('',(3.4639,0.425,10.));
#2641=AXIS2_PLACEMENT_3D('',#2640,#15,#16);
#2642=PLANE('',#2641);
#2643=ADVANCED_FACE('',(#2639),#2642,.T.);
#2644=ORIENTED_EDGE('',*,*,#2610,.T.);
#2645=VECTOR('',#15,9.7);
#2646=CARTESIAN_POINT('',(4.9361,0.425,0.3));
#2647=LINE('',#2646,#2645);
#2648=EDGE_CURVE('',#2579,#2587,#2647,.T.);
#2649=ORIENTED_EDGE('',*,*,#2648,.T.);
#2650=ORIENTED_EDGE('',*,*,#2621,.F.);
#2651=VECTOR('',#15,9.7);
#2652=CARTESIAN_POINT('',(3.4639,0.425,0.3));
#2653=LINE('',#2652,#2651);
#2654=EDGE_CURVE('',#2577,#2585,#2653,.T.);
#2655=ORIENTED_EDGE('',*,*,#2654,.F.);
#2656=EDGE_LOOP('',(#2644,#2649,#2650,#2655));
#2657=FACE_OUTER_BOUND('',#2656,.T.);
#2658=CARTESIAN_POINT('',(3.4639,0.425,0.3));
#2659=AXIS2_PLACEMENT_3D('',#2658,#103,#16);
#2660=PLANE('',#2659);
#2661=ADVANCED_FACE('',(#2657),#2660,.T.);
#2662=VECTOR('',#15,9.7);
#2663=CARTESIAN_POINT('',(3.4639,0.5667,0.3));
#2664=LINE('',#2663,#2662);
#2665=EDGE_CURVE('',#2581,#2589,#2664,.T.);
#2666=ORIENTED_EDGE('',*,*,#2665,.T.);
#2667=ORIENTED_EDGE('',*,*,#2631,.T.);
#2668=VECTOR('',#15,9.7);
#2669=CARTESIAN_POINT('',(4.9361,0.5667,0.3));
#2670=LINE('',#2669,#2668);
#2671=EDGE_CURVE('',#2583,#2591,#2670,.T.);
#2672=ORIENTED_EDGE('',*,*,#2671,.F.);
#2673=ORIENTED_EDGE('',*,*,#2600,.F.);
#2674=EDGE_LOOP('',(#2666,#2667,#2672,#2673));
#2675=FACE_OUTER_BOUND('',#2674,.T.);
#2676=CARTESIAN_POINT('',(3.4639,0.5667,0.3));
#2677=AXIS2_PLACEMENT_3D('',#2676,#34,#16);
#2678=PLANE('',#2677);
#2679=ADVANCED_FACE('',(#2675),#2678,.T.);
#2680=ORIENTED_EDGE('',*,*,#2654,.T.);
#2681=ORIENTED_EDGE('',*,*,#2636,.T.);
#2682=ORIENTED_EDGE('',*,*,#2665,.F.);
#2683=ORIENTED_EDGE('',*,*,#2595,.F.);
#2684=EDGE_LOOP('',(#2680,#2681,#2682,#2683));
#2685=FACE_OUTER_BOUND('',#2684,.T.);
#2686=CARTESIAN_POINT('',(3.4639,0.425,0.3));
#2687=AXIS2_PLACEMENT_3D('',#2686,#132,#34);
#2688=PLANE('',#2687);
#2689=ADVANCED_FACE('',(#2685),#2688,.T.);
#2690=ORIENTED_EDGE('',*,*,#2605,.T.);
#2691=ORIENTED_EDGE('',*,*,#2671,.T.);
#2692=ORIENTED_EDGE('',*,*,#2626,.F.);
#2693=ORIENTED_EDGE('',*,*,#2648,.F.);
#2694=EDGE_LOOP('',(#2690,#2691,#2692,#2693));
#2695=FACE_OUTER_BOUND('',#2694,.T.);
#2696=CARTESIAN_POINT('',(4.9361,0.425,0.3));
#2697=AXIS2_PLACEMENT_3D('',#2696,#16,#34);
#2698=PLANE('',#2697);
#2699=ADVANCED_FACE('',(#2695),#2698,.T.);
#2700=CLOSED_SHELL('',(#2617,#2643,#2661,#2679,#2689,#2699));
#2701=MANIFOLD_SOLID_BREP('Wire_2_2',#2700);
#2702=STYLED_ITEM('color',(#154),#2701);
#2703=CARTESIAN_POINT('',(3.3986,0.2833,0.3));
#2704=VERTEX_POINT('',#2703);
#2705=CARTESIAN_POINT('',(5.0014,0.2833,0.3));
#2706=VERTEX_POINT('',#2705);
#2707=CARTESIAN_POINT('',(3.3986,0.425,0.3));
#2708=VERTEX_POINT('',#2707);
#2709=CARTESIAN_POINT('',(5.0014,0.425,0.3));
#2710=VERTEX_POINT('',#2709);
#2711=CARTESIAN_POINT('',(3.3986,0.2833,10.));
#2712=VERTEX_POINT('',#2711);
#2713=CARTESIAN_POINT('',(5.0014,0.2833,10.));
#2714=VERTEX_POINT('',#2713);
#2715=CARTESIAN_POINT('',(3.3986,0.425,10.));
#2716=VERTEX_POINT('',#2715);
#2717=CARTESIAN_POINT('',(5.0014,0.425,10.));
#2718=VERTEX_POINT('',#2717);
#2719=VECTOR('',#34,0.1417);
#2720=CARTESIAN_POINT('',(3.3986,0.2833,0.3));
#2721=LINE('',#2720,#2719);
#2722=EDGE_CURVE('',#2704,#2708,#2721,.T.);
#2723=ORIENTED_EDGE('',*,*,#2722,.T.);
#2724=VECTOR('',#16,1.6028);
#2725=CARTESIAN_POINT('',(3.3986,0.425,0.3));
#2726=LINE('',#2725,#2724);
#2727=EDGE_CURVE('',#2708,#2710,#2726,.T.);
#2728=ORIENTED_EDGE('',*,*,#2727,.T.);
#2729=VECTOR('',#34,0.1417);
#2730=CARTESIAN_POINT('',(5.0014,0.2833,0.3));
#2731=LINE('',#2730,#2729);
#2732=EDGE_CURVE('',#2706,#2710,#2731,.T.);
#2733=ORIENTED_EDGE('',*,*,#2732,.F.);
#2734=VECTOR('',#16,1.6028);
#2735=CARTESIAN_POINT('',(3.3986,0.2833,0.3));
#2736=LINE('',#2735,#2734);
#2737=EDGE_CURVE('',#2704,#2706,#2736,.T.);
#2738=ORIENTED_EDGE('',*,*,#2737,.F.);
#2739=EDGE_LOOP('',(#2723,#2728,#2733,#2738));
#2740=FACE_OUTER_BOUND('',#2739,.T.);
#2741=CARTESIAN_POINT('',(3.3986,0.2833,0.3));
#2742=AXIS2_PLACEMENT_3D('',#2741,#58,#16);
#2743=PLANE('',#2742);
#2744=ADVANCED_FACE('',(#2740),#2743,.T.);
#2745=VECTOR('',#16,1.6028);
#2746=CARTESIAN_POINT('',(3.3986,0.2833,10.));
#2747=LINE('',#2746,#2745);
#2748=EDGE_CURVE('',#2712,#2714,#2747,.T.);
#2749=ORIENTED_EDGE('',*,*,#2748,.T.);
#2750=VECTOR('',#34,0.1417);
#2751=CARTESIAN_POINT('',(5.0014,0.2833,10.));
#2752=LINE('',#2751,#2750);
#2753=EDGE_CURVE('',#2714,#2718,#2752,.T.);
#2754=ORIENTED_EDGE('',*,*,#2753,.T.);
#2755=VECTOR('',#16,1.6028);
#2756=CARTESIAN_POINT('',(3.3986,0.425,10.));
#2757=LINE('',#2756,#2755);
#2758=EDGE_CURVE('',#2716,#2718,#2757,.T.);
#2759=ORIENTED_EDGE('',*,*,#2758,.F.);
#2760=VECTOR('',#34,0.1417);
#2761=CARTESIAN_POINT('',(3.3986,0.2833,10.));
#2762=LINE('',#2761,#2760);
#2763=EDGE_CURVE('',#2712,#2716,#2762,.T.);
#2764=ORIENTED_EDGE('',*,*,#2763,.F.);
#2765=EDGE_LOOP('',(#2749,#2754,#2759,#2764));
#2766=FACE_OUTER_BOUND('',#2765,.T.);
#2767=CARTESIAN_POINT('',(3.3986,0.2833,10.));
#2768=AXIS2_PLACEMENT_3D('',#2767,#15,#16);
#2769=PLANE('',#2768);
#2770=ADVANCED_FACE('',(#2766),#2769,.T.);
#2771=ORIENTED_EDGE('',*,*,#2737,.T.);
#2772=VECTOR('',#15,9.7);
#2773=CARTESIAN_POINT('',(5.0014,0.2833,0.3));
#2774=LINE('',#2773,#2772);
#2775=EDGE_CURVE('',#2706,#2714,#2774,.T.);
#2776=ORIENTED_EDGE('',*,*,#2775,.T.);
#2777=ORIENTED_EDGE('',*,*,#2748,.F.);
#2778=VECTOR('',#15,9.7);
#2779=CARTESIAN_POINT('',(3.3986,0.2833,0.3));
#2780=LINE('',#2779,#2778);
#2781=EDGE_CURVE('',#2704,#2712,#2780,.T.);
#2782=ORIENTED_EDGE('',*,*,#2781,.F.);
#2783=EDGE_LOOP('',(#2771,#2776,#2777,#2782));
#2784=FACE_OUTER_BOUND('',#2783,.T.);
#2785=CARTESIAN_POINT('',(3.3986,0.2833,0.3));
#2786=AXIS2_PLACEMENT_3D('',#2785,#103,#16);
#2787=PLANE('',#2786);
#2788=ADVANCED_FACE('',(#2784),#2787,.T.);
#2789=VECTOR('',#15,9.7);
#2790=CARTESIAN_POINT('',(3.3986,0.425,0.3));
#2791=LINE('',#2790,#2789);
#2792=EDGE_CURVE('',#2708,#2716,#2791,.T.);
#2793=ORIENTED_EDGE('',*,*,#2792,.T.);
#2794=ORIENTED_EDGE('',*,*,#2758,.T.);
#2795=VECTOR('',#15,9.7);
#2796=CARTESIAN_POINT('',(5.0014,0.425,0.3));
#2797=LINE('',#2796,#2795);
#2798=EDGE_CURVE('',#2710,#2718,#2797,.T.);
#2799=ORIENTED_EDGE('',*,*,#2798,.F.);
#2800=ORIENTED_EDGE('',*,*,#2727,.F.);
#2801=EDGE_LOOP('',(#2793,#2794,#2799,#2800));
#2802=FACE_OUTER_BOUND('',#2801,.T.);
#2803=CARTESIAN_POINT('',(3.3986,0.425,0.3));
#2804=AXIS2_PLACEMENT_3D('',#2803,#34,#16);
#2805=PLANE('',#2804);
#2806=ADVANCED_FACE('',(#2802),#2805,.T.);
#2807=ORIENTED_EDGE('',*,*,#2781,.T.);
#2808=ORIENTED_EDGE('',*,*,#2763,.T.);
#2809=ORIENTED_EDGE('',*,*,#2792,.F.);
#2810=ORIENTED_EDGE('',*,*,#2722,.F.);
#2811=EDGE_LOOP('',(#2807,#2808,#2809,#2810));
#2812=FACE_OUTER_BOUND('',#2811,.T.);
#2813=CARTESIAN_POINT('',(3.3986,0.2833,0.3));
#2814=AXIS2_PLACEMENT_3D('',#2813,#132,#34);
#2815=PLANE('',#2814);
#2816=ADVANCED_FACE('',(#2812),#2815,.T.);
#2817=ORIENTED_EDGE('',*,*,#2732,.T.);
#2818=ORIENTED_EDGE('',*,*,#2798,.T.);
#2819=ORIENTED_EDGE('',*,*,#2753,.F.);
#2820=ORIENTED_EDGE('',*,*,#2775,.F.);
#2821=EDGE_LOOP('',(#2817,#2818,#2819,#2820));
#2822=FACE_OUTER_BOUND('',#2821,.T.);
#2823=CARTESIAN_POINT('',(5.0014,0.2833,0.3));
#2824=AXIS2_PLACEMENT_3D('',#2823,#16,#34);
#2825=PLANE('',#2824);
#2826=ADVANCED_FACE('',(#2822),#2825,.T.);
#2827=CLOSED_SHELL('',(#2744,#2770,#2788,#2806,#2816,#2826));
#2828=MANIFOLD_SOLID_BREP('Wire_2_3',#2827);
#2829=STYLED_ITEM('color',(#154),#2828);
#2830=CARTESIAN_POINT('',(3.3619,0.1417,0.3));
#2831=VERTEX_POINT('',#2830);
#2832=CARTESIAN_POINT('',(5.0381,0.1417,0.3));
#2833=VERTEX_POINT('',#2832);
#2834=CARTESIAN_POINT('',(3.3619,0.2833,0.3));
#2835=VERTEX_POINT('',#2834);
#2836=CARTESIAN_POINT('',(5.0381,0.2833,0.3));
#2837=VERTEX_POINT('',#2836);
#2838=CARTESIAN_POINT('',(3.3619,0.1417,10.));
#2839=VERTEX_POINT('',#2838);
#2840=CARTESIAN_POINT('',(5.0381,0.1417,10.));
#2841=VERTEX_POINT('',#2840);
#2842=CARTESIAN_POINT('',(3.3619,0.2833,10.));
#2843=VERTEX_POINT('',#2842);
#2844=CARTESIAN_POINT('',(5.0381,0.2833,10.));
#2845=VERTEX_POINT('',#2844);
#2846=VECTOR('',#34,0.1417);
#2847=CARTESIAN_POINT('',(3.3619,0.1417,0.3));
#2848=LINE('',#2847,#2846);
#2849=EDGE_CURVE('',#2831,#2835,#2848,.T.);
#2850=ORIENTED_EDGE('',*,*,#2849,.T.);
#2851=VECTOR('',#16,1.6762);
#2852=CARTESIAN_POINT('',(3.3619,0.2833,0.3));
#2853=LINE('',#2852,#2851);
#2854=EDGE_CURVE('',#2835,#2837,#2853,.T.);
#2855=ORIENTED_EDGE('',*,*,#2854,.T.);
#2856=VECTOR('',#34,0.1417);
#2857=CARTESIAN_POINT('',(5.0381,0.1417,0.3));
#2858=LINE('',#2857,#2856);
#2859=EDGE_CURVE('',#2833,#2837,#2858,.T.);
#2860=ORIENTED_EDGE('',*,*,#2859,.F.);
#2861=VECTOR('',#16,1.6762);
#2862=CARTESIAN_POINT('',(3.3619,0.1417,0.3));
#2863=LINE('',#2862,#2861);
#2864=EDGE_CURVE('',#2831,#2833,#2863,.T.);
#2865=ORIENTED_EDGE('',*,*,#2864,.F.);
#2866=EDGE_LOOP('',(#2850,#2855,#2860,#2865));
#2867=FACE_OUTER_BOUND('',#2866,.T.);
#2868=CARTESIAN_POINT('',(3.3619,0.1417,0.3));
#2869=AXIS2_PLACEMENT_3D('',#2868,#58,#16);
#2870=PLANE('',#2869);
#2871=ADVANCED_FACE('',(#2867),#2870,.T.);
#2872=VECTOR('',#16,1.6762);
#2873=CARTESIAN_POINT('',(3.3619,0.1417,10.));
#2874=LINE('',#2873,#2872);
#2875=EDGE_CURVE('',#2839,#2841,#2874,.T.);
#2876=ORIENTED_EDGE('',*,*,#2875,.T.);
#2877=VECTOR('',#34,0.1417);
#2878=CARTESIAN_POINT('',(5.0381,0.1417,10.));
#2879=LINE('',#2878,#2877);
#2880=EDGE_CURVE('',#2841,#2845,#2879,.T.);
#2881=ORIENTED_EDGE('',*,*,#2880,.T.);
#2882=VECTOR('',#16,1.6762);
#2883=CARTESIAN_POINT('',(3.3619,0.2833,10.));
#2884=LINE('',#2883,#2882);
#2885=EDGE_CURVE('',#2843,#2845,#2884,.T.);
#2886=ORIENTED_EDGE('',*,*,#2885,.F.);
#2887=VECTOR('',#34,0.1417);
#2888=CARTESIAN_POINT('',(3.3619,0.1417,10.));
#2889=LINE('',#2888,#2887);
#2890=EDGE_CURVE('',#2839,#2843,#2889,.T.);
#2891=ORIENTED_EDGE('',*,*,#2890,.F.);
#2892=EDGE_LOOP('',(#2876,#2881,#2886,#2891));
#2893=FACE_OUTER_BOUND('',#2892,.T.);
#2894=CARTESIAN_POINT('',(3.3619,0.1417,10.));
#2895=AXIS2_PLACEMENT_3D('',#2894,#15,#16);
#2896=PLANE('',#2895);
#2897=ADVANCED_FACE('',(#2893),#2896,.T.);
#2898=ORIENTED_EDGE('',*,*,#2864,.T.);
#2899=VECTOR('',#15,9.7);
#2900=CARTESIAN_POINT('',(5.0381,0.1417,0.3));
#2901=LINE('',#2900,#2899);
#2902=EDGE_CURVE('',#2833,#2841,#2901,.T.);
#2903=ORIENTED_EDGE('',*,*,#2902,.T.);
#2904=ORIENTED_EDGE('',*,*,#2875,.F.);
#2905=VECTOR('',#15,9.7);
#2906=CARTESIAN_POINT('',(3.3619,0.1417,0.3));
#2907=LINE('',#2906,#2905);
#2908=EDGE_CURVE('',#2831,#2839,#2907,.T.);
#2909=ORIENTED_EDGE('',*,*,#2908,.F.);
#2910=EDGE_LOOP('',(#2898,#2903,#2904,#2909));
#2911=FACE_OUTER_BOUND('',#2910,.T.);
#2912=CARTESIAN_POINT('',(3.3619,0.1417,0.3));
#2913=AXIS2_PLACEMENT_3D('',#2912,#103,#16);
#2914=PLANE('',#2913);
#2915=ADVANCED_FACE('',(#2911),#2914,.T.);
#2916=VECTOR('',#15,9.7);
#2917=CARTESIAN_POINT('',(3.3619,0.2833,0.3));
#2918=LINE('',#2917,#2916);
#2919=EDGE_CURVE('',#2835,#2843,#2918,.T.);
#2920=ORIENTED_EDGE('',*,*,#2919,.T.);
#2921=ORIENTED_EDGE('',*,*,#2885,.T.);
#2922=VECTOR('',#15,9.7);
#2923=CARTESIAN_POINT('',(5.0381,0.2833,0.3));
#2924=LINE('',#2923,#2922);
#2925=EDGE_CURVE('',#2837,#2845,#2924,.T.);
#2926=ORIENTED_EDGE('',*,*,#2925,.F.);
#2927=ORIENTED_EDGE('',*,*,#2854,.F.);
#2928=EDGE_LOOP('',(#2920,#2921,#2926,#2927));
#2929=FACE_OUTER_BOUND('',#2928,.T.);
#2930=CARTESIAN_POINT('',(3.3619,0.2833,0.3));
#2931=AXIS2_PLACEMENT_3D('',#2930,#34,#16);
#2932=PLANE('',#2931);
#2933=ADVANCED_FACE('',(#2929),#2932,.T.);
#2934=ORIENTED_EDGE('',*,*,#2908,.T.);
#2935=ORIENTED_EDGE('',*,*,#2890,.T.);
#2936=ORIENTED_EDGE('',*,*,#2919,.F.);
#2937=ORIENTED_EDGE('',*,*,#2849,.F.);
#2938=EDGE_LOOP('',(#2934,#2935,#2936,#2937));
#2939=FACE_OUTER_BOUND('',#2938,.T.);
#2940=CARTESIAN_POINT('',(3.3619,0.1417,0.3));
#2941=AXIS2_PLACEMENT_3D('',#2940,#132,#34);
#2942=PLANE('',#2941);
#2943=ADVANCED_FACE('',(#2939),#2942,.T.);
#2944=ORIENTED_EDGE('',*,*,#2859,.T.);
#2945=ORIENTED_EDGE('',*,*,#2925,.T.);
#2946=ORIENTED_EDGE('',*,*,#2880,.F.);
#2947=ORIENTED_EDGE('',*,*,#2902,.F.);
#2948=EDGE_LOOP('',(#2944,#2945,#2946,#2947));
#2949=FACE_OUTER_BOUND('',#2948,.T.);
#2950=CARTESIAN_POINT('',(5.0381,0.1417,0.3));
#2951=AXIS2_PLACEMENT_3D('',#2950,#16,#34);
#2952=PLANE('',#2951);
#2953=ADVANCED_FACE('',(#2949),#2952,.T.);
#2954=CLOSED_SHELL('',(#2871,#2897,#2915,#2933,#2943,#2953));
#2955=MANIFOLD_SOLID_BREP('Wire_2_4',#2954);
#2956=STYLED_ITEM('color',(#154),#2955);
#2957=CARTESIAN_POINT('',(3.35,-0.,0.3));
#2958=VERTEX_POINT('',#2957);
#2959=CARTESIAN_POINT('',(5.05,-0.,0.3));
#2960=VERTEX_POINT('',#2959);
#2961=CARTESIAN_POINT('',(3.35,0.1417,0.3));
#2962=VERTEX_POINT('',#2961);
#2963=CARTESIAN_POINT('',(5.05,0.1417,0.3));
#2964=VERTEX_POINT('',#2963);
#2965=CARTESIAN_POINT('',(3.35,-0.,10.));
#2966=VERTEX_POINT('',#2965);
#2967=CARTESIAN_POINT('',(5.05,-0.,10.));
#2968=VERTEX_POINT('',#2967);
#2969=CARTESIAN_POINT('',(3.35,0.1417,10.));
#2970=VERTEX_POINT('',#2969);
#2971=CARTESIAN_POINT('',(5.05,0.1417,10.));
#2972=VERTEX_POINT('',#2971);
#2973=VECTOR('',#34,0.1417);
#2974=CARTESIAN_POINT('',(3.35,-0.,0.3));
#2975=LINE('',#2974,#2973);
#2976=EDGE_CURVE('',#2958,#2962,#2975,.T.);
#2977=ORIENTED_EDGE('',*,*,#2976,.T.);
#2978=VECTOR('',#16,1.7);
#2979=CARTESIAN_POINT('',(3.35,0.1417,0.3));
#2980=LINE('',#2979,#2978);
#2981=EDGE_CURVE('',#2962,#2964,#2980,.T.);
#2982=ORIENTED_EDGE('',*,*,#2981,.T.);
#2983=VECTOR('',#34,0.1417);
#2984=CARTESIAN_POINT('',(5.05,-0.,0.3));
#2985=LINE('',#2984,#2983);
#2986=EDGE_CURVE('',#2960,#2964,#2985,.T.);
#2987=ORIENTED_EDGE('',*,*,#2986,.F.);
#2988=VECTOR('',#16,1.7);
#2989=CARTESIAN_POINT('',(3.35,-0.,0.3));
#2990=LINE('',#2989,#2988);
#2991=EDGE_CURVE('',#2958,#2960,#2990,.T.);
#2992=ORIENTED_EDGE('',*,*,#2991,.F.);
#2993=EDGE_LOOP('',(#2977,#2982,#2987,#2992));
#2994=FACE_OUTER_BOUND('',#2993,.T.);
#2995=CARTESIAN_POINT('',(3.35,-0.,0.3));
#2996=AXIS2_PLACEMENT_3D('',#2995,#58,#16);
#2997=PLANE('',#2996);
#2998=ADVANCED_FACE('',(#2994),#2997,.T.);
#2999=VECTOR('',#16,1.7);
#3000=CARTESIAN_POINT('',(3.35,-0.,10.));
#3001=LINE('',#3000,#2999);
#3002=EDGE_CURVE('',#2966,#2968,#3001,.T.);
#3003=ORIENTED_EDGE('',*,*,#3002,.T.);
#3004=VECTOR('',#34,0.1417);
#3005=CARTESIAN_POINT('',(5.05,-0.,10.));
#3006=LINE('',#3005,#3004);
#3007=EDGE_CURVE('',#2968,#2972,#3006,.T.);
#3008=ORIENTED_EDGE('',*,*,#3007,.T.);
#3009=VECTOR('',#16,1.7);
#3010=CARTESIAN_POINT('',(3.35,0.1417,10.));
#3011=LINE('',#3010,#3009);
#3012=EDGE_CURVE('',#2970,#2972,#3011,.T.);
#3013=ORIENTED_EDGE('',*,*,#3012,.F.);
#3014=VECTOR('',#34,0.1417);
#3015=CARTESIAN_POINT('',(3.35,-0.,10.));
#3016=LINE('',#3015,#3014);
#3017=EDGE_CURVE('',#2966,#2970,#3016,.T.);
#3018=ORIENTED_EDGE('',*,*,#3017,.F.);
#3019=EDGE_LOOP('',(#3003,#3008,#3013,#3018));
#3020=FACE_OUTER_BOUND('',#3019,.T.);
#3021=CARTESIAN_POINT('',(3.35,-0.,10.));
#3022=AXIS2_PLACEMENT_3D('',#3021,#15,#16);
#3023=PLANE('',#3022);
#3024=ADVANCED_FACE('',(#3020),#3023,.T.);
#3025=ORIENTED_EDGE('',*,*,#2991,.T.);
#3026=VECTOR('',#15,9.7);
#3027=CARTESIAN_POINT('',(5.05,-0.,0.3));
#3028=LINE('',#3027,#3026);
#3029=EDGE_CURVE('',#2960,#2968,#3028,.T.);
#3030=ORIENTED_EDGE('',*,*,#3029,.T.);
#3031=ORIENTED_EDGE('',*,*,#3002,.F.);
#3032=VECTOR('',#15,9.7);
#3033=CARTESIAN_POINT('',(3.35,-0.,0.3));
#3034=LINE('',#3033,#3032);
#3035=EDGE_CURVE('',#2958,#2966,#3034,.T.);
#3036=ORIENTED_EDGE('',*,*,#3035,.F.);
#3037=EDGE_LOOP('',(#3025,#3030,#3031,#3036));
#3038=FACE_OUTER_BOUND('',#3037,.T.);
#3039=CARTESIAN_POINT('',(3.35,-0.,0.3));
#3040=AXIS2_PLACEMENT_3D('',#3039,#103,#16);
#3041=PLANE('',#3040);
#3042=ADVANCED_FACE('',(#3038),#3041,.T.);
#3043=VECTOR('',#15,9.7);
#3044=CARTESIAN_POINT('',(3.35,0.1417,0.3));
#3045=LINE('',#3044,#3043);
#3046=EDGE_CURVE('',#2962,#2970,#3045,.T.);
#3047=ORIENTED_EDGE('',*,*,#3046,.T.);
#3048=ORIENTED_EDGE('',*,*,#3012,.T.);
#3049=VECTOR('',#15,9.7);
#3050=CARTESIAN_POINT('',(5.05,0.1417,0.3));
#3051=LINE('',#3050,#3049);
#3052=EDGE_CURVE('',#2964,#2972,#3051,.T.);
#3053=ORIENTED_EDGE('',*,*,#3052,.F.);
#3054=ORIENTED_EDGE('',*,*,#2981,.F.);
#3055=EDGE_LOOP('',(#3047,#3048,#3053,#3054));
#3056=FACE_OUTER_BOUND('',#3055,.T.);
#3057=CARTESIAN_POINT('',(3.35,0.1417,0.3));
#3058=AXIS2_PLACEMENT_3D('',#3057,#34,#16);
#3059=PLANE('',#3058);
#3060=ADVANCED_FACE('',(#3056),#3059,.T.);
#3061=ORIENTED_EDGE('',*,*,#3035,.T.);
#3062=ORIENTED_EDGE('',*,*,#3017,.T.);
#3063=ORIENTED_EDGE('',*,*,#3046,.F.);
#3064=ORIENTED_EDGE('',*,*,#2976,.F.);
#3065=EDGE_LOOP('',(#3061,#3062,#3063,#3064));
#3066=FACE_OUTER_BOUND('',#3065,.T.);
#3067=CARTESIAN_POINT('',(3.35,-0.,0.3));
#3068=AXIS2_PLACEMENT_3D('',#3067,#132,#34);
#3069=PLANE('',#3068);
#3070=ADVANCED_FACE('',(#3066),#3069,.T.);
#3071=ORIENTED_EDGE('',*,*,#2986,.T.);
#3072=ORIENTED_EDGE('',*,*,#3052,.T.);
#3073=ORIENTED_EDGE('',*,*,#3007,.F.);
#3074=ORIENTED_EDGE('',*,*,#3029,.F.);
#3075=EDGE_LOOP('',(#3071,#3072,#3073,#3074));
#3076=FACE_OUTER_BOUND('',#3075,.T.);
#3077=CARTESIAN_POINT('',(5.05,-0.,0.3));
#3078=AXIS2_PLACEMENT_3D('',#3077,#16,#34);
#3079=PLANE('',#3078);
#3080=ADVANCED_FACE('',(#3076),#3079,.T.);
#3081=CLOSED_SHELL('',(#2998,#3024,#3042,#3060,#3070,#3080));
#3082=MANIFOLD_SOLID_BREP('Wire_2_5',#3081);
#3083=STYLED_ITEM('color',(#154),#3082);
#3084=CARTESIAN_POINT('',(3.35,-0.1417,0.3));
#3085=VERTEX_POINT('',#3084);
#3086=CARTESIAN_POINT('',(5.05,-0.1417,0.3));
#3087=VERTEX_POINT('',#3086);
#3088=CARTESIAN_POINT('',(3.35,-0.,0.3));
#3089=VERTEX_POINT('',#3088);
#3090=CARTESIAN_POINT('',(5.05,-0.,0.3));
#3091=VERTEX_POINT('',#3090);
#3092=CARTESIAN_POINT('',(3.35,-0.1417,10.));
#3093=VERTEX_POINT('',#3092);
#3094=CARTESIAN_POINT('',(5.05,-0.1417,10.));
#3095=VERTEX_POINT('',#3094);
#3096=CARTESIAN_POINT('',(3.35,-0.,10.));
#3097=VERTEX_POINT('',#3096);
#3098=CARTESIAN_POINT('',(5.05,-0.,10.));
#3099=VERTEX_POINT('',#3098);
#3100=VECTOR('',#34,0.1417);
#3101=CARTESIAN_POINT('',(3.35,-0.1417,0.3));
#3102=LINE('',#3101,#3100);
#3103=EDGE_CURVE('',#3085,#3089,#3102,.T.);
#3104=ORIENTED_EDGE('',*,*,#3103,.T.);
#3105=VECTOR('',#16,1.7);
#3106=CARTESIAN_POINT('',(3.35,-0.,0.3));
#3107=LINE('',#3106,#3105);
#3108=EDGE_CURVE('',#3089,#3091,#3107,.T.);
#3109=ORIENTED_EDGE('',*,*,#3108,.T.);
#3110=VECTOR('',#34,0.1417);
#3111=CARTESIAN_POINT('',(5.05,-0.1417,0.3));
#3112=LINE('',#3111,#3110);
#3113=EDGE_CURVE('',#3087,#3091,#3112,.T.);
#3114=ORIENTED_EDGE('',*,*,#3113,.F.);
#3115=VECTOR('',#16,1.7);
#3116=CARTESIAN_POINT('',(3.35,-0.1417,0.3));
#3117=LINE('',#3116,#3115);
#3118=EDGE_CURVE('',#3085,#3087,#3117,.T.);
#3119=ORIENTED_EDGE('',*,*,#3118,.F.);
#3120=EDGE_LOOP('',(#3104,#3109,#3114,#3119));
#3121=FACE_OUTER_BOUND('',#3120,.T.);
#3122=CARTESIAN_POINT('',(3.35,-0.1417,0.3));
#3123=AXIS2_PLACEMENT_3D('',#3122,#58,#16);
#3124=PLANE('',#3123);
#3125=ADVANCED_FACE('',(#3121),#3124,.T.);
#3126=VECTOR('',#16,1.7);
#3127=CARTESIAN_POINT('',(3.35,-0.1417,10.));
#3128=LINE('',#3127,#3126);
#3129=EDGE_CURVE('',#3093,#3095,#3128,.T.);
#3130=ORIENTED_EDGE('',*,*,#3129,.T.);
#3131=VECTOR('',#34,0.1417);
#3132=CARTESIAN_POINT('',(5.05,-0.1417,10.));
#3133=LINE('',#3132,#3131);
#3134=EDGE_CURVE('',#3095,#3099,#3133,.T.);
#3135=ORIENTED_EDGE('',*,*,#3134,.T.);
#3136=VECTOR('',#16,1.7);
#3137=CARTESIAN_POINT('',(3.35,-0.,10.));
#3138=LINE('',#3137,#3136);
#3139=EDGE_CURVE('',#3097,#3099,#3138,.T.);
#3140=ORIENTED_EDGE('',*,*,#3139,.F.);
#3141=VECTOR('',#34,0.1417);
#3142=CARTESIAN_POINT('',(3.35,-0.1417,10.));
#3143=LINE('',#3142,#3141);
#3144=EDGE_CURVE('',#3093,#3097,#3143,.T.);
#3145=ORIENTED_EDGE('',*,*,#3144,.F.);
#3146=EDGE_LOOP('',(#3130,#3135,#3140,#3145));
#3147=FACE_OUTER_BOUND('',#3146,.T.);
#3148=CARTESIAN_POINT('',(3.35,-0.1417,10.));
#3149=AXIS2_PLACEMENT_3D('',#3148,#15,#16);
#3150=PLANE('',#3149);
#3151=ADVANCED_FACE('',(#3147),#3150,.T.);
#3152=ORIENTED_EDGE('',*,*,#3118,.T.);
#3153=VECTOR('',#15,9.7);
#3154=CARTESIAN_POINT('',(5.05,-0.1417,0.3));
#3155=LINE('',#3154,#3153);
#3156=EDGE_CURVE('',#3087,#3095,#3155,.T.);
#3157=ORIENTED_EDGE('',*,*,#3156,.T.);
#3158=ORIENTED_EDGE('',*,*,#3129,.F.);
#3159=VECTOR('',#15,9.7);
#3160=CARTESIAN_POINT('',(3.35,-0.1417,0.3));
#3161=LINE('',#3160,#3159);
#3162=EDGE_CURVE('',#3085,#3093,#3161,.T.);
#3163=ORIENTED_EDGE('',*,*,#3162,.F.);
#3164=EDGE_LOOP('',(#3152,#3157,#3158,#3163));
#3165=FACE_OUTER_BOUND('',#3164,.T.);
#3166=CARTESIAN_POINT('',(3.35,-0.1417,0.3));
#3167=AXIS2_PLACEMENT_3D('',#3166,#103,#16);
#3168=PLANE('',#3167);
#3169=ADVANCED_FACE('',(#3165),#3168,.T.);
#3170=VECTOR('',#15,9.7);
#3171=CARTESIAN_POINT('',(3.35,-0.,0.3));
#3172=LINE('',#3171,#3170);
#3173=EDGE_CURVE('',#3089,#3097,#3172,.T.);
#3174=ORIENTED_EDGE('',*,*,#3173,.T.);
#3175=ORIENTED_EDGE('',*,*,#3139,.T.);
#3176=VECTOR('',#15,9.7);
#3177=CARTESIAN_POINT('',(5.05,-0.,0.3));
#3178=LINE('',#3177,#3176);
#3179=EDGE_CURVE('',#3091,#3099,#3178,.T.);
#3180=ORIENTED_EDGE('',*,*,#3179,.F.);
#3181=ORIENTED_EDGE('',*,*,#3108,.F.);
#3182=EDGE_LOOP('',(#3174,#3175,#3180,#3181));
#3183=FACE_OUTER_BOUND('',#3182,.T.);
#3184=CARTESIAN_POINT('',(3.35,-0.,0.3));
#3185=AXIS2_PLACEMENT_3D('',#3184,#34,#16);
#3186=PLANE('',#3185);
#3187=ADVANCED_FACE('',(#3183),#3186,.T.);
#3188=ORIENTED_EDGE('',*,*,#3162,.T.);
#3189=ORIENTED_EDGE('',*,*,#3144,.T.);
#3190=ORIENTED_EDGE('',*,*,#3173,.F.);
#3191=ORIENTED_EDGE('',*,*,#3103,.F.);
#3192=EDGE_LOOP('',(#3188,#3189,#3190,#3191));
#3193=FACE_OUTER_BOUND('',#3192,.T.);
#3194=CARTESIAN_POINT('',(3.35,-0.1417,0.3));
#3195=AXIS2_PLACEMENT_3D('',#3194,#132,#34);
#3196=PLANE('',#3195);
#3197=ADVANCED_FACE('',(#3193),#3196,.T.);
#3198=ORIENTED_EDGE('',*,*,#3113,.T.);
#3199=ORIENTED_EDGE('',*,*,#3179,.T.);
#3200=ORIENTED_EDGE('',*,*,#3134,.F.);
#3201=ORIENTED_EDGE('',*,*,#3156,.F.);
#3202=EDGE_LOOP('',(#3198,#3199,#3200,#3201));
#3203=FACE_OUTER_BOUND('',#3202,.T.);
#3204=CARTESIAN_POINT('',(5.05,-0.1417,0.3));
#3205=AXIS2_PLACEMENT_3D('',#3204,#16,#34);
#3206=PLANE('',#3205);
#3207=ADVANCED_FACE('',(#3203),#3206,.T.);
#3208=CLOSED_SHELL('',(#3125,#3151,#3169,#3187,#3197,#3207));
#3209=MANIFOLD_SOLID_BREP('Wire_2_6',#3208);
#3210=STYLED_ITEM('color',(#154),#3209);
#3211=CARTESIAN_POINT('',(3.3619,-0.2833,0.3));
#3212=VERTEX_POINT('',#3211);
#3213=CARTESIAN_POINT('',(5.0381,-0.2833,0.3));
#3214=VERTEX_POINT('',#3213);
#3215=CARTESIAN_POINT('',(3.3619,-0.1417,0.3));
#3216=VERTEX_POINT('',#3215);
#3217=CARTESIAN_POINT('',(5.0381,-0.1417,0.3));
#3218=VERTEX_POINT('',#3217);
#3219=CARTESIAN_POINT('',(3.3619,-0.2833,10.));
#3220=VERTEX_POINT('',#3219);
#3221=CARTESIAN_POINT('',(5.0381,-0.2833,10.));
#3222=VERTEX_POINT('',#3221);
#3223=CARTESIAN_POINT('',(3.3619,-0.1417,10.));
#3224=VERTEX_POINT('',#3223);
#3225=CARTESIAN_POINT('',(5.0381,-0.1417,10.));
#3226=VERTEX_POINT('',#3225);
#3227=VECTOR('',#34,0.1417);
#3228=CARTESIAN_POINT('',(3.3619,-0.2833,0.3));
#3229=LINE('',#3228,#3227);
#3230=EDGE_CURVE('',#3212,#3216,#3229,.T.);
#3231=ORIENTED_EDGE('',*,*,#3230,.T.);
#3232=VECTOR('',#16,1.6762);
#3233=CARTESIAN_POINT('',(3.3619,-0.1417,0.3));
#3234=LINE('',#3233,#3232);
#3235=EDGE_CURVE('',#3216,#3218,#3234,.T.);
#3236=ORIENTED_EDGE('',*,*,#3235,.T.);
#3237=VECTOR('',#34,0.1417);
#3238=CARTESIAN_POINT('',(5.0381,-0.2833,0.3));
#3239=LINE('',#3238,#3237);
#3240=EDGE_CURVE('',#3214,#3218,#3239,.T.);
#3241=ORIENTED_EDGE('',*,*,#3240,.F.);
#3242=VECTOR('',#16,1.6762);
#3243=CARTESIAN_POINT('',(3.3619,-0.2833,0.3));
#3244=LINE('',#3243,#3242);
#3245=EDGE_CURVE('',#3212,#3214,#3244,.T.);
#3246=ORIENTED_EDGE('',*,*,#3245,.F.);
#3247=EDGE_LOOP('',(#3231,#3236,#3241,#3246));
#3248=FACE_OUTER_BOUND('',#3247,.T.);
#3249=CARTESIAN_POINT('',(3.3619,-0.2833,0.3));
#3250=AXIS2_PLACEMENT_3D('',#3249,#58,#16);
#3251=PLANE('',#3250);
#3252=ADVANCED_FACE('',(#3248),#3251,.T.);
#3253=VECTOR('',#16,1.6762);
#3254=CARTESIAN_POINT('',(3.3619,-0.2833,10.));
#3255=LINE('',#3254,#3253);
#3256=EDGE_CURVE('',#3220,#3222,#3255,.T.);
#3257=ORIENTED_EDGE('',*,*,#3256,.T.);
#3258=VECTOR('',#34,0.1417);
#3259=CARTESIAN_POINT('',(5.0381,-0.2833,10.));
#3260=LINE('',#3259,#3258);
#3261=EDGE_CURVE('',#3222,#3226,#3260,.T.);
#3262=ORIENTED_EDGE('',*,*,#3261,.T.);
#3263=VECTOR('',#16,1.6762);
#3264=CARTESIAN_POINT('',(3.3619,-0.1417,10.));
#3265=LINE('',#3264,#3263);
#3266=EDGE_CURVE('',#3224,#3226,#3265,.T.);
#3267=ORIENTED_EDGE('',*,*,#3266,.F.);
#3268=VECTOR('',#34,0.1417);
#3269=CARTESIAN_POINT('',(3.3619,-0.2833,10.));
#3270=LINE('',#3269,#3268);
#3271=EDGE_CURVE('',#3220,#3224,#3270,.T.);
#3272=ORIENTED_EDGE('',*,*,#3271,.F.);
#3273=EDGE_LOOP('',(#3257,#3262,#3267,#3272));
#3274=FACE_OUTER_BOUND('',#3273,.T.);
#3275=CARTESIAN_POINT('',(3.3619,-0.2833,10.));
#3276=AXIS2_PLACEMENT_3D('',#3275,#15,#16);
#3277=PLANE('',#3276);
#3278=ADVANCED_FACE('',(#3274),#3277,.T.);
#3279=ORIENTED_EDGE('',*,*,#3245,.T.);
#3280=VECTOR('',#15,9.7);
#3281=CARTESIAN_POINT('',(5.0381,-0.2833,0.3));
#3282=LINE('',#3281,#3280);
#3283=EDGE_CURVE('',#3214,#3222,#3282,.T.);
#3284=ORIENTED_EDGE('',*,*,#3283,.T.);
#3285=ORIENTED_EDGE('',*,*,#3256,.F.);
#3286=VECTOR('',#15,9.7);
#3287=CARTESIAN_POINT('',(3.3619,-0.2833,0.3));
#3288=LINE('',#3287,#3286);
#3289=EDGE_CURVE('',#3212,#3220,#3288,.T.);
#3290=ORIENTED_EDGE('',*,*,#3289,.F.);
#3291=EDGE_LOOP('',(#3279,#3284,#3285,#3290));
#3292=FACE_OUTER_BOUND('',#3291,.T.);
#3293=CARTESIAN_POINT('',(3.3619,-0.2833,0.3));
#3294=AXIS2_PLACEMENT_3D('',#3293,#103,#16);
#3295=PLANE('',#3294);
#3296=ADVANCED_FACE('',(#3292),#3295,.T.);
#3297=VECTOR('',#15,9.7);
#3298=CARTESIAN_POINT('',(3.3619,-0.1417,0.3));
#3299=LINE('',#3298,#3297);
#3300=EDGE_CURVE('',#3216,#3224,#3299,.T.);
#3301=ORIENTED_EDGE('',*,*,#3300,.T.);
#3302=ORIENTED_EDGE('',*,*,#3266,.T.);
#3303=VECTOR('',#15,9.7);
#3304=CARTESIAN_POINT('',(5.0381,-0.1417,0.3));
#3305=LINE('',#3304,#3303);
#3306=EDGE_CURVE('',#3218,#3226,#3305,.T.);
#3307=ORIENTED_EDGE('',*,*,#3306,.F.);
#3308=ORIENTED_EDGE('',*,*,#3235,.F.);
#3309=EDGE_LOOP('',(#3301,#3302,#3307,#3308));
#3310=FACE_OUTER_BOUND('',#3309,.T.);
#3311=CARTESIAN_POINT('',(3.3619,-0.1417,0.3));
#3312=AXIS2_PLACEMENT_3D('',#3311,#34,#16);
#3313=PLANE('',#3312);
#3314=ADVANCED_FACE('',(#3310),#3313,.T.);
#3315=ORIENTED_EDGE('',*,*,#3289,.T.);
#3316=ORIENTED_EDGE('',*,*,#3271,.T.);
#3317=ORIENTED_EDGE('',*,*,#3300,.F.);
#3318=ORIENTED_EDGE('',*,*,#3230,.F.);
#3319=EDGE_LOOP('',(#3315,#3316,#3317,#3318));
#3320=FACE_OUTER_BOUND('',#3319,.T.);
#3321=CARTESIAN_POINT('',(3.3619,-0.2833,0.3));
#3322=AXIS2_PLACEMENT_3D('',#3321,#132,#34);
#3323=PLANE('',#3322);
#3324=ADVANCED_FACE('',(#3320),#3323,.T.);
#3325=ORIENTED_EDGE('',*,*,#3240,.T.);
#3326=ORIENTED_EDGE('',*,*,#3306,.T.);
#3327=ORIENTED_EDGE('',*,*,#3261,.F.);
#3328=ORIENTED_EDGE('',*,*,#3283,.F.);
#3329=EDGE_LOOP('',(#3325,#3326,#3327,#3328));
#3330=FACE_OUTER_BOUND('',#3329,.T.);
#3331=CARTESIAN_POINT('',(5.0381,-0.2833,0.3));
#3332=AXIS2_PLACEMENT_3D('',#3331,#16,#34);
#3333=PLANE('',#3332);
#3334=ADVANCED_FACE('',(#3330),#3333,.T.);
#3335=CLOSED_SHELL('',(#3252,#3278,#3296,#3314,#3324,#3334));
#3336=MANIFOLD_SOLID_BREP('Wire_2_7',#3335);
#3337=STYLED_ITEM('color',(#154),#3336);
#3338=CARTESIAN_POINT('',(3.3986,-0.425,0.3));
#3339=VERTEX_POINT('',#3338);
#3340=CARTESIAN_POINT('',(5.0014,-0.425,0.3));
#3341=VERTEX_POINT('',#3340);
#3342=CARTESIAN_POINT('',(3.3986,-0.2833,0.3));
#3343=VERTEX_POINT('',#3342);
#3344=CARTESIAN_POINT('',(5.0014,-0.2833,0.3));
#3345=VERTEX_POINT('',#3344);
#3346=CARTESIAN_POINT('',(3.3986,-0.425,10.));
#3347=VERTEX_POINT('',#3346);
#3348=CARTESIAN_POINT('',(5.0014,-0.425,10.));
#3349=VERTEX_POINT('',#3348);
#3350=CARTESIAN_POINT('',(3.3986,-0.2833,10.));
#3351=VERTEX_POINT('',#3350);
#3352=CARTESIAN_POINT('',(5.0014,-0.2833,10.));
#3353=VERTEX_POINT('',#3352);
#3354=VECTOR('',#34,0.1417);
#3355=CARTESIAN_POINT('',(3.3986,-0.425,0.3));
#3356=LINE('',#3355,#3354);
#3357=EDGE_CURVE('',#3339,#3343,#3356,.T.);
#3358=ORIENTED_EDGE('',*,*,#3357,.T.);
#3359=VECTOR('',#16,1.6028);
#3360=CARTESIAN_POINT('',(3.3986,-0.2833,0.3));
#3361=LINE('',#3360,#3359);
#3362=EDGE_CURVE('',#3343,#3345,#3361,.T.);
#3363=ORIENTED_EDGE('',*,*,#3362,.T.);
#3364=VECTOR('',#34,0.1417);
#3365=CARTESIAN_POINT('',(5.0014,-0.425,0.3));
#3366=LINE('',#3365,#3364);
#3367=EDGE_CURVE('',#3341,#3345,#3366,.T.);
#3368=ORIENTED_EDGE('',*,*,#3367,.F.);
#3369=VECTOR('',#16,1.6028);
#3370=CARTESIAN_POINT('',(3.3986,-0.425,0.3));
#3371=LINE('',#3370,#3369);
#3372=EDGE_CURVE('',#3339,#3341,#3371,.T.);
#3373=ORIENTED_EDGE('',*,*,#3372,.F.);
#3374=EDGE_LOOP('',(#3358,#3363,#3368,#3373));
#3375=FACE_OUTER_BOUND('',#3374,.T.);
#3376=CARTESIAN_POINT('',(3.3986,-0.425,0.3));
#3377=AXIS2_PLACEMENT_3D('',#3376,#58,#16);
#3378=PLANE('',#3377);
#3379=ADVANCED_FACE('',(#3375),#3378,.T.);
#3380=VECTOR('',#16,1.6028);
#3381=CARTESIAN_POINT('',(3.3986,-0.425,10.));
#3382=LINE('',#3381,#3380);
#3383=EDGE_CURVE('',#3347,#3349,#3382,.T.);
#3384=ORIENTED_EDGE('',*,*,#3383,.T.);
#3385=VECTOR('',#34,0.1417);
#3386=CARTESIAN_POINT('',(5.0014,-0.425,10.));
#3387=LINE('',#3386,#3385);
#3388=EDGE_CURVE('',#3349,#3353,#3387,.T.);
#3389=ORIENTED_EDGE('',*,*,#3388,.T.);
#3390=VECTOR('',#16,1.6028);
#3391=CARTESIAN_POINT('',(3.3986,-0.2833,10.));
#3392=LINE('',#3391,#3390);
#3393=EDGE_CURVE('',#3351,#3353,#3392,.T.);
#3394=ORIENTED_EDGE('',*,*,#3393,.F.);
#3395=VECTOR('',#34,0.1417);
#3396=CARTESIAN_POINT('',(3.3986,-0.425,10.));
#3397=LINE('',#3396,#3395);
#3398=EDGE_CURVE('',#3347,#3351,#3397,.T.);
#3399=ORIENTED_EDGE('',*,*,#3398,.F.);
#3400=EDGE_LOOP('',(#3384,#3389,#3394,#3399));
#3401=FACE_OUTER_BOUND('',#3400,.T.);
#3402=CARTESIAN_POINT('',(3.3986,-0.425,10.));
#3403=AXIS2_PLACEMENT_3D('',#3402,#15,#16);
#3404=PLANE('',#3403);
#3405=ADVANCED_FACE('',(#3401),#3404,.T.);
#3406=ORIENTED_EDGE('',*,*,#3372,.T.);
#3407=VECTOR('',#15,9.7);
#3408=CARTESIAN_POINT('',(5.0014,-0.425,0.3));
#3409=LINE('',#3408,#3407);
#3410=EDGE_CURVE('',#3341,#3349,#3409,.T.);
#3411=ORIENTED_EDGE('',*,*,#3410,.T.);
#3412=ORIENTED_EDGE('',*,*,#3383,.F.);
#3413=VECTOR('',#15,9.7);
#3414=CARTESIAN_POINT('',(3.3986,-0.425,0.3));
#3415=LINE('',#3414,#3413);
#3416=EDGE_CURVE('',#3339,#3347,#3415,.T.);
#3417=ORIENTED_EDGE('',*,*,#3416,.F.);
#3418=EDGE_LOOP('',(#3406,#3411,#3412,#3417));
#3419=FACE_OUTER_BOUND('',#3418,.T.);
#3420=CARTESIAN_POINT('',(3.3986,-0.425,0.3));
#3421=AXIS2_PLACEMENT_3D('',#3420,#103,#16);
#3422=PLANE('',#3421);
#3423=ADVANCED_FACE('',(#3419),#3422,.T.);
#3424=VECTOR('',#15,9.7);
#3425=CARTESIAN_POINT('',(3.3986,-0.2833,0.3));
#3426=LINE('',#3425,#3424);
#3427=EDGE_CURVE('',#3343,#3351,#3426,.T.);
#3428=ORIENTED_EDGE('',*,*,#3427,.T.);
#3429=ORIENTED_EDGE('',*,*,#3393,.T.);
#3430=VECTOR('',#15,9.7);
#3431=CARTESIAN_POINT('',(5.0014,-0.2833,0.3));
#3432=LINE('',#3431,#3430);
#3433=EDGE_CURVE('',#3345,#3353,#3432,.T.);
#3434=ORIENTED_EDGE('',*,*,#3433,.F.);
#3435=ORIENTED_EDGE('',*,*,#3362,.F.);
#3436=EDGE_LOOP('',(#3428,#3429,#3434,#3435));
#3437=FACE_OUTER_BOUND('',#3436,.T.);
#3438=CARTESIAN_POINT('',(3.3986,-0.2833,0.3));
#3439=AXIS2_PLACEMENT_3D('',#3438,#34,#16);
#3440=PLANE('',#3439);
#3441=ADVANCED_FACE('',(#3437),#3440,.T.);
#3442=ORIENTED_EDGE('',*,*,#3416,.T.);
#3443=ORIENTED_EDGE('',*,*,#3398,.T.);
#3444=ORIENTED_EDGE('',*,*,#3427,.F.);
#3445=ORIENTED_EDGE('',*,*,#3357,.F.);
#3446=EDGE_LOOP('',(#3442,#3443,#3444,#3445));
#3447=FACE_OUTER_BOUND('',#3446,.T.);
#3448=CARTESIAN_POINT('',(3.3986,-0.425,0.3));
#3449=AXIS2_PLACEMENT_3D('',#3448,#132,#34);
#3450=PLANE('',#3449);
#3451=ADVANCED_FACE('',(#3447),#3450,.T.);
#3452=ORIENTED_EDGE('',*,*,#3367,.T.);
#3453=ORIENTED_EDGE('',*,*,#3433,.T.);
#3454=ORIENTED_EDGE('',*,*,#3388,.F.);
#3455=ORIENTED_EDGE('',*,*,#3410,.F.);
#3456=EDGE_LOOP('',(#3452,#3453,#3454,#3455));
#3457=FACE_OUTER_BOUND('',#3456,.T.);
#3458=CARTESIAN_POINT('',(5.0014,-0.425,0.3));
#3459=AXIS2_PLACEMENT_3D('',#3458,#16,#34);
#3460=PLANE('',#3459);
#3461=ADVANCED_FACE('',(#3457),#3460,.T.);
#3462=CLOSED_SHELL('',(#3379,#3405,#3423,#3441,#3451,#3461));
#3463=MANIFOLD_SOLID_BREP('Wire_2_8',#3462);
#3464=STYLED_ITEM('color',(#154),#3463);
#3465=CARTESIAN_POINT('',(3.4639,-0.5667,0.3));
#3466=VERTEX_POINT('',#3465);
#3467=CARTESIAN_POINT('',(4.9361,-0.5667,0.3));
#3468=VERTEX_POINT('',#3467);
#3469=CARTESIAN_POINT('',(3.4639,-0.425,0.3));
#3470=VERTEX_POINT('',#3469);
#3471=CARTESIAN_POINT('',(4.9361,-0.425,0.3));
#3472=VERTEX_POINT('',#3471);
#3473=CARTESIAN_POINT('',(3.4639,-0.5667,10.));
#3474=VERTEX_POINT('',#3473);
#3475=CARTESIAN_POINT('',(4.9361,-0.5667,10.));
#3476=VERTEX_POINT('',#3475);
#3477=CARTESIAN_POINT('',(3.4639,-0.425,10.));
#3478=VERTEX_POINT('',#3477);
#3479=CARTESIAN_POINT('',(4.9361,-0.425,10.));
#3480=VERTEX_POINT('',#3479);
#3481=VECTOR('',#34,0.1417);
#3482=CARTESIAN_POINT('',(3.4639,-0.5667,0.3));
#3483=LINE('',#3482,#3481);
#3484=EDGE_CURVE('',#3466,#3470,#3483,.T.);
#3485=ORIENTED_EDGE('',*,*,#3484,.T.);
#3486=VECTOR('',#16,1.4722);
#3487=CARTESIAN_POINT('',(3.4639,-0.425,0.3));
#3488=LINE('',#3487,#3486);
#3489=EDGE_CURVE('',#3470,#3472,#3488,.T.);
#3490=ORIENTED_EDGE('',*,*,#3489,.T.);
#3491=VECTOR('',#34,0.1417);
#3492=CARTESIAN_POINT('',(4.9361,-0.5667,0.3));
#3493=LINE('',#3492,#3491);
#3494=EDGE_CURVE('',#3468,#3472,#3493,.T.);
#3495=ORIENTED_EDGE('',*,*,#3494,.F.);
#3496=VECTOR('',#16,1.4722);
#3497=CARTESIAN_POINT('',(3.4639,-0.5667,0.3));
#3498=LINE('',#3497,#3496);
#3499=EDGE_CURVE('',#3466,#3468,#3498,.T.);
#3500=ORIENTED_EDGE('',*,*,#3499,.F.);
#3501=EDGE_LOOP('',(#3485,#3490,#3495,#3500));
#3502=FACE_OUTER_BOUND('',#3501,.T.);
#3503=CARTESIAN_POINT('',(3.4639,-0.5667,0.3));
#3504=AXIS2_PLACEMENT_3D('',#3503,#58,#16);
#3505=PLANE('',#3504);
#3506=ADVANCED_FACE('',(#3502),#3505,.T.);
#3507=VECTOR('',#16,1.4722);
#3508=CARTESIAN_POINT('',(3.4639,-0.5667,10.));
#3509=LINE('',#3508,#3507);
#3510=EDGE_CURVE('',#3474,#3476,#3509,.T.);
#3511=ORIENTED_EDGE('',*,*,#3510,.T.);
#3512=VECTOR('',#34,0.1417);
#3513=CARTESIAN_POINT('',(4.9361,-0.5667,10.));
#3514=LINE('',#3513,#3512);
#3515=EDGE_CURVE('',#3476,#3480,#3514,.T.);
#3516=ORIENTED_EDGE('',*,*,#3515,.T.);
#3517=VECTOR('',#16,1.4722);
#3518=CARTESIAN_POINT('',(3.4639,-0.425,10.));
#3519=LINE('',#3518,#3517);
#3520=EDGE_CURVE('',#3478,#3480,#3519,.T.);
#3521=ORIENTED_EDGE('',*,*,#3520,.F.);
#3522=VECTOR('',#34,0.1417);
#3523=CARTESIAN_POINT('',(3.4639,-0.5667,10.));
#3524=LINE('',#3523,#3522);
#3525=EDGE_CURVE('',#3474,#3478,#3524,.T.);
#3526=ORIENTED_EDGE('',*,*,#3525,.F.);
#3527=EDGE_LOOP('',(#3511,#3516,#3521,#3526));
#3528=FACE_OUTER_BOUND('',#3527,.T.);
#3529=CARTESIAN_POINT('',(3.4639,-0.5667,10.));
#3530=AXIS2_PLACEMENT_3D('',#3529,#15,#16);
#3531=PLANE('',#3530);
#3532=ADVANCED_FACE('',(#3528),#3531,.T.);
#3533=ORIENTED_EDGE('',*,*,#3499,.T.);
#3534=VECTOR('',#15,9.7);
#3535=CARTESIAN_POINT('',(4.9361,-0.5667,0.3));
#3536=LINE('',#3535,#3534);
#3537=EDGE_CURVE('',#3468,#3476,#3536,.T.);
#3538=ORIENTED_EDGE('',*,*,#3537,.T.);
#3539=ORIENTED_EDGE('',*,*,#3510,.F.);
#3540=VECTOR('',#15,9.7);
#3541=CARTESIAN_POINT('',(3.4639,-0.5667,0.3));
#3542=LINE('',#3541,#3540);
#3543=EDGE_CURVE('',#3466,#3474,#3542,.T.);
#3544=ORIENTED_EDGE('',*,*,#3543,.F.);
#3545=EDGE_LOOP('',(#3533,#3538,#3539,#3544));
#3546=FACE_OUTER_BOUND('',#3545,.T.);
#3547=CARTESIAN_POINT('',(3.4639,-0.5667,0.3));
#3548=AXIS2_PLACEMENT_3D('',#3547,#103,#16);
#3549=PLANE('',#3548);
#3550=ADVANCED_FACE('',(#3546),#3549,.T.);
#3551=VECTOR('',#15,9.7);
#3552=CARTESIAN_POINT('',(3.4639,-0.425,0.3));
#3553=LINE('',#3552,#3551);
#3554=EDGE_CURVE('',#3470,#3478,#3553,.T.);
#3555=ORIENTED_EDGE('',*,*,#3554,.T.);
#3556=ORIENTED_EDGE('',*,*,#3520,.T.);
#3557=VECTOR('',#15,9.7);
#3558=CARTESIAN_POINT('',(4.9361,-0.425,0.3));
#3559=LINE('',#3558,#3557);
#3560=EDGE_CURVE('',#3472,#3480,#3559,.T.);
#3561=ORIENTED_EDGE('',*,*,#3560,.F.);
#3562=ORIENTED_EDGE('',*,*,#3489,.F.);
#3563=EDGE_LOOP('',(#3555,#3556,#3561,#3562));
#3564=FACE_OUTER_BOUND('',#3563,.T.);
#3565=CARTESIAN_POINT('',(3.4639,-0.425,0.3));
#3566=AXIS2_PLACEMENT_3D('',#3565,#34,#16);
#3567=PLANE('',#3566);
#3568=ADVANCED_FACE('',(#3564),#3567,.T.);
#3569=ORIENTED_EDGE('',*,*,#3543,.T.);
#3570=ORIENTED_EDGE('',*,*,#3525,.T.);
#3571=ORIENTED_EDGE('',*,*,#3554,.F.);
#3572=ORIENTED_EDGE('',*,*,#3484,.F.);
#3573=EDGE_LOOP('',(#3569,#3570,#3571,#3572));
#3574=FACE_OUTER_BOUND('',#3573,.T.);
#3575=CARTESIAN_POINT('',(3.4639,-0.5667,0.3));
#3576=AXIS2_PLACEMENT_3D('',#3575,#132,#34);
#3577=PLANE('',#3576);
#3578=ADVANCED_FACE('',(#3574),#3577,.T.);
#3579=ORIENTED_EDGE('',*,*,#3494,.T.);
#3580=ORIENTED_EDGE('',*,*,#3560,.T.);
#3581=ORIENTED_EDGE('',*,*,#3515,.F.);
#3582=ORIENTED_EDGE('',*,*,#3537,.F.);
#3583=EDGE_LOOP('',(#3579,#3580,#3581,#3582));
#3584=FACE_OUTER_BOUND('',#3583,.T.);
#3585=CARTESIAN_POINT('',(4.9361,-0.5667,0.3));
#3586=AXIS2_PLACEMENT_3D('',#3585,#16,#34);
#3587=PLANE('',#3586);
#3588=ADVANCED_FACE('',(#3584),#3587,.T.);
#3589=CLOSED_SHELL('',(#3506,#3532,#3550,#3568,#3578,#3588));
#3590=MANIFOLD_SOLID_BREP('Wire_2_9',#3589);
#3591=STYLED_ITEM('color',(#154),#3590);
#3592=CARTESIAN_POINT('',(3.5664,-0.7083,0.3));
#3593=VERTEX_POINT('',#3592);
#3594=CARTESIAN_POINT('',(4.8336,-0.7083,0.3));
#3595=VERTEX_POINT('',#3594);
#3596=CARTESIAN_POINT('',(3.5664,-0.5667,0.3));
#3597=VERTEX_POINT('',#3596);
#3598=CARTESIAN_POINT('',(4.8336,-0.5667,0.3));
#3599=VERTEX_POINT('',#3598);
#3600=CARTESIAN_POINT('',(3.5664,-0.7083,10.));
#3601=VERTEX_POINT('',#3600);
#3602=CARTESIAN_POINT('',(4.8336,-0.7083,10.));
#3603=VERTEX_POINT('',#3602);
#3604=CARTESIAN_POINT('',(3.5664,-0.5667,10.));
#3605=VERTEX_POINT('',#3604);
#3606=CARTESIAN_POINT('',(4.8336,-0.5667,10.));
#3607=VERTEX_POINT('',#3606);
#3608=VECTOR('',#34,0.1417);
#3609=CARTESIAN_POINT('',(3.5664,-0.7083,0.3));
#3610=LINE('',#3609,#3608);
#3611=EDGE_CURVE('',#3593,#3597,#3610,.T.);
#3612=ORIENTED_EDGE('',*,*,#3611,.T.);
#3613=VECTOR('',#16,1.2671);
#3614=CARTESIAN_POINT('',(3.5664,-0.5667,0.3));
#3615=LINE('',#3614,#3613);
#3616=EDGE_CURVE('',#3597,#3599,#3615,.T.);
#3617=ORIENTED_EDGE('',*,*,#3616,.T.);
#3618=VECTOR('',#34,0.1417);
#3619=CARTESIAN_POINT('',(4.8336,-0.7083,0.3));
#3620=LINE('',#3619,#3618);
#3621=EDGE_CURVE('',#3595,#3599,#3620,.T.);
#3622=ORIENTED_EDGE('',*,*,#3621,.F.);
#3623=VECTOR('',#16,1.2671);
#3624=CARTESIAN_POINT('',(3.5664,-0.7083,0.3));
#3625=LINE('',#3624,#3623);
#3626=EDGE_CURVE('',#3593,#3595,#3625,.T.);
#3627=ORIENTED_EDGE('',*,*,#3626,.F.);
#3628=EDGE_LOOP('',(#3612,#3617,#3622,#3627));
#3629=FACE_OUTER_BOUND('',#3628,.T.);
#3630=CARTESIAN_POINT('',(3.5664,-0.7083,0.3));
#3631=AXIS2_PLACEMENT_3D('',#3630,#58,#16);
#3632=PLANE('',#3631);
#3633=ADVANCED_FACE('',(#3629),#3632,.T.);
#3634=VECTOR('',#16,1.2671);
#3635=CARTESIAN_POINT('',(3.5664,-0.7083,10.));
#3636=LINE('',#3635,#3634);
#3637=EDGE_CURVE('',#3601,#3603,#3636,.T.);
#3638=ORIENTED_EDGE('',*,*,#3637,.T.);
#3639=VECTOR('',#34,0.1417);
#3640=CARTESIAN_POINT('',(4.8336,-0.7083,10.));
#3641=LINE('',#3640,#3639);
#3642=EDGE_CURVE('',#3603,#3607,#3641,.T.);
#3643=ORIENTED_EDGE('',*,*,#3642,.T.);
#3644=VECTOR('',#16,1.2671);
#3645=CARTESIAN_POINT('',(3.5664,-0.5667,10.));
#3646=LINE('',#3645,#3644);
#3647=EDGE_CURVE('',#3605,#3607,#3646,.T.);
#3648=ORIENTED_EDGE('',*,*,#3647,.F.);
#3649=VECTOR('',#34,0.1417);
#3650=CARTESIAN_POINT('',(3.5664,-0.7083,10.));
#3651=LINE('',#3650,#3649);
#3652=EDGE_CURVE('',#3601,#3605,#3651,.T.);
#3653=ORIENTED_EDGE('',*,*,#3652,.F.);
#3654=EDGE_LOOP('',(#3638,#3643,#3648,#3653));
#3655=FACE_OUTER_BOUND('',#3654,.T.);
#3656=CARTESIAN_POINT('',(3.5664,-0.7083,10.));
#3657=AXIS2_PLACEMENT_3D('',#3656,#15,#16);
#3658=PLANE('',#3657);
#3659=ADVANCED_FACE('',(#3655),#3658,.T.);
#3660=ORIENTED_EDGE('',*,*,#3626,.T.);
#3661=VECTOR('',#15,9.7);
#3662=CARTESIAN_POINT('',(4.8336,-0.7083,0.3));
#3663=LINE('',#3662,#3661);
#3664=EDGE_CURVE('',#3595,#3603,#3663,.T.);
#3665=ORIENTED_EDGE('',*,*,#3664,.T.);
#3666=ORIENTED_EDGE('',*,*,#3637,.F.);
#3667=VECTOR('',#15,9.7);
#3668=CARTESIAN_POINT('',(3.5664,-0.7083,0.3));
#3669=LINE('',#3668,#3667);
#3670=EDGE_CURVE('',#3593,#3601,#3669,.T.);
#3671=ORIENTED_EDGE('',*,*,#3670,.F.);
#3672=EDGE_LOOP('',(#3660,#3665,#3666,#3671));
#3673=FACE_OUTER_BOUND('',#3672,.T.);
#3674=CARTESIAN_POINT('',(3.5664,-0.7083,0.3));
#3675=AXIS2_PLACEMENT_3D('',#3674,#103,#16);
#3676=PLANE('',#3675);
#3677=ADVANCED_FACE('',(#3673),#3676,.T.);
#3678=VECTOR('',#15,9.7);
#3679=CARTESIAN_POINT('',(3.5664,-0.5667,0.3));
#3680=LINE('',#3679,#3678);
#3681=EDGE_CURVE('',#3597,#3605,#3680,.T.);
#3682=ORIENTED_EDGE('',*,*,#3681,.T.);
#3683=ORIENTED_EDGE('',*,*,#3647,.T.);
#3684=VECTOR('',#15,9.7);
#3685=CARTESIAN_POINT('',(4.8336,-0.5667,0.3));
#3686=LINE('',#3685,#3684);
#3687=EDGE_CURVE('',#3599,#3607,#3686,.T.);
#3688=ORIENTED_EDGE('',*,*,#3687,.F.);
#3689=ORIENTED_EDGE('',*,*,#3616,.F.);
#3690=EDGE_LOOP('',(#3682,#3683,#3688,#3689));
#3691=FACE_OUTER_BOUND('',#3690,.T.);
#3692=CARTESIAN_POINT('',(3.5664,-0.5667,0.3));
#3693=AXIS2_PLACEMENT_3D('',#3692,#34,#16);
#3694=PLANE('',#3693);
#3695=ADVANCED_FACE('',(#3691),#3694,.T.);
#3696=ORIENTED_EDGE('',*,*,#3670,.T.);
#3697=ORIENTED_EDGE('',*,*,#3652,.T.);
#3698=ORIENTED_EDGE('',*,*,#3681,.F.);
#3699=ORIENTED_EDGE('',*,*,#3611,.F.);
#3700=EDGE_LOOP('',(#3696,#3697,#3698,#3699));
#3701=FACE_OUTER_BOUND('',#3700,.T.);
#3702=CARTESIAN_POINT('',(3.5664,-0.7083,0.3));
#3703=AXIS2_PLACEMENT_3D('',#3702,#132,#34);
#3704=PLANE('',#3703);
#3705=ADVANCED_FACE('',(#3701),#3704,.T.);
#3706=ORIENTED_EDGE('',*,*,#3621,.T.);
#3707=ORIENTED_EDGE('',*,*,#3687,.T.);
#3708=ORIENTED_EDGE('',*,*,#3642,.F.);
#3709=ORIENTED_EDGE('',*,*,#3664,.F.);
#3710=EDGE_LOOP('',(#3706,#3707,#3708,#3709));
#3711=FACE_OUTER_BOUND('',#3710,.T.);
#3712=CARTESIAN_POINT('',(4.8336,-0.7083,0.3));
#3713=AXIS2_PLACEMENT_3D('',#3712,#16,#34);
#3714=PLANE('',#3713);
#3715=ADVANCED_FACE('',(#3711),#3714,.T.);
#3716=CLOSED_SHELL('',(#3633,#3659,#3677,#3695,#3705,#3715));
#3717=MANIFOLD_SOLID_BREP('Wire_2_10',#3716);
#3718=STYLED_ITEM('color',(#154),#3717);
#3719=CARTESIAN_POINT('',(3.7301,-0.85,0.3));
#3720=VERTEX_POINT('',#3719);
#3721=CARTESIAN_POINT('',(4.6699,-0.85,0.3));
#3722=VERTEX_POINT('',#3721);
#3723=CARTESIAN_POINT('',(3.7301,-0.7083,0.3));
#3724=VERTEX_POINT('',#3723);
#3725=CARTESIAN_POINT('',(4.6699,-0.7083,0.3));
#3726=VERTEX_POINT('',#3725);
#3727=CARTESIAN_POINT('',(3.7301,-0.85,10.));
#3728=VERTEX_POINT('',#3727);
#3729=CARTESIAN_POINT('',(4.6699,-0.85,10.));
#3730=VERTEX_POINT('',#3729);
#3731=CARTESIAN_POINT('',(3.7301,-0.7083,10.));
#3732=VERTEX_POINT('',#3731);
#3733=CARTESIAN_POINT('',(4.6699,-0.7083,10.));
#3734=VERTEX_POINT('',#3733);
#3735=VECTOR('',#34,0.1417);
#3736=CARTESIAN_POINT('',(3.7301,-0.85,0.3));
#3737=LINE('',#3736,#3735);
#3738=EDGE_CURVE('',#3720,#3724,#3737,.T.);
#3739=ORIENTED_EDGE('',*,*,#3738,.T.);
#3740=VECTOR('',#16,0.9397);
#3741=CARTESIAN_POINT('',(3.7301,-0.7083,0.3));
#3742=LINE('',#3741,#3740);
#3743=EDGE_CURVE('',#3724,#3726,#3742,.T.);
#3744=ORIENTED_EDGE('',*,*,#3743,.T.);
#3745=VECTOR('',#34,0.1417);
#3746=CARTESIAN_POINT('',(4.6699,-0.85,0.3));
#3747=LINE('',#3746,#3745);
#3748=EDGE_CURVE('',#3722,#3726,#3747,.T.);
#3749=ORIENTED_EDGE('',*,*,#3748,.F.);
#3750=VECTOR('',#16,0.9397);
#3751=CARTESIAN_POINT('',(3.7301,-0.85,0.3));
#3752=LINE('',#3751,#3750);
#3753=EDGE_CURVE('',#3720,#3722,#3752,.T.);
#3754=ORIENTED_EDGE('',*,*,#3753,.F.);
#3755=EDGE_LOOP('',(#3739,#3744,#3749,#3754));
#3756=FACE_OUTER_BOUND('',#3755,.T.);
#3757=CARTESIAN_POINT('',(3.7301,-0.85,0.3));
#3758=AXIS2_PLACEMENT_3D('',#3757,#58,#16);
#3759=PLANE('',#3758);
#3760=ADVANCED_FACE('',(#3756),#3759,.T.);
#3761=VECTOR('',#16,0.9397);
#3762=CARTESIAN_POINT('',(3.7301,-0.85,10.));
#3763=LINE('',#3762,#3761);
#3764=EDGE_CURVE('',#3728,#3730,#3763,.T.);
#3765=ORIENTED_EDGE('',*,*,#3764,.T.);
#3766=VECTOR('',#34,0.1417);
#3767=CARTESIAN_POINT('',(4.6699,-0.85,10.));
#3768=LINE('',#3767,#3766);
#3769=EDGE_CURVE('',#3730,#3734,#3768,.T.);
#3770=ORIENTED_EDGE('',*,*,#3769,.T.);
#3771=VECTOR('',#16,0.9397);
#3772=CARTESIAN_POINT('',(3.7301,-0.7083,10.));
#3773=LINE('',#3772,#3771);
#3774=EDGE_CURVE('',#3732,#3734,#3773,.T.);
#3775=ORIENTED_EDGE('',*,*,#3774,.F.);
#3776=VECTOR('',#34,0.1417);
#3777=CARTESIAN_POINT('',(3.7301,-0.85,10.));
#3778=LINE('',#3777,#3776);
#3779=EDGE_CURVE('',#3728,#3732,#3778,.T.);
#3780=ORIENTED_EDGE('',*,*,#3779,.F.);
#3781=EDGE_LOOP('',(#3765,#3770,#3775,#3780));
#3782=FACE_OUTER_BOUND('',#3781,.T.);
#3783=CARTESIAN_POINT('',(3.7301,-0.85,10.));
#3784=AXIS2_PLACEMENT_3D('',#3783,#15,#16);
#3785=PLANE('',#3784);
#3786=ADVANCED_FACE('',(#3782),#3785,.T.);
#3787=ORIENTED_EDGE('',*,*,#3753,.T.);
#3788=VECTOR('',#15,9.7);
#3789=CARTESIAN_POINT('',(4.6699,-0.85,0.3));
#3790=LINE('',#3789,#3788);
#3791=EDGE_CURVE('',#3722,#3730,#3790,.T.);
#3792=ORIENTED_EDGE('',*,*,#3791,.T.);
#3793=ORIENTED_EDGE('',*,*,#3764,.F.);
#3794=VECTOR('',#15,9.7);
#3795=CARTESIAN_POINT('',(3.7301,-0.85,0.3));
#3796=LINE('',#3795,#3794);
#3797=EDGE_CURVE('',#3720,#3728,#3796,.T.);
#3798=ORIENTED_EDGE('',*,*,#3797,.F.);
#3799=EDGE_LOOP('',(#3787,#3792,#3793,#3798));
#3800=FACE_OUTER_BOUND('',#3799,.T.);
#3801=CARTESIAN_POINT('',(3.7301,-0.85,0.3));
#3802=AXIS2_PLACEMENT_3D('',#3801,#103,#16);
#3803=PLANE('',#3802);
#3804=ADVANCED_FACE('',(#3800),#3803,.T.);
#3805=VECTOR('',#15,9.7);
#3806=CARTESIAN_POINT('',(3.7301,-0.7083,0.3));
#3807=LINE('',#3806,#3805);
#3808=EDGE_CURVE('',#3724,#3732,#3807,.T.);
#3809=ORIENTED_EDGE('',*,*,#3808,.T.);
#3810=ORIENTED_EDGE('',*,*,#3774,.T.);
#3811=VECTOR('',#15,9.7);
#3812=CARTESIAN_POINT('',(4.6699,-0.7083,0.3));
#3813=LINE('',#3812,#3811);
#3814=EDGE_CURVE('',#3726,#3734,#3813,.T.);
#3815=ORIENTED_EDGE('',*,*,#3814,.F.);
#3816=ORIENTED_EDGE('',*,*,#3743,.F.);
#3817=EDGE_LOOP('',(#3809,#3810,#3815,#3816));
#3818=FACE_OUTER_BOUND('',#3817,.T.);
#3819=CARTESIAN_POINT('',(3.7301,-0.7083,0.3));
#3820=AXIS2_PLACEMENT_3D('',#3819,#34,#16);
#3821=PLANE('',#3820);
#3822=ADVANCED_FACE('',(#3818),#3821,.T.);
#3823=ORIENTED_EDGE('',*,*,#3797,.T.);
#3824=ORIENTED_EDGE('',*,*,#3779,.T.);
#3825=ORIENTED_EDGE('',*,*,#3808,.F.);
#3826=ORIENTED_EDGE('',*,*,#3738,.F.);
#3827=EDGE_LOOP('',(#3823,#3824,#3825,#3826));
#3828=FACE_OUTER_BOUND('',#3827,.T.);
#3829=CARTESIAN_POINT('',(3.7301,-0.85,0.3));
#3830=AXIS2_PLACEMENT_3D('',#3829,#132,#34);
#3831=PLANE('',#3830);
#3832=ADVANCED_FACE('',(#3828),#3831,.T.);
#3833=ORIENTED_EDGE('',*,*,#3748,.T.);
#3834=ORIENTED_EDGE('',*,*,#3814,.T.);
#3835=ORIENTED_EDGE('',*,*,#3769,.F.);
#3836=ORIENTED_EDGE('',*,*,#3791,.F.);
#3837=EDGE_LOOP('',(#3833,#3834,#3835,#3836));
#3838=FACE_OUTER_BOUND('',#3837,.T.);
#3839=CARTESIAN_POINT('',(4.6699,-0.85,0.3));
#3840=AXIS2_PLACEMENT_3D('',#3839,#16,#34);
#3841=PLANE('',#3840);
#3842=ADVANCED_FACE('',(#3838),#3841,.T.);
#3843=CLOSED_SHELL('',(#3760,#3786,#3804,#3822,#3832,#3842));
#3844=MANIFOLD_SOLID_BREP('Wire_2_11',#3843);
#3845=STYLED_ITEM('color',(#154),#3844);
#3846=CARTESIAN_POINT('',(4.0137,0.1667,-1.8));
#3847=VERTEX_POINT('',#3846);
#3848=CARTESIAN_POINT('',(4.3863,0.1667,-1.8));
#3849=VERTEX_POINT('',#3848);
#3850=CARTESIAN_POINT('',(4.0137,0.25,-1.8));
#3851=VERTEX_POINT('',#3850);
#3852=CARTESIAN_POINT('',(4.3863,0.25,-1.8));
#3853=VERTEX_POINT('',#3852);
#3854=CARTESIAN_POINT('',(4.0137,0.1667,0.3));
#3855=VERTEX_POINT('',#3854);
#3856=CARTESIAN_POINT('',(4.3863,0.1667,0.3));
#3857=VERTEX_POINT('',#3856);
#3858=CARTESIAN_POINT('',(4.0137,0.25,0.3));
#3859=VERTEX_POINT('',#3858);
#3860=CARTESIAN_POINT('',(4.3863,0.25,0.3));
#3861=VERTEX_POINT('',#3860);
#3862=VECTOR('',#34,0.0833);
#3863=CARTESIAN_POINT('',(4.0137,0.1667,-1.8));
#3864=LINE('',#3863,#3862);
#3865=EDGE_CURVE('',#3847,#3851,#3864,.T.);
#3866=ORIENTED_EDGE('',*,*,#3865,.T.);
#3867=VECTOR('',#16,0.3727);
#3868=CARTESIAN_POINT('',(4.0137,0.25,-1.8));
#3869=LINE('',#3868,#3867);
#3870=EDGE_CURVE('',#3851,#3853,#3869,.T.);
#3871=ORIENTED_EDGE('',*,*,#3870,.T.);
#3872=VECTOR('',#34,0.0833);
#3873=CARTESIAN_POINT('',(4.3863,0.1667,-1.8));
#3874=LINE('',#3873,#3872);
#3875=EDGE_CURVE('',#3849,#3853,#3874,.T.);
#3876=ORIENTED_EDGE('',*,*,#3875,.F.);
#3877=VECTOR('',#16,0.3727);
#3878=CARTESIAN_POINT('',(4.0137,0.1667,-1.8));
#3879=LINE('',#3878,#3877);
#3880=EDGE_CURVE('',#3847,#3849,#3879,.T.);
#3881=ORIENTED_EDGE('',*,*,#3880,.F.);
#3882=EDGE_LOOP('',(#3866,#3871,#3876,#3881));
#3883=FACE_OUTER_BOUND('',#3882,.T.);
#3884=CARTESIAN_POINT('',(4.0137,0.1667,-1.8));
#3885=AXIS2_PLACEMENT_3D('',#3884,#58,#16);
#3886=PLANE('',#3885);
#3887=ADVANCED_FACE('',(#3883),#3886,.T.);
#3888=VECTOR('',#16,0.3727);
#3889=CARTESIAN_POINT('',(4.0137,0.1667,0.3));
#3890=LINE('',#3889,#3888);
#3891=EDGE_CURVE('',#3855,#3857,#3890,.T.);
#3892=ORIENTED_EDGE('',*,*,#3891,.T.);
#3893=VECTOR('',#34,0.0833);
#3894=CARTESIAN_POINT('',(4.3863,0.1667,0.3));
#3895=LINE('',#3894,#3893);
#3896=EDGE_CURVE('',#3857,#3861,#3895,.T.);
#3897=ORIENTED_EDGE('',*,*,#3896,.T.);
#3898=VECTOR('',#16,0.3727);
#3899=CARTESIAN_POINT('',(4.0137,0.25,0.3));
#3900=LINE('',#3899,#3898);
#3901=EDGE_CURVE('',#3859,#3861,#3900,.T.);
#3902=ORIENTED_EDGE('',*,*,#3901,.F.);
#3903=VECTOR('',#34,0.0833);
#3904=CARTESIAN_POINT('',(4.0137,0.1667,0.3));
#3905=LINE('',#3904,#3903);
#3906=EDGE_CURVE('',#3855,#3859,#3905,.T.);
#3907=ORIENTED_EDGE('',*,*,#3906,.F.);
#3908=EDGE_LOOP('',(#3892,#3897,#3902,#3907));
#3909=FACE_OUTER_BOUND('',#3908,.T.);
#3910=CARTESIAN_POINT('',(4.0137,0.1667,0.3));
#3911=AXIS2_PLACEMENT_3D('',#3910,#15,#16);
#3912=PLANE('',#3911);
#3913=ADVANCED_FACE('',(#3909),#3912,.T.);
#3914=ORIENTED_EDGE('',*,*,#3880,.T.);
#3915=VECTOR('',#15,2.1);
#3916=CARTESIAN_POINT('',(4.3863,0.1667,-1.8));
#3917=LINE('',#3916,#3915);
#3918=EDGE_CURVE('',#3849,#3857,#3917,.T.);
#3919=ORIENTED_EDGE('',*,*,#3918,.T.);
#3920=ORIENTED_EDGE('',*,*,#3891,.F.);
#3921=VECTOR('',#15,2.1);
#3922=CARTESIAN_POINT('',(4.0137,0.1667,-1.8));
#3923=LINE('',#3922,#3921);
#3924=EDGE_CURVE('',#3847,#3855,#3923,.T.);
#3925=ORIENTED_EDGE('',*,*,#3924,.F.);
#3926=EDGE_LOOP('',(#3914,#3919,#3920,#3925));
#3927=FACE_OUTER_BOUND('',#3926,.T.);
#3928=CARTESIAN_POINT('',(4.0137,0.1667,-1.8));
#3929=AXIS2_PLACEMENT_3D('',#3928,#103,#16);
#3930=PLANE('',#3929);
#3931=ADVANCED_FACE('',(#3927),#3930,.T.);
#3932=VECTOR('',#15,2.1);
#3933=CARTESIAN_POINT('',(4.0137,0.25,-1.8));
#3934=LINE('',#3933,#3932);
#3935=EDGE_CURVE('',#3851,#3859,#3934,.T.);
#3936=ORIENTED_EDGE('',*,*,#3935,.T.);
#3937=ORIENTED_EDGE('',*,*,#3901,.T.);
#3938=VECTOR('',#15,2.1);
#3939=CARTESIAN_POINT('',(4.3863,0.25,-1.8));
#3940=LINE('',#3939,#3938);
#3941=EDGE_CURVE('',#3853,#3861,#3940,.T.);
#3942=ORIENTED_EDGE('',*,*,#3941,.F.);
#3943=ORIENTED_EDGE('',*,*,#3870,.F.);
#3944=EDGE_LOOP('',(#3936,#3937,#3942,#3943));
#3945=FACE_OUTER_BOUND('',#3944,.T.);
#3946=CARTESIAN_POINT('',(4.0137,0.25,-1.8));
#3947=AXIS2_PLACEMENT_3D('',#3946,#34,#16);
#3948=PLANE('',#3947);
#3949=ADVANCED_FACE('',(#3945),#3948,.T.);
#3950=ORIENTED_EDGE('',*,*,#3924,.T.);
#3951=ORIENTED_EDGE('',*,*,#3906,.T.);
#3952=ORIENTED_EDGE('',*,*,#3935,.F.);
#3953=ORIENTED_EDGE('',*,*,#3865,.F.);
#3954=EDGE_LOOP('',(#3950,#3951,#3952,#3953));
#3955=FACE_OUTER_BOUND('',#3954,.T.);
#3956=CARTESIAN_POINT('',(4.0137,0.1667,-1.8));
#3957=AXIS2_PLACEMENT_3D('',#3956,#132,#34);
#3958=PLANE('',#3957);
#3959=ADVANCED_FACE('',(#3955),#3958,.T.);
#3960=ORIENTED_EDGE('',*,*,#3875,.T.);
#3961=ORIENTED_EDGE('',*,*,#3941,.T.);
#3962=ORIENTED_EDGE('',*,*,#3896,.F.);
#3963=ORIENTED_EDGE('',*,*,#3918,.F.);
#3964=EDGE_LOOP('',(#3960,#3961,#3962,#3963));
#3965=FACE_OUTER_BOUND('',#3964,.T.);
#3966=CARTESIAN_POINT('',(4.3863,0.1667,-1.8));
#3967=AXIS2_PLACEMENT_3D('',#3966,#16,#34);
#3968=PLANE('',#3967);
#3969=ADVANCED_FACE('',(#3965),#3968,.T.);
#3970=CLOSED_SHELL('',(#3887,#3913,#3931,#3949,#3959,#3969));
#3971=MANIFOLD_SOLID_BREP('Conductor_2_0',#3970);
#3972=STYLED_ITEM('color',(#1685),#3971);
#3973=CARTESIAN_POINT('',(3.9643,0.0833,-1.8));
#3974=VERTEX_POINT('',#3973);
#3975=CARTESIAN_POINT('',(4.4357,0.0833,-1.8));
#3976=VERTEX_POINT('',#3975);
#3977=CARTESIAN_POINT('',(3.9643,0.1667,-1.8));
#3978=VERTEX_POINT('',#3977);
#3979=CARTESIAN_POINT('',(4.4357,0.1667,-1.8));
#3980=VERTEX_POINT('',#3979);
#3981=CARTESIAN_POINT('',(3.9643,0.0833,0.3));
#3982=VERTEX_POINT('',#3981);
#3983=CARTESIAN_POINT('',(4.4357,0.0833,0.3));
#3984=VERTEX_POINT('',#3983);
#3985=CARTESIAN_POINT('',(3.9643,0.1667,0.3));
#3986=VERTEX_POINT('',#3985);
#3987=CARTESIAN_POINT('',(4.4357,0.1667,0.3));
#3988=VERTEX_POINT('',#3987);
#3989=VECTOR('',#34,0.0833);
#3990=CARTESIAN_POINT('',(3.9643,0.0833,-1.8));
#3991=LINE('',#3990,#3989);
#3992=EDGE_CURVE('',#3974,#3978,#3991,.T.);
#3993=ORIENTED_EDGE('',*,*,#3992,.T.);
#3994=VECTOR('',#16,0.4714);
#3995=CARTESIAN_POINT('',(3.9643,0.1667,-1.8));
#3996=LINE('',#3995,#3994);
#3997=EDGE_CURVE('',#3978,#3980,#3996,.T.);
#3998=ORIENTED_EDGE('',*,*,#3997,.T.);
#3999=VECTOR('',#34,0.0833);
#4000=CARTESIAN_POINT('',(4.4357,0.0833,-1.8));
#4001=LINE('',#4000,#3999);
#4002=EDGE_CURVE('',#3976,#3980,#4001,.T.);
#4003=ORIENTED_EDGE('',*,*,#4002,.F.);
#4004=VECTOR('',#16,0.4714);
#4005=CARTESIAN_POINT('',(3.9643,0.0833,-1.8));
#4006=LINE('',#4005,#4004);
#4007=EDGE_CURVE('',#3974,#3976,#4006,.T.);
#4008=ORIENTED_EDGE('',*,*,#4007,.F.);
#4009=EDGE_LOOP('',(#3993,#3998,#4003,#4008));
#4010=FACE_OUTER_BOUND('',#4009,.T.);
#4011=CARTESIAN_POINT('',(3.9643,0.0833,-1.8));
#4012=AXIS2_PLACEMENT_3D('',#4011,#58,#16);
#4013=PLANE('',#4012);
#4014=ADVANCED_FACE('',(#4010),#4013,.T.);
#4015=VECTOR('',#16,0.4714);
#4016=CARTESIAN_POINT('',(3.9643,0.0833,0.3));
#4017=LINE('',#4016,#4015);
#4018=EDGE_CURVE('',#3982,#3984,#4017,.T.);
#4019=ORIENTED_EDGE('',*,*,#4018,.T.);
#4020=VECTOR('',#34,0.0833);
#4021=CARTESIAN_POINT('',(4.4357,0.0833,0.3));
#4022=LINE('',#4021,#4020);
#4023=EDGE_CURVE('',#3984,#3988,#4022,.T.);
#4024=ORIENTED_EDGE('',*,*,#4023,.T.);
#4025=VECTOR('',#16,0.4714);
#4026=CARTESIAN_POINT('',(3.9643,0.1667,0.3));
#4027=LINE('',#4026,#4025);
#4028=EDGE_CURVE('',#3986,#3988,#4027,.T.);
#4029=ORIENTED_EDGE('',*,*,#4028,.F.);
#4030=VECTOR('',#34,0.0833);
#4031=CARTESIAN_POINT('',(3.9643,0.0833,0.3));
#4032=LINE('',#4031,#4030);
#4033=EDGE_CURVE('',#3982,#3986,#4032,.T.);
#4034=ORIENTED_EDGE('',*,*,#4033,.F.);
#4035=EDGE_LOOP('',(#4019,#4024,#4029,#4034));
#4036=FACE_OUTER_BOUND('',#4035,.T.);
#4037=CARTESIAN_POINT('',(3.9643,0.0833,0.3));
#4038=AXIS2_PLACEMENT_3D('',#4037,#15,#16);
#4039=PLANE('',#4038);
#4040=ADVANCED_FACE('',(#4036),#4039,.T.);
#4041=ORIENTED_EDGE('',*,*,#4007,.T.);
#4042=VECTOR('',#15,2.1);
#4043=CARTESIAN_POINT('',(4.4357,0.0833,-1.8));
#4044=LINE('',#4043,#4042);
#4045=EDGE_CURVE('',#3976,#3984,#4044,.T.);
#4046=ORIENTED_EDGE('',*,*,#4045,.T.);
#4047=ORIENTED_EDGE('',*,*,#4018,.F.);
#4048=VECTOR('',#15,2.1);
#4049=CARTESIAN_POINT('',(3.9643,0.0833,-1.8));
#4050=LINE('',#4049,#4048);
#4051=EDGE_CURVE('',#3974,#3982,#4050,.T.);
#4052=ORIENTED_EDGE('',*,*,#4051,.F.);
#4053=EDGE_LOOP('',(#4041,#4046,#4047,#4052));
#4054=FACE_OUTER_BOUND('',#4053,.T.);
#4055=CARTESIAN_POINT('',(3.9643,0.0833,-1.8));
#4056=AXIS2_PLACEMENT_3D('',#4055,#103,#16);
#4057=PLANE('',#4056);
#4058=ADVANCED_FACE('',(#4054),#4057,.T.);
#4059=VECTOR('',#15,2.1);
#4060=CARTESIAN_POINT('',(3.9643,0.1667,-1.8));
#4061=LINE('',#4060,#4059);
#4062=EDGE_CURVE('',#3978,#3986,#4061,.T.);
#4063=ORIENTED_EDGE('',*,*,#4062,.T.);
#4064=ORIENTED_EDGE('',*,*,#4028,.T.);
#4065=VECTOR('',#15,2.1);
#4066=CARTESIAN_POINT('',(4.4357,0.1667,-1.8));
#4067=LINE('',#4066,#4065);
#4068=EDGE_CURVE('',#3980,#3988,#4067,.T.);
#4069=ORIENTED_EDGE('',*,*,#4068,.F.);
#4070=ORIENTED_EDGE('',*,*,#3997,.F.);
#4071=EDGE_LOOP('',(#4063,#4064,#4069,#4070));
#4072=FACE_OUTER_BOUND('',#4071,.T.);
#4073=CARTESIAN_POINT('',(3.9643,0.1667,-1.8));
#4074=AXIS2_PLACEMENT_3D('',#4073,#34,#16);
#4075=PLANE('',#4074);
#4076=ADVANCED_FACE('',(#4072),#4075,.T.);
#4077=ORIENTED_EDGE('',*,*,#4051,.T.);
#4078=ORIENTED_EDGE('',*,*,#4033,.T.);
#4079=ORIENTED_EDGE('',*,*,#4062,.F.);
#4080=ORIENTED_EDGE('',*,*,#3992,.F.);
#4081=EDGE_LOOP('',(#4077,#4078,#4079,#4080));
#4082=FACE_OUTER_BOUND('',#4081,.T.);
#4083=CARTESIAN_POINT('',(3.9643,0.0833,-1.8));
#4084=AXIS2_PLACEMENT_3D('',#4083,#132,#34);
#4085=PLANE('',#4084);
#4086=ADVANCED_FACE('',(#4082),#4085,.T.);
#4087=ORIENTED_EDGE('',*,*,#4002,.T.);
#4088=ORIENTED_EDGE('',*,*,#4068,.T.);
#4089=ORIENTED_EDGE('',*,*,#4023,.F.);
#4090=ORIENTED_EDGE('',*,*,#4045,.F.);
#4091=EDGE_LOOP('',(#4087,#4088,#4089,#4090));
#4092=FACE_OUTER_BOUND('',#4091,.T.);
#4093=CARTESIAN_POINT('',(4.4357,0.0833,-1.8));
#4094=AXIS2_PLACEMENT_3D('',#4093,#16,#34);
#4095=PLANE('',#4094);
#4096=ADVANCED_FACE('',(#4092),#4095,.T.);
#4097=CLOSED_SHELL('',(#4014,#4040,#4058,#4076,#4086,#4096));
#4098=MANIFOLD_SOLID_BREP('Conductor_2_1',#4097);
#4099=STYLED_ITEM('color',(#1685),#4098);
#4100=CARTESIAN_POINT('',(3.95,-0.,-1.8));
#4101=VERTEX_POINT('',#4100);
#4102=CARTESIAN_POINT('',(4.45,-0.,-1.8));
#4103=VERTEX_POINT('',#4102);
#4104=CARTESIAN_POINT('',(3.95,0.0833,-1.8));
#4105=VERTEX_POINT('',#4104);
#4106=CARTESIAN_POINT('',(4.45,0.0833,-1.8));
#4107=VERTEX_POINT('',#4106);
#4108=CARTESIAN_POINT('',(3.95,-0.,0.3));
#4109=VERTEX_POINT('',#4108);
#4110=CARTESIAN_POINT('',(4.45,-0.,0.3));
#4111=VERTEX_POINT('',#4110);
#4112=CARTESIAN_POINT('',(3.95,0.0833,0.3));
#4113=VERTEX_POINT('',#4112);
#4114=CARTESIAN_POINT('',(4.45,0.0833,0.3));
#4115=VERTEX_POINT('',#4114);
#4116=VECTOR('',#34,0.0833);
#4117=CARTESIAN_POINT('',(3.95,-0.,-1.8));
#4118=LINE('',#4117,#4116);
#4119=EDGE_CURVE('',#4101,#4105,#4118,.T.);
#4120=ORIENTED_EDGE('',*,*,#4119,.T.);
#4121=VECTOR('',#16,0.5);
#4122=CARTESIAN_POINT('',(3.95,0.0833,-1.8));
#4123=LINE('',#4122,#4121);
#4124=EDGE_CURVE('',#4105,#4107,#4123,.T.);
#4125=ORIENTED_EDGE('',*,*,#4124,.T.);
#4126=VECTOR('',#34,0.0833);
#4127=CARTESIAN_POINT('',(4.45,-0.,-1.8));
#4128=LINE('',#4127,#4126);
#4129=EDGE_CURVE('',#4103,#4107,#4128,.T.);
#4130=ORIENTED_EDGE('',*,*,#4129,.F.);
#4131=VECTOR('',#16,0.5);
#4132=CARTESIAN_POINT('',(3.95,-0.,-1.8));
#4133=LINE('',#4132,#4131);
#4134=EDGE_CURVE('',#4101,#4103,#4133,.T.);
#4135=ORIENTED_EDGE('',*,*,#4134,.F.);
#4136=EDGE_LOOP('',(#4120,#4125,#4130,#4135));
#4137=FACE_OUTER_BOUND('',#4136,.T.);
#4138=CARTESIAN_POINT('',(3.95,-0.,-1.8));
#4139=AXIS2_PLACEMENT_3D('',#4138,#58,#16);
#4140=PLANE('',#4139);
#4141=ADVANCED_FACE('',(#4137),#4140,.T.);
#4142=VECTOR('',#16,0.5);
#4143=CARTESIAN_POINT('',(3.95,-0.,0.3));
#4144=LINE('',#4143,#4142);
#4145=EDGE_CURVE('',#4109,#4111,#4144,.T.);
#4146=ORIENTED_EDGE('',*,*,#4145,.T.);
#4147=VECTOR('',#34,0.0833);
#4148=CARTESIAN_POINT('',(4.45,-0.,0.3));
#4149=LINE('',#4148,#4147);
#4150=EDGE_CURVE('',#4111,#4115,#4149,.T.);
#4151=ORIENTED_EDGE('',*,*,#4150,.T.);
#4152=VECTOR('',#16,0.5);
#4153=CARTESIAN_POINT('',(3.95,0.0833,0.3));
#4154=LINE('',#4153,#4152);
#4155=EDGE_CURVE('',#4113,#4115,#4154,.T.);
#4156=ORIENTED_EDGE('',*,*,#4155,.F.);
#4157=VECTOR('',#34,0.0833);
#4158=CARTESIAN_POINT('',(3.95,-0.,0.3));
#4159=LINE('',#4158,#4157);
#4160=EDGE_CURVE('',#4109,#4113,#4159,.T.);
#4161=ORIENTED_EDGE('',*,*,#4160,.F.);
#4162=EDGE_LOOP('',(#4146,#4151,#4156,#4161));
#4163=FACE_OUTER_BOUND('',#4162,.T.);
#4164=CARTESIAN_POINT('',(3.95,-0.,0.3));
#4165=AXIS2_PLACEMENT_3D('',#4164,#15,#16);
#4166=PLANE('',#4165);
#4167=ADVANCED_FACE('',(#4163),#4166,.T.);
#4168=ORIENTED_EDGE('',*,*,#4134,.T.);
#4169=VECTOR('',#15,2.1);
#4170=CARTESIAN_POINT('',(4.45,-0.,-1.8));
#4171=LINE('',#4170,#4169);
#4172=EDGE_CURVE('',#4103,#4111,#4171,.T.);
#4173=ORIENTED_EDGE('',*,*,#4172,.T.);
#4174=ORIENTED_EDGE('',*,*,#4145,.F.);
#4175=VECTOR('',#15,2.1);
#4176=CARTESIAN_POINT('',(3.95,-0.,-1.8));
#4177=LINE('',#4176,#4175);
#4178=EDGE_CURVE('',#4101,#4109,#4177,.T.);
#4179=ORIENTED_EDGE('',*,*,#4178,.F.);
#4180=EDGE_LOOP('',(#4168,#4173,#4174,#4179));
#4181=FACE_OUTER_BOUND('',#4180,.T.);
#4182=CARTESIAN_POINT('',(3.95,-0.,-1.8));
#4183=AXIS2_PLACEMENT_3D('',#4182,#103,#16);
#4184=PLANE('',#4183);
#4185=ADVANCED_FACE('',(#4181),#4184,.T.);
#4186=VECTOR('',#15,2.1);
#4187=CARTESIAN_POINT('',(3.95,0.0833,-1.8));
#4188=LINE('',#4187,#4186);
#4189=EDGE_CURVE('',#4105,#4113,#4188,.T.);
#4190=ORIENTED_EDGE('',*,*,#4189,.T.);
#4191=ORIENTED_EDGE('',*,*,#4155,.T.);
#4192=VECTOR('',#15,2.1);
#4193=CARTESIAN_POINT('',(4.45,0.0833,-1.8));
#4194=LINE('',#4193,#4192);
#4195=EDGE_CURVE('',#4107,#4115,#4194,.T.);
#4196=ORIENTED_EDGE('',*,*,#4195,.F.);
#4197=ORIENTED_EDGE('',*,*,#4124,.F.);
#4198=EDGE_LOOP('',(#4190,#4191,#4196,#4197));
#4199=FACE_OUTER_BOUND('',#4198,.T.);
#4200=CARTESIAN_POINT('',(3.95,0.0833,-1.8));
#4201=AXIS2_PLACEMENT_3D('',#4200,#34,#16);
#4202=PLANE('',#4201);
#4203=ADVANCED_FACE('',(#4199),#4202,.T.);
#4204=ORIENTED_EDGE('',*,*,#4178,.T.);
#4205=ORIENTED_EDGE('',*,*,#4160,.T.);
#4206=ORIENTED_EDGE('',*,*,#4189,.F.);
#4207=ORIENTED_EDGE('',*,*,#4119,.F.);
#4208=EDGE_LOOP('',(#4204,#4205,#4206,#4207));
#4209=FACE_OUTER_BOUND('',#4208,.T.);
#4210=CARTESIAN_POINT('',(3.95,-0.,-1.8));
#4211=AXIS2_PLACEMENT_3D('',#4210,#132,#34);
#4212=PLANE('',#4211);
#4213=ADVANCED_FACE('',(#4209),#4212,.T.);
#4214=ORIENTED_EDGE('',*,*,#4129,.T.);
#4215=ORIENTED_EDGE('',*,*,#4195,.T.);
#4216=ORIENTED_EDGE('',*,*,#4150,.F.);
#4217=ORIENTED_EDGE('',*,*,#4172,.F.);
#4218=EDGE_LOOP('',(#4214,#4215,#4216,#4217));
#4219=FACE_OUTER_BOUND('',#4218,.T.);
#4220=CARTESIAN_POINT('',(4.45,-0.,-1.8));
#4221=AXIS2_PLACEMENT_3D('',#4220,#16,#34);
#4222=PLANE('',#4221);
#4223=ADVANCED_FACE('',(#4219),#4222,.T.);
#4224=CLOSED_SHELL('',(#4141,#4167,#4185,#4203,#4213,#4223));
#4225=MANIFOLD_SOLID_BREP('Conductor_2_2',#4224);
#4226=STYLED_ITEM('color',(#1685),#4225);
#4227=CARTESIAN_POINT('',(3.95,-0.0833,-1.8));
#4228=VERTEX_POINT('',#4227);
#4229=CARTESIAN_POINT('',(4.45,-0.0833,-1.8));
#4230=VERTEX_POINT('',#4229);
#4231=CARTESIAN_POINT('',(3.95,-0.,-1.8));
#4232=VERTEX_POINT('',#4231);
#4233=CARTESIAN_POINT('',(4.45,-0.,-1.8));
#4234=VERTEX_POINT('',#4233);
#4235=CARTESIAN_POINT('',(3.95,-0.0833,0.3));
#4236=VERTEX_POINT('',#4235);
#4237=CARTESIAN_POINT('',(4.45,-0.0833,0.3));
#4238=VERTEX_POINT('',#4237);
#4239=CARTESIAN_POINT('',(3.95,-0.,0.3));
#4240=VERTEX_POINT('',#4239);
#4241=CARTESIAN_POINT('',(4.45,-0.,0.3));
#4242=VERTEX_POINT('',#4241);
#4243=VECTOR('',#34,0.0833);
#4244=CARTESIAN_POINT('',(3.95,-0.0833,-1.8));
#4245=LINE('',#4244,#4243);
#4246=EDGE_CURVE('',#4228,#4232,#4245,.T.);
#4247=ORIENTED_EDGE('',*,*,#4246,.T.);
#4248=VECTOR('',#16,0.5);
#4249=CARTESIAN_POINT('',(3.95,-0.,-1.8));
#4250=LINE('',#4249,#4248);
#4251=EDGE_CURVE('',#4232,#4234,#4250,.T.);
#4252=ORIENTED_EDGE('',*,*,#4251,.T.);
#4253=VECTOR('',#34,0.0833);
#4254=CARTESIAN_POINT('',(4.45,-0.0833,-1.8));
#4255=LINE('',#4254,#4253);
#4256=EDGE_CURVE('',#4230,#4234,#4255,.T.);
#4257=ORIENTED_EDGE('',*,*,#4256,.F.);
#4258=VECTOR('',#16,0.5);
#4259=CARTESIAN_POINT('',(3.95,-0.0833,-1.8));
#4260=LINE('',#4259,#4258);
#4261=EDGE_CURVE('',#4228,#4230,#4260,.T.);
#4262=ORIENTED_EDGE('',*,*,#4261,.F.);
#4263=EDGE_LOOP('',(#4247,#4252,#4257,#4262));
#4264=FACE_OUTER_BOUND('',#4263,.T.);
#4265=CARTESIAN_POINT('',(3.95,-0.0833,-1.8));
#4266=AXIS2_PLACEMENT_3D('',#4265,#58,#16);
#4267=PLANE('',#4266);
#4268=ADVANCED_FACE('',(#4264),#4267,.T.);
#4269=VECTOR('',#16,0.5);
#4270=CARTESIAN_POINT('',(3.95,-0.0833,0.3));
#4271=LINE('',#4270,#4269);
#4272=EDGE_CURVE('',#4236,#4238,#4271,.T.);
#4273=ORIENTED_EDGE('',*,*,#4272,.T.);
#4274=VECTOR('',#34,0.0833);
#4275=CARTESIAN_POINT('',(4.45,-0.0833,0.3));
#4276=LINE('',#4275,#4274);
#4277=EDGE_CURVE('',#4238,#4242,#4276,.T.);
#4278=ORIENTED_EDGE('',*,*,#4277,.T.);
#4279=VECTOR('',#16,0.5);
#4280=CARTESIAN_POINT('',(3.95,-0.,0.3));
#4281=LINE('',#4280,#4279);
#4282=EDGE_CURVE('',#4240,#4242,#4281,.T.);
#4283=ORIENTED_EDGE('',*,*,#4282,.F.);
#4284=VECTOR('',#34,0.0833);
#4285=CARTESIAN_POINT('',(3.95,-0.0833,0.3));
#4286=LINE('',#4285,#4284);
#4287=EDGE_CURVE('',#4236,#4240,#4286,.T.);
#4288=ORIENTED_EDGE('',*,*,#4287,.F.);
#4289=EDGE_LOOP('',(#4273,#4278,#4283,#4288));
#4290=FACE_OUTER_BOUND('',#4289,.T.);
#4291=CARTESIAN_POINT('',(3.95,-0.0833,0.3));
#4292=AXIS2_PLACEMENT_3D('',#4291,#15,#16);
#4293=PLANE('',#4292);
#4294=ADVANCED_FACE('',(#4290),#4293,.T.);
#4295=ORIENTED_EDGE('',*,*,#4261,.T.);
#4296=VECTOR('',#15,2.1);
#4297=CARTESIAN_POINT('',(4.45,-0.0833,-1.8));
#4298=LINE('',#4297,#4296);
#4299=EDGE_CURVE('',#4230,#4238,#4298,.T.);
#4300=ORIENTED_EDGE('',*,*,#4299,.T.);
#4301=ORIENTED_EDGE('',*,*,#4272,.F.);
#4302=VECTOR('',#15,2.1);
#4303=CARTESIAN_POINT('',(3.95,-0.0833,-1.8));
#4304=LINE('',#4303,#4302);
#4305=EDGE_CURVE('',#4228,#4236,#4304,.T.);
#4306=ORIENTED_EDGE('',*,*,#4305,.F.);
#4307=EDGE_LOOP('',(#4295,#4300,#4301,#4306));
#4308=FACE_OUTER_BOUND('',#4307,.T.);
#4309=CARTESIAN_POINT('',(3.95,-0.0833,-1.8));
#4310=AXIS2_PLACEMENT_3D('',#4309,#103,#16);
#4311=PLANE('',#4310);
#4312=ADVANCED_FACE('',(#4308),#4311,.T.);
#4313=VECTOR('',#15,2.1);
#4314=CARTESIAN_POINT('',(3.95,-0.,-1.8));
#4315=LINE('',#4314,#4313);
#4316=EDGE_CURVE('',#4232,#4240,#4315,.T.);
#4317=ORIENTED_EDGE('',*,*,#4316,.T.);
#4318=ORIENTED_EDGE('',*,*,#4282,.T.);
#4319=VECTOR('',#15,2.1);
#4320=CARTESIAN_POINT('',(4.45,-0.,-1.8));
#4321=LINE('',#4320,#4319);
#4322=EDGE_CURVE('',#4234,#4242,#4321,.T.);
#4323=ORIENTED_EDGE('',*,*,#4322,.F.);
#4324=ORIENTED_EDGE('',*,*,#4251,.F.);
#4325=EDGE_LOOP('',(#4317,#4318,#4323,#4324));
#4326=FACE_OUTER_BOUND('',#4325,.T.);
#4327=CARTESIAN_POINT('',(3.95,-0.,-1.8));
#4328=AXIS2_PLACEMENT_3D('',#4327,#34,#16);
#4329=PLANE('',#4328);
#4330=ADVANCED_FACE('',(#4326),#4329,.T.);
#4331=ORIENTED_EDGE('',*,*,#4305,.T.);
#4332=ORIENTED_EDGE('',*,*,#4287,.T.);
#4333=ORIENTED_EDGE('',*,*,#4316,.F.);
#4334=ORIENTED_EDGE('',*,*,#4246,.F.);
#4335=EDGE_LOOP('',(#4331,#4332,#4333,#4334));
#4336=FACE_OUTER_BOUND('',#4335,.T.);
#4337=CARTESIAN_POINT('',(3.95,-0.0833,-1.8));
#4338=AXIS2_PLACEMENT_3D('',#4337,#132,#34);
#4339=PLANE('',#4338);
#4340=ADVANCED_FACE('',(#4336),#4339,.T.);
#4341=ORIENTED_EDGE('',*,*,#4256,.T.);
#4342=ORIENTED_EDGE('',*,*,#4322,.T.);
#4343=ORIENTED_EDGE('',*,*,#4277,.F.);
#4344=ORIENTED_EDGE('',*,*,#4299,.F.);
#4345=EDGE_LOOP('',(#4341,#4342,#4343,#4344));
#4346=FACE_OUTER_BOUND('',#4345,.T.);
#4347=CARTESIAN_POINT('',(4.45,-0.0833,-1.8));
#4348=AXIS2_PLACEMENT_3D('',#4347,#16,#34);
#4349=PLANE('',#4348);
#4350=ADVANCED_FACE('',(#4346),#4349,.T.);
#4351=CLOSED_SHELL('',(#4268,#4294,#4312,#4330,#4340,#4350));
#4352=MANIFOLD_SOLID_BREP('Conductor_2_3',#4351);
#4353=STYLED_ITEM('color',(#1685),#4352);
#4354=CARTESIAN_POINT('',(3.9643,-0.1667,-1.8));
#4355=VERTEX_POINT('',#4354);
#4356=CARTESIAN_POINT('',(4.4357,-0.1667,-1.8));
#4357=VERTEX_POINT('',#4356);
#4358=CARTESIAN_POINT('',(3.9643,-0.0833,-1.8));
#4359=VERTEX_POINT('',#4358);
#4360=CARTESIAN_POINT('',(4.4357,-0.0833,-1.8));
#4361=VERTEX_POINT('',#4360);
#4362=CARTESIAN_POINT('',(3.9643,-0.1667,0.3));
#4363=VERTEX_POINT('',#4362);
#4364=CARTESIAN_POINT('',(4.4357,-0.1667,0.3));
#4365=VERTEX_POINT('',#4364);
#4366=CARTESIAN_POINT('',(3.9643,-0.0833,0.3));
#4367=VERTEX_POINT('',#4366);
#4368=CARTESIAN_POINT('',(4.4357,-0.0833,0.3));
#4369=VERTEX_POINT('',#4368);
#4370=VECTOR('',#34,0.0833);
#4371=CARTESIAN_POINT('',(3.9643,-0.1667,-1.8));
#4372=LINE('',#4371,#4370);
#4373=EDGE_CURVE('',#4355,#4359,#4372,.T.);
#4374=ORIENTED_EDGE('',*,*,#4373,.T.);
#4375=VECTOR('',#16,0.4714);
#4376=CARTESIAN_POINT('',(3.9643,-0.0833,-1.8));
#4377=LINE('',#4376,#4375);
#4378=EDGE_CURVE('',#4359,#4361,#4377,.T.);
#4379=ORIENTED_EDGE('',*,*,#4378,.T.);
#4380=VECTOR('',#34,0.0833);
#4381=CARTESIAN_POINT('',(4.4357,-0.1667,-1.8));
#4382=LINE('',#4381,#4380);
#4383=EDGE_CURVE('',#4357,#4361,#4382,.T.);
#4384=ORIENTED_EDGE('',*,*,#4383,.F.);
#4385=VECTOR('',#16,0.4714);
#4386=CARTESIAN_POINT('',(3.9643,-0.1667,-1.8));
#4387=LINE('',#4386,#4385);
#4388=EDGE_CURVE('',#4355,#4357,#4387,.T.);
#4389=ORIENTED_EDGE('',*,*,#4388,.F.);
#4390=EDGE_LOOP('',(#4374,#4379,#4384,#4389));
#4391=FACE_OUTER_BOUND('',#4390,.T.);
#4392=CARTESIAN_POINT('',(3.9643,-0.1667,-1.8));
#4393=AXIS2_PLACEMENT_3D('',#4392,#58,#16);
#4394=PLANE('',#4393);
#4395=ADVANCED_FACE('',(#4391),#4394,.T.);
#4396=VECTOR('',#16,0.4714);
#4397=CARTESIAN_POINT('',(3.9643,-0.1667,0.3));
#4398=LINE('',#4397,#4396);
#4399=EDGE_CURVE('',#4363,#4365,#4398,.T.);
#4400=ORIENTED_EDGE('',*,*,#4399,.T.);
#4401=VECTOR('',#34,0.0833);
#4402=CARTESIAN_POINT('',(4.4357,-0.1667,0.3));
#4403=LINE('',#4402,#4401);
#4404=EDGE_CURVE('',#4365,#4369,#4403,.T.);
#4405=ORIENTED_EDGE('',*,*,#4404,.T.);
#4406=VECTOR('',#16,0.4714);
#4407=CARTESIAN_POINT('',(3.9643,-0.0833,0.3));
#4408=LINE('',#4407,#4406);
#4409=EDGE_CURVE('',#4367,#4369,#4408,.T.);
#4410=ORIENTED_EDGE('',*,*,#4409,.F.);
#4411=VECTOR('',#34,0.0833);
#4412=CARTESIAN_POINT('',(3.9643,-0.1667,0.3));
#4413=LINE('',#4412,#4411);
#4414=EDGE_CURVE('',#4363,#4367,#4413,.T.);
#4415=ORIENTED_EDGE('',*,*,#4414,.F.);
#4416=EDGE_LOOP('',(#4400,#4405,#4410,#4415));
#4417=FACE_OUTER_BOUND('',#4416,.T.);
#4418=CARTESIAN_POINT('',(3.9643,-0.1667,0.3));
#4419=AXIS2_PLACEMENT_3D('',#4418,#15,#16);
#4420=PLANE('',#4419);
#4421=ADVANCED_FACE('',(#4417),#4420,.T.);
#4422=ORIENTED_EDGE('',*,*,#4388,.T.);
#4423=VECTOR('',#15,2.1);
#4424=CARTESIAN_POINT('',(4.4357,-0.1667,-1.8));
#4425=LINE('',#4424,#4423);
#4426=EDGE_CURVE('',#4357,#4365,#4425,.T.);
#4427=ORIENTED_EDGE('',*,*,#4426,.T.);
#4428=ORIENTED_EDGE('',*,*,#4399,.F.);
#4429=VECTOR('',#15,2.1);
#4430=CARTESIAN_POINT('',(3.9643,-0.1667,-1.8));
#4431=LINE('',#4430,#4429);
#4432=EDGE_CURVE('',#4355,#4363,#4431,.T.);
#4433=ORIENTED_EDGE('',*,*,#4432,.F.);
#4434=EDGE_LOOP('',(#4422,#4427,#4428,#4433));
#4435=FACE_OUTER_BOUND('',#4434,.T.);
#4436=CARTESIAN_POINT('',(3.9643,-0.1667,-1.8));
#4437=AXIS2_PLACEMENT_3D('',#4436,#103,#16);
#4438=PLANE('',#4437);
#4439=ADVANCED_FACE('',(#4435),#4438,.T.);
#4440=VECTOR('',#15,2.1);
#4441=CARTESIAN_POINT('',(3.9643,-0.0833,-1.8));
#4442=LINE('',#4441,#4440);
#4443=EDGE_CURVE('',#4359,#4367,#4442,.T.);
#4444=ORIENTED_EDGE('',*,*,#4443,.T.);
#4445=ORIENTED_EDGE('',*,*,#4409,.T.);
#4446=VECTOR('',#15,2.1);
#4447=CARTESIAN_POINT('',(4.4357,-0.0833,-1.8));
#4448=LINE('',#4447,#4446);
#4449=EDGE_CURVE('',#4361,#4369,#4448,.T.);
#4450=ORIENTED_EDGE('',*,*,#4449,.F.);
#4451=ORIENTED_EDGE('',*,*,#4378,.F.);
#4452=EDGE_LOOP('',(#4444,#4445,#4450,#4451));
#4453=FACE_OUTER_BOUND('',#4452,.T.);
#4454=CARTESIAN_POINT('',(3.9643,-0.0833,-1.8));
#4455=AXIS2_PLACEMENT_3D('',#4454,#34,#16);
#4456=PLANE('',#4455);
#4457=ADVANCED_FACE('',(#4453),#4456,.T.);
#4458=ORIENTED_EDGE('',*,*,#4432,.T.);
#4459=ORIENTED_EDGE('',*,*,#4414,.T.);
#4460=ORIENTED_EDGE('',*,*,#4443,.F.);
#4461=ORIENTED_EDGE('',*,*,#4373,.F.);
#4462=EDGE_LOOP('',(#4458,#4459,#4460,#4461));
#4463=FACE_OUTER_BOUND('',#4462,.T.);
#4464=CARTESIAN_POINT('',(3.9643,-0.1667,-1.8));
#4465=AXIS2_PLACEMENT_3D('',#4464,#132,#34);
#4466=PLANE('',#4465);
#4467=ADVANCED_FACE('',(#4463),#4466,.T.);
#4468=ORIENTED_EDGE('',*,*,#4383,.T.);
#4469=ORIENTED_EDGE('',*,*,#4449,.T.);
#4470=ORIENTED_EDGE('',*,*,#4404,.F.);
#4471=ORIENTED_EDGE('',*,*,#4426,.F.);
#4472=EDGE_LOOP('',(#4468,#4469,#4470,#4471));
#4473=FACE_OUTER_BOUND('',#4472,.T.);
#4474=CARTESIAN_POINT('',(4.4357,-0.1667,-1.8));
#4475=AXIS2_PLACEMENT_3D('',#4474,#16,#34);
#4476=PLANE('',#4475);
#4477=ADVANCED_FACE('',(#4473),#4476,.T.);
#4478=CLOSED_SHELL('',(#4395,#4421,#4439,#4457,#4467,#4477));
#4479=MANIFOLD_SOLID_BREP('Conductor_2_4',#4478);
#4480=STYLED_ITEM('color',(#1685),#4479);
#4481=CARTESIAN_POINT('',(4.0137,-0.25,-1.8));
#4482=VERTEX_POINT('',#4481);
#4483=CARTESIAN_POINT('',(4.3863,-0.25,-1.8));
#4484=VERTEX_POINT('',#4483);
#4485=CARTESIAN_POINT('',(4.0137,-0.1667,-1.8));
#4486=VERTEX_POINT('',#4485);
#4487=CARTESIAN_POINT('',(4.3863,-0.1667,-1.8));
#4488=VERTEX_POINT('',#4487);
#4489=CARTESIAN_POINT('',(4.0137,-0.25,0.3));
#4490=VERTEX_POINT('',#4489);
#4491=CARTESIAN_POINT('',(4.3863,-0.25,0.3));
#4492=VERTEX_POINT('',#4491);
#4493=CARTESIAN_POINT('',(4.0137,-0.1667,0.3));
#4494=VERTEX_POINT('',#4493);
#4495=CARTESIAN_POINT('',(4.3863,-0.1667,0.3));
#4496=VERTEX_POINT('',#4495);
#4497=VECTOR('',#34,0.0833);
#4498=CARTESIAN_POINT('',(4.0137,-0.25,-1.8));
#4499=LINE('',#4498,#4497);
#4500=EDGE_CURVE('',#4482,#4486,#4499,.T.);
#4501=ORIENTED_EDGE('',*,*,#4500,.T.);
#4502=VECTOR('',#16,0.3727);
#4503=CARTESIAN_POINT('',(4.0137,-0.1667,-1.8));
#4504=LINE('',#4503,#4502);
#4505=EDGE_CURVE('',#4486,#4488,#4504,.T.);
#4506=ORIENTED_EDGE('',*,*,#4505,.T.);
#4507=VECTOR('',#34,0.0833);
#4508=CARTESIAN_POINT('',(4.3863,-0.25,-1.8));
#4509=LINE('',#4508,#4507);
#4510=EDGE_CURVE('',#4484,#4488,#4509,.T.);
#4511=ORIENTED_EDGE('',*,*,#4510,.F.);
#4512=VECTOR('',#16,0.3727);
#4513=CARTESIAN_POINT('',(4.0137,-0.25,-1.8));
#4514=LINE('',#4513,#4512);
#4515=EDGE_CURVE('',#4482,#4484,#4514,.T.);
#4516=ORIENTED_EDGE('',*,*,#4515,.F.);
#4517=EDGE_LOOP('',(#4501,#4506,#4511,#4516));
#4518=FACE_OUTER_BOUND('',#4517,.T.);
#4519=CARTESIAN_POINT('',(4.0137,-0.25,-1.8));
#4520=AXIS2_PLACEMENT_3D('',#4519,#58,#16);
#4521=PLANE('',#4520);
#4522=ADVANCED_FACE('',(#4518),#4521,.T.);
#4523=VECTOR('',#16,0.3727);
#4524=CARTESIAN_POINT('',(4.0137,-0.25,0.3));
#4525=LINE('',#4524,#4523);
#4526=EDGE_CURVE('',#4490,#4492,#4525,.T.);
#4527=ORIENTED_EDGE('',*,*,#4526,.T.);
#4528=VECTOR('',#34,0.0833);
#4529=CARTESIAN_POINT('',(4.3863,-0.25,0.3));
#4530=LINE('',#4529,#4528);
#4531=EDGE_CURVE('',#4492,#4496,#4530,.T.);
#4532=ORIENTED_EDGE('',*,*,#4531,.T.);
#4533=VECTOR('',#16,0.3727);
#4534=CARTESIAN_POINT('',(4.0137,-0.1667,0.3));
#4535=LINE('',#4534,#4533);
#4536=EDGE_CURVE('',#4494,#4496,#4535,.T.);
#4537=ORIENTED_EDGE('',*,*,#4536,.F.);
#4538=VECTOR('',#34,0.0833);
#4539=CARTESIAN_POINT('',(4.0137,-0.25,0.3));
#4540=LINE('',#4539,#4538);
#4541=EDGE_CURVE('',#4490,#4494,#4540,.T.);
#4542=ORIENTED_EDGE('',*,*,#4541,.F.);
#4543=EDGE_LOOP('',(#4527,#4532,#4537,#4542));
#4544=FACE_OUTER_BOUND('',#4543,.T.);
#4545=CARTESIAN_POINT('',(4.0137,-0.25,0.3));
#4546=AXIS2_PLACEMENT_3D('',#4545,#15,#16);
#4547=PLANE('',#4546);
#4548=ADVANCED_FACE('',(#4544),#4547,.T.);
#4549=ORIENTED_EDGE('',*,*,#4515,.T.);
#4550=VECTOR('',#15,2.1);
#4551=CARTESIAN_POINT('',(4.3863,-0.25,-1.8));
#4552=LINE('',#4551,#4550);
#4553=EDGE_CURVE('',#4484,#4492,#4552,.T.);
#4554=ORIENTED_EDGE('',*,*,#4553,.T.);
#4555=ORIENTED_EDGE('',*,*,#4526,.F.);
#4556=VECTOR('',#15,2.1);
#4557=CARTESIAN_POINT('',(4.0137,-0.25,-1.8));
#4558=LINE('',#4557,#4556);
#4559=EDGE_CURVE('',#4482,#4490,#4558,.T.);
#4560=ORIENTED_EDGE('',*,*,#4559,.F.);
#4561=EDGE_LOOP('',(#4549,#4554,#4555,#4560));
#4562=FACE_OUTER_BOUND('',#4561,.T.);
#4563=CARTESIAN_POINT('',(4.0137,-0.25,-1.8));
#4564=AXIS2_PLACEMENT_3D('',#4563,#103,#16);
#4565=PLANE('',#4564);
#4566=ADVANCED_FACE('',(#4562),#4565,.T.);
#4567=VECTOR('',#15,2.1);
#4568=CARTESIAN_POINT('',(4.0137,-0.1667,-1.8));
#4569=LINE('',#4568,#4567);
#4570=EDGE_CURVE('',#4486,#4494,#4569,.T.);
#4571=ORIENTED_EDGE('',*,*,#4570,.T.);
#4572=ORIENTED_EDGE('',*,*,#4536,.T.);
#4573=VECTOR('',#15,2.1);
#4574=CARTESIAN_POINT('',(4.3863,-0.1667,-1.8));
#4575=LINE('',#4574,#4573);
#4576=EDGE_CURVE('',#4488,#4496,#4575,.T.);
#4577=ORIENTED_EDGE('',*,*,#4576,.F.);
#4578=ORIENTED_EDGE('',*,*,#4505,.F.);
#4579=EDGE_LOOP('',(#4571,#4572,#4577,#4578));
#4580=FACE_OUTER_BOUND('',#4579,.T.);
#4581=CARTESIAN_POINT('',(4.0137,-0.1667,-1.8));
#4582=AXIS2_PLACEMENT_3D('',#4581,#34,#16);
#4583=PLANE('',#4582);
#4584=ADVANCED_FACE('',(#4580),#4583,.T.);
#4585=ORIENTED_EDGE('',*,*,#4559,.T.);
#4586=ORIENTED_EDGE('',*,*,#4541,.T.);
#4587=ORIENTED_EDGE('',*,*,#4570,.F.);
#4588=ORIENTED_EDGE('',*,*,#4500,.F.);
#4589=EDGE_LOOP('',(#4585,#4586,#4587,#4588));
#4590=FACE_OUTER_BOUND('',#4589,.T.);
#4591=CARTESIAN_POINT('',(4.0137,-0.25,-1.8));
#4592=AXIS2_PLACEMENT_3D('',#4591,#132,#34);
#4593=PLANE('',#4592);
#4594=ADVANCED_FACE('',(#4590),#4593,.T.);
#4595=ORIENTED_EDGE('',*,*,#4510,.T.);
#4596=ORIENTED_EDGE('',*,*,#4576,.T.);
#4597=ORIENTED_EDGE('',*,*,#4531,.F.);
#4598=ORIENTED_EDGE('',*,*,#4553,.F.);
#4599=EDGE_LOOP('',(#4595,#4596,#4597,#4598));
#4600=FACE_OUTER_BOUND('',#4599,.T.);
#4601=CARTESIAN_POINT('',(4.3863,-0.25,-1.8));
#4602=AXIS2_PLACEMENT_3D('',#4601,#16,#34);
#4603=PLANE('',#4602);
#4604=ADVANCED_FACE('',(#4600),#4603,.T.);
#4605=CLOSED_SHELL('',(#4522,#4548,#4566,#4584,#4594,#4604));
#4606=MANIFOLD_SOLID_BREP('Conductor_2_5',#4605);
#4607=STYLED_ITEM('color',(#1685),#4606);
#4608=CARTESIAN_POINT('',(7.9301,0.7083,0.3));
#4609=VERTEX_POINT('',#4608);
#4610=CARTESIAN_POINT('',(8.8699,0.7083,0.3));
#4611=VERTEX_POINT('',#4610);
#4612=CARTESIAN_POINT('',(7.9301,0.85,0.3));
#4613=VERTEX_POINT('',#4612);
#4614=CARTESIAN_POINT('',(8.8699,0.85,0.3));
#4615=VERTEX_POINT('',#4614);
#4616=CARTESIAN_POINT('',(7.9301,0.7083,10.));
#4617=VERTEX_POINT('',#4616);
#4618=CARTESIAN_POINT('',(8.8699,0.7083,10.));
#4619=VERTEX_POINT('',#4618);
#4620=CARTESIAN_POINT('',(7.9301,0.85,10.));
#4621=VERTEX_POINT('',#4620);
#4622=CARTESIAN_POINT('',(8.8699,0.85,10.));
#4623=VERTEX_POINT('',#4622);
#4624=VECTOR('',#34,0.1417);
#4625=CARTESIAN_POINT('',(7.9301,0.7083,0.3));
#4626=LINE('',#4625,#4624);
#4627=EDGE_CURVE('',#4609,#4613,#4626,.T.);
#4628=ORIENTED_EDGE('',*,*,#4627,.T.);
#4629=VECTOR('',#16,0.9397);
#4630=CARTESIAN_POINT('',(7.9301,0.85,0.3));
#4631=LINE('',#4630,#4629);
#4632=EDGE_CURVE('',#4613,#4615,#4631,.T.);
#4633=ORIENTED_EDGE('',*,*,#4632,.T.);
#4634=VECTOR('',#34,0.1417);
#4635=CARTESIAN_POINT('',(8.8699,0.7083,0.3));
#4636=LINE('',#4635,#4634);
#4637=EDGE_CURVE('',#4611,#4615,#4636,.T.);
#4638=ORIENTED_EDGE('',*,*,#4637,.F.);
#4639=VECTOR('',#16,0.9397);
#4640=CARTESIAN_POINT('',(7.9301,0.7083,0.3));
#4641=LINE('',#4640,#4639);
#4642=EDGE_CURVE('',#4609,#4611,#4641,.T.);
#4643=ORIENTED_EDGE('',*,*,#4642,.F.);
#4644=EDGE_LOOP('',(#4628,#4633,#4638,#4643));
#4645=FACE_OUTER_BOUND('',#4644,.T.);
#4646=CARTESIAN_POINT('',(7.9301,0.7083,0.3));
#4647=AXIS2_PLACEMENT_3D('',#4646,#58,#16);
#4648=PLANE('',#4647);
#4649=ADVANCED_FACE('',(#4645),#4648,.T.);
#4650=VECTOR('',#16,0.9397);
#4651=CARTESIAN_POINT('',(7.9301,0.7083,10.));
#4652=LINE('',#4651,#4650);
#4653=EDGE_CURVE('',#4617,#4619,#4652,.T.);
#4654=ORIENTED_EDGE('',*,*,#4653,.T.);
#4655=VECTOR('',#34,0.1417);
#4656=CARTESIAN_POINT('',(8.8699,0.7083,10.));
#4657=LINE('',#4656,#4655);
#4658=EDGE_CURVE('',#4619,#4623,#4657,.T.);
#4659=ORIENTED_EDGE('',*,*,#4658,.T.);
#4660=VECTOR('',#16,0.9397);
#4661=CARTESIAN_POINT('',(7.9301,0.85,10.));
#4662=LINE('',#4661,#4660);
#4663=EDGE_CURVE('',#4621,#4623,#4662,.T.);
#4664=ORIENTED_EDGE('',*,*,#4663,.F.);
#4665=VECTOR('',#34,0.1417);
#4666=CARTESIAN_POINT('',(7.9301,0.7083,10.));
#4667=LINE('',#4666,#4665);
#4668=EDGE_CURVE('',#4617,#4621,#4667,.T.);
#4669=ORIENTED_EDGE('',*,*,#4668,.F.);
#4670=EDGE_LOOP('',(#4654,#4659,#4664,#4669));
#4671=FACE_OUTER_BOUND('',#4670,.T.);
#4672=CARTESIAN_POINT('',(7.9301,0.7083,10.));
#4673=AXIS2_PLACEMENT_3D('',#4672,#15,#16);
#4674=PLANE('',#4673);
#4675=ADVANCED_FACE('',(#4671),#4674,.T.);
#4676=ORIENTED_EDGE('',*,*,#4642,.T.);
#4677=VECTOR('',#15,9.7);
#4678=CARTESIAN_POINT('',(8.8699,0.7083,0.3));
#4679=LINE('',#4678,#4677);
#4680=EDGE_CURVE('',#4611,#4619,#4679,.T.);
#4681=ORIENTED_EDGE('',*,*,#4680,.T.);
#4682=ORIENTED_EDGE('',*,*,#4653,.F.);
#4683=VECTOR('',#15,9.7);
#4684=CARTESIAN_POINT('',(7.9301,0.7083,0.3));
#4685=LINE('',#4684,#4683);
#4686=EDGE_CURVE('',#4609,#4617,#4685,.T.);
#4687=ORIENTED_EDGE('',*,*,#4686,.F.);
#4688=EDGE_LOOP('',(#4676,#4681,#4682,#4687));
#4689=FACE_OUTER_BOUND('',#4688,.T.);
#4690=CARTESIAN_POINT('',(7.9301,0.7083,0.3));
#4691=AXIS2_PLACEMENT_3D('',#4690,#103,#16);
#4692=PLANE('',#4691);
#4693=ADVANCED_FACE('',(#4689),#4692,.T.);
#4694=VECTOR('',#15,9.7);
#4695=CARTESIAN_POINT('',(7.9301,0.85,0.3));
#4696=LINE('',#4695,#4694);
#4697=EDGE_CURVE('',#4613,#4621,#4696,.T.);
#4698=ORIENTED_EDGE('',*,*,#4697,.T.);
#4699=ORIENTED_EDGE('',*,*,#4663,.T.);
#4700=VECTOR('',#15,9.7);
#4701=CARTESIAN_POINT('',(8.8699,0.85,0.3));
#4702=LINE('',#4701,#4700);
#4703=EDGE_CURVE('',#4615,#4623,#4702,.T.);
#4704=ORIENTED_EDGE('',*,*,#4703,.F.);
#4705=ORIENTED_EDGE('',*,*,#4632,.F.);
#4706=EDGE_LOOP('',(#4698,#4699,#4704,#4705));
#4707=FACE_OUTER_BOUND('',#4706,.T.);
#4708=CARTESIAN_POINT('',(7.9301,0.85,0.3));
#4709=AXIS2_PLACEMENT_3D('',#4708,#34,#16);
#4710=PLANE('',#4709);
#4711=ADVANCED_FACE('',(#4707),#4710,.T.);
#4712=ORIENTED_EDGE('',*,*,#4686,.T.);
#4713=ORIENTED_EDGE('',*,*,#4668,.T.);
#4714=ORIENTED_EDGE('',*,*,#4697,.F.);
#4715=ORIENTED_EDGE('',*,*,#4627,.F.);
#4716=EDGE_LOOP('',(#4712,#4713,#4714,#4715));
#4717=FACE_OUTER_BOUND('',#4716,.T.);
#4718=CARTESIAN_POINT('',(7.9301,0.7083,0.3));
#4719=AXIS2_PLACEMENT_3D('',#4718,#132,#34);
#4720=PLANE('',#4719);
#4721=ADVANCED_FACE('',(#4717),#4720,.T.);
#4722=ORIENTED_EDGE('',*,*,#4637,.T.);
#4723=ORIENTED_EDGE('',*,*,#4703,.T.);
#4724=ORIENTED_EDGE('',*,*,#4658,.F.);
#4725=ORIENTED_EDGE('',*,*,#4680,.F.);
#4726=EDGE_LOOP('',(#4722,#4723,#4724,#4725));
#4727=FACE_OUTER_BOUND('',#4726,.T.);
#4728=CARTESIAN_POINT('',(8.8699,0.7083,0.3));
#4729=AXIS2_PLACEMENT_3D('',#4728,#16,#34);
#4730=PLANE('',#4729);
#4731=ADVANCED_FACE('',(#4727),#4730,.T.);
#4732=CLOSED_SHELL('',(#4649,#4675,#4693,#4711,#4721,#4731));
#4733=MANIFOLD_SOLID_BREP('Wire_3_0',#4732);
#4734=STYLED_ITEM('color',(#154),#4733);
#4735=CARTESIAN_POINT('',(7.7664,0.5667,0.3));
#4736=VERTEX_POINT('',#4735);
#4737=CARTESIAN_POINT('',(9.0336,0.5667,0.3));
#4738=VERTEX_POINT('',#4737);
#4739=CARTESIAN_POINT('',(7.7664,0.7083,0.3));
#4740=VERTEX_POINT('',#4739);
#4741=CARTESIAN_POINT('',(9.0336,0.7083,0.3));
#4742=VERTEX_POINT('',#4741);
#4743=CARTESIAN_POINT('',(7.7664,0.5667,10.));
#4744=VERTEX_POINT('',#4743);
#4745=CARTESIAN_POINT('',(9.0336,0.5667,10.));
#4746=VERTEX_POINT('',#4745);
#4747=CARTESIAN_POINT('',(7.7664,0.7083,10.));
#4748=VERTEX_POINT('',#4747);
#4749=CARTESIAN_POINT('',(9.0336,0.7083,10.));
#4750=VERTEX_POINT('',#4749);
#4751=VECTOR('',#34,0.1417);
#4752=CARTESIAN_POINT('',(7.7664,0.5667,0.3));
#4753=LINE('',#4752,#4751);
#4754=EDGE_CURVE('',#4736,#4740,#4753,.T.);
#4755=ORIENTED_EDGE('',*,*,#4754,.T.);
#4756=VECTOR('',#16,1.2671);
#4757=CARTESIAN_POINT('',(7.7664,0.7083,0.3));
#4758=LINE('',#4757,#4756);
#4759=EDGE_CURVE('',#4740,#4742,#4758,.T.);
#4760=ORIENTED_EDGE('',*,*,#4759,.T.);
#4761=VECTOR('',#34,0.1417);
#4762=CARTESIAN_POINT('',(9.0336,0.5667,0.3));
#4763=LINE('',#4762,#4761);
#4764=EDGE_CURVE('',#4738,#4742,#4763,.T.);
#4765=ORIENTED_EDGE('',*,*,#4764,.F.);
#4766=VECTOR('',#16,1.2671);
#4767=CARTESIAN_POINT('',(7.7664,0.5667,0.3));
#4768=LINE('',#4767,#4766);
#4769=EDGE_CURVE('',#4736,#4738,#4768,.T.);
#4770=ORIENTED_EDGE('',*,*,#4769,.F.);
#4771=EDGE_LOOP('',(#4755,#4760,#4765,#4770));
#4772=FACE_OUTER_BOUND('',#4771,.T.);
#4773=CARTESIAN_POINT('',(7.7664,0.5667,0.3));
#4774=AXIS2_PLACEMENT_3D('',#4773,#58,#16);
#4775=PLANE('',#4774);
#4776=ADVANCED_FACE('',(#4772),#4775,.T.);
#4777=VECTOR('',#16,1.2671);
#4778=CARTESIAN_POINT('',(7.7664,0.5667,10.));
#4779=LINE('',#4778,#4777);
#4780=EDGE_CURVE('',#4744,#4746,#4779,.T.);
#4781=ORIENTED_EDGE('',*,*,#4780,.T.);
#4782=VECTOR('',#34,0.1417);
#4783=CARTESIAN_POINT('',(9.0336,0.5667,10.));
#4784=LINE('',#4783,#4782);
#4785=EDGE_CURVE('',#4746,#4750,#4784,.T.);
#4786=ORIENTED_EDGE('',*,*,#4785,.T.);
#4787=VECTOR('',#16,1.2671);
#4788=CARTESIAN_POINT('',(7.7664,0.7083,10.));
#4789=LINE('',#4788,#4787);
#4790=EDGE_CURVE('',#4748,#4750,#4789,.T.);
#4791=ORIENTED_EDGE('',*,*,#4790,.F.);
#4792=VECTOR('',#34,0.1417);
#4793=CARTESIAN_POINT('',(7.7664,0.5667,10.));
#4794=LINE('',#4793,#4792);
#4795=EDGE_CURVE('',#4744,#4748,#4794,.T.);
#4796=ORIENTED_EDGE('',*,*,#4795,.F.);
#4797=EDGE_LOOP('',(#4781,#4786,#4791,#4796));
#4798=FACE_OUTER_BOUND('',#4797,.T.);
#4799=CARTESIAN_POINT('',(7.7664,0.5667,10.));
#4800=AXIS2_PLACEMENT_3D('',#4799,#15,#16);
#4801=PLANE('',#4800);
#4802=ADVANCED_FACE('',(#4798),#4801,.T.);
#4803=ORIENTED_EDGE('',*,*,#4769,.T.);
#4804=VECTOR('',#15,9.7);
#4805=CARTESIAN_POINT('',(9.0336,0.5667,0.3));
#4806=LINE('',#4805,#4804);
#4807=EDGE_CURVE('',#4738,#4746,#4806,.T.);
#4808=ORIENTED_EDGE('',*,*,#4807,.T.);
#4809=ORIENTED_EDGE('',*,*,#4780,.F.);
#4810=VECTOR('',#15,9.7);
#4811=CARTESIAN_POINT('',(7.7664,0.5667,0.3));
#4812=LINE('',#4811,#4810);
#4813=EDGE_CURVE('',#4736,#4744,#4812,.T.);
#4814=ORIENTED_EDGE('',*,*,#4813,.F.);
#4815=EDGE_LOOP('',(#4803,#4808,#4809,#4814));
#4816=FACE_OUTER_BOUND('',#4815,.T.);
#4817=CARTESIAN_POINT('',(7.7664,0.5667,0.3));
#4818=AXIS2_PLACEMENT_3D('',#4817,#103,#16);
#4819=PLANE('',#4818);
#4820=ADVANCED_FACE('',(#4816),#4819,.T.);
#4821=VECTOR('',#15,9.7);
#4822=CARTESIAN_POINT('',(7.7664,0.7083,0.3));
#4823=LINE('',#4822,#4821);
#4824=EDGE_CURVE('',#4740,#4748,#4823,.T.);
#4825=ORIENTED_EDGE('',*,*,#4824,.T.);
#4826=ORIENTED_EDGE('',*,*,#4790,.T.);
#4827=VECTOR('',#15,9.7);
#4828=CARTESIAN_POINT('',(9.0336,0.7083,0.3));
#4829=LINE('',#4828,#4827);
#4830=EDGE_CURVE('',#4742,#4750,#4829,.T.);
#4831=ORIENTED_EDGE('',*,*,#4830,.F.);
#4832=ORIENTED_EDGE('',*,*,#4759,.F.);
#4833=EDGE_LOOP('',(#4825,#4826,#4831,#4832));
#4834=FACE_OUTER_BOUND('',#4833,.T.);
#4835=CARTESIAN_POINT('',(7.7664,0.7083,0.3));
#4836=AXIS2_PLACEMENT_3D('',#4835,#34,#16);
#4837=PLANE('',#4836);
#4838=ADVANCED_FACE('',(#4834),#4837,.T.);
#4839=ORIENTED_EDGE('',*,*,#4813,.T.);
#4840=ORIENTED_EDGE('',*,*,#4795,.T.);
#4841=ORIENTED_EDGE('',*,*,#4824,.F.);
#4842=ORIENTED_EDGE('',*,*,#4754,.F.);
#4843=EDGE_LOOP('',(#4839,#4840,#4841,#4842));
#4844=FACE_OUTER_BOUND('',#4843,.T.);
#4845=CARTESIAN_POINT('',(7.7664,0.5667,0.3));
#4846=AXIS2_PLACEMENT_3D('',#4845,#132,#34);
#4847=PLANE('',#4846);
#4848=ADVANCED_FACE('',(#4844),#4847,.T.);
#4849=ORIENTED_EDGE('',*,*,#4764,.T.);
#4850=ORIENTED_EDGE('',*,*,#4830,.T.);
#4851=ORIENTED_EDGE('',*,*,#4785,.F.);
#4852=ORIENTED_EDGE('',*,*,#4807,.F.);
#4853=EDGE_LOOP('',(#4849,#4850,#4851,#4852));
#4854=FACE_OUTER_BOUND('',#4853,.T.);
#4855=CARTESIAN_POINT('',(9.0336,0.5667,0.3));
#4856=AXIS2_PLACEMENT_3D('',#4855,#16,#34);
#4857=PLANE('',#4856);
#4858=ADVANCED_FACE('',(#4854),#4857,.T.);
#4859=CLOSED_SHELL('',(#4776,#4802,#4820,#4838,#4848,#4858));
#4860=MANIFOLD_SOLID_BREP('Wire_3_1',#4859);
#4861=STYLED_ITEM('color',(#154),#4860);
#4862=CARTESIAN_POINT('',(7.6639,0.425,0.3));
#4863=VERTEX_POINT('',#4862);
#4864=CARTESIAN_POINT('',(9.1361,0.425,0.3));
#4865=VERTEX_POINT('',#4864);
#4866=CARTESIAN_POINT('',(7.6639,0.5667,0.3));
#4867=VERTEX_POINT('',#4866);
#4868=CARTESIAN_POINT('',(9.1361,0.5667,0.3));
#4869=VERTEX_POINT('',#4868);
#4870=CARTESIAN_POINT('',(7.6639,0.425,10.));
#4871=VERTEX_POINT('',#4870);
#4872=CARTESIAN_POINT('',(9.1361,0.425,10.));
#4873=VERTEX_POINT('',#4872);
#4874=CARTESIAN_POINT('',(7.6639,0.5667,10.));
#4875=VERTEX_POINT('',#4874);
#4876=CARTESIAN_POINT('',(9.1361,0.5667,10.));
#4877=VERTEX_POINT('',#4876);
#4878=VECTOR('',#34,0.1417);
#4879=CARTESIAN_POINT('',(7.6639,0.425,0.3));
#4880=LINE('',#4879,#4878);
#4881=EDGE_CURVE('',#4863,#4867,#4880,.T.);
#4882=ORIENTED_EDGE('',*,*,#4881,.T.);
#4883=VECTOR('',#16,1.4722);
#4884=CARTESIAN_POINT('',(7.6639,0.5667,0.3));
#4885=LINE('',#4884,#4883);
#4886=EDGE_CURVE('',#4867,#4869,#4885,.T.);
#4887=ORIENTED_EDGE('',*,*,#4886,.T.);
#4888=VECTOR('',#34,0.1417);
#4889=CARTESIAN_POINT('',(9.1361,0.425,0.3));
#4890=LINE('',#4889,#4888);
#4891=EDGE_CURVE('',#4865,#4869,#4890,.T.);
#4892=ORIENTED_EDGE('',*,*,#4891,.F.);
#4893=VECTOR('',#16,1.4722);
#4894=CARTESIAN_POINT('',(7.6639,0.425,0.3));
#4895=LINE('',#4894,#4893);
#4896=EDGE_CURVE('',#4863,#4865,#4895,.T.);
#4897=ORIENTED_EDGE('',*,*,#4896,.F.);
#4898=EDGE_LOOP('',(#4882,#4887,#4892,#4897));
#4899=FACE_OUTER_BOUND('',#4898,.T.);
#4900=CARTESIAN_POINT('',(7.6639,0.425,0.3));
#4901=AXIS2_PLACEMENT_3D('',#4900,#58,#16);
#4902=PLANE('',#4901);
#4903=ADVANCED_FACE('',(#4899),#4902,.T.);
#4904=VECTOR('',#16,1.4722);
#4905=CARTESIAN_POINT('',(7.6639,0.425,10.));
#4906=LINE('',#4905,#4904);
#4907=EDGE_CURVE('',#4871,#4873,#4906,.T.);
#4908=ORIENTED_EDGE('',*,*,#4907,.T.);
#4909=VECTOR('',#34,0.1417);
#4910=CARTESIAN_POINT('',(9.1361,0.425,10.));
#4911=LINE('',#4910,#4909);
#4912=EDGE_CURVE('',#4873,#4877,#4911,.T.);
#4913=ORIENTED_EDGE('',*,*,#4912,.T.);
#4914=VECTOR('',#16,1.4722);
#4915=CARTESIAN_POINT('',(7.6639,0.5667,10.));
#4916=LINE('',#4915,#4914);
#4917=EDGE_CURVE('',#4875,#4877,#4916,.T.);
#4918=ORIENTED_EDGE('',*,*,#4917,.F.);
#4919=VECTOR('',#34,0.1417);
#4920=CARTESIAN_POINT('',(7.6639,0.425,10.));
#4921=LINE('',#4920,#4919);
#4922=EDGE_CURVE('',#4871,#4875,#4921,.T.);
#4923=ORIENTED_EDGE('',*,*,#4922,.F.);
#4924=EDGE_LOOP('',(#4908,#4913,#4918,#4923));
#4925=FACE_OUTER_BOUND('',#4924,.T.);
#4926=CARTESIAN_POINT('',(7.6639,0.425,10.));
#4927=AXIS2_PLACEMENT_3D('',#4926,#15,#16);
#4928=PLANE('',#4927);
#4929=ADVANCED_FACE('',(#4925),#4928,.T.);
#4930=ORIENTED_EDGE('',*,*,#4896,.T.);
#4931=VECTOR('',#15,9.7);
#4932=CARTESIAN_POINT('',(9.1361,0.425,0.3));
#4933=LINE('',#4932,#4931);
#4934=EDGE_CURVE('',#4865,#4873,#4933,.T.);
#4935=ORIENTED_EDGE('',*,*,#4934,.T.);
#4936=ORIENTED_EDGE('',*,*,#4907,.F.);
#4937=VECTOR('',#15,9.7);
#4938=CARTESIAN_POINT('',(7.6639,0.425,0.3));
#4939=LINE('',#4938,#4937);
#4940=EDGE_CURVE('',#4863,#4871,#4939,.T.);
#4941=ORIENTED_EDGE('',*,*,#4940,.F.);
#4942=EDGE_LOOP('',(#4930,#4935,#4936,#4941));
#4943=FACE_OUTER_BOUND('',#4942,.T.);
#4944=CARTESIAN_POINT('',(7.6639,0.425,0.3));
#4945=AXIS2_PLACEMENT_3D('',#4944,#103,#16);
#4946=PLANE('',#4945);
#4947=ADVANCED_FACE('',(#4943),#4946,.T.);
#4948=VECTOR('',#15,9.7);
#4949=CARTESIAN_POINT('',(7.6639,0.5667,0.3));
#4950=LINE('',#4949,#4948);
#4951=EDGE_CURVE('',#4867,#4875,#4950,.T.);
#4952=ORIENTED_EDGE('',*,*,#4951,.T.);
#4953=ORIENTED_EDGE('',*,*,#4917,.T.);
#4954=VECTOR('',#15,9.7);
#4955=CARTESIAN_POINT('',(9.1361,0.5667,0.3));
#4956=LINE('',#4955,#4954);
#4957=EDGE_CURVE('',#4869,#4877,#4956,.T.);
#4958=ORIENTED_EDGE('',*,*,#4957,.F.);
#4959=ORIENTED_EDGE('',*,*,#4886,.F.);
#4960=EDGE_LOOP('',(#4952,#4953,#4958,#4959));
#4961=FACE_OUTER_BOUND('',#4960,.T.);
#4962=CARTESIAN_POINT('',(7.6639,0.5667,0.3));
#4963=AXIS2_PLACEMENT_3D('',#4962,#34,#16);
#4964=PLANE('',#4963);
#4965=ADVANCED_FACE('',(#4961),#4964,.T.);
#4966=ORIENTED_EDGE('',*,*,#4940,.T.);
#4967=ORIENTED_EDGE('',*,*,#4922,.T.);
#4968=ORIENTED_EDGE('',*,*,#4951,.F.);
#4969=ORIENTED_EDGE('',*,*,#4881,.F.);
#4970=EDGE_LOOP('',(#4966,#4967,#4968,#4969));
#4971=FACE_OUTER_BOUND('',#4970,.T.);
#4972=CARTESIAN_POINT('',(7.6639,0.425,0.3));
#4973=AXIS2_PLACEMENT_3D('',#4972,#132,#34);
#4974=PLANE('',#4973);
#4975=ADVANCED_FACE('',(#4971),#4974,.T.);
#4976=ORIENTED_EDGE('',*,*,#4891,.T.);
#4977=ORIENTED_EDGE('',*,*,#4957,.T.);
#4978=ORIENTED_EDGE('',*,*,#4912,.F.);
#4979=ORIENTED_EDGE('',*,*,#4934,.F.);
#4980=EDGE_LOOP('',(#4976,#4977,#4978,#4979));
#4981=FACE_OUTER_BOUND('',#4980,.T.);
#4982=CARTESIAN_POINT('',(9.1361,0.425,0.3));
#4983=AXIS2_PLACEMENT_3D('',#4982,#16,#34);
#4984=PLANE('',#4983);
#4985=ADVANCED_FACE('',(#4981),#4984,.T.);
#4986=CLOSED_SHELL('',(#4903,#4929,#4947,#4965,#4975,#4985));
#4987=MANIFOLD_SOLID_BREP('Wire_3_2',#4986);
#4988=STYLED_ITEM('color',(#154),#4987);
#4989=CARTESIAN_POINT('',(7.5986,0.2833,0.3));
#4990=VERTEX_POINT('',#4989);
#4991=CARTESIAN_POINT('',(9.2014,0.2833,0.3));
#4992=VERTEX_POINT('',#4991);
#4993=CARTESIAN_POINT('',(7.5986,0.425,0.3));
#4994=VERTEX_POINT('',#4993);
#4995=CARTESIAN_POINT('',(9.2014,0.425,0.3));
#4996=VERTEX_POINT('',#4995);
#4997=CARTESIAN_POINT('',(7.5986,0.2833,10.));
#4998=VERTEX_POINT('',#4997);
#4999=CARTESIAN_POINT('',(9.2014,0.2833,10.));
#5000=VERTEX_POINT('',#4999);
#5001=CARTESIAN_POINT('',(7.5986,0.425,10.));
#5002=VERTEX_POINT('',#5001);
#5003=CARTESIAN_POINT('',(9.2014,0.425,10.));
#5004=VERTEX_POINT('',#5003);
#5005=VECTOR('',#34,0.1417);
#5006=CARTESIAN_POINT('',(7.5986,0.2833,0.3));
#5007=LINE('',#5006,#5005);
#5008=EDGE_CURVE('',#4990,#4994,#5007,.T.);
#5009=ORIENTED_EDGE('',*,*,#5008,.T.);
#5010=VECTOR('',#16,1.6028);
#5011=CARTESIAN_POINT('',(7.5986,0.425,0.3));
#5012=LINE('',#5011,#5010);
#5013=EDGE_CURVE('',#4994,#4996,#5012,.T.);
#5014=ORIENTED_EDGE('',*,*,#5013,.T.);
#5015=VECTOR('',#34,0.1417);
#5016=CARTESIAN_POINT('',(9.2014,0.2833,0.3));
#5017=LINE('',#5016,#5015);
#5018=EDGE_CURVE('',#4992,#4996,#5017,.T.);
#5019=ORIENTED_EDGE('',*,*,#5018,.F.);
#5020=VECTOR('',#16,1.6028);
#5021=CARTESIAN_POINT('',(7.5986,0.2833,0.3));
#5022=LINE('',#5021,#5020);
#5023=EDGE_CURVE('',#4990,#4992,#5022,.T.);
#5024=ORIENTED_EDGE('',*,*,#5023,.F.);
#5025=EDGE_LOOP('',(#5009,#5014,#5019,#5024));
#5026=FACE_OUTER_BOUND('',#5025,.T.);
#5027=CARTESIAN_POINT('',(7.5986,0.2833,0.3));
#5028=AXIS2_PLACEMENT_3D('',#5027,#58,#16);
#5029=PLANE('',#5028);
#5030=ADVANCED_FACE('',(#5026),#5029,.T.);
#5031=VECTOR('',#16,1.6028);
#5032=CARTESIAN_POINT('',(7.5986,0.2833,10.));
#5033=LINE('',#5032,#5031);
#5034=EDGE_CURVE('',#4998,#5000,#5033,.T.);
#5035=ORIENTED_EDGE('',*,*,#5034,.T.);
#5036=VECTOR('',#34,0.1417);
#5037=CARTESIAN_POINT('',(9.2014,0.2833,10.));
#5038=LINE('',#5037,#5036);
#5039=EDGE_CURVE('',#5000,#5004,#5038,.T.);
#5040=ORIENTED_EDGE('',*,*,#5039,.T.);
#5041=VECTOR('',#16,1.6028);
#5042=CARTESIAN_POINT('',(7.5986,0.425,10.));
#5043=LINE('',#5042,#5041);
#5044=EDGE_CURVE('',#5002,#5004,#5043,.T.);
#5045=ORIENTED_EDGE('',*,*,#5044,.F.);
#5046=VECTOR('',#34,0.1417);
#5047=CARTESIAN_POINT('',(7.5986,0.2833,10.));
#5048=LINE('',#5047,#5046);
#5049=EDGE_CURVE('',#4998,#5002,#5048,.T.);
#5050=ORIENTED_EDGE('',*,*,#5049,.F.);
#5051=EDGE_LOOP('',(#5035,#5040,#5045,#5050));
#5052=FACE_OUTER_BOUND('',#5051,.T.);
#5053=CARTESIAN_POINT('',(7.5986,0.2833,10.));
#5054=AXIS2_PLACEMENT_3D('',#5053,#15,#16);
#5055=PLANE('',#5054);
#5056=ADVANCED_FACE('',(#5052),#5055,.T.);
#5057=ORIENTED_EDGE('',*,*,#5023,.T.);
#5058=VECTOR('',#15,9.7);
#5059=CARTESIAN_POINT('',(9.2014,0.2833,0.3));
#5060=LINE('',#5059,#5058);
#5061=EDGE_CURVE('',#4992,#5000,#5060,.T.);
#5062=ORIENTED_EDGE('',*,*,#5061,.T.);
#5063=ORIENTED_EDGE('',*,*,#5034,.F.);
#5064=VECTOR('',#15,9.7);
#5065=CARTESIAN_POINT('',(7.5986,0.2833,0.3));
#5066=LINE('',#5065,#5064);
#5067=EDGE_CURVE('',#4990,#4998,#5066,.T.);
#5068=ORIENTED_EDGE('',*,*,#5067,.F.);
#5069=EDGE_LOOP('',(#5057,#5062,#5063,#5068));
#5070=FACE_OUTER_BOUND('',#5069,.T.);
#5071=CARTESIAN_POINT('',(7.5986,0.2833,0.3));
#5072=AXIS2_PLACEMENT_3D('',#5071,#103,#16);
#5073=PLANE('',#5072);
#5074=ADVANCED_FACE('',(#5070),#5073,.T.);
#5075=VECTOR('',#15,9.7);
#5076=CARTESIAN_POINT('',(7.5986,0.425,0.3));
#5077=LINE('',#5076,#5075);
#5078=EDGE_CURVE('',#4994,#5002,#5077,.T.);
#5079=ORIENTED_EDGE('',*,*,#5078,.T.);
#5080=ORIENTED_EDGE('',*,*,#5044,.T.);
#5081=VECTOR('',#15,9.7);
#5082=CARTESIAN_POINT('',(9.2014,0.425,0.3));
#5083=LINE('',#5082,#5081);
#5084=EDGE_CURVE('',#4996,#5004,#5083,.T.);
#5085=ORIENTED_EDGE('',*,*,#5084,.F.);
#5086=ORIENTED_EDGE('',*,*,#5013,.F.);
#5087=EDGE_LOOP('',(#5079,#5080,#5085,#5086));
#5088=FACE_OUTER_BOUND('',#5087,.T.);
#5089=CARTESIAN_POINT('',(7.5986,0.425,0.3));
#5090=AXIS2_PLACEMENT_3D('',#5089,#34,#16);
#5091=PLANE('',#5090);
#5092=ADVANCED_FACE('',(#5088),#5091,.T.);
#5093=ORIENTED_EDGE('',*,*,#5067,.T.);
#5094=ORIENTED_EDGE('',*,*,#5049,.T.);
#5095=ORIENTED_EDGE('',*,*,#5078,.F.);
#5096=ORIENTED_EDGE('',*,*,#5008,.F.);
#5097=EDGE_LOOP('',(#5093,#5094,#5095,#5096));
#5098=FACE_OUTER_BOUND('',#5097,.T.);
#5099=CARTESIAN_POINT('',(7.5986,0.2833,0.3));
#5100=AXIS2_PLACEMENT_3D('',#5099,#132,#34);
#5101=PLANE('',#5100);
#5102=ADVANCED_FACE('',(#5098),#5101,.T.);
#5103=ORIENTED_EDGE('',*,*,#5018,.T.);
#5104=ORIENTED_EDGE('',*,*,#5084,.T.);
#5105=ORIENTED_EDGE('',*,*,#5039,.F.);
#5106=ORIENTED_EDGE('',*,*,#5061,.F.);
#5107=EDGE_LOOP('',(#5103,#5104,#5105,#5106));
#5108=FACE_OUTER_BOUND('',#5107,.T.);
#5109=CARTESIAN_POINT('',(9.2014,0.2833,0.3));
#5110=AXIS2_PLACEMENT_3D('',#5109,#16,#34);
#5111=PLANE('',#5110);
#5112=ADVANCED_FACE('',(#5108),#5111,.T.);
#5113=CLOSED_SHELL('',(#5030,#5056,#5074,#5092,#5102,#5112));
#5114=MANIFOLD_SOLID_BREP('Wire_3_3',#5113);
#5115=STYLED_ITEM('color',(#154),#5114);
#5116=CARTESIAN_POINT('',(7.5619,0.1417,0.3));
#5117=VERTEX_POINT('',#5116);
#5118=CARTESIAN_POINT('',(9.2381,0.1417,0.3));
#5119=VERTEX_POINT('',#5118);
#5120=CARTESIAN_POINT('',(7.5619,0.2833,0.3));
#5121=VERTEX_POINT('',#5120);
#5122=CARTESIAN_POINT('',(9.2381,0.2833,0.3));
#5123=VERTEX_POINT('',#5122);
#5124=CARTESIAN_POINT('',(7.5619,0.1417,10.));
#5125=VERTEX_POINT('',#5124);
#5126=CARTESIAN_POINT('',(9.2381,0.1417,10.));
#5127=VERTEX_POINT('',#5126);
#5128=CARTESIAN_POINT('',(7.5619,0.2833,10.));
#5129=VERTEX_POINT('',#5128);
#5130=CARTESIAN_POINT('',(9.2381,0.2833,10.));
#5131=VERTEX_POINT('',#5130);
#5132=VECTOR('',#34,0.1417);
#5133=CARTESIAN_POINT('',(7.5619,0.1417,0.3));
#5134=LINE('',#5133,#5132);
#5135=EDGE_CURVE('',#5117,#5121,#5134,.T.);
#5136=ORIENTED_EDGE('',*,*,#5135,.T.);
#5137=VECTOR('',#16,1.6762);
#5138=CARTESIAN_POINT('',(7.5619,0.2833,0.3));
#5139=LINE('',#5138,#5137);
#5140=EDGE_CURVE('',#5121,#5123,#5139,.T.);
#5141=ORIENTED_EDGE('',*,*,#5140,.T.);
#5142=VECTOR('',#34,0.1417);
#5143=CARTESIAN_POINT('',(9.2381,0.1417,0.3));
#5144=LINE('',#5143,#5142);
#5145=EDGE_CURVE('',#5119,#5123,#5144,.T.);
#5146=ORIENTED_EDGE('',*,*,#5145,.F.);
#5147=VECTOR('',#16,1.6762);
#5148=CARTESIAN_POINT('',(7.5619,0.1417,0.3));
#5149=LINE('',#5148,#5147);
#5150=EDGE_CURVE('',#5117,#5119,#5149,.T.);
#5151=ORIENTED_EDGE('',*,*,#5150,.F.);
#5152=EDGE_LOOP('',(#5136,#5141,#5146,#5151));
#5153=FACE_OUTER_BOUND('',#5152,.T.);
#5154=CARTESIAN_POINT('',(7.5619,0.1417,0.3));
#5155=AXIS2_PLACEMENT_3D('',#5154,#58,#16);
#5156=PLANE('',#5155);
#5157=ADVANCED_FACE('',(#5153),#5156,.T.);
#5158=VECTOR('',#16,1.6762);
#5159=CARTESIAN_POINT('',(7.5619,0.1417,10.));
#5160=LINE('',#5159,#5158);
#5161=EDGE_CURVE('',#5125,#5127,#5160,.T.);
#5162=ORIENTED_EDGE('',*,*,#5161,.T.);
#5163=VECTOR('',#34,0.1417);
#5164=CARTESIAN_POINT('',(9.2381,0.1417,10.));
#5165=LINE('',#5164,#5163);
#5166=EDGE_CURVE('',#5127,#5131,#5165,.T.);
#5167=ORIENTED_EDGE('',*,*,#5166,.T.);
#5168=VECTOR('',#16,1.6762);
#5169=CARTESIAN_POINT('',(7.5619,0.2833,10.));
#5170=LINE('',#5169,#5168);
#5171=EDGE_CURVE('',#5129,#5131,#5170,.T.);
#5172=ORIENTED_EDGE('',*,*,#5171,.F.);
#5173=VECTOR('',#34,0.1417);
#5174=CARTESIAN_POINT('',(7.5619,0.1417,10.));
#5175=LINE('',#5174,#5173);
#5176=EDGE_CURVE('',#5125,#5129,#5175,.T.);
#5177=ORIENTED_EDGE('',*,*,#5176,.F.);
#5178=EDGE_LOOP('',(#5162,#5167,#5172,#5177));
#5179=FACE_OUTER_BOUND('',#5178,.T.);
#5180=CARTESIAN_POINT('',(7.5619,0.1417,10.));
#5181=AXIS2_PLACEMENT_3D('',#5180,#15,#16);
#5182=PLANE('',#5181);
#5183=ADVANCED_FACE('',(#5179),#5182,.T.);
#5184=ORIENTED_EDGE('',*,*,#5150,.T.);
#5185=VECTOR('',#15,9.7);
#5186=CARTESIAN_POINT('',(9.2381,0.1417,0.3));
#5187=LINE('',#5186,#5185);
#5188=EDGE_CURVE('',#5119,#5127,#5187,.T.);
#5189=ORIENTED_EDGE('',*,*,#5188,.T.);
#5190=ORIENTED_EDGE('',*,*,#5161,.F.);
#5191=VECTOR('',#15,9.7);
#5192=CARTESIAN_POINT('',(7.5619,0.1417,0.3));
#5193=LINE('',#5192,#5191);
#5194=EDGE_CURVE('',#5117,#5125,#5193,.T.);
#5195=ORIENTED_EDGE('',*,*,#5194,.F.);
#5196=EDGE_LOOP('',(#5184,#5189,#5190,#5195));
#5197=FACE_OUTER_BOUND('',#5196,.T.);
#5198=CARTESIAN_POINT('',(7.5619,0.1417,0.3));
#5199=AXIS2_PLACEMENT_3D('',#5198,#103,#16);
#5200=PLANE('',#5199);
#5201=ADVANCED_FACE('',(#5197),#5200,.T.);
#5202=VECTOR('',#15,9.7);
#5203=CARTESIAN_POINT('',(7.5619,0.2833,0.3));
#5204=LINE('',#5203,#5202);
#5205=EDGE_CURVE('',#5121,#5129,#5204,.T.);
#5206=ORIENTED_EDGE('',*,*,#5205,.T.);
#5207=ORIENTED_EDGE('',*,*,#5171,.T.);
#5208=VECTOR('',#15,9.7);
#5209=CARTESIAN_POINT('',(9.2381,0.2833,0.3));
#5210=LINE('',#5209,#5208);
#5211=EDGE_CURVE('',#5123,#5131,#5210,.T.);
#5212=ORIENTED_EDGE('',*,*,#5211,.F.);
#5213=ORIENTED_EDGE('',*,*,#5140,.F.);
#5214=EDGE_LOOP('',(#5206,#5207,#5212,#5213));
#5215=FACE_OUTER_BOUND('',#5214,.T.);
#5216=CARTESIAN_POINT('',(7.5619,0.2833,0.3));
#5217=AXIS2_PLACEMENT_3D('',#5216,#34,#16);
#5218=PLANE('',#5217);
#5219=ADVANCED_FACE('',(#5215),#5218,.T.);
#5220=ORIENTED_EDGE('',*,*,#5194,.T.);
#5221=ORIENTED_EDGE('',*,*,#5176,.T.);
#5222=ORIENTED_EDGE('',*,*,#5205,.F.);
#5223=ORIENTED_EDGE('',*,*,#5135,.F.);
#5224=EDGE_LOOP('',(#5220,#5221,#5222,#5223));
#5225=FACE_OUTER_BOUND('',#5224,.T.);
#5226=CARTESIAN_POINT('',(7.5619,0.1417,0.3));
#5227=AXIS2_PLACEMENT_3D('',#5226,#132,#34);
#5228=PLANE('',#5227);
#5229=ADVANCED_FACE('',(#5225),#5228,.T.);
#5230=ORIENTED_EDGE('',*,*,#5145,.T.);
#5231=ORIENTED_EDGE('',*,*,#5211,.T.);
#5232=ORIENTED_EDGE('',*,*,#5166,.F.);
#5233=ORIENTED_EDGE('',*,*,#5188,.F.);
#5234=EDGE_LOOP('',(#5230,#5231,#5232,#5233));
#5235=FACE_OUTER_BOUND('',#5234,.T.);
#5236=CARTESIAN_POINT('',(9.2381,0.1417,0.3));
#5237=AXIS2_PLACEMENT_3D('',#5236,#16,#34);
#5238=PLANE('',#5237);
#5239=ADVANCED_FACE('',(#5235),#5238,.T.);
#5240=CLOSED_SHELL('',(#5157,#5183,#5201,#5219,#5229,#5239));
#5241=MANIFOLD_SOLID_BREP('Wire_3_4',#5240);
#5242=STYLED_ITEM('color',(#154),#5241);
#5243=CARTESIAN_POINT('',(7.55,-0.,0.3));
#5244=VERTEX_POINT('',#5243);
#5245=CARTESIAN_POINT('',(9.25,-0.,0.3));
#5246=VERTEX_POINT('',#5245);
#5247=CARTESIAN_POINT('',(7.55,0.1417,0.3));
#5248=VERTEX_POINT('',#5247);
#5249=CARTESIAN_POINT('',(9.25,0.1417,0.3));
#5250=VERTEX_POINT('',#5249);
#5251=CARTESIAN_POINT('',(7.55,-0.,10.));
#5252=VERTEX_POINT('',#5251);
#5253=CARTESIAN_POINT('',(9.25,-0.,10.));
#5254=VERTEX_POINT('',#5253);
#5255=CARTESIAN_POINT('',(7.55,0.1417,10.));
#5256=VERTEX_POINT('',#5255);
#5257=CARTESIAN_POINT('',(9.25,0.1417,10.));
#5258=VERTEX_POINT('',#5257);
#5259=VECTOR('',#34,0.1417);
#5260=CARTESIAN_POINT('',(7.55,-0.,0.3));
#5261=LINE('',#5260,#5259);
#5262=EDGE_CURVE('',#5244,#5248,#5261,.T.);
#5263=ORIENTED_EDGE('',*,*,#5262,.T.);
#5264=VECTOR('',#16,1.7);
#5265=CARTESIAN_POINT('',(7.55,0.1417,0.3));
#5266=LINE('',#5265,#5264);
#5267=EDGE_CURVE('',#5248,#5250,#5266,.T.);
#5268=ORIENTED_EDGE('',*,*,#5267,.T.);
#5269=VECTOR('',#34,0.1417);
#5270=CARTESIAN_POINT('',(9.25,-0.,0.3));
#5271=LINE('',#5270,#5269);
#5272=EDGE_CURVE('',#5246,#5250,#5271,.T.);
#5273=ORIENTED_EDGE('',*,*,#5272,.F.);
#5274=VECTOR('',#16,1.7);
#5275=CARTESIAN_POINT('',(7.55,-0.,0.3));
#5276=LINE('',#5275,#5274);
#5277=EDGE_CURVE('',#5244,#5246,#5276,.T.);
#5278=ORIENTED_EDGE('',*,*,#5277,.F.);
#5279=EDGE_LOOP('',(#5263,#5268,#5273,#5278));
#5280=FACE_OUTER_BOUND('',#5279,.T.);
#5281=CARTESIAN_POINT('',(7.55,-0.,0.3));
#5282=AXIS2_PLACEMENT_3D('',#5281,#58,#16);
#5283=PLANE('',#5282);
#5284=ADVANCED_FACE('',(#5280),#5283,.T.);
#5285=VECTOR('',#16,1.7);
#5286=CARTESIAN_POINT('',(7.55,-0.,10.));
#5287=LINE('',#5286,#5285);
#5288=EDGE_CURVE('',#5252,#5254,#5287,.T.);
#5289=ORIENTED_EDGE('',*,*,#5288,.T.);
#5290=VECTOR('',#34,0.1417);
#5291=CARTESIAN_POINT('',(9.25,-0.,10.));
#5292=LINE('',#5291,#5290);
#5293=EDGE_CURVE('',#5254,#5258,#5292,.T.);
#5294=ORIENTED_EDGE('',*,*,#5293,.T.);
#5295=VECTOR('',#16,1.7);
#5296=CARTESIAN_POINT('',(7.55,0.1417,10.));
#5297=LINE('',#5296,#5295);
#5298=EDGE_CURVE('',#5256,#5258,#5297,.T.);
#5299=ORIENTED_EDGE('',*,*,#5298,.F.);
#5300=VECTOR('',#34,0.1417);
#5301=CARTESIAN_POINT('',(7.55,-0.,10.));
#5302=LINE('',#5301,#5300);
#5303=EDGE_CURVE('',#5252,#5256,#5302,.T.);
#5304=ORIENTED_EDGE('',*,*,#5303,.F.);
#5305=EDGE_LOOP('',(#5289,#5294,#5299,#5304));
#5306=FACE_OUTER_BOUND('',#5305,.T.);
#5307=CARTESIAN_POINT('',(7.55,-0.,10.));
#5308=AXIS2_PLACEMENT_3D('',#5307,#15,#16);
#5309=PLANE('',#5308);
#5310=ADVANCED_FACE('',(#5306),#5309,.T.);
#5311=ORIENTED_EDGE('',*,*,#5277,.T.);
#5312=VECTOR('',#15,9.7);
#5313=CARTESIAN_POINT('',(9.25,-0.,0.3));
#5314=LINE('',#5313,#5312);
#5315=EDGE_CURVE('',#5246,#5254,#5314,.T.);
#5316=ORIENTED_EDGE('',*,*,#5315,.T.);
#5317=ORIENTED_EDGE('',*,*,#5288,.F.);
#5318=VECTOR('',#15,9.7);
#5319=CARTESIAN_POINT('',(7.55,-0.,0.3));
#5320=LINE('',#5319,#5318);
#5321=EDGE_CURVE('',#5244,#5252,#5320,.T.);
#5322=ORIENTED_EDGE('',*,*,#5321,.F.);
#5323=EDGE_LOOP('',(#5311,#5316,#5317,#5322));
#5324=FACE_OUTER_BOUND('',#5323,.T.);
#5325=CARTESIAN_POINT('',(7.55,-0.,0.3));
#5326=AXIS2_PLACEMENT_3D('',#5325,#103,#16);
#5327=PLANE('',#5326);
#5328=ADVANCED_FACE('',(#5324),#5327,.T.);
#5329=VECTOR('',#15,9.7);
#5330=CARTESIAN_POINT('',(7.55,0.1417,0.3));
#5331=LINE('',#5330,#5329);
#5332=EDGE_CURVE('',#5248,#5256,#5331,.T.);
#5333=ORIENTED_EDGE('',*,*,#5332,.T.);
#5334=ORIENTED_EDGE('',*,*,#5298,.T.);
#5335=VECTOR('',#15,9.7);
#5336=CARTESIAN_POINT('',(9.25,0.1417,0.3));
#5337=LINE('',#5336,#5335);
#5338=EDGE_CURVE('',#5250,#5258,#5337,.T.);
#5339=ORIENTED_EDGE('',*,*,#5338,.F.);
#5340=ORIENTED_EDGE('',*,*,#5267,.F.);
#5341=EDGE_LOOP('',(#5333,#5334,#5339,#5340));
#5342=FACE_OUTER_BOUND('',#5341,.T.);
#5343=CARTESIAN_POINT('',(7.55,0.1417,0.3));
#5344=AXIS2_PLACEMENT_3D('',#5343,#34,#16);
#5345=PLANE('',#5344);
#5346=ADVANCED_FACE('',(#5342),#5345,.T.);
#5347=ORIENTED_EDGE('',*,*,#5321,.T.);
#5348=ORIENTED_EDGE('',*,*,#5303,.T.);
#5349=ORIENTED_EDGE('',*,*,#5332,.F.);
#5350=ORIENTED_EDGE('',*,*,#5262,.F.);
#5351=EDGE_LOOP('',(#5347,#5348,#5349,#5350));
#5352=FACE_OUTER_BOUND('',#5351,.T.);
#5353=CARTESIAN_POINT('',(7.55,-0.,0.3));
#5354=AXIS2_PLACEMENT_3D('',#5353,#132,#34);
#5355=PLANE('',#5354);
#5356=ADVANCED_FACE('',(#5352),#5355,.T.);
#5357=ORIENTED_EDGE('',*,*,#5272,.T.);
#5358=ORIENTED_EDGE('',*,*,#5338,.T.);
#5359=ORIENTED_EDGE('',*,*,#5293,.F.);
#5360=ORIENTED_EDGE('',*,*,#5315,.F.);
#5361=EDGE_LOOP('',(#5357,#5358,#5359,#5360));
#5362=FACE_OUTER_BOUND('',#5361,.T.);
#5363=CARTESIAN_POINT('',(9.25,-0.,0.3));
#5364=AXIS2_PLACEMENT_3D('',#5363,#16,#34);
#5365=PLANE('',#5364);
#5366=ADVANCED_FACE('',(#5362),#5365,.T.);
#5367=CLOSED_SHELL('',(#5284,#5310,#5328,#5346,#5356,#5366));
#5368=MANIFOLD_SOLID_BREP('Wire_3_5',#5367);
#5369=STYLED_ITEM('color',(#154),#5368);
#5370=CARTESIAN_POINT('',(7.55,-0.1417,0.3));
#5371=VERTEX_POINT('',#5370);
#5372=CARTESIAN_POINT('',(9.25,-0.1417,0.3));
#5373=VERTEX_POINT('',#5372);
#5374=CARTESIAN_POINT('',(7.55,-0.,0.3));
#5375=VERTEX_POINT('',#5374);
#5376=CARTESIAN_POINT('',(9.25,-0.,0.3));
#5377=VERTEX_POINT('',#5376);
#5378=CARTESIAN_POINT('',(7.55,-0.1417,10.));
#5379=VERTEX_POINT('',#5378);
#5380=CARTESIAN_POINT('',(9.25,-0.1417,10.));
#5381=VERTEX_POINT('',#5380);
#5382=CARTESIAN_POINT('',(7.55,-0.,10.));
#5383=VERTEX_POINT('',#5382);
#5384=CARTESIAN_POINT('',(9.25,-0.,10.));
#5385=VERTEX_POINT('',#5384);
#5386=VECTOR('',#34,0.1417);
#5387=CARTESIAN_POINT('',(7.55,-0.1417,0.3));
#5388=LINE('',#5387,#5386);
#5389=EDGE_CURVE('',#5371,#5375,#5388,.T.);
#5390=ORIENTED_EDGE('',*,*,#5389,.T.);
#5391=VECTOR('',#16,1.7);
#5392=CARTESIAN_POINT('',(7.55,-0.,0.3));
#5393=LINE('',#5392,#5391);
#5394=EDGE_CURVE('',#5375,#5377,#5393,.T.);
#5395=ORIENTED_EDGE('',*,*,#5394,.T.);
#5396=VECTOR('',#34,0.1417);
#5397=CARTESIAN_POINT('',(9.25,-0.1417,0.3));
#5398=LINE('',#5397,#5396);
#5399=EDGE_CURVE('',#5373,#5377,#5398,.T.);
#5400=ORIENTED_EDGE('',*,*,#5399,.F.);
#5401=VECTOR('',#16,1.7);
#5402=CARTESIAN_POINT('',(7.55,-0.1417,0.3));
#5403=LINE('',#5402,#5401);
#5404=EDGE_CURVE('',#5371,#5373,#5403,.T.);
#5405=ORIENTED_EDGE('',*,*,#5404,.F.);
#5406=EDGE_LOOP('',(#5390,#5395,#5400,#5405));
#5407=FACE_OUTER_BOUND('',#5406,.T.);
#5408=CARTESIAN_POINT('',(7.55,-0.1417,0.3));
#5409=AXIS2_PLACEMENT_3D('',#5408,#58,#16);
#5410=PLANE('',#5409);
#5411=ADVANCED_FACE('',(#5407),#5410,.T.);
#5412=VECTOR('',#16,1.7);
#5413=CARTESIAN_POINT('',(7.55,-0.1417,10.));
#5414=LINE('',#5413,#5412);
#5415=EDGE_CURVE('',#5379,#5381,#5414,.T.);
#5416=ORIENTED_EDGE('',*,*,#5415,.T.);
#5417=VECTOR('',#34,0.1417);
#5418=CARTESIAN_POINT('',(9.25,-0.1417,10.));
#5419=LINE('',#5418,#5417);
#5420=EDGE_CURVE('',#5381,#5385,#5419,.T.);
#5421=ORIENTED_EDGE('',*,*,#5420,.T.);
#5422=VECTOR('',#16,1.7);
#5423=CARTESIAN_POINT('',(7.55,-0.,10.));
#5424=LINE('',#5423,#5422);
#5425=EDGE_CURVE('',#5383,#5385,#5424,.T.);
#5426=ORIENTED_EDGE('',*,*,#5425,.F.);
#5427=VECTOR('',#34,0.1417);
#5428=CARTESIAN_POINT('',(7.55,-0.1417,10.));
#5429=LINE('',#5428,#5427);
#5430=EDGE_CURVE('',#5379,#5383,#5429,.T.);
#5431=ORIENTED_EDGE('',*,*,#5430,.F.);
#5432=EDGE_LOOP('',(#5416,#5421,#5426,#5431));
#5433=FACE_OUTER_BOUND('',#5432,.T.);
#5434=CARTESIAN_POINT('',(7.55,-0.1417,10.));
#5435=AXIS2_PLACEMENT_3D('',#5434,#15,#16);
#5436=PLANE('',#5435);
#5437=ADVANCED_FACE('',(#5433),#5436,.T.);
#5438=ORIENTED_EDGE('',*,*,#5404,.T.);
#5439=VECTOR('',#15,9.7);
#5440=CARTESIAN_POINT('',(9.25,-0.1417,0.3));
#5441=LINE('',#5440,#5439);
#5442=EDGE_CURVE('',#5373,#5381,#5441,.T.);
#5443=ORIENTED_EDGE('',*,*,#5442,.T.);
#5444=ORIENTED_EDGE('',*,*,#5415,.F.);
#5445=VECTOR('',#15,9.7);
#5446=CARTESIAN_POINT('',(7.55,-0.1417,0.3));
#5447=LINE('',#5446,#5445);
#5448=EDGE_CURVE('',#5371,#5379,#5447,.T.);
#5449=ORIENTED_EDGE('',*,*,#5448,.F.);
#5450=EDGE_LOOP('',(#5438,#5443,#5444,#5449));
#5451=FACE_OUTER_BOUND('',#5450,.T.);
#5452=CARTESIAN_POINT('',(7.55,-0.1417,0.3));
#5453=AXIS2_PLACEMENT_3D('',#5452,#103,#16);
#5454=PLANE('',#5453);
#5455=ADVANCED_FACE('',(#5451),#5454,.T.);
#5456=VECTOR('',#15,9.7);
#5457=CARTESIAN_POINT('',(7.55,-0.,0.3));
#5458=LINE('',#5457,#5456);
#5459=EDGE_CURVE('',#5375,#5383,#5458,.T.);
#5460=ORIENTED_EDGE('',*,*,#5459,.T.);
#5461=ORIENTED_EDGE('',*,*,#5425,.T.);
#5462=VECTOR('',#15,9.7);
#5463=CARTESIAN_POINT('',(9.25,-0.,0.3));
#5464=LINE('',#5463,#5462);
#5465=EDGE_CURVE('',#5377,#5385,#5464,.T.);
#5466=ORIENTED_EDGE('',*,*,#5465,.F.);
#5467=ORIENTED_EDGE('',*,*,#5394,.F.);
#5468=EDGE_LOOP('',(#5460,#5461,#5466,#5467));
#5469=FACE_OUTER_BOUND('',#5468,.T.);
#5470=CARTESIAN_POINT('',(7.55,-0.,0.3));
#5471=AXIS2_PLACEMENT_3D('',#5470,#34,#16);
#5472=PLANE('',#5471);
#5473=ADVANCED_FACE('',(#5469),#5472,.T.);
#5474=ORIENTED_EDGE('',*,*,#5448,.T.);
#5475=ORIENTED_EDGE('',*,*,#5430,.T.);
#5476=ORIENTED_EDGE('',*,*,#5459,.F.);
#5477=ORIENTED_EDGE('',*,*,#5389,.F.);
#5478=EDGE_LOOP('',(#5474,#5475,#5476,#5477));
#5479=FACE_OUTER_BOUND('',#5478,.T.);
#5480=CARTESIAN_POINT('',(7.55,-0.1417,0.3));
#5481=AXIS2_PLACEMENT_3D('',#5480,#132,#34);
#5482=PLANE('',#5481);
#5483=ADVANCED_FACE('',(#5479),#5482,.T.);
#5484=ORIENTED_EDGE('',*,*,#5399,.T.);
#5485=ORIENTED_EDGE('',*,*,#5465,.T.);
#5486=ORIENTED_EDGE('',*,*,#5420,.F.);
#5487=ORIENTED_EDGE('',*,*,#5442,.F.);
#5488=EDGE_LOOP('',(#5484,#5485,#5486,#5487));
#5489=FACE_OUTER_BOUND('',#5488,.T.);
#5490=CARTESIAN_POINT('',(9.25,-0.1417,0.3));
#5491=AXIS2_PLACEMENT_3D('',#5490,#16,#34);
#5492=PLANE('',#5491);
#5493=ADVANCED_FACE('',(#5489),#5492,.T.);
#5494=CLOSED_SHELL('',(#5411,#5437,#5455,#5473,#5483,#5493));
#5495=MANIFOLD_SOLID_BREP('Wire_3_6',#5494);
#5496=STYLED_ITEM('color',(#154),#5495);
#5497=CARTESIAN_POINT('',(7.5619,-0.2833,0.3));
#5498=VERTEX_POINT('',#5497);
#5499=CARTESIAN_POINT('',(9.2381,-0.2833,0.3));
#5500=VERTEX_POINT('',#5499);
#5501=CARTESIAN_POINT('',(7.5619,-0.1417,0.3));
#5502=VERTEX_POINT('',#5501);
#5503=CARTESIAN_POINT('',(9.2381,-0.1417,0.3));
#5504=VERTEX_POINT('',#5503);
#5505=CARTESIAN_POINT('',(7.5619,-0.2833,10.));
#5506=VERTEX_POINT('',#5505);
#5507=CARTESIAN_POINT('',(9.2381,-0.2833,10.));
#5508=VERTEX_POINT('',#5507);
#5509=CARTESIAN_POINT('',(7.5619,-0.1417,10.));
#5510=VERTEX_POINT('',#5509);
#5511=CARTESIAN_POINT('',(9.2381,-0.1417,10.));
#5512=VERTEX_POINT('',#5511);
#5513=VECTOR('',#34,0.1417);
#5514=CARTESIAN_POINT('',(7.5619,-0.2833,0.3));
#5515=LINE('',#5514,#5513);
#5516=EDGE_CURVE('',#5498,#5502,#5515,.T.);
#5517=ORIENTED_EDGE('',*,*,#5516,.T.);
#5518=VECTOR('',#16,1.6762);
#5519=CARTESIAN_POINT('',(7.5619,-0.1417,0.3));
#5520=LINE('',#5519,#5518);
#5521=EDGE_CURVE('',#5502,#5504,#5520,.T.);
#5522=ORIENTED_EDGE('',*,*,#5521,.T.);
#5523=VECTOR('',#34,0.1417);
#5524=CARTESIAN_POINT('',(9.2381,-0.2833,0.3));
#5525=LINE('',#5524,#5523);
#5526=EDGE_CURVE('',#5500,#5504,#5525,.T.);
#5527=ORIENTED_EDGE('',*,*,#5526,.F.);
#5528=VECTOR('',#16,1.6762);
#5529=CARTESIAN_POINT('',(7.5619,-0.2833,0.3));
#5530=LINE('',#5529,#5528);
#5531=EDGE_CURVE('',#5498,#5500,#5530,.T.);
#5532=ORIENTED_EDGE('',*,*,#5531,.F.);
#5533=EDGE_LOOP('',(#5517,#5522,#5527,#5532));
#5534=FACE_OUTER_BOUND('',#5533,.T.);
#5535=CARTESIAN_POINT('',(7.5619,-0.2833,0.3));
#5536=AXIS2_PLACEMENT_3D('',#5535,#58,#16);
#5537=PLANE('',#5536);
#5538=ADVANCED_FACE('',(#5534),#5537,.T.);
#5539=VECTOR('',#16,1.6762);
#5540=CARTESIAN_POINT('',(7.5619,-0.2833,10.));
#5541=LINE('',#5540,#5539);
#5542=EDGE_CURVE('',#5506,#5508,#5541,.T.);
#5543=ORIENTED_EDGE('',*,*,#5542,.T.);
#5544=VECTOR('',#34,0.1417);
#5545=CARTESIAN_POINT('',(9.2381,-0.2833,10.));
#5546=LINE('',#5545,#5544);
#5547=EDGE_CURVE('',#5508,#5512,#5546,.T.);
#5548=ORIENTED_EDGE('',*,*,#5547,.T.);
#5549=VECTOR('',#16,1.6762);
#5550=CARTESIAN_POINT('',(7.5619,-0.1417,10.));
#5551=LINE('',#5550,#5549);
#5552=EDGE_CURVE('',#5510,#5512,#5551,.T.);
#5553=ORIENTED_EDGE('',*,*,#5552,.F.);
#5554=VECTOR('',#34,0.1417);
#5555=CARTESIAN_POINT('',(7.5619,-0.2833,10.));
#5556=LINE('',#5555,#5554);
#5557=EDGE_CURVE('',#5506,#5510,#5556,.T.);
#5558=ORIENTED_EDGE('',*,*,#5557,.F.);
#5559=EDGE_LOOP('',(#5543,#5548,#5553,#5558));
#5560=FACE_OUTER_BOUND('',#5559,.T.);
#5561=CARTESIAN_POINT('',(7.5619,-0.2833,10.));
#5562=AXIS2_PLACEMENT_3D('',#5561,#15,#16);
#5563=PLANE('',#5562);
#5564=ADVANCED_FACE('',(#5560),#5563,.T.);
#5565=ORIENTED_EDGE('',*,*,#5531,.T.);
#5566=VECTOR('',#15,9.7);
#5567=CARTESIAN_POINT('',(9.2381,-0.2833,0.3));
#5568=LINE('',#5567,#5566);
#5569=EDGE_CURVE('',#5500,#5508,#5568,.T.);
#5570=ORIENTED_EDGE('',*,*,#5569,.T.);
#5571=ORIENTED_EDGE('',*,*,#5542,.F.);
#5572=VECTOR('',#15,9.7);
#5573=CARTESIAN_POINT('',(7.5619,-0.2833,0.3));
#5574=LINE('',#5573,#5572);
#5575=EDGE_CURVE('',#5498,#5506,#5574,.T.);
#5576=ORIENTED_EDGE('',*,*,#5575,.F.);
#5577=EDGE_LOOP('',(#5565,#5570,#5571,#5576));
#5578=FACE_OUTER_BOUND('',#5577,.T.);
#5579=CARTESIAN_POINT('',(7.5619,-0.2833,0.3));
#5580=AXIS2_PLACEMENT_3D('',#5579,#103,#16);
#5581=PLANE('',#5580);
#5582=ADVANCED_FACE('',(#5578),#5581,.T.);
#5583=VECTOR('',#15,9.7);
#5584=CARTESIAN_POINT('',(7.5619,-0.1417,0.3));
#5585=LINE('',#5584,#5583);
#5586=EDGE_CURVE('',#5502,#5510,#5585,.T.);
#5587=ORIENTED_EDGE('',*,*,#5586,.T.);
#5588=ORIENTED_EDGE('',*,*,#5552,.T.);
#5589=VECTOR('',#15,9.7);
#5590=CARTESIAN_POINT('',(9.2381,-0.1417,0.3));
#5591=LINE('',#5590,#5589);
#5592=EDGE_CURVE('',#5504,#5512,#5591,.T.);
#5593=ORIENTED_EDGE('',*,*,#5592,.F.);
#5594=ORIENTED_EDGE('',*,*,#5521,.F.);
#5595=EDGE_LOOP('',(#5587,#5588,#5593,#5594));
#5596=FACE_OUTER_BOUND('',#5595,.T.);
#5597=CARTESIAN_POINT('',(7.5619,-0.1417,0.3));
#5598=AXIS2_PLACEMENT_3D('',#5597,#34,#16);
#5599=PLANE('',#5598);
#5600=ADVANCED_FACE('',(#5596),#5599,.T.);
#5601=ORIENTED_EDGE('',*,*,#5575,.T.);
#5602=ORIENTED_EDGE('',*,*,#5557,.T.);
#5603=ORIENTED_EDGE('',*,*,#5586,.F.);
#5604=ORIENTED_EDGE('',*,*,#5516,.F.);
#5605=EDGE_LOOP('',(#5601,#5602,#5603,#5604));
#5606=FACE_OUTER_BOUND('',#5605,.T.);
#5607=CARTESIAN_POINT('',(7.5619,-0.2833,0.3));
#5608=AXIS2_PLACEMENT_3D('',#5607,#132,#34);
#5609=PLANE('',#5608);
#5610=ADVANCED_FACE('',(#5606),#5609,.T.);
#5611=ORIENTED_EDGE('',*,*,#5526,.T.);
#5612=ORIENTED_EDGE('',*,*,#5592,.T.);
#5613=ORIENTED_EDGE('',*,*,#5547,.F.);
#5614=ORIENTED_EDGE('',*,*,#5569,.F.);
#5615=EDGE_LOOP('',(#5611,#5612,#5613,#5614));
#5616=FACE_OUTER_BOUND('',#5615,.T.);
#5617=CARTESIAN_POINT('',(9.2381,-0.2833,0.3));
#5618=AXIS2_PLACEMENT_3D('',#5617,#16,#34);
#5619=PLANE('',#5618);
#5620=ADVANCED_FACE('',(#5616),#5619,.T.);
#5621=CLOSED_SHELL('',(#5538,#5564,#5582,#5600,#5610,#5620));
#5622=MANIFOLD_SOLID_BREP('Wire_3_7',#5621);
#5623=STYLED_ITEM('color',(#154),#5622);
#5624=CARTESIAN_POINT('',(7.5986,-0.425,0.3));
#5625=VERTEX_POINT('',#5624);
#5626=CARTESIAN_POINT('',(9.2014,-0.425,0.3));
#5627=VERTEX_POINT('',#5626);
#5628=CARTESIAN_POINT('',(7.5986,-0.2833,0.3));
#5629=VERTEX_POINT('',#5628);
#5630=CARTESIAN_POINT('',(9.2014,-0.2833,0.3));
#5631=VERTEX_POINT('',#5630);
#5632=CARTESIAN_POINT('',(7.5986,-0.425,10.));
#5633=VERTEX_POINT('',#5632);
#5634=CARTESIAN_POINT('',(9.2014,-0.425,10.));
#5635=VERTEX_POINT('',#5634);
#5636=CARTESIAN_POINT('',(7.5986,-0.2833,10.));
#5637=VERTEX_POINT('',#5636);
#5638=CARTESIAN_POINT('',(9.2014,-0.2833,10.));
#5639=VERTEX_POINT('',#5638);
#5640=VECTOR('',#34,0.1417);
#5641=CARTESIAN_POINT('',(7.5986,-0.425,0.3));
#5642=LINE('',#5641,#5640);
#5643=EDGE_CURVE('',#5625,#5629,#5642,.T.);
#5644=ORIENTED_EDGE('',*,*,#5643,.T.);
#5645=VECTOR('',#16,1.6028);
#5646=CARTESIAN_POINT('',(7.5986,-0.2833,0.3));
#5647=LINE('',#5646,#5645);
#5648=EDGE_CURVE('',#5629,#5631,#5647,.T.);
#5649=ORIENTED_EDGE('',*,*,#5648,.T.);
#5650=VECTOR('',#34,0.1417);
#5651=CARTESIAN_POINT('',(9.2014,-0.425,0.3));
#5652=LINE('',#5651,#5650);
#5653=EDGE_CURVE('',#5627,#5631,#5652,.T.);
#5654=ORIENTED_EDGE('',*,*,#5653,.F.);
#5655=VECTOR('',#16,1.6028);
#5656=CARTESIAN_POINT('',(7.5986,-0.425,0.3));
#5657=LINE('',#5656,#5655);
#5658=EDGE_CURVE('',#5625,#5627,#5657,.T.);
#5659=ORIENTED_EDGE('',*,*,#5658,.F.);
#5660=EDGE_LOOP('',(#5644,#5649,#5654,#5659));
#5661=FACE_OUTER_BOUND('',#5660,.T.);
#5662=CARTESIAN_POINT('',(7.5986,-0.425,0.3));
#5663=AXIS2_PLACEMENT_3D('',#5662,#58,#16);
#5664=PLANE('',#5663);
#5665=ADVANCED_FACE('',(#5661),#5664,.T.);
#5666=VECTOR('',#16,1.6028);
#5667=CARTESIAN_POINT('',(7.5986,-0.425,10.));
#5668=LINE('',#5667,#5666);
#5669=EDGE_CURVE('',#5633,#5635,#5668,.T.);
#5670=ORIENTED_EDGE('',*,*,#5669,.T.);
#5671=VECTOR('',#34,0.1417);
#5672=CARTESIAN_POINT('',(9.2014,-0.425,10.));
#5673=LINE('',#5672,#5671);
#5674=EDGE_CURVE('',#5635,#5639,#5673,.T.);
#5675=ORIENTED_EDGE('',*,*,#5674,.T.);
#5676=VECTOR('',#16,1.6028);
#5677=CARTESIAN_POINT('',(7.5986,-0.2833,10.));
#5678=LINE('',#5677,#5676);
#5679=EDGE_CURVE('',#5637,#5639,#5678,.T.);
#5680=ORIENTED_EDGE('',*,*,#5679,.F.);
#5681=VECTOR('',#34,0.1417);
#5682=CARTESIAN_POINT('',(7.5986,-0.425,10.));
#5683=LINE('',#5682,#5681);
#5684=EDGE_CURVE('',#5633,#5637,#5683,.T.);
#5685=ORIENTED_EDGE('',*,*,#5684,.F.);
#5686=EDGE_LOOP('',(#5670,#5675,#5680,#5685));
#5687=FACE_OUTER_BOUND('',#5686,.T.);
#5688=CARTESIAN_POINT('',(7.5986,-0.425,10.));
#5689=AXIS2_PLACEMENT_3D('',#5688,#15,#16);
#5690=PLANE('',#5689);
#5691=ADVANCED_FACE('',(#5687),#5690,.T.);
#5692=ORIENTED_EDGE('',*,*,#5658,.T.);
#5693=VECTOR('',#15,9.7);
#5694=CARTESIAN_POINT('',(9.2014,-0.425,0.3));
#5695=LINE('',#5694,#5693);
#5696=EDGE_CURVE('',#5627,#5635,#5695,.T.);
#5697=ORIENTED_EDGE('',*,*,#5696,.T.);
#5698=ORIENTED_EDGE('',*,*,#5669,.F.);
#5699=VECTOR('',#15,9.7);
#5700=CARTESIAN_POINT('',(7.5986,-0.425,0.3));
#5701=LINE('',#5700,#5699);
#5702=EDGE_CURVE('',#5625,#5633,#5701,.T.);
#5703=ORIENTED_EDGE('',*,*,#5702,.F.);
#5704=EDGE_LOOP('',(#5692,#5697,#5698,#5703));
#5705=FACE_OUTER_BOUND('',#5704,.T.);
#5706=CARTESIAN_POINT('',(7.5986,-0.425,0.3));
#5707=AXIS2_PLACEMENT_3D('',#5706,#103,#16);
#5708=PLANE('',#5707);
#5709=ADVANCED_FACE('',(#5705),#5708,.T.);
#5710=VECTOR('',#15,9.7);
#5711=CARTESIAN_POINT('',(7.5986,-0.2833,0.3));
#5712=LINE('',#5711,#5710);
#5713=EDGE_CURVE('',#5629,#5637,#5712,.T.);
#5714=ORIENTED_EDGE('',*,*,#5713,.T.);
#5715=ORIENTED_EDGE('',*,*,#5679,.T.);
#5716=VECTOR('',#15,9.7);
#5717=CARTESIAN_POINT('',(9.2014,-0.2833,0.3));
#5718=LINE('',#5717,#5716);
#5719=EDGE_CURVE('',#5631,#5639,#5718,.T.);
#5720=ORIENTED_EDGE('',*,*,#5719,.F.);
#5721=ORIENTED_EDGE('',*,*,#5648,.F.);
#5722=EDGE_LOOP('',(#5714,#5715,#5720,#5721));
#5723=FACE_OUTER_BOUND('',#5722,.T.);
#5724=CARTESIAN_POINT('',(7.5986,-0.2833,0.3));
#5725=AXIS2_PLACEMENT_3D('',#5724,#34,#16);
#5726=PLANE('',#5725);
#5727=ADVANCED_FACE('',(#5723),#5726,.T.);
#5728=ORIENTED_EDGE('',*,*,#5702,.T.);
#5729=ORIENTED_EDGE('',*,*,#5684,.T.);
#5730=ORIENTED_EDGE('',*,*,#5713,.F.);
#5731=ORIENTED_EDGE('',*,*,#5643,.F.);
#5732=EDGE_LOOP('',(#5728,#5729,#5730,#5731));
#5733=FACE_OUTER_BOUND('',#5732,.T.);
#5734=CARTESIAN_POINT('',(7.5986,-0.425,0.3));
#5735=AXIS2_PLACEMENT_3D('',#5734,#132,#34);
#5736=PLANE('',#5735);
#5737=ADVANCED_FACE('',(#5733),#5736,.T.);
#5738=ORIENTED_EDGE('',*,*,#5653,.T.);
#5739=ORIENTED_EDGE('',*,*,#5719,.T.);
#5740=ORIENTED_EDGE('',*,*,#5674,.F.);
#5741=ORIENTED_EDGE('',*,*,#5696,.F.);
#5742=EDGE_LOOP('',(#5738,#5739,#5740,#5741));
#5743=FACE_OUTER_BOUND('',#5742,.T.);
#5744=CARTESIAN_POINT('',(9.2014,-0.425,0.3));
#5745=AXIS2_PLACEMENT_3D('',#5744,#16,#34);
#5746=PLANE('',#5745);
#5747=ADVANCED_FACE('',(#5743),#5746,.T.);
#5748=CLOSED_SHELL('',(#5665,#5691,#5709,#5727,#5737,#5747));
#5749=MANIFOLD_SOLID_BREP('Wire_3_8',#5748);
#5750=STYLED_ITEM('color',(#154),#5749);
#5751=CARTESIAN_POINT('',(7.6639,-0.5667,0.3));
#5752=VERTEX_POINT('',#5751);
#5753=CARTESIAN_POINT('',(9.1361,-0.5667,0.3));
#5754=VERTEX_POINT('',#5753);
#5755=CARTESIAN_POINT('',(7.6639,-0.425,0.3));
#5756=VERTEX_POINT('',#5755);
#5757=CARTESIAN_POINT('',(9.1361,-0.425,0.3));
#5758=VERTEX_POINT('',#5757);
#5759=CARTESIAN_POINT('',(7.6639,-0.5667,10.));
#5760=VERTEX_POINT('',#5759);
#5761=CARTESIAN_POINT('',(9.1361,-0.5667,10.));
#5762=VERTEX_POINT('',#5761);
#5763=CARTESIAN_POINT('',(7.6639,-0.425,10.));
#5764=VERTEX_POINT('',#5763);
#5765=CARTESIAN_POINT('',(9.1361,-0.425,10.));
#5766=VERTEX_POINT('',#5765);
#5767=VECTOR('',#34,0.1417);
#5768=CARTESIAN_POINT('',(7.6639,-0.5667,0.3));
#5769=LINE('',#5768,#5767);
#5770=EDGE_CURVE('',#5752,#5756,#5769,.T.);
#5771=ORIENTED_EDGE('',*,*,#5770,.T.);
#5772=VECTOR('',#16,1.4722);
#5773=CARTESIAN_POINT('',(7.6639,-0.425,0.3));
#5774=LINE('',#5773,#5772);
#5775=EDGE_CURVE('',#5756,#5758,#5774,.T.);
#5776=ORIENTED_EDGE('',*,*,#5775,.T.);
#5777=VECTOR('',#34,0.1417);
#5778=CARTESIAN_POINT('',(9.1361,-0.5667,0.3));
#5779=LINE('',#5778,#5777);
#5780=EDGE_CURVE('',#5754,#5758,#5779,.T.);
#5781=ORIENTED_EDGE('',*,*,#5780,.F.);
#5782=VECTOR('',#16,1.4722);
#5783=CARTESIAN_POINT('',(7.6639,-0.5667,0.3));
#5784=LINE('',#5783,#5782);
#5785=EDGE_CURVE('',#5752,#5754,#5784,.T.);
#5786=ORIENTED_EDGE('',*,*,#5785,.F.);
#5787=EDGE_LOOP('',(#5771,#5776,#5781,#5786));
#5788=FACE_OUTER_BOUND('',#5787,.T.);
#5789=CARTESIAN_POINT('',(7.6639,-0.5667,0.3));
#5790=AXIS2_PLACEMENT_3D('',#5789,#58,#16);
#5791=PLANE('',#5790);
#5792=ADVANCED_FACE('',(#5788),#5791,.T.);
#5793=VECTOR('',#16,1.4722);
#5794=CARTESIAN_POINT('',(7.6639,-0.5667,10.));
#5795=LINE('',#5794,#5793);
#5796=EDGE_CURVE('',#5760,#5762,#5795,.T.);
#5797=ORIENTED_EDGE('',*,*,#5796,.T.);
#5798=VECTOR('',#34,0.1417);
#5799=CARTESIAN_POINT('',(9.1361,-0.5667,10.));
#5800=LINE('',#5799,#5798);
#5801=EDGE_CURVE('',#5762,#5766,#5800,.T.);
#5802=ORIENTED_EDGE('',*,*,#5801,.T.);
#5803=VECTOR('',#16,1.4722);
#5804=CARTESIAN_POINT('',(7.6639,-0.425,10.));
#5805=LINE('',#5804,#5803);
#5806=EDGE_CURVE('',#5764,#5766,#5805,.T.);
#5807=ORIENTED_EDGE('',*,*,#5806,.F.);
#5808=VECTOR('',#34,0.1417);
#5809=CARTESIAN_POINT('',(7.6639,-0.5667,10.));
#5810=LINE('',#5809,#5808);
#5811=EDGE_CURVE('',#5760,#5764,#5810,.T.);
#5812=ORIENTED_EDGE('',*,*,#5811,.F.);
#5813=EDGE_LOOP('',(#5797,#5802,#5807,#5812));
#5814=FACE_OUTER_BOUND('',#5813,.T.);
#5815=CARTESIAN_POINT('',(7.6639,-0.5667,10.));
#5816=AXIS2_PLACEMENT_3D('',#5815,#15,#16);
#5817=PLANE('',#5816);
#5818=ADVANCED_FACE('',(#5814),#5817,.T.);
#5819=ORIENTED_EDGE('',*,*,#5785,.T.);
#5820=VECTOR('',#15,9.7);
#5821=CARTESIAN_POINT('',(9.1361,-0.5667,0.3));
#5822=LINE('',#5821,#5820);
#5823=EDGE_CURVE('',#5754,#5762,#5822,.T.);
#5824=ORIENTED_EDGE('',*,*,#5823,.T.);
#5825=ORIENTED_EDGE('',*,*,#5796,.F.);
#5826=VECTOR('',#15,9.7);
#5827=CARTESIAN_POINT('',(7.6639,-0.5667,0.3));
#5828=LINE('',#5827,#5826);
#5829=EDGE_CURVE('',#5752,#5760,#5828,.T.);
#5830=ORIENTED_EDGE('',*,*,#5829,.F.);
#5831=EDGE_LOOP('',(#5819,#5824,#5825,#5830));
#5832=FACE_OUTER_BOUND('',#5831,.T.);
#5833=CARTESIAN_POINT('',(7.6639,-0.5667,0.3));
#5834=AXIS2_PLACEMENT_3D('',#5833,#103,#16);
#5835=PLANE('',#5834);
#5836=ADVANCED_FACE('',(#5832),#5835,.T.);
#5837=VECTOR('',#15,9.7);
#5838=CARTESIAN_POINT('',(7.6639,-0.425,0.3));
#5839=LINE('',#5838,#5837);
#5840=EDGE_CURVE('',#5756,#5764,#5839,.T.);
#5841=ORIENTED_EDGE('',*,*,#5840,.T.);
#5842=ORIENTED_EDGE('',*,*,#5806,.T.);
#5843=VECTOR('',#15,9.7);
#5844=CARTESIAN_POINT('',(9.1361,-0.425,0.3));
#5845=LINE('',#5844,#5843);
#5846=EDGE_CURVE('',#5758,#5766,#5845,.T.);
#5847=ORIENTED_EDGE('',*,*,#5846,.F.);
#5848=ORIENTED_EDGE('',*,*,#5775,.F.);
#5849=EDGE_LOOP('',(#5841,#5842,#5847,#5848));
#5850=FACE_OUTER_BOUND('',#5849,.T.);
#5851=CARTESIAN_POINT('',(7.6639,-0.425,0.3));
#5852=AXIS2_PLACEMENT_3D('',#5851,#34,#16);
#5853=PLANE('',#5852);
#5854=ADVANCED_FACE('',(#5850),#5853,.T.);
#5855=ORIENTED_EDGE('',*,*,#5829,.T.);
#5856=ORIENTED_EDGE('',*,*,#5811,.T.);
#5857=ORIENTED_EDGE('',*,*,#5840,.F.);
#5858=ORIENTED_EDGE('',*,*,#5770,.F.);
#5859=EDGE_LOOP('',(#5855,#5856,#5857,#5858));
#5860=FACE_OUTER_BOUND('',#5859,.T.);
#5861=CARTESIAN_POINT('',(7.6639,-0.5667,0.3));
#5862=AXIS2_PLACEMENT_3D('',#5861,#132,#34);
#5863=PLANE('',#5862);
#5864=ADVANCED_FACE('',(#5860),#5863,.T.);
#5865=ORIENTED_EDGE('',*,*,#5780,.T.);
#5866=ORIENTED_EDGE('',*,*,#5846,.T.);
#5867=ORIENTED_EDGE('',*,*,#5801,.F.);
#5868=ORIENTED_EDGE('',*,*,#5823,.F.);
#5869=EDGE_LOOP('',(#5865,#5866,#5867,#5868));
#5870=FACE_OUTER_BOUND('',#5869,.T.);
#5871=CARTESIAN_POINT('',(9.1361,-0.5667,0.3));
#5872=AXIS2_PLACEMENT_3D('',#5871,#16,#34);
#5873=PLANE('',#5872);
#5874=ADVANCED_FACE('',(#5870),#5873,.T.);
#5875=CLOSED_SHELL('',(#5792,#5818,#5836,#5854,#5864,#5874));
#5876=MANIFOLD_SOLID_BREP('Wire_3_9',#5875);
#5877=STYLED_ITEM('color',(#154),#5876);
#5878=CARTESIAN_POINT('',(7.7664,-0.7083,0.3));
#5879=VERTEX_POINT('',#5878);
#5880=CARTESIAN_POINT('',(9.0336,-0.7083,0.3));
#5881=VERTEX_POINT('',#5880);
#5882=CARTESIAN_POINT('',(7.7664,-0.5667,0.3));
#5883=VERTEX_POINT('',#5882);
#5884=CARTESIAN_POINT('',(9.0336,-0.5667,0.3));
#5885=VERTEX_POINT('',#5884);
#5886=CARTESIAN_POINT('',(7.7664,-0.7083,10.));
#5887=VERTEX_POINT('',#5886);
#5888=CARTESIAN_POINT('',(9.0336,-0.7083,10.));
#5889=VERTEX_POINT('',#5888);
#5890=CARTESIAN_POINT('',(7.7664,-0.5667,10.));
#5891=VERTEX_POINT('',#5890);
#5892=CARTESIAN_POINT('',(9.0336,-0.5667,10.));
#5893=VERTEX_POINT('',#5892);
#5894=VECTOR('',#34,0.1417);
#5895=CARTESIAN_POINT('',(7.7664,-0.7083,0.3));
#5896=LINE('',#5895,#5894);
#5897=EDGE_CURVE('',#5879,#5883,#5896,.T.);
#5898=ORIENTED_EDGE('',*,*,#5897,.T.);
#5899=VECTOR('',#16,1.2671);
#5900=CARTESIAN_POINT('',(7.7664,-0.5667,0.3));
#5901=LINE('',#5900,#5899);
#5902=EDGE_CURVE('',#5883,#5885,#5901,.T.);
#5903=ORIENTED_EDGE('',*,*,#5902,.T.);
#5904=VECTOR('',#34,0.1417);
#5905=CARTESIAN_POINT('',(9.0336,-0.7083,0.3));
#5906=LINE('',#5905,#5904);
#5907=EDGE_CURVE('',#5881,#5885,#5906,.T.);
#5908=ORIENTED_EDGE('',*,*,#5907,.F.);
#5909=VECTOR('',#16,1.2671);
#5910=CARTESIAN_POINT('',(7.7664,-0.7083,0.3));
#5911=LINE('',#5910,#5909);
#5912=EDGE_CURVE('',#5879,#5881,#5911,.T.);
#5913=ORIENTED_EDGE('',*,*,#5912,.F.);
#5914=EDGE_LOOP('',(#5898,#5903,#5908,#5913));
#5915=FACE_OUTER_BOUND('',#5914,.T.);
#5916=CARTESIAN_POINT('',(7.7664,-0.7083,0.3));
#5917=AXIS2_PLACEMENT_3D('',#5916,#58,#16);
#5918=PLANE('',#5917);
#5919=ADVANCED_FACE('',(#5915),#5918,.T.);
#5920=VECTOR('',#16,1.2671);
#5921=CARTESIAN_POINT('',(7.7664,-0.7083,10.));
#5922=LINE('',#5921,#5920);
#5923=EDGE_CURVE('',#5887,#5889,#5922,.T.);
#5924=ORIENTED_EDGE('',*,*,#5923,.T.);
#5925=VECTOR('',#34,0.1417);
#5926=CARTESIAN_POINT('',(9.0336,-0.7083,10.));
#5927=LINE('',#5926,#5925);
#5928=EDGE_CURVE('',#5889,#5893,#5927,.T.);
#5929=ORIENTED_EDGE('',*,*,#5928,.T.);
#5930=VECTOR('',#16,1.2671);
#5931=CARTESIAN_POINT('',(7.7664,-0.5667,10.));
#5932=LINE('',#5931,#5930);
#5933=EDGE_CURVE('',#5891,#5893,#5932,.T.);
#5934=ORIENTED_EDGE('',*,*,#5933,.F.);
#5935=VECTOR('',#34,0.1417);
#5936=CARTESIAN_POINT('',(7.7664,-0.7083,10.));
#5937=LINE('',#5936,#5935);
#5938=EDGE_CURVE('',#5887,#5891,#5937,.T.);
#5939=ORIENTED_EDGE('',*,*,#5938,.F.);
#5940=EDGE_LOOP('',(#5924,#5929,#5934,#5939));
#5941=FACE_OUTER_BOUND('',#5940,.T.);
#5942=CARTESIAN_POINT('',(7.7664,-0.7083,10.));
#5943=AXIS2_PLACEMENT_3D('',#5942,#15,#16);
#5944=PLANE('',#5943);
#5945=ADVANCED_FACE('',(#5941),#5944,.T.);
#5946=ORIENTED_EDGE('',*,*,#5912,.T.);
#5947=VECTOR('',#15,9.7);
#5948=CARTESIAN_POINT('',(9.0336,-0.7083,0.3));
#5949=LINE('',#5948,#5947);
#5950=EDGE_CURVE('',#5881,#5889,#5949,.T.);
#5951=ORIENTED_EDGE('',*,*,#5950,.T.);
#5952=ORIENTED_EDGE('',*,*,#5923,.F.);
#5953=VECTOR('',#15,9.7);
#5954=CARTESIAN_POINT('',(7.7664,-0.7083,0.3));
#5955=LINE('',#5954,#5953);
#5956=EDGE_CURVE('',#5879,#5887,#5955,.T.);
#5957=ORIENTED_EDGE('',*,*,#5956,.F.);
#5958=EDGE_LOOP('',(#5946,#5951,#5952,#5957));
#5959=FACE_OUTER_BOUND('',#5958,.T.);
#5960=CARTESIAN_POINT('',(7.7664,-0.7083,0.3));
#5961=AXIS2_PLACEMENT_3D('',#5960,#103,#16);
#5962=PLANE('',#5961);
#5963=ADVANCED_FACE('',(#5959),#5962,.T.);
#5964=VECTOR('',#15,9.7);
#5965=CARTESIAN_POINT('',(7.7664,-0.5667,0.3));
#5966=LINE('',#5965,#5964);
#5967=EDGE_CURVE('',#5883,#5891,#5966,.T.);
#5968=ORIENTED_EDGE('',*,*,#5967,.T.);
#5969=ORIENTED_EDGE('',*,*,#5933,.T.);
#5970=VECTOR('',#15,9.7);
#5971=CARTESIAN_POINT('',(9.0336,-0.5667,0.3));
#5972=LINE('',#5971,#5970);
#5973=EDGE_CURVE('',#5885,#5893,#5972,.T.);
#5974=ORIENTED_EDGE('',*,*,#5973,.F.);
#5975=ORIENTED_EDGE('',*,*,#5902,.F.);
#5976=EDGE_LOOP('',(#5968,#5969,#5974,#5975));
#5977=FACE_OUTER_BOUND('',#5976,.T.);
#5978=CARTESIAN_POINT('',(7.7664,-0.5667,0.3));
#5979=AXIS2_PLACEMENT_3D('',#5978,#34,#16);
#5980=PLANE('',#5979);
#5981=ADVANCED_FACE('',(#5977),#5980,.T.);
#5982=ORIENTED_EDGE('',*,*,#5956,.T.);
#5983=ORIENTED_EDGE('',*,*,#5938,.T.);
#5984=ORIENTED_EDGE('',*,*,#5967,.F.);
#5985=ORIENTED_EDGE('',*,*,#5897,.F.);
#5986=EDGE_LOOP('',(#5982,#5983,#5984,#5985));
#5987=FACE_OUTER_BOUND('',#5986,.T.);
#5988=CARTESIAN_POINT('',(7.7664,-0.7083,0.3));
#5989=AXIS2_PLACEMENT_3D('',#5988,#132,#34);
#5990=PLANE('',#5989);
#5991=ADVANCED_FACE('',(#5987),#5990,.T.);
#5992=ORIENTED_EDGE('',*,*,#5907,.T.);
#5993=ORIENTED_EDGE('',*,*,#5973,.T.);
#5994=ORIENTED_EDGE('',*,*,#5928,.F.);
#5995=ORIENTED_EDGE('',*,*,#5950,.F.);
#5996=EDGE_LOOP('',(#5992,#5993,#5994,#5995));
#5997=FACE_OUTER_BOUND('',#5996,.T.);
#5998=CARTESIAN_POINT('',(9.0336,-0.7083,0.3));
#5999=AXIS2_PLACEMENT_3D('',#5998,#16,#34);
#6000=PLANE('',#5999);
#6001=ADVANCED_FACE('',(#5997),#6000,.T.);
#6002=CLOSED_SHELL('',(#5919,#5945,#5963,#5981,#5991,#6001));
#6003=MANIFOLD_SOLID_BREP('Wire_3_10',#6002);
#6004=STYLED_ITEM('color',(#154),#6003);
#6005=CARTESIAN_POINT('',(7.9301,-0.85,0.3));
#6006=VERTEX_POINT('',#6005);
#6007=CARTESIAN_POINT('',(8.8699,-0.85,0.3));
#6008=VERTEX_POINT('',#6007);
#6009=CARTESIAN_POINT('',(7.9301,-0.7083,0.3));
#6010=VERTEX_POINT('',#6009);
#6011=CARTESIAN_POINT('',(8.8699,-0.7083,0.3));
#6012=VERTEX_POINT('',#6011);
#6013=CARTESIAN_POINT('',(7.9301,-0.85,10.));
#6014=VERTEX_POINT('',#6013);
#6015=CARTESIAN_POINT('',(8.8699,-0.85,10.));
#6016=VERTEX_POINT('',#6015);
#6017=CARTESIAN_POINT('',(7.9301,-0.7083,10.));
#6018=VERTEX_POINT('',#6017);
#6019=CARTESIAN_POINT('',(8.8699,-0.7083,10.));
#6020=VERTEX_POINT('',#6019);
#6021=VECTOR('',#34,0.1417);
#6022=CARTESIAN_POINT('',(7.9301,-0.85,0.3));
#6023=LINE('',#6022,#6021);
#6024=EDGE_CURVE('',#6006,#6010,#6023,.T.);
#6025=ORIENTED_EDGE('',*,*,#6024,.T.);
#6026=VECTOR('',#16,0.9397);
#6027=CARTESIAN_POINT('',(7.9301,-0.7083,0.3));
#6028=LINE('',#6027,#6026);
#6029=EDGE_CURVE('',#6010,#6012,#6028,.T.);
#6030=ORIENTED_EDGE('',*,*,#6029,.T.);
#6031=VECTOR('',#34,0.1417);
#6032=CARTESIAN_POINT('',(8.8699,-0.85,0.3));
#6033=LINE('',#6032,#6031);
#6034=EDGE_CURVE('',#6008,#6012,#6033,.T.);
#6035=ORIENTED_EDGE('',*,*,#6034,.F.);
#6036=VECTOR('',#16,0.9397);
#6037=CARTESIAN_POINT('',(7.9301,-0.85,0.3));
#6038=LINE('',#6037,#6036);
#6039=EDGE_CURVE('',#6006,#6008,#6038,.T.);
#6040=ORIENTED_EDGE('',*,*,#6039,.F.);
#6041=EDGE_LOOP('',(#6025,#6030,#6035,#6040));
#6042=FACE_OUTER_BOUND('',#6041,.T.);
#6043=CARTESIAN_POINT('',(7.9301,-0.85,0.3));
#6044=AXIS2_PLACEMENT_3D('',#6043,#58,#16);
#6045=PLANE('',#6044);
#6046=ADVANCED_FACE('',(#6042),#6045,.T.);
#6047=VECTOR('',#16,0.9397);
#6048=CARTESIAN_POINT('',(7.9301,-0.85,10.));
#6049=LINE('',#6048,#6047);
#6050=EDGE_CURVE('',#6014,#6016,#6049,.T.);
#6051=ORIENTED_EDGE('',*,*,#6050,.T.);
#6052=VECTOR('',#34,0.1417);
#6053=CARTESIAN_POINT('',(8.8699,-0.85,10.));
#6054=LINE('',#6053,#6052);
#6055=EDGE_CURVE('',#6016,#6020,#6054,.T.);
#6056=ORIENTED_EDGE('',*,*,#6055,.T.);
#6057=VECTOR('',#16,0.9397);
#6058=CARTESIAN_POINT('',(7.9301,-0.7083,10.));
#6059=LINE('',#6058,#6057);
#6060=EDGE_CURVE('',#6018,#6020,#6059,.T.);
#6061=ORIENTED_EDGE('',*,*,#6060,.F.);
#6062=VECTOR('',#34,0.1417);
#6063=CARTESIAN_POINT('',(7.9301,-0.85,10.));
#6064=LINE('',#6063,#6062);
#6065=EDGE_CURVE('',#6014,#6018,#6064,.T.);
#6066=ORIENTED_EDGE('',*,*,#6065,.F.);
#6067=EDGE_LOOP('',(#6051,#6056,#6061,#6066));
#6068=FACE_OUTER_BOUND('',#6067,.T.);
#6069=CARTESIAN_POINT('',(7.9301,-0.85,10.));
#6070=AXIS2_PLACEMENT_3D('',#6069,#15,#16);
#6071=PLANE('',#6070);
#6072=ADVANCED_FACE('',(#6068),#6071,.T.);
#6073=ORIENTED_EDGE('',*,*,#6039,.T.);
#6074=VECTOR('',#15,9.7);
#6075=CARTESIAN_POINT('',(8.8699,-0.85,0.3));
#6076=LINE('',#6075,#6074);
#6077=EDGE_CURVE('',#6008,#6016,#6076,.T.);
#6078=ORIENTED_EDGE('',*,*,#6077,.T.);
#6079=ORIENTED_EDGE('',*,*,#6050,.F.);
#6080=VECTOR('',#15,9.7);
#6081=CARTESIAN_POINT('',(7.9301,-0.85,0.3));
#6082=LINE('',#6081,#6080);
#6083=EDGE_CURVE('',#6006,#6014,#6082,.T.);
#6084=ORIENTED_EDGE('',*,*,#6083,.F.);
#6085=EDGE_LOOP('',(#6073,#6078,#6079,#6084));
#6086=FACE_OUTER_BOUND('',#6085,.T.);
#6087=CARTESIAN_POINT('',(7.9301,-0.85,0.3));
#6088=AXIS2_PLACEMENT_3D('',#6087,#103,#16);
#6089=PLANE('',#6088);
#6090=ADVANCED_FACE('',(#6086),#6089,.T.);
#6091=VECTOR('',#15,9.7);
#6092=CARTESIAN_POINT('',(7.9301,-0.7083,0.3));
#6093=LINE('',#6092,#6091);
#6094=EDGE_CURVE('',#6010,#6018,#6093,.T.);
#6095=ORIENTED_EDGE('',*,*,#6094,.T.);
#6096=ORIENTED_EDGE('',*,*,#6060,.T.);
#6097=VECTOR('',#15,9.7);
#6098=CARTESIAN_POINT('',(8.8699,-0.7083,0.3));
#6099=LINE('',#6098,#6097);
#6100=EDGE_CURVE('',#6012,#6020,#6099,.T.);
#6101=ORIENTED_EDGE('',*,*,#6100,.F.);
#6102=ORIENTED_EDGE('',*,*,#6029,.F.);
#6103=EDGE_LOOP('',(#6095,#6096,#6101,#6102));
#6104=FACE_OUTER_BOUND('',#6103,.T.);
#6105=CARTESIAN_POINT('',(7.9301,-0.7083,0.3));
#6106=AXIS2_PLACEMENT_3D('',#6105,#34,#16);
#6107=PLANE('',#6106);
#6108=ADVANCED_FACE('',(#6104),#6107,.T.);
#6109=ORIENTED_EDGE('',*,*,#6083,.T.);
#6110=ORIENTED_EDGE('',*,*,#6065,.T.);
#6111=ORIENTED_EDGE('',*,*,#6094,.F.);
#6112=ORIENTED_EDGE('',*,*,#6024,.F.);
#6113=EDGE_LOOP('',(#6109,#6110,#6111,#6112));
#6114=FACE_OUTER_BOUND('',#6113,.T.);
#6115=CARTESIAN_POINT('',(7.9301,-0.85,0.3));
#6116=AXIS2_PLACEMENT_3D('',#6115,#132,#34);
#6117=PLANE('',#6116);
#6118=ADVANCED_FACE('',(#6114),#6117,.T.);
#6119=ORIENTED_EDGE('',*,*,#6034,.T.);
#6120=ORIENTED_EDGE('',*,*,#6100,.T.);
#6121=ORIENTED_EDGE('',*,*,#6055,.F.);
#6122=ORIENTED_EDGE('',*,*,#6077,.F.);
#6123=EDGE_LOOP('',(#6119,#6120,#6121,#6122));
#6124=FACE_OUTER_BOUND('',#6123,.T.);
#6125=CARTESIAN_POINT('',(8.8699,-0.85,0.3));
#6126=AXIS2_PLACEMENT_3D('',#6125,#16,#34);
#6127=PLANE('',#6126);
#6128=ADVANCED_FACE('',(#6124),#6127,.T.);
#6129=CLOSED_SHELL('',(#6046,#6072,#6090,#6108,#6118,#6128));
#6130=MANIFOLD_SOLID_BREP('Wire_3_11',#6129);
#6131=STYLED_ITEM('color',(#154),#6130);
#6132=CARTESIAN_POINT('',(8.2137,0.1667,-1.8));
#6133=VERTEX_POINT('',#6132);
#6134=CARTESIAN_POINT('',(8.5863,0.1667,-1.8));
#6135=VERTEX_POINT('',#6134);
#6136=CARTESIAN_POINT('',(8.2137,0.25,-1.8));
#6137=VERTEX_POINT('',#6136);
#6138=CARTESIAN_POINT('',(8.5863,0.25,-1.8));
#6139=VERTEX_POINT('',#6138);
#6140=CARTESIAN_POINT('',(8.2137,0.1667,0.3));
#6141=VERTEX_POINT('',#6140);
#6142=CARTESIAN_POINT('',(8.5863,0.1667,0.3));
#6143=VERTEX_POINT('',#6142);
#6144=CARTESIAN_POINT('',(8.2137,0.25,0.3));
#6145=VERTEX_POINT('',#6144);
#6146=CARTESIAN_POINT('',(8.5863,0.25,0.3));
#6147=VERTEX_POINT('',#6146);
#6148=VECTOR('',#34,0.0833);
#6149=CARTESIAN_POINT('',(8.2137,0.1667,-1.8));
#6150=LINE('',#6149,#6148);
#6151=EDGE_CURVE('',#6133,#6137,#6150,.T.);
#6152=ORIENTED_EDGE('',*,*,#6151,.T.);
#6153=VECTOR('',#16,0.3727);
#6154=CARTESIAN_POINT('',(8.2137,0.25,-1.8));
#6155=LINE('',#6154,#6153);
#6156=EDGE_CURVE('',#6137,#6139,#6155,.T.);
#6157=ORIENTED_EDGE('',*,*,#6156,.T.);
#6158=VECTOR('',#34,0.0833);
#6159=CARTESIAN_POINT('',(8.5863,0.1667,-1.8));
#6160=LINE('',#6159,#6158);
#6161=EDGE_CURVE('',#6135,#6139,#6160,.T.);
#6162=ORIENTED_EDGE('',*,*,#6161,.F.);
#6163=VECTOR('',#16,0.3727);
#6164=CARTESIAN_POINT('',(8.2137,0.1667,-1.8));
#6165=LINE('',#6164,#6163);
#6166=EDGE_CURVE('',#6133,#6135,#6165,.T.);
#6167=ORIENTED_EDGE('',*,*,#6166,.F.);
#6168=EDGE_LOOP('',(#6152,#6157,#6162,#6167));
#6169=FACE_OUTER_BOUND('',#6168,.T.);
#6170=CARTESIAN_POINT('',(8.2137,0.1667,-1.8));
#6171=AXIS2_PLACEMENT_3D('',#6170,#58,#16);
#6172=PLANE('',#6171);
#6173=ADVANCED_FACE('',(#6169),#6172,.T.);
#6174=VECTOR('',#16,0.3727);
#6175=CARTESIAN_POINT('',(8.2137,0.1667,0.3));
#6176=LINE('',#6175,#6174);
#6177=EDGE_CURVE('',#6141,#6143,#6176,.T.);
#6178=ORIENTED_EDGE('',*,*,#6177,.T.);
#6179=VECTOR('',#34,0.0833);
#6180=CARTESIAN_POINT('',(8.5863,0.1667,0.3));
#6181=LINE('',#6180,#6179);
#6182=EDGE_CURVE('',#6143,#6147,#6181,.T.);
#6183=ORIENTED_EDGE('',*,*,#6182,.T.);
#6184=VECTOR('',#16,0.3727);
#6185=CARTESIAN_POINT('',(8.2137,0.25,0.3));
#6186=LINE('',#6185,#6184);
#6187=EDGE_CURVE('',#6145,#6147,#6186,.T.);
#6188=ORIENTED_EDGE('',*,*,#6187,.F.);
#6189=VECTOR('',#34,0.0833);
#6190=CARTESIAN_POINT('',(8.2137,0.1667,0.3));
#6191=LINE('',#6190,#6189);
#6192=EDGE_CURVE('',#6141,#6145,#6191,.T.);
#6193=ORIENTED_EDGE('',*,*,#6192,.F.);
#6194=EDGE_LOOP('',(#6178,#6183,#6188,#6193));
#6195=FACE_OUTER_BOUND('',#6194,.T.);
#6196=CARTESIAN_POINT('',(8.2137,0.1667,0.3));
#6197=AXIS2_PLACEMENT_3D('',#6196,#15,#16);
#6198=PLANE('',#6197);
#6199=ADVANCED_FACE('',(#6195),#6198,.T.);
#6200=ORIENTED_EDGE('',*,*,#6166,.T.);
#6201=VECTOR('',#15,2.1);
#6202=CARTESIAN_POINT('',(8.5863,0.1667,-1.8));
#6203=LINE('',#6202,#6201);
#6204=EDGE_CURVE('',#6135,#6143,#6203,.T.);
#6205=ORIENTED_EDGE('',*,*,#6204,.T.);
#6206=ORIENTED_EDGE('',*,*,#6177,.F.);
#6207=VECTOR('',#15,2.1);
#6208=CARTESIAN_POINT('',(8.2137,0.1667,-1.8));
#6209=LINE('',#6208,#6207);
#6210=EDGE_CURVE('',#6133,#6141,#6209,.T.);
#6211=ORIENTED_EDGE('',*,*,#6210,.F.);
#6212=EDGE_LOOP('',(#6200,#6205,#6206,#6211));
#6213=FACE_OUTER_BOUND('',#6212,.T.);
#6214=CARTESIAN_POINT('',(8.2137,0.1667,-1.8));
#6215=AXIS2_PLACEMENT_3D('',#6214,#103,#16);
#6216=PLANE('',#6215);
#6217=ADVANCED_FACE('',(#6213),#6216,.T.);
#6218=VECTOR('',#15,2.1);
#6219=CARTESIAN_POINT('',(8.2137,0.25,-1.8));
#6220=LINE('',#6219,#6218);
#6221=EDGE_CURVE('',#6137,#6145,#6220,.T.);
#6222=ORIENTED_EDGE('',*,*,#6221,.T.);
#6223=ORIENTED_EDGE('',*,*,#6187,.T.);
#6224=VECTOR('',#15,2.1);
#6225=CARTESIAN_POINT('',(8.5863,0.25,-1.8));
#6226=LINE('',#6225,#6224);
#6227=EDGE_CURVE('',#6139,#6147,#6226,.T.);
#6228=ORIENTED_EDGE('',*,*,#6227,.F.);
#6229=ORIENTED_EDGE('',*,*,#6156,.F.);
#6230=EDGE_LOOP('',(#6222,#6223,#6228,#6229));
#6231=FACE_OUTER_BOUND('',#6230,.T.);
#6232=CARTESIAN_POINT('',(8.2137,0.25,-1.8));
#6233=AXIS2_PLACEMENT_3D('',#6232,#34,#16);
#6234=PLANE('',#6233);
#6235=ADVANCED_FACE('',(#6231),#6234,.T.);
#6236=ORIENTED_EDGE('',*,*,#6210,.T.);
#6237=ORIENTED_EDGE('',*,*,#6192,.T.);
#6238=ORIENTED_EDGE('',*,*,#6221,.F.);
#6239=ORIENTED_EDGE('',*,*,#6151,.F.);
#6240=EDGE_LOOP('',(#6236,#6237,#6238,#6239));
#6241=FACE_OUTER_BOUND('',#6240,.T.);
#6242=CARTESIAN_POINT('',(8.2137,0.1667,-1.8));
#6243=AXIS2_PLACEMENT_3D('',#6242,#132,#34);
#6244=PLANE('',#6243);
#6245=ADVANCED_FACE('',(#6241),#6244,.T.);
#6246=ORIENTED_EDGE('',*,*,#6161,.T.);
#6247=ORIENTED_EDGE('',*,*,#6227,.T.);
#6248=ORIENTED_EDGE('',*,*,#6182,.F.);
#6249=ORIENTED_EDGE('',*,*,#6204,.F.);
#6250=EDGE_LOOP('',(#6246,#6247,#6248,#6249));
#6251=FACE_OUTER_BOUND('',#6250,.T.);
#6252=CARTESIAN_POINT('',(8.5863,0.1667,-1.8));
#6253=AXIS2_PLACEMENT_3D('',#6252,#16,#34);
#6254=PLANE('',#6253);
#6255=ADVANCED_FACE('',(#6251),#6254,.T.);
#6256=CLOSED_SHELL('',(#6173,#6199,#6217,#6235,#6245,#6255));
#6257=MANIFOLD_SOLID_BREP('Conductor_3_0',#6256);
#6258=STYLED_ITEM('color',(#1685),#6257);
#6259=CARTESIAN_POINT('',(8.1643,0.0833,-1.8));
#6260=VERTEX_POINT('',#6259);
#6261=CARTESIAN_POINT('',(8.6357,0.0833,-1.8));
#6262=VERTEX_POINT('',#6261);
#6263=CARTESIAN_POINT('',(8.1643,0.1667,-1.8));
#6264=VERTEX_POINT('',#6263);
#6265=CARTESIAN_POINT('',(8.6357,0.1667,-1.8));
#6266=VERTEX_POINT('',#6265);
#6267=CARTESIAN_POINT('',(8.1643,0.0833,0.3));
#6268=VERTEX_POINT('',#6267);
#6269=CARTESIAN_POINT('',(8.6357,0.0833,0.3));
#6270=VERTEX_POINT('',#6269);
#6271=CARTESIAN_POINT('',(8.1643,0.1667,0.3));
#6272=VERTEX_POINT('',#6271);
#6273=CARTESIAN_POINT('',(8.6357,0.1667,0.3));
#6274=VERTEX_POINT('',#6273);
#6275=VECTOR('',#34,0.0833);
#6276=CARTESIAN_POINT('',(8.1643,0.0833,-1.8));
#6277=LINE('',#6276,#6275);
#6278=EDGE_CURVE('',#6260,#6264,#6277,.T.);
#6279=ORIENTED_EDGE('',*,*,#6278,.T.);
#6280=VECTOR('',#16,0.4714);
#6281=CARTESIAN_POINT('',(8.1643,0.1667,-1.8));
#6282=LINE('',#6281,#6280);
#6283=EDGE_CURVE('',#6264,#6266,#6282,.T.);
#6284=ORIENTED_EDGE('',*,*,#6283,.T.);
#6285=VECTOR('',#34,0.0833);
#6286=CARTESIAN_POINT('',(8.6357,0.0833,-1.8));
#6287=LINE('',#6286,#6285);
#6288=EDGE_CURVE('',#6262,#6266,#6287,.T.);
#6289=ORIENTED_EDGE('',*,*,#6288,.F.);
#6290=VECTOR('',#16,0.4714);
#6291=CARTESIAN_POINT('',(8.1643,0.0833,-1.8));
#6292=LINE('',#6291,#6290);
#6293=EDGE_CURVE('',#6260,#6262,#6292,.T.);
#6294=ORIENTED_EDGE('',*,*,#6293,.F.);
#6295=EDGE_LOOP('',(#6279,#6284,#6289,#6294));
#6296=FACE_OUTER_BOUND('',#6295,.T.);
#6297=CARTESIAN_POINT('',(8.1643,0.0833,-1.8));
#6298=AXIS2_PLACEMENT_3D('',#6297,#58,#16);
#6299=PLANE('',#6298);
#6300=ADVANCED_FACE('',(#6296),#6299,.T.);
#6301=VECTOR('',#16,0.4714);
#6302=CARTESIAN_POINT('',(8.1643,0.0833,0.3));
#6303=LINE('',#6302,#6301);
#6304=EDGE_CURVE('',#6268,#6270,#6303,.T.);
#6305=ORIENTED_EDGE('',*,*,#6304,.T.);
#6306=VECTOR('',#34,0.0833);
#6307=CARTESIAN_POINT('',(8.6357,0.0833,0.3));
#6308=LINE('',#6307,#6306);
#6309=EDGE_CURVE('',#6270,#6274,#6308,.T.);
#6310=ORIENTED_EDGE('',*,*,#6309,.T.);
#6311=VECTOR('',#16,0.4714);
#6312=CARTESIAN_POINT('',(8.1643,0.1667,0.3));
#6313=LINE('',#6312,#6311);
#6314=EDGE_CURVE('',#6272,#6274,#6313,.T.);
#6315=ORIENTED_EDGE('',*,*,#6314,.F.);
#6316=VECTOR('',#34,0.0833);
#6317=CARTESIAN_POINT('',(8.1643,0.0833,0.3));
#6318=LINE('',#6317,#6316);
#6319=EDGE_CURVE('',#6268,#6272,#6318,.T.);
#6320=ORIENTED_EDGE('',*,*,#6319,.F.);
#6321=EDGE_LOOP('',(#6305,#6310,#6315,#6320));
#6322=FACE_OUTER_BOUND('',#6321,.T.);
#6323=CARTESIAN_POINT('',(8.1643,0.0833,0.3));
#6324=AXIS2_PLACEMENT_3D('',#6323,#15,#16);
#6325=PLANE('',#6324);
#6326=ADVANCED_FACE('',(#6322),#6325,.T.);
#6327=ORIENTED_EDGE('',*,*,#6293,.T.);
#6328=VECTOR('',#15,2.1);
#6329=CARTESIAN_POINT('',(8.6357,0.0833,-1.8));
#6330=LINE('',#6329,#6328);
#6331=EDGE_CURVE('',#6262,#6270,#6330,.T.);
#6332=ORIENTED_EDGE('',*,*,#6331,.T.);
#6333=ORIENTED_EDGE('',*,*,#6304,.F.);
#6334=VECTOR('',#15,2.1);
#6335=CARTESIAN_POINT('',(8.1643,0.0833,-1.8));
#6336=LINE('',#6335,#6334);
#6337=EDGE_CURVE('',#6260,#6268,#6336,.T.);
#6338=ORIENTED_EDGE('',*,*,#6337,.F.);
#6339=EDGE_LOOP('',(#6327,#6332,#6333,#6338));
#6340=FACE_OUTER_BOUND('',#6339,.T.);
#6341=CARTESIAN_POINT('',(8.1643,0.0833,-1.8));
#6342=AXIS2_PLACEMENT_3D('',#6341,#103,#16);
#6343=PLANE('',#6342);
#6344=ADVANCED_FACE('',(#6340),#6343,.T.);
#6345=VECTOR('',#15,2.1);
#6346=CARTESIAN_POINT('',(8.1643,0.1667,-1.8));
#6347=LINE('',#6346,#6345);
#6348=EDGE_CURVE('',#6264,#6272,#6347,.T.);
#6349=ORIENTED_EDGE('',*,*,#6348,.T.);
#6350=ORIENTED_EDGE('',*,*,#6314,.T.);
#6351=VECTOR('',#15,2.1);
#6352=CARTESIAN_POINT('',(8.6357,0.1667,-1.8));
#6353=LINE('',#6352,#6351);
#6354=EDGE_CURVE('',#6266,#6274,#6353,.T.);
#6355=ORIENTED_EDGE('',*,*,#6354,.F.);
#6356=ORIENTED_EDGE('',*,*,#6283,.F.);
#6357=EDGE_LOOP('',(#6349,#6350,#6355,#6356));
#6358=FACE_OUTER_BOUND('',#6357,.T.);
#6359=CARTESIAN_POINT('',(8.1643,0.1667,-1.8));
#6360=AXIS2_PLACEMENT_3D('',#6359,#34,#16);
#6361=PLANE('',#6360);
#6362=ADVANCED_FACE('',(#6358),#6361,.T.);
#6363=ORIENTED_EDGE('',*,*,#6337,.T.);
#6364=ORIENTED_EDGE('',*,*,#6319,.T.);
#6365=ORIENTED_EDGE('',*,*,#6348,.F.);
#6366=ORIENTED_EDGE('',*,*,#6278,.F.);
#6367=EDGE_LOOP('',(#6363,#6364,#6365,#6366));
#6368=FACE_OUTER_BOUND('',#6367,.T.);
#6369=CARTESIAN_POINT('',(8.1643,0.0833,-1.8));
#6370=AXIS2_PLACEMENT_3D('',#6369,#132,#34);
#6371=PLANE('',#6370);
#6372=ADVANCED_FACE('',(#6368),#6371,.T.);
#6373=ORIENTED_EDGE('',*,*,#6288,.T.);
#6374=ORIENTED_EDGE('',*,*,#6354,.T.);
#6375=ORIENTED_EDGE('',*,*,#6309,.F.);
#6376=ORIENTED_EDGE('',*,*,#6331,.F.);
#6377=EDGE_LOOP('',(#6373,#6374,#6375,#6376));
#6378=FACE_OUTER_BOUND('',#6377,.T.);
#6379=CARTESIAN_POINT('',(8.6357,0.0833,-1.8));
#6380=AXIS2_PLACEMENT_3D('',#6379,#16,#34);
#6381=PLANE('',#6380);
#6382=ADVANCED_FACE('',(#6378),#6381,.T.);
#6383=CLOSED_SHELL('',(#6300,#6326,#6344,#6362,#6372,#6382));
#6384=MANIFOLD_SOLID_BREP('Conductor_3_1',#6383);
#6385=STYLED_ITEM('color',(#1685),#6384);
#6386=CARTESIAN_POINT('',(8.15,-0.,-1.8));
#6387=VERTEX_POINT('',#6386);
#6388=CARTESIAN_POINT('',(8.65,-0.,-1.8));
#6389=VERTEX_POINT('',#6388);
#6390=CARTESIAN_POINT('',(8.15,0.0833,-1.8));
#6391=VERTEX_POINT('',#6390);
#6392=CARTESIAN_POINT('',(8.65,0.0833,-1.8));
#6393=VERTEX_POINT('',#6392);
#6394=CARTESIAN_POINT('',(8.15,-0.,0.3));
#6395=VERTEX_POINT('',#6394);
#6396=CARTESIAN_POINT('',(8.65,-0.,0.3));
#6397=VERTEX_POINT('',#6396);
#6398=CARTESIAN_POINT('',(8.15,0.0833,0.3));
#6399=VERTEX_POINT('',#6398);
#6400=CARTESIAN_POINT('',(8.65,0.0833,0.3));
#6401=VERTEX_POINT('',#6400);
#6402=VECTOR('',#34,0.0833);
#6403=CARTESIAN_POINT('',(8.15,-0.,-1.8));
#6404=LINE('',#6403,#6402);
#6405=EDGE_CURVE('',#6387,#6391,#6404,.T.);
#6406=ORIENTED_EDGE('',*,*,#6405,.T.);
#6407=VECTOR('',#16,0.5);
#6408=CARTESIAN_POINT('',(8.15,0.0833,-1.8));
#6409=LINE('',#6408,#6407);
#6410=EDGE_CURVE('',#6391,#6393,#6409,.T.);
#6411=ORIENTED_EDGE('',*,*,#6410,.T.);
#6412=VECTOR('',#34,0.0833);
#6413=CARTESIAN_POINT('',(8.65,-0.,-1.8));
#6414=LINE('',#6413,#6412);
#6415=EDGE_CURVE('',#6389,#6393,#6414,.T.);
#6416=ORIENTED_EDGE('',*,*,#6415,.F.);
#6417=VECTOR('',#16,0.5);
#6418=CARTESIAN_POINT('',(8.15,-0.,-1.8));
#6419=LINE('',#6418,#6417);
#6420=EDGE_CURVE('',#6387,#6389,#6419,.T.);
#6421=ORIENTED_EDGE('',*,*,#6420,.F.);
#6422=EDGE_LOOP('',(#6406,#6411,#6416,#6421));
#6423=FACE_OUTER_BOUND('',#6422,.T.);
#6424=CARTESIAN_POINT('',(8.15,-0.,-1.8));
#6425=AXIS2_PLACEMENT_3D('',#6424,#58,#16);
#6426=PLANE('',#6425);
#6427=ADVANCED_FACE('',(#6423),#6426,.T.);
#6428=VECTOR('',#16,0.5);
#6429=CARTESIAN_POINT('',(8.15,-0.,0.3));
#6430=LINE('',#6429,#6428);
#6431=EDGE_CURVE('',#6395,#6397,#6430,.T.);
#6432=ORIENTED_EDGE('',*,*,#6431,.T.);
#6433=VECTOR('',#34,0.0833);
#6434=CARTESIAN_POINT('',(8.65,-0.,0.3));
#6435=LINE('',#6434,#6433);
#6436=EDGE_CURVE('',#6397,#6401,#6435,.T.);
#6437=ORIENTED_EDGE('',*,*,#6436,.T.);
#6438=VECTOR('',#16,0.5);
#6439=CARTESIAN_POINT('',(8.15,0.0833,0.3));
#6440=LINE('',#6439,#6438);
#6441=EDGE_CURVE('',#6399,#6401,#6440,.T.);
#6442=ORIENTED_EDGE('',*,*,#6441,.F.);
#6443=VECTOR('',#34,0.0833);
#6444=CARTESIAN_POINT('',(8.15,-0.,0.3));
#6445=LINE('',#6444,#6443);
#6446=EDGE_CURVE('',#6395,#6399,#6445,.T.);
#6447=ORIENTED_EDGE('',*,*,#6446,.F.);
#6448=EDGE_LOOP('',(#6432,#6437,#6442,#6447));
#6449=FACE_OUTER_BOUND('',#6448,.T.);
#6450=CARTESIAN_POINT('',(8.15,-0.,0.3));
#6451=AXIS2_PLACEMENT_3D('',#6450,#15,#16);
#6452=PLANE('',#6451);
#6453=ADVANCED_FACE('',(#6449),#6452,.T.);
#6454=ORIENTED_EDGE('',*,*,#6420,.T.);
#6455=VECTOR('',#15,2.1);
#6456=CARTESIAN_POINT('',(8.65,-0.,-1.8));
#6457=LINE('',#6456,#6455);
#6458=EDGE_CURVE('',#6389,#6397,#6457,.T.);
#6459=ORIENTED_EDGE('',*,*,#6458,.T.);
#6460=ORIENTED_EDGE('',*,*,#6431,.F.);
#6461=VECTOR('',#15,2.1);
#6462=CARTESIAN_POINT('',(8.15,-0.,-1.8));
#6463=LINE('',#6462,#6461);
#6464=EDGE_CURVE('',#6387,#6395,#6463,.T.);
#6465=ORIENTED_EDGE('',*,*,#6464,.F.);
#6466=EDGE_LOOP('',(#6454,#6459,#6460,#6465));
#6467=FACE_OUTER_BOUND('',#6466,.T.);
#6468=CARTESIAN_POINT('',(8.15,-0.,-1.8));
#6469=AXIS2_PLACEMENT_3D('',#6468,#103,#16);
#6470=PLANE('',#6469);
#6471=ADVANCED_FACE('',(#6467),#6470,.T.);
#6472=VECTOR('',#15,2.1);
#6473=CARTESIAN_POINT('',(8.15,0.0833,-1.8));
#6474=LINE('',#6473,#6472);
#6475=EDGE_CURVE('',#6391,#6399,#6474,.T.);
#6476=ORIENTED_EDGE('',*,*,#6475,.T.);
#6477=ORIENTED_EDGE('',*,*,#6441,.T.);
#6478=VECTOR('',#15,2.1);
#6479=CARTESIAN_POINT('',(8.65,0.0833,-1.8));
#6480=LINE('',#6479,#6478);
#6481=EDGE_CURVE('',#6393,#6401,#6480,.T.);
#6482=ORIENTED_EDGE('',*,*,#6481,.F.);
#6483=ORIENTED_EDGE('',*,*,#6410,.F.);
#6484=EDGE_LOOP('',(#6476,#6477,#6482,#6483));
#6485=FACE_OUTER_BOUND('',#6484,.T.);
#6486=CARTESIAN_POINT('',(8.15,0.0833,-1.8));
#6487=AXIS2_PLACEMENT_3D('',#6486,#34,#16);
#6488=PLANE('',#6487);
#6489=ADVANCED_FACE('',(#6485),#6488,.T.);
#6490=ORIENTED_EDGE('',*,*,#6464,.T.);
#6491=ORIENTED_EDGE('',*,*,#6446,.T.);
#6492=ORIENTED_EDGE('',*,*,#6475,.F.);
#6493=ORIENTED_EDGE('',*,*,#6405,.F.);
#6494=EDGE_LOOP('',(#6490,#6491,#6492,#6493));
#6495=FACE_OUTER_BOUND('',#6494,.T.);
#6496=CARTESIAN_POINT('',(8.15,-0.,-1.8));
#6497=AXIS2_PLACEMENT_3D('',#6496,#132,#34);
#6498=PLANE('',#6497);
#6499=ADVANCED_FACE('',(#6495),#6498,.T.);
#6500=ORIENTED_EDGE('',*,*,#6415,.T.);
#6501=ORIENTED_EDGE('',*,*,#6481,.T.);
#6502=ORIENTED_EDGE('',*,*,#6436,.F.);
#6503=ORIENTED_EDGE('',*,*,#6458,.F.);
#6504=EDGE_LOOP('',(#6500,#6501,#6502,#6503));
#6505=FACE_OUTER_BOUND('',#6504,.T.);
#6506=CARTESIAN_POINT('',(8.65,-0.,-1.8));
#6507=AXIS2_PLACEMENT_3D('',#6506,#16,#34);
#6508=PLANE('',#6507);
#6509=ADVANCED_FACE('',(#6505),#6508,.T.);
#6510=CLOSED_SHELL('',(#6427,#6453,#6471,#6489,#6499,#6509));
#6511=MANIFOLD_SOLID_BREP('Conductor_3_2',#6510);
#6512=STYLED_ITEM('color',(#1685),#6511);
#6513=CARTESIAN_POINT('',(8.15,-0.0833,-1.8));
#6514=VERTEX_POINT('',#6513);
#6515=CARTESIAN_POINT('',(8.65,-0.0833,-1.8));
#6516=VERTEX_POINT('',#6515);
#6517=CARTESIAN_POINT('',(8.15,-0.,-1.8));
#6518=VERTEX_POINT('',#6517);
#6519=CARTESIAN_POINT('',(8.65,-0.,-1.8));
#6520=VERTEX_POINT('',#6519);
#6521=CARTESIAN_POINT('',(8.15,-0.0833,0.3));
#6522=VERTEX_POINT('',#6521);
#6523=CARTESIAN_POINT('',(8.65,-0.0833,0.3));
#6524=VERTEX_POINT('',#6523);
#6525=CARTESIAN_POINT('',(8.15,-0.,0.3));
#6526=VERTEX_POINT('',#6525);
#6527=CARTESIAN_POINT('',(8.65,-0.,0.3));
#6528=VERTEX_POINT('',#6527);
#6529=VECTOR('',#34,0.0833);
#6530=CARTESIAN_POINT('',(8.15,-0.0833,-1.8));
#6531=LINE('',#6530,#6529);
#6532=EDGE_CURVE('',#6514,#6518,#6531,.T.);
#6533=ORIENTED_EDGE('',*,*,#6532,.T.);
#6534=VECTOR('',#16,0.5);
#6535=CARTESIAN_POINT('',(8.15,-0.,-1.8));
#6536=LINE('',#6535,#6534);
#6537=EDGE_CURVE('',#6518,#6520,#6536,.T.);
#6538=ORIENTED_EDGE('',*,*,#6537,.T.);
#6539=VECTOR('',#34,0.0833);
#6540=CARTESIAN_POINT('',(8.65,-0.0833,-1.8));
#6541=LINE('',#6540,#6539);
#6542=EDGE_CURVE('',#6516,#6520,#6541,.T.);
#6543=ORIENTED_EDGE('',*,*,#6542,.F.);
#6544=VECTOR('',#16,0.5);
#6545=CARTESIAN_POINT('',(8.15,-0.0833,-1.8));
#6546=LINE('',#6545,#6544);
#6547=EDGE_CURVE('',#6514,#6516,#6546,.T.);
#6548=ORIENTED_EDGE('',*,*,#6547,.F.);
#6549=EDGE_LOOP('',(#6533,#6538,#6543,#6548));
#6550=FACE_OUTER_BOUND('',#6549,.T.);
#6551=CARTESIAN_POINT('',(8.15,-0.0833,-1.8));
#6552=AXIS2_PLACEMENT_3D('',#6551,#58,#16);
#6553=PLANE('',#6552);
#6554=ADVANCED_FACE('',(#6550),#6553,.T.);
#6555=VECTOR('',#16,0.5);
#6556=CARTESIAN_POINT('',(8.15,-0.0833,0.3));
#6557=LINE('',#6556,#6555);
#6558=EDGE_CURVE('',#6522,#6524,#6557,.T.);
#6559=ORIENTED_EDGE('',*,*,#6558,.T.);
#6560=VECTOR('',#34,0.0833);
#6561=CARTESIAN_POINT('',(8.65,-0.0833,0.3));
#6562=LINE('',#6561,#6560);
#6563=EDGE_CURVE('',#6524,#6528,#6562,.T.);
#6564=ORIENTED_EDGE('',*,*,#6563,.T.);
#6565=VECTOR('',#16,0.5);
#6566=CARTESIAN_POINT('',(8.15,-0.,0.3));
#6567=LINE('',#6566,#6565);
#6568=EDGE_CURVE('',#6526,#6528,#6567,.T.);
#6569=ORIENTED_EDGE('',*,*,#6568,.F.);
#6570=VECTOR('',#34,0.0833);
#6571=CARTESIAN_POINT('',(8.15,-0.0833,0.3));
#6572=LINE('',#6571,#6570);
#6573=EDGE_CURVE('',#6522,#6526,#6572,.T.);
#6574=ORIENTED_EDGE('',*,*,#6573,.F.);
#6575=EDGE_LOOP('',(#6559,#6564,#6569,#6574));
#6576=FACE_OUTER_BOUND('',#6575,.T.);
#6577=CARTESIAN_POINT('',(8.15,-0.0833,0.3));
#6578=AXIS2_PLACEMENT_3D('',#6577,#15,#16);
#6579=PLANE('',#6578);
#6580=ADVANCED_FACE('',(#6576),#6579,.T.);
#6581=ORIENTED_EDGE('',*,*,#6547,.T.);
#6582=VECTOR('',#15,2.1);
#6583=CARTESIAN_POINT('',(8.65,-0.0833,-1.8));
#6584=LINE('',#6583,#6582);
#6585=EDGE_CURVE('',#6516,#6524,#6584,.T.);
#6586=ORIENTED_EDGE('',*,*,#6585,.T.);
#6587=ORIENTED_EDGE('',*,*,#6558,.F.);
#6588=VECTOR('',#15,2.1);
#6589=CARTESIAN_POINT('',(8.15,-0.0833,-1.8));
#6590=LINE('',#6589,#6588);
#6591=EDGE_CURVE('',#6514,#6522,#6590,.T.);
#6592=ORIENTED_EDGE('',*,*,#6591,.F.);
#6593=EDGE_LOOP('',(#6581,#6586,#6587,#6592));
#6594=FACE_OUTER_BOUND('',#6593,.T.);
#6595=CARTESIAN_POINT('',(8.15,-0.0833,-1.8));
#6596=AXIS2_PLACEMENT_3D('',#6595,#103,#16);
#6597=PLANE('',#6596);
#6598=ADVANCED_FACE('',(#6594),#6597,.T.);
#6599=VECTOR('',#15,2.1);
#6600=CARTESIAN_POINT('',(8.15,-0.,-1.8));
#6601=LINE('',#6600,#6599);
#6602=EDGE_CURVE('',#6518,#6526,#6601,.T.);
#6603=ORIENTED_EDGE('',*,*,#6602,.T.);
#6604=ORIENTED_EDGE('',*,*,#6568,.T.);
#6605=VECTOR('',#15,2.1);
#6606=CARTESIAN_POINT('',(8.65,-0.,-1.8));
#6607=LINE('',#6606,#6605);
#6608=EDGE_CURVE('',#6520,#6528,#6607,.T.);
#6609=ORIENTED_EDGE('',*,*,#6608,.F.);
#6610=ORIENTED_EDGE('',*,*,#6537,.F.);
#6611=EDGE_LOOP('',(#6603,#6604,#6609,#6610));
#6612=FACE_OUTER_BOUND('',#6611,.T.);
#6613=CARTESIAN_POINT('',(8.15,-0.,-1.8));
#6614=AXIS2_PLACEMENT_3D('',#6613,#34,#16);
#6615=PLANE('',#6614);
#6616=ADVANCED_FACE('',(#6612),#6615,.T.);
#6617=ORIENTED_EDGE('',*,*,#6591,.T.);
#6618=ORIENTED_EDGE('',*,*,#6573,.T.);
#6619=ORIENTED_EDGE('',*,*,#6602,.F.);
#6620=ORIENTED_EDGE('',*,*,#6532,.F.);
#6621=EDGE_LOOP('',(#6617,#6618,#6619,#6620));
#6622=FACE_OUTER_BOUND('',#6621,.T.);
#6623=CARTESIAN_POINT('',(8.15,-0.0833,-1.8));
#6624=AXIS2_PLACEMENT_3D('',#6623,#132,#34);
#6625=PLANE('',#6624);
#6626=ADVANCED_FACE('',(#6622),#6625,.T.);
#6627=ORIENTED_EDGE('',*,*,#6542,.T.);
#6628=ORIENTED_EDGE('',*,*,#6608,.T.);
#6629=ORIENTED_EDGE('',*,*,#6563,.F.);
#6630=ORIENTED_EDGE('',*,*,#6585,.F.);
#6631=EDGE_LOOP('',(#6627,#6628,#6629,#6630));
#6632=FACE_OUTER_BOUND('',#6631,.T.);
#6633=CARTESIAN_POINT('',(8.65,-0.0833,-1.8));
#6634=AXIS2_PLACEMENT_3D('',#6633,#16,#34);
#6635=PLANE('',#6634);
#6636=ADVANCED_FACE('',(#6632),#6635,.T.);
#6637=CLOSED_SHELL('',(#6554,#6580,#6598,#6616,#6626,#6636));
#6638=MANIFOLD_SOLID_BREP('Conductor_3_3',#6637);
#6639=STYLED_ITEM('color',(#1685),#6638);
#6640=CARTESIAN_POINT('',(8.1643,-0.1667,-1.8));
#6641=VERTEX_POINT('',#6640);
#6642=CARTESIAN_POINT('',(8.6357,-0.1667,-1.8));
#6643=VERTEX_POINT('',#6642);
#6644=CARTESIAN_POINT('',(8.1643,-0.0833,-1.8));
#6645=VERTEX_POINT('',#6644);
#6646=CARTESIAN_POINT('',(8.6357,-0.0833,-1.8));
#6647=VERTEX_POINT('',#6646);
#6648=CARTESIAN_POINT('',(8.1643,-0.1667,0.3));
#6649=VERTEX_POINT('',#6648);
#6650=CARTESIAN_POINT('',(8.6357,-0.1667,0.3));
#6651=VERTEX_POINT('',#6650);
#6652=CARTESIAN_POINT('',(8.1643,-0.0833,0.3));
#6653=VERTEX_POINT('',#6652);
#6654=CARTESIAN_POINT('',(8.6357,-0.0833,0.3));
#6655=VERTEX_POINT('',#6654);
#6656=VECTOR('',#34,0.0833);
#6657=CARTESIAN_POINT('',(8.1643,-0.1667,-1.8));
#6658=LINE('',#6657,#6656);
#6659=EDGE_CURVE('',#6641,#6645,#6658,.T.);
#6660=ORIENTED_EDGE('',*,*,#6659,.T.);
#6661=VECTOR('',#16,0.4714);
#6662=CARTESIAN_POINT('',(8.1643,-0.0833,-1.8));
#6663=LINE('',#6662,#6661);
#6664=EDGE_CURVE('',#6645,#6647,#6663,.T.);
#6665=ORIENTED_EDGE('',*,*,#6664,.T.);
#6666=VECTOR('',#34,0.0833);
#6667=CARTESIAN_POINT('',(8.6357,-0.1667,-1.8));
#6668=LINE('',#6667,#6666);
#6669=EDGE_CURVE('',#6643,#6647,#6668,.T.);
#6670=ORIENTED_EDGE('',*,*,#6669,.F.);
#6671=VECTOR('',#16,0.4714);
#6672=CARTESIAN_POINT('',(8.1643,-0.1667,-1.8));
#6673=LINE('',#6672,#6671);
#6674=EDGE_CURVE('',#6641,#6643,#6673,.T.);
#6675=ORIENTED_EDGE('',*,*,#6674,.F.);
#6676=EDGE_LOOP('',(#6660,#6665,#6670,#6675));
#6677=FACE_OUTER_BOUND('',#6676,.T.);
#6678=CARTESIAN_POINT('',(8.1643,-0.1667,-1.8));
#6679=AXIS2_PLACEMENT_3D('',#6678,#58,#16);
#6680=PLANE('',#6679);
#6681=ADVANCED_FACE('',(#6677),#6680,.T.);
#6682=VECTOR('',#16,0.4714);
#6683=CARTESIAN_POINT('',(8.1643,-0.1667,0.3));
#6684=LINE('',#6683,#6682);
#6685=EDGE_CURVE('',#6649,#6651,#6684,.T.);
#6686=ORIENTED_EDGE('',*,*,#6685,.T.);
#6687=VECTOR('',#34,0.0833);
#6688=CARTESIAN_POINT('',(8.6357,-0.1667,0.3));
#6689=LINE('',#6688,#6687);
#6690=EDGE_CURVE('',#6651,#6655,#6689,.T.);
#6691=ORIENTED_EDGE('',*,*,#6690,.T.);
#6692=VECTOR('',#16,0.4714);
#6693=CARTESIAN_POINT('',(8.1643,-0.0833,0.3));
#6694=LINE('',#6693,#6692);
#6695=EDGE_CURVE('',#6653,#6655,#6694,.T.);
#6696=ORIENTED_EDGE('',*,*,#6695,.F.);
#6697=VECTOR('',#34,0.0833);
#6698=CARTESIAN_POINT('',(8.1643,-0.1667,0.3));
#6699=LINE('',#6698,#6697);
#6700=EDGE_CURVE('',#6649,#6653,#6699,.T.);
#6701=ORIENTED_EDGE('',*,*,#6700,.F.);
#6702=EDGE_LOOP('',(#6686,#6691,#6696,#6701));
#6703=FACE_OUTER_BOUND('',#6702,.T.);
#6704=CARTESIAN_POINT('',(8.1643,-0.1667,0.3));
#6705=AXIS2_PLACEMENT_3D('',#6704,#15,#16);
#6706=PLANE('',#6705);
#6707=ADVANCED_FACE('',(#6703),#6706,.T.);
#6708=ORIENTED_EDGE('',*,*,#6674,.T.);
#6709=VECTOR('',#15,2.1);
#6710=CARTESIAN_POINT('',(8.6357,-0.1667,-1.8));
#6711=LINE('',#6710,#6709);
#6712=EDGE_CURVE('',#6643,#6651,#6711,.T.);
#6713=ORIENTED_EDGE('',*,*,#6712,.T.);
#6714=ORIENTED_EDGE('',*,*,#6685,.F.);
#6715=VECTOR('',#15,2.1);
#6716=CARTESIAN_POINT('',(8.1643,-0.1667,-1.8));
#6717=LINE('',#6716,#6715);
#6718=EDGE_CURVE('',#6641,#6649,#6717,.T.);
#6719=ORIENTED_EDGE('',*,*,#6718,.F.);
#6720=EDGE_LOOP('',(#6708,#6713,#6714,#6719));
#6721=FACE_OUTER_BOUND('',#6720,.T.);
#6722=CARTESIAN_POINT('',(8.1643,-0.1667,-1.8));
#6723=AXIS2_PLACEMENT_3D('',#6722,#103,#16);
#6724=PLANE('',#6723);
#6725=ADVANCED_FACE('',(#6721),#6724,.T.);
#6726=VECTOR('',#15,2.1);
#6727=CARTESIAN_POINT('',(8.1643,-0.0833,-1.8));
#6728=LINE('',#6727,#6726);
#6729=EDGE_CURVE('',#6645,#6653,#6728,.T.);
#6730=ORIENTED_EDGE('',*,*,#6729,.T.);
#6731=ORIENTED_EDGE('',*,*,#6695,.T.);
#6732=VECTOR('',#15,2.1);
#6733=CARTESIAN_POINT('',(8.6357,-0.0833,-1.8));
#6734=LINE('',#6733,#6732);
#6735=EDGE_CURVE('',#6647,#6655,#6734,.T.);
#6736=ORIENTED_EDGE('',*,*,#6735,.F.);
#6737=ORIENTED_EDGE('',*,*,#6664,.F.);
#6738=EDGE_LOOP('',(#6730,#6731,#6736,#6737));
#6739=FACE_OUTER_BOUND('',#6738,.T.);
#6740=CARTESIAN_POINT('',(8.1643,-0.0833,-1.8));
#6741=AXIS2_PLACEMENT_3D('',#6740,#34,#16);
#6742=PLANE('',#6741);
#6743=ADVANCED_FACE('',(#6739),#6742,.T.);
#6744=ORIENTED_EDGE('',*,*,#6718,.T.);
#6745=ORIENTED_EDGE('',*,*,#6700,.T.);
#6746=ORIENTED_EDGE('',*,*,#6729,.F.);
#6747=ORIENTED_EDGE('',*,*,#6659,.F.);
#6748=EDGE_LOOP('',(#6744,#6745,#6746,#6747));
#6749=FACE_OUTER_BOUND('',#6748,.T.);
#6750=CARTESIAN_POINT('',(8.1643,-0.1667,-1.8));
#6751=AXIS2_PLACEMENT_3D('',#6750,#132,#34);
#6752=PLANE('',#6751);
#6753=ADVANCED_FACE('',(#6749),#6752,.T.);
#6754=ORIENTED_EDGE('',*,*,#6669,.T.);
#6755=ORIENTED_EDGE('',*,*,#6735,.T.);
#6756=ORIENTED_EDGE('',*,*,#6690,.F.);
#6757=ORIENTED_EDGE('',*,*,#6712,.F.);
#6758=EDGE_LOOP('',(#6754,#6755,#6756,#6757));
#6759=FACE_OUTER_BOUND('',#6758,.T.);
#6760=CARTESIAN_POINT('',(8.6357,-0.1667,-1.8));
#6761=AXIS2_PLACEMENT_3D('',#6760,#16,#34);
#6762=PLANE('',#6761);
#6763=ADVANCED_FACE('',(#6759),#6762,.T.);
#6764=CLOSED_SHELL('',(#6681,#6707,#6725,#6743,#6753,#6763));
#6765=MANIFOLD_SOLID_BREP('Conductor_3_4',#6764);
#6766=STYLED_ITEM('color',(#1685),#6765);
#6767=CARTESIAN_POINT('',(8.2137,-0.25,-1.8));
#6768=VERTEX_POINT('',#6767);
#6769=CARTESIAN_POINT('',(8.5863,-0.25,-1.8));
#6770=VERTEX_POINT('',#6769);
#6771=CARTESIAN_POINT('',(8.2137,-0.1667,-1.8));
#6772=VERTEX_POINT('',#6771);
#6773=CARTESIAN_POINT('',(8.5863,-0.1667,-1.8));
#6774=VERTEX_POINT('',#6773);
#6775=CARTESIAN_POINT('',(8.2137,-0.25,0.3));
#6776=VERTEX_POINT('',#6775);
#6777=CARTESIAN_POINT('',(8.5863,-0.25,0.3));
#6778=VERTEX_POINT('',#6777);
#6779=CARTESIAN_POINT('',(8.2137,-0.1667,0.3));
#6780=VERTEX_POINT('',#6779);
#6781=CARTESIAN_POINT('',(8.5863,-0.1667,0.3));
#6782=VERTEX_POINT('',#6781);
#6783=VECTOR('',#34,0.0833);
#6784=CARTESIAN_POINT('',(8.2137,-0.25,-1.8));
#6785=LINE('',#6784,#6783);
#6786=EDGE_CURVE('',#6768,#6772,#6785,.T.);
#6787=ORIENTED_EDGE('',*,*,#6786,.T.);
#6788=VECTOR('',#16,0.3727);
#6789=CARTESIAN_POINT('',(8.2137,-0.1667,-1.8));
#6790=LINE('',#6789,#6788);
#6791=EDGE_CURVE('',#6772,#6774,#6790,.T.);
#6792=ORIENTED_EDGE('',*,*,#6791,.T.);
#6793=VECTOR('',#34,0.0833);
#6794=CARTESIAN_POINT('',(8.5863,-0.25,-1.8));
#6795=LINE('',#6794,#6793);
#6796=EDGE_CURVE('',#6770,#6774,#6795,.T.);
#6797=ORIENTED_EDGE('',*,*,#6796,.F.);
#6798=VECTOR('',#16,0.3727);
#6799=CARTESIAN_POINT('',(8.2137,-0.25,-1.8));
#6800=LINE('',#6799,#6798);
#6801=EDGE_CURVE('',#6768,#6770,#6800,.T.);
#6802=ORIENTED_EDGE('',*,*,#6801,.F.);
#6803=EDGE_LOOP('',(#6787,#6792,#6797,#6802));
#6804=FACE_OUTER_BOUND('',#6803,.T.);
#6805=CARTESIAN_POINT('',(8.2137,-0.25,-1.8));
#6806=AXIS2_PLACEMENT_3D('',#6805,#58,#16);
#6807=PLANE('',#6806);
#6808=ADVANCED_FACE('',(#6804),#6807,.T.);
#6809=VECTOR('',#16,0.3727);
#6810=CARTESIAN_POINT('',(8.2137,-0.25,0.3));
#6811=LINE('',#6810,#6809);
#6812=EDGE_CURVE('',#6776,#6778,#6811,.T.);
#6813=ORIENTED_EDGE('',*,*,#6812,.T.);
#6814=VECTOR('',#34,0.0833);
#6815=CARTESIAN_POINT('',(8.5863,-0.25,0.3));
#6816=LINE('',#6815,#6814);
#6817=EDGE_CURVE('',#6778,#6782,#6816,.T.);
#6818=ORIENTED_EDGE('',*,*,#6817,.T.);
#6819=VECTOR('',#16,0.3727);
#6820=CARTESIAN_POINT('',(8.2137,-0.1667,0.3));
#6821=LINE('',#6820,#6819);
#6822=EDGE_CURVE('',#6780,#6782,#6821,.T.);
#6823=ORIENTED_EDGE('',*,*,#6822,.F.);
#6824=VECTOR('',#34,0.0833);
#6825=CARTESIAN_POINT('',(8.2137,-0.25,0.3));
#6826=LINE('',#6825,#6824);
#6827=EDGE_CURVE('',#6776,#6780,#6826,.T.);
#6828=ORIENTED_EDGE('',*,*,#6827,.F.);
#6829=EDGE_LOOP('',(#6813,#6818,#6823,#6828));
#6830=FACE_OUTER_BOUND('',#6829,.T.);
#6831=CARTESIAN_POINT('',(8.2137,-0.25,0.3));
#6832=AXIS2_PLACEMENT_3D('',#6831,#15,#16);
#6833=PLANE('',#6832);
#6834=ADVANCED_FACE('',(#6830),#6833,.T.);
#6835=ORIENTED_EDGE('',*,*,#6801,.T.);
#6836=VECTOR('',#15,2.1);
#6837=CARTESIAN_POINT('',(8.5863,-0.25,-1.8));
#6838=LINE('',#6837,#6836);
#6839=EDGE_CURVE('',#6770,#6778,#6838,.T.);
#6840=ORIENTED_EDGE('',*,*,#6839,.T.);
#6841=ORIENTED_EDGE('',*,*,#6812,.F.);
#6842=VECTOR('',#15,2.1);
#6843=CARTESIAN_POINT('',(8.2137,-0.25,-1.8));
#6844=LINE('',#6843,#6842);
#6845=EDGE_CURVE('',#6768,#6776,#6844,.T.);
#6846=ORIENTED_EDGE('',*,*,#6845,.F.);
#6847=EDGE_LOOP('',(#6835,#6840,#6841,#6846));
#6848=FACE_OUTER_BOUND('',#6847,.T.);
#6849=CARTESIAN_POINT('',(8.2137,-0.25,-1.8));
#6850=AXIS2_PLACEMENT_3D('',#6849,#103,#16);
#6851=PLANE('',#6850);
#6852=ADVANCED_FACE('',(#6848),#6851,.T.);
#6853=VECTOR('',#15,2.1);
#6854=CARTESIAN_POINT('',(8.2137,-0.1667,-1.8));
#6855=LINE('',#6854,#6853);
#6856=EDGE_CURVE('',#6772,#6780,#6855,.T.);
#6857=ORIENTED_EDGE('',*,*,#6856,.T.);
#6858=ORIENTED_EDGE('',*,*,#6822,.T.);
#6859=VECTOR('',#15,2.1);
#6860=CARTESIAN_POINT('',(8.5863,-0.1667,-1.8));
#6861=LINE('',#6860,#6859);
#6862=EDGE_CURVE('',#6774,#6782,#6861,.T.);
#6863=ORIENTED_EDGE('',*,*,#6862,.F.);
#6864=ORIENTED_EDGE('',*,*,#6791,.F.);
#6865=EDGE_LOOP('',(#6857,#6858,#6863,#6864));
#6866=FACE_OUTER_BOUND('',#6865,.T.);
#6867=CARTESIAN_POINT('',(8.2137,-0.1667,-1.8));
#6868=AXIS2_PLACEMENT_3D('',#6867,#34,#16);
#6869=PLANE('',#6868);
#6870=ADVANCED_FACE('',(#6866),#6869,.T.);
#6871=ORIENTED_EDGE('',*,*,#6845,.T.);
#6872=ORIENTED_EDGE('',*,*,#6827,.T.);
#6873=ORIENTED_EDGE('',*,*,#6856,.F.);
#6874=ORIENTED_EDGE('',*,*,#6786,.F.);
#6875=EDGE_LOOP('',(#6871,#6872,#6873,#6874));
#6876=FACE_OUTER_BOUND('',#6875,.T.);
#6877=CARTESIAN_POINT('',(8.2137,-0.25,-1.8));
#6878=AXIS2_PLACEMENT_3D('',#6877,#132,#34);
#6879=PLANE('',#6878);
#6880=ADVANCED_FACE('',(#6876),#6879,.T.);
#6881=ORIENTED_EDGE('',*,*,#6796,.T.);
#6882=ORIENTED_EDGE('',*,*,#6862,.T.);
#6883=ORIENTED_EDGE('',*,*,#6817,.F.);
#6884=ORIENTED_EDGE('',*,*,#6839,.F.);
#6885=EDGE_LOOP('',(#6881,#6882,#6883,#6884));
#6886=FACE_OUTER_BOUND('',#6885,.T.);
#6887=CARTESIAN_POINT('',(8.5863,-0.25,-1.8));
#6888=AXIS2_PLACEMENT_3D('',#6887,#16,#34);
#6889=PLANE('',#6888);
#6890=ADVANCED_FACE('',(#6886),#6889,.T.);
#6891=CLOSED_SHELL('',(#6808,#6834,#6852,#6870,#6880,#6890));
#6892=MANIFOLD_SOLID_BREP('Conductor_3_5',#6891);
#6893=STYLED_ITEM('color',(#1685),#6892);
#6894=CARTESIAN_POINT('',(12.1301,0.7083,0.3));
#6895=VERTEX_POINT('',#6894);
#6896=CARTESIAN_POINT('',(13.0699,0.7083,0.3));
#6897=VERTEX_POINT('',#6896);
#6898=CARTESIAN_POINT('',(12.1301,0.85,0.3));
#6899=VERTEX_POINT('',#6898);
#6900=CARTESIAN_POINT('',(13.0699,0.85,0.3));
#6901=VERTEX_POINT('',#6900);
#6902=CARTESIAN_POINT('',(12.1301,0.7083,10.));
#6903=VERTEX_POINT('',#6902);
#6904=CARTESIAN_POINT('',(13.0699,0.7083,10.));
#6905=VERTEX_POINT('',#6904);
#6906=CARTESIAN_POINT('',(12.1301,0.85,10.));
#6907=VERTEX_POINT('',#6906);
#6908=CARTESIAN_POINT('',(13.0699,0.85,10.));
#6909=VERTEX_POINT('',#6908);
#6910=VECTOR('',#34,0.1417);
#6911=CARTESIAN_POINT('',(12.1301,0.7083,0.3));
#6912=LINE('',#6911,#6910);
#6913=EDGE_CURVE('',#6895,#6899,#6912,.T.);
#6914=ORIENTED_EDGE('',*,*,#6913,.T.);
#6915=VECTOR('',#16,0.9397);
#6916=CARTESIAN_POINT('',(12.1301,0.85,0.3));
#6917=LINE('',#6916,#6915);
#6918=EDGE_CURVE('',#6899,#6901,#6917,.T.);
#6919=ORIENTED_EDGE('',*,*,#6918,.T.);
#6920=VECTOR('',#34,0.1417);
#6921=CARTESIAN_POINT('',(13.0699,0.7083,0.3));
#6922=LINE('',#6921,#6920);
#6923=EDGE_CURVE('',#6897,#6901,#6922,.T.);
#6924=ORIENTED_EDGE('',*,*,#6923,.F.);
#6925=VECTOR('',#16,0.9397);
#6926=CARTESIAN_POINT('',(12.1301,0.7083,0.3));
#6927=LINE('',#6926,#6925);
#6928=EDGE_CURVE('',#6895,#6897,#6927,.T.);
#6929=ORIENTED_EDGE('',*,*,#6928,.F.);
#6930=EDGE_LOOP('',(#6914,#6919,#6924,#6929));
#6931=FACE_OUTER_BOUND('',#6930,.T.);
#6932=CARTESIAN_POINT('',(12.1301,0.7083,0.3));
#6933=AXIS2_PLACEMENT_3D('',#6932,#58,#16);
#6934=PLANE('',#6933);
#6935=ADVANCED_FACE('',(#6931),#6934,.T.);
#6936=VECTOR('',#16,0.9397);
#6937=CARTESIAN_POINT('',(12.1301,0.7083,10.));
#6938=LINE('',#6937,#6936);
#6939=EDGE_CURVE('',#6903,#6905,#6938,.T.);
#6940=ORIENTED_EDGE('',*,*,#6939,.T.);
#6941=VECTOR('',#34,0.1417);
#6942=CARTESIAN_POINT('',(13.0699,0.7083,10.));
#6943=LINE('',#6942,#6941);
#6944=EDGE_CURVE('',#6905,#6909,#6943,.T.);
#6945=ORIENTED_EDGE('',*,*,#6944,.T.);
#6946=VECTOR('',#16,0.9397);
#6947=CARTESIAN_POINT('',(12.1301,0.85,10.));
#6948=LINE('',#6947,#6946);
#6949=EDGE_CURVE('',#6907,#6909,#6948,.T.);
#6950=ORIENTED_EDGE('',*,*,#6949,.F.);
#6951=VECTOR('',#34,0.1417);
#6952=CARTESIAN_POINT('',(12.1301,0.7083,10.));
#6953=LINE('',#6952,#6951);
#6954=EDGE_CURVE('',#6903,#6907,#6953,.T.);
#6955=ORIENTED_EDGE('',*,*,#6954,.F.);
#6956=EDGE_LOOP('',(#6940,#6945,#6950,#6955));
#6957=FACE_OUTER_BOUND('',#6956,.T.);
#6958=CARTESIAN_POINT('',(12.1301,0.7083,10.));
#6959=AXIS2_PLACEMENT_3D('',#6958,#15,#16);
#6960=PLANE('',#6959);
#6961=ADVANCED_FACE('',(#6957),#6960,.T.);
#6962=ORIENTED_EDGE('',*,*,#6928,.T.);
#6963=VECTOR('',#15,9.7);
#6964=CARTESIAN_POINT('',(13.0699,0.7083,0.3));
#6965=LINE('',#6964,#6963);
#6966=EDGE_CURVE('',#6897,#6905,#6965,.T.);
#6967=ORIENTED_EDGE('',*,*,#6966,.T.);
#6968=ORIENTED_EDGE('',*,*,#6939,.F.);
#6969=VECTOR('',#15,9.7);
#6970=CARTESIAN_POINT('',(12.1301,0.7083,0.3));
#6971=LINE('',#6970,#6969);
#6972=EDGE_CURVE('',#6895,#6903,#6971,.T.);
#6973=ORIENTED_EDGE('',*,*,#6972,.F.);
#6974=EDGE_LOOP('',(#6962,#6967,#6968,#6973));
#6975=FACE_OUTER_BOUND('',#6974,.T.);
#6976=CARTESIAN_POINT('',(12.1301,0.7083,0.3));
#6977=AXIS2_PLACEMENT_3D('',#6976,#103,#16);
#6978=PLANE('',#6977);
#6979=ADVANCED_FACE('',(#6975),#6978,.T.);
#6980=VECTOR('',#15,9.7);
#6981=CARTESIAN_POINT('',(12.1301,0.85,0.3));
#6982=LINE('',#6981,#6980);
#6983=EDGE_CURVE('',#6899,#6907,#6982,.T.);
#6984=ORIENTED_EDGE('',*,*,#6983,.T.);
#6985=ORIENTED_EDGE('',*,*,#6949,.T.);
#6986=VECTOR('',#15,9.7);
#6987=CARTESIAN_POINT('',(13.0699,0.85,0.3));
#6988=LINE('',#6987,#6986);
#6989=EDGE_CURVE('',#6901,#6909,#6988,.T.);
#6990=ORIENTED_EDGE('',*,*,#6989,.F.);
#6991=ORIENTED_EDGE('',*,*,#6918,.F.);
#6992=EDGE_LOOP('',(#6984,#6985,#6990,#6991));
#6993=FACE_OUTER_BOUND('',#6992,.T.);
#6994=CARTESIAN_POINT('',(12.1301,0.85,0.3));
#6995=AXIS2_PLACEMENT_3D('',#6994,#34,#16);
#6996=PLANE('',#6995);
#6997=ADVANCED_FACE('',(#6993),#6996,.T.);
#6998=ORIENTED_EDGE('',*,*,#6972,.T.);
#6999=ORIENTED_EDGE('',*,*,#6954,.T.);
#7000=ORIENTED_EDGE('',*,*,#6983,.F.);
#7001=ORIENTED_EDGE('',*,*,#6913,.F.);
#7002=EDGE_LOOP('',(#6998,#6999,#7000,#7001));
#7003=FACE_OUTER_BOUND('',#7002,.T.);
#7004=CARTESIAN_POINT('',(12.1301,0.7083,0.3));
#7005=AXIS2_PLACEMENT_3D('',#7004,#132,#34);
#7006=PLANE('',#7005);
#7007=ADVANCED_FACE('',(#7003),#7006,.T.);
#7008=ORIENTED_EDGE('',*,*,#6923,.T.);
#7009=ORIENTED_EDGE('',*,*,#6989,.T.);
#7010=ORIENTED_EDGE('',*,*,#6944,.F.);
#7011=ORIENTED_EDGE('',*,*,#6966,.F.);
#7012=EDGE_LOOP('',(#7008,#7009,#7010,#7011));
#7013=FACE_OUTER_BOUND('',#7012,.T.);
#7014=CARTESIAN_POINT('',(13.0699,0.7083,0.3));
#7015=AXIS2_PLACEMENT_3D('',#7014,#16,#34);
#7016=PLANE('',#7015);
#7017=ADVANCED_FACE('',(#7013),#7016,.T.);
#7018=CLOSED_SHELL('',(#6935,#6961,#6979,#6997,#7007,#7017));
#7019=MANIFOLD_SOLID_BREP('Wire_4_0',#7018);
#7020=STYLED_ITEM('color',(#154),#7019);
#7021=CARTESIAN_POINT('',(11.9664,0.5667,0.3));
#7022=VERTEX_POINT('',#7021);
#7023=CARTESIAN_POINT('',(13.2336,0.5667,0.3));
#7024=VERTEX_POINT('',#7023);
#7025=CARTESIAN_POINT('',(11.9664,0.7083,0.3));
#7026=VERTEX_POINT('',#7025);
#7027=CARTESIAN_POINT('',(13.2336,0.7083,0.3));
#7028=VERTEX_POINT('',#7027);
#7029=CARTESIAN_POINT('',(11.9664,0.5667,10.));
#7030=VERTEX_POINT('',#7029);
#7031=CARTESIAN_POINT('',(13.2336,0.5667,10.));
#7032=VERTEX_POINT('',#7031);
#7033=CARTESIAN_POINT('',(11.9664,0.7083,10.));
#7034=VERTEX_POINT('',#7033);
#7035=CARTESIAN_POINT('',(13.2336,0.7083,10.));
#7036=VERTEX_POINT('',#7035);
#7037=VECTOR('',#34,0.1417);
#7038=CARTESIAN_POINT('',(11.9664,0.5667,0.3));
#7039=LINE('',#7038,#7037);
#7040=EDGE_CURVE('',#7022,#7026,#7039,.T.);
#7041=ORIENTED_EDGE('',*,*,#7040,.T.);
#7042=VECTOR('',#16,1.2671);
#7043=CARTESIAN_POINT('',(11.9664,0.7083,0.3));
#7044=LINE('',#7043,#7042);
#7045=EDGE_CURVE('',#7026,#7028,#7044,.T.);
#7046=ORIENTED_EDGE('',*,*,#7045,.T.);
#7047=VECTOR('',#34,0.1417);
#7048=CARTESIAN_POINT('',(13.2336,0.5667,0.3));
#7049=LINE('',#7048,#7047);
#7050=EDGE_CURVE('',#7024,#7028,#7049,.T.);
#7051=ORIENTED_EDGE('',*,*,#7050,.F.);
#7052=VECTOR('',#16,1.2671);
#7053=CARTESIAN_POINT('',(11.9664,0.5667,0.3));
#7054=LINE('',#7053,#7052);
#7055=EDGE_CURVE('',#7022,#7024,#7054,.T.);
#7056=ORIENTED_EDGE('',*,*,#7055,.F.);
#7057=EDGE_LOOP('',(#7041,#7046,#7051,#7056));
#7058=FACE_OUTER_BOUND('',#7057,.T.);
#7059=CARTESIAN_POINT('',(11.9664,0.5667,0.3));
#7060=AXIS2_PLACEMENT_3D('',#7059,#58,#16);
#7061=PLANE('',#7060);
#7062=ADVANCED_FACE('',(#7058),#7061,.T.);
#7063=VECTOR('',#16,1.2671);
#7064=CARTESIAN_POINT('',(11.9664,0.5667,10.));
#7065=LINE('',#7064,#7063);
#7066=EDGE_CURVE('',#7030,#7032,#7065,.T.);
#7067=ORIENTED_EDGE('',*,*,#7066,.T.);
#7068=VECTOR('',#34,0.1417);
#7069=CARTESIAN_POINT('',(13.2336,0.5667,10.));
#7070=LINE('',#7069,#7068);
#7071=EDGE_CURVE('',#7032,#7036,#7070,.T.);
#7072=ORIENTED_EDGE('',*,*,#7071,.T.);
#7073=VECTOR('',#16,1.2671);
#7074=CARTESIAN_POINT('',(11.9664,0.7083,10.));
#7075=LINE('',#7074,#7073);
#7076=EDGE_CURVE('',#7034,#7036,#7075,.T.);
#7077=ORIENTED_EDGE('',*,*,#7076,.F.);
#7078=VECTOR('',#34,0.1417);
#7079=CARTESIAN_POINT('',(11.9664,0.5667,10.));
#7080=LINE('',#7079,#7078);
#7081=EDGE_CURVE('',#7030,#7034,#7080,.T.);
#7082=ORIENTED_EDGE('',*,*,#7081,.F.);
#7083=EDGE_LOOP('',(#7067,#7072,#7077,#7082));
#7084=FACE_OUTER_BOUND('',#7083,.T.);
#7085=CARTESIAN_POINT('',(11.9664,0.5667,10.));
#7086=AXIS2_PLACEMENT_3D('',#7085,#15,#16);
#7087=PLANE('',#7086);
#7088=ADVANCED_FACE('',(#7084),#7087,.T.);
#7089=ORIENTED_EDGE('',*,*,#7055,.T.);
#7090=VECTOR('',#15,9.7);
#7091=CARTESIAN_POINT('',(13.2336,0.5667,0.3));
#7092=LINE('',#7091,#7090);
#7093=EDGE_CURVE('',#7024,#7032,#7092,.T.);
#7094=ORIENTED_EDGE('',*,*,#7093,.T.);
#7095=ORIENTED_EDGE('',*,*,#7066,.F.);
#7096=VECTOR('',#15,9.7);
#7097=CARTESIAN_POINT('',(11.9664,0.5667,0.3));
#7098=LINE('',#7097,#7096);
#7099=EDGE_CURVE('',#7022,#7030,#7098,.T.);
#7100=ORIENTED_EDGE('',*,*,#7099,.F.);
#7101=EDGE_LOOP('',(#7089,#7094,#7095,#7100));
#7102=FACE_OUTER_BOUND('',#7101,.T.);
#7103=CARTESIAN_POINT('',(11.9664,0.5667,0.3));
#7104=AXIS2_PLACEMENT_3D('',#7103,#103,#16);
#7105=PLANE('',#7104);
#7106=ADVANCED_FACE('',(#7102),#7105,.T.);
#7107=VECTOR('',#15,9.7);
#7108=CARTESIAN_POINT('',(11.9664,0.7083,0.3));
#7109=LINE('',#7108,#7107);
#7110=EDGE_CURVE('',#7026,#7034,#7109,.T.);
#7111=ORIENTED_EDGE('',*,*,#7110,.T.);
#7112=ORIENTED_EDGE('',*,*,#7076,.T.);
#7113=VECTOR('',#15,9.7);
#7114=CARTESIAN_POINT('',(13.2336,0.7083,0.3));
#7115=LINE('',#7114,#7113);
#7116=EDGE_CURVE('',#7028,#7036,#7115,.T.);
#7117=ORIENTED_EDGE('',*,*,#7116,.F.);
#7118=ORIENTED_EDGE('',*,*,#7045,.F.);
#7119=EDGE_LOOP('',(#7111,#7112,#7117,#7118));
#7120=FACE_OUTER_BOUND('',#7119,.T.);
#7121=CARTESIAN_POINT('',(11.9664,0.7083,0.3));
#7122=AXIS2_PLACEMENT_3D('',#7121,#34,#16);
#7123=PLANE('',#7122);
#7124=ADVANCED_FACE('',(#7120),#7123,.T.);
#7125=ORIENTED_EDGE('',*,*,#7099,.T.);
#7126=ORIENTED_EDGE('',*,*,#7081,.T.);
#7127=ORIENTED_EDGE('',*,*,#7110,.F.);
#7128=ORIENTED_EDGE('',*,*,#7040,.F.);
#7129=EDGE_LOOP('',(#7125,#7126,#7127,#7128));
#7130=FACE_OUTER_BOUND('',#7129,.T.);
#7131=CARTESIAN_POINT('',(11.9664,0.5667,0.3));
#7132=AXIS2_PLACEMENT_3D('',#7131,#132,#34);
#7133=PLANE('',#7132);
#7134=ADVANCED_FACE('',(#7130),#7133,.T.);
#7135=ORIENTED_EDGE('',*,*,#7050,.T.);
#7136=ORIENTED_EDGE('',*,*,#7116,.T.);
#7137=ORIENTED_EDGE('',*,*,#7071,.F.);
#7138=ORIENTED_EDGE('',*,*,#7093,.F.);
#7139=EDGE_LOOP('',(#7135,#7136,#7137,#7138));
#7140=FACE_OUTER_BOUND('',#7139,.T.);
#7141=CARTESIAN_POINT('',(13.2336,0.5667,0.3));
#7142=AXIS2_PLACEMENT_3D('',#7141,#16,#34);
#7143=PLANE('',#7142);
#7144=ADVANCED_FACE('',(#7140),#7143,.T.);
#7145=CLOSED_SHELL('',(#7062,#7088,#7106,#7124,#7134,#7144));
#7146=MANIFOLD_SOLID_BREP('Wire_4_1',#7145);
#7147=STYLED_ITEM('color',(#154),#7146);
#7148=CARTESIAN_POINT('',(11.8639,0.425,0.3));
#7149=VERTEX_POINT('',#7148);
#7150=CARTESIAN_POINT('',(13.3361,0.425,0.3));
#7151=VERTEX_POINT('',#7150);
#7152=CARTESIAN_POINT('',(11.8639,0.5667,0.3));
#7153=VERTEX_POINT('',#7152);
#7154=CARTESIAN_POINT('',(13.3361,0.5667,0.3));
#7155=VERTEX_POINT('',#7154);
#7156=CARTESIAN_POINT('',(11.8639,0.425,10.));
#7157=VERTEX_POINT('',#7156);
#7158=CARTESIAN_POINT('',(13.3361,0.425,10.));
#7159=VERTEX_POINT('',#7158);
#7160=CARTESIAN_POINT('',(11.8639,0.5667,10.));
#7161=VERTEX_POINT('',#7160);
#7162=CARTESIAN_POINT('',(13.3361,0.5667,10.));
#7163=VERTEX_POINT('',#7162);
#7164=VECTOR('',#34,0.1417);
#7165=CARTESIAN_POINT('',(11.8639,0.425,0.3));
#7166=LINE('',#7165,#7164);
#7167=EDGE_CURVE('',#7149,#7153,#7166,.T.);
#7168=ORIENTED_EDGE('',*,*,#7167,.T.);
#7169=VECTOR('',#16,1.4722);
#7170=CARTESIAN_POINT('',(11.8639,0.5667,0.3));
#7171=LINE('',#7170,#7169);
#7172=EDGE_CURVE('',#7153,#7155,#7171,.T.);
#7173=ORIENTED_EDGE('',*,*,#7172,.T.);
#7174=VECTOR('',#34,0.1417);
#7175=CARTESIAN_POINT('',(13.3361,0.425,0.3));
#7176=LINE('',#7175,#7174);
#7177=EDGE_CURVE('',#7151,#7155,#7176,.T.);
#7178=ORIENTED_EDGE('',*,*,#7177,.F.);
#7179=VECTOR('',#16,1.4722);
#7180=CARTESIAN_POINT('',(11.8639,0.425,0.3));
#7181=LINE('',#7180,#7179);
#7182=EDGE_CURVE('',#7149,#7151,#7181,.T.);
#7183=ORIENTED_EDGE('',*,*,#7182,.F.);
#7184=EDGE_LOOP('',(#7168,#7173,#7178,#7183));
#7185=FACE_OUTER_BOUND('',#7184,.T.);
#7186=CARTESIAN_POINT('',(11.8639,0.425,0.3));
#7187=AXIS2_PLACEMENT_3D('',#7186,#58,#16);
#7188=PLANE('',#7187);
#7189=ADVANCED_FACE('',(#7185),#7188,.T.);
#7190=VECTOR('',#16,1.4722);
#7191=CARTESIAN_POINT('',(11.8639,0.425,10.));
#7192=LINE('',#7191,#7190);
#7193=EDGE_CURVE('',#7157,#7159,#7192,.T.);
#7194=ORIENTED_EDGE('',*,*,#7193,.T.);
#7195=VECTOR('',#34,0.1417);
#7196=CARTESIAN_POINT('',(13.3361,0.425,10.));
#7197=LINE('',#7196,#7195);
#7198=EDGE_CURVE('',#7159,#7163,#7197,.T.);
#7199=ORIENTED_EDGE('',*,*,#7198,.T.);
#7200=VECTOR('',#16,1.4722);
#7201=CARTESIAN_POINT('',(11.8639,0.5667,10.));
#7202=LINE('',#7201,#7200);
#7203=EDGE_CURVE('',#7161,#7163,#7202,.T.);
#7204=ORIENTED_EDGE('',*,*,#7203,.F.);
#7205=VECTOR('',#34,0.1417);
#7206=CARTESIAN_POINT('',(11.8639,0.425,10.));
#7207=LINE('',#7206,#7205);
#7208=EDGE_CURVE('',#7157,#7161,#7207,.T.);
#7209=ORIENTED_EDGE('',*,*,#7208,.F.);
#7210=EDGE_LOOP('',(#7194,#7199,#7204,#7209));
#7211=FACE_OUTER_BOUND('',#7210,.T.);
#7212=CARTESIAN_POINT('',(11.8639,0.425,10.));
#7213=AXIS2_PLACEMENT_3D('',#7212,#15,#16);
#7214=PLANE('',#7213);
#7215=ADVANCED_FACE('',(#7211),#7214,.T.);
#7216=ORIENTED_EDGE('',*,*,#7182,.T.);
#7217=VECTOR('',#15,9.7);
#7218=CARTESIAN_POINT('',(13.3361,0.425,0.3));
#7219=LINE('',#7218,#7217);
#7220=EDGE_CURVE('',#7151,#7159,#7219,.T.);
#7221=ORIENTED_EDGE('',*,*,#7220,.T.);
#7222=ORIENTED_EDGE('',*,*,#7193,.F.);
#7223=VECTOR('',#15,9.7);
#7224=CARTESIAN_POINT('',(11.8639,0.425,0.3));
#7225=LINE('',#7224,#7223);
#7226=EDGE_CURVE('',#7149,#7157,#7225,.T.);
#7227=ORIENTED_EDGE('',*,*,#7226,.F.);
#7228=EDGE_LOOP('',(#7216,#7221,#7222,#7227));
#7229=FACE_OUTER_BOUND('',#7228,.T.);
#7230=CARTESIAN_POINT('',(11.8639,0.425,0.3));
#7231=AXIS2_PLACEMENT_3D('',#7230,#103,#16);
#7232=PLANE('',#7231);
#7233=ADVANCED_FACE('',(#7229),#7232,.T.);
#7234=VECTOR('',#15,9.7);
#7235=CARTESIAN_POINT('',(11.8639,0.5667,0.3));
#7236=LINE('',#7235,#7234);
#7237=EDGE_CURVE('',#7153,#7161,#7236,.T.);
#7238=ORIENTED_EDGE('',*,*,#7237,.T.);
#7239=ORIENTED_EDGE('',*,*,#7203,.T.);
#7240=VECTOR('',#15,9.7);
#7241=CARTESIAN_POINT('',(13.3361,0.5667,0.3));
#7242=LINE('',#7241,#7240);
#7243=EDGE_CURVE('',#7155,#7163,#7242,.T.);
#7244=ORIENTED_EDGE('',*,*,#7243,.F.);
#7245=ORIENTED_EDGE('',*,*,#7172,.F.);
#7246=EDGE_LOOP('',(#7238,#7239,#7244,#7245));
#7247=FACE_OUTER_BOUND('',#7246,.T.);
#7248=CARTESIAN_POINT('',(11.8639,0.5667,0.3));
#7249=AXIS2_PLACEMENT_3D('',#7248,#34,#16);
#7250=PLANE('',#7249);
#7251=ADVANCED_FACE('',(#7247),#7250,.T.);
#7252=ORIENTED_EDGE('',*,*,#7226,.T.);
#7253=ORIENTED_EDGE('',*,*,#7208,.T.);
#7254=ORIENTED_EDGE('',*,*,#7237,.F.);
#7255=ORIENTED_EDGE('',*,*,#7167,.F.);
#7256=EDGE_LOOP('',(#7252,#7253,#7254,#7255));
#7257=FACE_OUTER_BOUND('',#7256,.T.);
#7258=CARTESIAN_POINT('',(11.8639,0.425,0.3));
#7259=AXIS2_PLACEMENT_3D('',#7258,#132,#34);
#7260=PLANE('',#7259);
#7261=ADVANCED_FACE('',(#7257),#7260,.T.);
#7262=ORIENTED_EDGE('',*,*,#7177,.T.);
#7263=ORIENTED_EDGE('',*,*,#7243,.T.);
#7264=ORIENTED_EDGE('',*,*,#7198,.F.);
#7265=ORIENTED_EDGE('',*,*,#7220,.F.);
#7266=EDGE_LOOP('',(#7262,#7263,#7264,#7265));
#7267=FACE_OUTER_BOUND('',#7266,.T.);
#7268=CARTESIAN_POINT('',(13.3361,0.425,0.3));
#7269=AXIS2_PLACEMENT_3D('',#7268,#16,#34);
#7270=PLANE('',#7269);
#7271=ADVANCED_FACE('',(#7267),#7270,.T.);
#7272=CLOSED_SHELL('',(#7189,#7215,#7233,#7251,#7261,#7271));
#7273=MANIFOLD_SOLID_BREP('Wire_4_2',#7272);
#7274=STYLED_ITEM('color',(#154),#7273);
#7275=CARTESIAN_POINT('',(11.7986,0.2833,0.3));
#7276=VERTEX_POINT('',#7275);
#7277=CARTESIAN_POINT('',(13.4014,0.2833,0.3));
#7278=VERTEX_POINT('',#7277);
#7279=CARTESIAN_POINT('',(11.7986,0.425,0.3));
#7280=VERTEX_POINT('',#7279);
#7281=CARTESIAN_POINT('',(13.4014,0.425,0.3));
#7282=VERTEX_POINT('',#7281);
#7283=CARTESIAN_POINT('',(11.7986,0.2833,10.));
#7284=VERTEX_POINT('',#7283);
#7285=CARTESIAN_POINT('',(13.4014,0.2833,10.));
#7286=VERTEX_POINT('',#7285);
#7287=CARTESIAN_POINT('',(11.7986,0.425,10.));
#7288=VERTEX_POINT('',#7287);
#7289=CARTESIAN_POINT('',(13.4014,0.425,10.));
#7290=VERTEX_POINT('',#7289);
#7291=VECTOR('',#34,0.1417);
#7292=CARTESIAN_POINT('',(11.7986,0.2833,0.3));
#7293=LINE('',#7292,#7291);
#7294=EDGE_CURVE('',#7276,#7280,#7293,.T.);
#7295=ORIENTED_EDGE('',*,*,#7294,.T.);
#7296=VECTOR('',#16,1.6028);
#7297=CARTESIAN_POINT('',(11.7986,0.425,0.3));
#7298=LINE('',#7297,#7296);
#7299=EDGE_CURVE('',#7280,#7282,#7298,.T.);
#7300=ORIENTED_EDGE('',*,*,#7299,.T.);
#7301=VECTOR('',#34,0.1417);
#7302=CARTESIAN_POINT('',(13.4014,0.2833,0.3));
#7303=LINE('',#7302,#7301);
#7304=EDGE_CURVE('',#7278,#7282,#7303,.T.);
#7305=ORIENTED_EDGE('',*,*,#7304,.F.);
#7306=VECTOR('',#16,1.6028);
#7307=CARTESIAN_POINT('',(11.7986,0.2833,0.3));
#7308=LINE('',#7307,#7306);
#7309=EDGE_CURVE('',#7276,#7278,#7308,.T.);
#7310=ORIENTED_EDGE('',*,*,#7309,.F.);
#7311=EDGE_LOOP('',(#7295,#7300,#7305,#7310));
#7312=FACE_OUTER_BOUND('',#7311,.T.);
#7313=CARTESIAN_POINT('',(11.7986,0.2833,0.3));
#7314=AXIS2_PLACEMENT_3D('',#7313,#58,#16);
#7315=PLANE('',#7314);
#7316=ADVANCED_FACE('',(#7312),#7315,.T.);
#7317=VECTOR('',#16,1.6028);
#7318=CARTESIAN_POINT('',(11.7986,0.2833,10.));
#7319=LINE('',#7318,#7317);
#7320=EDGE_CURVE('',#7284,#7286,#7319,.T.);
#7321=ORIENTED_EDGE('',*,*,#7320,.T.);
#7322=VECTOR('',#34,0.1417);
#7323=CARTESIAN_POINT('',(13.4014,0.2833,10.));
#7324=LINE('',#7323,#7322);
#7325=EDGE_CURVE('',#7286,#7290,#7324,.T.);
#7326=ORIENTED_EDGE('',*,*,#7325,.T.);
#7327=VECTOR('',#16,1.6028);
#7328=CARTESIAN_POINT('',(11.7986,0.425,10.));
#7329=LINE('',#7328,#7327);
#7330=EDGE_CURVE('',#7288,#7290,#7329,.T.);
#7331=ORIENTED_EDGE('',*,*,#7330,.F.);
#7332=VECTOR('',#34,0.1417);
#7333=CARTESIAN_POINT('',(11.7986,0.2833,10.));
#7334=LINE('',#7333,#7332);
#7335=EDGE_CURVE('',#7284,#7288,#7334,.T.);
#7336=ORIENTED_EDGE('',*,*,#7335,.F.);
#7337=EDGE_LOOP('',(#7321,#7326,#7331,#7336));
#7338=FACE_OUTER_BOUND('',#7337,.T.);
#7339=CARTESIAN_POINT('',(11.7986,0.2833,10.));
#7340=AXIS2_PLACEMENT_3D('',#7339,#15,#16);
#7341=PLANE('',#7340);
#7342=ADVANCED_FACE('',(#7338),#7341,.T.);
#7343=ORIENTED_EDGE('',*,*,#7309,.T.);
#7344=VECTOR('',#15,9.7);
#7345=CARTESIAN_POINT('',(13.4014,0.2833,0.3));
#7346=LINE('',#7345,#7344);
#7347=EDGE_CURVE('',#7278,#7286,#7346,.T.);
#7348=ORIENTED_EDGE('',*,*,#7347,.T.);
#7349=ORIENTED_EDGE('',*,*,#7320,.F.);
#7350=VECTOR('',#15,9.7);
#7351=CARTESIAN_POINT('',(11.7986,0.2833,0.3));
#7352=LINE('',#7351,#7350);
#7353=EDGE_CURVE('',#7276,#7284,#7352,.T.);
#7354=ORIENTED_EDGE('',*,*,#7353,.F.);
#7355=EDGE_LOOP('',(#7343,#7348,#7349,#7354));
#7356=FACE_OUTER_BOUND('',#7355,.T.);
#7357=CARTESIAN_POINT('',(11.7986,0.2833,0.3));
#7358=AXIS2_PLACEMENT_3D('',#7357,#103,#16);
#7359=PLANE('',#7358);
#7360=ADVANCED_FACE('',(#7356),#7359,.T.);
#7361=VECTOR('',#15,9.7);
#7362=CARTESIAN_POINT('',(11.7986,0.425,0.3));
#7363=LINE('',#7362,#7361);
#7364=EDGE_CURVE('',#7280,#7288,#7363,.T.);
#7365=ORIENTED_EDGE('',*,*,#7364,.T.);
#7366=ORIENTED_EDGE('',*,*,#7330,.T.);
#7367=VECTOR('',#15,9.7);
#7368=CARTESIAN_POINT('',(13.4014,0.425,0.3));
#7369=LINE('',#7368,#7367);
#7370=EDGE_CURVE('',#7282,#7290,#7369,.T.);
#7371=ORIENTED_EDGE('',*,*,#7370,.F.);
#7372=ORIENTED_EDGE('',*,*,#7299,.F.);
#7373=EDGE_LOOP('',(#7365,#7366,#7371,#7372));
#7374=FACE_OUTER_BOUND('',#7373,.T.);
#7375=CARTESIAN_POINT('',(11.7986,0.425,0.3));
#7376=AXIS2_PLACEMENT_3D('',#7375,#34,#16);
#7377=PLANE('',#7376);
#7378=ADVANCED_FACE('',(#7374),#7377,.T.);
#7379=ORIENTED_EDGE('',*,*,#7353,.T.);
#7380=ORIENTED_EDGE('',*,*,#7335,.T.);
#7381=ORIENTED_EDGE('',*,*,#7364,.F.);
#7382=ORIENTED_EDGE('',*,*,#7294,.F.);
#7383=EDGE_LOOP('',(#7379,#7380,#7381,#7382));
#7384=FACE_OUTER_BOUND('',#7383,.T.);
#7385=CARTESIAN_POINT('',(11.7986,0.2833,0.3));
#7386=AXIS2_PLACEMENT_3D('',#7385,#132,#34);
#7387=PLANE('',#7386);
#7388=ADVANCED_FACE('',(#7384),#7387,.T.);
#7389=ORIENTED_EDGE('',*,*,#7304,.T.);
#7390=ORIENTED_EDGE('',*,*,#7370,.T.);
#7391=ORIENTED_EDGE('',*,*,#7325,.F.);
#7392=ORIENTED_EDGE('',*,*,#7347,.F.);
#7393=EDGE_LOOP('',(#7389,#7390,#7391,#7392));
#7394=FACE_OUTER_BOUND('',#7393,.T.);
#7395=CARTESIAN_POINT('',(13.4014,0.2833,0.3));
#7396=AXIS2_PLACEMENT_3D('',#7395,#16,#34);
#7397=PLANE('',#7396);
#7398=ADVANCED_FACE('',(#7394),#7397,.T.);
#7399=CLOSED_SHELL('',(#7316,#7342,#7360,#7378,#7388,#7398));
#7400=MANIFOLD_SOLID_BREP('Wire_4_3',#7399);
#7401=STYLED_ITEM('color',(#154),#7400);
#7402=CARTESIAN_POINT('',(11.7619,0.1417,0.3));
#7403=VERTEX_POINT('',#7402);
#7404=CARTESIAN_POINT('',(13.4381,0.1417,0.3));
#7405=VERTEX_POINT('',#7404);
#7406=CARTESIAN_POINT('',(11.7619,0.2833,0.3));
#7407=VERTEX_POINT('',#7406);
#7408=CARTESIAN_POINT('',(13.4381,0.2833,0.3));
#7409=VERTEX_POINT('',#7408);
#7410=CARTESIAN_POINT('',(11.7619,0.1417,10.));
#7411=VERTEX_POINT('',#7410);
#7412=CARTESIAN_POINT('',(13.4381,0.1417,10.));
#7413=VERTEX_POINT('',#7412);
#7414=CARTESIAN_POINT('',(11.7619,0.2833,10.));
#7415=VERTEX_POINT('',#7414);
#7416=CARTESIAN_POINT('',(13.4381,0.2833,10.));
#7417=VERTEX_POINT('',#7416);
#7418=VECTOR('',#34,0.1417);
#7419=CARTESIAN_POINT('',(11.7619,0.1417,0.3));
#7420=LINE('',#7419,#7418);
#7421=EDGE_CURVE('',#7403,#7407,#7420,.T.);
#7422=ORIENTED_EDGE('',*,*,#7421,.T.);
#7423=VECTOR('',#16,1.6762);
#7424=CARTESIAN_POINT('',(11.7619,0.2833,0.3));
#7425=LINE('',#7424,#7423);
#7426=EDGE_CURVE('',#7407,#7409,#7425,.T.);
#7427=ORIENTED_EDGE('',*,*,#7426,.T.);
#7428=VECTOR('',#34,0.1417);
#7429=CARTESIAN_POINT('',(13.4381,0.1417,0.3));
#7430=LINE('',#7429,#7428);
#7431=EDGE_CURVE('',#7405,#7409,#7430,.T.);
#7432=ORIENTED_EDGE('',*,*,#7431,.F.);
#7433=VECTOR('',#16,1.6762);
#7434=CARTESIAN_POINT('',(11.7619,0.1417,0.3));
#7435=LINE('',#7434,#7433);
#7436=EDGE_CURVE('',#7403,#7405,#7435,.T.);
#7437=ORIENTED_EDGE('',*,*,#7436,.F.);
#7438=EDGE_LOOP('',(#7422,#7427,#7432,#7437));
#7439=FACE_OUTER_BOUND('',#7438,.T.);
#7440=CARTESIAN_POINT('',(11.7619,0.1417,0.3));
#7441=AXIS2_PLACEMENT_3D('',#7440,#58,#16);
#7442=PLANE('',#7441);
#7443=ADVANCED_FACE('',(#7439),#7442,.T.);
#7444=VECTOR('',#16,1.6762);
#7445=CARTESIAN_POINT('',(11.7619,0.1417,10.));
#7446=LINE('',#7445,#7444);
#7447=EDGE_CURVE('',#7411,#7413,#7446,.T.);
#7448=ORIENTED_EDGE('',*,*,#7447,.T.);
#7449=VECTOR('',#34,0.1417);
#7450=CARTESIAN_POINT('',(13.4381,0.1417,10.));
#7451=LINE('',#7450,#7449);
#7452=EDGE_CURVE('',#7413,#7417,#7451,.T.);
#7453=ORIENTED_EDGE('',*,*,#7452,.T.);
#7454=VECTOR('',#16,1.6762);
#7455=CARTESIAN_POINT('',(11.7619,0.2833,10.));
#7456=LINE('',#7455,#7454);
#7457=EDGE_CURVE('',#7415,#7417,#7456,.T.);
#7458=ORIENTED_EDGE('',*,*,#7457,.F.);
#7459=VECTOR('',#34,0.1417);
#7460=CARTESIAN_POINT('',(11.7619,0.1417,10.));
#7461=LINE('',#7460,#7459);
#7462=EDGE_CURVE('',#7411,#7415,#7461,.T.);
#7463=ORIENTED_EDGE('',*,*,#7462,.F.);
#7464=EDGE_LOOP('',(#7448,#7453,#7458,#7463));
#7465=FACE_OUTER_BOUND('',#7464,.T.);
#7466=CARTESIAN_POINT('',(11.7619,0.1417,10.));
#7467=AXIS2_PLACEMENT_3D('',#7466,#15,#16);
#7468=PLANE('',#7467);
#7469=ADVANCED_FACE('',(#7465),#7468,.T.);
#7470=ORIENTED_EDGE('',*,*,#7436,.T.);
#7471=VECTOR('',#15,9.7);
#7472=CARTESIAN_POINT('',(13.4381,0.1417,0.3));
#7473=LINE('',#7472,#7471);
#7474=EDGE_CURVE('',#7405,#7413,#7473,.T.);
#7475=ORIENTED_EDGE('',*,*,#7474,.T.);
#7476=ORIENTED_EDGE('',*,*,#7447,.F.);
#7477=VECTOR('',#15,9.7);
#7478=CARTESIAN_POINT('',(11.7619,0.1417,0.3));
#7479=LINE('',#7478,#7477);
#7480=EDGE_CURVE('',#7403,#7411,#7479,.T.);
#7481=ORIENTED_EDGE('',*,*,#7480,.F.);
#7482=EDGE_LOOP('',(#7470,#7475,#7476,#7481));
#7483=FACE_OUTER_BOUND('',#7482,.T.);
#7484=CARTESIAN_POINT('',(11.7619,0.1417,0.3));
#7485=AXIS2_PLACEMENT_3D('',#7484,#103,#16);
#7486=PLANE('',#7485);
#7487=ADVANCED_FACE('',(#7483),#7486,.T.);
#7488=VECTOR('',#15,9.7);
#7489=CARTESIAN_POINT('',(11.7619,0.2833,0.3));
#7490=LINE('',#7489,#7488);
#7491=EDGE_CURVE('',#7407,#7415,#7490,.T.);
#7492=ORIENTED_EDGE('',*,*,#7491,.T.);
#7493=ORIENTED_EDGE('',*,*,#7457,.T.);
#7494=VECTOR('',#15,9.7);
#7495=CARTESIAN_POINT('',(13.4381,0.2833,0.3));
#7496=LINE('',#7495,#7494);
#7497=EDGE_CURVE('',#7409,#7417,#7496,.T.);
#7498=ORIENTED_EDGE('',*,*,#7497,.F.);
#7499=ORIENTED_EDGE('',*,*,#7426,.F.);
#7500=EDGE_LOOP('',(#7492,#7493,#7498,#7499));
#7501=FACE_OUTER_BOUND('',#7500,.T.);
#7502=CARTESIAN_POINT('',(11.7619,0.2833,0.3));
#7503=AXIS2_PLACEMENT_3D('',#7502,#34,#16);
#7504=PLANE('',#7503);
#7505=ADVANCED_FACE('',(#7501),#7504,.T.);
#7506=ORIENTED_EDGE('',*,*,#7480,.T.);
#7507=ORIENTED_EDGE('',*,*,#7462,.T.);
#7508=ORIENTED_EDGE('',*,*,#7491,.F.);
#7509=ORIENTED_EDGE('',*,*,#7421,.F.);
#7510=EDGE_LOOP('',(#7506,#7507,#7508,#7509));
#7511=FACE_OUTER_BOUND('',#7510,.T.);
#7512=CARTESIAN_POINT('',(11.7619,0.1417,0.3));
#7513=AXIS2_PLACEMENT_3D('',#7512,#132,#34);
#7514=PLANE('',#7513);
#7515=ADVANCED_FACE('',(#7511),#7514,.T.);
#7516=ORIENTED_EDGE('',*,*,#7431,.T.);
#7517=ORIENTED_EDGE('',*,*,#7497,.T.);
#7518=ORIENTED_EDGE('',*,*,#7452,.F.);
#7519=ORIENTED_EDGE('',*,*,#7474,.F.);
#7520=EDGE_LOOP('',(#7516,#7517,#7518,#7519));
#7521=FACE_OUTER_BOUND('',#7520,.T.);
#7522=CARTESIAN_POINT('',(13.4381,0.1417,0.3));
#7523=AXIS2_PLACEMENT_3D('',#7522,#16,#34);
#7524=PLANE('',#7523);
#7525=ADVANCED_FACE('',(#7521),#7524,.T.);
#7526=CLOSED_SHELL('',(#7443,#7469,#7487,#7505,#7515,#7525));
#7527=MANIFOLD_SOLID_BREP('Wire_4_4',#7526);
#7528=STYLED_ITEM('color',(#154),#7527);
#7529=CARTESIAN_POINT('',(11.75,-0.,0.3));
#7530=VERTEX_POINT('',#7529);
#7531=CARTESIAN_POINT('',(13.45,-0.,0.3));
#7532=VERTEX_POINT('',#7531);
#7533=CARTESIAN_POINT('',(11.75,0.1417,0.3));
#7534=VERTEX_POINT('',#7533);
#7535=CARTESIAN_POINT('',(13.45,0.1417,0.3));
#7536=VERTEX_POINT('',#7535);
#7537=CARTESIAN_POINT('',(11.75,-0.,10.));
#7538=VERTEX_POINT('',#7537);
#7539=CARTESIAN_POINT('',(13.45,-0.,10.));
#7540=VERTEX_POINT('',#7539);
#7541=CARTESIAN_POINT('',(11.75,0.1417,10.));
#7542=VERTEX_POINT('',#7541);
#7543=CARTESIAN_POINT('',(13.45,0.1417,10.));
#7544=VERTEX_POINT('',#7543);
#7545=VECTOR('',#34,0.1417);
#7546=CARTESIAN_POINT('',(11.75,-0.,0.3));
#7547=LINE('',#7546,#7545);
#7548=EDGE_CURVE('',#7530,#7534,#7547,.T.);
#7549=ORIENTED_EDGE('',*,*,#7548,.T.);
#7550=VECTOR('',#16,1.7);
#7551=CARTESIAN_POINT('',(11.75,0.1417,0.3));
#7552=LINE('',#7551,#7550);
#7553=EDGE_CURVE('',#7534,#7536,#7552,.T.);
#7554=ORIENTED_EDGE('',*,*,#7553,.T.);
#7555=VECTOR('',#34,0.1417);
#7556=CARTESIAN_POINT('',(13.45,-0.,0.3));
#7557=LINE('',#7556,#7555);
#7558=EDGE_CURVE('',#7532,#7536,#7557,.T.);
#7559=ORIENTED_EDGE('',*,*,#7558,.F.);
#7560=VECTOR('',#16,1.7);
#7561=CARTESIAN_POINT('',(11.75,-0.,0.3));
#7562=LINE('',#7561,#7560);
#7563=EDGE_CURVE('',#7530,#7532,#7562,.T.);
#7564=ORIENTED_EDGE('',*,*,#7563,.F.);
#7565=EDGE_LOOP('',(#7549,#7554,#7559,#7564));
#7566=FACE_OUTER_BOUND('',#7565,.T.);
#7567=CARTESIAN_POINT('',(11.75,-0.,0.3));
#7568=AXIS2_PLACEMENT_3D('',#7567,#58,#16);
#7569=PLANE('',#7568);
#7570=ADVANCED_FACE('',(#7566),#7569,.T.);
#7571=VECTOR('',#16,1.7);
#7572=CARTESIAN_POINT('',(11.75,-0.,10.));
#7573=LINE('',#7572,#7571);
#7574=EDGE_CURVE('',#7538,#7540,#7573,.T.);
#7575=ORIENTED_EDGE('',*,*,#7574,.T.);
#7576=VECTOR('',#34,0.1417);
#7577=CARTESIAN_POINT('',(13.45,-0.,10.));
#7578=LINE('',#7577,#7576);
#7579=EDGE_CURVE('',#7540,#7544,#7578,.T.);
#7580=ORIENTED_EDGE('',*,*,#7579,.T.);
#7581=VECTOR('',#16,1.7);
#7582=CARTESIAN_POINT('',(11.75,0.1417,10.));
#7583=LINE('',#7582,#7581);
#7584=EDGE_CURVE('',#7542,#7544,#7583,.T.);
#7585=ORIENTED_EDGE('',*,*,#7584,.F.);
#7586=VECTOR('',#34,0.1417);
#7587=CARTESIAN_POINT('',(11.75,-0.,10.));
#7588=LINE('',#7587,#7586);
#7589=EDGE_CURVE('',#7538,#7542,#7588,.T.);
#7590=ORIENTED_EDGE('',*,*,#7589,.F.);
#7591=EDGE_LOOP('',(#7575,#7580,#7585,#7590));
#7592=FACE_OUTER_BOUND('',#7591,.T.);
#7593=CARTESIAN_POINT('',(11.75,-0.,10.));
#7594=AXIS2_PLACEMENT_3D('',#7593,#15,#16);
#7595=PLANE('',#7594);
#7596=ADVANCED_FACE('',(#7592),#7595,.T.);
#7597=ORIENTED_EDGE('',*,*,#7563,.T.);
#7598=VECTOR('',#15,9.7);
#7599=CARTESIAN_POINT('',(13.45,-0.,0.3));
#7600=LINE('',#7599,#7598);
#7601=EDGE_CURVE('',#7532,#7540,#7600,.T.);
#7602=ORIENTED_EDGE('',*,*,#7601,.T.);
#7603=ORIENTED_EDGE('',*,*,#7574,.F.);
#7604=VECTOR('',#15,9.7);
#7605=CARTESIAN_POINT('',(11.75,-0.,0.3));
#7606=LINE('',#7605,#7604);
#7607=EDGE_CURVE('',#7530,#7538,#7606,.T.);
#7608=ORIENTED_EDGE('',*,*,#7607,.F.);
#7609=EDGE_LOOP('',(#7597,#7602,#7603,#7608));
#7610=FACE_OUTER_BOUND('',#7609,.T.);
#7611=CARTESIAN_POINT('',(11.75,-0.,0.3));
#7612=AXIS2_PLACEMENT_3D('',#7611,#103,#16);
#7613=PLANE('',#7612);
#7614=ADVANCED_FACE('',(#7610),#7613,.T.);
#7615=VECTOR('',#15,9.7);
#7616=CARTESIAN_POINT('',(11.75,0.1417,0.3));
#7617=LINE('',#7616,#7615);
#7618=EDGE_CURVE('',#7534,#7542,#7617,.T.);
#7619=ORIENTED_EDGE('',*,*,#7618,.T.);
#7620=ORIENTED_EDGE('',*,*,#7584,.T.);
#7621=VECTOR('',#15,9.7);
#7622=CARTESIAN_POINT('',(13.45,0.1417,0.3));
#7623=LINE('',#7622,#7621);
#7624=EDGE_CURVE('',#7536,#7544,#7623,.T.);
#7625=ORIENTED_EDGE('',*,*,#7624,.F.);
#7626=ORIENTED_EDGE('',*,*,#7553,.F.);
#7627=EDGE_LOOP('',(#7619,#7620,#7625,#7626));
#7628=FACE_OUTER_BOUND('',#7627,.T.);
#7629=CARTESIAN_POINT('',(11.75,0.1417,0.3));
#7630=AXIS2_PLACEMENT_3D('',#7629,#34,#16);
#7631=PLANE('',#7630);
#7632=ADVANCED_FACE('',(#7628),#7631,.T.);
#7633=ORIENTED_EDGE('',*,*,#7607,.T.);
#7634=ORIENTED_EDGE('',*,*,#7589,.T.);
#7635=ORIENTED_EDGE('',*,*,#7618,.F.);
#7636=ORIENTED_EDGE('',*,*,#7548,.F.);
#7637=EDGE_LOOP('',(#7633,#7634,#7635,#7636));
#7638=FACE_OUTER_BOUND('',#7637,.T.);
#7639=CARTESIAN_POINT('',(11.75,-0.,0.3));
#7640=AXIS2_PLACEMENT_3D('',#7639,#132,#34);
#7641=PLANE('',#7640);
#7642=ADVANCED_FACE('',(#7638),#7641,.T.);
#7643=ORIENTED_EDGE('',*,*,#7558,.T.);
#7644=ORIENTED_EDGE('',*,*,#7624,.T.);
#7645=ORIENTED_EDGE('',*,*,#7579,.F.);
#7646=ORIENTED_EDGE('',*,*,#7601,.F.);
#7647=EDGE_LOOP('',(#7643,#7644,#7645,#7646));
#7648=FACE_OUTER_BOUND('',#7647,.T.);
#7649=CARTESIAN_POINT('',(13.45,-0.,0.3));
#7650=AXIS2_PLACEMENT_3D('',#7649,#16,#34);
#7651=PLANE('',#7650);
#7652=ADVANCED_FACE('',(#7648),#7651,.T.);
#7653=CLOSED_SHELL('',(#7570,#7596,#7614,#7632,#7642,#7652));
#7654=MANIFOLD_SOLID_BREP('Wire_4_5',#7653);
#7655=STYLED_ITEM('color',(#154),#7654);
#7656=CARTESIAN_POINT('',(11.75,-0.1417,0.3));
#7657=VERTEX_POINT('',#7656);
#7658=CARTESIAN_POINT('',(13.45,-0.1417,0.3));
#7659=VERTEX_POINT('',#7658);
#7660=CARTESIAN_POINT('',(11.75,-0.,0.3));
#7661=VERTEX_POINT('',#7660);
#7662=CARTESIAN_POINT('',(13.45,-0.,0.3));
#7663=VERTEX_POINT('',#7662);
#7664=CARTESIAN_POINT('',(11.75,-0.1417,10.));
#7665=VERTEX_POINT('',#7664);
#7666=CARTESIAN_POINT('',(13.45,-0.1417,10.));
#7667=VERTEX_POINT('',#7666);
#7668=CARTESIAN_POINT('',(11.75,-0.,10.));
#7669=VERTEX_POINT('',#7668);
#7670=CARTESIAN_POINT('',(13.45,-0.,10.));
#7671=VERTEX_POINT('',#7670);
#7672=VECTOR('',#34,0.1417);
#7673=CARTESIAN_POINT('',(11.75,-0.1417,0.3));
#7674=LINE('',#7673,#7672);
#7675=EDGE_CURVE('',#7657,#7661,#7674,.T.);
#7676=ORIENTED_EDGE('',*,*,#7675,.T.);
#7677=VECTOR('',#16,1.7);
#7678=CARTESIAN_POINT('',(11.75,-0.,0.3));
#7679=LINE('',#7678,#7677);
#7680=EDGE_CURVE('',#7661,#7663,#7679,.T.);
#7681=ORIENTED_EDGE('',*,*,#7680,.T.);
#7682=VECTOR('',#34,0.1417);
#7683=CARTESIAN_POINT('',(13.45,-0.1417,0.3));
#7684=LINE('',#7683,#7682);
#7685=EDGE_CURVE('',#7659,#7663,#7684,.T.);
#7686=ORIENTED_EDGE('',*,*,#7685,.F.);
#7687=VECTOR('',#16,1.7);
#7688=CARTESIAN_POINT('',(11.75,-0.1417,0.3));
#7689=LINE('',#7688,#7687);
#7690=EDGE_CURVE('',#7657,#7659,#7689,.T.);
#7691=ORIENTED_EDGE('',*,*,#7690,.F.);
#7692=EDGE_LOOP('',(#7676,#7681,#7686,#7691));
#7693=FACE_OUTER_BOUND('',#7692,.T.);
#7694=CARTESIAN_POINT('',(11.75,-0.1417,0.3));
#7695=AXIS2_PLACEMENT_3D('',#7694,#58,#16);
#7696=PLANE('',#7695);
#7697=ADVANCED_FACE('',(#7693),#7696,.T.);
#7698=VECTOR('',#16,1.7);
#7699=CARTESIAN_POINT('',(11.75,-0.1417,10.));
#7700=LINE('',#7699,#7698);
#7701=EDGE_CURVE('',#7665,#7667,#7700,.T.);
#7702=ORIENTED_EDGE('',*,*,#7701,.T.);
#7703=VECTOR('',#34,0.1417);
#7704=CARTESIAN_POINT('',(13.45,-0.1417,10.));
#7705=LINE('',#7704,#7703);
#7706=EDGE_CURVE('',#7667,#7671,#7705,.T.);
#7707=ORIENTED_EDGE('',*,*,#7706,.T.);
#7708=VECTOR('',#16,1.7);
#7709=CARTESIAN_POINT('',(11.75,-0.,10.));
#7710=LINE('',#7709,#7708);
#7711=EDGE_CURVE('',#7669,#7671,#7710,.T.);
#7712=ORIENTED_EDGE('',*,*,#7711,.F.);
#7713=VECTOR('',#34,0.1417);
#7714=CARTESIAN_POINT('',(11.75,-0.1417,10.));
#7715=LINE('',#7714,#7713);
#7716=EDGE_CURVE('',#7665,#7669,#7715,.T.);
#7717=ORIENTED_EDGE('',*,*,#7716,.F.);
#7718=EDGE_LOOP('',(#7702,#7707,#7712,#7717));
#7719=FACE_OUTER_BOUND('',#7718,.T.);
#7720=CARTESIAN_POINT('',(11.75,-0.1417,10.));
#7721=AXIS2_PLACEMENT_3D('',#7720,#15,#16);
#7722=PLANE('',#7721);
#7723=ADVANCED_FACE('',(#7719),#7722,.T.);
#7724=ORIENTED_EDGE('',*,*,#7690,.T.);
#7725=VECTOR('',#15,9.7);
#7726=CARTESIAN_POINT('',(13.45,-0.1417,0.3));
#7727=LINE('',#7726,#7725);
#7728=EDGE_CURVE('',#7659,#7667,#7727,.T.);
#7729=ORIENTED_EDGE('',*,*,#7728,.T.);
#7730=ORIENTED_EDGE('',*,*,#7701,.F.);
#7731=VECTOR('',#15,9.7);
#7732=CARTESIAN_POINT('',(11.75,-0.1417,0.3));
#7733=LINE('',#7732,#7731);
#7734=EDGE_CURVE('',#7657,#7665,#7733,.T.);
#7735=ORIENTED_EDGE('',*,*,#7734,.F.);
#7736=EDGE_LOOP('',(#7724,#7729,#7730,#7735));
#7737=FACE_OUTER_BOUND('',#7736,.T.);
#7738=CARTESIAN_POINT('',(11.75,-0.1417,0.3));
#7739=AXIS2_PLACEMENT_3D('',#7738,#103,#16);
#7740=PLANE('',#7739);
#7741=ADVANCED_FACE('',(#7737),#7740,.T.);
#7742=VECTOR('',#15,9.7);
#7743=CARTESIAN_POINT('',(11.75,-0.,0.3));
#7744=LINE('',#7743,#7742);
#7745=EDGE_CURVE('',#7661,#7669,#7744,.T.);
#7746=ORIENTED_EDGE('',*,*,#7745,.T.);
#7747=ORIENTED_EDGE('',*,*,#7711,.T.);
#7748=VECTOR('',#15,9.7);
#7749=CARTESIAN_POINT('',(13.45,-0.,0.3));
#7750=LINE('',#7749,#7748);
#7751=EDGE_CURVE('',#7663,#7671,#7750,.T.);
#7752=ORIENTED_EDGE('',*,*,#7751,.F.);
#7753=ORIENTED_EDGE('',*,*,#7680,.F.);
#7754=EDGE_LOOP('',(#7746,#7747,#7752,#7753));
#7755=FACE_OUTER_BOUND('',#7754,.T.);
#7756=CARTESIAN_POINT('',(11.75,-0.,0.3));
#7757=AXIS2_PLACEMENT_3D('',#7756,#34,#16);
#7758=PLANE('',#7757);
#7759=ADVANCED_FACE('',(#7755),#7758,.T.);
#7760=ORIENTED_EDGE('',*,*,#7734,.T.);
#7761=ORIENTED_EDGE('',*,*,#7716,.T.);
#7762=ORIENTED_EDGE('',*,*,#7745,.F.);
#7763=ORIENTED_EDGE('',*,*,#7675,.F.);
#7764=EDGE_LOOP('',(#7760,#7761,#7762,#7763));
#7765=FACE_OUTER_BOUND('',#7764,.T.);
#7766=CARTESIAN_POINT('',(11.75,-0.1417,0.3));
#7767=AXIS2_PLACEMENT_3D('',#7766,#132,#34);
#7768=PLANE('',#7767);
#7769=ADVANCED_FACE('',(#7765),#7768,.T.);
#7770=ORIENTED_EDGE('',*,*,#7685,.T.);
#7771=ORIENTED_EDGE('',*,*,#7751,.T.);
#7772=ORIENTED_EDGE('',*,*,#7706,.F.);
#7773=ORIENTED_EDGE('',*,*,#7728,.F.);
#7774=EDGE_LOOP('',(#7770,#7771,#7772,#7773));
#7775=FACE_OUTER_BOUND('',#7774,.T.);
#7776=CARTESIAN_POINT('',(13.45,-0.1417,0.3));
#7777=AXIS2_PLACEMENT_3D('',#7776,#16,#34);
#7778=PLANE('',#7777);
#7779=ADVANCED_FACE('',(#7775),#7778,.T.);
#7780=CLOSED_SHELL('',(#7697,#7723,#7741,#7759,#7769,#7779));
#7781=MANIFOLD_SOLID_BREP('Wire_4_6',#7780);
#7782=STYLED_ITEM('color',(#154),#7781);
#7783=CARTESIAN_POINT('',(11.7619,-0.2833,0.3));
#7784=VERTEX_POINT('',#7783);
#7785=CARTESIAN_POINT('',(13.4381,-0.2833,0.3));
#7786=VERTEX_POINT('',#7785);
#7787=CARTESIAN_POINT('',(11.7619,-0.1417,0.3));
#7788=VERTEX_POINT('',#7787);
#7789=CARTESIAN_POINT('',(13.4381,-0.1417,0.3));
#7790=VERTEX_POINT('',#7789);
#7791=CARTESIAN_POINT('',(11.7619,-0.2833,10.));
#7792=VERTEX_POINT('',#7791);
#7793=CARTESIAN_POINT('',(13.4381,-0.2833,10.));
#7794=VERTEX_POINT('',#7793);
#7795=CARTESIAN_POINT('',(11.7619,-0.1417,10.));
#7796=VERTEX_POINT('',#7795);
#7797=CARTESIAN_POINT('',(13.4381,-0.1417,10.));
#7798=VERTEX_POINT('',#7797);
#7799=VECTOR('',#34,0.1417);
#7800=CARTESIAN_POINT('',(11.7619,-0.2833,0.3));
#7801=LINE('',#7800,#7799);
#7802=EDGE_CURVE('',#7784,#7788,#7801,.T.);
#7803=ORIENTED_EDGE('',*,*,#7802,.T.);
#7804=VECTOR('',#16,1.6762);
#7805=CARTESIAN_POINT('',(11.7619,-0.1417,0.3));
#7806=LINE('',#7805,#7804);
#7807=EDGE_CURVE('',#7788,#7790,#7806,.T.);
#7808=ORIENTED_EDGE('',*,*,#7807,.T.);
#7809=VECTOR('',#34,0.1417);
#7810=CARTESIAN_POINT('',(13.4381,-0.2833,0.3));
#7811=LINE('',#7810,#7809);
#7812=EDGE_CURVE('',#7786,#7790,#7811,.T.);
#7813=ORIENTED_EDGE('',*,*,#7812,.F.);
#7814=VECTOR('',#16,1.6762);
#7815=CARTESIAN_POINT('',(11.7619,-0.2833,0.3));
#7816=LINE('',#7815,#7814);
#7817=EDGE_CURVE('',#7784,#7786,#7816,.T.);
#7818=ORIENTED_EDGE('',*,*,#7817,.F.);
#7819=EDGE_LOOP('',(#7803,#7808,#7813,#7818));
#7820=FACE_OUTER_BOUND('',#7819,.T.);
#7821=CARTESIAN_POINT('',(11.7619,-0.2833,0.3));
#7822=AXIS2_PLACEMENT_3D('',#7821,#58,#16);
#7823=PLANE('',#7822);
#7824=ADVANCED_FACE('',(#7820),#7823,.T.);
#7825=VECTOR('',#16,1.6762);
#7826=CARTESIAN_POINT('',(11.7619,-0.2833,10.));
#7827=LINE('',#7826,#7825);
#7828=EDGE_CURVE('',#7792,#7794,#7827,.T.);
#7829=ORIENTED_EDGE('',*,*,#7828,.T.);
#7830=VECTOR('',#34,0.1417);
#7831=CARTESIAN_POINT('',(13.4381,-0.2833,10.));
#7832=LINE('',#7831,#7830);
#7833=EDGE_CURVE('',#7794,#7798,#7832,.T.);
#7834=ORIENTED_EDGE('',*,*,#7833,.T.);
#7835=VECTOR('',#16,1.6762);
#7836=CARTESIAN_POINT('',(11.7619,-0.1417,10.));
#7837=LINE('',#7836,#7835);
#7838=EDGE_CURVE('',#7796,#7798,#7837,.T.);
#7839=ORIENTED_EDGE('',*,*,#7838,.F.);
#7840=VECTOR('',#34,0.1417);
#7841=CARTESIAN_POINT('',(11.7619,-0.2833,10.));
#7842=LINE('',#7841,#7840);
#7843=EDGE_CURVE('',#7792,#7796,#7842,.T.);
#7844=ORIENTED_EDGE('',*,*,#7843,.F.);
#7845=EDGE_LOOP('',(#7829,#7834,#7839,#7844));
#7846=FACE_OUTER_BOUND('',#7845,.T.);
#7847=CARTESIAN_POINT('',(11.7619,-0.2833,10.));
#7848=AXIS2_PLACEMENT_3D('',#7847,#15,#16);
#7849=PLANE('',#7848);
#7850=ADVANCED_FACE('',(#7846),#7849,.T.);
#7851=ORIENTED_EDGE('',*,*,#7817,.T.);
#7852=VECTOR('',#15,9.7);
#7853=CARTESIAN_POINT('',(13.4381,-0.2833,0.3));
#7854=LINE('',#7853,#7852);
#7855=EDGE_CURVE('',#7786,#7794,#7854,.T.);
#7856=ORIENTED_EDGE('',*,*,#7855,.T.);
#7857=ORIENTED_EDGE('',*,*,#7828,.F.);
#7858=VECTOR('',#15,9.7);
#7859=CARTESIAN_POINT('',(11.7619,-0.2833,0.3));
#7860=LINE('',#7859,#7858);
#7861=EDGE_CURVE('',#7784,#7792,#7860,.T.);
#7862=ORIENTED_EDGE('',*,*,#7861,.F.);
#7863=EDGE_LOOP('',(#7851,#7856,#7857,#7862));
#7864=FACE_OUTER_BOUND('',#7863,.T.);
#7865=CARTESIAN_POINT('',(11.7619,-0.2833,0.3));
#7866=AXIS2_PLACEMENT_3D('',#7865,#103,#16);
#7867=PLANE('',#7866);
#7868=ADVANCED_FACE('',(#7864),#7867,.T.);
#7869=VECTOR('',#15,9.7);
#7870=CARTESIAN_POINT('',(11.7619,-0.1417,0.3));
#7871=LINE('',#7870,#7869);
#7872=EDGE_CURVE('',#7788,#7796,#7871,.T.);
#7873=ORIENTED_EDGE('',*,*,#7872,.T.);
#7874=ORIENTED_EDGE('',*,*,#7838,.T.);
#7875=VECTOR('',#15,9.7);
#7876=CARTESIAN_POINT('',(13.4381,-0.1417,0.3));
#7877=LINE('',#7876,#7875);
#7878=EDGE_CURVE('',#7790,#7798,#7877,.T.);
#7879=ORIENTED_EDGE('',*,*,#7878,.F.);
#7880=ORIENTED_EDGE('',*,*,#7807,.F.);
#7881=EDGE_LOOP('',(#7873,#7874,#7879,#7880));
#7882=FACE_OUTER_BOUND('',#7881,.T.);
#7883=CARTESIAN_POINT('',(11.7619,-0.1417,0.3));
#7884=AXIS2_PLACEMENT_3D('',#7883,#34,#16);
#7885=PLANE('',#7884);
#7886=ADVANCED_FACE('',(#7882),#7885,.T.);
#7887=ORIENTED_EDGE('',*,*,#7861,.T.);
#7888=ORIENTED_EDGE('',*,*,#7843,.T.);
#7889=ORIENTED_EDGE('',*,*,#7872,.F.);
#7890=ORIENTED_EDGE('',*,*,#7802,.F.);
#7891=EDGE_LOOP('',(#7887,#7888,#7889,#7890));
#7892=FACE_OUTER_BOUND('',#7891,.T.);
#7893=CARTESIAN_POINT('',(11.7619,-0.2833,0.3));
#7894=AXIS2_PLACEMENT_3D('',#7893,#132,#34);
#7895=PLANE('',#7894);
#7896=ADVANCED_FACE('',(#7892),#7895,.T.);
#7897=ORIENTED_EDGE('',*,*,#7812,.T.);
#7898=ORIENTED_EDGE('',*,*,#7878,.T.);
#7899=ORIENTED_EDGE('',*,*,#7833,.F.);
#7900=ORIENTED_EDGE('',*,*,#7855,.F.);
#7901=EDGE_LOOP('',(#7897,#7898,#7899,#7900));
#7902=FACE_OUTER_BOUND('',#7901,.T.);
#7903=CARTESIAN_POINT('',(13.4381,-0.2833,0.3));
#7904=AXIS2_PLACEMENT_3D('',#7903,#16,#34);
#7905=PLANE('',#7904);
#7906=ADVANCED_FACE('',(#7902),#7905,.T.);
#7907=CLOSED_SHELL('',(#7824,#7850,#7868,#7886,#7896,#7906));
#7908=MANIFOLD_SOLID_BREP('Wire_4_7',#7907);
#7909=STYLED_ITEM('color',(#154),#7908);
#7910=CARTESIAN_POINT('',(11.7986,-0.425,0.3));
#7911=VERTEX_POINT('',#7910);
#7912=CARTESIAN_POINT('',(13.4014,-0.425,0.3));
#7913=VERTEX_POINT('',#7912);
#7914=CARTESIAN_POINT('',(11.7986,-0.2833,0.3));
#7915=VERTEX_POINT('',#7914);
#7916=CARTESIAN_POINT('',(13.4014,-0.2833,0.3));
#7917=VERTEX_POINT('',#7916);
#7918=CARTESIAN_POINT('',(11.7986,-0.425,10.));
#7919=VERTEX_POINT('',#7918);
#7920=CARTESIAN_POINT('',(13.4014,-0.425,10.));
#7921=VERTEX_POINT('',#7920);
#7922=CARTESIAN_POINT('',(11.7986,-0.2833,10.));
#7923=VERTEX_POINT('',#7922);
#7924=CARTESIAN_POINT('',(13.4014,-0.2833,10.));
#7925=VERTEX_POINT('',#7924);
#7926=VECTOR('',#34,0.1417);
#7927=CARTESIAN_POINT('',(11.7986,-0.425,0.3));
#7928=LINE('',#7927,#7926);
#7929=EDGE_CURVE('',#7911,#7915,#7928,.T.);
#7930=ORIENTED_EDGE('',*,*,#7929,.T.);
#7931=VECTOR('',#16,1.6028);
#7932=CARTESIAN_POINT('',(11.7986,-0.2833,0.3));
#7933=LINE('',#7932,#7931);
#7934=EDGE_CURVE('',#7915,#7917,#7933,.T.);
#7935=ORIENTED_EDGE('',*,*,#7934,.T.);
#7936=VECTOR('',#34,0.1417);
#7937=CARTESIAN_POINT('',(13.4014,-0.425,0.3));
#7938=LINE('',#7937,#7936);
#7939=EDGE_CURVE('',#7913,#7917,#7938,.T.);
#7940=ORIENTED_EDGE('',*,*,#7939,.F.);
#7941=VECTOR('',#16,1.6028);
#7942=CARTESIAN_POINT('',(11.7986,-0.425,0.3));
#7943=LINE('',#7942,#7941);
#7944=EDGE_CURVE('',#7911,#7913,#7943,.T.);
#7945=ORIENTED_EDGE('',*,*,#7944,.F.);
#7946=EDGE_LOOP('',(#7930,#7935,#7940,#7945));
#7947=FACE_OUTER_BOUND('',#7946,.T.);
#7948=CARTESIAN_POINT('',(11.7986,-0.425,0.3));
#7949=AXIS2_PLACEMENT_3D('',#7948,#58,#16);
#7950=PLANE('',#7949);
#7951=ADVANCED_FACE('',(#7947),#7950,.T.);
#7952=VECTOR('',#16,1.6028);
#7953=CARTESIAN_POINT('',(11.7986,-0.425,10.));
#7954=LINE('',#7953,#7952);
#7955=EDGE_CURVE('',#7919,#7921,#7954,.T.);
#7956=ORIENTED_EDGE('',*,*,#7955,.T.);
#7957=VECTOR('',#34,0.1417);
#7958=CARTESIAN_POINT('',(13.4014,-0.425,10.));
#7959=LINE('',#7958,#7957);
#7960=EDGE_CURVE('',#7921,#7925,#7959,.T.);
#7961=ORIENTED_EDGE('',*,*,#7960,.T.);
#7962=VECTOR('',#16,1.6028);
#7963=CARTESIAN_POINT('',(11.7986,-0.2833,10.));
#7964=LINE('',#7963,#7962);
#7965=EDGE_CURVE('',#7923,#7925,#7964,.T.);
#7966=ORIENTED_EDGE('',*,*,#7965,.F.);
#7967=VECTOR('',#34,0.1417);
#7968=CARTESIAN_POINT('',(11.7986,-0.425,10.));
#7969=LINE('',#7968,#7967);
#7970=EDGE_CURVE('',#7919,#7923,#7969,.T.);
#7971=ORIENTED_EDGE('',*,*,#7970,.F.);
#7972=EDGE_LOOP('',(#7956,#7961,#7966,#7971));
#7973=FACE_OUTER_BOUND('',#7972,.T.);
#7974=CARTESIAN_POINT('',(11.7986,-0.425,10.));
#7975=AXIS2_PLACEMENT_3D('',#7974,#15,#16);
#7976=PLANE('',#7975);
#7977=ADVANCED_FACE('',(#7973),#7976,.T.);
#7978=ORIENTED_EDGE('',*,*,#7944,.T.);
#7979=VECTOR('',#15,9.7);
#7980=CARTESIAN_POINT('',(13.4014,-0.425,0.3));
#7981=LINE('',#7980,#7979);
#7982=EDGE_CURVE('',#7913,#7921,#7981,.T.);
#7983=ORIENTED_EDGE('',*,*,#7982,.T.);
#7984=ORIENTED_EDGE('',*,*,#7955,.F.);
#7985=VECTOR('',#15,9.7);
#7986=CARTESIAN_POINT('',(11.7986,-0.425,0.3));
#7987=LINE('',#7986,#7985);
#7988=EDGE_CURVE('',#7911,#7919,#7987,.T.);
#7989=ORIENTED_EDGE('',*,*,#7988,.F.);
#7990=EDGE_LOOP('',(#7978,#7983,#7984,#7989));
#7991=FACE_OUTER_BOUND('',#7990,.T.);
#7992=CARTESIAN_POINT('',(11.7986,-0.425,0.3));
#7993=AXIS2_PLACEMENT_3D('',#7992,#103,#16);
#7994=PLANE('',#7993);
#7995=ADVANCED_FACE('',(#7991),#7994,.T.);
#7996=VECTOR('',#15,9.7);
#7997=CARTESIAN_POINT('',(11.7986,-0.2833,0.3));
#7998=LINE('',#7997,#7996);
#7999=EDGE_CURVE('',#7915,#7923,#7998,.T.);
#8000=ORIENTED_EDGE('',*,*,#7999,.T.);
#8001=ORIENTED_EDGE('',*,*,#7965,.T.);
#8002=VECTOR('',#15,9.7);
#8003=CARTESIAN_POINT('',(13.4014,-0.2833,0.3));
#8004=LINE('',#8003,#8002);
#8005=EDGE_CURVE('',#7917,#7925,#8004,.T.);
#8006=ORIENTED_EDGE('',*,*,#8005,.F.);
#8007=ORIENTED_EDGE('',*,*,#7934,.F.);
#8008=EDGE_LOOP('',(#8000,#8001,#8006,#8007));
#8009=FACE_OUTER_BOUND('',#8008,.T.);
#8010=CARTESIAN_POINT('',(11.7986,-0.2833,0.3));
#8011=AXIS2_PLACEMENT_3D('',#8010,#34,#16);
#8012=PLANE('',#8011);
#8013=ADVANCED_FACE('',(#8009),#8012,.T.);
#8014=ORIENTED_EDGE('',*,*,#7988,.T.);
#8015=ORIENTED_EDGE('',*,*,#7970,.T.);
#8016=ORIENTED_EDGE('',*,*,#7999,.F.);
#8017=ORIENTED_EDGE('',*,*,#7929,.F.);
#8018=EDGE_LOOP('',(#8014,#8015,#8016,#8017));
#8019=FACE_OUTER_BOUND('',#8018,.T.);
#8020=CARTESIAN_POINT('',(11.7986,-0.425,0.3));
#8021=AXIS2_PLACEMENT_3D('',#8020,#132,#34);
#8022=PLANE('',#8021);
#8023=ADVANCED_FACE('',(#8019),#8022,.T.);
#8024=ORIENTED_EDGE('',*,*,#7939,.T.);
#8025=ORIENTED_EDGE('',*,*,#8005,.T.);
#8026=ORIENTED_EDGE('',*,*,#7960,.F.);
#8027=ORIENTED_EDGE('',*,*,#7982,.F.);
#8028=EDGE_LOOP('',(#8024,#8025,#8026,#8027));
#8029=FACE_OUTER_BOUND('',#8028,.T.);
#8030=CARTESIAN_POINT('',(13.4014,-0.425,0.3));
#8031=AXIS2_PLACEMENT_3D('',#8030,#16,#34);
#8032=PLANE('',#8031);
#8033=ADVANCED_FACE('',(#8029),#8032,.T.);
#8034=CLOSED_SHELL('',(#7951,#7977,#7995,#8013,#8023,#8033));
#8035=MANIFOLD_SOLID_BREP('Wire_4_8',#8034);
#8036=STYLED_ITEM('color',(#154),#8035);
#8037=CARTESIAN_POINT('',(11.8639,-0.5667,0.3));
#8038=VERTEX_POINT('',#8037);
#8039=CARTESIAN_POINT('',(13.3361,-0.5667,0.3));
#8040=VERTEX_POINT('',#8039);
#8041=CARTESIAN_POINT('',(11.8639,-0.425,0.3));
#8042=VERTEX_POINT('',#8041);
#8043=CARTESIAN_POINT('',(13.3361,-0.425,0.3));
#8044=VERTEX_POINT('',#8043);
#8045=CARTESIAN_POINT('',(11.8639,-0.5667,10.));
#8046=VERTEX_POINT('',#8045);
#8047=CARTESIAN_POINT('',(13.3361,-0.5667,10.));
#8048=VERTEX_POINT('',#8047);
#8049=CARTESIAN_POINT('',(11.8639,-0.425,10.));
#8050=VERTEX_POINT('',#8049);
#8051=CARTESIAN_POINT('',(13.3361,-0.425,10.));
#8052=VERTEX_POINT('',#8051);
#8053=VECTOR('',#34,0.1417);
#8054=CARTESIAN_POINT('',(11.8639,-0.5667,0.3));
#8055=LINE('',#8054,#8053);
#8056=EDGE_CURVE('',#8038,#8042,#8055,.T.);
#8057=ORIENTED_EDGE('',*,*,#8056,.T.);
#8058=VECTOR('',#16,1.4722);
#8059=CARTESIAN_POINT('',(11.8639,-0.425,0.3));
#8060=LINE('',#8059,#8058);
#8061=EDGE_CURVE('',#8042,#8044,#8060,.T.);
#8062=ORIENTED_EDGE('',*,*,#8061,.T.);
#8063=VECTOR('',#34,0.1417);
#8064=CARTESIAN_POINT('',(13.3361,-0.5667,0.3));
#8065=LINE('',#8064,#8063);
#8066=EDGE_CURVE('',#8040,#8044,#8065,.T.);
#8067=ORIENTED_EDGE('',*,*,#8066,.F.);
#8068=VECTOR('',#16,1.4722);
#8069=CARTESIAN_POINT('',(11.8639,-0.5667,0.3));
#8070=LINE('',#8069,#8068);
#8071=EDGE_CURVE('',#8038,#8040,#8070,.T.);
#8072=ORIENTED_EDGE('',*,*,#8071,.F.);
#8073=EDGE_LOOP('',(#8057,#8062,#8067,#8072));
#8074=FACE_OUTER_BOUND('',#8073,.T.);
#8075=CARTESIAN_POINT('',(11.8639,-0.5667,0.3));
#8076=AXIS2_PLACEMENT_3D('',#8075,#58,#16);
#8077=PLANE('',#8076);
#8078=ADVANCED_FACE('',(#8074),#8077,.T.);
#8079=VECTOR('',#16,1.4722);
#8080=CARTESIAN_POINT('',(11.8639,-0.5667,10.));
#8081=LINE('',#8080,#8079);
#8082=EDGE_CURVE('',#8046,#8048,#8081,.T.);
#8083=ORIENTED_EDGE('',*,*,#8082,.T.);
#8084=VECTOR('',#34,0.1417);
#8085=CARTESIAN_POINT('',(13.3361,-0.5667,10.));
#8086=LINE('',#8085,#8084);
#8087=EDGE_CURVE('',#8048,#8052,#8086,.T.);
#8088=ORIENTED_EDGE('',*,*,#8087,.T.);
#8089=VECTOR('',#16,1.4722);
#8090=CARTESIAN_POINT('',(11.8639,-0.425,10.));
#8091=LINE('',#8090,#8089);
#8092=EDGE_CURVE('',#8050,#8052,#8091,.T.);
#8093=ORIENTED_EDGE('',*,*,#8092,.F.);
#8094=VECTOR('',#34,0.1417);
#8095=CARTESIAN_POINT('',(11.8639,-0.5667,10.));
#8096=LINE('',#8095,#8094);
#8097=EDGE_CURVE('',#8046,#8050,#8096,.T.);
#8098=ORIENTED_EDGE('',*,*,#8097,.F.);
#8099=EDGE_LOOP('',(#8083,#8088,#8093,#8098));
#8100=FACE_OUTER_BOUND('',#8099,.T.);
#8101=CARTESIAN_POINT('',(11.8639,-0.5667,10.));
#8102=AXIS2_PLACEMENT_3D('',#8101,#15,#16);
#8103=PLANE('',#8102);
#8104=ADVANCED_FACE('',(#8100),#8103,.T.);
#8105=ORIENTED_EDGE('',*,*,#8071,.T.);
#8106=VECTOR('',#15,9.7);
#8107=CARTESIAN_POINT('',(13.3361,-0.5667,0.3));
#8108=LINE('',#8107,#8106);
#8109=EDGE_CURVE('',#8040,#8048,#8108,.T.);
#8110=ORIENTED_EDGE('',*,*,#8109,.T.);
#8111=ORIENTED_EDGE('',*,*,#8082,.F.);
#8112=VECTOR('',#15,9.7);
#8113=CARTESIAN_POINT('',(11.8639,-0.5667,0.3));
#8114=LINE('',#8113,#8112);
#8115=EDGE_CURVE('',#8038,#8046,#8114,.T.);
#8116=ORIENTED_EDGE('',*,*,#8115,.F.);
#8117=EDGE_LOOP('',(#8105,#8110,#8111,#8116));
#8118=FACE_OUTER_BOUND('',#8117,.T.);
#8119=CARTESIAN_POINT('',(11.8639,-0.5667,0.3));
#8120=AXIS2_PLACEMENT_3D('',#8119,#103,#16);
#8121=PLANE('',#8120);
#8122=ADVANCED_FACE('',(#8118),#8121,.T.);
#8123=VECTOR('',#15,9.7);
#8124=CARTESIAN_POINT('',(11.8639,-0.425,0.3));
#8125=LINE('',#8124,#8123);
#8126=EDGE_CURVE('',#8042,#8050,#8125,.T.);
#8127=ORIENTED_EDGE('',*,*,#8126,.T.);
#8128=ORIENTED_EDGE('',*,*,#8092,.T.);
#8129=VECTOR('',#15,9.7);
#8130=CARTESIAN_POINT('',(13.3361,-0.425,0.3));
#8131=LINE('',#8130,#8129);
#8132=EDGE_CURVE('',#8044,#8052,#8131,.T.);
#8133=ORIENTED_EDGE('',*,*,#8132,.F.);
#8134=ORIENTED_EDGE('',*,*,#8061,.F.);
#8135=EDGE_LOOP('',(#8127,#8128,#8133,#8134));
#8136=FACE_OUTER_BOUND('',#8135,.T.);
#8137=CARTESIAN_POINT('',(11.8639,-0.425,0.3));
#8138=AXIS2_PLACEMENT_3D('',#8137,#34,#16);
#8139=PLANE('',#8138);
#8140=ADVANCED_FACE('',(#8136),#8139,.T.);
#8141=ORIENTED_EDGE('',*,*,#8115,.T.);
#8142=ORIENTED_EDGE('',*,*,#8097,.T.);
#8143=ORIENTED_EDGE('',*,*,#8126,.F.);
#8144=ORIENTED_EDGE('',*,*,#8056,.F.);
#8145=EDGE_LOOP('',(#8141,#8142,#8143,#8144));
#8146=FACE_OUTER_BOUND('',#8145,.T.);
#8147=CARTESIAN_POINT('',(11.8639,-0.5667,0.3));
#8148=AXIS2_PLACEMENT_3D('',#8147,#132,#34);
#8149=PLANE('',#8148);
#8150=ADVANCED_FACE('',(#8146),#8149,.T.);
#8151=ORIENTED_EDGE('',*,*,#8066,.T.);
#8152=ORIENTED_EDGE('',*,*,#8132,.T.);
#8153=ORIENTED_EDGE('',*,*,#8087,.F.);
#8154=ORIENTED_EDGE('',*,*,#8109,.F.);
#8155=EDGE_LOOP('',(#8151,#8152,#8153,#8154));
#8156=FACE_OUTER_BOUND('',#8155,.T.);
#8157=CARTESIAN_POINT('',(13.3361,-0.5667,0.3));
#8158=AXIS2_PLACEMENT_3D('',#8157,#16,#34);
#8159=PLANE('',#8158);
#8160=ADVANCED_FACE('',(#8156),#8159,.T.);
#8161=CLOSED_SHELL('',(#8078,#8104,#8122,#8140,#8150,#8160));
#8162=MANIFOLD_SOLID_BREP('Wire_4_9',#8161);
#8163=STYLED_ITEM('color',(#154),#8162);
#8164=CARTESIAN_POINT('',(11.9664,-0.7083,0.3));
#8165=VERTEX_POINT('',#8164);
#8166=CARTESIAN_POINT('',(13.2336,-0.7083,0.3));
#8167=VERTEX_POINT('',#8166);
#8168=CARTESIAN_POINT('',(11.9664,-0.5667,0.3));
#8169=VERTEX_POINT('',#8168);
#8170=CARTESIAN_POINT('',(13.2336,-0.5667,0.3));
#8171=VERTEX_POINT('',#8170);
#8172=CARTESIAN_POINT('',(11.9664,-0.7083,10.));
#8173=VERTEX_POINT('',#8172);
#8174=CARTESIAN_POINT('',(13.2336,-0.7083,10.));
#8175=VERTEX_POINT('',#8174);
#8176=CARTESIAN_POINT('',(11.9664,-0.5667,10.));
#8177=VERTEX_POINT('',#8176);
#8178=CARTESIAN_POINT('',(13.2336,-0.5667,10.));
#8179=VERTEX_POINT('',#8178);
#8180=VECTOR('',#34,0.1417);
#8181=CARTESIAN_POINT('',(11.9664,-0.7083,0.3));
#8182=LINE('',#8181,#8180);
#8183=EDGE_CURVE('',#8165,#8169,#8182,.T.);
#8184=ORIENTED_EDGE('',*,*,#8183,.T.);
#8185=VECTOR('',#16,1.2671);
#8186=CARTESIAN_POINT('',(11.9664,-0.5667,0.3));
#8187=LINE('',#8186,#8185);
#8188=EDGE_CURVE('',#8169,#8171,#8187,.T.);
#8189=ORIENTED_EDGE('',*,*,#8188,.T.);
#8190=VECTOR('',#34,0.1417);
#8191=CARTESIAN_POINT('',(13.2336,-0.7083,0.3));
#8192=LINE('',#8191,#8190);
#8193=EDGE_CURVE('',#8167,#8171,#8192,.T.);
#8194=ORIENTED_EDGE('',*,*,#8193,.F.);
#8195=VECTOR('',#16,1.2671);
#8196=CARTESIAN_POINT('',(11.9664,-0.7083,0.3));
#8197=LINE('',#8196,#8195);
#8198=EDGE_CURVE('',#8165,#8167,#8197,.T.);
#8199=ORIENTED_EDGE('',*,*,#8198,.F.);
#8200=EDGE_LOOP('',(#8184,#8189,#8194,#8199));
#8201=FACE_OUTER_BOUND('',#8200,.T.);
#8202=CARTESIAN_POINT('',(11.9664,-0.7083,0.3));
#8203=AXIS2_PLACEMENT_3D('',#8202,#58,#16);
#8204=PLANE('',#8203);
#8205=ADVANCED_FACE('',(#8201),#8204,.T.);
#8206=VECTOR('',#16,1.2671);
#8207=CARTESIAN_POINT('',(11.9664,-0.7083,10.));
#8208=LINE('',#8207,#8206);
#8209=EDGE_CURVE('',#8173,#8175,#8208,.T.);
#8210=ORIENTED_EDGE('',*,*,#8209,.T.);
#8211=VECTOR('',#34,0.1417);
#8212=CARTESIAN_POINT('',(13.2336,-0.7083,10.));
#8213=LINE('',#8212,#8211);
#8214=EDGE_CURVE('',#8175,#8179,#8213,.T.);
#8215=ORIENTED_EDGE('',*,*,#8214,.T.);
#8216=VECTOR('',#16,1.2671);
#8217=CARTESIAN_POINT('',(11.9664,-0.5667,10.));
#8218=LINE('',#8217,#8216);
#8219=EDGE_CURVE('',#8177,#8179,#8218,.T.);
#8220=ORIENTED_EDGE('',*,*,#8219,.F.);
#8221=VECTOR('',#34,0.1417);
#8222=CARTESIAN_POINT('',(11.9664,-0.7083,10.));
#8223=LINE('',#8222,#8221);
#8224=EDGE_CURVE('',#8173,#8177,#8223,.T.);
#8225=ORIENTED_EDGE('',*,*,#8224,.F.);
#8226=EDGE_LOOP('',(#8210,#8215,#8220,#8225));
#8227=FACE_OUTER_BOUND('',#8226,.T.);
#8228=CARTESIAN_POINT('',(11.9664,-0.7083,10.));
#8229=AXIS2_PLACEMENT_3D('',#8228,#15,#16);
#8230=PLANE('',#8229);
#8231=ADVANCED_FACE('',(#8227),#8230,.T.);
#8232=ORIENTED_EDGE('',*,*,#8198,.T.);
#8233=VECTOR('',#15,9.7);
#8234=CARTESIAN_POINT('',(13.2336,-0.7083,0.3));
#8235=LINE('',#8234,#8233);
#8236=EDGE_CURVE('',#8167,#8175,#8235,.T.);
#8237=ORIENTED_EDGE('',*,*,#8236,.T.);
#8238=ORIENTED_EDGE('',*,*,#8209,.F.);
#8239=VECTOR('',#15,9.7);
#8240=CARTESIAN_POINT('',(11.9664,-0.7083,0.3));
#8241=LINE('',#8240,#8239);
#8242=EDGE_CURVE('',#8165,#8173,#8241,.T.);
#8243=ORIENTED_EDGE('',*,*,#8242,.F.);
#8244=EDGE_LOOP('',(#8232,#8237,#8238,#8243));
#8245=FACE_OUTER_BOUND('',#8244,.T.);
#8246=CARTESIAN_POINT('',(11.9664,-0.7083,0.3));
#8247=AXIS2_PLACEMENT_3D('',#8246,#103,#16);
#8248=PLANE('',#8247);
#8249=ADVANCED_FACE('',(#8245),#8248,.T.);
#8250=VECTOR('',#15,9.7);
#8251=CARTESIAN_POINT('',(11.9664,-0.5667,0.3));
#8252=LINE('',#8251,#8250);
#8253=EDGE_CURVE('',#8169,#8177,#8252,.T.);
#8254=ORIENTED_EDGE('',*,*,#8253,.T.);
#8255=ORIENTED_EDGE('',*,*,#8219,.T.);
#8256=VECTOR('',#15,9.7);
#8257=CARTESIAN_POINT('',(13.2336,-0.5667,0.3));
#8258=LINE('',#8257,#8256);
#8259=EDGE_CURVE('',#8171,#8179,#8258,.T.);
#8260=ORIENTED_EDGE('',*,*,#8259,.F.);
#8261=ORIENTED_EDGE('',*,*,#8188,.F.);
#8262=EDGE_LOOP('',(#8254,#8255,#8260,#8261));
#8263=FACE_OUTER_BOUND('',#8262,.T.);
#8264=CARTESIAN_POINT('',(11.9664,-0.5667,0.3));
#8265=AXIS2_PLACEMENT_3D('',#8264,#34,#16);
#8266=PLANE('',#8265);
#8267=ADVANCED_FACE('',(#8263),#8266,.T.);
#8268=ORIENTED_EDGE('',*,*,#8242,.T.);
#8269=ORIENTED_EDGE('',*,*,#8224,.T.);
#8270=ORIENTED_EDGE('',*,*,#8253,.F.);
#8271=ORIENTED_EDGE('',*,*,#8183,.F.);
#8272=EDGE_LOOP('',(#8268,#8269,#8270,#8271));
#8273=FACE_OUTER_BOUND('',#8272,.T.);
#8274=CARTESIAN_POINT('',(11.9664,-0.7083,0.3));
#8275=AXIS2_PLACEMENT_3D('',#8274,#132,#34);
#8276=PLANE('',#8275);
#8277=ADVANCED_FACE('',(#8273),#8276,.T.);
#8278=ORIENTED_EDGE('',*,*,#8193,.T.);
#8279=ORIENTED_EDGE('',*,*,#8259,.T.);
#8280=ORIENTED_EDGE('',*,*,#8214,.F.);
#8281=ORIENTED_EDGE('',*,*,#8236,.F.);
#8282=EDGE_LOOP('',(#8278,#8279,#8280,#8281));
#8283=FACE_OUTER_BOUND('',#8282,.T.);
#8284=CARTESIAN_POINT('',(13.2336,-0.7083,0.3));
#8285=AXIS2_PLACEMENT_3D('',#8284,#16,#34);
#8286=PLANE('',#8285);
#8287=ADVANCED_FACE('',(#8283),#8286,.T.);
#8288=CLOSED_SHELL('',(#8205,#8231,#8249,#8267,#8277,#8287));
#8289=MANIFOLD_SOLID_BREP('Wire_4_10',#8288);
#8290=STYLED_ITEM('color',(#154),#8289);
#8291=CARTESIAN_POINT('',(12.1301,-0.85,0.3));
#8292=VERTEX_POINT('',#8291);
#8293=CARTESIAN_POINT('',(13.0699,-0.85,0.3));
#8294=VERTEX_POINT('',#8293);
#8295=CARTESIAN_POINT('',(12.1301,-0.7083,0.3));
#8296=VERTEX_POINT('',#8295);
#8297=CARTESIAN_POINT('',(13.0699,-0.7083,0.3));
#8298=VERTEX_POINT('',#8297);
#8299=CARTESIAN_POINT('',(12.1301,-0.85,10.));
#8300=VERTEX_POINT('',#8299);
#8301=CARTESIAN_POINT('',(13.0699,-0.85,10.));
#8302=VERTEX_POINT('',#8301);
#8303=CARTESIAN_POINT('',(12.1301,-0.7083,10.));
#8304=VERTEX_POINT('',#8303);
#8305=CARTESIAN_POINT('',(13.0699,-0.7083,10.));
#8306=VERTEX_POINT('',#8305);
#8307=VECTOR('',#34,0.1417);
#8308=CARTESIAN_POINT('',(12.1301,-0.85,0.3));
#8309=LINE('',#8308,#8307);
#8310=EDGE_CURVE('',#8292,#8296,#8309,.T.);
#8311=ORIENTED_EDGE('',*,*,#8310,.T.);
#8312=VECTOR('',#16,0.9397);
#8313=CARTESIAN_POINT('',(12.1301,-0.7083,0.3));
#8314=LINE('',#8313,#8312);
#8315=EDGE_CURVE('',#8296,#8298,#8314,.T.);
#8316=ORIENTED_EDGE('',*,*,#8315,.T.);
#8317=VECTOR('',#34,0.1417);
#8318=CARTESIAN_POINT('',(13.0699,-0.85,0.3));
#8319=LINE('',#8318,#8317);
#8320=EDGE_CURVE('',#8294,#8298,#8319,.T.);
#8321=ORIENTED_EDGE('',*,*,#8320,.F.);
#8322=VECTOR('',#16,0.9397);
#8323=CARTESIAN_POINT('',(12.1301,-0.85,0.3));
#8324=LINE('',#8323,#8322);
#8325=EDGE_CURVE('',#8292,#8294,#8324,.T.);
#8326=ORIENTED_EDGE('',*,*,#8325,.F.);
#8327=EDGE_LOOP('',(#8311,#8316,#8321,#8326));
#8328=FACE_OUTER_BOUND('',#8327,.T.);
#8329=CARTESIAN_POINT('',(12.1301,-0.85,0.3));
#8330=AXIS2_PLACEMENT_3D('',#8329,#58,#16);
#8331=PLANE('',#8330);
#8332=ADVANCED_FACE('',(#8328),#8331,.T.);
#8333=VECTOR('',#16,0.9397);
#8334=CARTESIAN_POINT('',(12.1301,-0.85,10.));
#8335=LINE('',#8334,#8333);
#8336=EDGE_CURVE('',#8300,#8302,#8335,.T.);
#8337=ORIENTED_EDGE('',*,*,#8336,.T.);
#8338=VECTOR('',#34,0.1417);
#8339=CARTESIAN_POINT('',(13.0699,-0.85,10.));
#8340=LINE('',#8339,#8338);
#8341=EDGE_CURVE('',#8302,#8306,#8340,.T.);
#8342=ORIENTED_EDGE('',*,*,#8341,.T.);
#8343=VECTOR('',#16,0.9397);
#8344=CARTESIAN_POINT('',(12.1301,-0.7083,10.));
#8345=LINE('',#8344,#8343);
#8346=EDGE_CURVE('',#8304,#8306,#8345,.T.);
#8347=ORIENTED_EDGE('',*,*,#8346,.F.);
#8348=VECTOR('',#34,0.1417);
#8349=CARTESIAN_POINT('',(12.1301,-0.85,10.));
#8350=LINE('',#8349,#8348);
#8351=EDGE_CURVE('',#8300,#8304,#8350,.T.);
#8352=ORIENTED_EDGE('',*,*,#8351,.F.);
#8353=EDGE_LOOP('',(#8337,#8342,#8347,#8352));
#8354=FACE_OUTER_BOUND('',#8353,.T.);
#8355=CARTESIAN_POINT('',(12.1301,-0.85,10.));
#8356=AXIS2_PLACEMENT_3D('',#8355,#15,#16);
#8357=PLANE('',#8356);
#8358=ADVANCED_FACE('',(#8354),#8357,.T.);
#8359=ORIENTED_EDGE('',*,*,#8325,.T.);
#8360=VECTOR('',#15,9.7);
#8361=CARTESIAN_POINT('',(13.0699,-0.85,0.3));
#8362=LINE('',#8361,#8360);
#8363=EDGE_CURVE('',#8294,#8302,#8362,.T.);
#8364=ORIENTED_EDGE('',*,*,#8363,.T.);
#8365=ORIENTED_EDGE('',*,*,#8336,.F.);
#8366=VECTOR('',#15,9.7);
#8367=CARTESIAN_POINT('',(12.1301,-0.85,0.3));
#8368=LINE('',#8367,#8366);
#8369=EDGE_CURVE('',#8292,#8300,#8368,.T.);
#8370=ORIENTED_EDGE('',*,*,#8369,.F.);
#8371=EDGE_LOOP('',(#8359,#8364,#8365,#8370));
#8372=FACE_OUTER_BOUND('',#8371,.T.);
#8373=CARTESIAN_POINT('',(12.1301,-0.85,0.3));
#8374=AXIS2_PLACEMENT_3D('',#8373,#103,#16);
#8375=PLANE('',#8374);
#8376=ADVANCED_FACE('',(#8372),#8375,.T.);
#8377=VECTOR('',#15,9.7);
#8378=CARTESIAN_POINT('',(12.1301,-0.7083,0.3));
#8379=LINE('',#8378,#8377);
#8380=EDGE_CURVE('',#8296,#8304,#8379,.T.);
#8381=ORIENTED_EDGE('',*,*,#8380,.T.);
#8382=ORIENTED_EDGE('',*,*,#8346,.T.);
#8383=VECTOR('',#15,9.7);
#8384=CARTESIAN_POINT('',(13.0699,-0.7083,0.3));
#8385=LINE('',#8384,#8383);
#8386=EDGE_CURVE('',#8298,#8306,#8385,.T.);
#8387=ORIENTED_EDGE('',*,*,#8386,.F.);
#8388=ORIENTED_EDGE('',*,*,#8315,.F.);
#8389=EDGE_LOOP('',(#8381,#8382,#8387,#8388));
#8390=FACE_OUTER_BOUND('',#8389,.T.);
#8391=CARTESIAN_POINT('',(12.1301,-0.7083,0.3));
#8392=AXIS2_PLACEMENT_3D('',#8391,#34,#16);
#8393=PLANE('',#8392);
#8394=ADVANCED_FACE('',(#8390),#8393,.T.);
#8395=ORIENTED_EDGE('',*,*,#8369,.T.);
#8396=ORIENTED_EDGE('',*,*,#8351,.T.);
#8397=ORIENTED_EDGE('',*,*,#8380,.F.);
#8398=ORIENTED_EDGE('',*,*,#8310,.F.);
#8399=EDGE_LOOP('',(#8395,#8396,#8397,#8398));
#8400=FACE_OUTER_BOUND('',#8399,.T.);
#8401=CARTESIAN_POINT('',(12.1301,-0.85,0.3));
#8402=AXIS2_PLACEMENT_3D('',#8401,#132,#34);
#8403=PLANE('',#8402);
#8404=ADVANCED_FACE('',(#8400),#8403,.T.);
#8405=ORIENTED_EDGE('',*,*,#8320,.T.);
#8406=ORIENTED_EDGE('',*,*,#8386,.T.);
#8407=ORIENTED_EDGE('',*,*,#8341,.F.);
#8408=ORIENTED_EDGE('',*,*,#8363,.F.);
#8409=EDGE_LOOP('',(#8405,#8406,#8407,#8408));
#8410=FACE_OUTER_BOUND('',#8409,.T.);
#8411=CARTESIAN_POINT('',(13.0699,-0.85,0.3));
#8412=AXIS2_PLACEMENT_3D('',#8411,#16,#34);
#8413=PLANE('',#8412);
#8414=ADVANCED_FACE('',(#8410),#8413,.T.);
#8415=CLOSED_SHELL('',(#8332,#8358,#8376,#8394,#8404,#8414));
#8416=MANIFOLD_SOLID_BREP('Wire_4_11',#8415);
#8417=STYLED_ITEM('color',(#154),#8416);
#8418=CARTESIAN_POINT('',(12.4137,0.1667,-1.8));
#8419=VERTEX_POINT('',#8418);
#8420=CARTESIAN_POINT('',(12.7863,0.1667,-1.8));
#8421=VERTEX_POINT('',#8420);
#8422=CARTESIAN_POINT('',(12.4137,0.25,-1.8));
#8423=VERTEX_POINT('',#8422);
#8424=CARTESIAN_POINT('',(12.7863,0.25,-1.8));
#8425=VERTEX_POINT('',#8424);
#8426=CARTESIAN_POINT('',(12.4137,0.1667,0.3));
#8427=VERTEX_POINT('',#8426);
#8428=CARTESIAN_POINT('',(12.7863,0.1667,0.3));
#8429=VERTEX_POINT('',#8428);
#8430=CARTESIAN_POINT('',(12.4137,0.25,0.3));
#8431=VERTEX_POINT('',#8430);
#8432=CARTESIAN_POINT('',(12.7863,0.25,0.3));
#8433=VERTEX_POINT('',#8432);
#8434=VECTOR('',#34,0.0833);
#8435=CARTESIAN_POINT('',(12.4137,0.1667,-1.8));
#8436=LINE('',#8435,#8434);
#8437=EDGE_CURVE('',#8419,#8423,#8436,.T.);
#8438=ORIENTED_EDGE('',*,*,#8437,.T.);
#8439=VECTOR('',#16,0.3727);
#8440=CARTESIAN_POINT('',(12.4137,0.25,-1.8));
#8441=LINE('',#8440,#8439);
#8442=EDGE_CURVE('',#8423,#8425,#8441,.T.);
#8443=ORIENTED_EDGE('',*,*,#8442,.T.);
#8444=VECTOR('',#34,0.0833);
#8445=CARTESIAN_POINT('',(12.7863,0.1667,-1.8));
#8446=LINE('',#8445,#8444);
#8447=EDGE_CURVE('',#8421,#8425,#8446,.T.);
#8448=ORIENTED_EDGE('',*,*,#8447,.F.);
#8449=VECTOR('',#16,0.3727);
#8450=CARTESIAN_POINT('',(12.4137,0.1667,-1.8));
#8451=LINE('',#8450,#8449);
#8452=EDGE_CURVE('',#8419,#8421,#8451,.T.);
#8453=ORIENTED_EDGE('',*,*,#8452,.F.);
#8454=EDGE_LOOP('',(#8438,#8443,#8448,#8453));
#8455=FACE_OUTER_BOUND('',#8454,.T.);
#8456=CARTESIAN_POINT('',(12.4137,0.1667,-1.8));
#8457=AXIS2_PLACEMENT_3D('',#8456,#58,#16);
#8458=PLANE('',#8457);
#8459=ADVANCED_FACE('',(#8455),#8458,.T.);
#8460=VECTOR('',#16,0.3727);
#8461=CARTESIAN_POINT('',(12.4137,0.1667,0.3));
#8462=LINE('',#8461,#8460);
#8463=EDGE_CURVE('',#8427,#8429,#8462,.T.);
#8464=ORIENTED_EDGE('',*,*,#8463,.T.);
#8465=VECTOR('',#34,0.0833);
#8466=CARTESIAN_POINT('',(12.7863,0.1667,0.3));
#8467=LINE('',#8466,#8465);
#8468=EDGE_CURVE('',#8429,#8433,#8467,.T.);
#8469=ORIENTED_EDGE('',*,*,#8468,.T.);
#8470=VECTOR('',#16,0.3727);
#8471=CARTESIAN_POINT('',(12.4137,0.25,0.3));
#8472=LINE('',#8471,#8470);
#8473=EDGE_CURVE('',#8431,#8433,#8472,.T.);
#8474=ORIENTED_EDGE('',*,*,#8473,.F.);
#8475=VECTOR('',#34,0.0833);
#8476=CARTESIAN_POINT('',(12.4137,0.1667,0.3));
#8477=LINE('',#8476,#8475);
#8478=EDGE_CURVE('',#8427,#8431,#8477,.T.);
#8479=ORIENTED_EDGE('',*,*,#8478,.F.);
#8480=EDGE_LOOP('',(#8464,#8469,#8474,#8479));
#8481=FACE_OUTER_BOUND('',#8480,.T.);
#8482=CARTESIAN_POINT('',(12.4137,0.1667,0.3));
#8483=AXIS2_PLACEMENT_3D('',#8482,#15,#16);
#8484=PLANE('',#8483);
#8485=ADVANCED_FACE('',(#8481),#8484,.T.);
#8486=ORIENTED_EDGE('',*,*,#8452,.T.);
#8487=VECTOR('',#15,2.1);
#8488=CARTESIAN_POINT('',(12.7863,0.1667,-1.8));
#8489=LINE('',#8488,#8487);
#8490=EDGE_CURVE('',#8421,#8429,#8489,.T.);
#8491=ORIENTED_EDGE('',*,*,#8490,.T.);
#8492=ORIENTED_EDGE('',*,*,#8463,.F.);
#8493=VECTOR('',#15,2.1);
#8494=CARTESIAN_POINT('',(12.4137,0.1667,-1.8));
#8495=LINE('',#8494,#8493);
#8496=EDGE_CURVE('',#8419,#8427,#8495,.T.);
#8497=ORIENTED_EDGE('',*,*,#8496,.F.);
#8498=EDGE_LOOP('',(#8486,#8491,#8492,#8497));
#8499=FACE_OUTER_BOUND('',#8498,.T.);
#8500=CARTESIAN_POINT('',(12.4137,0.1667,-1.8));
#8501=AXIS2_PLACEMENT_3D('',#8500,#103,#16);
#8502=PLANE('',#8501);
#8503=ADVANCED_FACE('',(#8499),#8502,.T.);
#8504=VECTOR('',#15,2.1);
#8505=CARTESIAN_POINT('',(12.4137,0.25,-1.8));
#8506=LINE('',#8505,#8504);
#8507=EDGE_CURVE('',#8423,#8431,#8506,.T.);
#8508=ORIENTED_EDGE('',*,*,#8507,.T.);
#8509=ORIENTED_EDGE('',*,*,#8473,.T.);
#8510=VECTOR('',#15,2.1);
#8511=CARTESIAN_POINT('',(12.7863,0.25,-1.8));
#8512=LINE('',#8511,#8510);
#8513=EDGE_CURVE('',#8425,#8433,#8512,.T.);
#8514=ORIENTED_EDGE('',*,*,#8513,.F.);
#8515=ORIENTED_EDGE('',*,*,#8442,.F.);
#8516=EDGE_LOOP('',(#8508,#8509,#8514,#8515));
#8517=FACE_OUTER_BOUND('',#8516,.T.);
#8518=CARTESIAN_POINT('',(12.4137,0.25,-1.8));
#8519=AXIS2_PLACEMENT_3D('',#8518,#34,#16);
#8520=PLANE('',#8519);
#8521=ADVANCED_FACE('',(#8517),#8520,.T.);
#8522=ORIENTED_EDGE('',*,*,#8496,.T.);
#8523=ORIENTED_EDGE('',*,*,#8478,.T.);
#8524=ORIENTED_EDGE('',*,*,#8507,.F.);
#8525=ORIENTED_EDGE('',*,*,#8437,.F.);
#8526=EDGE_LOOP('',(#8522,#8523,#8524,#8525));
#8527=FACE_OUTER_BOUND('',#8526,.T.);
#8528=CARTESIAN_POINT('',(12.4137,0.1667,-1.8));
#8529=AXIS2_PLACEMENT_3D('',#8528,#132,#34);
#8530=PLANE('',#8529);
#8531=ADVANCED_FACE('',(#8527),#8530,.T.);
#8532=ORIENTED_EDGE('',*,*,#8447,.T.);
#8533=ORIENTED_EDGE('',*,*,#8513,.T.);
#8534=ORIENTED_EDGE('',*,*,#8468,.F.);
#8535=ORIENTED_EDGE('',*,*,#8490,.F.);
#8536=EDGE_LOOP('',(#8532,#8533,#8534,#8535));
#8537=FACE_OUTER_BOUND('',#8536,.T.);
#8538=CARTESIAN_POINT('',(12.7863,0.1667,-1.8));
#8539=AXIS2_PLACEMENT_3D('',#8538,#16,#34);
#8540=PLANE('',#8539);
#8541=ADVANCED_FACE('',(#8537),#8540,.T.);
#8542=CLOSED_SHELL('',(#8459,#8485,#8503,#8521,#8531,#8541));
#8543=MANIFOLD_SOLID_BREP('Conductor_4_0',#8542);
#8544=STYLED_ITEM('color',(#1685),#8543);
#8545=CARTESIAN_POINT('',(12.3643,0.0833,-1.8));
#8546=VERTEX_POINT('',#8545);
#8547=CARTESIAN_POINT('',(12.8357,0.0833,-1.8));
#8548=VERTEX_POINT('',#8547);
#8549=CARTESIAN_POINT('',(12.3643,0.1667,-1.8));
#8550=VERTEX_POINT('',#8549);
#8551=CARTESIAN_POINT('',(12.8357,0.1667,-1.8));
#8552=VERTEX_POINT('',#8551);
#8553=CARTESIAN_POINT('',(12.3643,0.0833,0.3));
#8554=VERTEX_POINT('',#8553);
#8555=CARTESIAN_POINT('',(12.8357,0.0833,0.3));
#8556=VERTEX_POINT('',#8555);
#8557=CARTESIAN_POINT('',(12.3643,0.1667,0.3));
#8558=VERTEX_POINT('',#8557);
#8559=CARTESIAN_POINT('',(12.8357,0.1667,0.3));
#8560=VERTEX_POINT('',#8559);
#8561=VECTOR('',#34,0.0833);
#8562=CARTESIAN_POINT('',(12.3643,0.0833,-1.8));
#8563=LINE('',#8562,#8561);
#8564=EDGE_CURVE('',#8546,#8550,#8563,.T.);
#8565=ORIENTED_EDGE('',*,*,#8564,.T.);
#8566=VECTOR('',#16,0.4714);
#8567=CARTESIAN_POINT('',(12.3643,0.1667,-1.8));
#8568=LINE('',#8567,#8566);
#8569=EDGE_CURVE('',#8550,#8552,#8568,.T.);
#8570=ORIENTED_EDGE('',*,*,#8569,.T.);
#8571=VECTOR('',#34,0.0833);
#8572=CARTESIAN_POINT('',(12.8357,0.0833,-1.8));
#8573=LINE('',#8572,#8571);
#8574=EDGE_CURVE('',#8548,#8552,#8573,.T.);
#8575=ORIENTED_EDGE('',*,*,#8574,.F.);
#8576=VECTOR('',#16,0.4714);
#8577=CARTESIAN_POINT('',(12.3643,0.0833,-1.8));
#8578=LINE('',#8577,#8576);
#8579=EDGE_CURVE('',#8546,#8548,#8578,.T.);
#8580=ORIENTED_EDGE('',*,*,#8579,.F.);
#8581=EDGE_LOOP('',(#8565,#8570,#8575,#8580));
#8582=FACE_OUTER_BOUND('',#8581,.T.);
#8583=CARTESIAN_POINT('',(12.3643,0.0833,-1.8));
#8584=AXIS2_PLACEMENT_3D('',#8583,#58,#16);
#8585=PLANE('',#8584);
#8586=ADVANCED_FACE('',(#8582),#8585,.T.);
#8587=VECTOR('',#16,0.4714);
#8588=CARTESIAN_POINT('',(12.3643,0.0833,0.3));
#8589=LINE('',#8588,#8587);
#8590=EDGE_CURVE('',#8554,#8556,#8589,.T.);
#8591=ORIENTED_EDGE('',*,*,#8590,.T.);
#8592=VECTOR('',#34,0.0833);
#8593=CARTESIAN_POINT('',(12.8357,0.0833,0.3));
#8594=LINE('',#8593,#8592);
#8595=EDGE_CURVE('',#8556,#8560,#8594,.T.);
#8596=ORIENTED_EDGE('',*,*,#8595,.T.);
#8597=VECTOR('',#16,0.4714);
#8598=CARTESIAN_POINT('',(12.3643,0.1667,0.3));
#8599=LINE('',#8598,#8597);
#8600=EDGE_CURVE('',#8558,#8560,#8599,.T.);
#8601=ORIENTED_EDGE('',*,*,#8600,.F.);
#8602=VECTOR('',#34,0.0833);
#8603=CARTESIAN_POINT('',(12.3643,0.0833,0.3));
#8604=LINE('',#8603,#8602);
#8605=EDGE_CURVE('',#8554,#8558,#8604,.T.);
#8606=ORIENTED_EDGE('',*,*,#8605,.F.);
#8607=EDGE_LOOP('',(#8591,#8596,#8601,#8606));
#8608=FACE_OUTER_BOUND('',#8607,.T.);
#8609=CARTESIAN_POINT('',(12.3643,0.0833,0.3));
#8610=AXIS2_PLACEMENT_3D('',#8609,#15,#16);
#8611=PLANE('',#8610);
#8612=ADVANCED_FACE('',(#8608),#8611,.T.);
#8613=ORIENTED_EDGE('',*,*,#8579,.T.);
#8614=VECTOR('',#15,2.1);
#8615=CARTESIAN_POINT('',(12.8357,0.0833,-1.8));
#8616=LINE('',#8615,#8614);
#8617=EDGE_CURVE('',#8548,#8556,#8616,.T.);
#8618=ORIENTED_EDGE('',*,*,#8617,.T.);
#8619=ORIENTED_EDGE('',*,*,#8590,.F.);
#8620=VECTOR('',#15,2.1);
#8621=CARTESIAN_POINT('',(12.3643,0.0833,-1.8));
#8622=LINE('',#8621,#8620);
#8623=EDGE_CURVE('',#8546,#8554,#8622,.T.);
#8624=ORIENTED_EDGE('',*,*,#8623,.F.);
#8625=EDGE_LOOP('',(#8613,#8618,#8619,#8624));
#8626=FACE_OUTER_BOUND('',#8625,.T.);
#8627=CARTESIAN_POINT('',(12.3643,0.0833,-1.8));
#8628=AXIS2_PLACEMENT_3D('',#8627,#103,#16);
#8629=PLANE('',#8628);
#8630=ADVANCED_FACE('',(#8626),#8629,.T.);
#8631=VECTOR('',#15,2.1);
#8632=CARTESIAN_POINT('',(12.3643,0.1667,-1.8));
#8633=LINE('',#8632,#8631);
#8634=EDGE_CURVE('',#8550,#8558,#8633,.T.);
#8635=ORIENTED_EDGE('',*,*,#8634,.T.);
#8636=ORIENTED_EDGE('',*,*,#8600,.T.);
#8637=VECTOR('',#15,2.1);
#8638=CARTESIAN_POINT('',(12.8357,0.1667,-1.8));
#8639=LINE('',#8638,#8637);
#8640=EDGE_CURVE('',#8552,#8560,#8639,.T.);
#8641=ORIENTED_EDGE('',*,*,#8640,.F.);
#8642=ORIENTED_EDGE('',*,*,#8569,.F.);
#8643=EDGE_LOOP('',(#8635,#8636,#8641,#8642));
#8644=FACE_OUTER_BOUND('',#8643,.T.);
#8645=CARTESIAN_POINT('',(12.3643,0.1667,-1.8));
#8646=AXIS2_PLACEMENT_3D('',#8645,#34,#16);
#8647=PLANE('',#8646);
#8648=ADVANCED_FACE('',(#8644),#8647,.T.);
#8649=ORIENTED_EDGE('',*,*,#8623,.T.);
#8650=ORIENTED_EDGE('',*,*,#8605,.T.);
#8651=ORIENTED_EDGE('',*,*,#8634,.F.);
#8652=ORIENTED_EDGE('',*,*,#8564,.F.);
#8653=EDGE_LOOP('',(#8649,#8650,#8651,#8652));
#8654=FACE_OUTER_BOUND('',#8653,.T.);
#8655=CARTESIAN_POINT('',(12.3643,0.0833,-1.8));
#8656=AXIS2_PLACEMENT_3D('',#8655,#132,#34);
#8657=PLANE('',#8656);
#8658=ADVANCED_FACE('',(#8654),#8657,.T.);
#8659=ORIENTED_EDGE('',*,*,#8574,.T.);
#8660=ORIENTED_EDGE('',*,*,#8640,.T.);
#8661=ORIENTED_EDGE('',*,*,#8595,.F.);
#8662=ORIENTED_EDGE('',*,*,#8617,.F.);
#8663=EDGE_LOOP('',(#8659,#8660,#8661,#8662));
#8664=FACE_OUTER_BOUND('',#8663,.T.);
#8665=CARTESIAN_POINT('',(12.8357,0.0833,-1.8));
#8666=AXIS2_PLACEMENT_3D('',#8665,#16,#34);
#8667=PLANE('',#8666);
#8668=ADVANCED_FACE('',(#8664),#8667,.T.);
#8669=CLOSED_SHELL('',(#8586,#8612,#8630,#8648,#8658,#8668));
#8670=MANIFOLD_SOLID_BREP('Conductor_4_1',#8669);
#8671=STYLED_ITEM('color',(#1685),#8670);
#8672=CARTESIAN_POINT('',(12.35,-0.,-1.8));
#8673=VERTEX_POINT('',#8672);
#8674=CARTESIAN_POINT('',(12.85,-0.,-1.8));
#8675=VERTEX_POINT('',#8674);
#8676=CARTESIAN_POINT('',(12.35,0.0833,-1.8));
#8677=VERTEX_POINT('',#8676);
#8678=CARTESIAN_POINT('',(12.85,0.0833,-1.8));
#8679=VERTEX_POINT('',#8678);
#8680=CARTESIAN_POINT('',(12.35,-0.,0.3));
#8681=VERTEX_POINT('',#8680);
#8682=CARTESIAN_POINT('',(12.85,-0.,0.3));
#8683=VERTEX_POINT('',#8682);
#8684=CARTESIAN_POINT('',(12.35,0.0833,0.3));
#8685=VERTEX_POINT('',#8684);
#8686=CARTESIAN_POINT('',(12.85,0.0833,0.3));
#8687=VERTEX_POINT('',#8686);
#8688=VECTOR('',#34,0.0833);
#8689=CARTESIAN_POINT('',(12.35,-0.,-1.8));
#8690=LINE('',#8689,#8688);
#8691=EDGE_CURVE('',#8673,#8677,#8690,.T.);
#8692=ORIENTED_EDGE('',*,*,#8691,.T.);
#8693=VECTOR('',#16,0.5);
#8694=CARTESIAN_POINT('',(12.35,0.0833,-1.8));
#8695=LINE('',#8694,#8693);
#8696=EDGE_CURVE('',#8677,#8679,#8695,.T.);
#8697=ORIENTED_EDGE('',*,*,#8696,.T.);
#8698=VECTOR('',#34,0.0833);
#8699=CARTESIAN_POINT('',(12.85,-0.,-1.8));
#8700=LINE('',#8699,#8698);
#8701=EDGE_CURVE('',#8675,#8679,#8700,.T.);
#8702=ORIENTED_EDGE('',*,*,#8701,.F.);
#8703=VECTOR('',#16,0.5);
#8704=CARTESIAN_POINT('',(12.35,-0.,-1.8));
#8705=LINE('',#8704,#8703);
#8706=EDGE_CURVE('',#8673,#8675,#8705,.T.);
#8707=ORIENTED_EDGE('',*,*,#8706,.F.);
#8708=EDGE_LOOP('',(#8692,#8697,#8702,#8707));
#8709=FACE_OUTER_BOUND('',#8708,.T.);
#8710=CARTESIAN_POINT('',(12.35,-0.,-1.8));
#8711=AXIS2_PLACEMENT_3D('',#8710,#58,#16);
#8712=PLANE('',#8711);
#8713=ADVANCED_FACE('',(#8709),#8712,.T.);
#8714=VECTOR('',#16,0.5);
#8715=CARTESIAN_POINT('',(12.35,-0.,0.3));
#8716=LINE('',#8715,#8714);
#8717=EDGE_CURVE('',#8681,#8683,#8716,.T.);
#8718=ORIENTED_EDGE('',*,*,#8717,.T.);
#8719=VECTOR('',#34,0.0833);
#8720=CARTESIAN_POINT('',(12.85,-0.,0.3));
#8721=LINE('',#8720,#8719);
#8722=EDGE_CURVE('',#8683,#8687,#8721,.T.);
#8723=ORIENTED_EDGE('',*,*,#8722,.T.);
#8724=VECTOR('',#16,0.5);
#8725=CARTESIAN_POINT('',(12.35,0.0833,0.3));
#8726=LINE('',#8725,#8724);
#8727=EDGE_CURVE('',#8685,#8687,#8726,.T.);
#8728=ORIENTED_EDGE('',*,*,#8727,.F.);
#8729=VECTOR('',#34,0.0833);
#8730=CARTESIAN_POINT('',(12.35,-0.,0.3));
#8731=LINE('',#8730,#8729);
#8732=EDGE_CURVE('',#8681,#8685,#8731,.T.);
#8733=ORIENTED_EDGE('',*,*,#8732,.F.);
#8734=EDGE_LOOP('',(#8718,#8723,#8728,#8733));
#8735=FACE_OUTER_BOUND('',#8734,.T.);
#8736=CARTESIAN_POINT('',(12.35,-0.,0.3));
#8737=AXIS2_PLACEMENT_3D('',#8736,#15,#16);
#8738=PLANE('',#8737);
#8739=ADVANCED_FACE('',(#8735),#8738,.T.);
#8740=ORIENTED_EDGE('',*,*,#8706,.T.);
#8741=VECTOR('',#15,2.1);
#8742=CARTESIAN_POINT('',(12.85,-0.,-1.8));
#8743=LINE('',#8742,#8741);
#8744=EDGE_CURVE('',#8675,#8683,#8743,.T.);
#8745=ORIENTED_EDGE('',*,*,#8744,.T.);
#8746=ORIENTED_EDGE('',*,*,#8717,.F.);
#8747=VECTOR('',#15,2.1);
#8748=CARTESIAN_POINT('',(12.35,-0.,-1.8));
#8749=LINE('',#8748,#8747);
#8750=EDGE_CURVE('',#8673,#8681,#8749,.T.);
#8751=ORIENTED_EDGE('',*,*,#8750,.F.);
#8752=EDGE_LOOP('',(#8740,#8745,#8746,#8751));
#8753=FACE_OUTER_BOUND('',#8752,.T.);
#8754=CARTESIAN_POINT('',(12.35,-0.,-1.8));
#8755=AXIS2_PLACEMENT_3D('',#8754,#103,#16);
#8756=PLANE('',#8755);
#8757=ADVANCED_FACE('',(#8753),#8756,.T.);
#8758=VECTOR('',#15,2.1);
#8759=CARTESIAN_POINT('',(12.35,0.0833,-1.8));
#8760=LINE('',#8759,#8758);
#8761=EDGE_CURVE('',#8677,#8685,#8760,.T.);
#8762=ORIENTED_EDGE('',*,*,#8761,.T.);
#8763=ORIENTED_EDGE('',*,*,#8727,.T.);
#8764=VECTOR('',#15,2.1);
#8765=CARTESIAN_POINT('',(12.85,0.0833,-1.8));
#8766=LINE('',#8765,#8764);
#8767=EDGE_CURVE('',#8679,#8687,#8766,.T.);
#8768=ORIENTED_EDGE('',*,*,#8767,.F.);
#8769=ORIENTED_EDGE('',*,*,#8696,.F.);
#8770=EDGE_LOOP('',(#8762,#8763,#8768,#8769));
#8771=FACE_OUTER_BOUND('',#8770,.T.);
#8772=CARTESIAN_POINT('',(12.35,0.0833,-1.8));
#8773=AXIS2_PLACEMENT_3D('',#8772,#34,#16);
#8774=PLANE('',#8773);
#8775=ADVANCED_FACE('',(#8771),#8774,.T.);
#8776=ORIENTED_EDGE('',*,*,#8750,.T.);
#8777=ORIENTED_EDGE('',*,*,#8732,.T.);
#8778=ORIENTED_EDGE('',*,*,#8761,.F.);
#8779=ORIENTED_EDGE('',*,*,#8691,.F.);
#8780=EDGE_LOOP('',(#8776,#8777,#8778,#8779));
#8781=FACE_OUTER_BOUND('',#8780,.T.);
#8782=CARTESIAN_POINT('',(12.35,-0.,-1.8));
#8783=AXIS2_PLACEMENT_3D('',#8782,#132,#34);
#8784=PLANE('',#8783);
#8785=ADVANCED_FACE('',(#8781),#8784,.T.);
#8786=ORIENTED_EDGE('',*,*,#8701,.T.);
#8787=ORIENTED_EDGE('',*,*,#8767,.T.);
#8788=ORIENTED_EDGE('',*,*,#8722,.F.);
#8789=ORIENTED_EDGE('',*,*,#8744,.F.);
#8790=EDGE_LOOP('',(#8786,#8787,#8788,#8789));
#8791=FACE_OUTER_BOUND('',#8790,.T.);
#8792=CARTESIAN_POINT('',(12.85,-0.,-1.8));
#8793=AXIS2_PLACEMENT_3D('',#8792,#16,#34);
#8794=PLANE('',#8793);
#8795=ADVANCED_FACE('',(#8791),#8794,.T.);
#8796=CLOSED_SHELL('',(#8713,#8739,#8757,#8775,#8785,#8795));
#8797=MANIFOLD_SOLID_BREP('Conductor_4_2',#8796);
#8798=STYLED_ITEM('color',(#1685),#8797);
#8799=CARTESIAN_POINT('',(12.35,-0.0833,-1.8));
#8800=VERTEX_POINT('',#8799);
#8801=CARTESIAN_POINT('',(12.85,-0.0833,-1.8));
#8802=VERTEX_POINT('',#8801);
#8803=CARTESIAN_POINT('',(12.35,-0.,-1.8));
#8804=VERTEX_POINT('',#8803);
#8805=CARTESIAN_POINT('',(12.85,-0.,-1.8));
#8806=VERTEX_POINT('',#8805);
#8807=CARTESIAN_POINT('',(12.35,-0.0833,0.3));
#8808=VERTEX_POINT('',#8807);
#8809=CARTESIAN_POINT('',(12.85,-0.0833,0.3));
#8810=VERTEX_POINT('',#8809);
#8811=CARTESIAN_POINT('',(12.35,-0.,0.3));
#8812=VERTEX_POINT('',#8811);
#8813=CARTESIAN_POINT('',(12.85,-0.,0.3));
#8814=VERTEX_POINT('',#8813);
#8815=VECTOR('',#34,0.0833);
#8816=CARTESIAN_POINT('',(12.35,-0.0833,-1.8));
#8817=LINE('',#8816,#8815);
#8818=EDGE_CURVE('',#8800,#8804,#8817,.T.);
#8819=ORIENTED_EDGE('',*,*,#8818,.T.);
#8820=VECTOR('',#16,0.5);
#8821=CARTESIAN_POINT('',(12.35,-0.,-1.8));
#8822=LINE('',#8821,#8820);
#8823=EDGE_CURVE('',#8804,#8806,#8822,.T.);
#8824=ORIENTED_EDGE('',*,*,#8823,.T.);
#8825=VECTOR('',#34,0.0833);
#8826=CARTESIAN_POINT('',(12.85,-0.0833,-1.8));
#8827=LINE('',#8826,#8825);
#8828=EDGE_CURVE('',#8802,#8806,#8827,.T.);
#8829=ORIENTED_EDGE('',*,*,#8828,.F.);
#8830=VECTOR('',#16,0.5);
#8831=CARTESIAN_POINT('',(12.35,-0.0833,-1.8));
#8832=LINE('',#8831,#8830);
#8833=EDGE_CURVE('',#8800,#8802,#8832,.T.);
#8834=ORIENTED_EDGE('',*,*,#8833,.F.);
#8835=EDGE_LOOP('',(#8819,#8824,#8829,#8834));
#8836=FACE_OUTER_BOUND('',#8835,.T.);
#8837=CARTESIAN_POINT('',(12.35,-0.0833,-1.8));
#8838=AXIS2_PLACEMENT_3D('',#8837,#58,#16);
#8839=PLANE('',#8838);
#8840=ADVANCED_FACE('',(#8836),#8839,.T.);
#8841=VECTOR('',#16,0.5);
#8842=CARTESIAN_POINT('',(12.35,-0.0833,0.3));
#8843=LINE('',#8842,#8841);
#8844=EDGE_CURVE('',#8808,#8810,#8843,.T.);
#8845=ORIENTED_EDGE('',*,*,#8844,.T.);
#8846=VECTOR('',#34,0.0833);
#8847=CARTESIAN_POINT('',(12.85,-0.0833,0.3));
#8848=LINE('',#8847,#8846);
#8849=EDGE_CURVE('',#8810,#8814,#8848,.T.);
#8850=ORIENTED_EDGE('',*,*,#8849,.T.);
#8851=VECTOR('',#16,0.5);
#8852=CARTESIAN_POINT('',(12.35,-0.,0.3));
#8853=LINE('',#8852,#8851);
#8854=EDGE_CURVE('',#8812,#8814,#8853,.T.);
#8855=ORIENTED_EDGE('',*,*,#8854,.F.);
#8856=VECTOR('',#34,0.0833);
#8857=CARTESIAN_POINT('',(12.35,-0.0833,0.3));
#8858=LINE('',#8857,#8856);
#8859=EDGE_CURVE('',#8808,#8812,#8858,.T.);
#8860=ORIENTED_EDGE('',*,*,#8859,.F.);
#8861=EDGE_LOOP('',(#8845,#8850,#8855,#8860));
#8862=FACE_OUTER_BOUND('',#8861,.T.);
#8863=CARTESIAN_POINT('',(12.35,-0.0833,0.3));
#8864=AXIS2_PLACEMENT_3D('',#8863,#15,#16);
#8865=PLANE('',#8864);
#8866=ADVANCED_FACE('',(#8862),#8865,.T.);
#8867=ORIENTED_EDGE('',*,*,#8833,.T.);
#8868=VECTOR('',#15,2.1);
#8869=CARTESIAN_POINT('',(12.85,-0.0833,-1.8));
#8870=LINE('',#8869,#8868);
#8871=EDGE_CURVE('',#8802,#8810,#8870,.T.);
#8872=ORIENTED_EDGE('',*,*,#8871,.T.);
#8873=ORIENTED_EDGE('',*,*,#8844,.F.);
#8874=VECTOR('',#15,2.1);
#8875=CARTESIAN_POINT('',(12.35,-0.0833,-1.8));
#8876=LINE('',#8875,#8874);
#8877=EDGE_CURVE('',#8800,#8808,#8876,.T.);
#8878=ORIENTED_EDGE('',*,*,#8877,.F.);
#8879=EDGE_LOOP('',(#8867,#8872,#8873,#8878));
#8880=FACE_OUTER_BOUND('',#8879,.T.);
#8881=CARTESIAN_POINT('',(12.35,-0.0833,-1.8));
#8882=AXIS2_PLACEMENT_3D('',#8881,#103,#16);
#8883=PLANE('',#8882);
#8884=ADVANCED_FACE('',(#8880),#8883,.T.);
#8885=VECTOR('',#15,2.1);
#8886=CARTESIAN_POINT('',(12.35,-0.,-1.8));
#8887=LINE('',#8886,#8885);
#8888=EDGE_CURVE('',#8804,#8812,#8887,.T.);
#8889=ORIENTED_EDGE('',*,*,#8888,.T.);
#8890=ORIENTED_EDGE('',*,*,#8854,.T.);
#8891=VECTOR('',#15,2.1);
#8892=CARTESIAN_POINT('',(12.85,-0.,-1.8));
#8893=LINE('',#8892,#8891);
#8894=EDGE_CURVE('',#8806,#8814,#8893,.T.);
#8895=ORIENTED_EDGE('',*,*,#8894,.F.);
#8896=ORIENTED_EDGE('',*,*,#8823,.F.);
#8897=EDGE_LOOP('',(#8889,#8890,#8895,#8896));
#8898=FACE_OUTER_BOUND('',#8897,.T.);
#8899=CARTESIAN_POINT('',(12.35,-0.,-1.8));
#8900=AXIS2_PLACEMENT_3D('',#8899,#34,#16);
#8901=PLANE('',#8900);
#8902=ADVANCED_FACE('',(#8898),#8901,.T.);
#8903=ORIENTED_EDGE('',*,*,#8877,.T.);
#8904=ORIENTED_EDGE('',*,*,#8859,.T.);
#8905=ORIENTED_EDGE('',*,*,#8888,.F.);
#8906=ORIENTED_EDGE('',*,*,#8818,.F.);
#8907=EDGE_LOOP('',(#8903,#8904,#8905,#8906));
#8908=FACE_OUTER_BOUND('',#8907,.T.);
#8909=CARTESIAN_POINT('',(12.35,-0.0833,-1.8));
#8910=AXIS2_PLACEMENT_3D('',#8909,#132,#34);
#8911=PLANE('',#8910);
#8912=ADVANCED_FACE('',(#8908),#8911,.T.);
#8913=ORIENTED_EDGE('',*,*,#8828,.T.);
#8914=ORIENTED_EDGE('',*,*,#8894,.T.);
#8915=ORIENTED_EDGE('',*,*,#8849,.F.);
#8916=ORIENTED_EDGE('',*,*,#8871,.F.);
#8917=EDGE_LOOP('',(#8913,#8914,#8915,#8916));
#8918=FACE_OUTER_BOUND('',#8917,.T.);
#8919=CARTESIAN_POINT('',(12.85,-0.0833,-1.8));
#8920=AXIS2_PLACEMENT_3D('',#8919,#16,#34);
#8921=PLANE('',#8920);
#8922=ADVANCED_FACE('',(#8918),#8921,.T.);
#8923=CLOSED_SHELL('',(#8840,#8866,#8884,#8902,#8912,#8922));
#8924=MANIFOLD_SOLID_BREP('Conductor_4_3',#8923);
#8925=STYLED_ITEM('color',(#1685),#8924);
#8926=CARTESIAN_POINT('',(12.3643,-0.1667,-1.8));
#8927=VERTEX_POINT('',#8926);
#8928=CARTESIAN_POINT('',(12.8357,-0.1667,-1.8));
#8929=VERTEX_POINT('',#8928);
#8930=CARTESIAN_POINT('',(12.3643,-0.0833,-1.8));
#8931=VERTEX_POINT('',#8930);
#8932=CARTESIAN_POINT('',(12.8357,-0.0833,-1.8));
#8933=VERTEX_POINT('',#8932);
#8934=CARTESIAN_POINT('',(12.3643,-0.1667,0.3));
#8935=VERTEX_POINT('',#8934);
#8936=CARTESIAN_POINT('',(12.8357,-0.1667,0.3));
#8937=VERTEX_POINT('',#8936);
#8938=CARTESIAN_POINT('',(12.3643,-0.0833,0.3));
#8939=VERTEX_POINT('',#8938);
#8940=CARTESIAN_POINT('',(12.8357,-0.0833,0.3));
#8941=VERTEX_POINT('',#8940);
#8942=VECTOR('',#34,0.0833);
#8943=CARTESIAN_POINT('',(12.3643,-0.1667,-1.8));
#8944=LINE('',#8943,#8942);
#8945=EDGE_CURVE('',#8927,#8931,#8944,.T.);
#8946=ORIENTED_EDGE('',*,*,#8945,.T.);
#8947=VECTOR('',#16,0.4714);
#8948=CARTESIAN_POINT('',(12.3643,-0.0833,-1.8));
#8949=LINE('',#8948,#8947);
#8950=EDGE_CURVE('',#8931,#8933,#8949,.T.);
#8951=ORIENTED_EDGE('',*,*,#8950,.T.);
#8952=VECTOR('',#34,0.0833);
#8953=CARTESIAN_POINT('',(12.8357,-0.1667,-1.8));
#8954=LINE('',#8953,#8952);
#8955=EDGE_CURVE('',#8929,#8933,#8954,.T.);
#8956=ORIENTED_EDGE('',*,*,#8955,.F.);
#8957=VECTOR('',#16,0.4714);
#8958=CARTESIAN_POINT('',(12.3643,-0.1667,-1.8));
#8959=LINE('',#8958,#8957);
#8960=EDGE_CURVE('',#8927,#8929,#8959,.T.);
#8961=ORIENTED_EDGE('',*,*,#8960,.F.);
#8962=EDGE_LOOP('',(#8946,#8951,#8956,#8961));
#8963=FACE_OUTER_BOUND('',#8962,.T.);
#8964=CARTESIAN_POINT('',(12.3643,-0.1667,-1.8));
#8965=AXIS2_PLACEMENT_3D('',#8964,#58,#16);
#8966=PLANE('',#8965);
#8967=ADVANCED_FACE('',(#8963),#8966,.T.);
#8968=VECTOR('',#16,0.4714);
#8969=CARTESIAN_POINT('',(12.3643,-0.1667,0.3));
#8970=LINE('',#8969,#8968);
#8971=EDGE_CURVE('',#8935,#8937,#8970,.T.);
#8972=ORIENTED_EDGE('',*,*,#8971,.T.);
#8973=VECTOR('',#34,0.0833);
#8974=CARTESIAN_POINT('',(12.8357,-0.1667,0.3));
#8975=LINE('',#8974,#8973);
#8976=EDGE_CURVE('',#8937,#8941,#8975,.T.);
#8977=ORIENTED_EDGE('',*,*,#8976,.T.);
#8978=VECTOR('',#16,0.4714);
#8979=CARTESIAN_POINT('',(12.3643,-0.0833,0.3));
#8980=LINE('',#8979,#8978);
#8981=EDGE_CURVE('',#8939,#8941,#8980,.T.);
#8982=ORIENTED_EDGE('',*,*,#8981,.F.);
#8983=VECTOR('',#34,0.0833);
#8984=CARTESIAN_POINT('',(12.3643,-0.1667,0.3));
#8985=LINE('',#8984,#8983);
#8986=EDGE_CURVE('',#8935,#8939,#8985,.T.);
#8987=ORIENTED_EDGE('',*,*,#8986,.F.);
#8988=EDGE_LOOP('',(#8972,#8977,#8982,#8987));
#8989=FACE_OUTER_BOUND('',#8988,.T.);
#8990=CARTESIAN_POINT('',(12.3643,-0.1667,0.3));
#8991=AXIS2_PLACEMENT_3D('',#8990,#15,#16);
#8992=PLANE('',#8991);
#8993=ADVANCED_FACE('',(#8989),#8992,.T.);
#8994=ORIENTED_EDGE('',*,*,#8960,.T.);
#8995=VECTOR('',#15,2.1);
#8996=CARTESIAN_POINT('',(12.8357,-0.1667,-1.8));
#8997=LINE('',#8996,#8995);
#8998=EDGE_CURVE('',#8929,#8937,#8997,.T.);
#8999=ORIENTED_EDGE('',*,*,#8998,.T.);
#9000=ORIENTED_EDGE('',*,*,#8971,.F.);
#9001=VECTOR('',#15,2.1);
#9002=CARTESIAN_POINT('',(12.3643,-0.1667,-1.8));
#9003=LINE('',#9002,#9001);
#9004=EDGE_CURVE('',#8927,#8935,#9003,.T.);
#9005=ORIENTED_EDGE('',*,*,#9004,.F.);
#9006=EDGE_LOOP('',(#8994,#8999,#9000,#9005));
#9007=FACE_OUTER_BOUND('',#9006,.T.);
#9008=CARTESIAN_POINT('',(12.3643,-0.1667,-1.8));
#9009=AXIS2_PLACEMENT_3D('',#9008,#103,#16);
#9010=PLANE('',#9009);
#9011=ADVANCED_FACE('',(#9007),#9010,.T.);
#9012=VECTOR('',#15,2.1);
#9013=CARTESIAN_POINT('',(12.3643,-0.0833,-1.8));
#9014=LINE('',#9013,#9012);
#9015=EDGE_CURVE('',#8931,#8939,#9014,.T.);
#9016=ORIENTED_EDGE('',*,*,#9015,.T.);
#9017=ORIENTED_EDGE('',*,*,#8981,.T.);
#9018=VECTOR('',#15,2.1);
#9019=CARTESIAN_POINT('',(12.8357,-0.0833,-1.8));
#9020=LINE('',#9019,#9018);
#9021=EDGE_CURVE('',#8933,#8941,#9020,.T.);
#9022=ORIENTED_EDGE('',*,*,#9021,.F.);
#9023=ORIENTED_EDGE('',*,*,#8950,.F.);
#9024=EDGE_LOOP('',(#9016,#9017,#9022,#9023));
#9025=FACE_OUTER_BOUND('',#9024,.T.);
#9026=CARTESIAN_POINT('',(12.3643,-0.0833,-1.8));
#9027=AXIS2_PLACEMENT_3D('',#9026,#34,#16);
#9028=PLANE('',#9027);
#9029=ADVANCED_FACE('',(#9025),#9028,.T.);
#9030=ORIENTED_EDGE('',*,*,#9004,.T.);
#9031=ORIENTED_EDGE('',*,*,#8986,.T.);
#9032=ORIENTED_EDGE('',*,*,#9015,.F.);
#9033=ORIENTED_EDGE('',*,*,#8945,.F.);
#9034=EDGE_LOOP('',(#9030,#9031,#9032,#9033));
#9035=FACE_OUTER_BOUND('',#9034,.T.);
#9036=CARTESIAN_POINT('',(12.3643,-0.1667,-1.8));
#9037=AXIS2_PLACEMENT_3D('',#9036,#132,#34);
#9038=PLANE('',#9037);
#9039=ADVANCED_FACE('',(#9035),#9038,.T.);
#9040=ORIENTED_EDGE('',*,*,#8955,.T.);
#9041=ORIENTED_EDGE('',*,*,#9021,.T.);
#9042=ORIENTED_EDGE('',*,*,#8976,.F.);
#9043=ORIENTED_EDGE('',*,*,#8998,.F.);
#9044=EDGE_LOOP('',(#9040,#9041,#9042,#9043));
#9045=FACE_OUTER_BOUND('',#9044,.T.);
#9046=CARTESIAN_POINT('',(12.8357,-0.1667,-1.8));
#9047=AXIS2_PLACEMENT_3D('',#9046,#16,#34);
#9048=PLANE('',#9047);
#9049=ADVANCED_FACE('',(#9045),#9048,.T.);
#9050=CLOSED_SHELL('',(#8967,#8993,#9011,#9029,#9039,#9049));
#9051=MANIFOLD_SOLID_BREP('Conductor_4_4',#9050);
#9052=STYLED_ITEM('color',(#1685),#9051);
#9053=CARTESIAN_POINT('',(12.4137,-0.25,-1.8));
#9054=VERTEX_POINT('',#9053);
#9055=CARTESIAN_POINT('',(12.7863,-0.25,-1.8));
#9056=VERTEX_POINT('',#9055);
#9057=CARTESIAN_POINT('',(12.4137,-0.1667,-1.8));
#9058=VERTEX_POINT('',#9057);
#9059=CARTESIAN_POINT('',(12.7863,-0.1667,-1.8));
#9060=VERTEX_POINT('',#9059);
#9061=CARTESIAN_POINT('',(12.4137,-0.25,0.3));
#9062=VERTEX_POINT('',#9061);
#9063=CARTESIAN_POINT('',(12.7863,-0.25,0.3));
#9064=VERTEX_POINT('',#9063);
#9065=CARTESIAN_POINT('',(12.4137,-0.1667,0.3));
#9066=VERTEX_POINT('',#9065);
#9067=CARTESIAN_POINT('',(12.7863,-0.1667,0.3));
#9068=VERTEX_POINT('',#9067);
#9069=VECTOR('',#34,0.0833);
#9070=CARTESIAN_POINT('',(12.4137,-0.25,-1.8));
#9071=LINE('',#9070,#9069);
#9072=EDGE_CURVE('',#9054,#9058,#9071,.T.);
#9073=ORIENTED_EDGE('',*,*,#9072,.T.);
#9074=VECTOR('',#16,0.3727);
#9075=CARTESIAN_POINT('',(12.4137,-0.1667,-1.8));
#9076=LINE('',#9075,#9074);
#9077=EDGE_CURVE('',#9058,#9060,#9076,.T.);
#9078=ORIENTED_EDGE('',*,*,#9077,.T.);
#9079=VECTOR('',#34,0.0833);
#9080=CARTESIAN_POINT('',(12.7863,-0.25,-1.8));
#9081=LINE('',#9080,#9079);
#9082=EDGE_CURVE('',#9056,#9060,#9081,.T.);
#9083=ORIENTED_EDGE('',*,*,#9082,.F.);
#9084=VECTOR('',#16,0.3727);
#9085=CARTESIAN_POINT('',(12.4137,-0.25,-1.8));
#9086=LINE('',#9085,#9084);
#9087=EDGE_CURVE('',#9054,#9056,#9086,.T.);
#9088=ORIENTED_EDGE('',*,*,#9087,.F.);
#9089=EDGE_LOOP('',(#9073,#9078,#9083,#9088));
#9090=FACE_OUTER_BOUND('',#9089,.T.);
#9091=CARTESIAN_POINT('',(12.4137,-0.25,-1.8));
#9092=AXIS2_PLACEMENT_3D('',#9091,#58,#16);
#9093=PLANE('',#9092);
#9094=ADVANCED_FACE('',(#9090),#9093,.T.);
#9095=VECTOR('',#16,0.3727);
#9096=CARTESIAN_POINT('',(12.4137,-0.25,0.3));
#9097=LINE('',#9096,#9095);
#9098=EDGE_CURVE('',#9062,#9064,#9097,.T.);
#9099=ORIENTED_EDGE('',*,*,#9098,.T.);
#9100=VECTOR('',#34,0.0833);
#9101=CARTESIAN_POINT('',(12.7863,-0.25,0.3));
#9102=LINE('',#9101,#9100);
#9103=EDGE_CURVE('',#9064,#9068,#9102,.T.);
#9104=ORIENTED_EDGE('',*,*,#9103,.T.);
#9105=VECTOR('',#16,0.3727);
#9106=CARTESIAN_POINT('',(12.4137,-0.1667,0.3));
#9107=LINE('',#9106,#9105);
#9108=EDGE_CURVE('',#9066,#9068,#9107,.T.);
#9109=ORIENTED_EDGE('',*,*,#9108,.F.);
#9110=VECTOR('',#34,0.0833);
#9111=CARTESIAN_POINT('',(12.4137,-0.25,0.3));
#9112=LINE('',#9111,#9110);
#9113=EDGE_CURVE('',#9062,#9066,#9112,.T.);
#9114=ORIENTED_EDGE('',*,*,#9113,.F.);
#9115=EDGE_LOOP('',(#9099,#9104,#9109,#9114));
#9116=FACE_OUTER_BOUND('',#9115,.T.);
#9117=CARTESIAN_POINT('',(12.4137,-0.25,0.3));
#9118=AXIS2_PLACEMENT_3D('',#9117,#15,#16);
#9119=PLANE('',#9118);
#9120=ADVANCED_FACE('',(#9116),#9119,.T.);
#9121=ORIENTED_EDGE('',*,*,#9087,.T.);
#9122=VECTOR('',#15,2.1);
#9123=CARTESIAN_POINT('',(12.7863,-0.25,-1.8));
#9124=LINE('',#9123,#9122);
#9125=EDGE_CURVE('',#9056,#9064,#9124,.T.);
#9126=ORIENTED_EDGE('',*,*,#9125,.T.);
#9127=ORIENTED_EDGE('',*,*,#9098,.F.);
#9128=VECTOR('',#15,2.1);
#9129=CARTESIAN_POINT('',(12.4137,-0.25,-1.8));
#9130=LINE('',#9129,#9128);
#9131=EDGE_CURVE('',#9054,#9062,#9130,.T.);
#9132=ORIENTED_EDGE('',*,*,#9131,.F.);
#9133=EDGE_LOOP('',(#9121,#9126,#9127,#9132));
#9134=FACE_OUTER_BOUND('',#9133,.T.);
#9135=CARTESIAN_POINT('',(12.4137,-0.25,-1.8));
#9136=AXIS2_PLACEMENT_3D('',#9135,#103,#16);
#9137=PLANE('',#9136);
#9138=ADVANCED_FACE('',(#9134),#9137,.T.);
#9139=VECTOR('',#15,2.1);
#9140=CARTESIAN_POINT('',(12.4137,-0.1667,-1.8));
#9141=LINE('',#9140,#9139);
#9142=EDGE_CURVE('',#9058,#9066,#9141,.T.);
#9143=ORIENTED_EDGE('',*,*,#9142,.T.);
#9144=ORIENTED_EDGE('',*,*,#9108,.T.);
#9145=VECTOR('',#15,2.1);
#9146=CARTESIAN_POINT('',(12.7863,-0.1667,-1.8));
#9147=LINE('',#9146,#9145);
#9148=EDGE_CURVE('',#9060,#9068,#9147,.T.);
#9149=ORIENTED_EDGE('',*,*,#9148,.F.);
#9150=ORIENTED_EDGE('',*,*,#9077,.F.);
#9151=EDGE_LOOP('',(#9143,#9144,#9149,#9150));
#9152=FACE_OUTER_BOUND('',#9151,.T.);
#9153=CARTESIAN_POINT('',(12.4137,-0.1667,-1.8));
#9154=AXIS2_PLACEMENT_3D('',#9153,#34,#16);
#9155=PLANE('',#9154);
#9156=ADVANCED_FACE('',(#9152),#9155,.T.);
#9157=ORIENTED_EDGE('',*,*,#9131,.T.);
#9158=ORIENTED_EDGE('',*,*,#9113,.T.);
#9159=ORIENTED_EDGE('',*,*,#9142,.F.);
#9160=ORIENTED_EDGE('',*,*,#9072,.F.);
#9161=EDGE_LOOP('',(#9157,#9158,#9159,#9160));
#9162=FACE_OUTER_BOUND('',#9161,.T.);
#9163=CARTESIAN_POINT('',(12.4137,-0.25,-1.8));
#9164=AXIS2_PLACEMENT_3D('',#9163,#132,#34);
#9165=PLANE('',#9164);
#9166=ADVANCED_FACE('',(#9162),#9165,.T.);
#9167=ORIENTED_EDGE('',*,*,#9082,.T.);
#9168=ORIENTED_EDGE('',*,*,#9148,.T.);
#9169=ORIENTED_EDGE('',*,*,#9103,.F.);
#9170=ORIENTED_EDGE('',*,*,#9125,.F.);
#9171=EDGE_LOOP('',(#9167,#9168,#9169,#9170));
#9172=FACE_OUTER_BOUND('',#9171,.T.);
#9173=CARTESIAN_POINT('',(12.7863,-0.25,-1.8));
#9174=AXIS2_PLACEMENT_3D('',#9173,#16,#34);
#9175=PLANE('',#9174);
#9176=ADVANCED_FACE('',(#9172),#9175,.T.);
#9177=CLOSED_SHELL('',(#9094,#9120,#9138,#9156,#9166,#9176));
#9178=MANIFOLD_SOLID_BREP('Conductor_4_5',#9177);
#9179=STYLED_ITEM('color',(#1685),#9178);
#9180=CARTESIAN_POINT('',(16.3301,0.7083,0.3));
#9181=VERTEX_POINT('',#9180);
#9182=CARTESIAN_POINT('',(17.2699,0.7083,0.3));
#9183=VERTEX_POINT('',#9182);
#9184=CARTESIAN_POINT('',(16.3301,0.85,0.3));
#9185=VERTEX_POINT('',#9184);
#9186=CARTESIAN_POINT('',(17.2699,0.85,0.3));
#9187=VERTEX_POINT('',#9186);
#9188=CARTESIAN_POINT('',(16.3301,0.7083,10.));
#9189=VERTEX_POINT('',#9188);
#9190=CARTESIAN_POINT('',(17.2699,0.7083,10.));
#9191=VERTEX_POINT('',#9190);
#9192=CARTESIAN_POINT('',(16.3301,0.85,10.));
#9193=VERTEX_POINT('',#9192);
#9194=CARTESIAN_POINT('',(17.2699,0.85,10.));
#9195=VERTEX_POINT('',#9194);
#9196=VECTOR('',#34,0.1417);
#9197=CARTESIAN_POINT('',(16.3301,0.7083,0.3));
#9198=LINE('',#9197,#9196);
#9199=EDGE_CURVE('',#9181,#9185,#9198,.T.);
#9200=ORIENTED_EDGE('',*,*,#9199,.T.);
#9201=VECTOR('',#16,0.9397);
#9202=CARTESIAN_POINT('',(16.3301,0.85,0.3));
#9203=LINE('',#9202,#9201);
#9204=EDGE_CURVE('',#9185,#9187,#9203,.T.);
#9205=ORIENTED_EDGE('',*,*,#9204,.T.);
#9206=VECTOR('',#34,0.1417);
#9207=CARTESIAN_POINT('',(17.2699,0.7083,0.3));
#9208=LINE('',#9207,#9206);
#9209=EDGE_CURVE('',#9183,#9187,#9208,.T.);
#9210=ORIENTED_EDGE('',*,*,#9209,.F.);
#9211=VECTOR('',#16,0.9397);
#9212=CARTESIAN_POINT('',(16.3301,0.7083,0.3));
#9213=LINE('',#9212,#9211);
#9214=EDGE_CURVE('',#9181,#9183,#9213,.T.);
#9215=ORIENTED_EDGE('',*,*,#9214,.F.);
#9216=EDGE_LOOP('',(#9200,#9205,#9210,#9215));
#9217=FACE_OUTER_BOUND('',#9216,.T.);
#9218=CARTESIAN_POINT('',(16.3301,0.7083,0.3));
#9219=AXIS2_PLACEMENT_3D('',#9218,#58,#16);
#9220=PLANE('',#9219);
#9221=ADVANCED_FACE('',(#9217),#9220,.T.);
#9222=VECTOR('',#16,0.9397);
#9223=CARTESIAN_POINT('',(16.3301,0.7083,10.));
#9224=LINE('',#9223,#9222);
#9225=EDGE_CURVE('',#9189,#9191,#9224,.T.);
#9226=ORIENTED_EDGE('',*,*,#9225,.T.);
#9227=VECTOR('',#34,0.1417);
#9228=CARTESIAN_POINT('',(17.2699,0.7083,10.));
#9229=LINE('',#9228,#9227);
#9230=EDGE_CURVE('',#9191,#9195,#9229,.T.);
#9231=ORIENTED_EDGE('',*,*,#9230,.T.);
#9232=VECTOR('',#16,0.9397);
#9233=CARTESIAN_POINT('',(16.3301,0.85,10.));
#9234=LINE('',#9233,#9232);
#9235=EDGE_CURVE('',#9193,#9195,#9234,.T.);
#9236=ORIENTED_EDGE('',*,*,#9235,.F.);
#9237=VECTOR('',#34,0.1417);
#9238=CARTESIAN_POINT('',(16.3301,0.7083,10.));
#9239=LINE('',#9238,#9237);
#9240=EDGE_CURVE('',#9189,#9193,#9239,.T.);
#9241=ORIENTED_EDGE('',*,*,#9240,.F.);
#9242=EDGE_LOOP('',(#9226,#9231,#9236,#9241));
#9243=FACE_OUTER_BOUND('',#9242,.T.);
#9244=CARTESIAN_POINT('',(16.3301,0.7083,10.));
#9245=AXIS2_PLACEMENT_3D('',#9244,#15,#16);
#9246=PLANE('',#9245);
#9247=ADVANCED_FACE('',(#9243),#9246,.T.);
#9248=ORIENTED_EDGE('',*,*,#9214,.T.);
#9249=VECTOR('',#15,9.7);
#9250=CARTESIAN_POINT('',(17.2699,0.7083,0.3));
#9251=LINE('',#9250,#9249);
#9252=EDGE_CURVE('',#9183,#9191,#9251,.T.);
#9253=ORIENTED_EDGE('',*,*,#9252,.T.);
#9254=ORIENTED_EDGE('',*,*,#9225,.F.);
#9255=VECTOR('',#15,9.7);
#9256=CARTESIAN_POINT('',(16.3301,0.7083,0.3));
#9257=LINE('',#9256,#9255);
#9258=EDGE_CURVE('',#9181,#9189,#9257,.T.);
#9259=ORIENTED_EDGE('',*,*,#9258,.F.);
#9260=EDGE_LOOP('',(#9248,#9253,#9254,#9259));
#9261=FACE_OUTER_BOUND('',#9260,.T.);
#9262=CARTESIAN_POINT('',(16.3301,0.7083,0.3));
#9263=AXIS2_PLACEMENT_3D('',#9262,#103,#16);
#9264=PLANE('',#9263);
#9265=ADVANCED_FACE('',(#9261),#9264,.T.);
#9266=VECTOR('',#15,9.7);
#9267=CARTESIAN_POINT('',(16.3301,0.85,0.3));
#9268=LINE('',#9267,#9266);
#9269=EDGE_CURVE('',#9185,#9193,#9268,.T.);
#9270=ORIENTED_EDGE('',*,*,#9269,.T.);
#9271=ORIENTED_EDGE('',*,*,#9235,.T.);
#9272=VECTOR('',#15,9.7);
#9273=CARTESIAN_POINT('',(17.2699,0.85,0.3));
#9274=LINE('',#9273,#9272);
#9275=EDGE_CURVE('',#9187,#9195,#9274,.T.);
#9276=ORIENTED_EDGE('',*,*,#9275,.F.);
#9277=ORIENTED_EDGE('',*,*,#9204,.F.);
#9278=EDGE_LOOP('',(#9270,#9271,#9276,#9277));
#9279=FACE_OUTER_BOUND('',#9278,.T.);
#9280=CARTESIAN_POINT('',(16.3301,0.85,0.3));
#9281=AXIS2_PLACEMENT_3D('',#9280,#34,#16);
#9282=PLANE('',#9281);
#9283=ADVANCED_FACE('',(#9279),#9282,.T.);
#9284=ORIENTED_EDGE('',*,*,#9258,.T.);
#9285=ORIENTED_EDGE('',*,*,#9240,.T.);
#9286=ORIENTED_EDGE('',*,*,#9269,.F.);
#9287=ORIENTED_EDGE('',*,*,#9199,.F.);
#9288=EDGE_LOOP('',(#9284,#9285,#9286,#9287));
#9289=FACE_OUTER_BOUND('',#9288,.T.);
#9290=CARTESIAN_POINT('',(16.3301,0.7083,0.3));
#9291=AXIS2_PLACEMENT_3D('',#9290,#132,#34);
#9292=PLANE('',#9291);
#9293=ADVANCED_FACE('',(#9289),#9292,.T.);
#9294=ORIENTED_EDGE('',*,*,#9209,.T.);
#9295=ORIENTED_EDGE('',*,*,#9275,.T.);
#9296=ORIENTED_EDGE('',*,*,#9230,.F.);
#9297=ORIENTED_EDGE('',*,*,#9252,.F.);
#9298=EDGE_LOOP('',(#9294,#9295,#9296,#9297));
#9299=FACE_OUTER_BOUND('',#9298,.T.);
#9300=CARTESIAN_POINT('',(17.2699,0.7083,0.3));
#9301=AXIS2_PLACEMENT_3D('',#9300,#16,#34);
#9302=PLANE('',#9301);
#9303=ADVANCED_FACE('',(#9299),#9302,.T.);
#9304=CLOSED_SHELL('',(#9221,#9247,#9265,#9283,#9293,#9303));
#9305=MANIFOLD_SOLID_BREP('Wire_5_0',#9304);
#9306=STYLED_ITEM('color',(#154),#9305);
#9307=CARTESIAN_POINT('',(16.1664,0.5667,0.3));
#9308=VERTEX_POINT('',#9307);
#9309=CARTESIAN_POINT('',(17.4336,0.5667,0.3));
#9310=VERTEX_POINT('',#9309);
#9311=CARTESIAN_POINT('',(16.1664,0.7083,0.3));
#9312=VERTEX_POINT('',#9311);
#9313=CARTESIAN_POINT('',(17.4336,0.7083,0.3));
#9314=VERTEX_POINT('',#9313);
#9315=CARTESIAN_POINT('',(16.1664,0.5667,10.));
#9316=VERTEX_POINT('',#9315);
#9317=CARTESIAN_POINT('',(17.4336,0.5667,10.));
#9318=VERTEX_POINT('',#9317);
#9319=CARTESIAN_POINT('',(16.1664,0.7083,10.));
#9320=VERTEX_POINT('',#9319);
#9321=CARTESIAN_POINT('',(17.4336,0.7083,10.));
#9322=VERTEX_POINT('',#9321);
#9323=VECTOR('',#34,0.1417);
#9324=CARTESIAN_POINT('',(16.1664,0.5667,0.3));
#9325=LINE('',#9324,#9323);
#9326=EDGE_CURVE('',#9308,#9312,#9325,.T.);
#9327=ORIENTED_EDGE('',*,*,#9326,.T.);
#9328=VECTOR('',#16,1.2671);
#9329=CARTESIAN_POINT('',(16.1664,0.7083,0.3));
#9330=LINE('',#9329,#9328);
#9331=EDGE_CURVE('',#9312,#9314,#9330,.T.);
#9332=ORIENTED_EDGE('',*,*,#9331,.T.);
#9333=VECTOR('',#34,0.1417);
#9334=CARTESIAN_POINT('',(17.4336,0.5667,0.3));
#9335=LINE('',#9334,#9333);
#9336=EDGE_CURVE('',#9310,#9314,#9335,.T.);
#9337=ORIENTED_EDGE('',*,*,#9336,.F.);
#9338=VECTOR('',#16,1.2671);
#9339=CARTESIAN_POINT('',(16.1664,0.5667,0.3));
#9340=LINE('',#9339,#9338);
#9341=EDGE_CURVE('',#9308,#9310,#9340,.T.);
#9342=ORIENTED_EDGE('',*,*,#9341,.F.);
#9343=EDGE_LOOP('',(#9327,#9332,#9337,#9342));
#9344=FACE_OUTER_BOUND('',#9343,.T.);
#9345=CARTESIAN_POINT('',(16.1664,0.5667,0.3));
#9346=AXIS2_PLACEMENT_3D('',#9345,#58,#16);
#9347=PLANE('',#9346);
#9348=ADVANCED_FACE('',(#9344),#9347,.T.);
#9349=VECTOR('',#16,1.2671);
#9350=CARTESIAN_POINT('',(16.1664,0.5667,10.));
#9351=LINE('',#9350,#9349);
#9352=EDGE_CURVE('',#9316,#9318,#9351,.T.);
#9353=ORIENTED_EDGE('',*,*,#9352,.T.);
#9354=VECTOR('',#34,0.1417);
#9355=CARTESIAN_POINT('',(17.4336,0.5667,10.));
#9356=LINE('',#9355,#9354);
#9357=EDGE_CURVE('',#9318,#9322,#9356,.T.);
#9358=ORIENTED_EDGE('',*,*,#9357,.T.);
#9359=VECTOR('',#16,1.2671);
#9360=CARTESIAN_POINT('',(16.1664,0.7083,10.));
#9361=LINE('',#9360,#9359);
#9362=EDGE_CURVE('',#9320,#9322,#9361,.T.);
#9363=ORIENTED_EDGE('',*,*,#9362,.F.);
#9364=VECTOR('',#34,0.1417);
#9365=CARTESIAN_POINT('',(16.1664,0.5667,10.));
#9366=LINE('',#9365,#9364);
#9367=EDGE_CURVE('',#9316,#9320,#9366,.T.);
#9368=ORIENTED_EDGE('',*,*,#9367,.F.);
#9369=EDGE_LOOP('',(#9353,#9358,#9363,#9368));
#9370=FACE_OUTER_BOUND('',#9369,.T.);
#9371=CARTESIAN_POINT('',(16.1664,0.5667,10.));
#9372=AXIS2_PLACEMENT_3D('',#9371,#15,#16);
#9373=PLANE('',#9372);
#9374=ADVANCED_FACE('',(#9370),#9373,.T.);
#9375=ORIENTED_EDGE('',*,*,#9341,.T.);
#9376=VECTOR('',#15,9.7);
#9377=CARTESIAN_POINT('',(17.4336,0.5667,0.3));
#9378=LINE('',#9377,#9376);
#9379=EDGE_CURVE('',#9310,#9318,#9378,.T.);
#9380=ORIENTED_EDGE('',*,*,#9379,.T.);
#9381=ORIENTED_EDGE('',*,*,#9352,.F.);
#9382=VECTOR('',#15,9.7);
#9383=CARTESIAN_POINT('',(16.1664,0.5667,0.3));
#9384=LINE('',#9383,#9382);
#9385=EDGE_CURVE('',#9308,#9316,#9384,.T.);
#9386=ORIENTED_EDGE('',*,*,#9385,.F.);
#9387=EDGE_LOOP('',(#9375,#9380,#9381,#9386));
#9388=FACE_OUTER_BOUND('',#9387,.T.);
#9389=CARTESIAN_POINT('',(16.1664,0.5667,0.3));
#9390=AXIS2_PLACEMENT_3D('',#9389,#103,#16);
#9391=PLANE('',#9390);
#9392=ADVANCED_FACE('',(#9388),#9391,.T.);
#9393=VECTOR('',#15,9.7);
#9394=CARTESIAN_POINT('',(16.1664,0.7083,0.3));
#9395=LINE('',#9394,#9393);
#9396=EDGE_CURVE('',#9312,#9320,#9395,.T.);
#9397=ORIENTED_EDGE('',*,*,#9396,.T.);
#9398=ORIENTED_EDGE('',*,*,#9362,.T.);
#9399=VECTOR('',#15,9.7);
#9400=CARTESIAN_POINT('',(17.4336,0.7083,0.3));
#9401=LINE('',#9400,#9399);
#9402=EDGE_CURVE('',#9314,#9322,#9401,.T.);
#9403=ORIENTED_EDGE('',*,*,#9402,.F.);
#9404=ORIENTED_EDGE('',*,*,#9331,.F.);
#9405=EDGE_LOOP('',(#9397,#9398,#9403,#9404));
#9406=FACE_OUTER_BOUND('',#9405,.T.);
#9407=CARTESIAN_POINT('',(16.1664,0.7083,0.3));
#9408=AXIS2_PLACEMENT_3D('',#9407,#34,#16);
#9409=PLANE('',#9408);
#9410=ADVANCED_FACE('',(#9406),#9409,.T.);
#9411=ORIENTED_EDGE('',*,*,#9385,.T.);
#9412=ORIENTED_EDGE('',*,*,#9367,.T.);
#9413=ORIENTED_EDGE('',*,*,#9396,.F.);
#9414=ORIENTED_EDGE('',*,*,#9326,.F.);
#9415=EDGE_LOOP('',(#9411,#9412,#9413,#9414));
#9416=FACE_OUTER_BOUND('',#9415,.T.);
#9417=CARTESIAN_POINT('',(16.1664,0.5667,0.3));
#9418=AXIS2_PLACEMENT_3D('',#9417,#132,#34);
#9419=PLANE('',#9418);
#9420=ADVANCED_FACE('',(#9416),#9419,.T.);
#9421=ORIENTED_EDGE('',*,*,#9336,.T.);
#9422=ORIENTED_EDGE('',*,*,#9402,.T.);
#9423=ORIENTED_EDGE('',*,*,#9357,.F.);
#9424=ORIENTED_EDGE('',*,*,#9379,.F.);
#9425=EDGE_LOOP('',(#9421,#9422,#9423,#9424));
#9426=FACE_OUTER_BOUND('',#9425,.T.);
#9427=CARTESIAN_POINT('',(17.4336,0.5667,0.3));
#9428=AXIS2_PLACEMENT_3D('',#9427,#16,#34);
#9429=PLANE('',#9428);
#9430=ADVANCED_FACE('',(#9426),#9429,.T.);
#9431=CLOSED_SHELL('',(#9348,#9374,#9392,#9410,#9420,#9430));
#9432=MANIFOLD_SOLID_BREP('Wire_5_1',#9431);
#9433=STYLED_ITEM('color',(#154),#9432);
#9434=CARTESIAN_POINT('',(16.0639,0.425,0.3));
#9435=VERTEX_POINT('',#9434);
#9436=CARTESIAN_POINT('',(17.5361,0.425,0.3));
#9437=VERTEX_POINT('',#9436);
#9438=CARTESIAN_POINT('',(16.0639,0.5667,0.3));
#9439=VERTEX_POINT('',#9438);
#9440=CARTESIAN_POINT('',(17.5361,0.5667,0.3));
#9441=VERTEX_POINT('',#9440);
#9442=CARTESIAN_POINT('',(16.0639,0.425,10.));
#9443=VERTEX_POINT('',#9442);
#9444=CARTESIAN_POINT('',(17.5361,0.425,10.));
#9445=VERTEX_POINT('',#9444);
#9446=CARTESIAN_POINT('',(16.0639,0.5667,10.));
#9447=VERTEX_POINT('',#9446);
#9448=CARTESIAN_POINT('',(17.5361,0.5667,10.));
#9449=VERTEX_POINT('',#9448);
#9450=VECTOR('',#34,0.1417);
#9451=CARTESIAN_POINT('',(16.0639,0.425,0.3));
#9452=LINE('',#9451,#9450);
#9453=EDGE_CURVE('',#9435,#9439,#9452,.T.);
#9454=ORIENTED_EDGE('',*,*,#9453,.T.);
#9455=VECTOR('',#16,1.4722);
#9456=CARTESIAN_POINT('',(16.0639,0.5667,0.3));
#9457=LINE('',#9456,#9455);
#9458=EDGE_CURVE('',#9439,#9441,#9457,.T.);
#9459=ORIENTED_EDGE('',*,*,#9458,.T.);
#9460=VECTOR('',#34,0.1417);
#9461=CARTESIAN_POINT('',(17.5361,0.425,0.3));
#9462=LINE('',#9461,#9460);
#9463=EDGE_CURVE('',#9437,#9441,#9462,.T.);
#9464=ORIENTED_EDGE('',*,*,#9463,.F.);
#9465=VECTOR('',#16,1.4722);
#9466=CARTESIAN_POINT('',(16.0639,0.425,0.3));
#9467=LINE('',#9466,#9465);
#9468=EDGE_CURVE('',#9435,#9437,#9467,.T.);
#9469=ORIENTED_EDGE('',*,*,#9468,.F.);
#9470=EDGE_LOOP('',(#9454,#9459,#9464,#9469));
#9471=FACE_OUTER_BOUND('',#9470,.T.);
#9472=CARTESIAN_POINT('',(16.0639,0.425,0.3));
#9473=AXIS2_PLACEMENT_3D('',#9472,#58,#16);
#9474=PLANE('',#9473);
#9475=ADVANCED_FACE('',(#9471),#9474,.T.);
#9476=VECTOR('',#16,1.4722);
#9477=CARTESIAN_POINT('',(16.0639,0.425,10.));
#9478=LINE('',#9477,#9476);
#9479=EDGE_CURVE('',#9443,#9445,#9478,.T.);
#9480=ORIENTED_EDGE('',*,*,#9479,.T.);
#9481=VECTOR('',#34,0.1417);
#9482=CARTESIAN_POINT('',(17.5361,0.425,10.));
#9483=LINE('',#9482,#9481);
#9484=EDGE_CURVE('',#9445,#9449,#9483,.T.);
#9485=ORIENTED_EDGE('',*,*,#9484,.T.);
#9486=VECTOR('',#16,1.4722);
#9487=CARTESIAN_POINT('',(16.0639,0.5667,10.));
#9488=LINE('',#9487,#9486);
#9489=EDGE_CURVE('',#9447,#9449,#9488,.T.);
#9490=ORIENTED_EDGE('',*,*,#9489,.F.);
#9491=VECTOR('',#34,0.1417);
#9492=CARTESIAN_POINT('',(16.0639,0.425,10.));
#9493=LINE('',#9492,#9491);
#9494=EDGE_CURVE('',#9443,#9447,#9493,.T.);
#9495=ORIENTED_EDGE('',*,*,#9494,.F.);
#9496=EDGE_LOOP('',(#9480,#9485,#9490,#9495));
#9497=FACE_OUTER_BOUND('',#9496,.T.);
#9498=CARTESIAN_POINT('',(16.0639,0.425,10.));
#9499=AXIS2_PLACEMENT_3D('',#9498,#15,#16);
#9500=PLANE('',#9499);
#9501=ADVANCED_FACE('',(#9497),#9500,.T.);
#9502=ORIENTED_EDGE('',*,*,#9468,.T.);
#9503=VECTOR('',#15,9.7);
#9504=CARTESIAN_POINT('',(17.5361,0.425,0.3));
#9505=LINE('',#9504,#9503);
#9506=EDGE_CURVE('',#9437,#9445,#9505,.T.);
#9507=ORIENTED_EDGE('',*,*,#9506,.T.);
#9508=ORIENTED_EDGE('',*,*,#9479,.F.);
#9509=VECTOR('',#15,9.7);
#9510=CARTESIAN_POINT('',(16.0639,0.425,0.3));
#9511=LINE('',#9510,#9509);
#9512=EDGE_CURVE('',#9435,#9443,#9511,.T.);
#9513=ORIENTED_EDGE('',*,*,#9512,.F.);
#9514=EDGE_LOOP('',(#9502,#9507,#9508,#9513));
#9515=FACE_OUTER_BOUND('',#9514,.T.);
#9516=CARTESIAN_POINT('',(16.0639,0.425,0.3));
#9517=AXIS2_PLACEMENT_3D('',#9516,#103,#16);
#9518=PLANE('',#9517);
#9519=ADVANCED_FACE('',(#9515),#9518,.T.);
#9520=VECTOR('',#15,9.7);
#9521=CARTESIAN_POINT('',(16.0639,0.5667,0.3));
#9522=LINE('',#9521,#9520);
#9523=EDGE_CURVE('',#9439,#9447,#9522,.T.);
#9524=ORIENTED_EDGE('',*,*,#9523,.T.);
#9525=ORIENTED_EDGE('',*,*,#9489,.T.);
#9526=VECTOR('',#15,9.7);
#9527=CARTESIAN_POINT('',(17.5361,0.5667,0.3));
#9528=LINE('',#9527,#9526);
#9529=EDGE_CURVE('',#9441,#9449,#9528,.T.);
#9530=ORIENTED_EDGE('',*,*,#9529,.F.);
#9531=ORIENTED_EDGE('',*,*,#9458,.F.);
#9532=EDGE_LOOP('',(#9524,#9525,#9530,#9531));
#9533=FACE_OUTER_BOUND('',#9532,.T.);
#9534=CARTESIAN_POINT('',(16.0639,0.5667,0.3));
#9535=AXIS2_PLACEMENT_3D('',#9534,#34,#16);
#9536=PLANE('',#9535);
#9537=ADVANCED_FACE('',(#9533),#9536,.T.);
#9538=ORIENTED_EDGE('',*,*,#9512,.T.);
#9539=ORIENTED_EDGE('',*,*,#9494,.T.);
#9540=ORIENTED_EDGE('',*,*,#9523,.F.);
#9541=ORIENTED_EDGE('',*,*,#9453,.F.);
#9542=EDGE_LOOP('',(#9538,#9539,#9540,#9541));
#9543=FACE_OUTER_BOUND('',#9542,.T.);
#9544=CARTESIAN_POINT('',(16.0639,0.425,0.3));
#9545=AXIS2_PLACEMENT_3D('',#9544,#132,#34);
#9546=PLANE('',#9545);
#9547=ADVANCED_FACE('',(#9543),#9546,.T.);
#9548=ORIENTED_EDGE('',*,*,#9463,.T.);
#9549=ORIENTED_EDGE('',*,*,#9529,.T.);
#9550=ORIENTED_EDGE('',*,*,#9484,.F.);
#9551=ORIENTED_EDGE('',*,*,#9506,.F.);
#9552=EDGE_LOOP('',(#9548,#9549,#9550,#9551));
#9553=FACE_OUTER_BOUND('',#9552,.T.);
#9554=CARTESIAN_POINT('',(17.5361,0.425,0.3));
#9555=AXIS2_PLACEMENT_3D('',#9554,#16,#34);
#9556=PLANE('',#9555);
#9557=ADVANCED_FACE('',(#9553),#9556,.T.);
#9558=CLOSED_SHELL('',(#9475,#9501,#9519,#9537,#9547,#9557));
#9559=MANIFOLD_SOLID_BREP('Wire_5_2',#9558);
#9560=STYLED_ITEM('color',(#154),#9559);
#9561=CARTESIAN_POINT('',(15.9986,0.2833,0.3));
#9562=VERTEX_POINT('',#9561);
#9563=CARTESIAN_POINT('',(17.6014,0.2833,0.3));
#9564=VERTEX_POINT('',#9563);
#9565=CARTESIAN_POINT('',(15.9986,0.425,0.3));
#9566=VERTEX_POINT('',#9565);
#9567=CARTESIAN_POINT('',(17.6014,0.425,0.3));
#9568=VERTEX_POINT('',#9567);
#9569=CARTESIAN_POINT('',(15.9986,0.2833,10.));
#9570=VERTEX_POINT('',#9569);
#9571=CARTESIAN_POINT('',(17.6014,0.2833,10.));
#9572=VERTEX_POINT('',#9571);
#9573=CARTESIAN_POINT('',(15.9986,0.425,10.));
#9574=VERTEX_POINT('',#9573);
#9575=CARTESIAN_POINT('',(17.6014,0.425,10.));
#9576=VERTEX_POINT('',#9575);
#9577=VECTOR('',#34,0.1417);
#9578=CARTESIAN_POINT('',(15.9986,0.2833,0.3));
#9579=LINE('',#9578,#9577);
#9580=EDGE_CURVE('',#9562,#9566,#9579,.T.);
#9581=ORIENTED_EDGE('',*,*,#9580,.T.);
#9582=VECTOR('',#16,1.6028);
#9583=CARTESIAN_POINT('',(15.9986,0.425,0.3));
#9584=LINE('',#9583,#9582);
#9585=EDGE_CURVE('',#9566,#9568,#9584,.T.);
#9586=ORIENTED_EDGE('',*,*,#9585,.T.);
#9587=VECTOR('',#34,0.1417);
#9588=CARTESIAN_POINT('',(17.6014,0.2833,0.3));
#9589=LINE('',#9588,#9587);
#9590=EDGE_CURVE('',#9564,#9568,#9589,.T.);
#9591=ORIENTED_EDGE('',*,*,#9590,.F.);
#9592=VECTOR('',#16,1.6028);
#9593=CARTESIAN_POINT('',(15.9986,0.2833,0.3));
#9594=LINE('',#9593,#9592);
#9595=EDGE_CURVE('',#9562,#9564,#9594,.T.);
#9596=ORIENTED_EDGE('',*,*,#9595,.F.);
#9597=EDGE_LOOP('',(#9581,#9586,#9591,#9596));
#9598=FACE_OUTER_BOUND('',#9597,.T.);
#9599=CARTESIAN_POINT('',(15.9986,0.2833,0.3));
#9600=AXIS2_PLACEMENT_3D('',#9599,#58,#16);
#9601=PLANE('',#9600);
#9602=ADVANCED_FACE('',(#9598),#9601,.T.);
#9603=VECTOR('',#16,1.6028);
#9604=CARTESIAN_POINT('',(15.9986,0.2833,10.));
#9605=LINE('',#9604,#9603);
#9606=EDGE_CURVE('',#9570,#9572,#9605,.T.);
#9607=ORIENTED_EDGE('',*,*,#9606,.T.);
#9608=VECTOR('',#34,0.1417);
#9609=CARTESIAN_POINT('',(17.6014,0.2833,10.));
#9610=LINE('',#9609,#9608);
#9611=EDGE_CURVE('',#9572,#9576,#9610,.T.);
#9612=ORIENTED_EDGE('',*,*,#9611,.T.);
#9613=VECTOR('',#16,1.6028);
#9614=CARTESIAN_POINT('',(15.9986,0.425,10.));
#9615=LINE('',#9614,#9613);
#9616=EDGE_CURVE('',#9574,#9576,#9615,.T.);
#9617=ORIENTED_EDGE('',*,*,#9616,.F.);
#9618=VECTOR('',#34,0.1417);
#9619=CARTESIAN_POINT('',(15.9986,0.2833,10.));
#9620=LINE('',#9619,#9618);
#9621=EDGE_CURVE('',#9570,#9574,#9620,.T.);
#9622=ORIENTED_EDGE('',*,*,#9621,.F.);
#9623=EDGE_LOOP('',(#9607,#9612,#9617,#9622));
#9624=FACE_OUTER_BOUND('',#9623,.T.);
#9625=CARTESIAN_POINT('',(15.9986,0.2833,10.));
#9626=AXIS2_PLACEMENT_3D('',#9625,#15,#16);
#9627=PLANE('',#9626);
#9628=ADVANCED_FACE('',(#9624),#9627,.T.);
#9629=ORIENTED_EDGE('',*,*,#9595,.T.);
#9630=VECTOR('',#15,9.7);
#9631=CARTESIAN_POINT('',(17.6014,0.2833,0.3));
#9632=LINE('',#9631,#9630);
#9633=EDGE_CURVE('',#9564,#9572,#9632,.T.);
#9634=ORIENTED_EDGE('',*,*,#9633,.T.);
#9635=ORIENTED_EDGE('',*,*,#9606,.F.);
#9636=VECTOR('',#15,9.7);
#9637=CARTESIAN_POINT('',(15.9986,0.2833,0.3));
#9638=LINE('',#9637,#9636);
#9639=EDGE_CURVE('',#9562,#9570,#9638,.T.);
#9640=ORIENTED_EDGE('',*,*,#9639,.F.);
#9641=EDGE_LOOP('',(#9629,#9634,#9635,#9640));
#9642=FACE_OUTER_BOUND('',#9641,.T.);
#9643=CARTESIAN_POINT('',(15.9986,0.2833,0.3));
#9644=AXIS2_PLACEMENT_3D('',#9643,#103,#16);
#9645=PLANE('',#9644);
#9646=ADVANCED_FACE('',(#9642),#9645,.T.);
#9647=VECTOR('',#15,9.7);
#9648=CARTESIAN_POINT('',(15.9986,0.425,0.3));
#9649=LINE('',#9648,#9647);
#9650=EDGE_CURVE('',#9566,#9574,#9649,.T.);
#9651=ORIENTED_EDGE('',*,*,#9650,.T.);
#9652=ORIENTED_EDGE('',*,*,#9616,.T.);
#9653=VECTOR('',#15,9.7);
#9654=CARTESIAN_POINT('',(17.6014,0.425,0.3));
#9655=LINE('',#9654,#9653);
#9656=EDGE_CURVE('',#9568,#9576,#9655,.T.);
#9657=ORIENTED_EDGE('',*,*,#9656,.F.);
#9658=ORIENTED_EDGE('',*,*,#9585,.F.);
#9659=EDGE_LOOP('',(#9651,#9652,#9657,#9658));
#9660=FACE_OUTER_BOUND('',#9659,.T.);
#9661=CARTESIAN_POINT('',(15.9986,0.425,0.3));
#9662=AXIS2_PLACEMENT_3D('',#9661,#34,#16);
#9663=PLANE('',#9662);
#9664=ADVANCED_FACE('',(#9660),#9663,.T.);
#9665=ORIENTED_EDGE('',*,*,#9639,.T.);
#9666=ORIENTED_EDGE('',*,*,#9621,.T.);
#9667=ORIENTED_EDGE('',*,*,#9650,.F.);
#9668=ORIENTED_EDGE('',*,*,#9580,.F.);
#9669=EDGE_LOOP('',(#9665,#9666,#9667,#9668));
#9670=FACE_OUTER_BOUND('',#9669,.T.);
#9671=CARTESIAN_POINT('',(15.9986,0.2833,0.3));
#9672=AXIS2_PLACEMENT_3D('',#9671,#132,#34);
#9673=PLANE('',#9672);
#9674=ADVANCED_FACE('',(#9670),#9673,.T.);
#9675=ORIENTED_EDGE('',*,*,#9590,.T.);
#9676=ORIENTED_EDGE('',*,*,#9656,.T.);
#9677=ORIENTED_EDGE('',*,*,#9611,.F.);
#9678=ORIENTED_EDGE('',*,*,#9633,.F.);
#9679=EDGE_LOOP('',(#9675,#9676,#9677,#9678));
#9680=FACE_OUTER_BOUND('',#9679,.T.);
#9681=CARTESIAN_POINT('',(17.6014,0.2833,0.3));
#9682=AXIS2_PLACEMENT_3D('',#9681,#16,#34);
#9683=PLANE('',#9682);
#9684=ADVANCED_FACE('',(#9680),#9683,.T.);
#9685=CLOSED_SHELL('',(#9602,#9628,#9646,#9664,#9674,#9684));
#9686=MANIFOLD_SOLID_BREP('Wire_5_3',#9685);
#9687=STYLED_ITEM('color',(#154),#9686);
#9688=CARTESIAN_POINT('',(15.9619,0.1417,0.3));
#9689=VERTEX_POINT('',#9688);
#9690=CARTESIAN_POINT('',(17.6381,0.1417,0.3));
#9691=VERTEX_POINT('',#9690);
#9692=CARTESIAN_POINT('',(15.9619,0.2833,0.3));
#9693=VERTEX_POINT('',#9692);
#9694=CARTESIAN_POINT('',(17.6381,0.2833,0.3));
#9695=VERTEX_POINT('',#9694);
#9696=CARTESIAN_POINT('',(15.9619,0.1417,10.));
#9697=VERTEX_POINT('',#9696);
#9698=CARTESIAN_POINT('',(17.6381,0.1417,10.));
#9699=VERTEX_POINT('',#9698);
#9700=CARTESIAN_POINT('',(15.9619,0.2833,10.));
#9701=VERTEX_POINT('',#9700);
#9702=CARTESIAN_POINT('',(17.6381,0.2833,10.));
#9703=VERTEX_POINT('',#9702);
#9704=VECTOR('',#34,0.1417);
#9705=CARTESIAN_POINT('',(15.9619,0.1417,0.3));
#9706=LINE('',#9705,#9704);
#9707=EDGE_CURVE('',#9689,#9693,#9706,.T.);
#9708=ORIENTED_EDGE('',*,*,#9707,.T.);
#9709=VECTOR('',#16,1.6762);
#9710=CARTESIAN_POINT('',(15.9619,0.2833,0.3));
#9711=LINE('',#9710,#9709);
#9712=EDGE_CURVE('',#9693,#9695,#9711,.T.);
#9713=ORIENTED_EDGE('',*,*,#9712,.T.);
#9714=VECTOR('',#34,0.1417);
#9715=CARTESIAN_POINT('',(17.6381,0.1417,0.3));
#9716=LINE('',#9715,#9714);
#9717=EDGE_CURVE('',#9691,#9695,#9716,.T.);
#9718=ORIENTED_EDGE('',*,*,#9717,.F.);
#9719=VECTOR('',#16,1.6762);
#9720=CARTESIAN_POINT('',(15.9619,0.1417,0.3));
#9721=LINE('',#9720,#9719);
#9722=EDGE_CURVE('',#9689,#9691,#9721,.T.);
#9723=ORIENTED_EDGE('',*,*,#9722,.F.);
#9724=EDGE_LOOP('',(#9708,#9713,#9718,#9723));
#9725=FACE_OUTER_BOUND('',#9724,.T.);
#9726=CARTESIAN_POINT('',(15.9619,0.1417,0.3));
#9727=AXIS2_PLACEMENT_3D('',#9726,#58,#16);
#9728=PLANE('',#9727);
#9729=ADVANCED_FACE('',(#9725),#9728,.T.);
#9730=VECTOR('',#16,1.6762);
#9731=CARTESIAN_POINT('',(15.9619,0.1417,10.));
#9732=LINE('',#9731,#9730);
#9733=EDGE_CURVE('',#9697,#9699,#9732,.T.);
#9734=ORIENTED_EDGE('',*,*,#9733,.T.);
#9735=VECTOR('',#34,0.1417);
#9736=CARTESIAN_POINT('',(17.6381,0.1417,10.));
#9737=LINE('',#9736,#9735);
#9738=EDGE_CURVE('',#9699,#9703,#9737,.T.);
#9739=ORIENTED_EDGE('',*,*,#9738,.T.);
#9740=VECTOR('',#16,1.6762);
#9741=CARTESIAN_POINT('',(15.9619,0.2833,10.));
#9742=LINE('',#9741,#9740);
#9743=EDGE_CURVE('',#9701,#9703,#9742,.T.);
#9744=ORIENTED_EDGE('',*,*,#9743,.F.);
#9745=VECTOR('',#34,0.1417);
#9746=CARTESIAN_POINT('',(15.9619,0.1417,10.));
#9747=LINE('',#9746,#9745);
#9748=EDGE_CURVE('',#9697,#9701,#9747,.T.);
#9749=ORIENTED_EDGE('',*,*,#9748,.F.);
#9750=EDGE_LOOP('',(#9734,#9739,#9744,#9749));
#9751=FACE_OUTER_BOUND('',#9750,.T.);
#9752=CARTESIAN_POINT('',(15.9619,0.1417,10.));
#9753=AXIS2_PLACEMENT_3D('',#9752,#15,#16);
#9754=PLANE('',#9753);
#9755=ADVANCED_FACE('',(#9751),#9754,.T.);
#9756=ORIENTED_EDGE('',*,*,#9722,.T.);
#9757=VECTOR('',#15,9.7);
#9758=CARTESIAN_POINT('',(17.6381,0.1417,0.3));
#9759=LINE('',#9758,#9757);
#9760=EDGE_CURVE('',#9691,#9699,#9759,.T.);
#9761=ORIENTED_EDGE('',*,*,#9760,.T.);
#9762=ORIENTED_EDGE('',*,*,#9733,.F.);
#9763=VECTOR('',#15,9.7);
#9764=CARTESIAN_POINT('',(15.9619,0.1417,0.3));
#9765=LINE('',#9764,#9763);
#9766=EDGE_CURVE('',#9689,#9697,#9765,.T.);
#9767=ORIENTED_EDGE('',*,*,#9766,.F.);
#9768=EDGE_LOOP('',(#9756,#9761,#9762,#9767));
#9769=FACE_OUTER_BOUND('',#9768,.T.);
#9770=CARTESIAN_POINT('',(15.9619,0.1417,0.3));
#9771=AXIS2_PLACEMENT_3D('',#9770,#103,#16);
#9772=PLANE('',#9771);
#9773=ADVANCED_FACE('',(#9769),#9772,.T.);
#9774=VECTOR('',#15,9.7);
#9775=CARTESIAN_POINT('',(15.9619,0.2833,0.3));
#9776=LINE('',#9775,#9774);
#9777=EDGE_CURVE('',#9693,#9701,#9776,.T.);
#9778=ORIENTED_EDGE('',*,*,#9777,.T.);
#9779=ORIENTED_EDGE('',*,*,#9743,.T.);
#9780=VECTOR('',#15,9.7);
#9781=CARTESIAN_POINT('',(17.6381,0.2833,0.3));
#9782=LINE('',#9781,#9780);
#9783=EDGE_CURVE('',#9695,#9703,#9782,.T.);
#9784=ORIENTED_EDGE('',*,*,#9783,.F.);
#9785=ORIENTED_EDGE('',*,*,#9712,.F.);
#9786=EDGE_LOOP('',(#9778,#9779,#9784,#9785));
#9787=FACE_OUTER_BOUND('',#9786,.T.);
#9788=CARTESIAN_POINT('',(15.9619,0.2833,0.3));
#9789=AXIS2_PLACEMENT_3D('',#9788,#34,#16);
#9790=PLANE('',#9789);
#9791=ADVANCED_FACE('',(#9787),#9790,.T.);
#9792=ORIENTED_EDGE('',*,*,#9766,.T.);
#9793=ORIENTED_EDGE('',*,*,#9748,.T.);
#9794=ORIENTED_EDGE('',*,*,#9777,.F.);
#9795=ORIENTED_EDGE('',*,*,#9707,.F.);
#9796=EDGE_LOOP('',(#9792,#9793,#9794,#9795));
#9797=FACE_OUTER_BOUND('',#9796,.T.);
#9798=CARTESIAN_POINT('',(15.9619,0.1417,0.3));
#9799=AXIS2_PLACEMENT_3D('',#9798,#132,#34);
#9800=PLANE('',#9799);
#9801=ADVANCED_FACE('',(#9797),#9800,.T.);
#9802=ORIENTED_EDGE('',*,*,#9717,.T.);
#9803=ORIENTED_EDGE('',*,*,#9783,.T.);
#9804=ORIENTED_EDGE('',*,*,#9738,.F.);
#9805=ORIENTED_EDGE('',*,*,#9760,.F.);
#9806=EDGE_LOOP('',(#9802,#9803,#9804,#9805));
#9807=FACE_OUTER_BOUND('',#9806,.T.);
#9808=CARTESIAN_POINT('',(17.6381,0.1417,0.3));
#9809=AXIS2_PLACEMENT_3D('',#9808,#16,#34);
#9810=PLANE('',#9809);
#9811=ADVANCED_FACE('',(#9807),#9810,.T.);
#9812=CLOSED_SHELL('',(#9729,#9755,#9773,#9791,#9801,#9811));
#9813=MANIFOLD_SOLID_BREP('Wire_5_4',#9812);
#9814=STYLED_ITEM('color',(#154),#9813);
#9815=CARTESIAN_POINT('',(15.95,-0.,0.3));
#9816=VERTEX_POINT('',#9815);
#9817=CARTESIAN_POINT('',(17.65,-0.,0.3));
#9818=VERTEX_POINT('',#9817);
#9819=CARTESIAN_POINT('',(15.95,0.1417,0.3));
#9820=VERTEX_POINT('',#9819);
#9821=CARTESIAN_POINT('',(17.65,0.1417,0.3));
#9822=VERTEX_POINT('',#9821);
#9823=CARTESIAN_POINT('',(15.95,-0.,10.));
#9824=VERTEX_POINT('',#9823);
#9825=CARTESIAN_POINT('',(17.65,-0.,10.));
#9826=VERTEX_POINT('',#9825);
#9827=CARTESIAN_POINT('',(15.95,0.1417,10.));
#9828=VERTEX_POINT('',#9827);
#9829=CARTESIAN_POINT('',(17.65,0.1417,10.));
#9830=VERTEX_POINT('',#9829);
#9831=VECTOR('',#34,0.1417);
#9832=CARTESIAN_POINT('',(15.95,-0.,0.3));
#9833=LINE('',#9832,#9831);
#9834=EDGE_CURVE('',#9816,#9820,#9833,.T.);
#9835=ORIENTED_EDGE('',*,*,#9834,.T.);
#9836=VECTOR('',#16,1.7);
#9837=CARTESIAN_POINT('',(15.95,0.1417,0.3));
#9838=LINE('',#9837,#9836);
#9839=EDGE_CURVE('',#9820,#9822,#9838,.T.);
#9840=ORIENTED_EDGE('',*,*,#9839,.T.);
#9841=VECTOR('',#34,0.1417);
#9842=CARTESIAN_POINT('',(17.65,-0.,0.3));
#9843=LINE('',#9842,#9841);
#9844=EDGE_CURVE('',#9818,#9822,#9843,.T.);
#9845=ORIENTED_EDGE('',*,*,#9844,.F.);
#9846=VECTOR('',#16,1.7);
#9847=CARTESIAN_POINT('',(15.95,-0.,0.3));
#9848=LINE('',#9847,#9846);
#9849=EDGE_CURVE('',#9816,#9818,#9848,.T.);
#9850=ORIENTED_EDGE('',*,*,#9849,.F.);
#9851=EDGE_LOOP('',(#9835,#9840,#9845,#9850));
#9852=FACE_OUTER_BOUND('',#9851,.T.);
#9853=CARTESIAN_POINT('',(15.95,-0.,0.3));
#9854=AXIS2_PLACEMENT_3D('',#9853,#58,#16);
#9855=PLANE('',#9854);
#9856=ADVANCED_FACE('',(#9852),#9855,.T.);
#9857=VECTOR('',#16,1.7);
#9858=CARTESIAN_POINT('',(15.95,-0.,10.));
#9859=LINE('',#9858,#9857);
#9860=EDGE_CURVE('',#9824,#9826,#9859,.T.);
#9861=ORIENTED_EDGE('',*,*,#9860,.T.);
#9862=VECTOR('',#34,0.1417);
#9863=CARTESIAN_POINT('',(17.65,-0.,10.));
#9864=LINE('',#9863,#9862);
#9865=EDGE_CURVE('',#9826,#9830,#9864,.T.);
#9866=ORIENTED_EDGE('',*,*,#9865,.T.);
#9867=VECTOR('',#16,1.7);
#9868=CARTESIAN_POINT('',(15.95,0.1417,10.));
#9869=LINE('',#9868,#9867);
#9870=EDGE_CURVE('',#9828,#9830,#9869,.T.);
#9871=ORIENTED_EDGE('',*,*,#9870,.F.);
#9872=VECTOR('',#34,0.1417);
#9873=CARTESIAN_POINT('',(15.95,-0.,10.));
#9874=LINE('',#9873,#9872);
#9875=EDGE_CURVE('',#9824,#9828,#9874,.T.);
#9876=ORIENTED_EDGE('',*,*,#9875,.F.);
#9877=EDGE_LOOP('',(#9861,#9866,#9871,#9876));
#9878=FACE_OUTER_BOUND('',#9877,.T.);
#9879=CARTESIAN_POINT('',(15.95,-0.,10.));
#9880=AXIS2_PLACEMENT_3D('',#9879,#15,#16);
#9881=PLANE('',#9880);
#9882=ADVANCED_FACE('',(#9878),#9881,.T.);
#9883=ORIENTED_EDGE('',*,*,#9849,.T.);
#9884=VECTOR('',#15,9.7);
#9885=CARTESIAN_POINT('',(17.65,-0.,0.3));
#9886=LINE('',#9885,#9884);
#9887=EDGE_CURVE('',#9818,#9826,#9886,.T.);
#9888=ORIENTED_EDGE('',*,*,#9887,.T.);
#9889=ORIENTED_EDGE('',*,*,#9860,.F.);
#9890=VECTOR('',#15,9.7);
#9891=CARTESIAN_POINT('',(15.95,-0.,0.3));
#9892=LINE('',#9891,#9890);
#9893=EDGE_CURVE('',#9816,#9824,#9892,.T.);
#9894=ORIENTED_EDGE('',*,*,#9893,.F.);
#9895=EDGE_LOOP('',(#9883,#9888,#9889,#9894));
#9896=FACE_OUTER_BOUND('',#9895,.T.);
#9897=CARTESIAN_POINT('',(15.95,-0.,0.3));
#9898=AXIS2_PLACEMENT_3D('',#9897,#103,#16);
#9899=PLANE('',#9898);
#9900=ADVANCED_FACE('',(#9896),#9899,.T.);
#9901=VECTOR('',#15,9.7);
#9902=CARTESIAN_POINT('',(15.95,0.1417,0.3));
#9903=LINE('',#9902,#9901);
#9904=EDGE_CURVE('',#9820,#9828,#9903,.T.);
#9905=ORIENTED_EDGE('',*,*,#9904,.T.);
#9906=ORIENTED_EDGE('',*,*,#9870,.T.);
#9907=VECTOR('',#15,9.7);
#9908=CARTESIAN_POINT('',(17.65,0.1417,0.3));
#9909=LINE('',#9908,#9907);
#9910=EDGE_CURVE('',#9822,#9830,#9909,.T.);
#9911=ORIENTED_EDGE('',*,*,#9910,.F.);
#9912=ORIENTED_EDGE('',*,*,#9839,.F.);
#9913=EDGE_LOOP('',(#9905,#9906,#9911,#9912));
#9914=FACE_OUTER_BOUND('',#9913,.T.);
#9915=CARTESIAN_POINT('',(15.95,0.1417,0.3));
#9916=AXIS2_PLACEMENT_3D('',#9915,#34,#16);
#9917=PLANE('',#9916);
#9918=ADVANCED_FACE('',(#9914),#9917,.T.);
#9919=ORIENTED_EDGE('',*,*,#9893,.T.);
#9920=ORIENTED_EDGE('',*,*,#9875,.T.);
#9921=ORIENTED_EDGE('',*,*,#9904,.F.);
#9922=ORIENTED_EDGE('',*,*,#9834,.F.);
#9923=EDGE_LOOP('',(#9919,#9920,#9921,#9922));
#9924=FACE_OUTER_BOUND('',#9923,.T.);
#9925=CARTESIAN_POINT('',(15.95,-0.,0.3));
#9926=AXIS2_PLACEMENT_3D('',#9925,#132,#34);
#9927=PLANE('',#9926);
#9928=ADVANCED_FACE('',(#9924),#9927,.T.);
#9929=ORIENTED_EDGE('',*,*,#9844,.T.);
#9930=ORIENTED_EDGE('',*,*,#9910,.T.);
#9931=ORIENTED_EDGE('',*,*,#9865,.F.);
#9932=ORIENTED_EDGE('',*,*,#9887,.F.);
#9933=EDGE_LOOP('',(#9929,#9930,#9931,#9932));
#9934=FACE_OUTER_BOUND('',#9933,.T.);
#9935=CARTESIAN_POINT('',(17.65,-0.,0.3));
#9936=AXIS2_PLACEMENT_3D('',#9935,#16,#34);
#9937=PLANE('',#9936);
#9938=ADVANCED_FACE('',(#9934),#9937,.T.);
#9939=CLOSED_SHELL('',(#9856,#9882,#9900,#9918,#9928,#9938));
#9940=MANIFOLD_SOLID_BREP('Wire_5_5',#9939);
#9941=STYLED_ITEM('color',(#154),#9940);
#9942=CARTESIAN_POINT('',(15.95,-0.1417,0.3));
#9943=VERTEX_POINT('',#9942);
#9944=CARTESIAN_POINT('',(17.65,-0.1417,0.3));
#9945=VERTEX_POINT('',#9944);
#9946=CARTESIAN_POINT('',(15.95,-0.,0.3));
#9947=VERTEX_POINT('',#9946);
#9948=CARTESIAN_POINT('',(17.65,-0.,0.3));
#9949=VERTEX_POINT('',#9948);
#9950=CARTESIAN_POINT('',(15.95,-0.1417,10.));
#9951=VERTEX_POINT('',#9950);
#9952=CARTESIAN_POINT('',(17.65,-0.1417,10.));
#9953=VERTEX_POINT('',#9952);
#9954=CARTESIAN_POINT('',(15.95,-0.,10.));
#9955=VERTEX_POINT('',#9954);
#9956=CARTESIAN_POINT('',(17.65,-0.,10.));
#9957=VERTEX_POINT('',#9956);
#9958=VECTOR('',#34,0.1417);
#9959=CARTESIAN_POINT('',(15.95,-0.1417,0.3));
#9960=LINE('',#9959,#9958);
#9961=EDGE_CURVE('',#9943,#9947,#9960,.T.);
#9962=ORIENTED_EDGE('',*,*,#9961,.T.);
#9963=VECTOR('',#16,1.7);
#9964=CARTESIAN_POINT('',(15.95,-0.,0.3));
#9965=LINE('',#9964,#9963);
#9966=EDGE_CURVE('',#9947,#9949,#9965,.T.);
#9967=ORIENTED_EDGE('',*,*,#9966,.T.);
#9968=VECTOR('',#34,0.1417);
#9969=CARTESIAN_POINT('',(17.65,-0.1417,0.3));
#9970=LINE('',#9969,#9968);
#9971=EDGE_CURVE('',#9945,#9949,#9970,.T.);
#9972=ORIENTED_EDGE('',*,*,#9971,.F.);
#9973=VECTOR('',#16,1.7);
#9974=CARTESIAN_POINT('',(15.95,-0.1417,0.3));
#9975=LINE('',#9974,#9973);
#9976=EDGE_CURVE('',#9943,#9945,#9975,.T.);
#9977=ORIENTED_EDGE('',*,*,#9976,.F.);
#9978=EDGE_LOOP('',(#9962,#9967,#9972,#9977));
#9979=FACE_OUTER_BOUND('',#9978,.T.);
#9980=CARTESIAN_POINT('',(15.95,-0.1417,0.3));
#9981=AXIS2_PLACEMENT_3D('',#9980,#58,#16);
#9982=PLANE('',#9981);
#9983=ADVANCED_FACE('',(#9979),#9982,.T.);
#9984=VECTOR('',#16,1.7);
#9985=CARTESIAN_POINT('',(15.95,-0.1417,10.));
#9986=LINE('',#9985,#9984);
#9987=EDGE_CURVE('',#9951,#9953,#9986,.T.);
#9988=ORIENTED_EDGE('',*,*,#9987,.T.);
#9989=VECTOR('',#34,0.1417);
#9990=CARTESIAN_POINT('',(17.65,-0.1417,10.));
#9991=LINE('',#9990,#9989);
#9992=EDGE_CURVE('',#9953,#9957,#9991,.T.);
#9993=ORIENTED_EDGE('',*,*,#9992,.T.);
#9994=VECTOR('',#16,1.7);
#9995=CARTESIAN_POINT('',(15.95,-0.,10.));
#9996=LINE('',#9995,#9994);
#9997=EDGE_CURVE('',#9955,#9957,#9996,.T.);
#9998=ORIENTED_EDGE('',*,*,#9997,.F.);
#9999=VECTOR('',#34,0.1417);
#10000=CARTESIAN_POINT('',(15.95,-0.1417,10.));
#10001=LINE('',#10000,#9999);
#10002=EDGE_CURVE('',#9951,#9955,#10001,.T.);
#10003=ORIENTED_EDGE('',*,*,#10002,.F.);
#10004=EDGE_LOOP('',(#9988,#9993,#9998,#10003));
#10005=FACE_OUTER_BOUND('',#10004,.T.);
#10006=CARTESIAN_POINT('',(15.95,-0.1417,10.));
#10007=AXIS2_PLACEMENT_3D('',#10006,#15,#16);
#10008=PLANE('',#10007);
#10009=ADVANCED_FACE('',(#10005),#10008,.T.);
#10010=ORIENTED_EDGE('',*,*,#9976,.T.);
#10011=VECTOR('',#15,9.7);
#10012=CARTESIAN_POINT('',(17.65,-0.1417,0.3));
#10013=LINE('',#10012,#10011);
#10014=EDGE_CURVE('',#9945,#9953,#10013,.T.);
#10015=ORIENTED_EDGE('',*,*,#10014,.T.);
#10016=ORIENTED_EDGE('',*,*,#9987,.F.);
#10017=VECTOR('',#15,9.7);
#10018=CARTESIAN_POINT('',(15.95,-0.1417,0.3));
#10019=LINE('',#10018,#10017);
#10020=EDGE_CURVE('',#9943,#9951,#10019,.T.);
#10021=ORIENTED_EDGE('',*,*,#10020,.F.);
#10022=EDGE_LOOP('',(#10010,#10015,#10016,#10021));
#10023=FACE_OUTER_BOUND('',#10022,.T.);
#10024=CARTESIAN_POINT('',(15.95,-0.1417,0.3));
#10025=AXIS2_PLACEMENT_3D('',#10024,#103,#16);
#10026=PLANE('',#10025);
#10027=ADVANCED_FACE('',(#10023),#10026,.T.);
#10028=VECTOR('',#15,9.7);
#10029=CARTESIAN_POINT('',(15.95,-0.,0.3));
#10030=LINE('',#10029,#10028);
#10031=EDGE_CURVE('',#9947,#9955,#10030,.T.);
#10032=ORIENTED_EDGE('',*,*,#10031,.T.);
#10033=ORIENTED_EDGE('',*,*,#9997,.T.);
#10034=VECTOR('',#15,9.7);
#10035=CARTESIAN_POINT('',(17.65,-0.,0.3));
#10036=LINE('',#10035,#10034);
#10037=EDGE_CURVE('',#9949,#9957,#10036,.T.);
#10038=ORIENTED_EDGE('',*,*,#10037,.F.);
#10039=ORIENTED_EDGE('',*,*,#9966,.F.);
#10040=EDGE_LOOP('',(#10032,#10033,#10038,#10039));
#10041=FACE_OUTER_BOUND('',#10040,.T.);
#10042=CARTESIAN_POINT('',(15.95,-0.,0.3));
#10043=AXIS2_PLACEMENT_3D('',#10042,#34,#16);
#10044=PLANE('',#10043);
#10045=ADVANCED_FACE('',(#10041),#10044,.T.);
#10046=ORIENTED_EDGE('',*,*,#10020,.T.);
#10047=ORIENTED_EDGE('',*,*,#10002,.T.);
#10048=ORIENTED_EDGE('',*,*,#10031,.F.);
#10049=ORIENTED_EDGE('',*,*,#9961,.F.);
#10050=EDGE_LOOP('',(#10046,#10047,#10048,#10049));
#10051=FACE_OUTER_BOUND('',#10050,.T.);
#10052=CARTESIAN_POINT('',(15.95,-0.1417,0.3));
#10053=AXIS2_PLACEMENT_3D('',#10052,#132,#34);
#10054=PLANE('',#10053);
#10055=ADVANCED_FACE('',(#10051),#10054,.T.);
#10056=ORIENTED_EDGE('',*,*,#9971,.T.);
#10057=ORIENTED_EDGE('',*,*,#10037,.T.);
#10058=ORIENTED_EDGE('',*,*,#9992,.F.);
#10059=ORIENTED_EDGE('',*,*,#10014,.F.);
#10060=EDGE_LOOP('',(#10056,#10057,#10058,#10059));
#10061=FACE_OUTER_BOUND('',#10060,.T.);
#10062=CARTESIAN_POINT('',(17.65,-0.1417,0.3));
#10063=AXIS2_PLACEMENT_3D('',#10062,#16,#34);
#10064=PLANE('',#10063);
#10065=ADVANCED_FACE('',(#10061),#10064,.T.);
#10066=CLOSED_SHELL('',(#9983,#10009,#10027,#10045,#10055,#10065));
#10067=MANIFOLD_SOLID_BREP('Wire_5_6',#10066);
#10068=STYLED_ITEM('color',(#154),#10067);
#10069=CARTESIAN_POINT('',(15.9619,-0.2833,0.3));
#10070=VERTEX_POINT('',#10069);
#10071=CARTESIAN_POINT('',(17.6381,-0.2833,0.3));
#10072=VERTEX_POINT('',#10071);
#10073=CARTESIAN_POINT('',(15.9619,-0.1417,0.3));
#10074=VERTEX_POINT('',#10073);
#10075=CARTESIAN_POINT('',(17.6381,-0.1417,0.3));
#10076=VERTEX_POINT('',#10075);
#10077=CARTESIAN_POINT('',(15.9619,-0.2833,10.));
#10078=VERTEX_POINT('',#10077);
#10079=CARTESIAN_POINT('',(17.6381,-0.2833,10.));
#10080=VERTEX_POINT('',#10079);
#10081=CARTESIAN_POINT('',(15.9619,-0.1417,10.));
#10082=VERTEX_POINT('',#10081);
#10083=CARTESIAN_POINT('',(17.6381,-0.1417,10.));
#10084=VERTEX_POINT('',#10083);
#10085=VECTOR('',#34,0.1417);
#10086=CARTESIAN_POINT('',(15.9619,-0.2833,0.3));
#10087=LINE('',#10086,#10085);
#10088=EDGE_CURVE('',#10070,#10074,#10087,.T.);
#10089=ORIENTED_EDGE('',*,*,#10088,.T.);
#10090=VECTOR('',#16,1.6762);
#10091=CARTESIAN_POINT('',(15.9619,-0.1417,0.3));
#10092=LINE('',#10091,#10090);
#10093=EDGE_CURVE('',#10074,#10076,#10092,.T.);
#10094=ORIENTED_EDGE('',*,*,#10093,.T.);
#10095=VECTOR('',#34,0.1417);
#10096=CARTESIAN_POINT('',(17.6381,-0.2833,0.3));
#10097=LINE('',#10096,#10095);
#10098=EDGE_CURVE('',#10072,#10076,#10097,.T.);
#10099=ORIENTED_EDGE('',*,*,#10098,.F.);
#10100=VECTOR('',#16,1.6762);
#10101=CARTESIAN_POINT('',(15.9619,-0.2833,0.3));
#10102=LINE('',#10101,#10100);
#10103=EDGE_CURVE('',#10070,#10072,#10102,.T.);
#10104=ORIENTED_EDGE('',*,*,#10103,.F.);
#10105=EDGE_LOOP('',(#10089,#10094,#10099,#10104));
#10106=FACE_OUTER_BOUND('',#10105,.T.);
#10107=CARTESIAN_POINT('',(15.9619,-0.2833,0.3));
#10108=AXIS2_PLACEMENT_3D('',#10107,#58,#16);
#10109=PLANE('',#10108);
#10110=ADVANCED_FACE('',(#10106),#10109,.T.);
#10111=VECTOR('',#16,1.6762);
#10112=CARTESIAN_POINT('',(15.9619,-0.2833,10.));
#10113=LINE('',#10112,#10111);
#10114=EDGE_CURVE('',#10078,#10080,#10113,.T.);
#10115=ORIENTED_EDGE('',*,*,#10114,.T.);
#10116=VECTOR('',#34,0.1417);
#10117=CARTESIAN_POINT('',(17.6381,-0.2833,10.));
#10118=LINE('',#10117,#10116);
#10119=EDGE_CURVE('',#10080,#10084,#10118,.T.);
#10120=ORIENTED_EDGE('',*,*,#10119,.T.);
#10121=VECTOR('',#16,1.6762);
#10122=CARTESIAN_POINT('',(15.9619,-0.1417,10.));
#10123=LINE('',#10122,#10121);
#10124=EDGE_CURVE('',#10082,#10084,#10123,.T.);
#10125=ORIENTED_EDGE('',*,*,#10124,.F.);
#10126=VECTOR('',#34,0.1417);
#10127=CARTESIAN_POINT('',(15.9619,-0.2833,10.));
#10128=LINE('',#10127,#10126);
#10129=EDGE_CURVE('',#10078,#10082,#10128,.T.);
#10130=ORIENTED_EDGE('',*,*,#10129,.F.);
#10131=EDGE_LOOP('',(#10115,#10120,#10125,#10130));
#10132=FACE_OUTER_BOUND('',#10131,.T.);
#10133=CARTESIAN_POINT('',(15.9619,-0.2833,10.));
#10134=AXIS2_PLACEMENT_3D('',#10133,#15,#16);
#10135=PLANE('',#10134);
#10136=ADVANCED_FACE('',(#10132),#10135,.T.);
#10137=ORIENTED_EDGE('',*,*,#10103,.T.);
#10138=VECTOR('',#15,9.7);
#10139=CARTESIAN_POINT('',(17.6381,-0.2833,0.3));
#10140=LINE('',#10139,#10138);
#10141=EDGE_CURVE('',#10072,#10080,#10140,.T.);
#10142=ORIENTED_EDGE('',*,*,#10141,.T.);
#10143=ORIENTED_EDGE('',*,*,#10114,.F.);
#10144=VECTOR('',#15,9.7);
#10145=CARTESIAN_POINT('',(15.9619,-0.2833,0.3));
#10146=LINE('',#10145,#10144);
#10147=EDGE_CURVE('',#10070,#10078,#10146,.T.);
#10148=ORIENTED_EDGE('',*,*,#10147,.F.);
#10149=EDGE_LOOP('',(#10137,#10142,#10143,#10148));
#10150=FACE_OUTER_BOUND('',#10149,.T.);
#10151=CARTESIAN_POINT('',(15.9619,-0.2833,0.3));
#10152=AXIS2_PLACEMENT_3D('',#10151,#103,#16);
#10153=PLANE('',#10152);
#10154=ADVANCED_FACE('',(#10150),#10153,.T.);
#10155=VECTOR('',#15,9.7);
#10156=CARTESIAN_POINT('',(15.9619,-0.1417,0.3));
#10157=LINE('',#10156,#10155);
#10158=EDGE_CURVE('',#10074,#10082,#10157,.T.);
#10159=ORIENTED_EDGE('',*,*,#10158,.T.);
#10160=ORIENTED_EDGE('',*,*,#10124,.T.);
#10161=VECTOR('',#15,9.7);
#10162=CARTESIAN_POINT('',(17.6381,-0.1417,0.3));
#10163=LINE('',#10162,#10161);
#10164=EDGE_CURVE('',#10076,#10084,#10163,.T.);
#10165=ORIENTED_EDGE('',*,*,#10164,.F.);
#10166=ORIENTED_EDGE('',*,*,#10093,.F.);
#10167=EDGE_LOOP('',(#10159,#10160,#10165,#10166));
#10168=FACE_OUTER_BOUND('',#10167,.T.);
#10169=CARTESIAN_POINT('',(15.9619,-0.1417,0.3));
#10170=AXIS2_PLACEMENT_3D('',#10169,#34,#16);
#10171=PLANE('',#10170);
#10172=ADVANCED_FACE('',(#10168),#10171,.T.);
#10173=ORIENTED_EDGE('',*,*,#10147,.T.);
#10174=ORIENTED_EDGE('',*,*,#10129,.T.);
#10175=ORIENTED_EDGE('',*,*,#10158,.F.);
#10176=ORIENTED_EDGE('',*,*,#10088,.F.);
#10177=EDGE_LOOP('',(#10173,#10174,#10175,#10176));
#10178=FACE_OUTER_BOUND('',#10177,.T.);
#10179=CARTESIAN_POINT('',(15.9619,-0.2833,0.3));
#10180=AXIS2_PLACEMENT_3D('',#10179,#132,#34);
#10181=PLANE('',#10180);
#10182=ADVANCED_FACE('',(#10178),#10181,.T.);
#10183=ORIENTED_EDGE('',*,*,#10098,.T.);
#10184=ORIENTED_EDGE('',*,*,#10164,.T.);
#10185=ORIENTED_EDGE('',*,*,#10119,.F.);
#10186=ORIENTED_EDGE('',*,*,#10141,.F.);
#10187=EDGE_LOOP('',(#10183,#10184,#10185,#10186));
#10188=FACE_OUTER_BOUND('',#10187,.T.);
#10189=CARTESIAN_POINT('',(17.6381,-0.2833,0.3));
#10190=AXIS2_PLACEMENT_3D('',#10189,#16,#34);
#10191=PLANE('',#10190);
#10192=ADVANCED_FACE('',(#10188),#10191,.T.);
#10193=CLOSED_SHELL('',(#10110,#10136,#10154,#10172,#10182,#10192));
#10194=MANIFOLD_SOLID_BREP('Wire_5_7',#10193);
#10195=STYLED_ITEM('color',(#154),#10194);
#10196=CARTESIAN_POINT('',(15.9986,-0.425,0.3));
#10197=VERTEX_POINT('',#10196);
#10198=CARTESIAN_POINT('',(17.6014,-0.425,0.3));
#10199=VERTEX_POINT('',#10198);
#10200=CARTESIAN_POINT('',(15.9986,-0.2833,0.3));
#10201=VERTEX_POINT('',#10200);
#10202=CARTESIAN_POINT('',(17.6014,-0.2833,0.3));
#10203=VERTEX_POINT('',#10202);
#10204=CARTESIAN_POINT('',(15.9986,-0.425,10.));
#10205=VERTEX_POINT('',#10204);
#10206=CARTESIAN_POINT('',(17.6014,-0.425,10.));
#10207=VERTEX_POINT('',#10206);
#10208=CARTESIAN_POINT('',(15.9986,-0.2833,10.));
#10209=VERTEX_POINT('',#10208);
#10210=CARTESIAN_POINT('',(17.6014,-0.2833,10.));
#10211=VERTEX_POINT('',#10210);
#10212=VECTOR('',#34,0.1417);
#10213=CARTESIAN_POINT('',(15.9986,-0.425,0.3));
#10214=LINE('',#10213,#10212);
#10215=EDGE_CURVE('',#10197,#10201,#10214,.T.);
#10216=ORIENTED_EDGE('',*,*,#10215,.T.);
#10217=VECTOR('',#16,1.6028);
#10218=CARTESIAN_POINT('',(15.9986,-0.2833,0.3));
#10219=LINE('',#10218,#10217);
#10220=EDGE_CURVE('',#10201,#10203,#10219,.T.);
#10221=ORIENTED_EDGE('',*,*,#10220,.T.);
#10222=VECTOR('',#34,0.1417);
#10223=CARTESIAN_POINT('',(17.6014,-0.425,0.3));
#10224=LINE('',#10223,#10222);
#10225=EDGE_CURVE('',#10199,#10203,#10224,.T.);
#10226=ORIENTED_EDGE('',*,*,#10225,.F.);
#10227=VECTOR('',#16,1.6028);
#10228=CARTESIAN_POINT('',(15.9986,-0.425,0.3));
#10229=LINE('',#10228,#10227);
#10230=EDGE_CURVE('',#10197,#10199,#10229,.T.);
#10231=ORIENTED_EDGE('',*,*,#10230,.F.);
#10232=EDGE_LOOP('',(#10216,#10221,#10226,#10231));
#10233=FACE_OUTER_BOUND('',#10232,.T.);
#10234=CARTESIAN_POINT('',(15.9986,-0.425,0.3));
#10235=AXIS2_PLACEMENT_3D('',#10234,#58,#16);
#10236=PLANE('',#10235);
#10237=ADVANCED_FACE('',(#10233),#10236,.T.);
#10238=VECTOR('',#16,1.6028);
#10239=CARTESIAN_POINT('',(15.9986,-0.425,10.));
#10240=LINE('',#10239,#10238);
#10241=EDGE_CURVE('',#10205,#10207,#10240,.T.);
#10242=ORIENTED_EDGE('',*,*,#10241,.T.);
#10243=VECTOR('',#34,0.1417);
#10244=CARTESIAN_POINT('',(17.6014,-0.425,10.));
#10245=LINE('',#10244,#10243);
#10246=EDGE_CURVE('',#10207,#10211,#10245,.T.);
#10247=ORIENTED_EDGE('',*,*,#10246,.T.);
#10248=VECTOR('',#16,1.6028);
#10249=CARTESIAN_POINT('',(15.9986,-0.2833,10.));
#10250=LINE('',#10249,#10248);
#10251=EDGE_CURVE('',#10209,#10211,#10250,.T.);
#10252=ORIENTED_EDGE('',*,*,#10251,.F.);
#10253=VECTOR('',#34,0.1417);
#10254=CARTESIAN_POINT('',(15.9986,-0.425,10.));
#10255=LINE('',#10254,#10253);
#10256=EDGE_CURVE('',#10205,#10209,#10255,.T.);
#10257=ORIENTED_EDGE('',*,*,#10256,.F.);
#10258=EDGE_LOOP('',(#10242,#10247,#10252,#10257));
#10259=FACE_OUTER_BOUND('',#10258,.T.);
#10260=CARTESIAN_POINT('',(15.9986,-0.425,10.));
#10261=AXIS2_PLACEMENT_3D('',#10260,#15,#16);
#10262=PLANE('',#10261);
#10263=ADVANCED_FACE('',(#10259),#10262,.T.);
#10264=ORIENTED_EDGE('',*,*,#10230,.T.);
#10265=VECTOR('',#15,9.7);
#10266=CARTESIAN_POINT('',(17.6014,-0.425,0.3));
#10267=LINE('',#10266,#10265);
#10268=EDGE_CURVE('',#10199,#10207,#10267,.T.);
#10269=ORIENTED_EDGE('',*,*,#10268,.T.);
#10270=ORIENTED_EDGE('',*,*,#10241,.F.);
#10271=VECTOR('',#15,9.7);
#10272=CARTESIAN_POINT('',(15.9986,-0.425,0.3));
#10273=LINE('',#10272,#10271);
#10274=EDGE_CURVE('',#10197,#10205,#10273,.T.);
#10275=ORIENTED_EDGE('',*,*,#10274,.F.);
#10276=EDGE_LOOP('',(#10264,#10269,#10270,#10275));
#10277=FACE_OUTER_BOUND('',#10276,.T.);
#10278=CARTESIAN_POINT('',(15.9986,-0.425,0.3));
#10279=AXIS2_PLACEMENT_3D('',#10278,#103,#16);
#10280=PLANE('',#10279);
#10281=ADVANCED_FACE('',(#10277),#10280,.T.);
#10282=VECTOR('',#15,9.7);
#10283=CARTESIAN_POINT('',(15.9986,-0.2833,0.3));
#10284=LINE('',#10283,#10282);
#10285=EDGE_CURVE('',#10201,#10209,#10284,.T.);
#10286=ORIENTED_EDGE('',*,*,#10285,.T.);
#10287=ORIENTED_EDGE('',*,*,#10251,.T.);
#10288=VECTOR('',#15,9.7);
#10289=CARTESIAN_POINT('',(17.6014,-0.2833,0.3));
#10290=LINE('',#10289,#10288);
#10291=EDGE_CURVE('',#10203,#10211,#10290,.T.);
#10292=ORIENTED_EDGE('',*,*,#10291,.F.);
#10293=ORIENTED_EDGE('',*,*,#10220,.F.);
#10294=EDGE_LOOP('',(#10286,#10287,#10292,#10293));
#10295=FACE_OUTER_BOUND('',#10294,.T.);
#10296=CARTESIAN_POINT('',(15.9986,-0.2833,0.3));
#10297=AXIS2_PLACEMENT_3D('',#10296,#34,#16);
#10298=PLANE('',#10297);
#10299=ADVANCED_FACE('',(#10295),#10298,.T.);
#10300=ORIENTED_EDGE('',*,*,#10274,.T.);
#10301=ORIENTED_EDGE('',*,*,#10256,.T.);
#10302=ORIENTED_EDGE('',*,*,#10285,.F.);
#10303=ORIENTED_EDGE('',*,*,#10215,.F.);
#10304=EDGE_LOOP('',(#10300,#10301,#10302,#10303));
#10305=FACE_OUTER_BOUND('',#10304,.T.);
#10306=CARTESIAN_POINT('',(15.9986,-0.425,0.3));
#10307=AXIS2_PLACEMENT_3D('',#10306,#132,#34);
#10308=PLANE('',#10307);
#10309=ADVANCED_FACE('',(#10305),#10308,.T.);
#10310=ORIENTED_EDGE('',*,*,#10225,.T.);
#10311=ORIENTED_EDGE('',*,*,#10291,.T.);
#10312=ORIENTED_EDGE('',*,*,#10246,.F.);
#10313=ORIENTED_EDGE('',*,*,#10268,.F.);
#10314=EDGE_LOOP('',(#10310,#10311,#10312,#10313));
#10315=FACE_OUTER_BOUND('',#10314,.T.);
#10316=CARTESIAN_POINT('',(17.6014,-0.425,0.3));
#10317=AXIS2_PLACEMENT_3D('',#10316,#16,#34);
#10318=PLANE('',#10317);
#10319=ADVANCED_FACE('',(#10315),#10318,.T.);
#10320=CLOSED_SHELL('',(#10237,#10263,#10281,#10299,#10309,#10319));
#10321=MANIFOLD_SOLID_BREP('Wire_5_8',#10320);
#10322=STYLED_ITEM('color',(#154),#10321);
#10323=CARTESIAN_POINT('',(16.0639,-0.5667,0.3));
#10324=VERTEX_POINT('',#10323);
#10325=CARTESIAN_POINT('',(17.5361,-0.5667,0.3));
#10326=VERTEX_POINT('',#10325);
#10327=CARTESIAN_POINT('',(16.0639,-0.425,0.3));
#10328=VERTEX_POINT('',#10327);
#10329=CARTESIAN_POINT('',(17.5361,-0.425,0.3));
#10330=VERTEX_POINT('',#10329);
#10331=CARTESIAN_POINT('',(16.0639,-0.5667,10.));
#10332=VERTEX_POINT('',#10331);
#10333=CARTESIAN_POINT('',(17.5361,-0.5667,10.));
#10334=VERTEX_POINT('',#10333);
#10335=CARTESIAN_POINT('',(16.0639,-0.425,10.));
#10336=VERTEX_POINT('',#10335);
#10337=CARTESIAN_POINT('',(17.5361,-0.425,10.));
#10338=VERTEX_POINT('',#10337);
#10339=VECTOR('',#34,0.1417);
#10340=CARTESIAN_POINT('',(16.0639,-0.5667,0.3));
#10341=LINE('',#10340,#10339);
#10342=EDGE_CURVE('',#10324,#10328,#10341,.T.);
#10343=ORIENTED_EDGE('',*,*,#10342,.T.);
#10344=VECTOR('',#16,1.4722);
#10345=CARTESIAN_POINT('',(16.0639,-0.425,0.3));
#10346=LINE('',#10345,#10344);
#10347=EDGE_CURVE('',#10328,#10330,#10346,.T.);
#10348=ORIENTED_EDGE('',*,*,#10347,.T.);
#10349=VECTOR('',#34,0.1417);
#10350=CARTESIAN_POINT('',(17.5361,-0.5667,0.3));
#10351=LINE('',#10350,#10349);
#10352=EDGE_CURVE('',#10326,#10330,#10351,.T.);
#10353=ORIENTED_EDGE('',*,*,#10352,.F.);
#10354=VECTOR('',#16,1.4722);
#10355=CARTESIAN_POINT('',(16.0639,-0.5667,0.3));
#10356=LINE('',#10355,#10354);
#10357=EDGE_CURVE('',#10324,#10326,#10356,.T.);
#10358=ORIENTED_EDGE('',*,*,#10357,.F.);
#10359=EDGE_LOOP('',(#10343,#10348,#10353,#10358));
#10360=FACE_OUTER_BOUND('',#10359,.T.);
#10361=CARTESIAN_POINT('',(16.0639,-0.5667,0.3));
#10362=AXIS2_PLACEMENT_3D('',#10361,#58,#16);
#10363=PLANE('',#10362);
#10364=ADVANCED_FACE('',(#10360),#10363,.T.);
#10365=VECTOR('',#16,1.4722);
#10366=CARTESIAN_POINT('',(16.0639,-0.5667,10.));
#10367=LINE('',#10366,#10365);
#10368=EDGE_CURVE('',#10332,#10334,#10367,.T.);
#10369=ORIENTED_EDGE('',*,*,#10368,.T.);
#10370=VECTOR('',#34,0.1417);
#10371=CARTESIAN_POINT('',(17.5361,-0.5667,10.));
#10372=LINE('',#10371,#10370);
#10373=EDGE_CURVE('',#10334,#10338,#10372,.T.);
#10374=ORIENTED_EDGE('',*,*,#10373,.T.);
#10375=VECTOR('',#16,1.4722);
#10376=CARTESIAN_POINT('',(16.0639,-0.425,10.));
#10377=LINE('',#10376,#10375);
#10378=EDGE_CURVE('',#10336,#10338,#10377,.T.);
#10379=ORIENTED_EDGE('',*,*,#10378,.F.);
#10380=VECTOR('',#34,0.1417);
#10381=CARTESIAN_POINT('',(16.0639,-0.5667,10.));
#10382=LINE('',#10381,#10380);
#10383=EDGE_CURVE('',#10332,#10336,#10382,.T.);
#10384=ORIENTED_EDGE('',*,*,#10383,.F.);
#10385=EDGE_LOOP('',(#10369,#10374,#10379,#10384));
#10386=FACE_OUTER_BOUND('',#10385,.T.);
#10387=CARTESIAN_POINT('',(16.0639,-0.5667,10.));
#10388=AXIS2_PLACEMENT_3D('',#10387,#15,#16);
#10389=PLANE('',#10388);
#10390=ADVANCED_FACE('',(#10386),#10389,.T.);
#10391=ORIENTED_EDGE('',*,*,#10357,.T.);
#10392=VECTOR('',#15,9.7);
#10393=CARTESIAN_POINT('',(17.5361,-0.5667,0.3));
#10394=LINE('',#10393,#10392);
#10395=EDGE_CURVE('',#10326,#10334,#10394,.T.);
#10396=ORIENTED_EDGE('',*,*,#10395,.T.);
#10397=ORIENTED_EDGE('',*,*,#10368,.F.);
#10398=VECTOR('',#15,9.7);
#10399=CARTESIAN_POINT('',(16.0639,-0.5667,0.3));
#10400=LINE('',#10399,#10398);
#10401=EDGE_CURVE('',#10324,#10332,#10400,.T.);
#10402=ORIENTED_EDGE('',*,*,#10401,.F.);
#10403=EDGE_LOOP('',(#10391,#10396,#10397,#10402));
#10404=FACE_OUTER_BOUND('',#10403,.T.);
#10405=CARTESIAN_POINT('',(16.0639,-0.5667,0.3));
#10406=AXIS2_PLACEMENT_3D('',#10405,#103,#16);
#10407=PLANE('',#10406);
#10408=ADVANCED_FACE('',(#10404),#10407,.T.);
#10409=VECTOR('',#15,9.7);
#10410=CARTESIAN_POINT('',(16.0639,-0.425,0.3));
#10411=LINE('',#10410,#10409);
#10412=EDGE_CURVE('',#10328,#10336,#10411,.T.);
#10413=ORIENTED_EDGE('',*,*,#10412,.T.);
#10414=ORIENTED_EDGE('',*,*,#10378,.T.);
#10415=VECTOR('',#15,9.7);
#10416=CARTESIAN_POINT('',(17.5361,-0.425,0.3));
#10417=LINE('',#10416,#10415);
#10418=EDGE_CURVE('',#10330,#10338,#10417,.T.);
#10419=ORIENTED_EDGE('',*,*,#10418,.F.);
#10420=ORIENTED_EDGE('',*,*,#10347,.F.);
#10421=EDGE_LOOP('',(#10413,#10414,#10419,#10420));
#10422=FACE_OUTER_BOUND('',#10421,.T.);
#10423=CARTESIAN_POINT('',(16.0639,-0.425,0.3));
#10424=AXIS2_PLACEMENT_3D('',#10423,#34,#16);
#10425=PLANE('',#10424);
#10426=ADVANCED_FACE('',(#10422),#10425,.T.);
#10427=ORIENTED_EDGE('',*,*,#10401,.T.);
#10428=ORIENTED_EDGE('',*,*,#10383,.T.);
#10429=ORIENTED_EDGE('',*,*,#10412,.F.);
#10430=ORIENTED_EDGE('',*,*,#10342,.F.);
#10431=EDGE_LOOP('',(#10427,#10428,#10429,#10430));
#10432=FACE_OUTER_BOUND('',#10431,.T.);
#10433=CARTESIAN_POINT('',(16.0639,-0.5667,0.3));
#10434=AXIS2_PLACEMENT_3D('',#10433,#132,#34);
#10435=PLANE('',#10434);
#10436=ADVANCED_FACE('',(#10432),#10435,.T.);
#10437=ORIENTED_EDGE('',*,*,#10352,.T.);
#10438=ORIENTED_EDGE('',*,*,#10418,.T.);
#10439=ORIENTED_EDGE('',*,*,#10373,.F.);
#10440=ORIENTED_EDGE('',*,*,#10395,.F.);
#10441=EDGE_LOOP('',(#10437,#10438,#10439,#10440));
#10442=FACE_OUTER_BOUND('',#10441,.T.);
#10443=CARTESIAN_POINT('',(17.5361,-0.5667,0.3));
#10444=AXIS2_PLACEMENT_3D('',#10443,#16,#34);
#10445=PLANE('',#10444);
#10446=ADVANCED_FACE('',(#10442),#10445,.T.);
#10447=CLOSED_SHELL('',(#10364,#10390,#10408,#10426,#10436,#10446));
#10448=MANIFOLD_SOLID_BREP('Wire_5_9',#10447);
#10449=STYLED_ITEM('color',(#154),#10448);
#10450=CARTESIAN_POINT('',(16.1664,-0.7083,0.3));
#10451=VERTEX_POINT('',#10450);
#10452=CARTESIAN_POINT('',(17.4336,-0.7083,0.3));
#10453=VERTEX_POINT('',#10452);
#10454=CARTESIAN_POINT('',(16.1664,-0.5667,0.3));
#10455=VERTEX_POINT('',#10454);
#10456=CARTESIAN_POINT('',(17.4336,-0.5667,0.3));
#10457=VERTEX_POINT('',#10456);
#10458=CARTESIAN_POINT('',(16.1664,-0.7083,10.));
#10459=VERTEX_POINT('',#10458);
#10460=CARTESIAN_POINT('',(17.4336,-0.7083,10.));
#10461=VERTEX_POINT('',#10460);
#10462=CARTESIAN_POINT('',(16.1664,-0.5667,10.));
#10463=VERTEX_POINT('',#10462);
#10464=CARTESIAN_POINT('',(17.4336,-0.5667,10.));
#10465=VERTEX_POINT('',#10464);
#10466=VECTOR('',#34,0.1417);
#10467=CARTESIAN_POINT('',(16.1664,-0.7083,0.3));
#10468=LINE('',#10467,#10466);
#10469=EDGE_CURVE('',#10451,#10455,#10468,.T.);
#10470=ORIENTED_EDGE('',*,*,#10469,.T.);
#10471=VECTOR('',#16,1.2671);
#10472=CARTESIAN_POINT('',(16.1664,-0.5667,0.3));
#10473=LINE('',#10472,#10471);
#10474=EDGE_CURVE('',#10455,#10457,#10473,.T.);
#10475=ORIENTED_EDGE('',*,*,#10474,.T.);
#10476=VECTOR('',#34,0.1417);
#10477=CARTESIAN_POINT('',(17.4336,-0.7083,0.3));
#10478=LINE('',#10477,#10476);
#10479=EDGE_CURVE('',#10453,#10457,#10478,.T.);
#10480=ORIENTED_EDGE('',*,*,#10479,.F.);
#10481=VECTOR('',#16,1.2671);
#10482=CARTESIAN_POINT('',(16.1664,-0.7083,0.3));
#10483=LINE('',#10482,#10481);
#10484=EDGE_CURVE('',#10451,#10453,#10483,.T.);
#10485=ORIENTED_EDGE('',*,*,#10484,.F.);
#10486=EDGE_LOOP('',(#10470,#10475,#10480,#10485));
#10487=FACE_OUTER_BOUND('',#10486,.T.);
#10488=CARTESIAN_POINT('',(16.1664,-0.7083,0.3));
#10489=AXIS2_PLACEMENT_3D('',#10488,#58,#16);
#10490=PLANE('',#10489);
#10491=ADVANCED_FACE('',(#10487),#10490,.T.);
#10492=VECTOR('',#16,1.2671);
#10493=CARTESIAN_POINT('',(16.1664,-0.7083,10.));
#10494=LINE('',#10493,#10492);
#10495=EDGE_CURVE('',#10459,#10461,#10494,.T.);
#10496=ORIENTED_EDGE('',*,*,#10495,.T.);
#10497=VECTOR('',#34,0.1417);
#10498=CARTESIAN_POINT('',(17.4336,-0.7083,10.));
#10499=LINE('',#10498,#10497);
#10500=EDGE_CURVE('',#10461,#10465,#10499,.T.);
#10501=ORIENTED_EDGE('',*,*,#10500,.T.);
#10502=VECTOR('',#16,1.2671);
#10503=CARTESIAN_POINT('',(16.1664,-0.5667,10.));
#10504=LINE('',#10503,#10502);
#10505=EDGE_CURVE('',#10463,#10465,#10504,.T.);
#10506=ORIENTED_EDGE('',*,*,#10505,.F.);
#10507=VECTOR('',#34,0.1417);
#10508=CARTESIAN_POINT('',(16.1664,-0.7083,10.));
#10509=LINE('',#10508,#10507);
#10510=EDGE_CURVE('',#10459,#10463,#10509,.T.);
#10511=ORIENTED_EDGE('',*,*,#10510,.F.);
#10512=EDGE_LOOP('',(#10496,#10501,#10506,#10511));
#10513=FACE_OUTER_BOUND('',#10512,.T.);
#10514=CARTESIAN_POINT('',(16.1664,-0.7083,10.));
#10515=AXIS2_PLACEMENT_3D('',#10514,#15,#16);
#10516=PLANE('',#10515);
#10517=ADVANCED_FACE('',(#10513),#10516,.T.);
#10518=ORIENTED_EDGE('',*,*,#10484,.T.);
#10519=VECTOR('',#15,9.7);
#10520=CARTESIAN_POINT('',(17.4336,-0.7083,0.3));
#10521=LINE('',#10520,#10519);
#10522=EDGE_CURVE('',#10453,#10461,#10521,.T.);
#10523=ORIENTED_EDGE('',*,*,#10522,.T.);
#10524=ORIENTED_EDGE('',*,*,#10495,.F.);
#10525=VECTOR('',#15,9.7);
#10526=CARTESIAN_POINT('',(16.1664,-0.7083,0.3));
#10527=LINE('',#10526,#10525);
#10528=EDGE_CURVE('',#10451,#10459,#10527,.T.);
#10529=ORIENTED_EDGE('',*,*,#10528,.F.);
#10530=EDGE_LOOP('',(#10518,#10523,#10524,#10529));
#10531=FACE_OUTER_BOUND('',#10530,.T.);
#10532=CARTESIAN_POINT('',(16.1664,-0.7083,0.3));
#10533=AXIS2_PLACEMENT_3D('',#10532,#103,#16);
#10534=PLANE('',#10533);
#10535=ADVANCED_FACE('',(#10531),#10534,.T.);
#10536=VECTOR('',#15,9.7);
#10537=CARTESIAN_POINT('',(16.1664,-0.5667,0.3));
#10538=LINE('',#10537,#10536);
#10539=EDGE_CURVE('',#10455,#10463,#10538,.T.);
#10540=ORIENTED_EDGE('',*,*,#10539,.T.);
#10541=ORIENTED_EDGE('',*,*,#10505,.T.);
#10542=VECTOR('',#15,9.7);
#10543=CARTESIAN_POINT('',(17.4336,-0.5667,0.3));
#10544=LINE('',#10543,#10542);
#10545=EDGE_CURVE('',#10457,#10465,#10544,.T.);
#10546=ORIENTED_EDGE('',*,*,#10545,.F.);
#10547=ORIENTED_EDGE('',*,*,#10474,.F.);
#10548=EDGE_LOOP('',(#10540,#10541,#10546,#10547));
#10549=FACE_OUTER_BOUND('',#10548,.T.);
#10550=CARTESIAN_POINT('',(16.1664,-0.5667,0.3));
#10551=AXIS2_PLACEMENT_3D('',#10550,#34,#16);
#10552=PLANE('',#10551);
#10553=ADVANCED_FACE('',(#10549),#10552,.T.);
#10554=ORIENTED_EDGE('',*,*,#10528,.T.);
#10555=ORIENTED_EDGE('',*,*,#10510,.T.);
#10556=ORIENTED_EDGE('',*,*,#10539,.F.);
#10557=ORIENTED_EDGE('',*,*,#10469,.F.);
#10558=EDGE_LOOP('',(#10554,#10555,#10556,#10557));
#10559=FACE_OUTER_BOUND('',#10558,.T.);
#10560=CARTESIAN_POINT('',(16.1664,-0.7083,0.3));
#10561=AXIS2_PLACEMENT_3D('',#10560,#132,#34);
#10562=PLANE('',#10561);
#10563=ADVANCED_FACE('',(#10559),#10562,.T.);
#10564=ORIENTED_EDGE('',*,*,#10479,.T.);
#10565=ORIENTED_EDGE('',*,*,#10545,.T.);
#10566=ORIENTED_EDGE('',*,*,#10500,.F.);
#10567=ORIENTED_EDGE('',*,*,#10522,.F.);
#10568=EDGE_LOOP('',(#10564,#10565,#10566,#10567));
#10569=FACE_OUTER_BOUND('',#10568,.T.);
#10570=CARTESIAN_POINT('',(17.4336,-0.7083,0.3));
#10571=AXIS2_PLACEMENT_3D('',#10570,#16,#34);
#10572=PLANE('',#10571);
#10573=ADVANCED_FACE('',(#10569),#10572,.T.);
#10574=CLOSED_SHELL('',(#10491,#10517,#10535,#10553,#10563,#10573));
#10575=MANIFOLD_SOLID_BREP('Wire_5_10',#10574);
#10576=STYLED_ITEM('color',(#154),#10575);
#10577=CARTESIAN_POINT('',(16.3301,-0.85,0.3));
#10578=VERTEX_POINT('',#10577);
#10579=CARTESIAN_POINT('',(17.2699,-0.85,0.3));
#10580=VERTEX_POINT('',#10579);
#10581=CARTESIAN_POINT('',(16.3301,-0.7083,0.3));
#10582=VERTEX_POINT('',#10581);
#10583=CARTESIAN_POINT('',(17.2699,-0.7083,0.3));
#10584=VERTEX_POINT('',#10583);
#10585=CARTESIAN_POINT('',(16.3301,-0.85,10.));
#10586=VERTEX_POINT('',#10585);
#10587=CARTESIAN_POINT('',(17.2699,-0.85,10.));
#10588=VERTEX_POINT('',#10587);
#10589=CARTESIAN_POINT('',(16.3301,-0.7083,10.));
#10590=VERTEX_POINT('',#10589);
#10591=CARTESIAN_POINT('',(17.2699,-0.7083,10.));
#10592=VERTEX_POINT('',#10591);
#10593=VECTOR('',#34,0.1417);
#10594=CARTESIAN_POINT('',(16.3301,-0.85,0.3));
#10595=LINE('',#10594,#10593);
#10596=EDGE_CURVE('',#10578,#10582,#10595,.T.);
#10597=ORIENTED_EDGE('',*,*,#10596,.T.);
#10598=VECTOR('',#16,0.9397);
#10599=CARTESIAN_POINT('',(16.3301,-0.7083,0.3));
#10600=LINE('',#10599,#10598);
#10601=EDGE_CURVE('',#10582,#10584,#10600,.T.);
#10602=ORIENTED_EDGE('',*,*,#10601,.T.);
#10603=VECTOR('',#34,0.1417);
#10604=CARTESIAN_POINT('',(17.2699,-0.85,0.3));
#10605=LINE('',#10604,#10603);
#10606=EDGE_CURVE('',#10580,#10584,#10605,.T.);
#10607=ORIENTED_EDGE('',*,*,#10606,.F.);
#10608=VECTOR('',#16,0.9397);
#10609=CARTESIAN_POINT('',(16.3301,-0.85,0.3));
#10610=LINE('',#10609,#10608);
#10611=EDGE_CURVE('',#10578,#10580,#10610,.T.);
#10612=ORIENTED_EDGE('',*,*,#10611,.F.);
#10613=EDGE_LOOP('',(#10597,#10602,#10607,#10612));
#10614=FACE_OUTER_BOUND('',#10613,.T.);
#10615=CARTESIAN_POINT('',(16.3301,-0.85,0.3));
#10616=AXIS2_PLACEMENT_3D('',#10615,#58,#16);
#10617=PLANE('',#10616);
#10618=ADVANCED_FACE('',(#10614),#10617,.T.);
#10619=VECTOR('',#16,0.9397);
#10620=CARTESIAN_POINT('',(16.3301,-0.85,10.));
#10621=LINE('',#10620,#10619);
#10622=EDGE_CURVE('',#10586,#10588,#10621,.T.);
#10623=ORIENTED_EDGE('',*,*,#10622,.T.);
#10624=VECTOR('',#34,0.1417);
#10625=CARTESIAN_POINT('',(17.2699,-0.85,10.));
#10626=LINE('',#10625,#10624);
#10627=EDGE_CURVE('',#10588,#10592,#10626,.T.);
#10628=ORIENTED_EDGE('',*,*,#10627,.T.);
#10629=VECTOR('',#16,0.9397);
#10630=CARTESIAN_POINT('',(16.3301,-0.7083,10.));
#10631=LINE('',#10630,#10629);
#10632=EDGE_CURVE('',#10590,#10592,#10631,.T.);
#10633=ORIENTED_EDGE('',*,*,#10632,.F.);
#10634=VECTOR('',#34,0.1417);
#10635=CARTESIAN_POINT('',(16.3301,-0.85,10.));
#10636=LINE('',#10635,#10634);
#10637=EDGE_CURVE('',#10586,#10590,#10636,.T.);
#10638=ORIENTED_EDGE('',*,*,#10637,.F.);
#10639=EDGE_LOOP('',(#10623,#10628,#10633,#10638));
#10640=FACE_OUTER_BOUND('',#10639,.T.);
#10641=CARTESIAN_POINT('',(16.3301,-0.85,10.));
#10642=AXIS2_PLACEMENT_3D('',#10641,#15,#16);
#10643=PLANE('',#10642);
#10644=ADVANCED_FACE('',(#10640),#10643,.T.);
#10645=ORIENTED_EDGE('',*,*,#10611,.T.);
#10646=VECTOR('',#15,9.7);
#10647=CARTESIAN_POINT('',(17.2699,-0.85,0.3));
#10648=LINE('',#10647,#10646);
#10649=EDGE_CURVE('',#10580,#10588,#10648,.T.);
#10650=ORIENTED_EDGE('',*,*,#10649,.T.);
#10651=ORIENTED_EDGE('',*,*,#10622,.F.);
#10652=VECTOR('',#15,9.7);
#10653=CARTESIAN_POINT('',(16.3301,-0.85,0.3));
#10654=LINE('',#10653,#10652);
#10655=EDGE_CURVE('',#10578,#10586,#10654,.T.);
#10656=ORIENTED_EDGE('',*,*,#10655,.F.);
#10657=EDGE_LOOP('',(#10645,#10650,#10651,#10656));
#10658=FACE_OUTER_BOUND('',#10657,.T.);
#10659=CARTESIAN_POINT('',(16.3301,-0.85,0.3));
#10660=AXIS2_PLACEMENT_3D('',#10659,#103,#16);
#10661=PLANE('',#10660);
#10662=ADVANCED_FACE('',(#10658),#10661,.T.);
#10663=VECTOR('',#15,9.7);
#10664=CARTESIAN_POINT('',(16.3301,-0.7083,0.3));
#10665=LINE('',#10664,#10663);
#10666=EDGE_CURVE('',#10582,#10590,#10665,.T.);
#10667=ORIENTED_EDGE('',*,*,#10666,.T.);
#10668=ORIENTED_EDGE('',*,*,#10632,.T.);
#10669=VECTOR('',#15,9.7);
#10670=CARTESIAN_POINT('',(17.2699,-0.7083,0.3));
#10671=LINE('',#10670,#10669);
#10672=EDGE_CURVE('',#10584,#10592,#10671,.T.);
#10673=ORIENTED_EDGE('',*,*,#10672,.F.);
#10674=ORIENTED_EDGE('',*,*,#10601,.F.);
#10675=EDGE_LOOP('',(#10667,#10668,#10673,#10674));
#10676=FACE_OUTER_BOUND('',#10675,.T.);
#10677=CARTESIAN_POINT('',(16.3301,-0.7083,0.3));
#10678=AXIS2_PLACEMENT_3D('',#10677,#34,#16);
#10679=PLANE('',#10678);
#10680=ADVANCED_FACE('',(#10676),#10679,.T.);
#10681=ORIENTED_EDGE('',*,*,#10655,.T.);
#10682=ORIENTED_EDGE('',*,*,#10637,.T.);
#10683=ORIENTED_EDGE('',*,*,#10666,.F.);
#10684=ORIENTED_EDGE('',*,*,#10596,.F.);
#10685=EDGE_LOOP('',(#10681,#10682,#10683,#10684));
#10686=FACE_OUTER_BOUND('',#10685,.T.);
#10687=CARTESIAN_POINT('',(16.3301,-0.85,0.3));
#10688=AXIS2_PLACEMENT_3D('',#10687,#132,#34);
#10689=PLANE('',#10688);
#10690=ADVANCED_FACE('',(#10686),#10689,.T.);
#10691=ORIENTED_EDGE('',*,*,#10606,.T.);
#10692=ORIENTED_EDGE('',*,*,#10672,.T.);
#10693=ORIENTED_EDGE('',*,*,#10627,.F.);
#10694=ORIENTED_EDGE('',*,*,#10649,.F.);
#10695=EDGE_LOOP('',(#10691,#10692,#10693,#10694));
#10696=FACE_OUTER_BOUND('',#10695,.T.);
#10697=CARTESIAN_POINT('',(17.2699,-0.85,0.3));
#10698=AXIS2_PLACEMENT_3D('',#10697,#16,#34);
#10699=PLANE('',#10698);
#10700=ADVANCED_FACE('',(#10696),#10699,.T.);
#10701=CLOSED_SHELL('',(#10618,#10644,#10662,#10680,#10690,#10700));
#10702=MANIFOLD_SOLID_BREP('Wire_5_11',#10701);
#10703=STYLED_ITEM('color',(#154),#10702);
#10704=CARTESIAN_POINT('',(16.6137,0.1667,-1.8));
#10705=VERTEX_POINT('',#10704);
#10706=CARTESIAN_POINT('',(16.9863,0.1667,-1.8));
#10707=VERTEX_POINT('',#10706);
#10708=CARTESIAN_POINT('',(16.6137,0.25,-1.8));
#10709=VERTEX_POINT('',#10708);
#10710=CARTESIAN_POINT('',(16.9863,0.25,-1.8));
#10711=VERTEX_POINT('',#10710);
#10712=CARTESIAN_POINT('',(16.6137,0.1667,0.3));
#10713=VERTEX_POINT('',#10712);
#10714=CARTESIAN_POINT('',(16.9863,0.1667,0.3));
#10715=VERTEX_POINT('',#10714);
#10716=CARTESIAN_POINT('',(16.6137,0.25,0.3));
#10717=VERTEX_POINT('',#10716);
#10718=CARTESIAN_POINT('',(16.9863,0.25,0.3));
#10719=VERTEX_POINT('',#10718);
#10720=VECTOR('',#34,0.0833);
#10721=CARTESIAN_POINT('',(16.6137,0.1667,-1.8));
#10722=LINE('',#10721,#10720);
#10723=EDGE_CURVE('',#10705,#10709,#10722,.T.);
#10724=ORIENTED_EDGE('',*,*,#10723,.T.);
#10725=VECTOR('',#16,0.3727);
#10726=CARTESIAN_POINT('',(16.6137,0.25,-1.8));
#10727=LINE('',#10726,#10725);
#10728=EDGE_CURVE('',#10709,#10711,#10727,.T.);
#10729=ORIENTED_EDGE('',*,*,#10728,.T.);
#10730=VECTOR('',#34,0.0833);
#10731=CARTESIAN_POINT('',(16.9863,0.1667,-1.8));
#10732=LINE('',#10731,#10730);
#10733=EDGE_CURVE('',#10707,#10711,#10732,.T.);
#10734=ORIENTED_EDGE('',*,*,#10733,.F.);
#10735=VECTOR('',#16,0.3727);
#10736=CARTESIAN_POINT('',(16.6137,0.1667,-1.8));
#10737=LINE('',#10736,#10735);
#10738=EDGE_CURVE('',#10705,#10707,#10737,.T.);
#10739=ORIENTED_EDGE('',*,*,#10738,.F.);
#10740=EDGE_LOOP('',(#10724,#10729,#10734,#10739));
#10741=FACE_OUTER_BOUND('',#10740,.T.);
#10742=CARTESIAN_POINT('',(16.6137,0.1667,-1.8));
#10743=AXIS2_PLACEMENT_3D('',#10742,#58,#16);
#10744=PLANE('',#10743);
#10745=ADVANCED_FACE('',(#10741),#10744,.T.);
#10746=VECTOR('',#16,0.3727);
#10747=CARTESIAN_POINT('',(16.6137,0.1667,0.3));
#10748=LINE('',#10747,#10746);
#10749=EDGE_CURVE('',#10713,#10715,#10748,.T.);
#10750=ORIENTED_EDGE('',*,*,#10749,.T.);
#10751=VECTOR('',#34,0.0833);
#10752=CARTESIAN_POINT('',(16.9863,0.1667,0.3));
#10753=LINE('',#10752,#10751);
#10754=EDGE_CURVE('',#10715,#10719,#10753,.T.);
#10755=ORIENTED_EDGE('',*,*,#10754,.T.);
#10756=VECTOR('',#16,0.3727);
#10757=CARTESIAN_POINT('',(16.6137,0.25,0.3));
#10758=LINE('',#10757,#10756);
#10759=EDGE_CURVE('',#10717,#10719,#10758,.T.);
#10760=ORIENTED_EDGE('',*,*,#10759,.F.);
#10761=VECTOR('',#34,0.0833);
#10762=CARTESIAN_POINT('',(16.6137,0.1667,0.3));
#10763=LINE('',#10762,#10761);
#10764=EDGE_CURVE('',#10713,#10717,#10763,.T.);
#10765=ORIENTED_EDGE('',*,*,#10764,.F.);
#10766=EDGE_LOOP('',(#10750,#10755,#10760,#10765));
#10767=FACE_OUTER_BOUND('',#10766,.T.);
#10768=CARTESIAN_POINT('',(16.6137,0.1667,0.3));
#10769=AXIS2_PLACEMENT_3D('',#10768,#15,#16);
#10770=PLANE('',#10769);
#10771=ADVANCED_FACE('',(#10767),#10770,.T.);
#10772=ORIENTED_EDGE('',*,*,#10738,.T.);
#10773=VECTOR('',#15,2.1);
#10774=CARTESIAN_POINT('',(16.9863,0.1667,-1.8));
#10775=LINE('',#10774,#10773);
#10776=EDGE_CURVE('',#10707,#10715,#10775,.T.);
#10777=ORIENTED_EDGE('',*,*,#10776,.T.);
#10778=ORIENTED_EDGE('',*,*,#10749,.F.);
#10779=VECTOR('',#15,2.1);
#10780=CARTESIAN_POINT('',(16.6137,0.1667,-1.8));
#10781=LINE('',#10780,#10779);
#10782=EDGE_CURVE('',#10705,#10713,#10781,.T.);
#10783=ORIENTED_EDGE('',*,*,#10782,.F.);
#10784=EDGE_LOOP('',(#10772,#10777,#10778,#10783));
#10785=FACE_OUTER_BOUND('',#10784,.T.);
#10786=CARTESIAN_POINT('',(16.6137,0.1667,-1.8));
#10787=AXIS2_PLACEMENT_3D('',#10786,#103,#16);
#10788=PLANE('',#10787);
#10789=ADVANCED_FACE('',(#10785),#10788,.T.);
#10790=VECTOR('',#15,2.1);
#10791=CARTESIAN_POINT('',(16.6137,0.25,-1.8));
#10792=LINE('',#10791,#10790);
#10793=EDGE_CURVE('',#10709,#10717,#10792,.T.);
#10794=ORIENTED_EDGE('',*,*,#10793,.T.);
#10795=ORIENTED_EDGE('',*,*,#10759,.T.);
#10796=VECTOR('',#15,2.1);
#10797=CARTESIAN_POINT('',(16.9863,0.25,-1.8));
#10798=LINE('',#10797,#10796);
#10799=EDGE_CURVE('',#10711,#10719,#10798,.T.);
#10800=ORIENTED_EDGE('',*,*,#10799,.F.);
#10801=ORIENTED_EDGE('',*,*,#10728,.F.);
#10802=EDGE_LOOP('',(#10794,#10795,#10800,#10801));
#10803=FACE_OUTER_BOUND('',#10802,.T.);
#10804=CARTESIAN_POINT('',(16.6137,0.25,-1.8));
#10805=AXIS2_PLACEMENT_3D('',#10804,#34,#16);
#10806=PLANE('',#10805);
#10807=ADVANCED_FACE('',(#10803),#10806,.T.);
#10808=ORIENTED_EDGE('',*,*,#10782,.T.);
#10809=ORIENTED_EDGE('',*,*,#10764,.T.);
#10810=ORIENTED_EDGE('',*,*,#10793,.F.);
#10811=ORIENTED_EDGE('',*,*,#10723,.F.);
#10812=EDGE_LOOP('',(#10808,#10809,#10810,#10811));
#10813=FACE_OUTER_BOUND('',#10812,.T.);
#10814=CARTESIAN_POINT('',(16.6137,0.1667,-1.8));
#10815=AXIS2_PLACEMENT_3D('',#10814,#132,#34);
#10816=PLANE('',#10815);
#10817=ADVANCED_FACE('',(#10813),#10816,.T.);
#10818=ORIENTED_EDGE('',*,*,#10733,.T.);
#10819=ORIENTED_EDGE('',*,*,#10799,.T.);
#10820=ORIENTED_EDGE('',*,*,#10754,.F.);
#10821=ORIENTED_EDGE('',*,*,#10776,.F.);
#10822=EDGE_LOOP('',(#10818,#10819,#10820,#10821));
#10823=FACE_OUTER_BOUND('',#10822,.T.);
#10824=CARTESIAN_POINT('',(16.9863,0.1667,-1.8));
#10825=AXIS2_PLACEMENT_3D('',#10824,#16,#34);
#10826=PLANE('',#10825);
#10827=ADVANCED_FACE('',(#10823),#10826,.T.);
#10828=CLOSED_SHELL('',(#10745,#10771,#10789,#10807,#10817,#10827));
#10829=MANIFOLD_SOLID_BREP('Conductor_5_0',#10828);
#10830=STYLED_ITEM('color',(#1685),#10829);
#10831=CARTESIAN_POINT('',(16.5643,0.0833,-1.8));
#10832=VERTEX_POINT('',#10831);
#10833=CARTESIAN_POINT('',(17.0357,0.0833,-1.8));
#10834=VERTEX_POINT('',#10833);
#10835=CARTESIAN_POINT('',(16.5643,0.1667,-1.8));
#10836=VERTEX_POINT('',#10835);
#10837=CARTESIAN_POINT('',(17.0357,0.1667,-1.8));
#10838=VERTEX_POINT('',#10837);
#10839=CARTESIAN_POINT('',(16.5643,0.0833,0.3));
#10840=VERTEX_POINT('',#10839);
#10841=CARTESIAN_POINT('',(17.0357,0.0833,0.3));
#10842=VERTEX_POINT('',#10841);
#10843=CARTESIAN_POINT('',(16.5643,0.1667,0.3));
#10844=VERTEX_POINT('',#10843);
#10845=CARTESIAN_POINT('',(17.0357,0.1667,0.3));
#10846=VERTEX_POINT('',#10845);
#10847=VECTOR('',#34,0.0833);
#10848=CARTESIAN_POINT('',(16.5643,0.0833,-1.8));
#10849=LINE('',#10848,#10847);
#10850=EDGE_CURVE('',#10832,#10836,#10849,.T.);
#10851=ORIENTED_EDGE('',*,*,#10850,.T.);
#10852=VECTOR('',#16,0.4714);
#10853=CARTESIAN_POINT('',(16.5643,0.1667,-1.8));
#10854=LINE('',#10853,#10852);
#10855=EDGE_CURVE('',#10836,#10838,#10854,.T.);
#10856=ORIENTED_EDGE('',*,*,#10855,.T.);
#10857=VECTOR('',#34,0.0833);
#10858=CARTESIAN_POINT('',(17.0357,0.0833,-1.8));
#10859=LINE('',#10858,#10857);
#10860=EDGE_CURVE('',#10834,#10838,#10859,.T.);
#10861=ORIENTED_EDGE('',*,*,#10860,.F.);
#10862=VECTOR('',#16,0.4714);
#10863=CARTESIAN_POINT('',(16.5643,0.0833,-1.8));
#10864=LINE('',#10863,#10862);
#10865=EDGE_CURVE('',#10832,#10834,#10864,.T.);
#10866=ORIENTED_EDGE('',*,*,#10865,.F.);
#10867=EDGE_LOOP('',(#10851,#10856,#10861,#10866));
#10868=FACE_OUTER_BOUND('',#10867,.T.);
#10869=CARTESIAN_POINT('',(16.5643,0.0833,-1.8));
#10870=AXIS2_PLACEMENT_3D('',#10869,#58,#16);
#10871=PLANE('',#10870);
#10872=ADVANCED_FACE('',(#10868),#10871,.T.);
#10873=VECTOR('',#16,0.4714);
#10874=CARTESIAN_POINT('',(16.5643,0.0833,0.3));
#10875=LINE('',#10874,#10873);
#10876=EDGE_CURVE('',#10840,#10842,#10875,.T.);
#10877=ORIENTED_EDGE('',*,*,#10876,.T.);
#10878=VECTOR('',#34,0.0833);
#10879=CARTESIAN_POINT('',(17.0357,0.0833,0.3));
#10880=LINE('',#10879,#10878);
#10881=EDGE_CURVE('',#10842,#10846,#10880,.T.);
#10882=ORIENTED_EDGE('',*,*,#10881,.T.);
#10883=VECTOR('',#16,0.4714);
#10884=CARTESIAN_POINT('',(16.5643,0.1667,0.3));
#10885=LINE('',#10884,#10883);
#10886=EDGE_CURVE('',#10844,#10846,#10885,.T.);
#10887=ORIENTED_EDGE('',*,*,#10886,.F.);
#10888=VECTOR('',#34,0.0833);
#10889=CARTESIAN_POINT('',(16.5643,0.0833,0.3));
#10890=LINE('',#10889,#10888);
#10891=EDGE_CURVE('',#10840,#10844,#10890,.T.);
#10892=ORIENTED_EDGE('',*,*,#10891,.F.);
#10893=EDGE_LOOP('',(#10877,#10882,#10887,#10892));
#10894=FACE_OUTER_BOUND('',#10893,.T.);
#10895=CARTESIAN_POINT('',(16.5643,0.0833,0.3));
#10896=AXIS2_PLACEMENT_3D('',#10895,#15,#16);
#10897=PLANE('',#10896);
#10898=ADVANCED_FACE('',(#10894),#10897,.T.);
#10899=ORIENTED_EDGE('',*,*,#10865,.T.);
#10900=VECTOR('',#15,2.1);
#10901=CARTESIAN_POINT('',(17.0357,0.0833,-1.8));
#10902=LINE('',#10901,#10900);
#10903=EDGE_CURVE('',#10834,#10842,#10902,.T.);
#10904=ORIENTED_EDGE('',*,*,#10903,.T.);
#10905=ORIENTED_EDGE('',*,*,#10876,.F.);
#10906=VECTOR('',#15,2.1);
#10907=CARTESIAN_POINT('',(16.5643,0.0833,-1.8));
#10908=LINE('',#10907,#10906);
#10909=EDGE_CURVE('',#10832,#10840,#10908,.T.);
#10910=ORIENTED_EDGE('',*,*,#10909,.F.);
#10911=EDGE_LOOP('',(#10899,#10904,#10905,#10910));
#10912=FACE_OUTER_BOUND('',#10911,.T.);
#10913=CARTESIAN_POINT('',(16.5643,0.0833,-1.8));
#10914=AXIS2_PLACEMENT_3D('',#10913,#103,#16);
#10915=PLANE('',#10914);
#10916=ADVANCED_FACE('',(#10912),#10915,.T.);
#10917=VECTOR('',#15,2.1);
#10918=CARTESIAN_POINT('',(16.5643,0.1667,-1.8));
#10919=LINE('',#10918,#10917);
#10920=EDGE_CURVE('',#10836,#10844,#10919,.T.);
#10921=ORIENTED_EDGE('',*,*,#10920,.T.);
#10922=ORIENTED_EDGE('',*,*,#10886,.T.);
#10923=VECTOR('',#15,2.1);
#10924=CARTESIAN_POINT('',(17.0357,0.1667,-1.8));
#10925=LINE('',#10924,#10923);
#10926=EDGE_CURVE('',#10838,#10846,#10925,.T.);
#10927=ORIENTED_EDGE('',*,*,#10926,.F.);
#10928=ORIENTED_EDGE('',*,*,#10855,.F.);
#10929=EDGE_LOOP('',(#10921,#10922,#10927,#10928));
#10930=FACE_OUTER_BOUND('',#10929,.T.);
#10931=CARTESIAN_POINT('',(16.5643,0.1667,-1.8));
#10932=AXIS2_PLACEMENT_3D('',#10931,#34,#16);
#10933=PLANE('',#10932);
#10934=ADVANCED_FACE('',(#10930),#10933,.T.);
#10935=ORIENTED_EDGE('',*,*,#10909,.T.);
#10936=ORIENTED_EDGE('',*,*,#10891,.T.);
#10937=ORIENTED_EDGE('',*,*,#10920,.F.);
#10938=ORIENTED_EDGE('',*,*,#10850,.F.);
#10939=EDGE_LOOP('',(#10935,#10936,#10937,#10938));
#10940=FACE_OUTER_BOUND('',#10939,.T.);
#10941=CARTESIAN_POINT('',(16.5643,0.0833,-1.8));
#10942=AXIS2_PLACEMENT_3D('',#10941,#132,#34);
#10943=PLANE('',#10942);
#10944=ADVANCED_FACE('',(#10940),#10943,.T.);
#10945=ORIENTED_EDGE('',*,*,#10860,.T.);
#10946=ORIENTED_EDGE('',*,*,#10926,.T.);
#10947=ORIENTED_EDGE('',*,*,#10881,.F.);
#10948=ORIENTED_EDGE('',*,*,#10903,.F.);
#10949=EDGE_LOOP('',(#10945,#10946,#10947,#10948));
#10950=FACE_OUTER_BOUND('',#10949,.T.);
#10951=CARTESIAN_POINT('',(17.0357,0.0833,-1.8));
#10952=AXIS2_PLACEMENT_3D('',#10951,#16,#34);
#10953=PLANE('',#10952);
#10954=ADVANCED_FACE('',(#10950),#10953,.T.);
#10955=CLOSED_SHELL('',(#10872,#10898,#10916,#10934,#10944,#10954));
#10956=MANIFOLD_SOLID_BREP('Conductor_5_1',#10955);
#10957=STYLED_ITEM('color',(#1685),#10956);
#10958=CARTESIAN_POINT('',(16.55,-0.,-1.8));
#10959=VERTEX_POINT('',#10958);
#10960=CARTESIAN_POINT('',(17.05,-0.,-1.8));
#10961=VERTEX_POINT('',#10960);
#10962=CARTESIAN_POINT('',(16.55,0.0833,-1.8));
#10963=VERTEX_POINT('',#10962);
#10964=CARTESIAN_POINT('',(17.05,0.0833,-1.8));
#10965=VERTEX_POINT('',#10964);
#10966=CARTESIAN_POINT('',(16.55,-0.,0.3));
#10967=VERTEX_POINT('',#10966);
#10968=CARTESIAN_POINT('',(17.05,-0.,0.3));
#10969=VERTEX_POINT('',#10968);
#10970=CARTESIAN_POINT('',(16.55,0.0833,0.3));
#10971=VERTEX_POINT('',#10970);
#10972=CARTESIAN_POINT('',(17.05,0.0833,0.3));
#10973=VERTEX_POINT('',#10972);
#10974=VECTOR('',#34,0.0833);
#10975=CARTESIAN_POINT('',(16.55,-0.,-1.8));
#10976=LINE('',#10975,#10974);
#10977=EDGE_CURVE('',#10959,#10963,#10976,.T.);
#10978=ORIENTED_EDGE('',*,*,#10977,.T.);
#10979=VECTOR('',#16,0.5);
#10980=CARTESIAN_POINT('',(16.55,0.0833,-1.8));
#10981=LINE('',#10980,#10979);
#10982=EDGE_CURVE('',#10963,#10965,#10981,.T.);
#10983=ORIENTED_EDGE('',*,*,#10982,.T.);
#10984=VECTOR('',#34,0.0833);
#10985=CARTESIAN_POINT('',(17.05,-0.,-1.8));
#10986=LINE('',#10985,#10984);
#10987=EDGE_CURVE('',#10961,#10965,#10986,.T.);
#10988=ORIENTED_EDGE('',*,*,#10987,.F.);
#10989=VECTOR('',#16,0.5);
#10990=CARTESIAN_POINT('',(16.55,-0.,-1.8));
#10991=LINE('',#10990,#10989);
#10992=EDGE_CURVE('',#10959,#10961,#10991,.T.);
#10993=ORIENTED_EDGE('',*,*,#10992,.F.);
#10994=EDGE_LOOP('',(#10978,#10983,#10988,#10993));
#10995=FACE_OUTER_BOUND('',#10994,.T.);
#10996=CARTESIAN_POINT('',(16.55,-0.,-1.8));
#10997=AXIS2_PLACEMENT_3D('',#10996,#58,#16);
#10998=PLANE('',#10997);
#10999=ADVANCED_FACE('',(#10995),#10998,.T.);
#11000=VECTOR('',#16,0.5);
#11001=CARTESIAN_POINT('',(16.55,-0.,0.3));
#11002=LINE('',#11001,#11000);
#11003=EDGE_CURVE('',#10967,#10969,#11002,.T.);
#11004=ORIENTED_EDGE('',*,*,#11003,.T.);
#11005=VECTOR('',#34,0.0833);
#11006=CARTESIAN_POINT('',(17.05,-0.,0.3));
#11007=LINE('',#11006,#11005);
#11008=EDGE_CURVE('',#10969,#10973,#11007,.T.);
#11009=ORIENTED_EDGE('',*,*,#11008,.T.);
#11010=VECTOR('',#16,0.5);
#11011=CARTESIAN_POINT('',(16.55,0.0833,0.3));
#11012=LINE('',#11011,#11010);
#11013=EDGE_CURVE('',#10971,#10973,#11012,.T.);
#11014=ORIENTED_EDGE('',*,*,#11013,.F.);
#11015=VECTOR('',#34,0.0833);
#11016=CARTESIAN_POINT('',(16.55,-0.,0.3));
#11017=LINE('',#11016,#11015);
#11018=EDGE_CURVE('',#10967,#10971,#11017,.T.);
#11019=ORIENTED_EDGE('',*,*,#11018,.F.);
#11020=EDGE_LOOP('',(#11004,#11009,#11014,#11019));
#11021=FACE_OUTER_BOUND('',#11020,.T.);
#11022=CARTESIAN_POINT('',(16.55,-0.,0.3));
#11023=AXIS2_PLACEMENT_3D('',#11022,#15,#16);
#11024=PLANE('',#11023);
#11025=ADVANCED_FACE('',(#11021),#11024,.T.);
#11026=ORIENTED_EDGE('',*,*,#10992,.T.);
#11027=VECTOR('',#15,2.1);
#11028=CARTESIAN_POINT('',(17.05,-0.,-1.8));
#11029=LINE('',#11028,#11027);
#11030=EDGE_CURVE('',#10961,#10969,#11029,.T.);
#11031=ORIENTED_EDGE('',*,*,#11030,.T.);
#11032=ORIENTED_EDGE('',*,*,#11003,.F.);
#11033=VECTOR('',#15,2.1);
#11034=CARTESIAN_POINT('',(16.55,-0.,-1.8));
#11035=LINE('',#11034,#11033);
#11036=EDGE_CURVE('',#10959,#10967,#11035,.T.);
#11037=ORIENTED_EDGE('',*,*,#11036,.F.);
#11038=EDGE_LOOP('',(#11026,#11031,#11032,#11037));
#11039=FACE_OUTER_BOUND('',#11038,.T.);
#11040=CARTESIAN_POINT('',(16.55,-0.,-1.8));
#11041=AXIS2_PLACEMENT_3D('',#11040,#103,#16);
#11042=PLANE('',#11041);
#11043=ADVANCED_FACE('',(#11039),#11042,.T.);
#11044=VECTOR('',#15,2.1);
#11045=CARTESIAN_POINT('',(16.55,0.0833,-1.8));
#11046=LINE('',#11045,#11044);
#11047=EDGE_CURVE('',#10963,#10971,#11046,.T.);
#11048=ORIENTED_EDGE('',*,*,#11047,.T.);
#11049=ORIENTED_EDGE('',*,*,#11013,.T.);
#11050=VECTOR('',#15,2.1);
#11051=CARTESIAN_POINT('',(17.05,0.0833,-1.8));
#11052=LINE('',#11051,#11050);
#11053=EDGE_CURVE('',#10965,#10973,#11052,.T.);
#11054=ORIENTED_EDGE('',*,*,#11053,.F.);
#11055=ORIENTED_EDGE('',*,*,#10982,.F.);
#11056=EDGE_LOOP('',(#11048,#11049,#11054,#11055));
#11057=FACE_OUTER_BOUND('',#11056,.T.);
#11058=CARTESIAN_POINT('',(16.55,0.0833,-1.8));
#11059=AXIS2_PLACEMENT_3D('',#11058,#34,#16);
#11060=PLANE('',#11059);
#11061=ADVANCED_FACE('',(#11057),#11060,.T.);
#11062=ORIENTED_EDGE('',*,*,#11036,.T.);
#11063=ORIENTED_EDGE('',*,*,#11018,.T.);
#11064=ORIENTED_EDGE('',*,*,#11047,.F.);
#11065=ORIENTED_EDGE('',*,*,#10977,.F.);
#11066=EDGE_LOOP('',(#11062,#11063,#11064,#11065));
#11067=FACE_OUTER_BOUND('',#11066,.T.);
#11068=CARTESIAN_POINT('',(16.55,-0.,-1.8));
#11069=AXIS2_PLACEMENT_3D('',#11068,#132,#34);
#11070=PLANE('',#11069);
#11071=ADVANCED_FACE('',(#11067),#11070,.T.);
#11072=ORIENTED_EDGE('',*,*,#10987,.T.);
#11073=ORIENTED_EDGE('',*,*,#11053,.T.);
#11074=ORIENTED_EDGE('',*,*,#11008,.F.);
#11075=ORIENTED_EDGE('',*,*,#11030,.F.);
#11076=EDGE_LOOP('',(#11072,#11073,#11074,#11075));
#11077=FACE_OUTER_BOUND('',#11076,.T.);
#11078=CARTESIAN_POINT('',(17.05,-0.,-1.8));
#11079=AXIS2_PLACEMENT_3D('',#11078,#16,#34);
#11080=PLANE('',#11079);
#11081=ADVANCED_FACE('',(#11077),#11080,.T.);
#11082=CLOSED_SHELL('',(#10999,#11025,#11043,#11061,#11071,#11081));
#11083=MANIFOLD_SOLID_BREP('Conductor_5_2',#11082);
#11084=STYLED_ITEM('color',(#1685),#11083);
#11085=CARTESIAN_POINT('',(16.55,-0.0833,-1.8));
#11086=VERTEX_POINT('',#11085);
#11087=CARTESIAN_POINT('',(17.05,-0.0833,-1.8));
#11088=VERTEX_POINT('',#11087);
#11089=CARTESIAN_POINT('',(16.55,-0.,-1.8));
#11090=VERTEX_POINT('',#11089);
#11091=CARTESIAN_POINT('',(17.05,-0.,-1.8));
#11092=VERTEX_POINT('',#11091);
#11093=CARTESIAN_POINT('',(16.55,-0.0833,0.3));
#11094=VERTEX_POINT('',#11093);
#11095=CARTESIAN_POINT('',(17.05,-0.0833,0.3));
#11096=VERTEX_POINT('',#11095);
#11097=CARTESIAN_POINT('',(16.55,-0.,0.3));
#11098=VERTEX_POINT('',#11097);
#11099=CARTESIAN_POINT('',(17.05,-0.,0.3));
#11100=VERTEX_POINT('',#11099);
#11101=VECTOR('',#34,0.0833);
#11102=CARTESIAN_POINT('',(16.55,-0.0833,-1.8));
#11103=LINE('',#11102,#11101);
#11104=EDGE_CURVE('',#11086,#11090,#11103,.T.);
#11105=ORIENTED_EDGE('',*,*,#11104,.T.);
#11106=VECTOR('',#16,0.5);
#11107=CARTESIAN_POINT('',(16.55,-0.,-1.8));
#11108=LINE('',#11107,#11106);
#11109=EDGE_CURVE('',#11090,#11092,#11108,.T.);
#11110=ORIENTED_EDGE('',*,*,#11109,.T.);
#11111=VECTOR('',#34,0.0833);
#11112=CARTESIAN_POINT('',(17.05,-0.0833,-1.8));
#11113=LINE('',#11112,#11111);
#11114=EDGE_CURVE('',#11088,#11092,#11113,.T.);
#11115=ORIENTED_EDGE('',*,*,#11114,.F.);
#11116=VECTOR('',#16,0.5);
#11117=CARTESIAN_POINT('',(16.55,-0.0833,-1.8));
#11118=LINE('',#11117,#11116);
#11119=EDGE_CURVE('',#11086,#11088,#11118,.T.);
#11120=ORIENTED_EDGE('',*,*,#11119,.F.);
#11121=EDGE_LOOP('',(#11105,#11110,#11115,#11120));
#11122=FACE_OUTER_BOUND('',#11121,.T.);
#11123=CARTESIAN_POINT('',(16.55,-0.0833,-1.8));
#11124=AXIS2_PLACEMENT_3D('',#11123,#58,#16);
#11125=PLANE('',#11124);
#11126=ADVANCED_FACE('',(#11122),#11125,.T.);
#11127=VECTOR('',#16,0.5);
#11128=CARTESIAN_POINT('',(16.55,-0.0833,0.3));
#11129=LINE('',#11128,#11127);
#11130=EDGE_CURVE('',#11094,#11096,#11129,.T.);
#11131=ORIENTED_EDGE('',*,*,#11130,.T.);
#11132=VECTOR('',#34,0.0833);
#11133=CARTESIAN_POINT('',(17.05,-0.0833,0.3));
#11134=LINE('',#11133,#11132);
#11135=EDGE_CURVE('',#11096,#11100,#11134,.T.);
#11136=ORIENTED_EDGE('',*,*,#11135,.T.);
#11137=VECTOR('',#16,0.5);
#11138=CARTESIAN_POINT('',(16.55,-0.,0.3));
#11139=LINE('',#11138,#11137);
#11140=EDGE_CURVE('',#11098,#11100,#11139,.T.);
#11141=ORIENTED_EDGE('',*,*,#11140,.F.);
#11142=VECTOR('',#34,0.0833);
#11143=CARTESIAN_POINT('',(16.55,-0.0833,0.3));
#11144=LINE('',#11143,#11142);
#11145=EDGE_CURVE('',#11094,#11098,#11144,.T.);
#11146=ORIENTED_EDGE('',*,*,#11145,.F.);
#11147=EDGE_LOOP('',(#11131,#11136,#11141,#11146));
#11148=FACE_OUTER_BOUND('',#11147,.T.);
#11149=CARTESIAN_POINT('',(16.55,-0.0833,0.3));
#11150=AXIS2_PLACEMENT_3D('',#11149,#15,#16);
#11151=PLANE('',#11150);
#11152=ADVANCED_FACE('',(#11148),#11151,.T.);
#11153=ORIENTED_EDGE('',*,*,#11119,.T.);
#11154=VECTOR('',#15,2.1);
#11155=CARTESIAN_POINT('',(17.05,-0.0833,-1.8));
#11156=LINE('',#11155,#11154);
#11157=EDGE_CURVE('',#11088,#11096,#11156,.T.);
#11158=ORIENTED_EDGE('',*,*,#11157,.T.);
#11159=ORIENTED_EDGE('',*,*,#11130,.F.);
#11160=VECTOR('',#15,2.1);
#11161=CARTESIAN_POINT('',(16.55,-0.0833,-1.8));
#11162=LINE('',#11161,#11160);
#11163=EDGE_CURVE('',#11086,#11094,#11162,.T.);
#11164=ORIENTED_EDGE('',*,*,#11163,.F.);
#11165=EDGE_LOOP('',(#11153,#11158,#11159,#11164));
#11166=FACE_OUTER_BOUND('',#11165,.T.);
#11167=CARTESIAN_POINT('',(16.55,-0.0833,-1.8));
#11168=AXIS2_PLACEMENT_3D('',#11167,#103,#16);
#11169=PLANE('',#11168);
#11170=ADVANCED_FACE('',(#11166),#11169,.T.);
#11171=VECTOR('',#15,2.1);
#11172=CARTESIAN_POINT('',(16.55,-0.,-1.8));
#11173=LINE('',#11172,#11171);
#11174=EDGE_CURVE('',#11090,#11098,#11173,.T.);
#11175=ORIENTED_EDGE('',*,*,#11174,.T.);
#11176=ORIENTED_EDGE('',*,*,#11140,.T.);
#11177=VECTOR('',#15,2.1);
#11178=CARTESIAN_POINT('',(17.05,-0.,-1.8));
#11179=LINE('',#11178,#11177);
#11180=EDGE_CURVE('',#11092,#11100,#11179,.T.);
#11181=ORIENTED_EDGE('',*,*,#11180,.F.);
#11182=ORIENTED_EDGE('',*,*,#11109,.F.);
#11183=EDGE_LOOP('',(#11175,#11176,#11181,#11182));
#11184=FACE_OUTER_BOUND('',#11183,.T.);
#11185=CARTESIAN_POINT('',(16.55,-0.,-1.8));
#11186=AXIS2_PLACEMENT_3D('',#11185,#34,#16);
#11187=PLANE('',#11186);
#11188=ADVANCED_FACE('',(#11184),#11187,.T.);
#11189=ORIENTED_EDGE('',*,*,#11163,.T.);
#11190=ORIENTED_EDGE('',*,*,#11145,.T.);
#11191=ORIENTED_EDGE('',*,*,#11174,.F.);
#11192=ORIENTED_EDGE('',*,*,#11104,.F.);
#11193=EDGE_LOOP('',(#11189,#11190,#11191,#11192));
#11194=FACE_OUTER_BOUND('',#11193,.T.);
#11195=CARTESIAN_POINT('',(16.55,-0.0833,-1.8));
#11196=AXIS2_PLACEMENT_3D('',#11195,#132,#34);
#11197=PLANE('',#11196);
#11198=ADVANCED_FACE('',(#11194),#11197,.T.);
#11199=ORIENTED_EDGE('',*,*,#11114,.T.);
#11200=ORIENTED_EDGE('',*,*,#11180,.T.);
#11201=ORIENTED_EDGE('',*,*,#11135,.F.);
#11202=ORIENTED_EDGE('',*,*,#11157,.F.);
#11203=EDGE_LOOP('',(#11199,#11200,#11201,#11202));
#11204=FACE_OUTER_BOUND('',#11203,.T.);
#11205=CARTESIAN_POINT('',(17.05,-0.0833,-1.8));
#11206=AXIS2_PLACEMENT_3D('',#11205,#16,#34);
#11207=PLANE('',#11206);
#11208=ADVANCED_FACE('',(#11204),#11207,.T.);
#11209=CLOSED_SHELL('',(#11126,#11152,#11170,#11188,#11198,#11208));
#11210=MANIFOLD_SOLID_BREP('Conductor_5_3',#11209);
#11211=STYLED_ITEM('color',(#1685),#11210);
#11212=CARTESIAN_POINT('',(16.5643,-0.1667,-1.8));
#11213=VERTEX_POINT('',#11212);
#11214=CARTESIAN_POINT('',(17.0357,-0.1667,-1.8));
#11215=VERTEX_POINT('',#11214);
#11216=CARTESIAN_POINT('',(16.5643,-0.0833,-1.8));
#11217=VERTEX_POINT('',#11216);
#11218=CARTESIAN_POINT('',(17.0357,-0.0833,-1.8));
#11219=VERTEX_POINT('',#11218);
#11220=CARTESIAN_POINT('',(16.5643,-0.1667,0.3));
#11221=VERTEX_POINT('',#11220);
#11222=CARTESIAN_POINT('',(17.0357,-0.1667,0.3));
#11223=VERTEX_POINT('',#11222);
#11224=CARTESIAN_POINT('',(16.5643,-0.0833,0.3));
#11225=VERTEX_POINT('',#11224);
#11226=CARTESIAN_POINT('',(17.0357,-0.0833,0.3));
#11227=VERTEX_POINT('',#11226);
#11228=VECTOR('',#34,0.0833);
#11229=CARTESIAN_POINT('',(16.5643,-0.1667,-1.8));
#11230=LINE('',#11229,#11228);
#11231=EDGE_CURVE('',#11213,#11217,#11230,.T.);
#11232=ORIENTED_EDGE('',*,*,#11231,.T.);
#11233=VECTOR('',#16,0.4714);
#11234=CARTESIAN_POINT('',(16.5643,-0.0833,-1.8));
#11235=LINE('',#11234,#11233);
#11236=EDGE_CURVE('',#11217,#11219,#11235,.T.);
#11237=ORIENTED_EDGE('',*,*,#11236,.T.);
#11238=VECTOR('',#34,0.0833);
#11239=CARTESIAN_POINT('',(17.0357,-0.1667,-1.8));
#11240=LINE('',#11239,#11238);
#11241=EDGE_CURVE('',#11215,#11219,#11240,.T.);
#11242=ORIENTED_EDGE('',*,*,#11241,.F.);
#11243=VECTOR('',#16,0.4714);
#11244=CARTESIAN_POINT('',(16.5643,-0.1667,-1.8));
#11245=LINE('',#11244,#11243);
#11246=EDGE_CURVE('',#11213,#11215,#11245,.T.);
#11247=ORIENTED_EDGE('',*,*,#11246,.F.);
#11248=EDGE_LOOP('',(#11232,#11237,#11242,#11247));
#11249=FACE_OUTER_BOUND('',#11248,.T.);
#11250=CARTESIAN_POINT('',(16.5643,-0.1667,-1.8));
#11251=AXIS2_PLACEMENT_3D('',#11250,#58,#16);
#11252=PLANE('',#11251);
#11253=ADVANCED_FACE('',(#11249),#11252,.T.);
#11254=VECTOR('',#16,0.4714);
#11255=CARTESIAN_POINT('',(16.5643,-0.1667,0.3));
#11256=LINE('',#11255,#11254);
#11257=EDGE_CURVE('',#11221,#11223,#11256,.T.);
#11258=ORIENTED_EDGE('',*,*,#11257,.T.);
#11259=VECTOR('',#34,0.0833);
#11260=CARTESIAN_POINT('',(17.0357,-0.1667,0.3));
#11261=LINE('',#11260,#11259);
#11262=EDGE_CURVE('',#11223,#11227,#11261,.T.);
#11263=ORIENTED_EDGE('',*,*,#11262,.T.);
#11264=VECTOR('',#16,0.4714);
#11265=CARTESIAN_POINT('',(16.5643,-0.0833,0.3));
#11266=LINE('',#11265,#11264);
#11267=EDGE_CURVE('',#11225,#11227,#11266,.T.);
#11268=ORIENTED_EDGE('',*,*,#11267,.F.);
#11269=VECTOR('',#34,0.0833);
#11270=CARTESIAN_POINT('',(16.5643,-0.1667,0.3));
#11271=LINE('',#11270,#11269);
#11272=EDGE_CURVE('',#11221,#11225,#11271,.T.);
#11273=ORIENTED_EDGE('',*,*,#11272,.F.);
#11274=EDGE_LOOP('',(#11258,#11263,#11268,#11273));
#11275=FACE_OUTER_BOUND('',#11274,.T.);
#11276=CARTESIAN_POINT('',(16.5643,-0.1667,0.3));
#11277=AXIS2_PLACEMENT_3D('',#11276,#15,#16);
#11278=PLANE('',#11277);
#11279=ADVANCED_FACE('',(#11275),#11278,.T.);
#11280=ORIENTED_EDGE('',*,*,#11246,.T.);
#11281=VECTOR('',#15,2.1);
#11282=CARTESIAN_POINT('',(17.0357,-0.1667,-1.8));
#11283=LINE('',#11282,#11281);
#11284=EDGE_CURVE('',#11215,#11223,#11283,.T.);
#11285=ORIENTED_EDGE('',*,*,#11284,.T.);
#11286=ORIENTED_EDGE('',*,*,#11257,.F.);
#11287=VECTOR('',#15,2.1);
#11288=CARTESIAN_POINT('',(16.5643,-0.1667,-1.8));
#11289=LINE('',#11288,#11287);
#11290=EDGE_CURVE('',#11213,#11221,#11289,.T.);
#11291=ORIENTED_EDGE('',*,*,#11290,.F.);
#11292=EDGE_LOOP('',(#11280,#11285,#11286,#11291));
#11293=FACE_OUTER_BOUND('',#11292,.T.);
#11294=CARTESIAN_POINT('',(16.5643,-0.1667,-1.8));
#11295=AXIS2_PLACEMENT_3D('',#11294,#103,#16);
#11296=PLANE('',#11295);
#11297=ADVANCED_FACE('',(#11293),#11296,.T.);
#11298=VECTOR('',#15,2.1);
#11299=CARTESIAN_POINT('',(16.5643,-0.0833,-1.8));
#11300=LINE('',#11299,#11298);
#11301=EDGE_CURVE('',#11217,#11225,#11300,.T.);
#11302=ORIENTED_EDGE('',*,*,#11301,.T.);
#11303=ORIENTED_EDGE('',*,*,#11267,.T.);
#11304=VECTOR('',#15,2.1);
#11305=CARTESIAN_POINT('',(17.0357,-0.0833,-1.8));
#11306=LINE('',#11305,#11304);
#11307=EDGE_CURVE('',#11219,#11227,#11306,.T.);
#11308=ORIENTED_EDGE('',*,*,#11307,.F.);
#11309=ORIENTED_EDGE('',*,*,#11236,.F.);
#11310=EDGE_LOOP('',(#11302,#11303,#11308,#11309));
#11311=FACE_OUTER_BOUND('',#11310,.T.);
#11312=CARTESIAN_POINT('',(16.5643,-0.0833,-1.8));
#11313=AXIS2_PLACEMENT_3D('',#11312,#34,#16);
#11314=PLANE('',#11313);
#11315=ADVANCED_FACE('',(#11311),#11314,.T.);
#11316=ORIENTED_EDGE('',*,*,#11290,.T.);
#11317=ORIENTED_EDGE('',*,*,#11272,.T.);
#11318=ORIENTED_EDGE('',*,*,#11301,.F.);
#11319=ORIENTED_EDGE('',*,*,#11231,.F.);
#11320=EDGE_LOOP('',(#11316,#11317,#11318,#11319));
#11321=FACE_OUTER_BOUND('',#11320,.T.);
#11322=CARTESIAN_POINT('',(16.5643,-0.1667,-1.8));
#11323=AXIS2_PLACEMENT_3D('',#11322,#132,#34);
#11324=PLANE('',#11323);
#11325=ADVANCED_FACE('',(#11321),#11324,.T.);
#11326=ORIENTED_EDGE('',*,*,#11241,.T.);
#11327=ORIENTED_EDGE('',*,*,#11307,.T.);
#11328=ORIENTED_EDGE('',*,*,#11262,.F.);
#11329=ORIENTED_EDGE('',*,*,#11284,.F.);
#11330=EDGE_LOOP('',(#11326,#11327,#11328,#11329));
#11331=FACE_OUTER_BOUND('',#11330,.T.);
#11332=CARTESIAN_POINT('',(17.0357,-0.1667,-1.8));
#11333=AXIS2_PLACEMENT_3D('',#11332,#16,#34);
#11334=PLANE('',#11333);
#11335=ADVANCED_FACE('',(#11331),#11334,.T.);
#11336=CLOSED_SHELL('',(#11253,#11279,#11297,#11315,#11325,#11335));
#11337=MANIFOLD_SOLID_BREP('Conductor_5_4',#11336);
#11338=STYLED_ITEM('color',(#1685),#11337);
#11339=CARTESIAN_POINT('',(16.6137,-0.25,-1.8));
#11340=VERTEX_POINT('',#11339);
#11341=CARTESIAN_POINT('',(16.9863,-0.25,-1.8));
#11342=VERTEX_POINT('',#11341);
#11343=CARTESIAN_POINT('',(16.6137,-0.1667,-1.8));
#11344=VERTEX_POINT('',#11343);
#11345=CARTESIAN_POINT('',(16.9863,-0.1667,-1.8));
#11346=VERTEX_POINT('',#11345);
#11347=CARTESIAN_POINT('',(16.6137,-0.25,0.3));
#11348=VERTEX_POINT('',#11347);
#11349=CARTESIAN_POINT('',(16.9863,-0.25,0.3));
#11350=VERTEX_POINT('',#11349);
#11351=CARTESIAN_POINT('',(16.6137,-0.1667,0.3));
#11352=VERTEX_POINT('',#11351);
#11353=CARTESIAN_POINT('',(16.9863,-0.1667,0.3));
#11354=VERTEX_POINT('',#11353);
#11355=VECTOR('',#34,0.0833);
#11356=CARTESIAN_POINT('',(16.6137,-0.25,-1.8));
#11357=LINE('',#11356,#11355);
#11358=EDGE_CURVE('',#11340,#11344,#11357,.T.);
#11359=ORIENTED_EDGE('',*,*,#11358,.T.);
#11360=VECTOR('',#16,0.3727);
#11361=CARTESIAN_POINT('',(16.6137,-0.1667,-1.8));
#11362=LINE('',#11361,#11360);
#11363=EDGE_CURVE('',#11344,#11346,#11362,.T.);
#11364=ORIENTED_EDGE('',*,*,#11363,.T.);
#11365=VECTOR('',#34,0.0833);
#11366=CARTESIAN_POINT('',(16.9863,-0.25,-1.8));
#11367=LINE('',#11366,#11365);
#11368=EDGE_CURVE('',#11342,#11346,#11367,.T.);
#11369=ORIENTED_EDGE('',*,*,#11368,.F.);
#11370=VECTOR('',#16,0.3727);
#11371=CARTESIAN_POINT('',(16.6137,-0.25,-1.8));
#11372=LINE('',#11371,#11370);
#11373=EDGE_CURVE('',#11340,#11342,#11372,.T.);
#11374=ORIENTED_EDGE('',*,*,#11373,.F.);
#11375=EDGE_LOOP('',(#11359,#11364,#11369,#11374));
#11376=FACE_OUTER_BOUND('',#11375,.T.);
#11377=CARTESIAN_POINT('',(16.6137,-0.25,-1.8));
#11378=AXIS2_PLACEMENT_3D('',#11377,#58,#16);
#11379=PLANE('',#11378);
#11380=ADVANCED_FACE('',(#11376),#11379,.T.);
#11381=VECTOR('',#16,0.3727);
#11382=CARTESIAN_POINT('',(16.6137,-0.25,0.3));
#11383=LINE('',#11382,#11381);
#11384=EDGE_CURVE('',#11348,#11350,#11383,.T.);
#11385=ORIENTED_EDGE('',*,*,#11384,.T.);
#11386=VECTOR('',#34,0.0833);
#11387=CARTESIAN_POINT('',(16.9863,-0.25,0.3));
#11388=LINE('',#11387,#11386);
#11389=EDGE_CURVE('',#11350,#11354,#11388,.T.);
#11390=ORIENTED_EDGE('',*,*,#11389,.T.);
#11391=VECTOR('',#16,0.3727);
#11392=CARTESIAN_POINT('',(16.6137,-0.1667,0.3));
#11393=LINE('',#11392,#11391);
#11394=EDGE_CURVE('',#11352,#11354,#11393,.T.);
#11395=ORIENTED_EDGE('',*,*,#11394,.F.);
#11396=VECTOR('',#34,0.0833);
#11397=CARTESIAN_POINT('',(16.6137,-0.25,0.3));
#11398=LINE('',#11397,#11396);
#11399=EDGE_CURVE('',#11348,#11352,#11398,.T.);
#11400=ORIENTED_EDGE('',*,*,#11399,.F.);
#11401=EDGE_LOOP('',(#11385,#11390,#11395,#11400));
#11402=FACE_OUTER_BOUND('',#11401,.T.);
#11403=CARTESIAN_POINT('',(16.6137,-0.25,0.3));
#11404=AXIS2_PLACEMENT_3D('',#11403,#15,#16);
#11405=PLANE('',#11404);
#11406=ADVANCED_FACE('',(#11402),#11405,.T.);
#11407=ORIENTED_EDGE('',*,*,#11373,.T.);
#11408=VECTOR('',#15,2.1);
#11409=CARTESIAN_POINT('',(16.9863,-0.25,-1.8));
#11410=LINE('',#11409,#11408);
#11411=EDGE_CURVE('',#11342,#11350,#11410,.T.);
#11412=ORIENTED_EDGE('',*,*,#11411,.T.);
#11413=ORIENTED_EDGE('',*,*,#11384,.F.);
#11414=VECTOR('',#15,2.1);
#11415=CARTESIAN_POINT('',(16.6137,-0.25,-1.8));
#11416=LINE('',#11415,#11414);
#11417=EDGE_CURVE('',#11340,#11348,#11416,.T.);
#11418=ORIENTED_EDGE('',*,*,#11417,.F.);
#11419=EDGE_LOOP('',(#11407,#11412,#11413,#11418));
#11420=FACE_OUTER_BOUND('',#11419,.T.);
#11421=CARTESIAN_POINT('',(16.6137,-0.25,-1.8));
#11422=AXIS2_PLACEMENT_3D('',#11421,#103,#16);
#11423=PLANE('',#11422);
#11424=ADVANCED_FACE('',(#11420),#11423,.T.);
#11425=VECTOR('',#15,2.1);
#11426=CARTESIAN_POINT('',(16.6137,-0.1667,-1.8));
#11427=LINE('',#11426,#11425);
#11428=EDGE_CURVE('',#11344,#11352,#11427,.T.);
#11429=ORIENTED_EDGE('',*,*,#11428,.T.);
#11430=ORIENTED_EDGE('',*,*,#11394,.T.);
#11431=VECTOR('',#15,2.1);
#11432=CARTESIAN_POINT('',(16.9863,-0.1667,-1.8));
#11433=LINE('',#11432,#11431);
#11434=EDGE_CURVE('',#11346,#11354,#11433,.T.);
#11435=ORIENTED_EDGE('',*,*,#11434,.F.);
#11436=ORIENTED_EDGE('',*,*,#11363,.F.);
#11437=EDGE_LOOP('',(#11429,#11430,#11435,#11436));
#11438=FACE_OUTER_BOUND('',#11437,.T.);
#11439=CARTESIAN_POINT('',(16.6137,-0.1667,-1.8));
#11440=AXIS2_PLACEMENT_3D('',#11439,#34,#16);
#11441=PLANE('',#11440);
#11442=ADVANCED_FACE('',(#11438),#11441,.T.);
#11443=ORIENTED_EDGE('',*,*,#11417,.T.);
#11444=ORIENTED_EDGE('',*,*,#11399,.T.);
#11445=ORIENTED_EDGE('',*,*,#11428,.F.);
#11446=ORIENTED_EDGE('',*,*,#11358,.F.);
#11447=EDGE_LOOP('',(#11443,#11444,#11445,#11446));
#11448=FACE_OUTER_BOUND('',#11447,.T.);
#11449=CARTESIAN_POINT('',(16.6137,-0.25,-1.8));
#11450=AXIS2_PLACEMENT_3D('',#11449,#132,#34);
#11451=PLANE('',#11450);
#11452=ADVANCED_FACE('',(#11448),#11451,.T.);
#11453=ORIENTED_EDGE('',*,*,#11368,.T.);
#11454=ORIENTED_EDGE('',*,*,#11434,.T.);
#11455=ORIENTED_EDGE('',*,*,#11389,.F.);
#11456=ORIENTED_EDGE('',*,*,#11411,.F.);
#11457=EDGE_LOOP('',(#11453,#11454,#11455,#11456));
#11458=FACE_OUTER_BOUND('',#11457,.T.);
#11459=CARTESIAN_POINT('',(16.9863,-0.25,-1.8));
#11460=AXIS2_PLACEMENT_3D('',#11459,#16,#34);
#11461=PLANE('',#11460);
#11462=ADVANCED_FACE('',(#11458),#11461,.T.);
#11463=CLOSED_SHELL('',(#11380,#11406,#11424,#11442,#11452,#11462));
#11464=MANIFOLD_SOLID_BREP('Conductor_5_5',#11463);
#11465=STYLED_ITEM('color',(#1685),#11464);
#11466=ADVANCED_BREP_SHAPE_REPRESENTATION('',(#17,#147,#281,#408,#535,#662,#789,#916,#1043,#1170,#1297,#1424,#1551,#1678,#1812,#1939,#2066,#2193,#2320,#2447,#2574,#2701,#2828,#2955,#3082,#3209,#3336,#3463,#3590,#3717,#3844,#3971,#4098,#4225,#4352,#4479,#4606,#4733,#4860,#4987,#5114,#5241,#5368,#5495,#5622,#5749,#5876,#6003,#6130,#6257,#6384,#6511,#6638,#6765,#6892,#7019,#7146,#7273,#7400,#7527,#7654,#7781,#7908,#8035,#8162,#8289,#8416,#8543,#8670,#8797,#8924,#9051,#9178,#9305,#9432,#9559,#9686,#9813,#9940,#10067,#10194,#10321,#10448,#10575,#10702,#10829,#10956,#11083,#11210,#11337,#11464),#13);
#11467=SHAPE_DEFINITION_REPRESENTATION(#8,#11466);
#11468=MECHANICAL_DESIGN_GEOMETRIC_PRESENTATION_REPRESENTATION('',(#155,#282,#409,#536,#663,#790,#917,#1044,#1171,#1298,#1425,#1552,#1686,#1813,#1940,#2067,#2194,#2321,#2448,#2575,#2702,#2829,#2956,#3083,#3210,#3337,#3464,#3591,#3718,#3845,#3972,#4099,#4226,#4353,#4480,#4607,#4734,#4861,#4988,#5115,#5242,#5369,#5496,#5623,#5750,#5877,#6004,#6131,#6258,#6385,#6512,#6639,#6766,#6893,#7020,#7147,#7274,#7401,#7528,#7655,#7782,#7909,#8036,#8163,#8290,#8417,#8544,#8671,#8798,#8925,#9052,#9179,#9306,#9433,#9560,#9687,#9814,#9941,#10068,#10195,#10322,#10449,#10576,#10703,#10830,#10957,#11084,#11211,#11338,#11465),#13);
ENDSEC;
END-ISO-10303-21;
