ISO-10303-21;
HEADER;
FILE_DESCRIPTION(('KLS_L-KLS1-242I-2.0-30 simplified model'),'2;1');
FILE_NAME('KLS_L-KLS1-242I-2.0-30.step','2026-09-23T00:00:00',('gopo'),(''),'step_boxes.py','','');
FILE_SCHEMA(('AUTOMOTIVE_DESIGN { 1 0 10303 214 1 1 1 1 }'));
ENDSEC;
DATA;
#1=APPLICATION_CONTEXT('core data for automotive mechanical design processes');
#2=APPLICATION_PROTOCOL_DEFINITION('international standard','automotive_design',2000,#1);
#3=PRODUCT_CONTEXT('',#1,'mechanical');
#4=PRODUCT('KLS_L-KLS1-242I-2.0-30','KLS_L-KLS1-242I-2.0-30','',(#3));
#5=PRODUCT_DEFINITION_FORMATION('','',#4);
#6=PRODUCT_DEFINITION_CONTEXT('part definition',#1,'design');
#7=PRODUCT_DEFINITION('design','',#5,#6);
#8=PRODUCT_DEFINITION_SHAPE('','',#7);
#9=( LENGTH_UNIT() NAMED_UNIT(*) SI_UNIT(.MILLI.,.METRE.) );
#10=( NAMED_UNIT(*) PLANE_ANGLE_UNIT() SI_UNIT($,.RADIAN.) );
#11=( NAMED_UNIT(*) SI_UNIT($,.STERADIAN.) SOLID_ANGLE_UNIT() );
#12=UNCERTAINTY_MEASURE_WITH_UNIT(LENGTH_MEASURE(1.E-07),#9,'distance_accuracy_value','confusion accuracy');
#13=( GEOMETRIC_REPRESENTATION_CONTEXT(3) GLOBAL_UNCERTAINTY_ASSIGNED_CONTEXT((#12)) GLOBAL_UNIT_ASSIGNED_CONTEXT((#9,#10,#11)) REPRESENTATION_CONTEXT('Context #1','3D Context with UNIT and UNCERTAINTY') );
#14=CARTESIAN_POINT('',(0.,0.,0.));
#15=DIRECTION('',(0.,0.,1.));
#16=DIRECTION('',(1.,0.,0.));
#17=AXIS2_PLACEMENT_3D('',#14,#15,#16);
#18=CARTESIAN_POINT('',(-7.76,-0.1,0.));
#19=VERTEX_POINT('',#18);
#20=CARTESIAN_POINT('',(7.76,-0.1,0.));
#21=VERTEX_POINT('',#20);
#22=CARTESIAN_POINT('',(-7.76,4.55,0.));
#23=VERTEX_POINT('',#22);
#24=CARTESIAN_POINT('',(7.76,4.55,0.));
#25=VERTEX_POINT('',#24);
#26=CARTESIAN_POINT('',(-7.76,-0.1,1.3));
#27=VERTEX_POINT('',#26);
#28=CARTESIAN_POINT('',(7.76,-0.1,1.3));
#29=VERTEX_POINT('',#28);
#30=CARTESIAN_POINT('',(-7.76,4.55,1.3));
#31=VERTEX_POINT('',#30);
#32=CARTESIAN_POINT('',(7.76,4.55,1.3));
#33=VERTEX_POINT('',#32);
#34=DIRECTION('',(0.,1.,0.));
#35=VECTOR('',#34,4.65);
#36=CARTESIAN_POINT('',(-7.76,-0.1,0.));
#37=LINE('',#36,#35);
#38=EDGE_CURVE('',#19,#23,#37,.T.);
#39=ORIENTED_EDGE('',*,*,#38,.T.);
#40=VECTOR('',#16,15.52);
#41=CARTESIAN_POINT('',(-7.76,4.55,0.));
#42=LINE('',#41,#40);
#43=EDGE_CURVE('',#23,#25,#42,.T.);
#44=ORIENTED_EDGE('',*,*,#43,.T.);
#45=VECTOR('',#34,4.65);
#46=CARTESIAN_POINT('',(7.76,-0.1,0.));
#47=LINE('',#46,#45);
#48=EDGE_CURVE('',#21,#25,#47,.T.);
#49=ORIENTED_EDGE('',*,*,#48,.F.);
#50=VECTOR('',#16,15.52);
#51=CARTESIAN_POINT('',(-7.76,-0.1,0.));
#52=LINE('',#51,#50);
#53=EDGE_CURVE('',#19,#21,#52,.T.);
#54=ORIENTED_EDGE('',*,*,#53,.F.);
#55=EDGE_LOOP('',(#39,#44,#49,#54));
#56=FACE_OUTER_BOUND('',#55,.T.);
#57=CARTESIAN_POINT('',(-7.76,-0.1,0.));
#58=DIRECTION('',(0.,0.,-1.));
#59=AXIS2_PLACEMENT_3D('',#57,#58,#16);
#60=PLANE('',#59);
#61=ADVANCED_FACE('',(#56),#60,.T.);
#62=VECTOR('',#16,15.52);
#63=CARTESIAN_POINT('',(-7.76,-0.1,1.3));
#64=LINE('',#63,#62);
#65=EDGE_CURVE('',#27,#29,#64,.T.);
#66=ORIENTED_EDGE('',*,*,#65,.T.);
#67=VECTOR('',#34,4.65);
#68=CARTESIAN_POINT('',(7.76,-0.1,1.3));
#69=LINE('',#68,#67);
#70=EDGE_CURVE('',#29,#33,#69,.T.);
#71=ORIENTED_EDGE('',*,*,#70,.T.);
#72=VECTOR('',#16,15.52);
#73=CARTESIAN_POINT('',(-7.76,4.55,1.3));
#74=LINE('',#73,#72);
#75=EDGE_CURVE('',#31,#33,#74,.T.);
#76=ORIENTED_EDGE('',*,*,#75,.F.);
#77=VECTOR('',#34,4.65);
#78=CARTESIAN_POINT('',(-7.76,-0.1,1.3));
#79=LINE('',#78,#77);
#80=EDGE_CURVE('',#27,#31,#79,.T.);
#81=ORIENTED_EDGE('',*,*,#80,.F.);
#82=EDGE_LOOP('',(#66,#71,#76,#81));
#83=FACE_OUTER_BOUND('',#82,.T.);
#84=CARTESIAN_POINT('',(-7.76,-0.1,1.3));
#85=AXIS2_PLACEMENT_3D('',#84,#15,#16);
#86=PLANE('',#85);
#87=ADVANCED_FACE('',(#83),#86,.T.);
#88=ORIENTED_EDGE('',*,*,#53,.T.);
#89=VECTOR('',#15,1.3);
#90=CARTESIAN_POINT('',(7.76,-0.1,0.));
#91=LINE('',#90,#89);
#92=EDGE_CURVE('',#21,#29,#91,.T.);
#93=ORIENTED_EDGE('',*,*,#92,.T.);
#94=ORIENTED_EDGE('',*,*,#65,.F.);
#95=VECTOR('',#15,1.3);
#96=CARTESIAN_POINT('',(-7.76,-0.1,0.));
#97=LINE('',#96,#95);
#98=EDGE_CURVE('',#19,#27,#97,.T.);
#99=ORIENTED_EDGE('',*,*,#98,.F.);
#100=EDGE_LOOP('',(#88,#93,#94,#99));
#101=FACE_OUTER_BOUND('',#100,.T.);
#102=CARTESIAN_POINT('',(-7.76,-0.1,0.));
#103=DIRECTION('',(0.,-1.,0.));
#104=AXIS2_PLACEMENT_3D('',#102,#103,#16);
#105=PLANE('',#104);
#106=ADVANCED_FACE('',(#101),#105,.T.);
#107=VECTOR('',#15,1.3);
#108=CARTESIAN_POINT('',(-7.76,4.55,0.));
#109=LINE('',#108,#107);
#110=EDGE_CURVE('',#23,#31,#109,.T.);
#111=ORIENTED_EDGE('',*,*,#110,.T.);
#112=ORIENTED_EDGE('',*,*,#75,.T.);
#113=VECTOR('',#15,1.3);
#114=CARTESIAN_POINT('',(7.76,4.55,0.));
#115=LINE('',#114,#113);
#116=EDGE_CURVE('',#25,#33,#115,.T.);
#117=ORIENTED_EDGE('',*,*,#116,.F.);
#118=ORIENTED_EDGE('',*,*,#43,.F.);
#119=EDGE_LOOP('',(#111,#112,#117,#118));
#120=FACE_OUTER_BOUND('',#119,.T.);
#121=CARTESIAN_POINT('',(-7.76,4.55,0.));
#122=AXIS2_PLACEMENT_3D('',#121,#34,#16);
#123=PLANE('',#122);
#124=ADVANCED_FACE('',(#120),#123,.T.);
#125=ORIENTED_EDGE('',*,*,#98,.T.);
#126=ORIENTED_EDGE('',*,*,#80,.T.);
#127=ORIENTED_EDGE('',*,*,#110,.F.);
#128=ORIENTED_EDGE('',*,*,#38,.F.);
#129=EDGE_LOOP('',(#125,#126,#127,#128));
#130=FACE_OUTER_BOUND('',#129,.T.);
#131=CARTESIAN_POINT('',(-7.76,-0.1,0.));
#132=DIRECTION('',(-1.,0.,0.));
#133=AXIS2_PLACEMENT_3D('',#131,#132,#34);
#134=PLANE('',#133);
#135=ADVANCED_FACE('',(#130),#134,.T.);
#136=ORIENTED_EDGE('',*,*,#48,.T.);
#137=ORIENTED_EDGE('',*,*,#116,.T.);
#138=ORIENTED_EDGE('',*,*,#70,.F.);
#139=ORIENTED_EDGE('',*,*,#92,.F.);
#140=EDGE_LOOP('',(#136,#137,#138,#139));
#141=FACE_OUTER_BOUND('',#140,.T.);
#142=CARTESIAN_POINT('',(7.76,-0.1,0.));
#143=AXIS2_PLACEMENT_3D('',#142,#16,#34);
#144=PLANE('',#143);
#145=ADVANCED_FACE('',(#141),#144,.T.);
#146=CLOSED_SHELL('',(#61,#87,#106,#124,#135,#145));
#147=MANIFOLD_SOLID_BREP('Housing',#146);
#148=COLOUR_RGB('',0.95,0.95,0.95);
#149=FILL_AREA_STYLE_COLOUR('',#148);
#150=FILL_AREA_STYLE('',(#149));
#151=SURFACE_STYLE_FILL_AREA(#150);
#152=SURFACE_SIDE_STYLE('',(#151));
#153=SURFACE_STYLE_USAGE(.BOTH.,#152);
#154=PRESENTATION_STYLE_ASSIGNMENT((#153));
#155=STYLED_ITEM('color',(#154),#147);
#156=CARTESIAN_POINT('',(-9.27,1.6,0.));
#157=VERTEX_POINT('',#156);
#158=CARTESIAN_POINT('',(-7.76,1.6,0.));
#159=VERTEX_POINT('',#158);
#160=CARTESIAN_POINT('',(-9.27,4.55,0.));
#161=VERTEX_POINT('',#160);
#162=CARTESIAN_POINT('',(-7.76,4.55,0.));
#163=VERTEX_POINT('',#162);
#164=CARTESIAN_POINT('',(-9.27,1.6,1.3));
#165=VERTEX_POINT('',#164);
#166=CARTESIAN_POINT('',(-7.76,1.6,1.3));
#167=VERTEX_POINT('',#166);
#168=CARTESIAN_POINT('',(-9.27,4.55,1.3));
#169=VERTEX_POINT('',#168);
#170=CARTESIAN_POINT('',(-7.76,4.55,1.3));
#171=VERTEX_POINT('',#170);
#172=VECTOR('',#34,2.95);
#173=CARTESIAN_POINT('',(-9.27,1.6,0.));
#174=LINE('',#173,#172);
#175=EDGE_CURVE('',#157,#161,#174,.T.);
#176=ORIENTED_EDGE('',*,*,#175,.T.);
#177=VECTOR('',#16,1.51);
#178=CARTESIAN_POINT('',(-9.27,4.55,0.));
#179=LINE('',#178,#177);
#180=EDGE_CURVE('',#161,#163,#179,.T.);
#181=ORIENTED_EDGE('',*,*,#180,.T.);
#182=VECTOR('',#34,2.95);
#183=CARTESIAN_POINT('',(-7.76,1.6,0.));
#184=LINE('',#183,#182);
#185=EDGE_CURVE('',#159,#163,#184,.T.);
#186=ORIENTED_EDGE('',*,*,#185,.F.);
#187=VECTOR('',#16,1.51);
#188=CARTESIAN_POINT('',(-9.27,1.6,0.));
#189=LINE('',#188,#187);
#190=EDGE_CURVE('',#157,#159,#189,.T.);
#191=ORIENTED_EDGE('',*,*,#190,.F.);
#192=EDGE_LOOP('',(#176,#181,#186,#191));
#193=FACE_OUTER_BOUND('',#192,.T.);
#194=CARTESIAN_POINT('',(-9.27,1.6,0.));
#195=AXIS2_PLACEMENT_3D('',#194,#58,#16);
#196=PLANE('',#195);
#197=ADVANCED_FACE('',(#193),#196,.T.);
#198=VECTOR('',#16,1.51);
#199=CARTESIAN_POINT('',(-9.27,1.6,1.3));
#200=LINE('',#199,#198);
#201=EDGE_CURVE('',#165,#167,#200,.T.);
#202=ORIENTED_EDGE('',*,*,#201,.T.);
#203=VECTOR('',#34,2.95);
#204=CARTESIAN_POINT('',(-7.76,1.6,1.3));
#205=LINE('',#204,#203);
#206=EDGE_CURVE('',#167,#171,#205,.T.);
#207=ORIENTED_EDGE('',*,*,#206,.T.);
#208=VECTOR('',#16,1.51);
#209=CARTESIAN_POINT('',(-9.27,4.55,1.3));
#210=LINE('',#209,#208);
#211=EDGE_CURVE('',#169,#171,#210,.T.);
#212=ORIENTED_EDGE('',*,*,#211,.F.);
#213=VECTOR('',#34,2.95);
#214=CARTESIAN_POINT('',(-9.27,1.6,1.3));
#215=LINE('',#214,#213);
#216=EDGE_CURVE('',#165,#169,#215,.T.);
#217=ORIENTED_EDGE('',*,*,#216,.F.);
#218=EDGE_LOOP('',(#202,#207,#212,#217));
#219=FACE_OUTER_BOUND('',#218,.T.);
#220=CARTESIAN_POINT('',(-9.27,1.6,1.3));
#221=AXIS2_PLACEMENT_3D('',#220,#15,#16);
#222=PLANE('',#221);
#223=ADVANCED_FACE('',(#219),#222,.T.);
#224=ORIENTED_EDGE('',*,*,#190,.T.);
#225=VECTOR('',#15,1.3);
#226=CARTESIAN_POINT('',(-7.76,1.6,0.));
#227=LINE('',#226,#225);
#228=EDGE_CURVE('',#159,#167,#227,.T.);
#229=ORIENTED_EDGE('',*,*,#228,.T.);
#230=ORIENTED_EDGE('',*,*,#201,.F.);
#231=VECTOR('',#15,1.3);
#232=CARTESIAN_POINT('',(-9.27,1.6,0.));
#233=LINE('',#232,#231);
#234=EDGE_CURVE('',#157,#165,#233,.T.);
#235=ORIENTED_EDGE('',*,*,#234,.F.);
#236=EDGE_LOOP('',(#224,#229,#230,#235));
#237=FACE_OUTER_BOUND('',#236,.T.);
#238=CARTESIAN_POINT('',(-9.27,1.6,0.));
#239=AXIS2_PLACEMENT_3D('',#238,#103,#16);
#240=PLANE('',#239);
#241=ADVANCED_FACE('',(#237),#240,.T.);
#242=VECTOR('',#15,1.3);
#243=CARTESIAN_POINT('',(-9.27,4.55,0.));
#244=LINE('',#243,#242);
#245=EDGE_CURVE('',#161,#169,#244,.T.);
#246=ORIENTED_EDGE('',*,*,#245,.T.);
#247=ORIENTED_EDGE('',*,*,#211,.T.);
#248=VECTOR('',#15,1.3);
#249=CARTESIAN_POINT('',(-7.76,4.55,0.));
#250=LINE('',#249,#248);
#251=EDGE_CURVE('',#163,#171,#250,.T.);
#252=ORIENTED_EDGE('',*,*,#251,.F.);
#253=ORIENTED_EDGE('',*,*,#180,.F.);
#254=EDGE_LOOP('',(#246,#247,#252,#253));
#255=FACE_OUTER_BOUND('',#254,.T.);
#256=CARTESIAN_POINT('',(-9.27,4.55,0.));
#257=AXIS2_PLACEMENT_3D('',#256,#34,#16);
#258=PLANE('',#257);
#259=ADVANCED_FACE('',(#255),#258,.T.);
#260=ORIENTED_EDGE('',*,*,#234,.T.);
#261=ORIENTED_EDGE('',*,*,#216,.T.);
#262=ORIENTED_EDGE('',*,*,#245,.F.);
#263=ORIENTED_EDGE('',*,*,#175,.F.);
#264=EDGE_LOOP('',(#260,#261,#262,#263));
#265=FACE_OUTER_BOUND('',#264,.T.);
#266=CARTESIAN_POINT('',(-9.27,1.6,0.));
#267=AXIS2_PLACEMENT_3D('',#266,#132,#34);
#268=PLANE('',#267);
#269=ADVANCED_FACE('',(#265),#268,.T.);
#270=ORIENTED_EDGE('',*,*,#185,.T.);
#271=ORIENTED_EDGE('',*,*,#251,.T.);
#272=ORIENTED_EDGE('',*,*,#206,.F.);
#273=ORIENTED_EDGE('',*,*,#228,.F.);
#274=EDGE_LOOP('',(#270,#271,#272,#273));
#275=FACE_OUTER_BOUND('',#274,.T.);
#276=CARTESIAN_POINT('',(-7.76,1.6,0.));
#277=AXIS2_PLACEMENT_3D('',#276,#16,#34);
#278=PLANE('',#277);
#279=ADVANCED_FACE('',(#275),#278,.T.);
#280=CLOSED_SHELL('',(#197,#223,#241,#259,#269,#279));
#281=MANIFOLD_SOLID_BREP('Ear_L',#280);
#282=STYLED_ITEM('color',(#154),#281);
#283=CARTESIAN_POINT('',(7.76,1.6,0.));
#284=VERTEX_POINT('',#283);
#285=CARTESIAN_POINT('',(9.27,1.6,0.));
#286=VERTEX_POINT('',#285);
#287=CARTESIAN_POINT('',(7.76,4.55,0.));
#288=VERTEX_POINT('',#287);
#289=CARTESIAN_POINT('',(9.27,4.55,0.));
#290=VERTEX_POINT('',#289);
#291=CARTESIAN_POINT('',(7.76,1.6,1.3));
#292=VERTEX_POINT('',#291);
#293=CARTESIAN_POINT('',(9.27,1.6,1.3));
#294=VERTEX_POINT('',#293);
#295=CARTESIAN_POINT('',(7.76,4.55,1.3));
#296=VERTEX_POINT('',#295);
#297=CARTESIAN_POINT('',(9.27,4.55,1.3));
#298=VERTEX_POINT('',#297);
#299=VECTOR('',#34,2.95);
#300=CARTESIAN_POINT('',(7.76,1.6,0.));
#301=LINE('',#300,#299);
#302=EDGE_CURVE('',#284,#288,#301,.T.);
#303=ORIENTED_EDGE('',*,*,#302,.T.);
#304=VECTOR('',#16,1.51);
#305=CARTESIAN_POINT('',(7.76,4.55,0.));
#306=LINE('',#305,#304);
#307=EDGE_CURVE('',#288,#290,#306,.T.);
#308=ORIENTED_EDGE('',*,*,#307,.T.);
#309=VECTOR('',#34,2.95);
#310=CARTESIAN_POINT('',(9.27,1.6,0.));
#311=LINE('',#310,#309);
#312=EDGE_CURVE('',#286,#290,#311,.T.);
#313=ORIENTED_EDGE('',*,*,#312,.F.);
#314=VECTOR('',#16,1.51);
#315=CARTESIAN_POINT('',(7.76,1.6,0.));
#316=LINE('',#315,#314);
#317=EDGE_CURVE('',#284,#286,#316,.T.);
#318=ORIENTED_EDGE('',*,*,#317,.F.);
#319=EDGE_LOOP('',(#303,#308,#313,#318));
#320=FACE_OUTER_BOUND('',#319,.T.);
#321=CARTESIAN_POINT('',(7.76,1.6,0.));
#322=AXIS2_PLACEMENT_3D('',#321,#58,#16);
#323=PLANE('',#322);
#324=ADVANCED_FACE('',(#320),#323,.T.);
#325=VECTOR('',#16,1.51);
#326=CARTESIAN_POINT('',(7.76,1.6,1.3));
#327=LINE('',#326,#325);
#328=EDGE_CURVE('',#292,#294,#327,.T.);
#329=ORIENTED_EDGE('',*,*,#328,.T.);
#330=VECTOR('',#34,2.95);
#331=CARTESIAN_POINT('',(9.27,1.6,1.3));
#332=LINE('',#331,#330);
#333=EDGE_CURVE('',#294,#298,#332,.T.);
#334=ORIENTED_EDGE('',*,*,#333,.T.);
#335=VECTOR('',#16,1.51);
#336=CARTESIAN_POINT('',(7.76,4.55,1.3));
#337=LINE('',#336,#335);
#338=EDGE_CURVE('',#296,#298,#337,.T.);
#339=ORIENTED_EDGE('',*,*,#338,.F.);
#340=VECTOR('',#34,2.95);
#341=CARTESIAN_POINT('',(7.76,1.6,1.3));
#342=LINE('',#341,#340);
#343=EDGE_CURVE('',#292,#296,#342,.T.);
#344=ORIENTED_EDGE('',*,*,#343,.F.);
#345=EDGE_LOOP('',(#329,#334,#339,#344));
#346=FACE_OUTER_BOUND('',#345,.T.);
#347=CARTESIAN_POINT('',(7.76,1.6,1.3));
#348=AXIS2_PLACEMENT_3D('',#347,#15,#16);
#349=PLANE('',#348);
#350=ADVANCED_FACE('',(#346),#349,.T.);
#351=ORIENTED_EDGE('',*,*,#317,.T.);
#352=VECTOR('',#15,1.3);
#353=CARTESIAN_POINT('',(9.27,1.6,0.));
#354=LINE('',#353,#352);
#355=EDGE_CURVE('',#286,#294,#354,.T.);
#356=ORIENTED_EDGE('',*,*,#355,.T.);
#357=ORIENTED_EDGE('',*,*,#328,.F.);
#358=VECTOR('',#15,1.3);
#359=CARTESIAN_POINT('',(7.76,1.6,0.));
#360=LINE('',#359,#358);
#361=EDGE_CURVE('',#284,#292,#360,.T.);
#362=ORIENTED_EDGE('',*,*,#361,.F.);
#363=EDGE_LOOP('',(#351,#356,#357,#362));
#364=FACE_OUTER_BOUND('',#363,.T.);
#365=CARTESIAN_POINT('',(7.76,1.6,0.));
#366=AXIS2_PLACEMENT_3D('',#365,#103,#16);
#367=PLANE('',#366);
#368=ADVANCED_FACE('',(#364),#367,.T.);
#369=VECTOR('',#15,1.3);
#370=CARTESIAN_POINT('',(7.76,4.55,0.));
#371=LINE('',#370,#369);
#372=EDGE_CURVE('',#288,#296,#371,.T.);
#373=ORIENTED_EDGE('',*,*,#372,.T.);
#374=ORIENTED_EDGE('',*,*,#338,.T.);
#375=VECTOR('',#15,1.3);
#376=CARTESIAN_POINT('',(9.27,4.55,0.));
#377=LINE('',#376,#375);
#378=EDGE_CURVE('',#290,#298,#377,.T.);
#379=ORIENTED_EDGE('',*,*,#378,.F.);
#380=ORIENTED_EDGE('',*,*,#307,.F.);
#381=EDGE_LOOP('',(#373,#374,#379,#380));
#382=FACE_OUTER_BOUND('',#381,.T.);
#383=CARTESIAN_POINT('',(7.76,4.55,0.));
#384=AXIS2_PLACEMENT_3D('',#383,#34,#16);
#385=PLANE('',#384);
#386=ADVANCED_FACE('',(#382),#385,.T.);
#387=ORIENTED_EDGE('',*,*,#361,.T.);
#388=ORIENTED_EDGE('',*,*,#343,.T.);
#389=ORIENTED_EDGE('',*,*,#372,.F.);
#390=ORIENTED_EDGE('',*,*,#302,.F.);
#391=EDGE_LOOP('',(#387,#388,#389,#390));
#392=FACE_OUTER_BOUND('',#391,.T.);
#393=CARTESIAN_POINT('',(7.76,1.6,0.));
#394=AXIS2_PLACEMENT_3D('',#393,#132,#34);
#395=PLANE('',#394);
#396=ADVANCED_FACE('',(#392),#395,.T.);
#397=ORIENTED_EDGE('',*,*,#312,.T.);
#398=ORIENTED_EDGE('',*,*,#378,.T.);
#399=ORIENTED_EDGE('',*,*,#333,.F.);
#400=ORIENTED_EDGE('',*,*,#355,.F.);
#401=EDGE_LOOP('',(#397,#398,#399,#400));
#402=FACE_OUTER_BOUND('',#401,.T.);
#403=CARTESIAN_POINT('',(9.27,1.6,0.));
#404=AXIS2_PLACEMENT_3D('',#403,#16,#34);
#405=PLANE('',#404);
#406=ADVANCED_FACE('',(#402),#405,.T.);
#407=CLOSED_SHELL('',(#324,#350,#368,#386,#396,#406));
#408=MANIFOLD_SOLID_BREP('Ear_R',#407);
#409=STYLED_ITEM('color',(#154),#408);
#410=CARTESIAN_POINT('',(-7.76,-0.1,1.3));
#411=VERTEX_POINT('',#410);
#412=CARTESIAN_POINT('',(7.76,-0.1,1.3));
#413=VERTEX_POINT('',#412);
#414=CARTESIAN_POINT('',(-7.76,2.6,1.3));
#415=VERTEX_POINT('',#414);
#416=CARTESIAN_POINT('',(7.76,2.6,1.3));
#417=VERTEX_POINT('',#416);
#418=CARTESIAN_POINT('',(-7.76,-0.1,2.));
#419=VERTEX_POINT('',#418);
#420=CARTESIAN_POINT('',(7.76,-0.1,2.));
#421=VERTEX_POINT('',#420);
#422=CARTESIAN_POINT('',(-7.76,2.6,2.));
#423=VERTEX_POINT('',#422);
#424=CARTESIAN_POINT('',(7.76,2.6,2.));
#425=VERTEX_POINT('',#424);
#426=VECTOR('',#34,2.7);
#427=CARTESIAN_POINT('',(-7.76,-0.1,1.3));
#428=LINE('',#427,#426);
#429=EDGE_CURVE('',#411,#415,#428,.T.);
#430=ORIENTED_EDGE('',*,*,#429,.T.);
#431=VECTOR('',#16,15.52);
#432=CARTESIAN_POINT('',(-7.76,2.6,1.3));
#433=LINE('',#432,#431);
#434=EDGE_CURVE('',#415,#417,#433,.T.);
#435=ORIENTED_EDGE('',*,*,#434,.T.);
#436=VECTOR('',#34,2.7);
#437=CARTESIAN_POINT('',(7.76,-0.1,1.3));
#438=LINE('',#437,#436);
#439=EDGE_CURVE('',#413,#417,#438,.T.);
#440=ORIENTED_EDGE('',*,*,#439,.F.);
#441=VECTOR('',#16,15.52);
#442=CARTESIAN_POINT('',(-7.76,-0.1,1.3));
#443=LINE('',#442,#441);
#444=EDGE_CURVE('',#411,#413,#443,.T.);
#445=ORIENTED_EDGE('',*,*,#444,.F.);
#446=EDGE_LOOP('',(#430,#435,#440,#445));
#447=FACE_OUTER_BOUND('',#446,.T.);
#448=CARTESIAN_POINT('',(-7.76,-0.1,1.3));
#449=AXIS2_PLACEMENT_3D('',#448,#58,#16);
#450=PLANE('',#449);
#451=ADVANCED_FACE('',(#447),#450,.T.);
#452=VECTOR('',#16,15.52);
#453=CARTESIAN_POINT('',(-7.76,-0.1,2.));
#454=LINE('',#453,#452);
#455=EDGE_CURVE('',#419,#421,#454,.T.);
#456=ORIENTED_EDGE('',*,*,#455,.T.);
#457=VECTOR('',#34,2.7);
#458=CARTESIAN_POINT('',(7.76,-0.1,2.));
#459=LINE('',#458,#457);
#460=EDGE_CURVE('',#421,#425,#459,.T.);
#461=ORIENTED_EDGE('',*,*,#460,.T.);
#462=VECTOR('',#16,15.52);
#463=CARTESIAN_POINT('',(-7.76,2.6,2.));
#464=LINE('',#463,#462);
#465=EDGE_CURVE('',#423,#425,#464,.T.);
#466=ORIENTED_EDGE('',*,*,#465,.F.);
#467=VECTOR('',#34,2.7);
#468=CARTESIAN_POINT('',(-7.76,-0.1,2.));
#469=LINE('',#468,#467);
#470=EDGE_CURVE('',#419,#423,#469,.T.);
#471=ORIENTED_EDGE('',*,*,#470,.F.);
#472=EDGE_LOOP('',(#456,#461,#466,#471));
#473=FACE_OUTER_BOUND('',#472,.T.);
#474=CARTESIAN_POINT('',(-7.76,-0.1,2.));
#475=AXIS2_PLACEMENT_3D('',#474,#15,#16);
#476=PLANE('',#475);
#477=ADVANCED_FACE('',(#473),#476,.T.);
#478=ORIENTED_EDGE('',*,*,#444,.T.);
#479=VECTOR('',#15,0.7);
#480=CARTESIAN_POINT('',(7.76,-0.1,1.3));
#481=LINE('',#480,#479);
#482=EDGE_CURVE('',#413,#421,#481,.T.);
#483=ORIENTED_EDGE('',*,*,#482,.T.);
#484=ORIENTED_EDGE('',*,*,#455,.F.);
#485=VECTOR('',#15,0.7);
#486=CARTESIAN_POINT('',(-7.76,-0.1,1.3));
#487=LINE('',#486,#485);
#488=EDGE_CURVE('',#411,#419,#487,.T.);
#489=ORIENTED_EDGE('',*,*,#488,.F.);
#490=EDGE_LOOP('',(#478,#483,#484,#489));
#491=FACE_OUTER_BOUND('',#490,.T.);
#492=CARTESIAN_POINT('',(-7.76,-0.1,1.3));
#493=AXIS2_PLACEMENT_3D('',#492,#103,#16);
#494=PLANE('',#493);
#495=ADVANCED_FACE('',(#491),#494,.T.);
#496=VECTOR('',#15,0.7);
#497=CARTESIAN_POINT('',(-7.76,2.6,1.3));
#498=LINE('',#497,#496);
#499=EDGE_CURVE('',#415,#423,#498,.T.);
#500=ORIENTED_EDGE('',*,*,#499,.T.);
#501=ORIENTED_EDGE('',*,*,#465,.T.);
#502=VECTOR('',#15,0.7);
#503=CARTESIAN_POINT('',(7.76,2.6,1.3));
#504=LINE('',#503,#502);
#505=EDGE_CURVE('',#417,#425,#504,.T.);
#506=ORIENTED_EDGE('',*,*,#505,.F.);
#507=ORIENTED_EDGE('',*,*,#434,.F.);
#508=EDGE_LOOP('',(#500,#501,#506,#507));
#509=FACE_OUTER_BOUND('',#508,.T.);
#510=CARTESIAN_POINT('',(-7.76,2.6,1.3));
#511=AXIS2_PLACEMENT_3D('',#510,#34,#16);
#512=PLANE('',#511);
#513=ADVANCED_FACE('',(#509),#512,.T.);
#514=ORIENTED_EDGE('',*,*,#488,.T.);
#515=ORIENTED_EDGE('',*,*,#470,.T.);
#516=ORIENTED_EDGE('',*,*,#499,.F.);
#517=ORIENTED_EDGE('',*,*,#429,.F.);
#518=EDGE_LOOP('',(#514,#515,#516,#517));
#519=FACE_OUTER_BOUND('',#518,.T.);
#520=CARTESIAN_POINT('',(-7.76,-0.1,1.3));
#521=AXIS2_PLACEMENT_3D('',#520,#132,#34);
#522=PLANE('',#521);
#523=ADVANCED_FACE('',(#519),#522,.T.);
#524=ORIENTED_EDGE('',*,*,#439,.T.);
#525=ORIENTED_EDGE('',*,*,#505,.T.);
#526=ORIENTED_EDGE('',*,*,#460,.F.);
#527=ORIENTED_EDGE('',*,*,#482,.F.);
#528=EDGE_LOOP('',(#524,#525,#526,#527));
#529=FACE_OUTER_BOUND('',#528,.T.);
#530=CARTESIAN_POINT('',(7.76,-0.1,1.3));
#531=AXIS2_PLACEMENT_3D('',#530,#16,#34);
#532=PLANE('',#531);
#533=ADVANCED_FACE('',(#529),#532,.T.);
#534=CLOSED_SHELL('',(#451,#477,#495,#513,#523,#533));
#535=MANIFOLD_SOLID_BREP('Actuator',#534);
#536=COLOUR_RGB('',0.55,0.35,0.15);
#537=FILL_AREA_STYLE_COLOUR('',#536);
#538=FILL_AREA_STYLE('',(#537));
#539=SURFACE_STYLE_FILL_AREA(#538);
#540=SURFACE_SIDE_STYLE('',(#539));
#541=SURFACE_STYLE_USAGE(.BOTH.,#540);
#542=PRESENTATION_STYLE_ASSIGNMENT((#541));
#543=STYLED_ITEM('color',(#542),#535);
#544=CARTESIAN_POINT('',(-7.35,-0.75,0.));
#545=VERTEX_POINT('',#544);
#546=CARTESIAN_POINT('',(-7.15,-0.75,0.));
#547=VERTEX_POINT('',#546);
#548=CARTESIAN_POINT('',(-7.35,0.6,0.));
#549=VERTEX_POINT('',#548);
#550=CARTESIAN_POINT('',(-7.15,0.6,0.));
#551=VERTEX_POINT('',#550);
#552=CARTESIAN_POINT('',(-7.35,-0.75,0.15));
#553=VERTEX_POINT('',#552);
#554=CARTESIAN_POINT('',(-7.15,-0.75,0.15));
#555=VERTEX_POINT('',#554);
#556=CARTESIAN_POINT('',(-7.35,0.6,0.15));
#557=VERTEX_POINT('',#556);
#558=CARTESIAN_POINT('',(-7.15,0.6,0.15));
#559=VERTEX_POINT('',#558);
#560=VECTOR('',#34,1.35);
#561=CARTESIAN_POINT('',(-7.35,-0.75,0.));
#562=LINE('',#561,#560);
#563=EDGE_CURVE('',#545,#549,#562,.T.);
#564=ORIENTED_EDGE('',*,*,#563,.T.);
#565=VECTOR('',#16,0.2);
#566=CARTESIAN_POINT('',(-7.35,0.6,0.));
#567=LINE('',#566,#565);
#568=EDGE_CURVE('',#549,#551,#567,.T.);
#569=ORIENTED_EDGE('',*,*,#568,.T.);
#570=VECTOR('',#34,1.35);
#571=CARTESIAN_POINT('',(-7.15,-0.75,0.));
#572=LINE('',#571,#570);
#573=EDGE_CURVE('',#547,#551,#572,.T.);
#574=ORIENTED_EDGE('',*,*,#573,.F.);
#575=VECTOR('',#16,0.2);
#576=CARTESIAN_POINT('',(-7.35,-0.75,0.));
#577=LINE('',#576,#575);
#578=EDGE_CURVE('',#545,#547,#577,.T.);
#579=ORIENTED_EDGE('',*,*,#578,.F.);
#580=EDGE_LOOP('',(#564,#569,#574,#579));
#581=FACE_OUTER_BOUND('',#580,.T.);
#582=CARTESIAN_POINT('',(-7.35,-0.75,0.));
#583=AXIS2_PLACEMENT_3D('',#582,#58,#16);
#584=PLANE('',#583);
#585=ADVANCED_FACE('',(#581),#584,.T.);
#586=VECTOR('',#16,0.2);
#587=CARTESIAN_POINT('',(-7.35,-0.75,0.15));
#588=LINE('',#587,#586);
#589=EDGE_CURVE('',#553,#555,#588,.T.);
#590=ORIENTED_EDGE('',*,*,#589,.T.);
#591=VECTOR('',#34,1.35);
#592=CARTESIAN_POINT('',(-7.15,-0.75,0.15));
#593=LINE('',#592,#591);
#594=EDGE_CURVE('',#555,#559,#593,.T.);
#595=ORIENTED_EDGE('',*,*,#594,.T.);
#596=VECTOR('',#16,0.2);
#597=CARTESIAN_POINT('',(-7.35,0.6,0.15));
#598=LINE('',#597,#596);
#599=EDGE_CURVE('',#557,#559,#598,.T.);
#600=ORIENTED_EDGE('',*,*,#599,.F.);
#601=VECTOR('',#34,1.35);
#602=CARTESIAN_POINT('',(-7.35,-0.75,0.15));
#603=LINE('',#602,#601);
#604=EDGE_CURVE('',#553,#557,#603,.T.);
#605=ORIENTED_EDGE('',*,*,#604,.F.);
#606=EDGE_LOOP('',(#590,#595,#600,#605));
#607=FACE_OUTER_BOUND('',#606,.T.);
#608=CARTESIAN_POINT('',(-7.35,-0.75,0.15));
#609=AXIS2_PLACEMENT_3D('',#608,#15,#16);
#610=PLANE('',#609);
#611=ADVANCED_FACE('',(#607),#610,.T.);
#612=ORIENTED_EDGE('',*,*,#578,.T.);
#613=VECTOR('',#15,0.15);
#614=CARTESIAN_POINT('',(-7.15,-0.75,0.));
#615=LINE('',#614,#613);
#616=EDGE_CURVE('',#547,#555,#615,.T.);
#617=ORIENTED_EDGE('',*,*,#616,.T.);
#618=ORIENTED_EDGE('',*,*,#589,.F.);
#619=VECTOR('',#15,0.15);
#620=CARTESIAN_POINT('',(-7.35,-0.75,0.));
#621=LINE('',#620,#619);
#622=EDGE_CURVE('',#545,#553,#621,.T.);
#623=ORIENTED_EDGE('',*,*,#622,.F.);
#624=EDGE_LOOP('',(#612,#617,#618,#623));
#625=FACE_OUTER_BOUND('',#624,.T.);
#626=CARTESIAN_POINT('',(-7.35,-0.75,0.));
#627=AXIS2_PLACEMENT_3D('',#626,#103,#16);
#628=PLANE('',#627);
#629=ADVANCED_FACE('',(#625),#628,.T.);
#630=VECTOR('',#15,0.15);
#631=CARTESIAN_POINT('',(-7.35,0.6,0.));
#632=LINE('',#631,#630);
#633=EDGE_CURVE('',#549,#557,#632,.T.);
#634=ORIENTED_EDGE('',*,*,#633,.T.);
#635=ORIENTED_EDGE('',*,*,#599,.T.);
#636=VECTOR('',#15,0.15);
#637=CARTESIAN_POINT('',(-7.15,0.6,0.));
#638=LINE('',#637,#636);
#639=EDGE_CURVE('',#551,#559,#638,.T.);
#640=ORIENTED_EDGE('',*,*,#639,.F.);
#641=ORIENTED_EDGE('',*,*,#568,.F.);
#642=EDGE_LOOP('',(#634,#635,#640,#641));
#643=FACE_OUTER_BOUND('',#642,.T.);
#644=CARTESIAN_POINT('',(-7.35,0.6,0.));
#645=AXIS2_PLACEMENT_3D('',#644,#34,#16);
#646=PLANE('',#645);
#647=ADVANCED_FACE('',(#643),#646,.T.);
#648=ORIENTED_EDGE('',*,*,#622,.T.);
#649=ORIENTED_EDGE('',*,*,#604,.T.);
#650=ORIENTED_EDGE('',*,*,#633,.F.);
#651=ORIENTED_EDGE('',*,*,#563,.F.);
#652=EDGE_LOOP('',(#648,#649,#650,#651));
#653=FACE_OUTER_BOUND('',#652,.T.);
#654=CARTESIAN_POINT('',(-7.35,-0.75,0.));
#655=AXIS2_PLACEMENT_3D('',#654,#132,#34);
#656=PLANE('',#655);
#657=ADVANCED_FACE('',(#653),#656,.T.);
#658=ORIENTED_EDGE('',*,*,#573,.T.);
#659=ORIENTED_EDGE('',*,*,#639,.T.);
#660=ORIENTED_EDGE('',*,*,#594,.F.);
#661=ORIENTED_EDGE('',*,*,#616,.F.);
#662=EDGE_LOOP('',(#658,#659,#660,#661));
#663=FACE_OUTER_BOUND('',#662,.T.);
#664=CARTESIAN_POINT('',(-7.15,-0.75,0.));
#665=AXIS2_PLACEMENT_3D('',#664,#16,#34);
#666=PLANE('',#665);
#667=ADVANCED_FACE('',(#663),#666,.T.);
#668=CLOSED_SHELL('',(#585,#611,#629,#647,#657,#667));
#669=MANIFOLD_SOLID_BREP('Lead_1',#668);
#670=COLOUR_RGB('',0.85,0.68,0.2);
#671=FILL_AREA_STYLE_COLOUR('',#670);
#672=FILL_AREA_STYLE('',(#671));
#673=SURFACE_STYLE_FILL_AREA(#672);
#674=SURFACE_SIDE_STYLE('',(#673));
#675=SURFACE_STYLE_USAGE(.BOTH.,#674);
#676=PRESENTATION_STYLE_ASSIGNMENT((#675));
#677=STYLED_ITEM('color',(#676),#669);
#678=CARTESIAN_POINT('',(-6.85,-0.75,0.));
#679=VERTEX_POINT('',#678);
#680=CARTESIAN_POINT('',(-6.65,-0.75,0.));
#681=VERTEX_POINT('',#680);
#682=CARTESIAN_POINT('',(-6.85,0.6,0.));
#683=VERTEX_POINT('',#682);
#684=CARTESIAN_POINT('',(-6.65,0.6,0.));
#685=VERTEX_POINT('',#684);
#686=CARTESIAN_POINT('',(-6.85,-0.75,0.15));
#687=VERTEX_POINT('',#686);
#688=CARTESIAN_POINT('',(-6.65,-0.75,0.15));
#689=VERTEX_POINT('',#688);
#690=CARTESIAN_POINT('',(-6.85,0.6,0.15));
#691=VERTEX_POINT('',#690);
#692=CARTESIAN_POINT('',(-6.65,0.6,0.15));
#693=VERTEX_POINT('',#692);
#694=VECTOR('',#34,1.35);
#695=CARTESIAN_POINT('',(-6.85,-0.75,0.));
#696=LINE('',#695,#694);
#697=EDGE_CURVE('',#679,#683,#696,.T.);
#698=ORIENTED_EDGE('',*,*,#697,.T.);
#699=VECTOR('',#16,0.2);
#700=CARTESIAN_POINT('',(-6.85,0.6,0.));
#701=LINE('',#700,#699);
#702=EDGE_CURVE('',#683,#685,#701,.T.);
#703=ORIENTED_EDGE('',*,*,#702,.T.);
#704=VECTOR('',#34,1.35);
#705=CARTESIAN_POINT('',(-6.65,-0.75,0.));
#706=LINE('',#705,#704);
#707=EDGE_CURVE('',#681,#685,#706,.T.);
#708=ORIENTED_EDGE('',*,*,#707,.F.);
#709=VECTOR('',#16,0.2);
#710=CARTESIAN_POINT('',(-6.85,-0.75,0.));
#711=LINE('',#710,#709);
#712=EDGE_CURVE('',#679,#681,#711,.T.);
#713=ORIENTED_EDGE('',*,*,#712,.F.);
#714=EDGE_LOOP('',(#698,#703,#708,#713));
#715=FACE_OUTER_BOUND('',#714,.T.);
#716=CARTESIAN_POINT('',(-6.85,-0.75,0.));
#717=AXIS2_PLACEMENT_3D('',#716,#58,#16);
#718=PLANE('',#717);
#719=ADVANCED_FACE('',(#715),#718,.T.);
#720=VECTOR('',#16,0.2);
#721=CARTESIAN_POINT('',(-6.85,-0.75,0.15));
#722=LINE('',#721,#720);
#723=EDGE_CURVE('',#687,#689,#722,.T.);
#724=ORIENTED_EDGE('',*,*,#723,.T.);
#725=VECTOR('',#34,1.35);
#726=CARTESIAN_POINT('',(-6.65,-0.75,0.15));
#727=LINE('',#726,#725);
#728=EDGE_CURVE('',#689,#693,#727,.T.);
#729=ORIENTED_EDGE('',*,*,#728,.T.);
#730=VECTOR('',#16,0.2);
#731=CARTESIAN_POINT('',(-6.85,0.6,0.15));
#732=LINE('',#731,#730);
#733=EDGE_CURVE('',#691,#693,#732,.T.);
#734=ORIENTED_EDGE('',*,*,#733,.F.);
#735=VECTOR('',#34,1.35);
#736=CARTESIAN_POINT('',(-6.85,-0.75,0.15));
#737=LINE('',#736,#735);
#738=EDGE_CURVE('',#687,#691,#737,.T.);
#739=ORIENTED_EDGE('',*,*,#738,.F.);
#740=EDGE_LOOP('',(#724,#729,#734,#739));
#741=FACE_OUTER_BOUND('',#740,.T.);
#742=CARTESIAN_POINT('',(-6.85,-0.75,0.15));
#743=AXIS2_PLACEMENT_3D('',#742,#15,#16);
#744=PLANE('',#743);
#745=ADVANCED_FACE('',(#741),#744,.T.);
#746=ORIENTED_EDGE('',*,*,#712,.T.);
#747=VECTOR('',#15,0.15);
#748=CARTESIAN_POINT('',(-6.65,-0.75,0.));
#749=LINE('',#748,#747);
#750=EDGE_CURVE('',#681,#689,#749,.T.);
#751=ORIENTED_EDGE('',*,*,#750,.T.);
#752=ORIENTED_EDGE('',*,*,#723,.F.);
#753=VECTOR('',#15,0.15);
#754=CARTESIAN_POINT('',(-6.85,-0.75,0.));
#755=LINE('',#754,#753);
#756=EDGE_CURVE('',#679,#687,#755,.T.);
#757=ORIENTED_EDGE('',*,*,#756,.F.);
#758=EDGE_LOOP('',(#746,#751,#752,#757));
#759=FACE_OUTER_BOUND('',#758,.T.);
#760=CARTESIAN_POINT('',(-6.85,-0.75,0.));
#761=AXIS2_PLACEMENT_3D('',#760,#103,#16);
#762=PLANE('',#761);
#763=ADVANCED_FACE('',(#759),#762,.T.);
#764=VECTOR('',#15,0.15);
#765=CARTESIAN_POINT('',(-6.85,0.6,0.));
#766=LINE('',#765,#764);
#767=EDGE_CURVE('',#683,#691,#766,.T.);
#768=ORIENTED_EDGE('',*,*,#767,.T.);
#769=ORIENTED_EDGE('',*,*,#733,.T.);
#770=VECTOR('',#15,0.15);
#771=CARTESIAN_POINT('',(-6.65,0.6,0.));
#772=LINE('',#771,#770);
#773=EDGE_CURVE('',#685,#693,#772,.T.);
#774=ORIENTED_EDGE('',*,*,#773,.F.);
#775=ORIENTED_EDGE('',*,*,#702,.F.);
#776=EDGE_LOOP('',(#768,#769,#774,#775));
#777=FACE_OUTER_BOUND('',#776,.T.);
#778=CARTESIAN_POINT('',(-6.85,0.6,0.));
#779=AXIS2_PLACEMENT_3D('',#778,#34,#16);
#780=PLANE('',#779);
#781=ADVANCED_FACE('',(#777),#780,.T.);
#782=ORIENTED_EDGE('',*,*,#756,.T.);
#783=ORIENTED_EDGE('',*,*,#738,.T.);
#784=ORIENTED_EDGE('',*,*,#767,.F.);
#785=ORIENTED_EDGE('',*,*,#697,.F.);
#786=EDGE_LOOP('',(#782,#783,#784,#785));
#787=FACE_OUTER_BOUND('',#786,.T.);
#788=CARTESIAN_POINT('',(-6.85,-0.75,0.));
#789=AXIS2_PLACEMENT_3D('',#788,#132,#34);
#790=PLANE('',#789);
#791=ADVANCED_FACE('',(#787),#790,.T.);
#792=ORIENTED_EDGE('',*,*,#707,.T.);
#793=ORIENTED_EDGE('',*,*,#773,.T.);
#794=ORIENTED_EDGE('',*,*,#728,.F.);
#795=ORIENTED_EDGE('',*,*,#750,.F.);
#796=EDGE_LOOP('',(#792,#793,#794,#795));
#797=FACE_OUTER_BOUND('',#796,.T.);
#798=CARTESIAN_POINT('',(-6.65,-0.75,0.));
#799=AXIS2_PLACEMENT_3D('',#798,#16,#34);
#800=PLANE('',#799);
#801=ADVANCED_FACE('',(#797),#800,.T.);
#802=CLOSED_SHELL('',(#719,#745,#763,#781,#791,#801));
#803=MANIFOLD_SOLID_BREP('Lead_2',#802);
#804=STYLED_ITEM('color',(#676),#803);
#805=CARTESIAN_POINT('',(-6.35,-0.75,0.));
#806=VERTEX_POINT('',#805);
#807=CARTESIAN_POINT('',(-6.15,-0.75,0.));
#808=VERTEX_POINT('',#807);
#809=CARTESIAN_POINT('',(-6.35,0.6,0.));
#810=VERTEX_POINT('',#809);
#811=CARTESIAN_POINT('',(-6.15,0.6,0.));
#812=VERTEX_POINT('',#811);
#813=CARTESIAN_POINT('',(-6.35,-0.75,0.15));
#814=VERTEX_POINT('',#813);
#815=CARTESIAN_POINT('',(-6.15,-0.75,0.15));
#816=VERTEX_POINT('',#815);
#817=CARTESIAN_POINT('',(-6.35,0.6,0.15));
#818=VERTEX_POINT('',#817);
#819=CARTESIAN_POINT('',(-6.15,0.6,0.15));
#820=VERTEX_POINT('',#819);
#821=VECTOR('',#34,1.35);
#822=CARTESIAN_POINT('',(-6.35,-0.75,0.));
#823=LINE('',#822,#821);
#824=EDGE_CURVE('',#806,#810,#823,.T.);
#825=ORIENTED_EDGE('',*,*,#824,.T.);
#826=VECTOR('',#16,0.2);
#827=CARTESIAN_POINT('',(-6.35,0.6,0.));
#828=LINE('',#827,#826);
#829=EDGE_CURVE('',#810,#812,#828,.T.);
#830=ORIENTED_EDGE('',*,*,#829,.T.);
#831=VECTOR('',#34,1.35);
#832=CARTESIAN_POINT('',(-6.15,-0.75,0.));
#833=LINE('',#832,#831);
#834=EDGE_CURVE('',#808,#812,#833,.T.);
#835=ORIENTED_EDGE('',*,*,#834,.F.);
#836=VECTOR('',#16,0.2);
#837=CARTESIAN_POINT('',(-6.35,-0.75,0.));
#838=LINE('',#837,#836);
#839=EDGE_CURVE('',#806,#808,#838,.T.);
#840=ORIENTED_EDGE('',*,*,#839,.F.);
#841=EDGE_LOOP('',(#825,#830,#835,#840));
#842=FACE_OUTER_BOUND('',#841,.T.);
#843=CARTESIAN_POINT('',(-6.35,-0.75,0.));
#844=AXIS2_PLACEMENT_3D('',#843,#58,#16);
#845=PLANE('',#844);
#846=ADVANCED_FACE('',(#842),#845,.T.);
#847=VECTOR('',#16,0.2);
#848=CARTESIAN_POINT('',(-6.35,-0.75,0.15));
#849=LINE('',#848,#847);
#850=EDGE_CURVE('',#814,#816,#849,.T.);
#851=ORIENTED_EDGE('',*,*,#850,.T.);
#852=VECTOR('',#34,1.35);
#853=CARTESIAN_POINT('',(-6.15,-0.75,0.15));
#854=LINE('',#853,#852);
#855=EDGE_CURVE('',#816,#820,#854,.T.);
#856=ORIENTED_EDGE('',*,*,#855,.T.);
#857=VECTOR('',#16,0.2);
#858=CARTESIAN_POINT('',(-6.35,0.6,0.15));
#859=LINE('',#858,#857);
#860=EDGE_CURVE('',#818,#820,#859,.T.);
#861=ORIENTED_EDGE('',*,*,#860,.F.);
#862=VECTOR('',#34,1.35);
#863=CARTESIAN_POINT('',(-6.35,-0.75,0.15));
#864=LINE('',#863,#862);
#865=EDGE_CURVE('',#814,#818,#864,.T.);
#866=ORIENTED_EDGE('',*,*,#865,.F.);
#867=EDGE_LOOP('',(#851,#856,#861,#866));
#868=FACE_OUTER_BOUND('',#867,.T.);
#869=CARTESIAN_POINT('',(-6.35,-0.75,0.15));
#870=AXIS2_PLACEMENT_3D('',#869,#15,#16);
#871=PLANE('',#870);
#872=ADVANCED_FACE('',(#868),#871,.T.);
#873=ORIENTED_EDGE('',*,*,#839,.T.);
#874=VECTOR('',#15,0.15);
#875=CARTESIAN_POINT('',(-6.15,-0.75,0.));
#876=LINE('',#875,#874);
#877=EDGE_CURVE('',#808,#816,#876,.T.);
#878=ORIENTED_EDGE('',*,*,#877,.T.);
#879=ORIENTED_EDGE('',*,*,#850,.F.);
#880=VECTOR('',#15,0.15);
#881=CARTESIAN_POINT('',(-6.35,-0.75,0.));
#882=LINE('',#881,#880);
#883=EDGE_CURVE('',#806,#814,#882,.T.);
#884=ORIENTED_EDGE('',*,*,#883,.F.);
#885=EDGE_LOOP('',(#873,#878,#879,#884));
#886=FACE_OUTER_BOUND('',#885,.T.);
#887=CARTESIAN_POINT('',(-6.35,-0.75,0.));
#888=AXIS2_PLACEMENT_3D('',#887,#103,#16);
#889=PLANE('',#888);
#890=ADVANCED_FACE('',(#886),#889,.T.);
#891=VECTOR('',#15,0.15);
#892=CARTESIAN_POINT('',(-6.35,0.6,0.));
#893=LINE('',#892,#891);
#894=EDGE_CURVE('',#810,#818,#893,.T.);
#895=ORIENTED_EDGE('',*,*,#894,.T.);
#896=ORIENTED_EDGE('',*,*,#860,.T.);
#897=VECTOR('',#15,0.15);
#898=CARTESIAN_POINT('',(-6.15,0.6,0.));
#899=LINE('',#898,#897);
#900=EDGE_CURVE('',#812,#820,#899,.T.);
#901=ORIENTED_EDGE('',*,*,#900,.F.);
#902=ORIENTED_EDGE('',*,*,#829,.F.);
#903=EDGE_LOOP('',(#895,#896,#901,#902));
#904=FACE_OUTER_BOUND('',#903,.T.);
#905=CARTESIAN_POINT('',(-6.35,0.6,0.));
#906=AXIS2_PLACEMENT_3D('',#905,#34,#16);
#907=PLANE('',#906);
#908=ADVANCED_FACE('',(#904),#907,.T.);
#909=ORIENTED_EDGE('',*,*,#883,.T.);
#910=ORIENTED_EDGE('',*,*,#865,.T.);
#911=ORIENTED_EDGE('',*,*,#894,.F.);
#912=ORIENTED_EDGE('',*,*,#824,.F.);
#913=EDGE_LOOP('',(#909,#910,#911,#912));
#914=FACE_OUTER_BOUND('',#913,.T.);
#915=CARTESIAN_POINT('',(-6.35,-0.75,0.));
#916=AXIS2_PLACEMENT_3D('',#915,#132,#34);
#917=PLANE('',#916);
#918=ADVANCED_FACE('',(#914),#917,.T.);
#919=ORIENTED_EDGE('',*,*,#834,.T.);
#920=ORIENTED_EDGE('',*,*,#900,.T.);
#921=ORIENTED_EDGE('',*,*,#855,.F.);
#922=ORIENTED_EDGE('',*,*,#877,.F.);
#923=EDGE_LOOP('',(#919,#920,#921,#922));
#924=FACE_OUTER_BOUND('',#923,.T.);
#925=CARTESIAN_POINT('',(-6.15,-0.75,0.));
#926=AXIS2_PLACEMENT_3D('',#925,#16,#34);
#927=PLANE('',#926);
#928=ADVANCED_FACE('',(#924),#927,.T.);
#929=CLOSED_SHELL('',(#846,#872,#890,#908,#918,#928));
#930=MANIFOLD_SOLID_BREP('Lead_3',#929);
#931=STYLED_ITEM('color',(#676),#930);
#932=CARTESIAN_POINT('',(-5.85,-0.75,0.));
#933=VERTEX_POINT('',#932);
#934=CARTESIAN_POINT('',(-5.65,-0.75,0.));
#935=VERTEX_POINT('',#934);
#936=CARTESIAN_POINT('',(-5.85,0.6,0.));
#937=VERTEX_POINT('',#936);
#938=CARTESIAN_POINT('',(-5.65,0.6,0.));
#939=VERTEX_POINT('',#938);
#940=CARTESIAN_POINT('',(-5.85,-0.75,0.15));
#941=VERTEX_POINT('',#940);
#942=CARTESIAN_POINT('',(-5.65,-0.75,0.15));
#943=VERTEX_POINT('',#942);
#944=CARTESIAN_POINT('',(-5.85,0.6,0.15));
#945=VERTEX_POINT('',#944);
#946=CARTESIAN_POINT('',(-5.65,0.6,0.15));
#947=VERTEX_POINT('',#946);
#948=VECTOR('',#34,1.35);
#949=CARTESIAN_POINT('',(-5.85,-0.75,0.));
#950=LINE('',#949,#948);
#951=EDGE_CURVE('',#933,#937,#950,.T.);
#952=ORIENTED_EDGE('',*,*,#951,.T.);
#953=VECTOR('',#16,0.2);
#954=CARTESIAN_POINT('',(-5.85,0.6,0.));
#955=LINE('',#954,#953);
#956=EDGE_CURVE('',#937,#939,#955,.T.);
#957=ORIENTED_EDGE('',*,*,#956,.T.);
#958=VECTOR('',#34,1.35);
#959=CARTESIAN_POINT('',(-5.65,-0.75,0.));
#960=LINE('',#959,#958);
#961=EDGE_CURVE('',#935,#939,#960,.T.);
#962=ORIENTED_EDGE('',*,*,#961,.F.);
#963=VECTOR('',#16,0.2);
#964=CARTESIAN_POINT('',(-5.85,-0.75,0.));
#965=LINE('',#964,#963);
#966=EDGE_CURVE('',#933,#935,#965,.T.);
#967=ORIENTED_EDGE('',*,*,#966,.F.);
#968=EDGE_LOOP('',(#952,#957,#962,#967));
#969=FACE_OUTER_BOUND('',#968,.T.);
#970=CARTESIAN_POINT('',(-5.85,-0.75,0.));
#971=AXIS2_PLACEMENT_3D('',#970,#58,#16);
#972=PLANE('',#971);
#973=ADVANCED_FACE('',(#969),#972,.T.);
#974=VECTOR('',#16,0.2);
#975=CARTESIAN_POINT('',(-5.85,-0.75,0.15));
#976=LINE('',#975,#974);
#977=EDGE_CURVE('',#941,#943,#976,.T.);
#978=ORIENTED_EDGE('',*,*,#977,.T.);
#979=VECTOR('',#34,1.35);
#980=CARTESIAN_POINT('',(-5.65,-0.75,0.15));
#981=LINE('',#980,#979);
#982=EDGE_CURVE('',#943,#947,#981,.T.);
#983=ORIENTED_EDGE('',*,*,#982,.T.);
#984=VECTOR('',#16,0.2);
#985=CARTESIAN_POINT('',(-5.85,0.6,0.15));
#986=LINE('',#985,#984);
#987=EDGE_CURVE('',#945,#947,#986,.T.);
#988=ORIENTED_EDGE('',*,*,#987,.F.);
#989=VECTOR('',#34,1.35);
#990=CARTESIAN_POINT('',(-5.85,-0.75,0.15));
#991=LINE('',#990,#989);
#992=EDGE_CURVE('',#941,#945,#991,.T.);
#993=ORIENTED_EDGE('',*,*,#992,.F.);
#994=EDGE_LOOP('',(#978,#983,#988,#993));
#995=FACE_OUTER_BOUND('',#994,.T.);
#996=CARTESIAN_POINT('',(-5.85,-0.75,0.15));
#997=AXIS2_PLACEMENT_3D('',#996,#15,#16);
#998=PLANE('',#997);
#999=ADVANCED_FACE('',(#995),#998,.T.);
#1000=ORIENTED_EDGE('',*,*,#966,.T.);
#1001=VECTOR('',#15,0.15);
#1002=CARTESIAN_POINT('',(-5.65,-0.75,0.));
#1003=LINE('',#1002,#1001);
#1004=EDGE_CURVE('',#935,#943,#1003,.T.);
#1005=ORIENTED_EDGE('',*,*,#1004,.T.);
#1006=ORIENTED_EDGE('',*,*,#977,.F.);
#1007=VECTOR('',#15,0.15);
#1008=CARTESIAN_POINT('',(-5.85,-0.75,0.));
#1009=LINE('',#1008,#1007);
#1010=EDGE_CURVE('',#933,#941,#1009,.T.);
#1011=ORIENTED_EDGE('',*,*,#1010,.F.);
#1012=EDGE_LOOP('',(#1000,#1005,#1006,#1011));
#1013=FACE_OUTER_BOUND('',#1012,.T.);
#1014=CARTESIAN_POINT('',(-5.85,-0.75,0.));
#1015=AXIS2_PLACEMENT_3D('',#1014,#103,#16);
#1016=PLANE('',#1015);
#1017=ADVANCED_FACE('',(#1013),#1016,.T.);
#1018=VECTOR('',#15,0.15);
#1019=CARTESIAN_POINT('',(-5.85,0.6,0.));
#1020=LINE('',#1019,#1018);
#1021=EDGE_CURVE('',#937,#945,#1020,.T.);
#1022=ORIENTED_EDGE('',*,*,#1021,.T.);
#1023=ORIENTED_EDGE('',*,*,#987,.T.);
#1024=VECTOR('',#15,0.15);
#1025=CARTESIAN_POINT('',(-5.65,0.6,0.));
#1026=LINE('',#1025,#1024);
#1027=EDGE_CURVE('',#939,#947,#1026,.T.);
#1028=ORIENTED_EDGE('',*,*,#1027,.F.);
#1029=ORIENTED_EDGE('',*,*,#956,.F.);
#1030=EDGE_LOOP('',(#1022,#1023,#1028,#1029));
#1031=FACE_OUTER_BOUND('',#1030,.T.);
#1032=CARTESIAN_POINT('',(-5.85,0.6,0.));
#1033=AXIS2_PLACEMENT_3D('',#1032,#34,#16);
#1034=PLANE('',#1033);
#1035=ADVANCED_FACE('',(#1031),#1034,.T.);
#1036=ORIENTED_EDGE('',*,*,#1010,.T.);
#1037=ORIENTED_EDGE('',*,*,#992,.T.);
#1038=ORIENTED_EDGE('',*,*,#1021,.F.);
#1039=ORIENTED_EDGE('',*,*,#951,.F.);
#1040=EDGE_LOOP('',(#1036,#1037,#1038,#1039));
#1041=FACE_OUTER_BOUND('',#1040,.T.);
#1042=CARTESIAN_POINT('',(-5.85,-0.75,0.));
#1043=AXIS2_PLACEMENT_3D('',#1042,#132,#34);
#1044=PLANE('',#1043);
#1045=ADVANCED_FACE('',(#1041),#1044,.T.);
#1046=ORIENTED_EDGE('',*,*,#961,.T.);
#1047=ORIENTED_EDGE('',*,*,#1027,.T.);
#1048=ORIENTED_EDGE('',*,*,#982,.F.);
#1049=ORIENTED_EDGE('',*,*,#1004,.F.);
#1050=EDGE_LOOP('',(#1046,#1047,#1048,#1049));
#1051=FACE_OUTER_BOUND('',#1050,.T.);
#1052=CARTESIAN_POINT('',(-5.65,-0.75,0.));
#1053=AXIS2_PLACEMENT_3D('',#1052,#16,#34);
#1054=PLANE('',#1053);
#1055=ADVANCED_FACE('',(#1051),#1054,.T.);
#1056=CLOSED_SHELL('',(#973,#999,#1017,#1035,#1045,#1055));
#1057=MANIFOLD_SOLID_BREP('Lead_4',#1056);
#1058=STYLED_ITEM('color',(#676),#1057);
#1059=CARTESIAN_POINT('',(-5.35,-0.75,0.));
#1060=VERTEX_POINT('',#1059);
#1061=CARTESIAN_POINT('',(-5.15,-0.75,0.));
#1062=VERTEX_POINT('',#1061);
#1063=CARTESIAN_POINT('',(-5.35,0.6,0.));
#1064=VERTEX_POINT('',#1063);
#1065=CARTESIAN_POINT('',(-5.15,0.6,0.));
#1066=VERTEX_POINT('',#1065);
#1067=CARTESIAN_POINT('',(-5.35,-0.75,0.15));
#1068=VERTEX_POINT('',#1067);
#1069=CARTESIAN_POINT('',(-5.15,-0.75,0.15));
#1070=VERTEX_POINT('',#1069);
#1071=CARTESIAN_POINT('',(-5.35,0.6,0.15));
#1072=VERTEX_POINT('',#1071);
#1073=CARTESIAN_POINT('',(-5.15,0.6,0.15));
#1074=VERTEX_POINT('',#1073);
#1075=VECTOR('',#34,1.35);
#1076=CARTESIAN_POINT('',(-5.35,-0.75,0.));
#1077=LINE('',#1076,#1075);
#1078=EDGE_CURVE('',#1060,#1064,#1077,.T.);
#1079=ORIENTED_EDGE('',*,*,#1078,.T.);
#1080=VECTOR('',#16,0.2);
#1081=CARTESIAN_POINT('',(-5.35,0.6,0.));
#1082=LINE('',#1081,#1080);
#1083=EDGE_CURVE('',#1064,#1066,#1082,.T.);
#1084=ORIENTED_EDGE('',*,*,#1083,.T.);
#1085=VECTOR('',#34,1.35);
#1086=CARTESIAN_POINT('',(-5.15,-0.75,0.));
#1087=LINE('',#1086,#1085);
#1088=EDGE_CURVE('',#1062,#1066,#1087,.T.);
#1089=ORIENTED_EDGE('',*,*,#1088,.F.);
#1090=VECTOR('',#16,0.2);
#1091=CARTESIAN_POINT('',(-5.35,-0.75,0.));
#1092=LINE('',#1091,#1090);
#1093=EDGE_CURVE('',#1060,#1062,#1092,.T.);
#1094=ORIENTED_EDGE('',*,*,#1093,.F.);
#1095=EDGE_LOOP('',(#1079,#1084,#1089,#1094));
#1096=FACE_OUTER_BOUND('',#1095,.T.);
#1097=CARTESIAN_POINT('',(-5.35,-0.75,0.));
#1098=AXIS2_PLACEMENT_3D('',#1097,#58,#16);
#1099=PLANE('',#1098);
#1100=ADVANCED_FACE('',(#1096),#1099,.T.);
#1101=VECTOR('',#16,0.2);
#1102=CARTESIAN_POINT('',(-5.35,-0.75,0.15));
#1103=LINE('',#1102,#1101);
#1104=EDGE_CURVE('',#1068,#1070,#1103,.T.);
#1105=ORIENTED_EDGE('',*,*,#1104,.T.);
#1106=VECTOR('',#34,1.35);
#1107=CARTESIAN_POINT('',(-5.15,-0.75,0.15));
#1108=LINE('',#1107,#1106);
#1109=EDGE_CURVE('',#1070,#1074,#1108,.T.);
#1110=ORIENTED_EDGE('',*,*,#1109,.T.);
#1111=VECTOR('',#16,0.2);
#1112=CARTESIAN_POINT('',(-5.35,0.6,0.15));
#1113=LINE('',#1112,#1111);
#1114=EDGE_CURVE('',#1072,#1074,#1113,.T.);
#1115=ORIENTED_EDGE('',*,*,#1114,.F.);
#1116=VECTOR('',#34,1.35);
#1117=CARTESIAN_POINT('',(-5.35,-0.75,0.15));
#1118=LINE('',#1117,#1116);
#1119=EDGE_CURVE('',#1068,#1072,#1118,.T.);
#1120=ORIENTED_EDGE('',*,*,#1119,.F.);
#1121=EDGE_LOOP('',(#1105,#1110,#1115,#1120));
#1122=FACE_OUTER_BOUND('',#1121,.T.);
#1123=CARTESIAN_POINT('',(-5.35,-0.75,0.15));
#1124=AXIS2_PLACEMENT_3D('',#1123,#15,#16);
#1125=PLANE('',#1124);
#1126=ADVANCED_FACE('',(#1122),#1125,.T.);
#1127=ORIENTED_EDGE('',*,*,#1093,.T.);
#1128=VECTOR('',#15,0.15);
#1129=CARTESIAN_POINT('',(-5.15,-0.75,0.));
#1130=LINE('',#1129,#1128);
#1131=EDGE_CURVE('',#1062,#1070,#1130,.T.);
#1132=ORIENTED_EDGE('',*,*,#1131,.T.);
#1133=ORIENTED_EDGE('',*,*,#1104,.F.);
#1134=VECTOR('',#15,0.15);
#1135=CARTESIAN_POINT('',(-5.35,-0.75,0.));
#1136=LINE('',#1135,#1134);
#1137=EDGE_CURVE('',#1060,#1068,#1136,.T.);
#1138=ORIENTED_EDGE('',*,*,#1137,.F.);
#1139=EDGE_LOOP('',(#1127,#1132,#1133,#1138));
#1140=FACE_OUTER_BOUND('',#1139,.T.);
#1141=CARTESIAN_POINT('',(-5.35,-0.75,0.));
#1142=AXIS2_PLACEMENT_3D('',#1141,#103,#16);
#1143=PLANE('',#1142);
#1144=ADVANCED_FACE('',(#1140),#1143,.T.);
#1145=VECTOR('',#15,0.15);
#1146=CARTESIAN_POINT('',(-5.35,0.6,0.));
#1147=LINE('',#1146,#1145);
#1148=EDGE_CURVE('',#1064,#1072,#1147,.T.);
#1149=ORIENTED_EDGE('',*,*,#1148,.T.);
#1150=ORIENTED_EDGE('',*,*,#1114,.T.);
#1151=VECTOR('',#15,0.15);
#1152=CARTESIAN_POINT('',(-5.15,0.6,0.));
#1153=LINE('',#1152,#1151);
#1154=EDGE_CURVE('',#1066,#1074,#1153,.T.);
#1155=ORIENTED_EDGE('',*,*,#1154,.F.);
#1156=ORIENTED_EDGE('',*,*,#1083,.F.);
#1157=EDGE_LOOP('',(#1149,#1150,#1155,#1156));
#1158=FACE_OUTER_BOUND('',#1157,.T.);
#1159=CARTESIAN_POINT('',(-5.35,0.6,0.));
#1160=AXIS2_PLACEMENT_3D('',#1159,#34,#16);
#1161=PLANE('',#1160);
#1162=ADVANCED_FACE('',(#1158),#1161,.T.);
#1163=ORIENTED_EDGE('',*,*,#1137,.T.);
#1164=ORIENTED_EDGE('',*,*,#1119,.T.);
#1165=ORIENTED_EDGE('',*,*,#1148,.F.);
#1166=ORIENTED_EDGE('',*,*,#1078,.F.);
#1167=EDGE_LOOP('',(#1163,#1164,#1165,#1166));
#1168=FACE_OUTER_BOUND('',#1167,.T.);
#1169=CARTESIAN_POINT('',(-5.35,-0.75,0.));
#1170=AXIS2_PLACEMENT_3D('',#1169,#132,#34);
#1171=PLANE('',#1170);
#1172=ADVANCED_FACE('',(#1168),#1171,.T.);
#1173=ORIENTED_EDGE('',*,*,#1088,.T.);
#1174=ORIENTED_EDGE('',*,*,#1154,.T.);
#1175=ORIENTED_EDGE('',*,*,#1109,.F.);
#1176=ORIENTED_EDGE('',*,*,#1131,.F.);
#1177=EDGE_LOOP('',(#1173,#1174,#1175,#1176));
#1178=FACE_OUTER_BOUND('',#1177,.T.);
#1179=CARTESIAN_POINT('',(-5.15,-0.75,0.));
#1180=AXIS2_PLACEMENT_3D('',#1179,#16,#34);
#1181=PLANE('',#1180);
#1182=ADVANCED_FACE('',(#1178),#1181,.T.);
#1183=CLOSED_SHELL('',(#1100,#1126,#1144,#1162,#1172,#1182));
#1184=MANIFOLD_SOLID_BREP('Lead_5',#1183);
#1185=STYLED_ITEM('color',(#676),#1184);
#1186=CARTESIAN_POINT('',(-4.85,-0.75,0.));
#1187=VERTEX_POINT('',#1186);
#1188=CARTESIAN_POINT('',(-4.65,-0.75,0.));
#1189=VERTEX_POINT('',#1188);
#1190=CARTESIAN_POINT('',(-4.85,0.6,0.));
#1191=VERTEX_POINT('',#1190);
#1192=CARTESIAN_POINT('',(-4.65,0.6,0.));
#1193=VERTEX_POINT('',#1192);
#1194=CARTESIAN_POINT('',(-4.85,-0.75,0.15));
#1195=VERTEX_POINT('',#1194);
#1196=CARTESIAN_POINT('',(-4.65,-0.75,0.15));
#1197=VERTEX_POINT('',#1196);
#1198=CARTESIAN_POINT('',(-4.85,0.6,0.15));
#1199=VERTEX_POINT('',#1198);
#1200=CARTESIAN_POINT('',(-4.65,0.6,0.15));
#1201=VERTEX_POINT('',#1200);
#1202=VECTOR('',#34,1.35);
#1203=CARTESIAN_POINT('',(-4.85,-0.75,0.));
#1204=LINE('',#1203,#1202);
#1205=EDGE_CURVE('',#1187,#1191,#1204,.T.);
#1206=ORIENTED_EDGE('',*,*,#1205,.T.);
#1207=VECTOR('',#16,0.2);
#1208=CARTESIAN_POINT('',(-4.85,0.6,0.));
#1209=LINE('',#1208,#1207);
#1210=EDGE_CURVE('',#1191,#1193,#1209,.T.);
#1211=ORIENTED_EDGE('',*,*,#1210,.T.);
#1212=VECTOR('',#34,1.35);
#1213=CARTESIAN_POINT('',(-4.65,-0.75,0.));
#1214=LINE('',#1213,#1212);
#1215=EDGE_CURVE('',#1189,#1193,#1214,.T.);
#1216=ORIENTED_EDGE('',*,*,#1215,.F.);
#1217=VECTOR('',#16,0.2);
#1218=CARTESIAN_POINT('',(-4.85,-0.75,0.));
#1219=LINE('',#1218,#1217);
#1220=EDGE_CURVE('',#1187,#1189,#1219,.T.);
#1221=ORIENTED_EDGE('',*,*,#1220,.F.);
#1222=EDGE_LOOP('',(#1206,#1211,#1216,#1221));
#1223=FACE_OUTER_BOUND('',#1222,.T.);
#1224=CARTESIAN_POINT('',(-4.85,-0.75,0.));
#1225=AXIS2_PLACEMENT_3D('',#1224,#58,#16);
#1226=PLANE('',#1225);
#1227=ADVANCED_FACE('',(#1223),#1226,.T.);
#1228=VECTOR('',#16,0.2);
#1229=CARTESIAN_POINT('',(-4.85,-0.75,0.15));
#1230=LINE('',#1229,#1228);
#1231=EDGE_CURVE('',#1195,#1197,#1230,.T.);
#1232=ORIENTED_EDGE('',*,*,#1231,.T.);
#1233=VECTOR('',#34,1.35);
#1234=CARTESIAN_POINT('',(-4.65,-0.75,0.15));
#1235=LINE('',#1234,#1233);
#1236=EDGE_CURVE('',#1197,#1201,#1235,.T.);
#1237=ORIENTED_EDGE('',*,*,#1236,.T.);
#1238=VECTOR('',#16,0.2);
#1239=CARTESIAN_POINT('',(-4.85,0.6,0.15));
#1240=LINE('',#1239,#1238);
#1241=EDGE_CURVE('',#1199,#1201,#1240,.T.);
#1242=ORIENTED_EDGE('',*,*,#1241,.F.);
#1243=VECTOR('',#34,1.35);
#1244=CARTESIAN_POINT('',(-4.85,-0.75,0.15));
#1245=LINE('',#1244,#1243);
#1246=EDGE_CURVE('',#1195,#1199,#1245,.T.);
#1247=ORIENTED_EDGE('',*,*,#1246,.F.);
#1248=EDGE_LOOP('',(#1232,#1237,#1242,#1247));
#1249=FACE_OUTER_BOUND('',#1248,.T.);
#1250=CARTESIAN_POINT('',(-4.85,-0.75,0.15));
#1251=AXIS2_PLACEMENT_3D('',#1250,#15,#16);
#1252=PLANE('',#1251);
#1253=ADVANCED_FACE('',(#1249),#1252,.T.);
#1254=ORIENTED_EDGE('',*,*,#1220,.T.);
#1255=VECTOR('',#15,0.15);
#1256=CARTESIAN_POINT('',(-4.65,-0.75,0.));
#1257=LINE('',#1256,#1255);
#1258=EDGE_CURVE('',#1189,#1197,#1257,.T.);
#1259=ORIENTED_EDGE('',*,*,#1258,.T.);
#1260=ORIENTED_EDGE('',*,*,#1231,.F.);
#1261=VECTOR('',#15,0.15);
#1262=CARTESIAN_POINT('',(-4.85,-0.75,0.));
#1263=LINE('',#1262,#1261);
#1264=EDGE_CURVE('',#1187,#1195,#1263,.T.);
#1265=ORIENTED_EDGE('',*,*,#1264,.F.);
#1266=EDGE_LOOP('',(#1254,#1259,#1260,#1265));
#1267=FACE_OUTER_BOUND('',#1266,.T.);
#1268=CARTESIAN_POINT('',(-4.85,-0.75,0.));
#1269=AXIS2_PLACEMENT_3D('',#1268,#103,#16);
#1270=PLANE('',#1269);
#1271=ADVANCED_FACE('',(#1267),#1270,.T.);
#1272=VECTOR('',#15,0.15);
#1273=CARTESIAN_POINT('',(-4.85,0.6,0.));
#1274=LINE('',#1273,#1272);
#1275=EDGE_CURVE('',#1191,#1199,#1274,.T.);
#1276=ORIENTED_EDGE('',*,*,#1275,.T.);
#1277=ORIENTED_EDGE('',*,*,#1241,.T.);
#1278=VECTOR('',#15,0.15);
#1279=CARTESIAN_POINT('',(-4.65,0.6,0.));
#1280=LINE('',#1279,#1278);
#1281=EDGE_CURVE('',#1193,#1201,#1280,.T.);
#1282=ORIENTED_EDGE('',*,*,#1281,.F.);
#1283=ORIENTED_EDGE('',*,*,#1210,.F.);
#1284=EDGE_LOOP('',(#1276,#1277,#1282,#1283));
#1285=FACE_OUTER_BOUND('',#1284,.T.);
#1286=CARTESIAN_POINT('',(-4.85,0.6,0.));
#1287=AXIS2_PLACEMENT_3D('',#1286,#34,#16);
#1288=PLANE('',#1287);
#1289=ADVANCED_FACE('',(#1285),#1288,.T.);
#1290=ORIENTED_EDGE('',*,*,#1264,.T.);
#1291=ORIENTED_EDGE('',*,*,#1246,.T.);
#1292=ORIENTED_EDGE('',*,*,#1275,.F.);
#1293=ORIENTED_EDGE('',*,*,#1205,.F.);
#1294=EDGE_LOOP('',(#1290,#1291,#1292,#1293));
#1295=FACE_OUTER_BOUND('',#1294,.T.);
#1296=CARTESIAN_POINT('',(-4.85,-0.75,0.));
#1297=AXIS2_PLACEMENT_3D('',#1296,#132,#34);
#1298=PLANE('',#1297);
#1299=ADVANCED_FACE('',(#1295),#1298,.T.);
#1300=ORIENTED_EDGE('',*,*,#1215,.T.);
#1301=ORIENTED_EDGE('',*,*,#1281,.T.);
#1302=ORIENTED_EDGE('',*,*,#1236,.F.);
#1303=ORIENTED_EDGE('',*,*,#1258,.F.);
#1304=EDGE_LOOP('',(#1300,#1301,#1302,#1303));
#1305=FACE_OUTER_BOUND('',#1304,.T.);
#1306=CARTESIAN_POINT('',(-4.65,-0.75,0.));
#1307=AXIS2_PLACEMENT_3D('',#1306,#16,#34);
#1308=PLANE('',#1307);
#1309=ADVANCED_FACE('',(#1305),#1308,.T.);
#1310=CLOSED_SHELL('',(#1227,#1253,#1271,#1289,#1299,#1309));
#1311=MANIFOLD_SOLID_BREP('Lead_6',#1310);
#1312=STYLED_ITEM('color',(#676),#1311);
#1313=CARTESIAN_POINT('',(-4.35,-0.75,0.));
#1314=VERTEX_POINT('',#1313);
#1315=CARTESIAN_POINT('',(-4.15,-0.75,0.));
#1316=VERTEX_POINT('',#1315);
#1317=CARTESIAN_POINT('',(-4.35,0.6,0.));
#1318=VERTEX_POINT('',#1317);
#1319=CARTESIAN_POINT('',(-4.15,0.6,0.));
#1320=VERTEX_POINT('',#1319);
#1321=CARTESIAN_POINT('',(-4.35,-0.75,0.15));
#1322=VERTEX_POINT('',#1321);
#1323=CARTESIAN_POINT('',(-4.15,-0.75,0.15));
#1324=VERTEX_POINT('',#1323);
#1325=CARTESIAN_POINT('',(-4.35,0.6,0.15));
#1326=VERTEX_POINT('',#1325);
#1327=CARTESIAN_POINT('',(-4.15,0.6,0.15));
#1328=VERTEX_POINT('',#1327);
#1329=VECTOR('',#34,1.35);
#1330=CARTESIAN_POINT('',(-4.35,-0.75,0.));
#1331=LINE('',#1330,#1329);
#1332=EDGE_CURVE('',#1314,#1318,#1331,.T.);
#1333=ORIENTED_EDGE('',*,*,#1332,.T.);
#1334=VECTOR('',#16,0.2);
#1335=CARTESIAN_POINT('',(-4.35,0.6,0.));
#1336=LINE('',#1335,#1334);
#1337=EDGE_CURVE('',#1318,#1320,#1336,.T.);
#1338=ORIENTED_EDGE('',*,*,#1337,.T.);
#1339=VECTOR('',#34,1.35);
#1340=CARTESIAN_POINT('',(-4.15,-0.75,0.));
#1341=LINE('',#1340,#1339);
#1342=EDGE_CURVE('',#1316,#1320,#1341,.T.);
#1343=ORIENTED_EDGE('',*,*,#1342,.F.);
#1344=VECTOR('',#16,0.2);
#1345=CARTESIAN_POINT('',(-4.35,-0.75,0.));
#1346=LINE('',#1345,#1344);
#1347=EDGE_CURVE('',#1314,#1316,#1346,.T.);
#1348=ORIENTED_EDGE('',*,*,#1347,.F.);
#1349=EDGE_LOOP('',(#1333,#1338,#1343,#1348));
#1350=FACE_OUTER_BOUND('',#1349,.T.);
#1351=CARTESIAN_POINT('',(-4.35,-0.75,0.));
#1352=AXIS2_PLACEMENT_3D('',#1351,#58,#16);
#1353=PLANE('',#1352);
#1354=ADVANCED_FACE('',(#1350),#1353,.T.);
#1355=VECTOR('',#16,0.2);
#1356=CARTESIAN_POINT('',(-4.35,-0.75,0.15));
#1357=LINE('',#1356,#1355);
#1358=EDGE_CURVE('',#1322,#1324,#1357,.T.);
#1359=ORIENTED_EDGE('',*,*,#1358,.T.);
#1360=VECTOR('',#34,1.35);
#1361=CARTESIAN_POINT('',(-4.15,-0.75,0.15));
#1362=LINE('',#1361,#1360);
#1363=EDGE_CURVE('',#1324,#1328,#1362,.T.);
#1364=ORIENTED_EDGE('',*,*,#1363,.T.);
#1365=VECTOR('',#16,0.2);
#1366=CARTESIAN_POINT('',(-4.35,0.6,0.15));
#1367=LINE('',#1366,#1365);
#1368=EDGE_CURVE('',#1326,#1328,#1367,.T.);
#1369=ORIENTED_EDGE('',*,*,#1368,.F.);
#1370=VECTOR('',#34,1.35);
#1371=CARTESIAN_POINT('',(-4.35,-0.75,0.15));
#1372=LINE('',#1371,#1370);
#1373=EDGE_CURVE('',#1322,#1326,#1372,.T.);
#1374=ORIENTED_EDGE('',*,*,#1373,.F.);
#1375=EDGE_LOOP('',(#1359,#1364,#1369,#1374));
#1376=FACE_OUTER_BOUND('',#1375,.T.);
#1377=CARTESIAN_POINT('',(-4.35,-0.75,0.15));
#1378=AXIS2_PLACEMENT_3D('',#1377,#15,#16);
#1379=PLANE('',#1378);
#1380=ADVANCED_FACE('',(#1376),#1379,.T.);
#1381=ORIENTED_EDGE('',*,*,#1347,.T.);
#1382=VECTOR('',#15,0.15);
#1383=CARTESIAN_POINT('',(-4.15,-0.75,0.));
#1384=LINE('',#1383,#1382);
#1385=EDGE_CURVE('',#1316,#1324,#1384,.T.);
#1386=ORIENTED_EDGE('',*,*,#1385,.T.);
#1387=ORIENTED_EDGE('',*,*,#1358,.F.);
#1388=VECTOR('',#15,0.15);
#1389=CARTESIAN_POINT('',(-4.35,-0.75,0.));
#1390=LINE('',#1389,#1388);
#1391=EDGE_CURVE('',#1314,#1322,#1390,.T.);
#1392=ORIENTED_EDGE('',*,*,#1391,.F.);
#1393=EDGE_LOOP('',(#1381,#1386,#1387,#1392));
#1394=FACE_OUTER_BOUND('',#1393,.T.);
#1395=CARTESIAN_POINT('',(-4.35,-0.75,0.));
#1396=AXIS2_PLACEMENT_3D('',#1395,#103,#16);
#1397=PLANE('',#1396);
#1398=ADVANCED_FACE('',(#1394),#1397,.T.);
#1399=VECTOR('',#15,0.15);
#1400=CARTESIAN_POINT('',(-4.35,0.6,0.));
#1401=LINE('',#1400,#1399);
#1402=EDGE_CURVE('',#1318,#1326,#1401,.T.);
#1403=ORIENTED_EDGE('',*,*,#1402,.T.);
#1404=ORIENTED_EDGE('',*,*,#1368,.T.);
#1405=VECTOR('',#15,0.15);
#1406=CARTESIAN_POINT('',(-4.15,0.6,0.));
#1407=LINE('',#1406,#1405);
#1408=EDGE_CURVE('',#1320,#1328,#1407,.T.);
#1409=ORIENTED_EDGE('',*,*,#1408,.F.);
#1410=ORIENTED_EDGE('',*,*,#1337,.F.);
#1411=EDGE_LOOP('',(#1403,#1404,#1409,#1410));
#1412=FACE_OUTER_BOUND('',#1411,.T.);
#1413=CARTESIAN_POINT('',(-4.35,0.6,0.));
#1414=AXIS2_PLACEMENT_3D('',#1413,#34,#16);
#1415=PLANE('',#1414);
#1416=ADVANCED_FACE('',(#1412),#1415,.T.);
#1417=ORIENTED_EDGE('',*,*,#1391,.T.);
#1418=ORIENTED_EDGE('',*,*,#1373,.T.);
#1419=ORIENTED_EDGE('',*,*,#1402,.F.);
#1420=ORIENTED_EDGE('',*,*,#1332,.F.);
#1421=EDGE_LOOP('',(#1417,#1418,#1419,#1420));
#1422=FACE_OUTER_BOUND('',#1421,.T.);
#1423=CARTESIAN_POINT('',(-4.35,-0.75,0.));
#1424=AXIS2_PLACEMENT_3D('',#1423,#132,#34);
#1425=PLANE('',#1424);
#1426=ADVANCED_FACE('',(#1422),#1425,.T.);
#1427=ORIENTED_EDGE('',*,*,#1342,.T.);
#1428=ORIENTED_EDGE('',*,*,#1408,.T.);
#1429=ORIENTED_EDGE('',*,*,#1363,.F.);
#1430=ORIENTED_EDGE('',*,*,#1385,.F.);
#1431=EDGE_LOOP('',(#1427,#1428,#1429,#1430));
#1432=FACE_OUTER_BOUND('',#1431,.T.);
#1433=CARTESIAN_POINT('',(-4.15,-0.75,0.));
#1434=AXIS2_PLACEMENT_3D('',#1433,#16,#34);
#1435=PLANE('',#1434);
#1436=ADVANCED_FACE('',(#1432),#1435,.T.);
#1437=CLOSED_SHELL('',(#1354,#1380,#1398,#1416,#1426,#1436));
#1438=MANIFOLD_SOLID_BREP('Lead_7',#1437);
#1439=STYLED_ITEM('color',(#676),#1438);
#1440=CARTESIAN_POINT('',(-3.85,-0.75,0.));
#1441=VERTEX_POINT('',#1440);
#1442=CARTESIAN_POINT('',(-3.65,-0.75,0.));
#1443=VERTEX_POINT('',#1442);
#1444=CARTESIAN_POINT('',(-3.85,0.6,0.));
#1445=VERTEX_POINT('',#1444);
#1446=CARTESIAN_POINT('',(-3.65,0.6,0.));
#1447=VERTEX_POINT('',#1446);
#1448=CARTESIAN_POINT('',(-3.85,-0.75,0.15));
#1449=VERTEX_POINT('',#1448);
#1450=CARTESIAN_POINT('',(-3.65,-0.75,0.15));
#1451=VERTEX_POINT('',#1450);
#1452=CARTESIAN_POINT('',(-3.85,0.6,0.15));
#1453=VERTEX_POINT('',#1452);
#1454=CARTESIAN_POINT('',(-3.65,0.6,0.15));
#1455=VERTEX_POINT('',#1454);
#1456=VECTOR('',#34,1.35);
#1457=CARTESIAN_POINT('',(-3.85,-0.75,0.));
#1458=LINE('',#1457,#1456);
#1459=EDGE_CURVE('',#1441,#1445,#1458,.T.);
#1460=ORIENTED_EDGE('',*,*,#1459,.T.);
#1461=VECTOR('',#16,0.2);
#1462=CARTESIAN_POINT('',(-3.85,0.6,0.));
#1463=LINE('',#1462,#1461);
#1464=EDGE_CURVE('',#1445,#1447,#1463,.T.);
#1465=ORIENTED_EDGE('',*,*,#1464,.T.);
#1466=VECTOR('',#34,1.35);
#1467=CARTESIAN_POINT('',(-3.65,-0.75,0.));
#1468=LINE('',#1467,#1466);
#1469=EDGE_CURVE('',#1443,#1447,#1468,.T.);
#1470=ORIENTED_EDGE('',*,*,#1469,.F.);
#1471=VECTOR('',#16,0.2);
#1472=CARTESIAN_POINT('',(-3.85,-0.75,0.));
#1473=LINE('',#1472,#1471);
#1474=EDGE_CURVE('',#1441,#1443,#1473,.T.);
#1475=ORIENTED_EDGE('',*,*,#1474,.F.);
#1476=EDGE_LOOP('',(#1460,#1465,#1470,#1475));
#1477=FACE_OUTER_BOUND('',#1476,.T.);
#1478=CARTESIAN_POINT('',(-3.85,-0.75,0.));
#1479=AXIS2_PLACEMENT_3D('',#1478,#58,#16);
#1480=PLANE('',#1479);
#1481=ADVANCED_FACE('',(#1477),#1480,.T.);
#1482=VECTOR('',#16,0.2);
#1483=CARTESIAN_POINT('',(-3.85,-0.75,0.15));
#1484=LINE('',#1483,#1482);
#1485=EDGE_CURVE('',#1449,#1451,#1484,.T.);
#1486=ORIENTED_EDGE('',*,*,#1485,.T.);
#1487=VECTOR('',#34,1.35);
#1488=CARTESIAN_POINT('',(-3.65,-0.75,0.15));
#1489=LINE('',#1488,#1487);
#1490=EDGE_CURVE('',#1451,#1455,#1489,.T.);
#1491=ORIENTED_EDGE('',*,*,#1490,.T.);
#1492=VECTOR('',#16,0.2);
#1493=CARTESIAN_POINT('',(-3.85,0.6,0.15));
#1494=LINE('',#1493,#1492);
#1495=EDGE_CURVE('',#1453,#1455,#1494,.T.);
#1496=ORIENTED_EDGE('',*,*,#1495,.F.);
#1497=VECTOR('',#34,1.35);
#1498=CARTESIAN_POINT('',(-3.85,-0.75,0.15));
#1499=LINE('',#1498,#1497);
#1500=EDGE_CURVE('',#1449,#1453,#1499,.T.);
#1501=ORIENTED_EDGE('',*,*,#1500,.F.);
#1502=EDGE_LOOP('',(#1486,#1491,#1496,#1501));
#1503=FACE_OUTER_BOUND('',#1502,.T.);
#1504=CARTESIAN_POINT('',(-3.85,-0.75,0.15));
#1505=AXIS2_PLACEMENT_3D('',#1504,#15,#16);
#1506=PLANE('',#1505);
#1507=ADVANCED_FACE('',(#1503),#1506,.T.);
#1508=ORIENTED_EDGE('',*,*,#1474,.T.);
#1509=VECTOR('',#15,0.15);
#1510=CARTESIAN_POINT('',(-3.65,-0.75,0.));
#1511=LINE('',#1510,#1509);
#1512=EDGE_CURVE('',#1443,#1451,#1511,.T.);
#1513=ORIENTED_EDGE('',*,*,#1512,.T.);
#1514=ORIENTED_EDGE('',*,*,#1485,.F.);
#1515=VECTOR('',#15,0.15);
#1516=CARTESIAN_POINT('',(-3.85,-0.75,0.));
#1517=LINE('',#1516,#1515);
#1518=EDGE_CURVE('',#1441,#1449,#1517,.T.);
#1519=ORIENTED_EDGE('',*,*,#1518,.F.);
#1520=EDGE_LOOP('',(#1508,#1513,#1514,#1519));
#1521=FACE_OUTER_BOUND('',#1520,.T.);
#1522=CARTESIAN_POINT('',(-3.85,-0.75,0.));
#1523=AXIS2_PLACEMENT_3D('',#1522,#103,#16);
#1524=PLANE('',#1523);
#1525=ADVANCED_FACE('',(#1521),#1524,.T.);
#1526=VECTOR('',#15,0.15);
#1527=CARTESIAN_POINT('',(-3.85,0.6,0.));
#1528=LINE('',#1527,#1526);
#1529=EDGE_CURVE('',#1445,#1453,#1528,.T.);
#1530=ORIENTED_EDGE('',*,*,#1529,.T.);
#1531=ORIENTED_EDGE('',*,*,#1495,.T.);
#1532=VECTOR('',#15,0.15);
#1533=CARTESIAN_POINT('',(-3.65,0.6,0.));
#1534=LINE('',#1533,#1532);
#1535=EDGE_CURVE('',#1447,#1455,#1534,.T.);
#1536=ORIENTED_EDGE('',*,*,#1535,.F.);
#1537=ORIENTED_EDGE('',*,*,#1464,.F.);
#1538=EDGE_LOOP('',(#1530,#1531,#1536,#1537));
#1539=FACE_OUTER_BOUND('',#1538,.T.);
#1540=CARTESIAN_POINT('',(-3.85,0.6,0.));
#1541=AXIS2_PLACEMENT_3D('',#1540,#34,#16);
#1542=PLANE('',#1541);
#1543=ADVANCED_FACE('',(#1539),#1542,.T.);
#1544=ORIENTED_EDGE('',*,*,#1518,.T.);
#1545=ORIENTED_EDGE('',*,*,#1500,.T.);
#1546=ORIENTED_EDGE('',*,*,#1529,.F.);
#1547=ORIENTED_EDGE('',*,*,#1459,.F.);
#1548=EDGE_LOOP('',(#1544,#1545,#1546,#1547));
#1549=FACE_OUTER_BOUND('',#1548,.T.);
#1550=CARTESIAN_POINT('',(-3.85,-0.75,0.));
#1551=AXIS2_PLACEMENT_3D('',#1550,#132,#34);
#1552=PLANE('',#1551);
#1553=ADVANCED_FACE('',(#1549),#1552,.T.);
#1554=ORIENTED_EDGE('',*,*,#1469,.T.);
#1555=ORIENTED_EDGE('',*,*,#1535,.T.);
#1556=ORIENTED_EDGE('',*,*,#1490,.F.);
#1557=ORIENTED_EDGE('',*,*,#1512,.F.);
#1558=EDGE_LOOP('',(#1554,#1555,#1556,#1557));
#1559=FACE_OUTER_BOUND('',#1558,.T.);
#1560=CARTESIAN_POINT('',(-3.65,-0.75,0.));
#1561=AXIS2_PLACEMENT_3D('',#1560,#16,#34);
#1562=PLANE('',#1561);
#1563=ADVANCED_FACE('',(#1559),#1562,.T.);
#1564=CLOSED_SHELL('',(#1481,#1507,#1525,#1543,#1553,#1563));
#1565=MANIFOLD_SOLID_BREP('Lead_8',#1564);
#1566=STYLED_ITEM('color',(#676),#1565);
#1567=CARTESIAN_POINT('',(-3.35,-0.75,0.));
#1568=VERTEX_POINT('',#1567);
#1569=CARTESIAN_POINT('',(-3.15,-0.75,0.));
#1570=VERTEX_POINT('',#1569);
#1571=CARTESIAN_POINT('',(-3.35,0.6,0.));
#1572=VERTEX_POINT('',#1571);
#1573=CARTESIAN_POINT('',(-3.15,0.6,0.));
#1574=VERTEX_POINT('',#1573);
#1575=CARTESIAN_POINT('',(-3.35,-0.75,0.15));
#1576=VERTEX_POINT('',#1575);
#1577=CARTESIAN_POINT('',(-3.15,-0.75,0.15));
#1578=VERTEX_POINT('',#1577);
#1579=CARTESIAN_POINT('',(-3.35,0.6,0.15));
#1580=VERTEX_POINT('',#1579);
#1581=CARTESIAN_POINT('',(-3.15,0.6,0.15));
#1582=VERTEX_POINT('',#1581);
#1583=VECTOR('',#34,1.35);
#1584=CARTESIAN_POINT('',(-3.35,-0.75,0.));
#1585=LINE('',#1584,#1583);
#1586=EDGE_CURVE('',#1568,#1572,#1585,.T.);
#1587=ORIENTED_EDGE('',*,*,#1586,.T.);
#1588=VECTOR('',#16,0.2);
#1589=CARTESIAN_POINT('',(-3.35,0.6,0.));
#1590=LINE('',#1589,#1588);
#1591=EDGE_CURVE('',#1572,#1574,#1590,.T.);
#1592=ORIENTED_EDGE('',*,*,#1591,.T.);
#1593=VECTOR('',#34,1.35);
#1594=CARTESIAN_POINT('',(-3.15,-0.75,0.));
#1595=LINE('',#1594,#1593);
#1596=EDGE_CURVE('',#1570,#1574,#1595,.T.);
#1597=ORIENTED_EDGE('',*,*,#1596,.F.);
#1598=VECTOR('',#16,0.2);
#1599=CARTESIAN_POINT('',(-3.35,-0.75,0.));
#1600=LINE('',#1599,#1598);
#1601=EDGE_CURVE('',#1568,#1570,#1600,.T.);
#1602=ORIENTED_EDGE('',*,*,#1601,.F.);
#1603=EDGE_LOOP('',(#1587,#1592,#1597,#1602));
#1604=FACE_OUTER_BOUND('',#1603,.T.);
#1605=CARTESIAN_POINT('',(-3.35,-0.75,0.));
#1606=AXIS2_PLACEMENT_3D('',#1605,#58,#16);
#1607=PLANE('',#1606);
#1608=ADVANCED_FACE('',(#1604),#1607,.T.);
#1609=VECTOR('',#16,0.2);
#1610=CARTESIAN_POINT('',(-3.35,-0.75,0.15));
#1611=LINE('',#1610,#1609);
#1612=EDGE_CURVE('',#1576,#1578,#1611,.T.);
#1613=ORIENTED_EDGE('',*,*,#1612,.T.);
#1614=VECTOR('',#34,1.35);
#1615=CARTESIAN_POINT('',(-3.15,-0.75,0.15));
#1616=LINE('',#1615,#1614);
#1617=EDGE_CURVE('',#1578,#1582,#1616,.T.);
#1618=ORIENTED_EDGE('',*,*,#1617,.T.);
#1619=VECTOR('',#16,0.2);
#1620=CARTESIAN_POINT('',(-3.35,0.6,0.15));
#1621=LINE('',#1620,#1619);
#1622=EDGE_CURVE('',#1580,#1582,#1621,.T.);
#1623=ORIENTED_EDGE('',*,*,#1622,.F.);
#1624=VECTOR('',#34,1.35);
#1625=CARTESIAN_POINT('',(-3.35,-0.75,0.15));
#1626=LINE('',#1625,#1624);
#1627=EDGE_CURVE('',#1576,#1580,#1626,.T.);
#1628=ORIENTED_EDGE('',*,*,#1627,.F.);
#1629=EDGE_LOOP('',(#1613,#1618,#1623,#1628));
#1630=FACE_OUTER_BOUND('',#1629,.T.);
#1631=CARTESIAN_POINT('',(-3.35,-0.75,0.15));
#1632=AXIS2_PLACEMENT_3D('',#1631,#15,#16);
#1633=PLANE('',#1632);
#1634=ADVANCED_FACE('',(#1630),#1633,.T.);
#1635=ORIENTED_EDGE('',*,*,#1601,.T.);
#1636=VECTOR('',#15,0.15);
#1637=CARTESIAN_POINT('',(-3.15,-0.75,0.));
#1638=LINE('',#1637,#1636);
#1639=EDGE_CURVE('',#1570,#1578,#1638,.T.);
#1640=ORIENTED_EDGE('',*,*,#1639,.T.);
#1641=ORIENTED_EDGE('',*,*,#1612,.F.);
#1642=VECTOR('',#15,0.15);
#1643=CARTESIAN_POINT('',(-3.35,-0.75,0.));
#1644=LINE('',#1643,#1642);
#1645=EDGE_CURVE('',#1568,#1576,#1644,.T.);
#1646=ORIENTED_EDGE('',*,*,#1645,.F.);
#1647=EDGE_LOOP('',(#1635,#1640,#1641,#1646));
#1648=FACE_OUTER_BOUND('',#1647,.T.);
#1649=CARTESIAN_POINT('',(-3.35,-0.75,0.));
#1650=AXIS2_PLACEMENT_3D('',#1649,#103,#16);
#1651=PLANE('',#1650);
#1652=ADVANCED_FACE('',(#1648),#1651,.T.);
#1653=VECTOR('',#15,0.15);
#1654=CARTESIAN_POINT('',(-3.35,0.6,0.));
#1655=LINE('',#1654,#1653);
#1656=EDGE_CURVE('',#1572,#1580,#1655,.T.);
#1657=ORIENTED_EDGE('',*,*,#1656,.T.);
#1658=ORIENTED_EDGE('',*,*,#1622,.T.);
#1659=VECTOR('',#15,0.15);
#1660=CARTESIAN_POINT('',(-3.15,0.6,0.));
#1661=LINE('',#1660,#1659);
#1662=EDGE_CURVE('',#1574,#1582,#1661,.T.);
#1663=ORIENTED_EDGE('',*,*,#1662,.F.);
#1664=ORIENTED_EDGE('',*,*,#1591,.F.);
#1665=EDGE_LOOP('',(#1657,#1658,#1663,#1664));
#1666=FACE_OUTER_BOUND('',#1665,.T.);
#1667=CARTESIAN_POINT('',(-3.35,0.6,0.));
#1668=AXIS2_PLACEMENT_3D('',#1667,#34,#16);
#1669=PLANE('',#1668);
#1670=ADVANCED_FACE('',(#1666),#1669,.T.);
#1671=ORIENTED_EDGE('',*,*,#1645,.T.);
#1672=ORIENTED_EDGE('',*,*,#1627,.T.);
#1673=ORIENTED_EDGE('',*,*,#1656,.F.);
#1674=ORIENTED_EDGE('',*,*,#1586,.F.);
#1675=EDGE_LOOP('',(#1671,#1672,#1673,#1674));
#1676=FACE_OUTER_BOUND('',#1675,.T.);
#1677=CARTESIAN_POINT('',(-3.35,-0.75,0.));
#1678=AXIS2_PLACEMENT_3D('',#1677,#132,#34);
#1679=PLANE('',#1678);
#1680=ADVANCED_FACE('',(#1676),#1679,.T.);
#1681=ORIENTED_EDGE('',*,*,#1596,.T.);
#1682=ORIENTED_EDGE('',*,*,#1662,.T.);
#1683=ORIENTED_EDGE('',*,*,#1617,.F.);
#1684=ORIENTED_EDGE('',*,*,#1639,.F.);
#1685=EDGE_LOOP('',(#1681,#1682,#1683,#1684));
#1686=FACE_OUTER_BOUND('',#1685,.T.);
#1687=CARTESIAN_POINT('',(-3.15,-0.75,0.));
#1688=AXIS2_PLACEMENT_3D('',#1687,#16,#34);
#1689=PLANE('',#1688);
#1690=ADVANCED_FACE('',(#1686),#1689,.T.);
#1691=CLOSED_SHELL('',(#1608,#1634,#1652,#1670,#1680,#1690));
#1692=MANIFOLD_SOLID_BREP('Lead_9',#1691);
#1693=STYLED_ITEM('color',(#676),#1692);
#1694=CARTESIAN_POINT('',(-2.85,-0.75,0.));
#1695=VERTEX_POINT('',#1694);
#1696=CARTESIAN_POINT('',(-2.65,-0.75,0.));
#1697=VERTEX_POINT('',#1696);
#1698=CARTESIAN_POINT('',(-2.85,0.6,0.));
#1699=VERTEX_POINT('',#1698);
#1700=CARTESIAN_POINT('',(-2.65,0.6,0.));
#1701=VERTEX_POINT('',#1700);
#1702=CARTESIAN_POINT('',(-2.85,-0.75,0.15));
#1703=VERTEX_POINT('',#1702);
#1704=CARTESIAN_POINT('',(-2.65,-0.75,0.15));
#1705=VERTEX_POINT('',#1704);
#1706=CARTESIAN_POINT('',(-2.85,0.6,0.15));
#1707=VERTEX_POINT('',#1706);
#1708=CARTESIAN_POINT('',(-2.65,0.6,0.15));
#1709=VERTEX_POINT('',#1708);
#1710=VECTOR('',#34,1.35);
#1711=CARTESIAN_POINT('',(-2.85,-0.75,0.));
#1712=LINE('',#1711,#1710);
#1713=EDGE_CURVE('',#1695,#1699,#1712,.T.);
#1714=ORIENTED_EDGE('',*,*,#1713,.T.);
#1715=VECTOR('',#16,0.2);
#1716=CARTESIAN_POINT('',(-2.85,0.6,0.));
#1717=LINE('',#1716,#1715);
#1718=EDGE_CURVE('',#1699,#1701,#1717,.T.);
#1719=ORIENTED_EDGE('',*,*,#1718,.T.);
#1720=VECTOR('',#34,1.35);
#1721=CARTESIAN_POINT('',(-2.65,-0.75,0.));
#1722=LINE('',#1721,#1720);
#1723=EDGE_CURVE('',#1697,#1701,#1722,.T.);
#1724=ORIENTED_EDGE('',*,*,#1723,.F.);
#1725=VECTOR('',#16,0.2);
#1726=CARTESIAN_POINT('',(-2.85,-0.75,0.));
#1727=LINE('',#1726,#1725);
#1728=EDGE_CURVE('',#1695,#1697,#1727,.T.);
#1729=ORIENTED_EDGE('',*,*,#1728,.F.);
#1730=EDGE_LOOP('',(#1714,#1719,#1724,#1729));
#1731=FACE_OUTER_BOUND('',#1730,.T.);
#1732=CARTESIAN_POINT('',(-2.85,-0.75,0.));
#1733=AXIS2_PLACEMENT_3D('',#1732,#58,#16);
#1734=PLANE('',#1733);
#1735=ADVANCED_FACE('',(#1731),#1734,.T.);
#1736=VECTOR('',#16,0.2);
#1737=CARTESIAN_POINT('',(-2.85,-0.75,0.15));
#1738=LINE('',#1737,#1736);
#1739=EDGE_CURVE('',#1703,#1705,#1738,.T.);
#1740=ORIENTED_EDGE('',*,*,#1739,.T.);
#1741=VECTOR('',#34,1.35);
#1742=CARTESIAN_POINT('',(-2.65,-0.75,0.15));
#1743=LINE('',#1742,#1741);
#1744=EDGE_CURVE('',#1705,#1709,#1743,.T.);
#1745=ORIENTED_EDGE('',*,*,#1744,.T.);
#1746=VECTOR('',#16,0.2);
#1747=CARTESIAN_POINT('',(-2.85,0.6,0.15));
#1748=LINE('',#1747,#1746);
#1749=EDGE_CURVE('',#1707,#1709,#1748,.T.);
#1750=ORIENTED_EDGE('',*,*,#1749,.F.);
#1751=VECTOR('',#34,1.35);
#1752=CARTESIAN_POINT('',(-2.85,-0.75,0.15));
#1753=LINE('',#1752,#1751);
#1754=EDGE_CURVE('',#1703,#1707,#1753,.T.);
#1755=ORIENTED_EDGE('',*,*,#1754,.F.);
#1756=EDGE_LOOP('',(#1740,#1745,#1750,#1755));
#1757=FACE_OUTER_BOUND('',#1756,.T.);
#1758=CARTESIAN_POINT('',(-2.85,-0.75,0.15));
#1759=AXIS2_PLACEMENT_3D('',#1758,#15,#16);
#1760=PLANE('',#1759);
#1761=ADVANCED_FACE('',(#1757),#1760,.T.);
#1762=ORIENTED_EDGE('',*,*,#1728,.T.);
#1763=VECTOR('',#15,0.15);
#1764=CARTESIAN_POINT('',(-2.65,-0.75,0.));
#1765=LINE('',#1764,#1763);
#1766=EDGE_CURVE('',#1697,#1705,#1765,.T.);
#1767=ORIENTED_EDGE('',*,*,#1766,.T.);
#1768=ORIENTED_EDGE('',*,*,#1739,.F.);
#1769=VECTOR('',#15,0.15);
#1770=CARTESIAN_POINT('',(-2.85,-0.75,0.));
#1771=LINE('',#1770,#1769);
#1772=EDGE_CURVE('',#1695,#1703,#1771,.T.);
#1773=ORIENTED_EDGE('',*,*,#1772,.F.);
#1774=EDGE_LOOP('',(#1762,#1767,#1768,#1773));
#1775=FACE_OUTER_BOUND('',#1774,.T.);
#1776=CARTESIAN_POINT('',(-2.85,-0.75,0.));
#1777=AXIS2_PLACEMENT_3D('',#1776,#103,#16);
#1778=PLANE('',#1777);
#1779=ADVANCED_FACE('',(#1775),#1778,.T.);
#1780=VECTOR('',#15,0.15);
#1781=CARTESIAN_POINT('',(-2.85,0.6,0.));
#1782=LINE('',#1781,#1780);
#1783=EDGE_CURVE('',#1699,#1707,#1782,.T.);
#1784=ORIENTED_EDGE('',*,*,#1783,.T.);
#1785=ORIENTED_EDGE('',*,*,#1749,.T.);
#1786=VECTOR('',#15,0.15);
#1787=CARTESIAN_POINT('',(-2.65,0.6,0.));
#1788=LINE('',#1787,#1786);
#1789=EDGE_CURVE('',#1701,#1709,#1788,.T.);
#1790=ORIENTED_EDGE('',*,*,#1789,.F.);
#1791=ORIENTED_EDGE('',*,*,#1718,.F.);
#1792=EDGE_LOOP('',(#1784,#1785,#1790,#1791));
#1793=FACE_OUTER_BOUND('',#1792,.T.);
#1794=CARTESIAN_POINT('',(-2.85,0.6,0.));
#1795=AXIS2_PLACEMENT_3D('',#1794,#34,#16);
#1796=PLANE('',#1795);
#1797=ADVANCED_FACE('',(#1793),#1796,.T.);
#1798=ORIENTED_EDGE('',*,*,#1772,.T.);
#1799=ORIENTED_EDGE('',*,*,#1754,.T.);
#1800=ORIENTED_EDGE('',*,*,#1783,.F.);
#1801=ORIENTED_EDGE('',*,*,#1713,.F.);
#1802=EDGE_LOOP('',(#1798,#1799,#1800,#1801));
#1803=FACE_OUTER_BOUND('',#1802,.T.);
#1804=CARTESIAN_POINT('',(-2.85,-0.75,0.));
#1805=AXIS2_PLACEMENT_3D('',#1804,#132,#34);
#1806=PLANE('',#1805);
#1807=ADVANCED_FACE('',(#1803),#1806,.T.);
#1808=ORIENTED_EDGE('',*,*,#1723,.T.);
#1809=ORIENTED_EDGE('',*,*,#1789,.T.);
#1810=ORIENTED_EDGE('',*,*,#1744,.F.);
#1811=ORIENTED_EDGE('',*,*,#1766,.F.);
#1812=EDGE_LOOP('',(#1808,#1809,#1810,#1811));
#1813=FACE_OUTER_BOUND('',#1812,.T.);
#1814=CARTESIAN_POINT('',(-2.65,-0.75,0.));
#1815=AXIS2_PLACEMENT_3D('',#1814,#16,#34);
#1816=PLANE('',#1815);
#1817=ADVANCED_FACE('',(#1813),#1816,.T.);
#1818=CLOSED_SHELL('',(#1735,#1761,#1779,#1797,#1807,#1817));
#1819=MANIFOLD_SOLID_BREP('Lead_10',#1818);
#1820=STYLED_ITEM('color',(#676),#1819);
#1821=CARTESIAN_POINT('',(-2.35,-0.75,0.));
#1822=VERTEX_POINT('',#1821);
#1823=CARTESIAN_POINT('',(-2.15,-0.75,0.));
#1824=VERTEX_POINT('',#1823);
#1825=CARTESIAN_POINT('',(-2.35,0.6,0.));
#1826=VERTEX_POINT('',#1825);
#1827=CARTESIAN_POINT('',(-2.15,0.6,0.));
#1828=VERTEX_POINT('',#1827);
#1829=CARTESIAN_POINT('',(-2.35,-0.75,0.15));
#1830=VERTEX_POINT('',#1829);
#1831=CARTESIAN_POINT('',(-2.15,-0.75,0.15));
#1832=VERTEX_POINT('',#1831);
#1833=CARTESIAN_POINT('',(-2.35,0.6,0.15));
#1834=VERTEX_POINT('',#1833);
#1835=CARTESIAN_POINT('',(-2.15,0.6,0.15));
#1836=VERTEX_POINT('',#1835);
#1837=VECTOR('',#34,1.35);
#1838=CARTESIAN_POINT('',(-2.35,-0.75,0.));
#1839=LINE('',#1838,#1837);
#1840=EDGE_CURVE('',#1822,#1826,#1839,.T.);
#1841=ORIENTED_EDGE('',*,*,#1840,.T.);
#1842=VECTOR('',#16,0.2);
#1843=CARTESIAN_POINT('',(-2.35,0.6,0.));
#1844=LINE('',#1843,#1842);
#1845=EDGE_CURVE('',#1826,#1828,#1844,.T.);
#1846=ORIENTED_EDGE('',*,*,#1845,.T.);
#1847=VECTOR('',#34,1.35);
#1848=CARTESIAN_POINT('',(-2.15,-0.75,0.));
#1849=LINE('',#1848,#1847);
#1850=EDGE_CURVE('',#1824,#1828,#1849,.T.);
#1851=ORIENTED_EDGE('',*,*,#1850,.F.);
#1852=VECTOR('',#16,0.2);
#1853=CARTESIAN_POINT('',(-2.35,-0.75,0.));
#1854=LINE('',#1853,#1852);
#1855=EDGE_CURVE('',#1822,#1824,#1854,.T.);
#1856=ORIENTED_EDGE('',*,*,#1855,.F.);
#1857=EDGE_LOOP('',(#1841,#1846,#1851,#1856));
#1858=FACE_OUTER_BOUND('',#1857,.T.);
#1859=CARTESIAN_POINT('',(-2.35,-0.75,0.));
#1860=AXIS2_PLACEMENT_3D('',#1859,#58,#16);
#1861=PLANE('',#1860);
#1862=ADVANCED_FACE('',(#1858),#1861,.T.);
#1863=VECTOR('',#16,0.2);
#1864=CARTESIAN_POINT('',(-2.35,-0.75,0.15));
#1865=LINE('',#1864,#1863);
#1866=EDGE_CURVE('',#1830,#1832,#1865,.T.);
#1867=ORIENTED_EDGE('',*,*,#1866,.T.);
#1868=VECTOR('',#34,1.35);
#1869=CARTESIAN_POINT('',(-2.15,-0.75,0.15));
#1870=LINE('',#1869,#1868);
#1871=EDGE_CURVE('',#1832,#1836,#1870,.T.);
#1872=ORIENTED_EDGE('',*,*,#1871,.T.);
#1873=VECTOR('',#16,0.2);
#1874=CARTESIAN_POINT('',(-2.35,0.6,0.15));
#1875=LINE('',#1874,#1873);
#1876=EDGE_CURVE('',#1834,#1836,#1875,.T.);
#1877=ORIENTED_EDGE('',*,*,#1876,.F.);
#1878=VECTOR('',#34,1.35);
#1879=CARTESIAN_POINT('',(-2.35,-0.75,0.15));
#1880=LINE('',#1879,#1878);
#1881=EDGE_CURVE('',#1830,#1834,#1880,.T.);
#1882=ORIENTED_EDGE('',*,*,#1881,.F.);
#1883=EDGE_LOOP('',(#1867,#1872,#1877,#1882));
#1884=FACE_OUTER_BOUND('',#1883,.T.);
#1885=CARTESIAN_POINT('',(-2.35,-0.75,0.15));
#1886=AXIS2_PLACEMENT_3D('',#1885,#15,#16);
#1887=PLANE('',#1886);
#1888=ADVANCED_FACE('',(#1884),#1887,.T.);
#1889=ORIENTED_EDGE('',*,*,#1855,.T.);
#1890=VECTOR('',#15,0.15);
#1891=CARTESIAN_POINT('',(-2.15,-0.75,0.));
#1892=LINE('',#1891,#1890);
#1893=EDGE_CURVE('',#1824,#1832,#1892,.T.);
#1894=ORIENTED_EDGE('',*,*,#1893,.T.);
#1895=ORIENTED_EDGE('',*,*,#1866,.F.);
#1896=VECTOR('',#15,0.15);
#1897=CARTESIAN_POINT('',(-2.35,-0.75,0.));
#1898=LINE('',#1897,#1896);
#1899=EDGE_CURVE('',#1822,#1830,#1898,.T.);
#1900=ORIENTED_EDGE('',*,*,#1899,.F.);
#1901=EDGE_LOOP('',(#1889,#1894,#1895,#1900));
#1902=FACE_OUTER_BOUND('',#1901,.T.);
#1903=CARTESIAN_POINT('',(-2.35,-0.75,0.));
#1904=AXIS2_PLACEMENT_3D('',#1903,#103,#16);
#1905=PLANE('',#1904);
#1906=ADVANCED_FACE('',(#1902),#1905,.T.);
#1907=VECTOR('',#15,0.15);
#1908=CARTESIAN_POINT('',(-2.35,0.6,0.));
#1909=LINE('',#1908,#1907);
#1910=EDGE_CURVE('',#1826,#1834,#1909,.T.);
#1911=ORIENTED_EDGE('',*,*,#1910,.T.);
#1912=ORIENTED_EDGE('',*,*,#1876,.T.);
#1913=VECTOR('',#15,0.15);
#1914=CARTESIAN_POINT('',(-2.15,0.6,0.));
#1915=LINE('',#1914,#1913);
#1916=EDGE_CURVE('',#1828,#1836,#1915,.T.);
#1917=ORIENTED_EDGE('',*,*,#1916,.F.);
#1918=ORIENTED_EDGE('',*,*,#1845,.F.);
#1919=EDGE_LOOP('',(#1911,#1912,#1917,#1918));
#1920=FACE_OUTER_BOUND('',#1919,.T.);
#1921=CARTESIAN_POINT('',(-2.35,0.6,0.));
#1922=AXIS2_PLACEMENT_3D('',#1921,#34,#16);
#1923=PLANE('',#1922);
#1924=ADVANCED_FACE('',(#1920),#1923,.T.);
#1925=ORIENTED_EDGE('',*,*,#1899,.T.);
#1926=ORIENTED_EDGE('',*,*,#1881,.T.);
#1927=ORIENTED_EDGE('',*,*,#1910,.F.);
#1928=ORIENTED_EDGE('',*,*,#1840,.F.);
#1929=EDGE_LOOP('',(#1925,#1926,#1927,#1928));
#1930=FACE_OUTER_BOUND('',#1929,.T.);
#1931=CARTESIAN_POINT('',(-2.35,-0.75,0.));
#1932=AXIS2_PLACEMENT_3D('',#1931,#132,#34);
#1933=PLANE('',#1932);
#1934=ADVANCED_FACE('',(#1930),#1933,.T.);
#1935=ORIENTED_EDGE('',*,*,#1850,.T.);
#1936=ORIENTED_EDGE('',*,*,#1916,.T.);
#1937=ORIENTED_EDGE('',*,*,#1871,.F.);
#1938=ORIENTED_EDGE('',*,*,#1893,.F.);
#1939=EDGE_LOOP('',(#1935,#1936,#1937,#1938));
#1940=FACE_OUTER_BOUND('',#1939,.T.);
#1941=CARTESIAN_POINT('',(-2.15,-0.75,0.));
#1942=AXIS2_PLACEMENT_3D('',#1941,#16,#34);
#1943=PLANE('',#1942);
#1944=ADVANCED_FACE('',(#1940),#1943,.T.);
#1945=CLOSED_SHELL('',(#1862,#1888,#1906,#1924,#1934,#1944));
#1946=MANIFOLD_SOLID_BREP('Lead_11',#1945);
#1947=STYLED_ITEM('color',(#676),#1946);
#1948=CARTESIAN_POINT('',(-1.85,-0.75,0.));
#1949=VERTEX_POINT('',#1948);
#1950=CARTESIAN_POINT('',(-1.65,-0.75,0.));
#1951=VERTEX_POINT('',#1950);
#1952=CARTESIAN_POINT('',(-1.85,0.6,0.));
#1953=VERTEX_POINT('',#1952);
#1954=CARTESIAN_POINT('',(-1.65,0.6,0.));
#1955=VERTEX_POINT('',#1954);
#1956=CARTESIAN_POINT('',(-1.85,-0.75,0.15));
#1957=VERTEX_POINT('',#1956);
#1958=CARTESIAN_POINT('',(-1.65,-0.75,0.15));
#1959=VERTEX_POINT('',#1958);
#1960=CARTESIAN_POINT('',(-1.85,0.6,0.15));
#1961=VERTEX_POINT('',#1960);
#1962=CARTESIAN_POINT('',(-1.65,0.6,0.15));
#1963=VERTEX_POINT('',#1962);
#1964=VECTOR('',#34,1.35);
#1965=CARTESIAN_POINT('',(-1.85,-0.75,0.));
#1966=LINE('',#1965,#1964);
#1967=EDGE_CURVE('',#1949,#1953,#1966,.T.);
#1968=ORIENTED_EDGE('',*,*,#1967,.T.);
#1969=VECTOR('',#16,0.2);
#1970=CARTESIAN_POINT('',(-1.85,0.6,0.));
#1971=LINE('',#1970,#1969);
#1972=EDGE_CURVE('',#1953,#1955,#1971,.T.);
#1973=ORIENTED_EDGE('',*,*,#1972,.T.);
#1974=VECTOR('',#34,1.35);
#1975=CARTESIAN_POINT('',(-1.65,-0.75,0.));
#1976=LINE('',#1975,#1974);
#1977=EDGE_CURVE('',#1951,#1955,#1976,.T.);
#1978=ORIENTED_EDGE('',*,*,#1977,.F.);
#1979=VECTOR('',#16,0.2);
#1980=CARTESIAN_POINT('',(-1.85,-0.75,0.));
#1981=LINE('',#1980,#1979);
#1982=EDGE_CURVE('',#1949,#1951,#1981,.T.);
#1983=ORIENTED_EDGE('',*,*,#1982,.F.);
#1984=EDGE_LOOP('',(#1968,#1973,#1978,#1983));
#1985=FACE_OUTER_BOUND('',#1984,.T.);
#1986=CARTESIAN_POINT('',(-1.85,-0.75,0.));
#1987=AXIS2_PLACEMENT_3D('',#1986,#58,#16);
#1988=PLANE('',#1987);
#1989=ADVANCED_FACE('',(#1985),#1988,.T.);
#1990=VECTOR('',#16,0.2);
#1991=CARTESIAN_POINT('',(-1.85,-0.75,0.15));
#1992=LINE('',#1991,#1990);
#1993=EDGE_CURVE('',#1957,#1959,#1992,.T.);
#1994=ORIENTED_EDGE('',*,*,#1993,.T.);
#1995=VECTOR('',#34,1.35);
#1996=CARTESIAN_POINT('',(-1.65,-0.75,0.15));
#1997=LINE('',#1996,#1995);
#1998=EDGE_CURVE('',#1959,#1963,#1997,.T.);
#1999=ORIENTED_EDGE('',*,*,#1998,.T.);
#2000=VECTOR('',#16,0.2);
#2001=CARTESIAN_POINT('',(-1.85,0.6,0.15));
#2002=LINE('',#2001,#2000);
#2003=EDGE_CURVE('',#1961,#1963,#2002,.T.);
#2004=ORIENTED_EDGE('',*,*,#2003,.F.);
#2005=VECTOR('',#34,1.35);
#2006=CARTESIAN_POINT('',(-1.85,-0.75,0.15));
#2007=LINE('',#2006,#2005);
#2008=EDGE_CURVE('',#1957,#1961,#2007,.T.);
#2009=ORIENTED_EDGE('',*,*,#2008,.F.);
#2010=EDGE_LOOP('',(#1994,#1999,#2004,#2009));
#2011=FACE_OUTER_BOUND('',#2010,.T.);
#2012=CARTESIAN_POINT('',(-1.85,-0.75,0.15));
#2013=AXIS2_PLACEMENT_3D('',#2012,#15,#16);
#2014=PLANE('',#2013);
#2015=ADVANCED_FACE('',(#2011),#2014,.T.);
#2016=ORIENTED_EDGE('',*,*,#1982,.T.);
#2017=VECTOR('',#15,0.15);
#2018=CARTESIAN_POINT('',(-1.65,-0.75,0.));
#2019=LINE('',#2018,#2017);
#2020=EDGE_CURVE('',#1951,#1959,#2019,.T.);
#2021=ORIENTED_EDGE('',*,*,#2020,.T.);
#2022=ORIENTED_EDGE('',*,*,#1993,.F.);
#2023=VECTOR('',#15,0.15);
#2024=CARTESIAN_POINT('',(-1.85,-0.75,0.));
#2025=LINE('',#2024,#2023);
#2026=EDGE_CURVE('',#1949,#1957,#2025,.T.);
#2027=ORIENTED_EDGE('',*,*,#2026,.F.);
#2028=EDGE_LOOP('',(#2016,#2021,#2022,#2027));
#2029=FACE_OUTER_BOUND('',#2028,.T.);
#2030=CARTESIAN_POINT('',(-1.85,-0.75,0.));
#2031=AXIS2_PLACEMENT_3D('',#2030,#103,#16);
#2032=PLANE('',#2031);
#2033=ADVANCED_FACE('',(#2029),#2032,.T.);
#2034=VECTOR('',#15,0.15);
#2035=CARTESIAN_POINT('',(-1.85,0.6,0.));
#2036=LINE('',#2035,#2034);
#2037=EDGE_CURVE('',#1953,#1961,#2036,.T.);
#2038=ORIENTED_EDGE('',*,*,#2037,.T.);
#2039=ORIENTED_EDGE('',*,*,#2003,.T.);
#2040=VECTOR('',#15,0.15);
#2041=CARTESIAN_POINT('',(-1.65,0.6,0.));
#2042=LINE('',#2041,#2040);
#2043=EDGE_CURVE('',#1955,#1963,#2042,.T.);
#2044=ORIENTED_EDGE('',*,*,#2043,.F.);
#2045=ORIENTED_EDGE('',*,*,#1972,.F.);
#2046=EDGE_LOOP('',(#2038,#2039,#2044,#2045));
#2047=FACE_OUTER_BOUND('',#2046,.T.);
#2048=CARTESIAN_POINT('',(-1.85,0.6,0.));
#2049=AXIS2_PLACEMENT_3D('',#2048,#34,#16);
#2050=PLANE('',#2049);
#2051=ADVANCED_FACE('',(#2047),#2050,.T.);
#2052=ORIENTED_EDGE('',*,*,#2026,.T.);
#2053=ORIENTED_EDGE('',*,*,#2008,.T.);
#2054=ORIENTED_EDGE('',*,*,#2037,.F.);
#2055=ORIENTED_EDGE('',*,*,#1967,.F.);
#2056=EDGE_LOOP('',(#2052,#2053,#2054,#2055));
#2057=FACE_OUTER_BOUND('',#2056,.T.);
#2058=CARTESIAN_POINT('',(-1.85,-0.75,0.));
#2059=AXIS2_PLACEMENT_3D('',#2058,#132,#34);
#2060=PLANE('',#2059);
#2061=ADVANCED_FACE('',(#2057),#2060,.T.);
#2062=ORIENTED_EDGE('',*,*,#1977,.T.);
#2063=ORIENTED_EDGE('',*,*,#2043,.T.);
#2064=ORIENTED_EDGE('',*,*,#1998,.F.);
#2065=ORIENTED_EDGE('',*,*,#2020,.F.);
#2066=EDGE_LOOP('',(#2062,#2063,#2064,#2065));
#2067=FACE_OUTER_BOUND('',#2066,.T.);
#2068=CARTESIAN_POINT('',(-1.65,-0.75,0.));
#2069=AXIS2_PLACEMENT_3D('',#2068,#16,#34);
#2070=PLANE('',#2069);
#2071=ADVANCED_FACE('',(#2067),#2070,.T.);
#2072=CLOSED_SHELL('',(#1989,#2015,#2033,#2051,#2061,#2071));
#2073=MANIFOLD_SOLID_BREP('Lead_12',#2072);
#2074=STYLED_ITEM('color',(#676),#2073);
#2075=CARTESIAN_POINT('',(-1.35,-0.75,0.));
#2076=VERTEX_POINT('',#2075);
#2077=CARTESIAN_POINT('',(-1.15,-0.75,0.));
#2078=VERTEX_POINT('',#2077);
#2079=CARTESIAN_POINT('',(-1.35,0.6,0.));
#2080=VERTEX_POINT('',#2079);
#2081=CARTESIAN_POINT('',(-1.15,0.6,0.));
#2082=VERTEX_POINT('',#2081);
#2083=CARTESIAN_POINT('',(-1.35,-0.75,0.15));
#2084=VERTEX_POINT('',#2083);
#2085=CARTESIAN_POINT('',(-1.15,-0.75,0.15));
#2086=VERTEX_POINT('',#2085);
#2087=CARTESIAN_POINT('',(-1.35,0.6,0.15));
#2088=VERTEX_POINT('',#2087);
#2089=CARTESIAN_POINT('',(-1.15,0.6,0.15));
#2090=VERTEX_POINT('',#2089);
#2091=VECTOR('',#34,1.35);
#2092=CARTESIAN_POINT('',(-1.35,-0.75,0.));
#2093=LINE('',#2092,#2091);
#2094=EDGE_CURVE('',#2076,#2080,#2093,.T.);
#2095=ORIENTED_EDGE('',*,*,#2094,.T.);
#2096=VECTOR('',#16,0.2);
#2097=CARTESIAN_POINT('',(-1.35,0.6,0.));
#2098=LINE('',#2097,#2096);
#2099=EDGE_CURVE('',#2080,#2082,#2098,.T.);
#2100=ORIENTED_EDGE('',*,*,#2099,.T.);
#2101=VECTOR('',#34,1.35);
#2102=CARTESIAN_POINT('',(-1.15,-0.75,0.));
#2103=LINE('',#2102,#2101);
#2104=EDGE_CURVE('',#2078,#2082,#2103,.T.);
#2105=ORIENTED_EDGE('',*,*,#2104,.F.);
#2106=VECTOR('',#16,0.2);
#2107=CARTESIAN_POINT('',(-1.35,-0.75,0.));
#2108=LINE('',#2107,#2106);
#2109=EDGE_CURVE('',#2076,#2078,#2108,.T.);
#2110=ORIENTED_EDGE('',*,*,#2109,.F.);
#2111=EDGE_LOOP('',(#2095,#2100,#2105,#2110));
#2112=FACE_OUTER_BOUND('',#2111,.T.);
#2113=CARTESIAN_POINT('',(-1.35,-0.75,0.));
#2114=AXIS2_PLACEMENT_3D('',#2113,#58,#16);
#2115=PLANE('',#2114);
#2116=ADVANCED_FACE('',(#2112),#2115,.T.);
#2117=VECTOR('',#16,0.2);
#2118=CARTESIAN_POINT('',(-1.35,-0.75,0.15));
#2119=LINE('',#2118,#2117);
#2120=EDGE_CURVE('',#2084,#2086,#2119,.T.);
#2121=ORIENTED_EDGE('',*,*,#2120,.T.);
#2122=VECTOR('',#34,1.35);
#2123=CARTESIAN_POINT('',(-1.15,-0.75,0.15));
#2124=LINE('',#2123,#2122);
#2125=EDGE_CURVE('',#2086,#2090,#2124,.T.);
#2126=ORIENTED_EDGE('',*,*,#2125,.T.);
#2127=VECTOR('',#16,0.2);
#2128=CARTESIAN_POINT('',(-1.35,0.6,0.15));
#2129=LINE('',#2128,#2127);
#2130=EDGE_CURVE('',#2088,#2090,#2129,.T.);
#2131=ORIENTED_EDGE('',*,*,#2130,.F.);
#2132=VECTOR('',#34,1.35);
#2133=CARTESIAN_POINT('',(-1.35,-0.75,0.15));
#2134=LINE('',#2133,#2132);
#2135=EDGE_CURVE('',#2084,#2088,#2134,.T.);
#2136=ORIENTED_EDGE('',*,*,#2135,.F.);
#2137=EDGE_LOOP('',(#2121,#2126,#2131,#2136));
#2138=FACE_OUTER_BOUND('',#2137,.T.);
#2139=CARTESIAN_POINT('',(-1.35,-0.75,0.15));
#2140=AXIS2_PLACEMENT_3D('',#2139,#15,#16);
#2141=PLANE('',#2140);
#2142=ADVANCED_FACE('',(#2138),#2141,.T.);
#2143=ORIENTED_EDGE('',*,*,#2109,.T.);
#2144=VECTOR('',#15,0.15);
#2145=CARTESIAN_POINT('',(-1.15,-0.75,0.));
#2146=LINE('',#2145,#2144);
#2147=EDGE_CURVE('',#2078,#2086,#2146,.T.);
#2148=ORIENTED_EDGE('',*,*,#2147,.T.);
#2149=ORIENTED_EDGE('',*,*,#2120,.F.);
#2150=VECTOR('',#15,0.15);
#2151=CARTESIAN_POINT('',(-1.35,-0.75,0.));
#2152=LINE('',#2151,#2150);
#2153=EDGE_CURVE('',#2076,#2084,#2152,.T.);
#2154=ORIENTED_EDGE('',*,*,#2153,.F.);
#2155=EDGE_LOOP('',(#2143,#2148,#2149,#2154));
#2156=FACE_OUTER_BOUND('',#2155,.T.);
#2157=CARTESIAN_POINT('',(-1.35,-0.75,0.));
#2158=AXIS2_PLACEMENT_3D('',#2157,#103,#16);
#2159=PLANE('',#2158);
#2160=ADVANCED_FACE('',(#2156),#2159,.T.);
#2161=VECTOR('',#15,0.15);
#2162=CARTESIAN_POINT('',(-1.35,0.6,0.));
#2163=LINE('',#2162,#2161);
#2164=EDGE_CURVE('',#2080,#2088,#2163,.T.);
#2165=ORIENTED_EDGE('',*,*,#2164,.T.);
#2166=ORIENTED_EDGE('',*,*,#2130,.T.);
#2167=VECTOR('',#15,0.15);
#2168=CARTESIAN_POINT('',(-1.15,0.6,0.));
#2169=LINE('',#2168,#2167);
#2170=EDGE_CURVE('',#2082,#2090,#2169,.T.);
#2171=ORIENTED_EDGE('',*,*,#2170,.F.);
#2172=ORIENTED_EDGE('',*,*,#2099,.F.);
#2173=EDGE_LOOP('',(#2165,#2166,#2171,#2172));
#2174=FACE_OUTER_BOUND('',#2173,.T.);
#2175=CARTESIAN_POINT('',(-1.35,0.6,0.));
#2176=AXIS2_PLACEMENT_3D('',#2175,#34,#16);
#2177=PLANE('',#2176);
#2178=ADVANCED_FACE('',(#2174),#2177,.T.);
#2179=ORIENTED_EDGE('',*,*,#2153,.T.);
#2180=ORIENTED_EDGE('',*,*,#2135,.T.);
#2181=ORIENTED_EDGE('',*,*,#2164,.F.);
#2182=ORIENTED_EDGE('',*,*,#2094,.F.);
#2183=EDGE_LOOP('',(#2179,#2180,#2181,#2182));
#2184=FACE_OUTER_BOUND('',#2183,.T.);
#2185=CARTESIAN_POINT('',(-1.35,-0.75,0.));
#2186=AXIS2_PLACEMENT_3D('',#2185,#132,#34);
#2187=PLANE('',#2186);
#2188=ADVANCED_FACE('',(#2184),#2187,.T.);
#2189=ORIENTED_EDGE('',*,*,#2104,.T.);
#2190=ORIENTED_EDGE('',*,*,#2170,.T.);
#2191=ORIENTED_EDGE('',*,*,#2125,.F.);
#2192=ORIENTED_EDGE('',*,*,#2147,.F.);
#2193=EDGE_LOOP('',(#2189,#2190,#2191,#2192));
#2194=FACE_OUTER_BOUND('',#2193,.T.);
#2195=CARTESIAN_POINT('',(-1.15,-0.75,0.));
#2196=AXIS2_PLACEMENT_3D('',#2195,#16,#34);
#2197=PLANE('',#2196);
#2198=ADVANCED_FACE('',(#2194),#2197,.T.);
#2199=CLOSED_SHELL('',(#2116,#2142,#2160,#2178,#2188,#2198));
#2200=MANIFOLD_SOLID_BREP('Lead_13',#2199);
#2201=STYLED_ITEM('color',(#676),#2200);
#2202=CARTESIAN_POINT('',(-0.85,-0.75,0.));
#2203=VERTEX_POINT('',#2202);
#2204=CARTESIAN_POINT('',(-0.65,-0.75,0.));
#2205=VERTEX_POINT('',#2204);
#2206=CARTESIAN_POINT('',(-0.85,0.6,0.));
#2207=VERTEX_POINT('',#2206);
#2208=CARTESIAN_POINT('',(-0.65,0.6,0.));
#2209=VERTEX_POINT('',#2208);
#2210=CARTESIAN_POINT('',(-0.85,-0.75,0.15));
#2211=VERTEX_POINT('',#2210);
#2212=CARTESIAN_POINT('',(-0.65,-0.75,0.15));
#2213=VERTEX_POINT('',#2212);
#2214=CARTESIAN_POINT('',(-0.85,0.6,0.15));
#2215=VERTEX_POINT('',#2214);
#2216=CARTESIAN_POINT('',(-0.65,0.6,0.15));
#2217=VERTEX_POINT('',#2216);
#2218=VECTOR('',#34,1.35);
#2219=CARTESIAN_POINT('',(-0.85,-0.75,0.));
#2220=LINE('',#2219,#2218);
#2221=EDGE_CURVE('',#2203,#2207,#2220,.T.);
#2222=ORIENTED_EDGE('',*,*,#2221,.T.);
#2223=VECTOR('',#16,0.2);
#2224=CARTESIAN_POINT('',(-0.85,0.6,0.));
#2225=LINE('',#2224,#2223);
#2226=EDGE_CURVE('',#2207,#2209,#2225,.T.);
#2227=ORIENTED_EDGE('',*,*,#2226,.T.);
#2228=VECTOR('',#34,1.35);
#2229=CARTESIAN_POINT('',(-0.65,-0.75,0.));
#2230=LINE('',#2229,#2228);
#2231=EDGE_CURVE('',#2205,#2209,#2230,.T.);
#2232=ORIENTED_EDGE('',*,*,#2231,.F.);
#2233=VECTOR('',#16,0.2);
#2234=CARTESIAN_POINT('',(-0.85,-0.75,0.));
#2235=LINE('',#2234,#2233);
#2236=EDGE_CURVE('',#2203,#2205,#2235,.T.);
#2237=ORIENTED_EDGE('',*,*,#2236,.F.);
#2238=EDGE_LOOP('',(#2222,#2227,#2232,#2237));
#2239=FACE_OUTER_BOUND('',#2238,.T.);
#2240=CARTESIAN_POINT('',(-0.85,-0.75,0.));
#2241=AXIS2_PLACEMENT_3D('',#2240,#58,#16);
#2242=PLANE('',#2241);
#2243=ADVANCED_FACE('',(#2239),#2242,.T.);
#2244=VECTOR('',#16,0.2);
#2245=CARTESIAN_POINT('',(-0.85,-0.75,0.15));
#2246=LINE('',#2245,#2244);
#2247=EDGE_CURVE('',#2211,#2213,#2246,.T.);
#2248=ORIENTED_EDGE('',*,*,#2247,.T.);
#2249=VECTOR('',#34,1.35);
#2250=CARTESIAN_POINT('',(-0.65,-0.75,0.15));
#2251=LINE('',#2250,#2249);
#2252=EDGE_CURVE('',#2213,#2217,#2251,.T.);
#2253=ORIENTED_EDGE('',*,*,#2252,.T.);
#2254=VECTOR('',#16,0.2);
#2255=CARTESIAN_POINT('',(-0.85,0.6,0.15));
#2256=LINE('',#2255,#2254);
#2257=EDGE_CURVE('',#2215,#2217,#2256,.T.);
#2258=ORIENTED_EDGE('',*,*,#2257,.F.);
#2259=VECTOR('',#34,1.35);
#2260=CARTESIAN_POINT('',(-0.85,-0.75,0.15));
#2261=LINE('',#2260,#2259);
#2262=EDGE_CURVE('',#2211,#2215,#2261,.T.);
#2263=ORIENTED_EDGE('',*,*,#2262,.F.);
#2264=EDGE_LOOP('',(#2248,#2253,#2258,#2263));
#2265=FACE_OUTER_BOUND('',#2264,.T.);
#2266=CARTESIAN_POINT('',(-0.85,-0.75,0.15));
#2267=AXIS2_PLACEMENT_3D('',#2266,#15,#16);
#2268=PLANE('',#2267);
#2269=ADVANCED_FACE('',(#2265),#2268,.T.);
#2270=ORIENTED_EDGE('',*,*,#2236,.T.);
#2271=VECTOR('',#15,0.15);
#2272=CARTESIAN_POINT('',(-0.65,-0.75,0.));
#2273=LINE('',#2272,#2271);
#2274=EDGE_CURVE('',#2205,#2213,#2273,.T.);
#2275=ORIENTED_EDGE('',*,*,#2274,.T.);
#2276=ORIENTED_EDGE('',*,*,#2247,.F.);
#2277=VECTOR('',#15,0.15);
#2278=CARTESIAN_POINT('',(-0.85,-0.75,0.));
#2279=LINE('',#2278,#2277);
#2280=EDGE_CURVE('',#2203,#2211,#2279,.T.);
#2281=ORIENTED_EDGE('',*,*,#2280,.F.);
#2282=EDGE_LOOP('',(#2270,#2275,#2276,#2281));
#2283=FACE_OUTER_BOUND('',#2282,.T.);
#2284=CARTESIAN_POINT('',(-0.85,-0.75,0.));
#2285=AXIS2_PLACEMENT_3D('',#2284,#103,#16);
#2286=PLANE('',#2285);
#2287=ADVANCED_FACE('',(#2283),#2286,.T.);
#2288=VECTOR('',#15,0.15);
#2289=CARTESIAN_POINT('',(-0.85,0.6,0.));
#2290=LINE('',#2289,#2288);
#2291=EDGE_CURVE('',#2207,#2215,#2290,.T.);
#2292=ORIENTED_EDGE('',*,*,#2291,.T.);
#2293=ORIENTED_EDGE('',*,*,#2257,.T.);
#2294=VECTOR('',#15,0.15);
#2295=CARTESIAN_POINT('',(-0.65,0.6,0.));
#2296=LINE('',#2295,#2294);
#2297=EDGE_CURVE('',#2209,#2217,#2296,.T.);
#2298=ORIENTED_EDGE('',*,*,#2297,.F.);
#2299=ORIENTED_EDGE('',*,*,#2226,.F.);
#2300=EDGE_LOOP('',(#2292,#2293,#2298,#2299));
#2301=FACE_OUTER_BOUND('',#2300,.T.);
#2302=CARTESIAN_POINT('',(-0.85,0.6,0.));
#2303=AXIS2_PLACEMENT_3D('',#2302,#34,#16);
#2304=PLANE('',#2303);
#2305=ADVANCED_FACE('',(#2301),#2304,.T.);
#2306=ORIENTED_EDGE('',*,*,#2280,.T.);
#2307=ORIENTED_EDGE('',*,*,#2262,.T.);
#2308=ORIENTED_EDGE('',*,*,#2291,.F.);
#2309=ORIENTED_EDGE('',*,*,#2221,.F.);
#2310=EDGE_LOOP('',(#2306,#2307,#2308,#2309));
#2311=FACE_OUTER_BOUND('',#2310,.T.);
#2312=CARTESIAN_POINT('',(-0.85,-0.75,0.));
#2313=AXIS2_PLACEMENT_3D('',#2312,#132,#34);
#2314=PLANE('',#2313);
#2315=ADVANCED_FACE('',(#2311),#2314,.T.);
#2316=ORIENTED_EDGE('',*,*,#2231,.T.);
#2317=ORIENTED_EDGE('',*,*,#2297,.T.);
#2318=ORIENTED_EDGE('',*,*,#2252,.F.);
#2319=ORIENTED_EDGE('',*,*,#2274,.F.);
#2320=EDGE_LOOP('',(#2316,#2317,#2318,#2319));
#2321=FACE_OUTER_BOUND('',#2320,.T.);
#2322=CARTESIAN_POINT('',(-0.65,-0.75,0.));
#2323=AXIS2_PLACEMENT_3D('',#2322,#16,#34);
#2324=PLANE('',#2323);
#2325=ADVANCED_FACE('',(#2321),#2324,.T.);
#2326=CLOSED_SHELL('',(#2243,#2269,#2287,#2305,#2315,#2325));
#2327=MANIFOLD_SOLID_BREP('Lead_14',#2326);
#2328=STYLED_ITEM('color',(#676),#2327);
#2329=CARTESIAN_POINT('',(-0.35,-0.75,0.));
#2330=VERTEX_POINT('',#2329);
#2331=CARTESIAN_POINT('',(-0.15,-0.75,0.));
#2332=VERTEX_POINT('',#2331);
#2333=CARTESIAN_POINT('',(-0.35,0.6,0.));
#2334=VERTEX_POINT('',#2333);
#2335=CARTESIAN_POINT('',(-0.15,0.6,0.));
#2336=VERTEX_POINT('',#2335);
#2337=CARTESIAN_POINT('',(-0.35,-0.75,0.15));
#2338=VERTEX_POINT('',#2337);
#2339=CARTESIAN_POINT('',(-0.15,-0.75,0.15));
#2340=VERTEX_POINT('',#2339);
#2341=CARTESIAN_POINT('',(-0.35,0.6,0.15));
#2342=VERTEX_POINT('',#2341);
#2343=CARTESIAN_POINT('',(-0.15,0.6,0.15));
#2344=VERTEX_POINT('',#2343);
#2345=VECTOR('',#34,1.35);
#2346=CARTESIAN_POINT('',(-0.35,-0.75,0.));
#2347=LINE('',#2346,#2345);
#2348=EDGE_CURVE('',#2330,#2334,#2347,.T.);
#2349=ORIENTED_EDGE('',*,*,#2348,.T.);
#2350=VECTOR('',#16,0.2);
#2351=CARTESIAN_POINT('',(-0.35,0.6,0.));
#2352=LINE('',#2351,#2350);
#2353=EDGE_CURVE('',#2334,#2336,#2352,.T.);
#2354=ORIENTED_EDGE('',*,*,#2353,.T.);
#2355=VECTOR('',#34,1.35);
#2356=CARTESIAN_POINT('',(-0.15,-0.75,0.));
#2357=LINE('',#2356,#2355);
#2358=EDGE_CURVE('',#2332,#2336,#2357,.T.);
#2359=ORIENTED_EDGE('',*,*,#2358,.F.);
#2360=VECTOR('',#16,0.2);
#2361=CARTESIAN_POINT('',(-0.35,-0.75,0.));
#2362=LINE('',#2361,#2360);
#2363=EDGE_CURVE('',#2330,#2332,#2362,.T.);
#2364=ORIENTED_EDGE('',*,*,#2363,.F.);
#2365=EDGE_LOOP('',(#2349,#2354,#2359,#2364));
#2366=FACE_OUTER_BOUND('',#2365,.T.);
#2367=CARTESIAN_POINT('',(-0.35,-0.75,0.));
#2368=AXIS2_PLACEMENT_3D('',#2367,#58,#16);
#2369=PLANE('',#2368);
#2370=ADVANCED_FACE('',(#2366),#2369,.T.);
#2371=VECTOR('',#16,0.2);
#2372=CARTESIAN_POINT('',(-0.35,-0.75,0.15));
#2373=LINE('',#2372,#2371);
#2374=EDGE_CURVE('',#2338,#2340,#2373,.T.);
#2375=ORIENTED_EDGE('',*,*,#2374,.T.);
#2376=VECTOR('',#34,1.35);
#2377=CARTESIAN_POINT('',(-0.15,-0.75,0.15));
#2378=LINE('',#2377,#2376);
#2379=EDGE_CURVE('',#2340,#2344,#2378,.T.);
#2380=ORIENTED_EDGE('',*,*,#2379,.T.);
#2381=VECTOR('',#16,0.2);
#2382=CARTESIAN_POINT('',(-0.35,0.6,0.15));
#2383=LINE('',#2382,#2381);
#2384=EDGE_CURVE('',#2342,#2344,#2383,.T.);
#2385=ORIENTED_EDGE('',*,*,#2384,.F.);
#2386=VECTOR('',#34,1.35);
#2387=CARTESIAN_POINT('',(-0.35,-0.75,0.15));
#2388=LINE('',#2387,#2386);
#2389=EDGE_CURVE('',#2338,#2342,#2388,.T.);
#2390=ORIENTED_EDGE('',*,*,#2389,.F.);
#2391=EDGE_LOOP('',(#2375,#2380,#2385,#2390));
#2392=FACE_OUTER_BOUND('',#2391,.T.);
#2393=CARTESIAN_POINT('',(-0.35,-0.75,0.15));
#2394=AXIS2_PLACEMENT_3D('',#2393,#15,#16);
#2395=PLANE('',#2394);
#2396=ADVANCED_FACE('',(#2392),#2395,.T.);
#2397=ORIENTED_EDGE('',*,*,#2363,.T.);
#2398=VECTOR('',#15,0.15);
#2399=CARTESIAN_POINT('',(-0.15,-0.75,0.));
#2400=LINE('',#2399,#2398);
#2401=EDGE_CURVE('',#2332,#2340,#2400,.T.);
#2402=ORIENTED_EDGE('',*,*,#2401,.T.);
#2403=ORIENTED_EDGE('',*,*,#2374,.F.);
#2404=VECTOR('',#15,0.15);
#2405=CARTESIAN_POINT('',(-0.35,-0.75,0.));
#2406=LINE('',#2405,#2404);
#2407=EDGE_CURVE('',#2330,#2338,#2406,.T.);
#2408=ORIENTED_EDGE('',*,*,#2407,.F.);
#2409=EDGE_LOOP('',(#2397,#2402,#2403,#2408));
#2410=FACE_OUTER_BOUND('',#2409,.T.);
#2411=CARTESIAN_POINT('',(-0.35,-0.75,0.));
#2412=AXIS2_PLACEMENT_3D('',#2411,#103,#16);
#2413=PLANE('',#2412);
#2414=ADVANCED_FACE('',(#2410),#2413,.T.);
#2415=VECTOR('',#15,0.15);
#2416=CARTESIAN_POINT('',(-0.35,0.6,0.));
#2417=LINE('',#2416,#2415);
#2418=EDGE_CURVE('',#2334,#2342,#2417,.T.);
#2419=ORIENTED_EDGE('',*,*,#2418,.T.);
#2420=ORIENTED_EDGE('',*,*,#2384,.T.);
#2421=VECTOR('',#15,0.15);
#2422=CARTESIAN_POINT('',(-0.15,0.6,0.));
#2423=LINE('',#2422,#2421);
#2424=EDGE_CURVE('',#2336,#2344,#2423,.T.);
#2425=ORIENTED_EDGE('',*,*,#2424,.F.);
#2426=ORIENTED_EDGE('',*,*,#2353,.F.);
#2427=EDGE_LOOP('',(#2419,#2420,#2425,#2426));
#2428=FACE_OUTER_BOUND('',#2427,.T.);
#2429=CARTESIAN_POINT('',(-0.35,0.6,0.));
#2430=AXIS2_PLACEMENT_3D('',#2429,#34,#16);
#2431=PLANE('',#2430);
#2432=ADVANCED_FACE('',(#2428),#2431,.T.);
#2433=ORIENTED_EDGE('',*,*,#2407,.T.);
#2434=ORIENTED_EDGE('',*,*,#2389,.T.);
#2435=ORIENTED_EDGE('',*,*,#2418,.F.);
#2436=ORIENTED_EDGE('',*,*,#2348,.F.);
#2437=EDGE_LOOP('',(#2433,#2434,#2435,#2436));
#2438=FACE_OUTER_BOUND('',#2437,.T.);
#2439=CARTESIAN_POINT('',(-0.35,-0.75,0.));
#2440=AXIS2_PLACEMENT_3D('',#2439,#132,#34);
#2441=PLANE('',#2440);
#2442=ADVANCED_FACE('',(#2438),#2441,.T.);
#2443=ORIENTED_EDGE('',*,*,#2358,.T.);
#2444=ORIENTED_EDGE('',*,*,#2424,.T.);
#2445=ORIENTED_EDGE('',*,*,#2379,.F.);
#2446=ORIENTED_EDGE('',*,*,#2401,.F.);
#2447=EDGE_LOOP('',(#2443,#2444,#2445,#2446));
#2448=FACE_OUTER_BOUND('',#2447,.T.);
#2449=CARTESIAN_POINT('',(-0.15,-0.75,0.));
#2450=AXIS2_PLACEMENT_3D('',#2449,#16,#34);
#2451=PLANE('',#2450);
#2452=ADVANCED_FACE('',(#2448),#2451,.T.);
#2453=CLOSED_SHELL('',(#2370,#2396,#2414,#2432,#2442,#2452));
#2454=MANIFOLD_SOLID_BREP('Lead_15',#2453);
#2455=STYLED_ITEM('color',(#676),#2454);
#2456=CARTESIAN_POINT('',(0.15,-0.75,0.));
#2457=VERTEX_POINT('',#2456);
#2458=CARTESIAN_POINT('',(0.35,-0.75,0.));
#2459=VERTEX_POINT('',#2458);
#2460=CARTESIAN_POINT('',(0.15,0.6,0.));
#2461=VERTEX_POINT('',#2460);
#2462=CARTESIAN_POINT('',(0.35,0.6,0.));
#2463=VERTEX_POINT('',#2462);
#2464=CARTESIAN_POINT('',(0.15,-0.75,0.15));
#2465=VERTEX_POINT('',#2464);
#2466=CARTESIAN_POINT('',(0.35,-0.75,0.15));
#2467=VERTEX_POINT('',#2466);
#2468=CARTESIAN_POINT('',(0.15,0.6,0.15));
#2469=VERTEX_POINT('',#2468);
#2470=CARTESIAN_POINT('',(0.35,0.6,0.15));
#2471=VERTEX_POINT('',#2470);
#2472=VECTOR('',#34,1.35);
#2473=CARTESIAN_POINT('',(0.15,-0.75,0.));
#2474=LINE('',#2473,#2472);
#2475=EDGE_CURVE('',#2457,#2461,#2474,.T.);
#2476=ORIENTED_EDGE('',*,*,#2475,.T.);
#2477=VECTOR('',#16,0.2);
#2478=CARTESIAN_POINT('',(0.15,0.6,0.));
#2479=LINE('',#2478,#2477);
#2480=EDGE_CURVE('',#2461,#2463,#2479,.T.);
#2481=ORIENTED_EDGE('',*,*,#2480,.T.);
#2482=VECTOR('',#34,1.35);
#2483=CARTESIAN_POINT('',(0.35,-0.75,0.));
#2484=LINE('',#2483,#2482);
#2485=EDGE_CURVE('',#2459,#2463,#2484,.T.);
#2486=ORIENTED_EDGE('',*,*,#2485,.F.);
#2487=VECTOR('',#16,0.2);
#2488=CARTESIAN_POINT('',(0.15,-0.75,0.));
#2489=LINE('',#2488,#2487);
#2490=EDGE_CURVE('',#2457,#2459,#2489,.T.);
#2491=ORIENTED_EDGE('',*,*,#2490,.F.);
#2492=EDGE_LOOP('',(#2476,#2481,#2486,#2491));
#2493=FACE_OUTER_BOUND('',#2492,.T.);
#2494=CARTESIAN_POINT('',(0.15,-0.75,0.));
#2495=AXIS2_PLACEMENT_3D('',#2494,#58,#16);
#2496=PLANE('',#2495);
#2497=ADVANCED_FACE('',(#2493),#2496,.T.);
#2498=VECTOR('',#16,0.2);
#2499=CARTESIAN_POINT('',(0.15,-0.75,0.15));
#2500=LINE('',#2499,#2498);
#2501=EDGE_CURVE('',#2465,#2467,#2500,.T.);
#2502=ORIENTED_EDGE('',*,*,#2501,.T.);
#2503=VECTOR('',#34,1.35);
#2504=CARTESIAN_POINT('',(0.35,-0.75,0.15));
#2505=LINE('',#2504,#2503);
#2506=EDGE_CURVE('',#2467,#2471,#2505,.T.);
#2507=ORIENTED_EDGE('',*,*,#2506,.T.);
#2508=VECTOR('',#16,0.2);
#2509=CARTESIAN_POINT('',(0.15,0.6,0.15));
#2510=LINE('',#2509,#2508);
#2511=EDGE_CURVE('',#2469,#2471,#2510,.T.);
#2512=ORIENTED_EDGE('',*,*,#2511,.F.);
#2513=VECTOR('',#34,1.35);
#2514=CARTESIAN_POINT('',(0.15,-0.75,0.15));
#2515=LINE('',#2514,#2513);
#2516=EDGE_CURVE('',#2465,#2469,#2515,.T.);
#2517=ORIENTED_EDGE('',*,*,#2516,.F.);
#2518=EDGE_LOOP('',(#2502,#2507,#2512,#2517));
#2519=FACE_OUTER_BOUND('',#2518,.T.);
#2520=CARTESIAN_POINT('',(0.15,-0.75,0.15));
#2521=AXIS2_PLACEMENT_3D('',#2520,#15,#16);
#2522=PLANE('',#2521);
#2523=ADVANCED_FACE('',(#2519),#2522,.T.);
#2524=ORIENTED_EDGE('',*,*,#2490,.T.);
#2525=VECTOR('',#15,0.15);
#2526=CARTESIAN_POINT('',(0.35,-0.75,0.));
#2527=LINE('',#2526,#2525);
#2528=EDGE_CURVE('',#2459,#2467,#2527,.T.);
#2529=ORIENTED_EDGE('',*,*,#2528,.T.);
#2530=ORIENTED_EDGE('',*,*,#2501,.F.);
#2531=VECTOR('',#15,0.15);
#2532=CARTESIAN_POINT('',(0.15,-0.75,0.));
#2533=LINE('',#2532,#2531);
#2534=EDGE_CURVE('',#2457,#2465,#2533,.T.);
#2535=ORIENTED_EDGE('',*,*,#2534,.F.);
#2536=EDGE_LOOP('',(#2524,#2529,#2530,#2535));
#2537=FACE_OUTER_BOUND('',#2536,.T.);
#2538=CARTESIAN_POINT('',(0.15,-0.75,0.));
#2539=AXIS2_PLACEMENT_3D('',#2538,#103,#16);
#2540=PLANE('',#2539);
#2541=ADVANCED_FACE('',(#2537),#2540,.T.);
#2542=VECTOR('',#15,0.15);
#2543=CARTESIAN_POINT('',(0.15,0.6,0.));
#2544=LINE('',#2543,#2542);
#2545=EDGE_CURVE('',#2461,#2469,#2544,.T.);
#2546=ORIENTED_EDGE('',*,*,#2545,.T.);
#2547=ORIENTED_EDGE('',*,*,#2511,.T.);
#2548=VECTOR('',#15,0.15);
#2549=CARTESIAN_POINT('',(0.35,0.6,0.));
#2550=LINE('',#2549,#2548);
#2551=EDGE_CURVE('',#2463,#2471,#2550,.T.);
#2552=ORIENTED_EDGE('',*,*,#2551,.F.);
#2553=ORIENTED_EDGE('',*,*,#2480,.F.);
#2554=EDGE_LOOP('',(#2546,#2547,#2552,#2553));
#2555=FACE_OUTER_BOUND('',#2554,.T.);
#2556=CARTESIAN_POINT('',(0.15,0.6,0.));
#2557=AXIS2_PLACEMENT_3D('',#2556,#34,#16);
#2558=PLANE('',#2557);
#2559=ADVANCED_FACE('',(#2555),#2558,.T.);
#2560=ORIENTED_EDGE('',*,*,#2534,.T.);
#2561=ORIENTED_EDGE('',*,*,#2516,.T.);
#2562=ORIENTED_EDGE('',*,*,#2545,.F.);
#2563=ORIENTED_EDGE('',*,*,#2475,.F.);
#2564=EDGE_LOOP('',(#2560,#2561,#2562,#2563));
#2565=FACE_OUTER_BOUND('',#2564,.T.);
#2566=CARTESIAN_POINT('',(0.15,-0.75,0.));
#2567=AXIS2_PLACEMENT_3D('',#2566,#132,#34);
#2568=PLANE('',#2567);
#2569=ADVANCED_FACE('',(#2565),#2568,.T.);
#2570=ORIENTED_EDGE('',*,*,#2485,.T.);
#2571=ORIENTED_EDGE('',*,*,#2551,.T.);
#2572=ORIENTED_EDGE('',*,*,#2506,.F.);
#2573=ORIENTED_EDGE('',*,*,#2528,.F.);
#2574=EDGE_LOOP('',(#2570,#2571,#2572,#2573));
#2575=FACE_OUTER_BOUND('',#2574,.T.);
#2576=CARTESIAN_POINT('',(0.35,-0.75,0.));
#2577=AXIS2_PLACEMENT_3D('',#2576,#16,#34);
#2578=PLANE('',#2577);
#2579=ADVANCED_FACE('',(#2575),#2578,.T.);
#2580=CLOSED_SHELL('',(#2497,#2523,#2541,#2559,#2569,#2579));
#2581=MANIFOLD_SOLID_BREP('Lead_16',#2580);
#2582=STYLED_ITEM('color',(#676),#2581);
#2583=CARTESIAN_POINT('',(0.65,-0.75,0.));
#2584=VERTEX_POINT('',#2583);
#2585=CARTESIAN_POINT('',(0.85,-0.75,0.));
#2586=VERTEX_POINT('',#2585);
#2587=CARTESIAN_POINT('',(0.65,0.6,0.));
#2588=VERTEX_POINT('',#2587);
#2589=CARTESIAN_POINT('',(0.85,0.6,0.));
#2590=VERTEX_POINT('',#2589);
#2591=CARTESIAN_POINT('',(0.65,-0.75,0.15));
#2592=VERTEX_POINT('',#2591);
#2593=CARTESIAN_POINT('',(0.85,-0.75,0.15));
#2594=VERTEX_POINT('',#2593);
#2595=CARTESIAN_POINT('',(0.65,0.6,0.15));
#2596=VERTEX_POINT('',#2595);
#2597=CARTESIAN_POINT('',(0.85,0.6,0.15));
#2598=VERTEX_POINT('',#2597);
#2599=VECTOR('',#34,1.35);
#2600=CARTESIAN_POINT('',(0.65,-0.75,0.));
#2601=LINE('',#2600,#2599);
#2602=EDGE_CURVE('',#2584,#2588,#2601,.T.);
#2603=ORIENTED_EDGE('',*,*,#2602,.T.);
#2604=VECTOR('',#16,0.2);
#2605=CARTESIAN_POINT('',(0.65,0.6,0.));
#2606=LINE('',#2605,#2604);
#2607=EDGE_CURVE('',#2588,#2590,#2606,.T.);
#2608=ORIENTED_EDGE('',*,*,#2607,.T.);
#2609=VECTOR('',#34,1.35);
#2610=CARTESIAN_POINT('',(0.85,-0.75,0.));
#2611=LINE('',#2610,#2609);
#2612=EDGE_CURVE('',#2586,#2590,#2611,.T.);
#2613=ORIENTED_EDGE('',*,*,#2612,.F.);
#2614=VECTOR('',#16,0.2);
#2615=CARTESIAN_POINT('',(0.65,-0.75,0.));
#2616=LINE('',#2615,#2614);
#2617=EDGE_CURVE('',#2584,#2586,#2616,.T.);
#2618=ORIENTED_EDGE('',*,*,#2617,.F.);
#2619=EDGE_LOOP('',(#2603,#2608,#2613,#2618));
#2620=FACE_OUTER_BOUND('',#2619,.T.);
#2621=CARTESIAN_POINT('',(0.65,-0.75,0.));
#2622=AXIS2_PLACEMENT_3D('',#2621,#58,#16);
#2623=PLANE('',#2622);
#2624=ADVANCED_FACE('',(#2620),#2623,.T.);
#2625=VECTOR('',#16,0.2);
#2626=CARTESIAN_POINT('',(0.65,-0.75,0.15));
#2627=LINE('',#2626,#2625);
#2628=EDGE_CURVE('',#2592,#2594,#2627,.T.);
#2629=ORIENTED_EDGE('',*,*,#2628,.T.);
#2630=VECTOR('',#34,1.35);
#2631=CARTESIAN_POINT('',(0.85,-0.75,0.15));
#2632=LINE('',#2631,#2630);
#2633=EDGE_CURVE('',#2594,#2598,#2632,.T.);
#2634=ORIENTED_EDGE('',*,*,#2633,.T.);
#2635=VECTOR('',#16,0.2);
#2636=CARTESIAN_POINT('',(0.65,0.6,0.15));
#2637=LINE('',#2636,#2635);
#2638=EDGE_CURVE('',#2596,#2598,#2637,.T.);
#2639=ORIENTED_EDGE('',*,*,#2638,.F.);
#2640=VECTOR('',#34,1.35);
#2641=CARTESIAN_POINT('',(0.65,-0.75,0.15));
#2642=LINE('',#2641,#2640);
#2643=EDGE_CURVE('',#2592,#2596,#2642,.T.);
#2644=ORIENTED_EDGE('',*,*,#2643,.F.);
#2645=EDGE_LOOP('',(#2629,#2634,#2639,#2644));
#2646=FACE_OUTER_BOUND('',#2645,.T.);
#2647=CARTESIAN_POINT('',(0.65,-0.75,0.15));
#2648=AXIS2_PLACEMENT_3D('',#2647,#15,#16);
#2649=PLANE('',#2648);
#2650=ADVANCED_FACE('',(#2646),#2649,.T.);
#2651=ORIENTED_EDGE('',*,*,#2617,.T.);
#2652=VECTOR('',#15,0.15);
#2653=CARTESIAN_POINT('',(0.85,-0.75,0.));
#2654=LINE('',#2653,#2652);
#2655=EDGE_CURVE('',#2586,#2594,#2654,.T.);
#2656=ORIENTED_EDGE('',*,*,#2655,.T.);
#2657=ORIENTED_EDGE('',*,*,#2628,.F.);
#2658=VECTOR('',#15,0.15);
#2659=CARTESIAN_POINT('',(0.65,-0.75,0.));
#2660=LINE('',#2659,#2658);
#2661=EDGE_CURVE('',#2584,#2592,#2660,.T.);
#2662=ORIENTED_EDGE('',*,*,#2661,.F.);
#2663=EDGE_LOOP('',(#2651,#2656,#2657,#2662));
#2664=FACE_OUTER_BOUND('',#2663,.T.);
#2665=CARTESIAN_POINT('',(0.65,-0.75,0.));
#2666=AXIS2_PLACEMENT_3D('',#2665,#103,#16);
#2667=PLANE('',#2666);
#2668=ADVANCED_FACE('',(#2664),#2667,.T.);
#2669=VECTOR('',#15,0.15);
#2670=CARTESIAN_POINT('',(0.65,0.6,0.));
#2671=LINE('',#2670,#2669);
#2672=EDGE_CURVE('',#2588,#2596,#2671,.T.);
#2673=ORIENTED_EDGE('',*,*,#2672,.T.);
#2674=ORIENTED_EDGE('',*,*,#2638,.T.);
#2675=VECTOR('',#15,0.15);
#2676=CARTESIAN_POINT('',(0.85,0.6,0.));
#2677=LINE('',#2676,#2675);
#2678=EDGE_CURVE('',#2590,#2598,#2677,.T.);
#2679=ORIENTED_EDGE('',*,*,#2678,.F.);
#2680=ORIENTED_EDGE('',*,*,#2607,.F.);
#2681=EDGE_LOOP('',(#2673,#2674,#2679,#2680));
#2682=FACE_OUTER_BOUND('',#2681,.T.);
#2683=CARTESIAN_POINT('',(0.65,0.6,0.));
#2684=AXIS2_PLACEMENT_3D('',#2683,#34,#16);
#2685=PLANE('',#2684);
#2686=ADVANCED_FACE('',(#2682),#2685,.T.);
#2687=ORIENTED_EDGE('',*,*,#2661,.T.);
#2688=ORIENTED_EDGE('',*,*,#2643,.T.);
#2689=ORIENTED_EDGE('',*,*,#2672,.F.);
#2690=ORIENTED_EDGE('',*,*,#2602,.F.);
#2691=EDGE_LOOP('',(#2687,#2688,#2689,#2690));
#2692=FACE_OUTER_BOUND('',#2691,.T.);
#2693=CARTESIAN_POINT('',(0.65,-0.75,0.));
#2694=AXIS2_PLACEMENT_3D('',#2693,#132,#34);
#2695=PLANE('',#2694);
#2696=ADVANCED_FACE('',(#2692),#2695,.T.);
#2697=ORIENTED_EDGE('',*,*,#2612,.T.);
#2698=ORIENTED_EDGE('',*,*,#2678,.T.);
#2699=ORIENTED_EDGE('',*,*,#2633,.F.);
#2700=ORIENTED_EDGE('',*,*,#2655,.F.);
#2701=EDGE_LOOP('',(#2697,#2698,#2699,#2700));
#2702=FACE_OUTER_BOUND('',#2701,.T.);
#2703=CARTESIAN_POINT('',(0.85,-0.75,0.));
#2704=AXIS2_PLACEMENT_3D('',#2703,#16,#34);
#2705=PLANE('',#2704);
#2706=ADVANCED_FACE('',(#2702),#2705,.T.);
#2707=CLOSED_SHELL('',(#2624,#2650,#2668,#2686,#2696,#2706));
#2708=MANIFOLD_SOLID_BREP('Lead_17',#2707);
#2709=STYLED_ITEM('color',(#676),#2708);
#2710=CARTESIAN_POINT('',(1.15,-0.75,0.));
#2711=VERTEX_POINT('',#2710);
#2712=CARTESIAN_POINT('',(1.35,-0.75,0.));
#2713=VERTEX_POINT('',#2712);
#2714=CARTESIAN_POINT('',(1.15,0.6,0.));
#2715=VERTEX_POINT('',#2714);
#2716=CARTESIAN_POINT('',(1.35,0.6,0.));
#2717=VERTEX_POINT('',#2716);
#2718=CARTESIAN_POINT('',(1.15,-0.75,0.15));
#2719=VERTEX_POINT('',#2718);
#2720=CARTESIAN_POINT('',(1.35,-0.75,0.15));
#2721=VERTEX_POINT('',#2720);
#2722=CARTESIAN_POINT('',(1.15,0.6,0.15));
#2723=VERTEX_POINT('',#2722);
#2724=CARTESIAN_POINT('',(1.35,0.6,0.15));
#2725=VERTEX_POINT('',#2724);
#2726=VECTOR('',#34,1.35);
#2727=CARTESIAN_POINT('',(1.15,-0.75,0.));
#2728=LINE('',#2727,#2726);
#2729=EDGE_CURVE('',#2711,#2715,#2728,.T.);
#2730=ORIENTED_EDGE('',*,*,#2729,.T.);
#2731=VECTOR('',#16,0.2);
#2732=CARTESIAN_POINT('',(1.15,0.6,0.));
#2733=LINE('',#2732,#2731);
#2734=EDGE_CURVE('',#2715,#2717,#2733,.T.);
#2735=ORIENTED_EDGE('',*,*,#2734,.T.);
#2736=VECTOR('',#34,1.35);
#2737=CARTESIAN_POINT('',(1.35,-0.75,0.));
#2738=LINE('',#2737,#2736);
#2739=EDGE_CURVE('',#2713,#2717,#2738,.T.);
#2740=ORIENTED_EDGE('',*,*,#2739,.F.);
#2741=VECTOR('',#16,0.2);
#2742=CARTESIAN_POINT('',(1.15,-0.75,0.));
#2743=LINE('',#2742,#2741);
#2744=EDGE_CURVE('',#2711,#2713,#2743,.T.);
#2745=ORIENTED_EDGE('',*,*,#2744,.F.);
#2746=EDGE_LOOP('',(#2730,#2735,#2740,#2745));
#2747=FACE_OUTER_BOUND('',#2746,.T.);
#2748=CARTESIAN_POINT('',(1.15,-0.75,0.));
#2749=AXIS2_PLACEMENT_3D('',#2748,#58,#16);
#2750=PLANE('',#2749);
#2751=ADVANCED_FACE('',(#2747),#2750,.T.);
#2752=VECTOR('',#16,0.2);
#2753=CARTESIAN_POINT('',(1.15,-0.75,0.15));
#2754=LINE('',#2753,#2752);
#2755=EDGE_CURVE('',#2719,#2721,#2754,.T.);
#2756=ORIENTED_EDGE('',*,*,#2755,.T.);
#2757=VECTOR('',#34,1.35);
#2758=CARTESIAN_POINT('',(1.35,-0.75,0.15));
#2759=LINE('',#2758,#2757);
#2760=EDGE_CURVE('',#2721,#2725,#2759,.T.);
#2761=ORIENTED_EDGE('',*,*,#2760,.T.);
#2762=VECTOR('',#16,0.2);
#2763=CARTESIAN_POINT('',(1.15,0.6,0.15));
#2764=LINE('',#2763,#2762);
#2765=EDGE_CURVE('',#2723,#2725,#2764,.T.);
#2766=ORIENTED_EDGE('',*,*,#2765,.F.);
#2767=VECTOR('',#34,1.35);
#2768=CARTESIAN_POINT('',(1.15,-0.75,0.15));
#2769=LINE('',#2768,#2767);
#2770=EDGE_CURVE('',#2719,#2723,#2769,.T.);
#2771=ORIENTED_EDGE('',*,*,#2770,.F.);
#2772=EDGE_LOOP('',(#2756,#2761,#2766,#2771));
#2773=FACE_OUTER_BOUND('',#2772,.T.);
#2774=CARTESIAN_POINT('',(1.15,-0.75,0.15));
#2775=AXIS2_PLACEMENT_3D('',#2774,#15,#16);
#2776=PLANE('',#2775);
#2777=ADVANCED_FACE('',(#2773),#2776,.T.);
#2778=ORIENTED_EDGE('',*,*,#2744,.T.);
#2779=VECTOR('',#15,0.15);
#2780=CARTESIAN_POINT('',(1.35,-0.75,0.));
#2781=LINE('',#2780,#2779);
#2782=EDGE_CURVE('',#2713,#2721,#2781,.T.);
#2783=ORIENTED_EDGE('',*,*,#2782,.T.);
#2784=ORIENTED_EDGE('',*,*,#2755,.F.);
#2785=VECTOR('',#15,0.15);
#2786=CARTESIAN_POINT('',(1.15,-0.75,0.));
#2787=LINE('',#2786,#2785);
#2788=EDGE_CURVE('',#2711,#2719,#2787,.T.);
#2789=ORIENTED_EDGE('',*,*,#2788,.F.);
#2790=EDGE_LOOP('',(#2778,#2783,#2784,#2789));
#2791=FACE_OUTER_BOUND('',#2790,.T.);
#2792=CARTESIAN_POINT('',(1.15,-0.75,0.));
#2793=AXIS2_PLACEMENT_3D('',#2792,#103,#16);
#2794=PLANE('',#2793);
#2795=ADVANCED_FACE('',(#2791),#2794,.T.);
#2796=VECTOR('',#15,0.15);
#2797=CARTESIAN_POINT('',(1.15,0.6,0.));
#2798=LINE('',#2797,#2796);
#2799=EDGE_CURVE('',#2715,#2723,#2798,.T.);
#2800=ORIENTED_EDGE('',*,*,#2799,.T.);
#2801=ORIENTED_EDGE('',*,*,#2765,.T.);
#2802=VECTOR('',#15,0.15);
#2803=CARTESIAN_POINT('',(1.35,0.6,0.));
#2804=LINE('',#2803,#2802);
#2805=EDGE_CURVE('',#2717,#2725,#2804,.T.);
#2806=ORIENTED_EDGE('',*,*,#2805,.F.);
#2807=ORIENTED_EDGE('',*,*,#2734,.F.);
#2808=EDGE_LOOP('',(#2800,#2801,#2806,#2807));
#2809=FACE_OUTER_BOUND('',#2808,.T.);
#2810=CARTESIAN_POINT('',(1.15,0.6,0.));
#2811=AXIS2_PLACEMENT_3D('',#2810,#34,#16);
#2812=PLANE('',#2811);
#2813=ADVANCED_FACE('',(#2809),#2812,.T.);
#2814=ORIENTED_EDGE('',*,*,#2788,.T.);
#2815=ORIENTED_EDGE('',*,*,#2770,.T.);
#2816=ORIENTED_EDGE('',*,*,#2799,.F.);
#2817=ORIENTED_EDGE('',*,*,#2729,.F.);
#2818=EDGE_LOOP('',(#2814,#2815,#2816,#2817));
#2819=FACE_OUTER_BOUND('',#2818,.T.);
#2820=CARTESIAN_POINT('',(1.15,-0.75,0.));
#2821=AXIS2_PLACEMENT_3D('',#2820,#132,#34);
#2822=PLANE('',#2821);
#2823=ADVANCED_FACE('',(#2819),#2822,.T.);
#2824=ORIENTED_EDGE('',*,*,#2739,.T.);
#2825=ORIENTED_EDGE('',*,*,#2805,.T.);
#2826=ORIENTED_EDGE('',*,*,#2760,.F.);
#2827=ORIENTED_EDGE('',*,*,#2782,.F.);
#2828=EDGE_LOOP('',(#2824,#2825,#2826,#2827));
#2829=FACE_OUTER_BOUND('',#2828,.T.);
#2830=CARTESIAN_POINT('',(1.35,-0.75,0.));
#2831=AXIS2_PLACEMENT_3D('',#2830,#16,#34);
#2832=PLANE('',#2831);
#2833=ADVANCED_FACE('',(#2829),#2832,.T.);
#2834=CLOSED_SHELL('',(#2751,#2777,#2795,#2813,#2823,#2833));
#2835=MANIFOLD_SOLID_BREP('Lead_18',#2834);
#2836=STYLED_ITEM('color',(#676),#2835);
#2837=CARTESIAN_POINT('',(1.65,-0.75,0.));
#2838=VERTEX_POINT('',#2837);
#2839=CARTESIAN_POINT('',(1.85,-0.75,0.));
#2840=VERTEX_POINT('',#2839);
#2841=CARTESIAN_POINT('',(1.65,0.6,0.));
#2842=VERTEX_POINT('',#2841);
#2843=CARTESIAN_POINT('',(1.85,0.6,0.));
#2844=VERTEX_POINT('',#2843);
#2845=CARTESIAN_POINT('',(1.65,-0.75,0.15));
#2846=VERTEX_POINT('',#2845);
#2847=CARTESIAN_POINT('',(1.85,-0.75,0.15));
#2848=VERTEX_POINT('',#2847);
#2849=CARTESIAN_POINT('',(1.65,0.6,0.15));
#2850=VERTEX_POINT('',#2849);
#2851=CARTESIAN_POINT('',(1.85,0.6,0.15));
#2852=VERTEX_POINT('',#2851);
#2853=VECTOR('',#34,1.35);
#2854=CARTESIAN_POINT('',(1.65,-0.75,0.));
#2855=LINE('',#2854,#2853);
#2856=EDGE_CURVE('',#2838,#2842,#2855,.T.);
#2857=ORIENTED_EDGE('',*,*,#2856,.T.);
#2858=VECTOR('',#16,0.2);
#2859=CARTESIAN_POINT('',(1.65,0.6,0.));
#2860=LINE('',#2859,#2858);
#2861=EDGE_CURVE('',#2842,#2844,#2860,.T.);
#2862=ORIENTED_EDGE('',*,*,#2861,.T.);
#2863=VECTOR('',#34,1.35);
#2864=CARTESIAN_POINT('',(1.85,-0.75,0.));
#2865=LINE('',#2864,#2863);
#2866=EDGE_CURVE('',#2840,#2844,#2865,.T.);
#2867=ORIENTED_EDGE('',*,*,#2866,.F.);
#2868=VECTOR('',#16,0.2);
#2869=CARTESIAN_POINT('',(1.65,-0.75,0.));
#2870=LINE('',#2869,#2868);
#2871=EDGE_CURVE('',#2838,#2840,#2870,.T.);
#2872=ORIENTED_EDGE('',*,*,#2871,.F.);
#2873=EDGE_LOOP('',(#2857,#2862,#2867,#2872));
#2874=FACE_OUTER_BOUND('',#2873,.T.);
#2875=CARTESIAN_POINT('',(1.65,-0.75,0.));
#2876=AXIS2_PLACEMENT_3D('',#2875,#58,#16);
#2877=PLANE('',#2876);
#2878=ADVANCED_FACE('',(#2874),#2877,.T.);
#2879=VECTOR('',#16,0.2);
#2880=CARTESIAN_POINT('',(1.65,-0.75,0.15));
#2881=LINE('',#2880,#2879);
#2882=EDGE_CURVE('',#2846,#2848,#2881,.T.);
#2883=ORIENTED_EDGE('',*,*,#2882,.T.);
#2884=VECTOR('',#34,1.35);
#2885=CARTESIAN_POINT('',(1.85,-0.75,0.15));
#2886=LINE('',#2885,#2884);
#2887=EDGE_CURVE('',#2848,#2852,#2886,.T.);
#2888=ORIENTED_EDGE('',*,*,#2887,.T.);
#2889=VECTOR('',#16,0.2);
#2890=CARTESIAN_POINT('',(1.65,0.6,0.15));
#2891=LINE('',#2890,#2889);
#2892=EDGE_CURVE('',#2850,#2852,#2891,.T.);
#2893=ORIENTED_EDGE('',*,*,#2892,.F.);
#2894=VECTOR('',#34,1.35);
#2895=CARTESIAN_POINT('',(1.65,-0.75,0.15));
#2896=LINE('',#2895,#2894);
#2897=EDGE_CURVE('',#2846,#2850,#2896,.T.);
#2898=ORIENTED_EDGE('',*,*,#2897,.F.);
#2899=EDGE_LOOP('',(#2883,#2888,#2893,#2898));
#2900=FACE_OUTER_BOUND('',#2899,.T.);
#2901=CARTESIAN_POINT('',(1.65,-0.75,0.15));
#2902=AXIS2_PLACEMENT_3D('',#2901,#15,#16);
#2903=PLANE('',#2902);
#2904=ADVANCED_FACE('',(#2900),#2903,.T.);
#2905=ORIENTED_EDGE('',*,*,#2871,.T.);
#2906=VECTOR('',#15,0.15);
#2907=CARTESIAN_POINT('',(1.85,-0.75,0.));
#2908=LINE('',#2907,#2906);
#2909=EDGE_CURVE('',#2840,#2848,#2908,.T.);
#2910=ORIENTED_EDGE('',*,*,#2909,.T.);
#2911=ORIENTED_EDGE('',*,*,#2882,.F.);
#2912=VECTOR('',#15,0.15);
#2913=CARTESIAN_POINT('',(1.65,-0.75,0.));
#2914=LINE('',#2913,#2912);
#2915=EDGE_CURVE('',#2838,#2846,#2914,.T.);
#2916=ORIENTED_EDGE('',*,*,#2915,.F.);
#2917=EDGE_LOOP('',(#2905,#2910,#2911,#2916));
#2918=FACE_OUTER_BOUND('',#2917,.T.);
#2919=CARTESIAN_POINT('',(1.65,-0.75,0.));
#2920=AXIS2_PLACEMENT_3D('',#2919,#103,#16);
#2921=PLANE('',#2920);
#2922=ADVANCED_FACE('',(#2918),#2921,.T.);
#2923=VECTOR('',#15,0.15);
#2924=CARTESIAN_POINT('',(1.65,0.6,0.));
#2925=LINE('',#2924,#2923);
#2926=EDGE_CURVE('',#2842,#2850,#2925,.T.);
#2927=ORIENTED_EDGE('',*,*,#2926,.T.);
#2928=ORIENTED_EDGE('',*,*,#2892,.T.);
#2929=VECTOR('',#15,0.15);
#2930=CARTESIAN_POINT('',(1.85,0.6,0.));
#2931=LINE('',#2930,#2929);
#2932=EDGE_CURVE('',#2844,#2852,#2931,.T.);
#2933=ORIENTED_EDGE('',*,*,#2932,.F.);
#2934=ORIENTED_EDGE('',*,*,#2861,.F.);
#2935=EDGE_LOOP('',(#2927,#2928,#2933,#2934));
#2936=FACE_OUTER_BOUND('',#2935,.T.);
#2937=CARTESIAN_POINT('',(1.65,0.6,0.));
#2938=AXIS2_PLACEMENT_3D('',#2937,#34,#16);
#2939=PLANE('',#2938);
#2940=ADVANCED_FACE('',(#2936),#2939,.T.);
#2941=ORIENTED_EDGE('',*,*,#2915,.T.);
#2942=ORIENTED_EDGE('',*,*,#2897,.T.);
#2943=ORIENTED_EDGE('',*,*,#2926,.F.);
#2944=ORIENTED_EDGE('',*,*,#2856,.F.);
#2945=EDGE_LOOP('',(#2941,#2942,#2943,#2944));
#2946=FACE_OUTER_BOUND('',#2945,.T.);
#2947=CARTESIAN_POINT('',(1.65,-0.75,0.));
#2948=AXIS2_PLACEMENT_3D('',#2947,#132,#34);
#2949=PLANE('',#2948);
#2950=ADVANCED_FACE('',(#2946),#2949,.T.);
#2951=ORIENTED_EDGE('',*,*,#2866,.T.);
#2952=ORIENTED_EDGE('',*,*,#2932,.T.);
#2953=ORIENTED_EDGE('',*,*,#2887,.F.);
#2954=ORIENTED_EDGE('',*,*,#2909,.F.);
#2955=EDGE_LOOP('',(#2951,#2952,#2953,#2954));
#2956=FACE_OUTER_BOUND('',#2955,.T.);
#2957=CARTESIAN_POINT('',(1.85,-0.75,0.));
#2958=AXIS2_PLACEMENT_3D('',#2957,#16,#34);
#2959=PLANE('',#2958);
#2960=ADVANCED_FACE('',(#2956),#2959,.T.);
#2961=CLOSED_SHELL('',(#2878,#2904,#2922,#2940,#2950,#2960));
#2962=MANIFOLD_SOLID_BREP('Lead_19',#2961);
#2963=STYLED_ITEM('color',(#676),#2962);
#2964=CARTESIAN_POINT('',(2.15,-0.75,0.));
#2965=VERTEX_POINT('',#2964);
#2966=CARTESIAN_POINT('',(2.35,-0.75,0.));
#2967=VERTEX_POINT('',#2966);
#2968=CARTESIAN_POINT('',(2.15,0.6,0.));
#2969=VERTEX_POINT('',#2968);
#2970=CARTESIAN_POINT('',(2.35,0.6,0.));
#2971=VERTEX_POINT('',#2970);
#2972=CARTESIAN_POINT('',(2.15,-0.75,0.15));
#2973=VERTEX_POINT('',#2972);
#2974=CARTESIAN_POINT('',(2.35,-0.75,0.15));
#2975=VERTEX_POINT('',#2974);
#2976=CARTESIAN_POINT('',(2.15,0.6,0.15));
#2977=VERTEX_POINT('',#2976);
#2978=CARTESIAN_POINT('',(2.35,0.6,0.15));
#2979=VERTEX_POINT('',#2978);
#2980=VECTOR('',#34,1.35);
#2981=CARTESIAN_POINT('',(2.15,-0.75,0.));
#2982=LINE('',#2981,#2980);
#2983=EDGE_CURVE('',#2965,#2969,#2982,.T.);
#2984=ORIENTED_EDGE('',*,*,#2983,.T.);
#2985=VECTOR('',#16,0.2);
#2986=CARTESIAN_POINT('',(2.15,0.6,0.));
#2987=LINE('',#2986,#2985);
#2988=EDGE_CURVE('',#2969,#2971,#2987,.T.);
#2989=ORIENTED_EDGE('',*,*,#2988,.T.);
#2990=VECTOR('',#34,1.35);
#2991=CARTESIAN_POINT('',(2.35,-0.75,0.));
#2992=LINE('',#2991,#2990);
#2993=EDGE_CURVE('',#2967,#2971,#2992,.T.);
#2994=ORIENTED_EDGE('',*,*,#2993,.F.);
#2995=VECTOR('',#16,0.2);
#2996=CARTESIAN_POINT('',(2.15,-0.75,0.));
#2997=LINE('',#2996,#2995);
#2998=EDGE_CURVE('',#2965,#2967,#2997,.T.);
#2999=ORIENTED_EDGE('',*,*,#2998,.F.);
#3000=EDGE_LOOP('',(#2984,#2989,#2994,#2999));
#3001=FACE_OUTER_BOUND('',#3000,.T.);
#3002=CARTESIAN_POINT('',(2.15,-0.75,0.));
#3003=AXIS2_PLACEMENT_3D('',#3002,#58,#16);
#3004=PLANE('',#3003);
#3005=ADVANCED_FACE('',(#3001),#3004,.T.);
#3006=VECTOR('',#16,0.2);
#3007=CARTESIAN_POINT('',(2.15,-0.75,0.15));
#3008=LINE('',#3007,#3006);
#3009=EDGE_CURVE('',#2973,#2975,#3008,.T.);
#3010=ORIENTED_EDGE('',*,*,#3009,.T.);
#3011=VECTOR('',#34,1.35);
#3012=CARTESIAN_POINT('',(2.35,-0.75,0.15));
#3013=LINE('',#3012,#3011);
#3014=EDGE_CURVE('',#2975,#2979,#3013,.T.);
#3015=ORIENTED_EDGE('',*,*,#3014,.T.);
#3016=VECTOR('',#16,0.2);
#3017=CARTESIAN_POINT('',(2.15,0.6,0.15));
#3018=LINE('',#3017,#3016);
#3019=EDGE_CURVE('',#2977,#2979,#3018,.T.);
#3020=ORIENTED_EDGE('',*,*,#3019,.F.);
#3021=VECTOR('',#34,1.35);
#3022=CARTESIAN_POINT('',(2.15,-0.75,0.15));
#3023=LINE('',#3022,#3021);
#3024=EDGE_CURVE('',#2973,#2977,#3023,.T.);
#3025=ORIENTED_EDGE('',*,*,#3024,.F.);
#3026=EDGE_LOOP('',(#3010,#3015,#3020,#3025));
#3027=FACE_OUTER_BOUND('',#3026,.T.);
#3028=CARTESIAN_POINT('',(2.15,-0.75,0.15));
#3029=AXIS2_PLACEMENT_3D('',#3028,#15,#16);
#3030=PLANE('',#3029);
#3031=ADVANCED_FACE('',(#3027),#3030,.T.);
#3032=ORIENTED_EDGE('',*,*,#2998,.T.);
#3033=VECTOR('',#15,0.15);
#3034=CARTESIAN_POINT('',(2.35,-0.75,0.));
#3035=LINE('',#3034,#3033);
#3036=EDGE_CURVE('',#2967,#2975,#3035,.T.);
#3037=ORIENTED_EDGE('',*,*,#3036,.T.);
#3038=ORIENTED_EDGE('',*,*,#3009,.F.);
#3039=VECTOR('',#15,0.15);
#3040=CARTESIAN_POINT('',(2.15,-0.75,0.));
#3041=LINE('',#3040,#3039);
#3042=EDGE_CURVE('',#2965,#2973,#3041,.T.);
#3043=ORIENTED_EDGE('',*,*,#3042,.F.);
#3044=EDGE_LOOP('',(#3032,#3037,#3038,#3043));
#3045=FACE_OUTER_BOUND('',#3044,.T.);
#3046=CARTESIAN_POINT('',(2.15,-0.75,0.));
#3047=AXIS2_PLACEMENT_3D('',#3046,#103,#16);
#3048=PLANE('',#3047);
#3049=ADVANCED_FACE('',(#3045),#3048,.T.);
#3050=VECTOR('',#15,0.15);
#3051=CARTESIAN_POINT('',(2.15,0.6,0.));
#3052=LINE('',#3051,#3050);
#3053=EDGE_CURVE('',#2969,#2977,#3052,.T.);
#3054=ORIENTED_EDGE('',*,*,#3053,.T.);
#3055=ORIENTED_EDGE('',*,*,#3019,.T.);
#3056=VECTOR('',#15,0.15);
#3057=CARTESIAN_POINT('',(2.35,0.6,0.));
#3058=LINE('',#3057,#3056);
#3059=EDGE_CURVE('',#2971,#2979,#3058,.T.);
#3060=ORIENTED_EDGE('',*,*,#3059,.F.);
#3061=ORIENTED_EDGE('',*,*,#2988,.F.);
#3062=EDGE_LOOP('',(#3054,#3055,#3060,#3061));
#3063=FACE_OUTER_BOUND('',#3062,.T.);
#3064=CARTESIAN_POINT('',(2.15,0.6,0.));
#3065=AXIS2_PLACEMENT_3D('',#3064,#34,#16);
#3066=PLANE('',#3065);
#3067=ADVANCED_FACE('',(#3063),#3066,.T.);
#3068=ORIENTED_EDGE('',*,*,#3042,.T.);
#3069=ORIENTED_EDGE('',*,*,#3024,.T.);
#3070=ORIENTED_EDGE('',*,*,#3053,.F.);
#3071=ORIENTED_EDGE('',*,*,#2983,.F.);
#3072=EDGE_LOOP('',(#3068,#3069,#3070,#3071));
#3073=FACE_OUTER_BOUND('',#3072,.T.);
#3074=CARTESIAN_POINT('',(2.15,-0.75,0.));
#3075=AXIS2_PLACEMENT_3D('',#3074,#132,#34);
#3076=PLANE('',#3075);
#3077=ADVANCED_FACE('',(#3073),#3076,.T.);
#3078=ORIENTED_EDGE('',*,*,#2993,.T.);
#3079=ORIENTED_EDGE('',*,*,#3059,.T.);
#3080=ORIENTED_EDGE('',*,*,#3014,.F.);
#3081=ORIENTED_EDGE('',*,*,#3036,.F.);
#3082=EDGE_LOOP('',(#3078,#3079,#3080,#3081));
#3083=FACE_OUTER_BOUND('',#3082,.T.);
#3084=CARTESIAN_POINT('',(2.35,-0.75,0.));
#3085=AXIS2_PLACEMENT_3D('',#3084,#16,#34);
#3086=PLANE('',#3085);
#3087=ADVANCED_FACE('',(#3083),#3086,.T.);
#3088=CLOSED_SHELL('',(#3005,#3031,#3049,#3067,#3077,#3087));
#3089=MANIFOLD_SOLID_BREP('Lead_20',#3088);
#3090=STYLED_ITEM('color',(#676),#3089);
#3091=CARTESIAN_POINT('',(2.65,-0.75,0.));
#3092=VERTEX_POINT('',#3091);
#3093=CARTESIAN_POINT('',(2.85,-0.75,0.));
#3094=VERTEX_POINT('',#3093);
#3095=CARTESIAN_POINT('',(2.65,0.6,0.));
#3096=VERTEX_POINT('',#3095);
#3097=CARTESIAN_POINT('',(2.85,0.6,0.));
#3098=VERTEX_POINT('',#3097);
#3099=CARTESIAN_POINT('',(2.65,-0.75,0.15));
#3100=VERTEX_POINT('',#3099);
#3101=CARTESIAN_POINT('',(2.85,-0.75,0.15));
#3102=VERTEX_POINT('',#3101);
#3103=CARTESIAN_POINT('',(2.65,0.6,0.15));
#3104=VERTEX_POINT('',#3103);
#3105=CARTESIAN_POINT('',(2.85,0.6,0.15));
#3106=VERTEX_POINT('',#3105);
#3107=VECTOR('',#34,1.35);
#3108=CARTESIAN_POINT('',(2.65,-0.75,0.));
#3109=LINE('',#3108,#3107);
#3110=EDGE_CURVE('',#3092,#3096,#3109,.T.);
#3111=ORIENTED_EDGE('',*,*,#3110,.T.);
#3112=VECTOR('',#16,0.2);
#3113=CARTESIAN_POINT('',(2.65,0.6,0.));
#3114=LINE('',#3113,#3112);
#3115=EDGE_CURVE('',#3096,#3098,#3114,.T.);
#3116=ORIENTED_EDGE('',*,*,#3115,.T.);
#3117=VECTOR('',#34,1.35);
#3118=CARTESIAN_POINT('',(2.85,-0.75,0.));
#3119=LINE('',#3118,#3117);
#3120=EDGE_CURVE('',#3094,#3098,#3119,.T.);
#3121=ORIENTED_EDGE('',*,*,#3120,.F.);
#3122=VECTOR('',#16,0.2);
#3123=CARTESIAN_POINT('',(2.65,-0.75,0.));
#3124=LINE('',#3123,#3122);
#3125=EDGE_CURVE('',#3092,#3094,#3124,.T.);
#3126=ORIENTED_EDGE('',*,*,#3125,.F.);
#3127=EDGE_LOOP('',(#3111,#3116,#3121,#3126));
#3128=FACE_OUTER_BOUND('',#3127,.T.);
#3129=CARTESIAN_POINT('',(2.65,-0.75,0.));
#3130=AXIS2_PLACEMENT_3D('',#3129,#58,#16);
#3131=PLANE('',#3130);
#3132=ADVANCED_FACE('',(#3128),#3131,.T.);
#3133=VECTOR('',#16,0.2);
#3134=CARTESIAN_POINT('',(2.65,-0.75,0.15));
#3135=LINE('',#3134,#3133);
#3136=EDGE_CURVE('',#3100,#3102,#3135,.T.);
#3137=ORIENTED_EDGE('',*,*,#3136,.T.);
#3138=VECTOR('',#34,1.35);
#3139=CARTESIAN_POINT('',(2.85,-0.75,0.15));
#3140=LINE('',#3139,#3138);
#3141=EDGE_CURVE('',#3102,#3106,#3140,.T.);
#3142=ORIENTED_EDGE('',*,*,#3141,.T.);
#3143=VECTOR('',#16,0.2);
#3144=CARTESIAN_POINT('',(2.65,0.6,0.15));
#3145=LINE('',#3144,#3143);
#3146=EDGE_CURVE('',#3104,#3106,#3145,.T.);
#3147=ORIENTED_EDGE('',*,*,#3146,.F.);
#3148=VECTOR('',#34,1.35);
#3149=CARTESIAN_POINT('',(2.65,-0.75,0.15));
#3150=LINE('',#3149,#3148);
#3151=EDGE_CURVE('',#3100,#3104,#3150,.T.);
#3152=ORIENTED_EDGE('',*,*,#3151,.F.);
#3153=EDGE_LOOP('',(#3137,#3142,#3147,#3152));
#3154=FACE_OUTER_BOUND('',#3153,.T.);
#3155=CARTESIAN_POINT('',(2.65,-0.75,0.15));
#3156=AXIS2_PLACEMENT_3D('',#3155,#15,#16);
#3157=PLANE('',#3156);
#3158=ADVANCED_FACE('',(#3154),#3157,.T.);
#3159=ORIENTED_EDGE('',*,*,#3125,.T.);
#3160=VECTOR('',#15,0.15);
#3161=CARTESIAN_POINT('',(2.85,-0.75,0.));
#3162=LINE('',#3161,#3160);
#3163=EDGE_CURVE('',#3094,#3102,#3162,.T.);
#3164=ORIENTED_EDGE('',*,*,#3163,.T.);
#3165=ORIENTED_EDGE('',*,*,#3136,.F.);
#3166=VECTOR('',#15,0.15);
#3167=CARTESIAN_POINT('',(2.65,-0.75,0.));
#3168=LINE('',#3167,#3166);
#3169=EDGE_CURVE('',#3092,#3100,#3168,.T.);
#3170=ORIENTED_EDGE('',*,*,#3169,.F.);
#3171=EDGE_LOOP('',(#3159,#3164,#3165,#3170));
#3172=FACE_OUTER_BOUND('',#3171,.T.);
#3173=CARTESIAN_POINT('',(2.65,-0.75,0.));
#3174=AXIS2_PLACEMENT_3D('',#3173,#103,#16);
#3175=PLANE('',#3174);
#3176=ADVANCED_FACE('',(#3172),#3175,.T.);
#3177=VECTOR('',#15,0.15);
#3178=CARTESIAN_POINT('',(2.65,0.6,0.));
#3179=LINE('',#3178,#3177);
#3180=EDGE_CURVE('',#3096,#3104,#3179,.T.);
#3181=ORIENTED_EDGE('',*,*,#3180,.T.);
#3182=ORIENTED_EDGE('',*,*,#3146,.T.);
#3183=VECTOR('',#15,0.15);
#3184=CARTESIAN_POINT('',(2.85,0.6,0.));
#3185=LINE('',#3184,#3183);
#3186=EDGE_CURVE('',#3098,#3106,#3185,.T.);
#3187=ORIENTED_EDGE('',*,*,#3186,.F.);
#3188=ORIENTED_EDGE('',*,*,#3115,.F.);
#3189=EDGE_LOOP('',(#3181,#3182,#3187,#3188));
#3190=FACE_OUTER_BOUND('',#3189,.T.);
#3191=CARTESIAN_POINT('',(2.65,0.6,0.));
#3192=AXIS2_PLACEMENT_3D('',#3191,#34,#16);
#3193=PLANE('',#3192);
#3194=ADVANCED_FACE('',(#3190),#3193,.T.);
#3195=ORIENTED_EDGE('',*,*,#3169,.T.);
#3196=ORIENTED_EDGE('',*,*,#3151,.T.);
#3197=ORIENTED_EDGE('',*,*,#3180,.F.);
#3198=ORIENTED_EDGE('',*,*,#3110,.F.);
#3199=EDGE_LOOP('',(#3195,#3196,#3197,#3198));
#3200=FACE_OUTER_BOUND('',#3199,.T.);
#3201=CARTESIAN_POINT('',(2.65,-0.75,0.));
#3202=AXIS2_PLACEMENT_3D('',#3201,#132,#34);
#3203=PLANE('',#3202);
#3204=ADVANCED_FACE('',(#3200),#3203,.T.);
#3205=ORIENTED_EDGE('',*,*,#3120,.T.);
#3206=ORIENTED_EDGE('',*,*,#3186,.T.);
#3207=ORIENTED_EDGE('',*,*,#3141,.F.);
#3208=ORIENTED_EDGE('',*,*,#3163,.F.);
#3209=EDGE_LOOP('',(#3205,#3206,#3207,#3208));
#3210=FACE_OUTER_BOUND('',#3209,.T.);
#3211=CARTESIAN_POINT('',(2.85,-0.75,0.));
#3212=AXIS2_PLACEMENT_3D('',#3211,#16,#34);
#3213=PLANE('',#3212);
#3214=ADVANCED_FACE('',(#3210),#3213,.T.);
#3215=CLOSED_SHELL('',(#3132,#3158,#3176,#3194,#3204,#3214));
#3216=MANIFOLD_SOLID_BREP('Lead_21',#3215);
#3217=STYLED_ITEM('color',(#676),#3216);
#3218=CARTESIAN_POINT('',(3.15,-0.75,0.));
#3219=VERTEX_POINT('',#3218);
#3220=CARTESIAN_POINT('',(3.35,-0.75,0.));
#3221=VERTEX_POINT('',#3220);
#3222=CARTESIAN_POINT('',(3.15,0.6,0.));
#3223=VERTEX_POINT('',#3222);
#3224=CARTESIAN_POINT('',(3.35,0.6,0.));
#3225=VERTEX_POINT('',#3224);
#3226=CARTESIAN_POINT('',(3.15,-0.75,0.15));
#3227=VERTEX_POINT('',#3226);
#3228=CARTESIAN_POINT('',(3.35,-0.75,0.15));
#3229=VERTEX_POINT('',#3228);
#3230=CARTESIAN_POINT('',(3.15,0.6,0.15));
#3231=VERTEX_POINT('',#3230);
#3232=CARTESIAN_POINT('',(3.35,0.6,0.15));
#3233=VERTEX_POINT('',#3232);
#3234=VECTOR('',#34,1.35);
#3235=CARTESIAN_POINT('',(3.15,-0.75,0.));
#3236=LINE('',#3235,#3234);
#3237=EDGE_CURVE('',#3219,#3223,#3236,.T.);
#3238=ORIENTED_EDGE('',*,*,#3237,.T.);
#3239=VECTOR('',#16,0.2);
#3240=CARTESIAN_POINT('',(3.15,0.6,0.));
#3241=LINE('',#3240,#3239);
#3242=EDGE_CURVE('',#3223,#3225,#3241,.T.);
#3243=ORIENTED_EDGE('',*,*,#3242,.T.);
#3244=VECTOR('',#34,1.35);
#3245=CARTESIAN_POINT('',(3.35,-0.75,0.));
#3246=LINE('',#3245,#3244);
#3247=EDGE_CURVE('',#3221,#3225,#3246,.T.);
#3248=ORIENTED_EDGE('',*,*,#3247,.F.);
#3249=VECTOR('',#16,0.2);
#3250=CARTESIAN_POINT('',(3.15,-0.75,0.));
#3251=LINE('',#3250,#3249);
#3252=EDGE_CURVE('',#3219,#3221,#3251,.T.);
#3253=ORIENTED_EDGE('',*,*,#3252,.F.);
#3254=EDGE_LOOP('',(#3238,#3243,#3248,#3253));
#3255=FACE_OUTER_BOUND('',#3254,.T.);
#3256=CARTESIAN_POINT('',(3.15,-0.75,0.));
#3257=AXIS2_PLACEMENT_3D('',#3256,#58,#16);
#3258=PLANE('',#3257);
#3259=ADVANCED_FACE('',(#3255),#3258,.T.);
#3260=VECTOR('',#16,0.2);
#3261=CARTESIAN_POINT('',(3.15,-0.75,0.15));
#3262=LINE('',#3261,#3260);
#3263=EDGE_CURVE('',#3227,#3229,#3262,.T.);
#3264=ORIENTED_EDGE('',*,*,#3263,.T.);
#3265=VECTOR('',#34,1.35);
#3266=CARTESIAN_POINT('',(3.35,-0.75,0.15));
#3267=LINE('',#3266,#3265);
#3268=EDGE_CURVE('',#3229,#3233,#3267,.T.);
#3269=ORIENTED_EDGE('',*,*,#3268,.T.);
#3270=VECTOR('',#16,0.2);
#3271=CARTESIAN_POINT('',(3.15,0.6,0.15));
#3272=LINE('',#3271,#3270);
#3273=EDGE_CURVE('',#3231,#3233,#3272,.T.);
#3274=ORIENTED_EDGE('',*,*,#3273,.F.);
#3275=VECTOR('',#34,1.35);
#3276=CARTESIAN_POINT('',(3.15,-0.75,0.15));
#3277=LINE('',#3276,#3275);
#3278=EDGE_CURVE('',#3227,#3231,#3277,.T.);
#3279=ORIENTED_EDGE('',*,*,#3278,.F.);
#3280=EDGE_LOOP('',(#3264,#3269,#3274,#3279));
#3281=FACE_OUTER_BOUND('',#3280,.T.);
#3282=CARTESIAN_POINT('',(3.15,-0.75,0.15));
#3283=AXIS2_PLACEMENT_3D('',#3282,#15,#16);
#3284=PLANE('',#3283);
#3285=ADVANCED_FACE('',(#3281),#3284,.T.);
#3286=ORIENTED_EDGE('',*,*,#3252,.T.);
#3287=VECTOR('',#15,0.15);
#3288=CARTESIAN_POINT('',(3.35,-0.75,0.));
#3289=LINE('',#3288,#3287);
#3290=EDGE_CURVE('',#3221,#3229,#3289,.T.);
#3291=ORIENTED_EDGE('',*,*,#3290,.T.);
#3292=ORIENTED_EDGE('',*,*,#3263,.F.);
#3293=VECTOR('',#15,0.15);
#3294=CARTESIAN_POINT('',(3.15,-0.75,0.));
#3295=LINE('',#3294,#3293);
#3296=EDGE_CURVE('',#3219,#3227,#3295,.T.);
#3297=ORIENTED_EDGE('',*,*,#3296,.F.);
#3298=EDGE_LOOP('',(#3286,#3291,#3292,#3297));
#3299=FACE_OUTER_BOUND('',#3298,.T.);
#3300=CARTESIAN_POINT('',(3.15,-0.75,0.));
#3301=AXIS2_PLACEMENT_3D('',#3300,#103,#16);
#3302=PLANE('',#3301);
#3303=ADVANCED_FACE('',(#3299),#3302,.T.);
#3304=VECTOR('',#15,0.15);
#3305=CARTESIAN_POINT('',(3.15,0.6,0.));
#3306=LINE('',#3305,#3304);
#3307=EDGE_CURVE('',#3223,#3231,#3306,.T.);
#3308=ORIENTED_EDGE('',*,*,#3307,.T.);
#3309=ORIENTED_EDGE('',*,*,#3273,.T.);
#3310=VECTOR('',#15,0.15);
#3311=CARTESIAN_POINT('',(3.35,0.6,0.));
#3312=LINE('',#3311,#3310);
#3313=EDGE_CURVE('',#3225,#3233,#3312,.T.);
#3314=ORIENTED_EDGE('',*,*,#3313,.F.);
#3315=ORIENTED_EDGE('',*,*,#3242,.F.);
#3316=EDGE_LOOP('',(#3308,#3309,#3314,#3315));
#3317=FACE_OUTER_BOUND('',#3316,.T.);
#3318=CARTESIAN_POINT('',(3.15,0.6,0.));
#3319=AXIS2_PLACEMENT_3D('',#3318,#34,#16);
#3320=PLANE('',#3319);
#3321=ADVANCED_FACE('',(#3317),#3320,.T.);
#3322=ORIENTED_EDGE('',*,*,#3296,.T.);
#3323=ORIENTED_EDGE('',*,*,#3278,.T.);
#3324=ORIENTED_EDGE('',*,*,#3307,.F.);
#3325=ORIENTED_EDGE('',*,*,#3237,.F.);
#3326=EDGE_LOOP('',(#3322,#3323,#3324,#3325));
#3327=FACE_OUTER_BOUND('',#3326,.T.);
#3328=CARTESIAN_POINT('',(3.15,-0.75,0.));
#3329=AXIS2_PLACEMENT_3D('',#3328,#132,#34);
#3330=PLANE('',#3329);
#3331=ADVANCED_FACE('',(#3327),#3330,.T.);
#3332=ORIENTED_EDGE('',*,*,#3247,.T.);
#3333=ORIENTED_EDGE('',*,*,#3313,.T.);
#3334=ORIENTED_EDGE('',*,*,#3268,.F.);
#3335=ORIENTED_EDGE('',*,*,#3290,.F.);
#3336=EDGE_LOOP('',(#3332,#3333,#3334,#3335));
#3337=FACE_OUTER_BOUND('',#3336,.T.);
#3338=CARTESIAN_POINT('',(3.35,-0.75,0.));
#3339=AXIS2_PLACEMENT_3D('',#3338,#16,#34);
#3340=PLANE('',#3339);
#3341=ADVANCED_FACE('',(#3337),#3340,.T.);
#3342=CLOSED_SHELL('',(#3259,#3285,#3303,#3321,#3331,#3341));
#3343=MANIFOLD_SOLID_BREP('Lead_22',#3342);
#3344=STYLED_ITEM('color',(#676),#3343);
#3345=CARTESIAN_POINT('',(3.65,-0.75,0.));
#3346=VERTEX_POINT('',#3345);
#3347=CARTESIAN_POINT('',(3.85,-0.75,0.));
#3348=VERTEX_POINT('',#3347);
#3349=CARTESIAN_POINT('',(3.65,0.6,0.));
#3350=VERTEX_POINT('',#3349);
#3351=CARTESIAN_POINT('',(3.85,0.6,0.));
#3352=VERTEX_POINT('',#3351);
#3353=CARTESIAN_POINT('',(3.65,-0.75,0.15));
#3354=VERTEX_POINT('',#3353);
#3355=CARTESIAN_POINT('',(3.85,-0.75,0.15));
#3356=VERTEX_POINT('',#3355);
#3357=CARTESIAN_POINT('',(3.65,0.6,0.15));
#3358=VERTEX_POINT('',#3357);
#3359=CARTESIAN_POINT('',(3.85,0.6,0.15));
#3360=VERTEX_POINT('',#3359);
#3361=VECTOR('',#34,1.35);
#3362=CARTESIAN_POINT('',(3.65,-0.75,0.));
#3363=LINE('',#3362,#3361);
#3364=EDGE_CURVE('',#3346,#3350,#3363,.T.);
#3365=ORIENTED_EDGE('',*,*,#3364,.T.);
#3366=VECTOR('',#16,0.2);
#3367=CARTESIAN_POINT('',(3.65,0.6,0.));
#3368=LINE('',#3367,#3366);
#3369=EDGE_CURVE('',#3350,#3352,#3368,.T.);
#3370=ORIENTED_EDGE('',*,*,#3369,.T.);
#3371=VECTOR('',#34,1.35);
#3372=CARTESIAN_POINT('',(3.85,-0.75,0.));
#3373=LINE('',#3372,#3371);
#3374=EDGE_CURVE('',#3348,#3352,#3373,.T.);
#3375=ORIENTED_EDGE('',*,*,#3374,.F.);
#3376=VECTOR('',#16,0.2);
#3377=CARTESIAN_POINT('',(3.65,-0.75,0.));
#3378=LINE('',#3377,#3376);
#3379=EDGE_CURVE('',#3346,#3348,#3378,.T.);
#3380=ORIENTED_EDGE('',*,*,#3379,.F.);
#3381=EDGE_LOOP('',(#3365,#3370,#3375,#3380));
#3382=FACE_OUTER_BOUND('',#3381,.T.);
#3383=CARTESIAN_POINT('',(3.65,-0.75,0.));
#3384=AXIS2_PLACEMENT_3D('',#3383,#58,#16);
#3385=PLANE('',#3384);
#3386=ADVANCED_FACE('',(#3382),#3385,.T.);
#3387=VECTOR('',#16,0.2);
#3388=CARTESIAN_POINT('',(3.65,-0.75,0.15));
#3389=LINE('',#3388,#3387);
#3390=EDGE_CURVE('',#3354,#3356,#3389,.T.);
#3391=ORIENTED_EDGE('',*,*,#3390,.T.);
#3392=VECTOR('',#34,1.35);
#3393=CARTESIAN_POINT('',(3.85,-0.75,0.15));
#3394=LINE('',#3393,#3392);
#3395=EDGE_CURVE('',#3356,#3360,#3394,.T.);
#3396=ORIENTED_EDGE('',*,*,#3395,.T.);
#3397=VECTOR('',#16,0.2);
#3398=CARTESIAN_POINT('',(3.65,0.6,0.15));
#3399=LINE('',#3398,#3397);
#3400=EDGE_CURVE('',#3358,#3360,#3399,.T.);
#3401=ORIENTED_EDGE('',*,*,#3400,.F.);
#3402=VECTOR('',#34,1.35);
#3403=CARTESIAN_POINT('',(3.65,-0.75,0.15));
#3404=LINE('',#3403,#3402);
#3405=EDGE_CURVE('',#3354,#3358,#3404,.T.);
#3406=ORIENTED_EDGE('',*,*,#3405,.F.);
#3407=EDGE_LOOP('',(#3391,#3396,#3401,#3406));
#3408=FACE_OUTER_BOUND('',#3407,.T.);
#3409=CARTESIAN_POINT('',(3.65,-0.75,0.15));
#3410=AXIS2_PLACEMENT_3D('',#3409,#15,#16);
#3411=PLANE('',#3410);
#3412=ADVANCED_FACE('',(#3408),#3411,.T.);
#3413=ORIENTED_EDGE('',*,*,#3379,.T.);
#3414=VECTOR('',#15,0.15);
#3415=CARTESIAN_POINT('',(3.85,-0.75,0.));
#3416=LINE('',#3415,#3414);
#3417=EDGE_CURVE('',#3348,#3356,#3416,.T.);
#3418=ORIENTED_EDGE('',*,*,#3417,.T.);
#3419=ORIENTED_EDGE('',*,*,#3390,.F.);
#3420=VECTOR('',#15,0.15);
#3421=CARTESIAN_POINT('',(3.65,-0.75,0.));
#3422=LINE('',#3421,#3420);
#3423=EDGE_CURVE('',#3346,#3354,#3422,.T.);
#3424=ORIENTED_EDGE('',*,*,#3423,.F.);
#3425=EDGE_LOOP('',(#3413,#3418,#3419,#3424));
#3426=FACE_OUTER_BOUND('',#3425,.T.);
#3427=CARTESIAN_POINT('',(3.65,-0.75,0.));
#3428=AXIS2_PLACEMENT_3D('',#3427,#103,#16);
#3429=PLANE('',#3428);
#3430=ADVANCED_FACE('',(#3426),#3429,.T.);
#3431=VECTOR('',#15,0.15);
#3432=CARTESIAN_POINT('',(3.65,0.6,0.));
#3433=LINE('',#3432,#3431);
#3434=EDGE_CURVE('',#3350,#3358,#3433,.T.);
#3435=ORIENTED_EDGE('',*,*,#3434,.T.);
#3436=ORIENTED_EDGE('',*,*,#3400,.T.);
#3437=VECTOR('',#15,0.15);
#3438=CARTESIAN_POINT('',(3.85,0.6,0.));
#3439=LINE('',#3438,#3437);
#3440=EDGE_CURVE('',#3352,#3360,#3439,.T.);
#3441=ORIENTED_EDGE('',*,*,#3440,.F.);
#3442=ORIENTED_EDGE('',*,*,#3369,.F.);
#3443=EDGE_LOOP('',(#3435,#3436,#3441,#3442));
#3444=FACE_OUTER_BOUND('',#3443,.T.);
#3445=CARTESIAN_POINT('',(3.65,0.6,0.));
#3446=AXIS2_PLACEMENT_3D('',#3445,#34,#16);
#3447=PLANE('',#3446);
#3448=ADVANCED_FACE('',(#3444),#3447,.T.);
#3449=ORIENTED_EDGE('',*,*,#3423,.T.);
#3450=ORIENTED_EDGE('',*,*,#3405,.T.);
#3451=ORIENTED_EDGE('',*,*,#3434,.F.);
#3452=ORIENTED_EDGE('',*,*,#3364,.F.);
#3453=EDGE_LOOP('',(#3449,#3450,#3451,#3452));
#3454=FACE_OUTER_BOUND('',#3453,.T.);
#3455=CARTESIAN_POINT('',(3.65,-0.75,0.));
#3456=AXIS2_PLACEMENT_3D('',#3455,#132,#34);
#3457=PLANE('',#3456);
#3458=ADVANCED_FACE('',(#3454),#3457,.T.);
#3459=ORIENTED_EDGE('',*,*,#3374,.T.);
#3460=ORIENTED_EDGE('',*,*,#3440,.T.);
#3461=ORIENTED_EDGE('',*,*,#3395,.F.);
#3462=ORIENTED_EDGE('',*,*,#3417,.F.);
#3463=EDGE_LOOP('',(#3459,#3460,#3461,#3462));
#3464=FACE_OUTER_BOUND('',#3463,.T.);
#3465=CARTESIAN_POINT('',(3.85,-0.75,0.));
#3466=AXIS2_PLACEMENT_3D('',#3465,#16,#34);
#3467=PLANE('',#3466);
#3468=ADVANCED_FACE('',(#3464),#3467,.T.);
#3469=CLOSED_SHELL('',(#3386,#3412,#3430,#3448,#3458,#3468));
#3470=MANIFOLD_SOLID_BREP('Lead_23',#3469);
#3471=STYLED_ITEM('color',(#676),#3470);
#3472=CARTESIAN_POINT('',(4.15,-0.75,0.));
#3473=VERTEX_POINT('',#3472);
#3474=CARTESIAN_POINT('',(4.35,-0.75,0.));
#3475=VERTEX_POINT('',#3474);
#3476=CARTESIAN_POINT('',(4.15,0.6,0.));
#3477=VERTEX_POINT('',#3476);
#3478=CARTESIAN_POINT('',(4.35,0.6,0.));
#3479=VERTEX_POINT('',#3478);
#3480=CARTESIAN_POINT('',(4.15,-0.75,0.15));
#3481=VERTEX_POINT('',#3480);
#3482=CARTESIAN_POINT('',(4.35,-0.75,0.15));
#3483=VERTEX_POINT('',#3482);
#3484=CARTESIAN_POINT('',(4.15,0.6,0.15));
#3485=VERTEX_POINT('',#3484);
#3486=CARTESIAN_POINT('',(4.35,0.6,0.15));
#3487=VERTEX_POINT('',#3486);
#3488=VECTOR('',#34,1.35);
#3489=CARTESIAN_POINT('',(4.15,-0.75,0.));
#3490=LINE('',#3489,#3488);
#3491=EDGE_CURVE('',#3473,#3477,#3490,.T.);
#3492=ORIENTED_EDGE('',*,*,#3491,.T.);
#3493=VECTOR('',#16,0.2);
#3494=CARTESIAN_POINT('',(4.15,0.6,0.));
#3495=LINE('',#3494,#3493);
#3496=EDGE_CURVE('',#3477,#3479,#3495,.T.);
#3497=ORIENTED_EDGE('',*,*,#3496,.T.);
#3498=VECTOR('',#34,1.35);
#3499=CARTESIAN_POINT('',(4.35,-0.75,0.));
#3500=LINE('',#3499,#3498);
#3501=EDGE_CURVE('',#3475,#3479,#3500,.T.);
#3502=ORIENTED_EDGE('',*,*,#3501,.F.);
#3503=VECTOR('',#16,0.2);
#3504=CARTESIAN_POINT('',(4.15,-0.75,0.));
#3505=LINE('',#3504,#3503);
#3506=EDGE_CURVE('',#3473,#3475,#3505,.T.);
#3507=ORIENTED_EDGE('',*,*,#3506,.F.);
#3508=EDGE_LOOP('',(#3492,#3497,#3502,#3507));
#3509=FACE_OUTER_BOUND('',#3508,.T.);
#3510=CARTESIAN_POINT('',(4.15,-0.75,0.));
#3511=AXIS2_PLACEMENT_3D('',#3510,#58,#16);
#3512=PLANE('',#3511);
#3513=ADVANCED_FACE('',(#3509),#3512,.T.);
#3514=VECTOR('',#16,0.2);
#3515=CARTESIAN_POINT('',(4.15,-0.75,0.15));
#3516=LINE('',#3515,#3514);
#3517=EDGE_CURVE('',#3481,#3483,#3516,.T.);
#3518=ORIENTED_EDGE('',*,*,#3517,.T.);
#3519=VECTOR('',#34,1.35);
#3520=CARTESIAN_POINT('',(4.35,-0.75,0.15));
#3521=LINE('',#3520,#3519);
#3522=EDGE_CURVE('',#3483,#3487,#3521,.T.);
#3523=ORIENTED_EDGE('',*,*,#3522,.T.);
#3524=VECTOR('',#16,0.2);
#3525=CARTESIAN_POINT('',(4.15,0.6,0.15));
#3526=LINE('',#3525,#3524);
#3527=EDGE_CURVE('',#3485,#3487,#3526,.T.);
#3528=ORIENTED_EDGE('',*,*,#3527,.F.);
#3529=VECTOR('',#34,1.35);
#3530=CARTESIAN_POINT('',(4.15,-0.75,0.15));
#3531=LINE('',#3530,#3529);
#3532=EDGE_CURVE('',#3481,#3485,#3531,.T.);
#3533=ORIENTED_EDGE('',*,*,#3532,.F.);
#3534=EDGE_LOOP('',(#3518,#3523,#3528,#3533));
#3535=FACE_OUTER_BOUND('',#3534,.T.);
#3536=CARTESIAN_POINT('',(4.15,-0.75,0.15));
#3537=AXIS2_PLACEMENT_3D('',#3536,#15,#16);
#3538=PLANE('',#3537);
#3539=ADVANCED_FACE('',(#3535),#3538,.T.);
#3540=ORIENTED_EDGE('',*,*,#3506,.T.);
#3541=VECTOR('',#15,0.15);
#3542=CARTESIAN_POINT('',(4.35,-0.75,0.));
#3543=LINE('',#3542,#3541);
#3544=EDGE_CURVE('',#3475,#3483,#3543,.T.);
#3545=ORIENTED_EDGE('',*,*,#3544,.T.);
#3546=ORIENTED_EDGE('',*,*,#3517,.F.);
#3547=VECTOR('',#15,0.15);
#3548=CARTESIAN_POINT('',(4.15,-0.75,0.));
#3549=LINE('',#3548,#3547);
#3550=EDGE_CURVE('',#3473,#3481,#3549,.T.);
#3551=ORIENTED_EDGE('',*,*,#3550,.F.);
#3552=EDGE_LOOP('',(#3540,#3545,#3546,#3551));
#3553=FACE_OUTER_BOUND('',#3552,.T.);
#3554=CARTESIAN_POINT('',(4.15,-0.75,0.));
#3555=AXIS2_PLACEMENT_3D('',#3554,#103,#16);
#3556=PLANE('',#3555);
#3557=ADVANCED_FACE('',(#3553),#3556,.T.);
#3558=VECTOR('',#15,0.15);
#3559=CARTESIAN_POINT('',(4.15,0.6,0.));
#3560=LINE('',#3559,#3558);
#3561=EDGE_CURVE('',#3477,#3485,#3560,.T.);
#3562=ORIENTED_EDGE('',*,*,#3561,.T.);
#3563=ORIENTED_EDGE('',*,*,#3527,.T.);
#3564=VECTOR('',#15,0.15);
#3565=CARTESIAN_POINT('',(4.35,0.6,0.));
#3566=LINE('',#3565,#3564);
#3567=EDGE_CURVE('',#3479,#3487,#3566,.T.);
#3568=ORIENTED_EDGE('',*,*,#3567,.F.);
#3569=ORIENTED_EDGE('',*,*,#3496,.F.);
#3570=EDGE_LOOP('',(#3562,#3563,#3568,#3569));
#3571=FACE_OUTER_BOUND('',#3570,.T.);
#3572=CARTESIAN_POINT('',(4.15,0.6,0.));
#3573=AXIS2_PLACEMENT_3D('',#3572,#34,#16);
#3574=PLANE('',#3573);
#3575=ADVANCED_FACE('',(#3571),#3574,.T.);
#3576=ORIENTED_EDGE('',*,*,#3550,.T.);
#3577=ORIENTED_EDGE('',*,*,#3532,.T.);
#3578=ORIENTED_EDGE('',*,*,#3561,.F.);
#3579=ORIENTED_EDGE('',*,*,#3491,.F.);
#3580=EDGE_LOOP('',(#3576,#3577,#3578,#3579));
#3581=FACE_OUTER_BOUND('',#3580,.T.);
#3582=CARTESIAN_POINT('',(4.15,-0.75,0.));
#3583=AXIS2_PLACEMENT_3D('',#3582,#132,#34);
#3584=PLANE('',#3583);
#3585=ADVANCED_FACE('',(#3581),#3584,.T.);
#3586=ORIENTED_EDGE('',*,*,#3501,.T.);
#3587=ORIENTED_EDGE('',*,*,#3567,.T.);
#3588=ORIENTED_EDGE('',*,*,#3522,.F.);
#3589=ORIENTED_EDGE('',*,*,#3544,.F.);
#3590=EDGE_LOOP('',(#3586,#3587,#3588,#3589));
#3591=FACE_OUTER_BOUND('',#3590,.T.);
#3592=CARTESIAN_POINT('',(4.35,-0.75,0.));
#3593=AXIS2_PLACEMENT_3D('',#3592,#16,#34);
#3594=PLANE('',#3593);
#3595=ADVANCED_FACE('',(#3591),#3594,.T.);
#3596=CLOSED_SHELL('',(#3513,#3539,#3557,#3575,#3585,#3595));
#3597=MANIFOLD_SOLID_BREP('Lead_24',#3596);
#3598=STYLED_ITEM('color',(#676),#3597);
#3599=CARTESIAN_POINT('',(4.65,-0.75,0.));
#3600=VERTEX_POINT('',#3599);
#3601=CARTESIAN_POINT('',(4.85,-0.75,0.));
#3602=VERTEX_POINT('',#3601);
#3603=CARTESIAN_POINT('',(4.65,0.6,0.));
#3604=VERTEX_POINT('',#3603);
#3605=CARTESIAN_POINT('',(4.85,0.6,0.));
#3606=VERTEX_POINT('',#3605);
#3607=CARTESIAN_POINT('',(4.65,-0.75,0.15));
#3608=VERTEX_POINT('',#3607);
#3609=CARTESIAN_POINT('',(4.85,-0.75,0.15));
#3610=VERTEX_POINT('',#3609);
#3611=CARTESIAN_POINT('',(4.65,0.6,0.15));
#3612=VERTEX_POINT('',#3611);
#3613=CARTESIAN_POINT('',(4.85,0.6,0.15));
#3614=VERTEX_POINT('',#3613);
#3615=VECTOR('',#34,1.35);
#3616=CARTESIAN_POINT('',(4.65,-0.75,0.));
#3617=LINE('',#3616,#3615);
#3618=EDGE_CURVE('',#3600,#3604,#3617,.T.);
#3619=ORIENTED_EDGE('',*,*,#3618,.T.);
#3620=VECTOR('',#16,0.2);
#3621=CARTESIAN_POINT('',(4.65,0.6,0.));
#3622=LINE('',#3621,#3620);
#3623=EDGE_CURVE('',#3604,#3606,#3622,.T.);
#3624=ORIENTED_EDGE('',*,*,#3623,.T.);
#3625=VECTOR('',#34,1.35);
#3626=CARTESIAN_POINT('',(4.85,-0.75,0.));
#3627=LINE('',#3626,#3625);
#3628=EDGE_CURVE('',#3602,#3606,#3627,.T.);
#3629=ORIENTED_EDGE('',*,*,#3628,.F.);
#3630=VECTOR('',#16,0.2);
#3631=CARTESIAN_POINT('',(4.65,-0.75,0.));
#3632=LINE('',#3631,#3630);
#3633=EDGE_CURVE('',#3600,#3602,#3632,.T.);
#3634=ORIENTED_EDGE('',*,*,#3633,.F.);
#3635=EDGE_LOOP('',(#3619,#3624,#3629,#3634));
#3636=FACE_OUTER_BOUND('',#3635,.T.);
#3637=CARTESIAN_POINT('',(4.65,-0.75,0.));
#3638=AXIS2_PLACEMENT_3D('',#3637,#58,#16);
#3639=PLANE('',#3638);
#3640=ADVANCED_FACE('',(#3636),#3639,.T.);
#3641=VECTOR('',#16,0.2);
#3642=CARTESIAN_POINT('',(4.65,-0.75,0.15));
#3643=LINE('',#3642,#3641);
#3644=EDGE_CURVE('',#3608,#3610,#3643,.T.);
#3645=ORIENTED_EDGE('',*,*,#3644,.T.);
#3646=VECTOR('',#34,1.35);
#3647=CARTESIAN_POINT('',(4.85,-0.75,0.15));
#3648=LINE('',#3647,#3646);
#3649=EDGE_CURVE('',#3610,#3614,#3648,.T.);
#3650=ORIENTED_EDGE('',*,*,#3649,.T.);
#3651=VECTOR('',#16,0.2);
#3652=CARTESIAN_POINT('',(4.65,0.6,0.15));
#3653=LINE('',#3652,#3651);
#3654=EDGE_CURVE('',#3612,#3614,#3653,.T.);
#3655=ORIENTED_EDGE('',*,*,#3654,.F.);
#3656=VECTOR('',#34,1.35);
#3657=CARTESIAN_POINT('',(4.65,-0.75,0.15));
#3658=LINE('',#3657,#3656);
#3659=EDGE_CURVE('',#3608,#3612,#3658,.T.);
#3660=ORIENTED_EDGE('',*,*,#3659,.F.);
#3661=EDGE_LOOP('',(#3645,#3650,#3655,#3660));
#3662=FACE_OUTER_BOUND('',#3661,.T.);
#3663=CARTESIAN_POINT('',(4.65,-0.75,0.15));
#3664=AXIS2_PLACEMENT_3D('',#3663,#15,#16);
#3665=PLANE('',#3664);
#3666=ADVANCED_FACE('',(#3662),#3665,.T.);
#3667=ORIENTED_EDGE('',*,*,#3633,.T.);
#3668=VECTOR('',#15,0.15);
#3669=CARTESIAN_POINT('',(4.85,-0.75,0.));
#3670=LINE('',#3669,#3668);
#3671=EDGE_CURVE('',#3602,#3610,#3670,.T.);
#3672=ORIENTED_EDGE('',*,*,#3671,.T.);
#3673=ORIENTED_EDGE('',*,*,#3644,.F.);
#3674=VECTOR('',#15,0.15);
#3675=CARTESIAN_POINT('',(4.65,-0.75,0.));
#3676=LINE('',#3675,#3674);
#3677=EDGE_CURVE('',#3600,#3608,#3676,.T.);
#3678=ORIENTED_EDGE('',*,*,#3677,.F.);
#3679=EDGE_LOOP('',(#3667,#3672,#3673,#3678));
#3680=FACE_OUTER_BOUND('',#3679,.T.);
#3681=CARTESIAN_POINT('',(4.65,-0.75,0.));
#3682=AXIS2_PLACEMENT_3D('',#3681,#103,#16);
#3683=PLANE('',#3682);
#3684=ADVANCED_FACE('',(#3680),#3683,.T.);
#3685=VECTOR('',#15,0.15);
#3686=CARTESIAN_POINT('',(4.65,0.6,0.));
#3687=LINE('',#3686,#3685);
#3688=EDGE_CURVE('',#3604,#3612,#3687,.T.);
#3689=ORIENTED_EDGE('',*,*,#3688,.T.);
#3690=ORIENTED_EDGE('',*,*,#3654,.T.);
#3691=VECTOR('',#15,0.15);
#3692=CARTESIAN_POINT('',(4.85,0.6,0.));
#3693=LINE('',#3692,#3691);
#3694=EDGE_CURVE('',#3606,#3614,#3693,.T.);
#3695=ORIENTED_EDGE('',*,*,#3694,.F.);
#3696=ORIENTED_EDGE('',*,*,#3623,.F.);
#3697=EDGE_LOOP('',(#3689,#3690,#3695,#3696));
#3698=FACE_OUTER_BOUND('',#3697,.T.);
#3699=CARTESIAN_POINT('',(4.65,0.6,0.));
#3700=AXIS2_PLACEMENT_3D('',#3699,#34,#16);
#3701=PLANE('',#3700);
#3702=ADVANCED_FACE('',(#3698),#3701,.T.);
#3703=ORIENTED_EDGE('',*,*,#3677,.T.);
#3704=ORIENTED_EDGE('',*,*,#3659,.T.);
#3705=ORIENTED_EDGE('',*,*,#3688,.F.);
#3706=ORIENTED_EDGE('',*,*,#3618,.F.);
#3707=EDGE_LOOP('',(#3703,#3704,#3705,#3706));
#3708=FACE_OUTER_BOUND('',#3707,.T.);
#3709=CARTESIAN_POINT('',(4.65,-0.75,0.));
#3710=AXIS2_PLACEMENT_3D('',#3709,#132,#34);
#3711=PLANE('',#3710);
#3712=ADVANCED_FACE('',(#3708),#3711,.T.);
#3713=ORIENTED_EDGE('',*,*,#3628,.T.);
#3714=ORIENTED_EDGE('',*,*,#3694,.T.);
#3715=ORIENTED_EDGE('',*,*,#3649,.F.);
#3716=ORIENTED_EDGE('',*,*,#3671,.F.);
#3717=EDGE_LOOP('',(#3713,#3714,#3715,#3716));
#3718=FACE_OUTER_BOUND('',#3717,.T.);
#3719=CARTESIAN_POINT('',(4.85,-0.75,0.));
#3720=AXIS2_PLACEMENT_3D('',#3719,#16,#34);
#3721=PLANE('',#3720);
#3722=ADVANCED_FACE('',(#3718),#3721,.T.);
#3723=CLOSED_SHELL('',(#3640,#3666,#3684,#3702,#3712,#3722));
#3724=MANIFOLD_SOLID_BREP('Lead_25',#3723);
#3725=STYLED_ITEM('color',(#676),#3724);
#3726=CARTESIAN_POINT('',(5.15,-0.75,0.));
#3727=VERTEX_POINT('',#3726);
#3728=CARTESIAN_POINT('',(5.35,-0.75,0.));
#3729=VERTEX_POINT('',#3728);
#3730=CARTESIAN_POINT('',(5.15,0.6,0.));
#3731=VERTEX_POINT('',#3730);
#3732=CARTESIAN_POINT('',(5.35,0.6,0.));
#3733=VERTEX_POINT('',#3732);
#3734=CARTESIAN_POINT('',(5.15,-0.75,0.15));
#3735=VERTEX_POINT('',#3734);
#3736=CARTESIAN_POINT('',(5.35,-0.75,0.15));
#3737=VERTEX_POINT('',#3736);
#3738=CARTESIAN_POINT('',(5.15,0.6,0.15));
#3739=VERTEX_POINT('',#3738);
#3740=CARTESIAN_POINT('',(5.35,0.6,0.15));
#3741=VERTEX_POINT('',#3740);
#3742=VECTOR('',#34,1.35);
#3743=CARTESIAN_POINT('',(5.15,-0.75,0.));
#3744=LINE('',#3743,#3742);
#3745=EDGE_CURVE('',#3727,#3731,#3744,.T.);
#3746=ORIENTED_EDGE('',*,*,#3745,.T.);
#3747=VECTOR('',#16,0.2);
#3748=CARTESIAN_POINT('',(5.15,0.6,0.));
#3749=LINE('',#3748,#3747);
#3750=EDGE_CURVE('',#3731,#3733,#3749,.T.);
#3751=ORIENTED_EDGE('',*,*,#3750,.T.);
#3752=VECTOR('',#34,1.35);
#3753=CARTESIAN_POINT('',(5.35,-0.75,0.));
#3754=LINE('',#3753,#3752);
#3755=EDGE_CURVE('',#3729,#3733,#3754,.T.);
#3756=ORIENTED_EDGE('',*,*,#3755,.F.);
#3757=VECTOR('',#16,0.2);
#3758=CARTESIAN_POINT('',(5.15,-0.75,0.));
#3759=LINE('',#3758,#3757);
#3760=EDGE_CURVE('',#3727,#3729,#3759,.T.);
#3761=ORIENTED_EDGE('',*,*,#3760,.F.);
#3762=EDGE_LOOP('',(#3746,#3751,#3756,#3761));
#3763=FACE_OUTER_BOUND('',#3762,.T.);
#3764=CARTESIAN_POINT('',(5.15,-0.75,0.));
#3765=AXIS2_PLACEMENT_3D('',#3764,#58,#16);
#3766=PLANE('',#3765);
#3767=ADVANCED_FACE('',(#3763),#3766,.T.);
#3768=VECTOR('',#16,0.2);
#3769=CARTESIAN_POINT('',(5.15,-0.75,0.15));
#3770=LINE('',#3769,#3768);
#3771=EDGE_CURVE('',#3735,#3737,#3770,.T.);
#3772=ORIENTED_EDGE('',*,*,#3771,.T.);
#3773=VECTOR('',#34,1.35);
#3774=CARTESIAN_POINT('',(5.35,-0.75,0.15));
#3775=LINE('',#3774,#3773);
#3776=EDGE_CURVE('',#3737,#3741,#3775,.T.);
#3777=ORIENTED_EDGE('',*,*,#3776,.T.);
#3778=VECTOR('',#16,0.2);
#3779=CARTESIAN_POINT('',(5.15,0.6,0.15));
#3780=LINE('',#3779,#3778);
#3781=EDGE_CURVE('',#3739,#3741,#3780,.T.);
#3782=ORIENTED_EDGE('',*,*,#3781,.F.);
#3783=VECTOR('',#34,1.35);
#3784=CARTESIAN_POINT('',(5.15,-0.75,0.15));
#3785=LINE('',#3784,#3783);
#3786=EDGE_CURVE('',#3735,#3739,#3785,.T.);
#3787=ORIENTED_EDGE('',*,*,#3786,.F.);
#3788=EDGE_LOOP('',(#3772,#3777,#3782,#3787));
#3789=FACE_OUTER_BOUND('',#3788,.T.);
#3790=CARTESIAN_POINT('',(5.15,-0.75,0.15));
#3791=AXIS2_PLACEMENT_3D('',#3790,#15,#16);
#3792=PLANE('',#3791);
#3793=ADVANCED_FACE('',(#3789),#3792,.T.);
#3794=ORIENTED_EDGE('',*,*,#3760,.T.);
#3795=VECTOR('',#15,0.15);
#3796=CARTESIAN_POINT('',(5.35,-0.75,0.));
#3797=LINE('',#3796,#3795);
#3798=EDGE_CURVE('',#3729,#3737,#3797,.T.);
#3799=ORIENTED_EDGE('',*,*,#3798,.T.);
#3800=ORIENTED_EDGE('',*,*,#3771,.F.);
#3801=VECTOR('',#15,0.15);
#3802=CARTESIAN_POINT('',(5.15,-0.75,0.));
#3803=LINE('',#3802,#3801);
#3804=EDGE_CURVE('',#3727,#3735,#3803,.T.);
#3805=ORIENTED_EDGE('',*,*,#3804,.F.);
#3806=EDGE_LOOP('',(#3794,#3799,#3800,#3805));
#3807=FACE_OUTER_BOUND('',#3806,.T.);
#3808=CARTESIAN_POINT('',(5.15,-0.75,0.));
#3809=AXIS2_PLACEMENT_3D('',#3808,#103,#16);
#3810=PLANE('',#3809);
#3811=ADVANCED_FACE('',(#3807),#3810,.T.);
#3812=VECTOR('',#15,0.15);
#3813=CARTESIAN_POINT('',(5.15,0.6,0.));
#3814=LINE('',#3813,#3812);
#3815=EDGE_CURVE('',#3731,#3739,#3814,.T.);
#3816=ORIENTED_EDGE('',*,*,#3815,.T.);
#3817=ORIENTED_EDGE('',*,*,#3781,.T.);
#3818=VECTOR('',#15,0.15);
#3819=CARTESIAN_POINT('',(5.35,0.6,0.));
#3820=LINE('',#3819,#3818);
#3821=EDGE_CURVE('',#3733,#3741,#3820,.T.);
#3822=ORIENTED_EDGE('',*,*,#3821,.F.);
#3823=ORIENTED_EDGE('',*,*,#3750,.F.);
#3824=EDGE_LOOP('',(#3816,#3817,#3822,#3823));
#3825=FACE_OUTER_BOUND('',#3824,.T.);
#3826=CARTESIAN_POINT('',(5.15,0.6,0.));
#3827=AXIS2_PLACEMENT_3D('',#3826,#34,#16);
#3828=PLANE('',#3827);
#3829=ADVANCED_FACE('',(#3825),#3828,.T.);
#3830=ORIENTED_EDGE('',*,*,#3804,.T.);
#3831=ORIENTED_EDGE('',*,*,#3786,.T.);
#3832=ORIENTED_EDGE('',*,*,#3815,.F.);
#3833=ORIENTED_EDGE('',*,*,#3745,.F.);
#3834=EDGE_LOOP('',(#3830,#3831,#3832,#3833));
#3835=FACE_OUTER_BOUND('',#3834,.T.);
#3836=CARTESIAN_POINT('',(5.15,-0.75,0.));
#3837=AXIS2_PLACEMENT_3D('',#3836,#132,#34);
#3838=PLANE('',#3837);
#3839=ADVANCED_FACE('',(#3835),#3838,.T.);
#3840=ORIENTED_EDGE('',*,*,#3755,.T.);
#3841=ORIENTED_EDGE('',*,*,#3821,.T.);
#3842=ORIENTED_EDGE('',*,*,#3776,.F.);
#3843=ORIENTED_EDGE('',*,*,#3798,.F.);
#3844=EDGE_LOOP('',(#3840,#3841,#3842,#3843));
#3845=FACE_OUTER_BOUND('',#3844,.T.);
#3846=CARTESIAN_POINT('',(5.35,-0.75,0.));
#3847=AXIS2_PLACEMENT_3D('',#3846,#16,#34);
#3848=PLANE('',#3847);
#3849=ADVANCED_FACE('',(#3845),#3848,.T.);
#3850=CLOSED_SHELL('',(#3767,#3793,#3811,#3829,#3839,#3849));
#3851=MANIFOLD_SOLID_BREP('Lead_26',#3850);
#3852=STYLED_ITEM('color',(#676),#3851);
#3853=CARTESIAN_POINT('',(5.65,-0.75,0.));
#3854=VERTEX_POINT('',#3853);
#3855=CARTESIAN_POINT('',(5.85,-0.75,0.));
#3856=VERTEX_POINT('',#3855);
#3857=CARTESIAN_POINT('',(5.65,0.6,0.));
#3858=VERTEX_POINT('',#3857);
#3859=CARTESIAN_POINT('',(5.85,0.6,0.));
#3860=VERTEX_POINT('',#3859);
#3861=CARTESIAN_POINT('',(5.65,-0.75,0.15));
#3862=VERTEX_POINT('',#3861);
#3863=CARTESIAN_POINT('',(5.85,-0.75,0.15));
#3864=VERTEX_POINT('',#3863);
#3865=CARTESIAN_POINT('',(5.65,0.6,0.15));
#3866=VERTEX_POINT('',#3865);
#3867=CARTESIAN_POINT('',(5.85,0.6,0.15));
#3868=VERTEX_POINT('',#3867);
#3869=VECTOR('',#34,1.35);
#3870=CARTESIAN_POINT('',(5.65,-0.75,0.));
#3871=LINE('',#3870,#3869);
#3872=EDGE_CURVE('',#3854,#3858,#3871,.T.);
#3873=ORIENTED_EDGE('',*,*,#3872,.T.);
#3874=VECTOR('',#16,0.2);
#3875=CARTESIAN_POINT('',(5.65,0.6,0.));
#3876=LINE('',#3875,#3874);
#3877=EDGE_CURVE('',#3858,#3860,#3876,.T.);
#3878=ORIENTED_EDGE('',*,*,#3877,.T.);
#3879=VECTOR('',#34,1.35);
#3880=CARTESIAN_POINT('',(5.85,-0.75,0.));
#3881=LINE('',#3880,#3879);
#3882=EDGE_CURVE('',#3856,#3860,#3881,.T.);
#3883=ORIENTED_EDGE('',*,*,#3882,.F.);
#3884=VECTOR('',#16,0.2);
#3885=CARTESIAN_POINT('',(5.65,-0.75,0.));
#3886=LINE('',#3885,#3884);
#3887=EDGE_CURVE('',#3854,#3856,#3886,.T.);
#3888=ORIENTED_EDGE('',*,*,#3887,.F.);
#3889=EDGE_LOOP('',(#3873,#3878,#3883,#3888));
#3890=FACE_OUTER_BOUND('',#3889,.T.);
#3891=CARTESIAN_POINT('',(5.65,-0.75,0.));
#3892=AXIS2_PLACEMENT_3D('',#3891,#58,#16);
#3893=PLANE('',#3892);
#3894=ADVANCED_FACE('',(#3890),#3893,.T.);
#3895=VECTOR('',#16,0.2);
#3896=CARTESIAN_POINT('',(5.65,-0.75,0.15));
#3897=LINE('',#3896,#3895);
#3898=EDGE_CURVE('',#3862,#3864,#3897,.T.);
#3899=ORIENTED_EDGE('',*,*,#3898,.T.);
#3900=VECTOR('',#34,1.35);
#3901=CARTESIAN_POINT('',(5.85,-0.75,0.15));
#3902=LINE('',#3901,#3900);
#3903=EDGE_CURVE('',#3864,#3868,#3902,.T.);
#3904=ORIENTED_EDGE('',*,*,#3903,.T.);
#3905=VECTOR('',#16,0.2);
#3906=CARTESIAN_POINT('',(5.65,0.6,0.15));
#3907=LINE('',#3906,#3905);
#3908=EDGE_CURVE('',#3866,#3868,#3907,.T.);
#3909=ORIENTED_EDGE('',*,*,#3908,.F.);
#3910=VECTOR('',#34,1.35);
#3911=CARTESIAN_POINT('',(5.65,-0.75,0.15));
#3912=LINE('',#3911,#3910);
#3913=EDGE_CURVE('',#3862,#3866,#3912,.T.);
#3914=ORIENTED_EDGE('',*,*,#3913,.F.);
#3915=EDGE_LOOP('',(#3899,#3904,#3909,#3914));
#3916=FACE_OUTER_BOUND('',#3915,.T.);
#3917=CARTESIAN_POINT('',(5.65,-0.75,0.15));
#3918=AXIS2_PLACEMENT_3D('',#3917,#15,#16);
#3919=PLANE('',#3918);
#3920=ADVANCED_FACE('',(#3916),#3919,.T.);
#3921=ORIENTED_EDGE('',*,*,#3887,.T.);
#3922=VECTOR('',#15,0.15);
#3923=CARTESIAN_POINT('',(5.85,-0.75,0.));
#3924=LINE('',#3923,#3922);
#3925=EDGE_CURVE('',#3856,#3864,#3924,.T.);
#3926=ORIENTED_EDGE('',*,*,#3925,.T.);
#3927=ORIENTED_EDGE('',*,*,#3898,.F.);
#3928=VECTOR('',#15,0.15);
#3929=CARTESIAN_POINT('',(5.65,-0.75,0.));
#3930=LINE('',#3929,#3928);
#3931=EDGE_CURVE('',#3854,#3862,#3930,.T.);
#3932=ORIENTED_EDGE('',*,*,#3931,.F.);
#3933=EDGE_LOOP('',(#3921,#3926,#3927,#3932));
#3934=FACE_OUTER_BOUND('',#3933,.T.);
#3935=CARTESIAN_POINT('',(5.65,-0.75,0.));
#3936=AXIS2_PLACEMENT_3D('',#3935,#103,#16);
#3937=PLANE('',#3936);
#3938=ADVANCED_FACE('',(#3934),#3937,.T.);
#3939=VECTOR('',#15,0.15);
#3940=CARTESIAN_POINT('',(5.65,0.6,0.));
#3941=LINE('',#3940,#3939);
#3942=EDGE_CURVE('',#3858,#3866,#3941,.T.);
#3943=ORIENTED_EDGE('',*,*,#3942,.T.);
#3944=ORIENTED_EDGE('',*,*,#3908,.T.);
#3945=VECTOR('',#15,0.15);
#3946=CARTESIAN_POINT('',(5.85,0.6,0.));
#3947=LINE('',#3946,#3945);
#3948=EDGE_CURVE('',#3860,#3868,#3947,.T.);
#3949=ORIENTED_EDGE('',*,*,#3948,.F.);
#3950=ORIENTED_EDGE('',*,*,#3877,.F.);
#3951=EDGE_LOOP('',(#3943,#3944,#3949,#3950));
#3952=FACE_OUTER_BOUND('',#3951,.T.);
#3953=CARTESIAN_POINT('',(5.65,0.6,0.));
#3954=AXIS2_PLACEMENT_3D('',#3953,#34,#16);
#3955=PLANE('',#3954);
#3956=ADVANCED_FACE('',(#3952),#3955,.T.);
#3957=ORIENTED_EDGE('',*,*,#3931,.T.);
#3958=ORIENTED_EDGE('',*,*,#3913,.T.);
#3959=ORIENTED_EDGE('',*,*,#3942,.F.);
#3960=ORIENTED_EDGE('',*,*,#3872,.F.);
#3961=EDGE_LOOP('',(#3957,#3958,#3959,#3960));
#3962=FACE_OUTER_BOUND('',#3961,.T.);
#3963=CARTESIAN_POINT('',(5.65,-0.75,0.));
#3964=AXIS2_PLACEMENT_3D('',#3963,#132,#34);
#3965=PLANE('',#3964);
#3966=ADVANCED_FACE('',(#3962),#3965,.T.);
#3967=ORIENTED_EDGE('',*,*,#3882,.T.);
#3968=ORIENTED_EDGE('',*,*,#3948,.T.);
#3969=ORIENTED_EDGE('',*,*,#3903,.F.);
#3970=ORIENTED_EDGE('',*,*,#3925,.F.);
#3971=EDGE_LOOP('',(#3967,#3968,#3969,#3970));
#3972=FACE_OUTER_BOUND('',#3971,.T.);
#3973=CARTESIAN_POINT('',(5.85,-0.75,0.));
#3974=AXIS2_PLACEMENT_3D('',#3973,#16,#34);
#3975=PLANE('',#3974);
#3976=ADVANCED_FACE('',(#3972),#3975,.T.);
#3977=CLOSED_SHELL('',(#3894,#3920,#3938,#3956,#3966,#3976));
#3978=MANIFOLD_SOLID_BREP('Lead_27',#3977);
#3979=STYLED_ITEM('color',(#676),#3978);
#3980=CARTESIAN_POINT('',(6.15,-0.75,0.));
#3981=VERTEX_POINT('',#3980);
#3982=CARTESIAN_POINT('',(6.35,-0.75,0.));
#3983=VERTEX_POINT('',#3982);
#3984=CARTESIAN_POINT('',(6.15,0.6,0.));
#3985=VERTEX_POINT('',#3984);
#3986=CARTESIAN_POINT('',(6.35,0.6,0.));
#3987=VERTEX_POINT('',#3986);
#3988=CARTESIAN_POINT('',(6.15,-0.75,0.15));
#3989=VERTEX_POINT('',#3988);
#3990=CARTESIAN_POINT('',(6.35,-0.75,0.15));
#3991=VERTEX_POINT('',#3990);
#3992=CARTESIAN_POINT('',(6.15,0.6,0.15));
#3993=VERTEX_POINT('',#3992);
#3994=CARTESIAN_POINT('',(6.35,0.6,0.15));
#3995=VERTEX_POINT('',#3994);
#3996=VECTOR('',#34,1.35);
#3997=CARTESIAN_POINT('',(6.15,-0.75,0.));
#3998=LINE('',#3997,#3996);
#3999=EDGE_CURVE('',#3981,#3985,#3998,.T.);
#4000=ORIENTED_EDGE('',*,*,#3999,.T.);
#4001=VECTOR('',#16,0.2);
#4002=CARTESIAN_POINT('',(6.15,0.6,0.));
#4003=LINE('',#4002,#4001);
#4004=EDGE_CURVE('',#3985,#3987,#4003,.T.);
#4005=ORIENTED_EDGE('',*,*,#4004,.T.);
#4006=VECTOR('',#34,1.35);
#4007=CARTESIAN_POINT('',(6.35,-0.75,0.));
#4008=LINE('',#4007,#4006);
#4009=EDGE_CURVE('',#3983,#3987,#4008,.T.);
#4010=ORIENTED_EDGE('',*,*,#4009,.F.);
#4011=VECTOR('',#16,0.2);
#4012=CARTESIAN_POINT('',(6.15,-0.75,0.));
#4013=LINE('',#4012,#4011);
#4014=EDGE_CURVE('',#3981,#3983,#4013,.T.);
#4015=ORIENTED_EDGE('',*,*,#4014,.F.);
#4016=EDGE_LOOP('',(#4000,#4005,#4010,#4015));
#4017=FACE_OUTER_BOUND('',#4016,.T.);
#4018=CARTESIAN_POINT('',(6.15,-0.75,0.));
#4019=AXIS2_PLACEMENT_3D('',#4018,#58,#16);
#4020=PLANE('',#4019);
#4021=ADVANCED_FACE('',(#4017),#4020,.T.);
#4022=VECTOR('',#16,0.2);
#4023=CARTESIAN_POINT('',(6.15,-0.75,0.15));
#4024=LINE('',#4023,#4022);
#4025=EDGE_CURVE('',#3989,#3991,#4024,.T.);
#4026=ORIENTED_EDGE('',*,*,#4025,.T.);
#4027=VECTOR('',#34,1.35);
#4028=CARTESIAN_POINT('',(6.35,-0.75,0.15));
#4029=LINE('',#4028,#4027);
#4030=EDGE_CURVE('',#3991,#3995,#4029,.T.);
#4031=ORIENTED_EDGE('',*,*,#4030,.T.);
#4032=VECTOR('',#16,0.2);
#4033=CARTESIAN_POINT('',(6.15,0.6,0.15));
#4034=LINE('',#4033,#4032);
#4035=EDGE_CURVE('',#3993,#3995,#4034,.T.);
#4036=ORIENTED_EDGE('',*,*,#4035,.F.);
#4037=VECTOR('',#34,1.35);
#4038=CARTESIAN_POINT('',(6.15,-0.75,0.15));
#4039=LINE('',#4038,#4037);
#4040=EDGE_CURVE('',#3989,#3993,#4039,.T.);
#4041=ORIENTED_EDGE('',*,*,#4040,.F.);
#4042=EDGE_LOOP('',(#4026,#4031,#4036,#4041));
#4043=FACE_OUTER_BOUND('',#4042,.T.);
#4044=CARTESIAN_POINT('',(6.15,-0.75,0.15));
#4045=AXIS2_PLACEMENT_3D('',#4044,#15,#16);
#4046=PLANE('',#4045);
#4047=ADVANCED_FACE('',(#4043),#4046,.T.);
#4048=ORIENTED_EDGE('',*,*,#4014,.T.);
#4049=VECTOR('',#15,0.15);
#4050=CARTESIAN_POINT('',(6.35,-0.75,0.));
#4051=LINE('',#4050,#4049);
#4052=EDGE_CURVE('',#3983,#3991,#4051,.T.);
#4053=ORIENTED_EDGE('',*,*,#4052,.T.);
#4054=ORIENTED_EDGE('',*,*,#4025,.F.);
#4055=VECTOR('',#15,0.15);
#4056=CARTESIAN_POINT('',(6.15,-0.75,0.));
#4057=LINE('',#4056,#4055);
#4058=EDGE_CURVE('',#3981,#3989,#4057,.T.);
#4059=ORIENTED_EDGE('',*,*,#4058,.F.);
#4060=EDGE_LOOP('',(#4048,#4053,#4054,#4059));
#4061=FACE_OUTER_BOUND('',#4060,.T.);
#4062=CARTESIAN_POINT('',(6.15,-0.75,0.));
#4063=AXIS2_PLACEMENT_3D('',#4062,#103,#16);
#4064=PLANE('',#4063);
#4065=ADVANCED_FACE('',(#4061),#4064,.T.);
#4066=VECTOR('',#15,0.15);
#4067=CARTESIAN_POINT('',(6.15,0.6,0.));
#4068=LINE('',#4067,#4066);
#4069=EDGE_CURVE('',#3985,#3993,#4068,.T.);
#4070=ORIENTED_EDGE('',*,*,#4069,.T.);
#4071=ORIENTED_EDGE('',*,*,#4035,.T.);
#4072=VECTOR('',#15,0.15);
#4073=CARTESIAN_POINT('',(6.35,0.6,0.));
#4074=LINE('',#4073,#4072);
#4075=EDGE_CURVE('',#3987,#3995,#4074,.T.);
#4076=ORIENTED_EDGE('',*,*,#4075,.F.);
#4077=ORIENTED_EDGE('',*,*,#4004,.F.);
#4078=EDGE_LOOP('',(#4070,#4071,#4076,#4077));
#4079=FACE_OUTER_BOUND('',#4078,.T.);
#4080=CARTESIAN_POINT('',(6.15,0.6,0.));
#4081=AXIS2_PLACEMENT_3D('',#4080,#34,#16);
#4082=PLANE('',#4081);
#4083=ADVANCED_FACE('',(#4079),#4082,.T.);
#4084=ORIENTED_EDGE('',*,*,#4058,.T.);
#4085=ORIENTED_EDGE('',*,*,#4040,.T.);
#4086=ORIENTED_EDGE('',*,*,#4069,.F.);
#4087=ORIENTED_EDGE('',*,*,#3999,.F.);
#4088=EDGE_LOOP('',(#4084,#4085,#4086,#4087));
#4089=FACE_OUTER_BOUND('',#4088,.T.);
#4090=CARTESIAN_POINT('',(6.15,-0.75,0.));
#4091=AXIS2_PLACEMENT_3D('',#4090,#132,#34);
#4092=PLANE('',#4091);
#4093=ADVANCED_FACE('',(#4089),#4092,.T.);
#4094=ORIENTED_EDGE('',*,*,#4009,.T.);
#4095=ORIENTED_EDGE('',*,*,#4075,.T.);
#4096=ORIENTED_EDGE('',*,*,#4030,.F.);
#4097=ORIENTED_EDGE('',*,*,#4052,.F.);
#4098=EDGE_LOOP('',(#4094,#4095,#4096,#4097));
#4099=FACE_OUTER_BOUND('',#4098,.T.);
#4100=CARTESIAN_POINT('',(6.35,-0.75,0.));
#4101=AXIS2_PLACEMENT_3D('',#4100,#16,#34);
#4102=PLANE('',#4101);
#4103=ADVANCED_FACE('',(#4099),#4102,.T.);
#4104=CLOSED_SHELL('',(#4021,#4047,#4065,#4083,#4093,#4103));
#4105=MANIFOLD_SOLID_BREP('Lead_28',#4104);
#4106=STYLED_ITEM('color',(#676),#4105);
#4107=CARTESIAN_POINT('',(6.65,-0.75,0.));
#4108=VERTEX_POINT('',#4107);
#4109=CARTESIAN_POINT('',(6.85,-0.75,0.));
#4110=VERTEX_POINT('',#4109);
#4111=CARTESIAN_POINT('',(6.65,0.6,0.));
#4112=VERTEX_POINT('',#4111);
#4113=CARTESIAN_POINT('',(6.85,0.6,0.));
#4114=VERTEX_POINT('',#4113);
#4115=CARTESIAN_POINT('',(6.65,-0.75,0.15));
#4116=VERTEX_POINT('',#4115);
#4117=CARTESIAN_POINT('',(6.85,-0.75,0.15));
#4118=VERTEX_POINT('',#4117);
#4119=CARTESIAN_POINT('',(6.65,0.6,0.15));
#4120=VERTEX_POINT('',#4119);
#4121=CARTESIAN_POINT('',(6.85,0.6,0.15));
#4122=VERTEX_POINT('',#4121);
#4123=VECTOR('',#34,1.35);
#4124=CARTESIAN_POINT('',(6.65,-0.75,0.));
#4125=LINE('',#4124,#4123);
#4126=EDGE_CURVE('',#4108,#4112,#4125,.T.);
#4127=ORIENTED_EDGE('',*,*,#4126,.T.);
#4128=VECTOR('',#16,0.2);
#4129=CARTESIAN_POINT('',(6.65,0.6,0.));
#4130=LINE('',#4129,#4128);
#4131=EDGE_CURVE('',#4112,#4114,#4130,.T.);
#4132=ORIENTED_EDGE('',*,*,#4131,.T.);
#4133=VECTOR('',#34,1.35);
#4134=CARTESIAN_POINT('',(6.85,-0.75,0.));
#4135=LINE('',#4134,#4133);
#4136=EDGE_CURVE('',#4110,#4114,#4135,.T.);
#4137=ORIENTED_EDGE('',*,*,#4136,.F.);
#4138=VECTOR('',#16,0.2);
#4139=CARTESIAN_POINT('',(6.65,-0.75,0.));
#4140=LINE('',#4139,#4138);
#4141=EDGE_CURVE('',#4108,#4110,#4140,.T.);
#4142=ORIENTED_EDGE('',*,*,#4141,.F.);
#4143=EDGE_LOOP('',(#4127,#4132,#4137,#4142));
#4144=FACE_OUTER_BOUND('',#4143,.T.);
#4145=CARTESIAN_POINT('',(6.65,-0.75,0.));
#4146=AXIS2_PLACEMENT_3D('',#4145,#58,#16);
#4147=PLANE('',#4146);
#4148=ADVANCED_FACE('',(#4144),#4147,.T.);
#4149=VECTOR('',#16,0.2);
#4150=CARTESIAN_POINT('',(6.65,-0.75,0.15));
#4151=LINE('',#4150,#4149);
#4152=EDGE_CURVE('',#4116,#4118,#4151,.T.);
#4153=ORIENTED_EDGE('',*,*,#4152,.T.);
#4154=VECTOR('',#34,1.35);
#4155=CARTESIAN_POINT('',(6.85,-0.75,0.15));
#4156=LINE('',#4155,#4154);
#4157=EDGE_CURVE('',#4118,#4122,#4156,.T.);
#4158=ORIENTED_EDGE('',*,*,#4157,.T.);
#4159=VECTOR('',#16,0.2);
#4160=CARTESIAN_POINT('',(6.65,0.6,0.15));
#4161=LINE('',#4160,#4159);
#4162=EDGE_CURVE('',#4120,#4122,#4161,.T.);
#4163=ORIENTED_EDGE('',*,*,#4162,.F.);
#4164=VECTOR('',#34,1.35);
#4165=CARTESIAN_POINT('',(6.65,-0.75,0.15));
#4166=LINE('',#4165,#4164);
#4167=EDGE_CURVE('',#4116,#4120,#4166,.T.);
#4168=ORIENTED_EDGE('',*,*,#4167,.F.);
#4169=EDGE_LOOP('',(#4153,#4158,#4163,#4168));
#4170=FACE_OUTER_BOUND('',#4169,.T.);
#4171=CARTESIAN_POINT('',(6.65,-0.75,0.15));
#4172=AXIS2_PLACEMENT_3D('',#4171,#15,#16);
#4173=PLANE('',#4172);
#4174=ADVANCED_FACE('',(#4170),#4173,.T.);
#4175=ORIENTED_EDGE('',*,*,#4141,.T.);
#4176=VECTOR('',#15,0.15);
#4177=CARTESIAN_POINT('',(6.85,-0.75,0.));
#4178=LINE('',#4177,#4176);
#4179=EDGE_CURVE('',#4110,#4118,#4178,.T.);
#4180=ORIENTED_EDGE('',*,*,#4179,.T.);
#4181=ORIENTED_EDGE('',*,*,#4152,.F.);
#4182=VECTOR('',#15,0.15);
#4183=CARTESIAN_POINT('',(6.65,-0.75,0.));
#4184=LINE('',#4183,#4182);
#4185=EDGE_CURVE('',#4108,#4116,#4184,.T.);
#4186=ORIENTED_EDGE('',*,*,#4185,.F.);
#4187=EDGE_LOOP('',(#4175,#4180,#4181,#4186));
#4188=FACE_OUTER_BOUND('',#4187,.T.);
#4189=CARTESIAN_POINT('',(6.65,-0.75,0.));
#4190=AXIS2_PLACEMENT_3D('',#4189,#103,#16);
#4191=PLANE('',#4190);
#4192=ADVANCED_FACE('',(#4188),#4191,.T.);
#4193=VECTOR('',#15,0.15);
#4194=CARTESIAN_POINT('',(6.65,0.6,0.));
#4195=LINE('',#4194,#4193);
#4196=EDGE_CURVE('',#4112,#4120,#4195,.T.);
#4197=ORIENTED_EDGE('',*,*,#4196,.T.);
#4198=ORIENTED_EDGE('',*,*,#4162,.T.);
#4199=VECTOR('',#15,0.15);
#4200=CARTESIAN_POINT('',(6.85,0.6,0.));
#4201=LINE('',#4200,#4199);
#4202=EDGE_CURVE('',#4114,#4122,#4201,.T.);
#4203=ORIENTED_EDGE('',*,*,#4202,.F.);
#4204=ORIENTED_EDGE('',*,*,#4131,.F.);
#4205=EDGE_LOOP('',(#4197,#4198,#4203,#4204));
#4206=FACE_OUTER_BOUND('',#4205,.T.);
#4207=CARTESIAN_POINT('',(6.65,0.6,0.));
#4208=AXIS2_PLACEMENT_3D('',#4207,#34,#16);
#4209=PLANE('',#4208);
#4210=ADVANCED_FACE('',(#4206),#4209,.T.);
#4211=ORIENTED_EDGE('',*,*,#4185,.T.);
#4212=ORIENTED_EDGE('',*,*,#4167,.T.);
#4213=ORIENTED_EDGE('',*,*,#4196,.F.);
#4214=ORIENTED_EDGE('',*,*,#4126,.F.);
#4215=EDGE_LOOP('',(#4211,#4212,#4213,#4214));
#4216=FACE_OUTER_BOUND('',#4215,.T.);
#4217=CARTESIAN_POINT('',(6.65,-0.75,0.));
#4218=AXIS2_PLACEMENT_3D('',#4217,#132,#34);
#4219=PLANE('',#4218);
#4220=ADVANCED_FACE('',(#4216),#4219,.T.);
#4221=ORIENTED_EDGE('',*,*,#4136,.T.);
#4222=ORIENTED_EDGE('',*,*,#4202,.T.);
#4223=ORIENTED_EDGE('',*,*,#4157,.F.);
#4224=ORIENTED_EDGE('',*,*,#4179,.F.);
#4225=EDGE_LOOP('',(#4221,#4222,#4223,#4224));
#4226=FACE_OUTER_BOUND('',#4225,.T.);
#4227=CARTESIAN_POINT('',(6.85,-0.75,0.));
#4228=AXIS2_PLACEMENT_3D('',#4227,#16,#34);
#4229=PLANE('',#4228);
#4230=ADVANCED_FACE('',(#4226),#4229,.T.);
#4231=CLOSED_SHELL('',(#4148,#4174,#4192,#4210,#4220,#4230));
#4232=MANIFOLD_SOLID_BREP('Lead_29',#4231);
#4233=STYLED_ITEM('color',(#676),#4232);
#4234=CARTESIAN_POINT('',(7.15,-0.75,0.));
#4235=VERTEX_POINT('',#4234);
#4236=CARTESIAN_POINT('',(7.35,-0.75,0.));
#4237=VERTEX_POINT('',#4236);
#4238=CARTESIAN_POINT('',(7.15,0.6,0.));
#4239=VERTEX_POINT('',#4238);
#4240=CARTESIAN_POINT('',(7.35,0.6,0.));
#4241=VERTEX_POINT('',#4240);
#4242=CARTESIAN_POINT('',(7.15,-0.75,0.15));
#4243=VERTEX_POINT('',#4242);
#4244=CARTESIAN_POINT('',(7.35,-0.75,0.15));
#4245=VERTEX_POINT('',#4244);
#4246=CARTESIAN_POINT('',(7.15,0.6,0.15));
#4247=VERTEX_POINT('',#4246);
#4248=CARTESIAN_POINT('',(7.35,0.6,0.15));
#4249=VERTEX_POINT('',#4248);
#4250=VECTOR('',#34,1.35);
#4251=CARTESIAN_POINT('',(7.15,-0.75,0.));
#4252=LINE('',#4251,#4250);
#4253=EDGE_CURVE('',#4235,#4239,#4252,.T.);
#4254=ORIENTED_EDGE('',*,*,#4253,.T.);
#4255=VECTOR('',#16,0.2);
#4256=CARTESIAN_POINT('',(7.15,0.6,0.));
#4257=LINE('',#4256,#4255);
#4258=EDGE_CURVE('',#4239,#4241,#4257,.T.);
#4259=ORIENTED_EDGE('',*,*,#4258,.T.);
#4260=VECTOR('',#34,1.35);
#4261=CARTESIAN_POINT('',(7.35,-0.75,0.));
#4262=LINE('',#4261,#4260);
#4263=EDGE_CURVE('',#4237,#4241,#4262,.T.);
#4264=ORIENTED_EDGE('',*,*,#4263,.F.);
#4265=VECTOR('',#16,0.2);
#4266=CARTESIAN_POINT('',(7.15,-0.75,0.));
#4267=LINE('',#4266,#4265);
#4268=EDGE_CURVE('',#4235,#4237,#4267,.T.);
#4269=ORIENTED_EDGE('',*,*,#4268,.F.);
#4270=EDGE_LOOP('',(#4254,#4259,#4264,#4269));
#4271=FACE_OUTER_BOUND('',#4270,.T.);
#4272=CARTESIAN_POINT('',(7.15,-0.75,0.));
#4273=AXIS2_PLACEMENT_3D('',#4272,#58,#16);
#4274=PLANE('',#4273);
#4275=ADVANCED_FACE('',(#4271),#4274,.T.);
#4276=VECTOR('',#16,0.2);
#4277=CARTESIAN_POINT('',(7.15,-0.75,0.15));
#4278=LINE('',#4277,#4276);
#4279=EDGE_CURVE('',#4243,#4245,#4278,.T.);
#4280=ORIENTED_EDGE('',*,*,#4279,.T.);
#4281=VECTOR('',#34,1.35);
#4282=CARTESIAN_POINT('',(7.35,-0.75,0.15));
#4283=LINE('',#4282,#4281);
#4284=EDGE_CURVE('',#4245,#4249,#4283,.T.);
#4285=ORIENTED_EDGE('',*,*,#4284,.T.);
#4286=VECTOR('',#16,0.2);
#4287=CARTESIAN_POINT('',(7.15,0.6,0.15));
#4288=LINE('',#4287,#4286);
#4289=EDGE_CURVE('',#4247,#4249,#4288,.T.);
#4290=ORIENTED_EDGE('',*,*,#4289,.F.);
#4291=VECTOR('',#34,1.35);
#4292=CARTESIAN_POINT('',(7.15,-0.75,0.15));
#4293=LINE('',#4292,#4291);
#4294=EDGE_CURVE('',#4243,#4247,#4293,.T.);
#4295=ORIENTED_EDGE('',*,*,#4294,.F.);
#4296=EDGE_LOOP('',(#4280,#4285,#4290,#4295));
#4297=FACE_OUTER_BOUND('',#4296,.T.);
#4298=CARTESIAN_POINT('',(7.15,-0.75,0.15));
#4299=AXIS2_PLACEMENT_3D('',#4298,#15,#16);
#4300=PLANE('',#4299);
#4301=ADVANCED_FACE('',(#4297),#4300,.T.);
#4302=ORIENTED_EDGE('',*,*,#4268,.T.);
#4303=VECTOR('',#15,0.15);
#4304=CARTESIAN_POINT('',(7.35,-0.75,0.));
#4305=LINE('',#4304,#4303);
#4306=EDGE_CURVE('',#4237,#4245,#4305,.T.);
#4307=ORIENTED_EDGE('',*,*,#4306,.T.);
#4308=ORIENTED_EDGE('',*,*,#4279,.F.);
#4309=VECTOR('',#15,0.15);
#4310=CARTESIAN_POINT('',(7.15,-0.75,0.));
#4311=LINE('',#4310,#4309);
#4312=EDGE_CURVE('',#4235,#4243,#4311,.T.);
#4313=ORIENTED_EDGE('',*,*,#4312,.F.);
#4314=EDGE_LOOP('',(#4302,#4307,#4308,#4313));
#4315=FACE_OUTER_BOUND('',#4314,.T.);
#4316=CARTESIAN_POINT('',(7.15,-0.75,0.));
#4317=AXIS2_PLACEMENT_3D('',#4316,#103,#16);
#4318=PLANE('',#4317);
#4319=ADVANCED_FACE('',(#4315),#4318,.T.);
#4320=VECTOR('',#15,0.15);
#4321=CARTESIAN_POINT('',(7.15,0.6,0.));
#4322=LINE('',#4321,#4320);
#4323=EDGE_CURVE('',#4239,#4247,#4322,.T.);
#4324=ORIENTED_EDGE('',*,*,#4323,.T.);
#4325=ORIENTED_EDGE('',*,*,#4289,.T.);
#4326=VECTOR('',#15,0.15);
#4327=CARTESIAN_POINT('',(7.35,0.6,0.));
#4328=LINE('',#4327,#4326);
#4329=EDGE_CURVE('',#4241,#4249,#4328,.T.);
#4330=ORIENTED_EDGE('',*,*,#4329,.F.);
#4331=ORIENTED_EDGE('',*,*,#4258,.F.);
#4332=EDGE_LOOP('',(#4324,#4325,#4330,#4331));
#4333=FACE_OUTER_BOUND('',#4332,.T.);
#4334=CARTESIAN_POINT('',(7.15,0.6,0.));
#4335=AXIS2_PLACEMENT_3D('',#4334,#34,#16);
#4336=PLANE('',#4335);
#4337=ADVANCED_FACE('',(#4333),#4336,.T.);
#4338=ORIENTED_EDGE('',*,*,#4312,.T.);
#4339=ORIENTED_EDGE('',*,*,#4294,.T.);
#4340=ORIENTED_EDGE('',*,*,#4323,.F.);
#4341=ORIENTED_EDGE('',*,*,#4253,.F.);
#4342=EDGE_LOOP('',(#4338,#4339,#4340,#4341));
#4343=FACE_OUTER_BOUND('',#4342,.T.);
#4344=CARTESIAN_POINT('',(7.15,-0.75,0.));
#4345=AXIS2_PLACEMENT_3D('',#4344,#132,#34);
#4346=PLANE('',#4345);
#4347=ADVANCED_FACE('',(#4343),#4346,.T.);
#4348=ORIENTED_EDGE('',*,*,#4263,.T.);
#4349=ORIENTED_EDGE('',*,*,#4329,.T.);
#4350=ORIENTED_EDGE('',*,*,#4284,.F.);
#4351=ORIENTED_EDGE('',*,*,#4306,.F.);
#4352=EDGE_LOOP('',(#4348,#4349,#4350,#4351));
#4353=FACE_OUTER_BOUND('',#4352,.T.);
#4354=CARTESIAN_POINT('',(7.35,-0.75,0.));
#4355=AXIS2_PLACEMENT_3D('',#4354,#16,#34);
#4356=PLANE('',#4355);
#4357=ADVANCED_FACE('',(#4353),#4356,.T.);
#4358=CLOSED_SHELL('',(#4275,#4301,#4319,#4337,#4347,#4357));
#4359=MANIFOLD_SOLID_BREP('Lead_30',#4358);
#4360=STYLED_ITEM('color',(#676),#4359);
#4361=CARTESIAN_POINT('',(-9.02,2.3,0.));
#4362=VERTEX_POINT('',#4361);
#4363=CARTESIAN_POINT('',(-8.02,2.3,0.));
#4364=VERTEX_POINT('',#4363);
#4365=CARTESIAN_POINT('',(-9.02,3.9,0.));
#4366=VERTEX_POINT('',#4365);
#4367=CARTESIAN_POINT('',(-8.02,3.9,0.));
#4368=VERTEX_POINT('',#4367);
#4369=CARTESIAN_POINT('',(-9.02,2.3,0.2));
#4370=VERTEX_POINT('',#4369);
#4371=CARTESIAN_POINT('',(-8.02,2.3,0.2));
#4372=VERTEX_POINT('',#4371);
#4373=CARTESIAN_POINT('',(-9.02,3.9,0.2));
#4374=VERTEX_POINT('',#4373);
#4375=CARTESIAN_POINT('',(-8.02,3.9,0.2));
#4376=VERTEX_POINT('',#4375);
#4377=VECTOR('',#34,1.6);
#4378=CARTESIAN_POINT('',(-9.02,2.3,0.));
#4379=LINE('',#4378,#4377);
#4380=EDGE_CURVE('',#4362,#4366,#4379,.T.);
#4381=ORIENTED_EDGE('',*,*,#4380,.T.);
#4382=VECTOR('',#16,1.);
#4383=CARTESIAN_POINT('',(-9.02,3.9,0.));
#4384=LINE('',#4383,#4382);
#4385=EDGE_CURVE('',#4366,#4368,#4384,.T.);
#4386=ORIENTED_EDGE('',*,*,#4385,.T.);
#4387=VECTOR('',#34,1.6);
#4388=CARTESIAN_POINT('',(-8.02,2.3,0.));
#4389=LINE('',#4388,#4387);
#4390=EDGE_CURVE('',#4364,#4368,#4389,.T.);
#4391=ORIENTED_EDGE('',*,*,#4390,.F.);
#4392=VECTOR('',#16,1.);
#4393=CARTESIAN_POINT('',(-9.02,2.3,0.));
#4394=LINE('',#4393,#4392);
#4395=EDGE_CURVE('',#4362,#4364,#4394,.T.);
#4396=ORIENTED_EDGE('',*,*,#4395,.F.);
#4397=EDGE_LOOP('',(#4381,#4386,#4391,#4396));
#4398=FACE_OUTER_BOUND('',#4397,.T.);
#4399=CARTESIAN_POINT('',(-9.02,2.3,0.));
#4400=AXIS2_PLACEMENT_3D('',#4399,#58,#16);
#4401=PLANE('',#4400);
#4402=ADVANCED_FACE('',(#4398),#4401,.T.);
#4403=VECTOR('',#16,1.);
#4404=CARTESIAN_POINT('',(-9.02,2.3,0.2));
#4405=LINE('',#4404,#4403);
#4406=EDGE_CURVE('',#4370,#4372,#4405,.T.);
#4407=ORIENTED_EDGE('',*,*,#4406,.T.);
#4408=VECTOR('',#34,1.6);
#4409=CARTESIAN_POINT('',(-8.02,2.3,0.2));
#4410=LINE('',#4409,#4408);
#4411=EDGE_CURVE('',#4372,#4376,#4410,.T.);
#4412=ORIENTED_EDGE('',*,*,#4411,.T.);
#4413=VECTOR('',#16,1.);
#4414=CARTESIAN_POINT('',(-9.02,3.9,0.2));
#4415=LINE('',#4414,#4413);
#4416=EDGE_CURVE('',#4374,#4376,#4415,.T.);
#4417=ORIENTED_EDGE('',*,*,#4416,.F.);
#4418=VECTOR('',#34,1.6);
#4419=CARTESIAN_POINT('',(-9.02,2.3,0.2));
#4420=LINE('',#4419,#4418);
#4421=EDGE_CURVE('',#4370,#4374,#4420,.T.);
#4422=ORIENTED_EDGE('',*,*,#4421,.F.);
#4423=EDGE_LOOP('',(#4407,#4412,#4417,#4422));
#4424=FACE_OUTER_BOUND('',#4423,.T.);
#4425=CARTESIAN_POINT('',(-9.02,2.3,0.2));
#4426=AXIS2_PLACEMENT_3D('',#4425,#15,#16);
#4427=PLANE('',#4426);
#4428=ADVANCED_FACE('',(#4424),#4427,.T.);
#4429=ORIENTED_EDGE('',*,*,#4395,.T.);
#4430=VECTOR('',#15,0.2);
#4431=CARTESIAN_POINT('',(-8.02,2.3,0.));
#4432=LINE('',#4431,#4430);
#4433=EDGE_CURVE('',#4364,#4372,#4432,.T.);
#4434=ORIENTED_EDGE('',*,*,#4433,.T.);
#4435=ORIENTED_EDGE('',*,*,#4406,.F.);
#4436=VECTOR('',#15,0.2);
#4437=CARTESIAN_POINT('',(-9.02,2.3,0.));
#4438=LINE('',#4437,#4436);
#4439=EDGE_CURVE('',#4362,#4370,#4438,.T.);
#4440=ORIENTED_EDGE('',*,*,#4439,.F.);
#4441=EDGE_LOOP('',(#4429,#4434,#4435,#4440));
#4442=FACE_OUTER_BOUND('',#4441,.T.);
#4443=CARTESIAN_POINT('',(-9.02,2.3,0.));
#4444=AXIS2_PLACEMENT_3D('',#4443,#103,#16);
#4445=PLANE('',#4444);
#4446=ADVANCED_FACE('',(#4442),#4445,.T.);
#4447=VECTOR('',#15,0.2);
#4448=CARTESIAN_POINT('',(-9.02,3.9,0.));
#4449=LINE('',#4448,#4447);
#4450=EDGE_CURVE('',#4366,#4374,#4449,.T.);
#4451=ORIENTED_EDGE('',*,*,#4450,.T.);
#4452=ORIENTED_EDGE('',*,*,#4416,.T.);
#4453=VECTOR('',#15,0.2);
#4454=CARTESIAN_POINT('',(-8.02,3.9,0.));
#4455=LINE('',#4454,#4453);
#4456=EDGE_CURVE('',#4368,#4376,#4455,.T.);
#4457=ORIENTED_EDGE('',*,*,#4456,.F.);
#4458=ORIENTED_EDGE('',*,*,#4385,.F.);
#4459=EDGE_LOOP('',(#4451,#4452,#4457,#4458));
#4460=FACE_OUTER_BOUND('',#4459,.T.);
#4461=CARTESIAN_POINT('',(-9.02,3.9,0.));
#4462=AXIS2_PLACEMENT_3D('',#4461,#34,#16);
#4463=PLANE('',#4462);
#4464=ADVANCED_FACE('',(#4460),#4463,.T.);
#4465=ORIENTED_EDGE('',*,*,#4439,.T.);
#4466=ORIENTED_EDGE('',*,*,#4421,.T.);
#4467=ORIENTED_EDGE('',*,*,#4450,.F.);
#4468=ORIENTED_EDGE('',*,*,#4380,.F.);
#4469=EDGE_LOOP('',(#4465,#4466,#4467,#4468));
#4470=FACE_OUTER_BOUND('',#4469,.T.);
#4471=CARTESIAN_POINT('',(-9.02,2.3,0.));
#4472=AXIS2_PLACEMENT_3D('',#4471,#132,#34);
#4473=PLANE('',#4472);
#4474=ADVANCED_FACE('',(#4470),#4473,.T.);
#4475=ORIENTED_EDGE('',*,*,#4390,.T.);
#4476=ORIENTED_EDGE('',*,*,#4456,.T.);
#4477=ORIENTED_EDGE('',*,*,#4411,.F.);
#4478=ORIENTED_EDGE('',*,*,#4433,.F.);
#4479=EDGE_LOOP('',(#4475,#4476,#4477,#4478));
#4480=FACE_OUTER_BOUND('',#4479,.T.);
#4481=CARTESIAN_POINT('',(-8.02,2.3,0.));
#4482=AXIS2_PLACEMENT_3D('',#4481,#16,#34);
#4483=PLANE('',#4482);
#4484=ADVANCED_FACE('',(#4480),#4483,.T.);
#4485=CLOSED_SHELL('',(#4402,#4428,#4446,#4464,#4474,#4484));
#4486=MANIFOLD_SOLID_BREP('MP_-1',#4485);
#4487=COLOUR_RGB('',0.78,0.78,0.8);
#4488=FILL_AREA_STYLE_COLOUR('',#4487);
#4489=FILL_AREA_STYLE('',(#4488));
#4490=SURFACE_STYLE_FILL_AREA(#4489);
#4491=SURFACE_SIDE_STYLE('',(#4490));
#4492=SURFACE_STYLE_USAGE(.BOTH.,#4491);
#4493=PRESENTATION_STYLE_ASSIGNMENT((#4492));
#4494=STYLED_ITEM('color',(#4493),#4486);
#4495=CARTESIAN_POINT('',(8.02,2.3,0.));
#4496=VERTEX_POINT('',#4495);
#4497=CARTESIAN_POINT('',(9.02,2.3,0.));
#4498=VERTEX_POINT('',#4497);
#4499=CARTESIAN_POINT('',(8.02,3.9,0.));
#4500=VERTEX_POINT('',#4499);
#4501=CARTESIAN_POINT('',(9.02,3.9,0.));
#4502=VERTEX_POINT('',#4501);
#4503=CARTESIAN_POINT('',(8.02,2.3,0.2));
#4504=VERTEX_POINT('',#4503);
#4505=CARTESIAN_POINT('',(9.02,2.3,0.2));
#4506=VERTEX_POINT('',#4505);
#4507=CARTESIAN_POINT('',(8.02,3.9,0.2));
#4508=VERTEX_POINT('',#4507);
#4509=CARTESIAN_POINT('',(9.02,3.9,0.2));
#4510=VERTEX_POINT('',#4509);
#4511=VECTOR('',#34,1.6);
#4512=CARTESIAN_POINT('',(8.02,2.3,0.));
#4513=LINE('',#4512,#4511);
#4514=EDGE_CURVE('',#4496,#4500,#4513,.T.);
#4515=ORIENTED_EDGE('',*,*,#4514,.T.);
#4516=VECTOR('',#16,1.);
#4517=CARTESIAN_POINT('',(8.02,3.9,0.));
#4518=LINE('',#4517,#4516);
#4519=EDGE_CURVE('',#4500,#4502,#4518,.T.);
#4520=ORIENTED_EDGE('',*,*,#4519,.T.);
#4521=VECTOR('',#34,1.6);
#4522=CARTESIAN_POINT('',(9.02,2.3,0.));
#4523=LINE('',#4522,#4521);
#4524=EDGE_CURVE('',#4498,#4502,#4523,.T.);
#4525=ORIENTED_EDGE('',*,*,#4524,.F.);
#4526=VECTOR('',#16,1.);
#4527=CARTESIAN_POINT('',(8.02,2.3,0.));
#4528=LINE('',#4527,#4526);
#4529=EDGE_CURVE('',#4496,#4498,#4528,.T.);
#4530=ORIENTED_EDGE('',*,*,#4529,.F.);
#4531=EDGE_LOOP('',(#4515,#4520,#4525,#4530));
#4532=FACE_OUTER_BOUND('',#4531,.T.);
#4533=CARTESIAN_POINT('',(8.02,2.3,0.));
#4534=AXIS2_PLACEMENT_3D('',#4533,#58,#16);
#4535=PLANE('',#4534);
#4536=ADVANCED_FACE('',(#4532),#4535,.T.);
#4537=VECTOR('',#16,1.);
#4538=CARTESIAN_POINT('',(8.02,2.3,0.2));
#4539=LINE('',#4538,#4537);
#4540=EDGE_CURVE('',#4504,#4506,#4539,.T.);
#4541=ORIENTED_EDGE('',*,*,#4540,.T.);
#4542=VECTOR('',#34,1.6);
#4543=CARTESIAN_POINT('',(9.02,2.3,0.2));
#4544=LINE('',#4543,#4542);
#4545=EDGE_CURVE('',#4506,#4510,#4544,.T.);
#4546=ORIENTED_EDGE('',*,*,#4545,.T.);
#4547=VECTOR('',#16,1.);
#4548=CARTESIAN_POINT('',(8.02,3.9,0.2));
#4549=LINE('',#4548,#4547);
#4550=EDGE_CURVE('',#4508,#4510,#4549,.T.);
#4551=ORIENTED_EDGE('',*,*,#4550,.F.);
#4552=VECTOR('',#34,1.6);
#4553=CARTESIAN_POINT('',(8.02,2.3,0.2));
#4554=LINE('',#4553,#4552);
#4555=EDGE_CURVE('',#4504,#4508,#4554,.T.);
#4556=ORIENTED_EDGE('',*,*,#4555,.F.);
#4557=EDGE_LOOP('',(#4541,#4546,#4551,#4556));
#4558=FACE_OUTER_BOUND('',#4557,.T.);
#4559=CARTESIAN_POINT('',(8.02,2.3,0.2));
#4560=AXIS2_PLACEMENT_3D('',#4559,#15,#16);
#4561=PLANE('',#4560);
#4562=ADVANCED_FACE('',(#4558),#4561,.T.);
#4563=ORIENTED_EDGE('',*,*,#4529,.T.);
#4564=VECTOR('',#15,0.2);
#4565=CARTESIAN_POINT('',(9.02,2.3,0.));
#4566=LINE('',#4565,#4564);
#4567=EDGE_CURVE('',#4498,#4506,#4566,.T.);
#4568=ORIENTED_EDGE('',*,*,#4567,.T.);
#4569=ORIENTED_EDGE('',*,*,#4540,.F.);
#4570=VECTOR('',#15,0.2);
#4571=CARTESIAN_POINT('',(8.02,2.3,0.));
#4572=LINE('',#4571,#4570);
#4573=EDGE_CURVE('',#4496,#4504,#4572,.T.);
#4574=ORIENTED_EDGE('',*,*,#4573,.F.);
#4575=EDGE_LOOP('',(#4563,#4568,#4569,#4574));
#4576=FACE_OUTER_BOUND('',#4575,.T.);
#4577=CARTESIAN_POINT('',(8.02,2.3,0.));
#4578=AXIS2_PLACEMENT_3D('',#4577,#103,#16);
#4579=PLANE('',#4578);
#4580=ADVANCED_FACE('',(#4576),#4579,.T.);
#4581=VECTOR('',#15,0.2);
#4582=CARTESIAN_POINT('',(8.02,3.9,0.));
#4583=LINE('',#4582,#4581);
#4584=EDGE_CURVE('',#4500,#4508,#4583,.T.);
#4585=ORIENTED_EDGE('',*,*,#4584,.T.);
#4586=ORIENTED_EDGE('',*,*,#4550,.T.);
#4587=VECTOR('',#15,0.2);
#4588=CARTESIAN_POINT('',(9.02,3.9,0.));
#4589=LINE('',#4588,#4587);
#4590=EDGE_CURVE('',#4502,#4510,#4589,.T.);
#4591=ORIENTED_EDGE('',*,*,#4590,.F.);
#4592=ORIENTED_EDGE('',*,*,#4519,.F.);
#4593=EDGE_LOOP('',(#4585,#4586,#4591,#4592));
#4594=FACE_OUTER_BOUND('',#4593,.T.);
#4595=CARTESIAN_POINT('',(8.02,3.9,0.));
#4596=AXIS2_PLACEMENT_3D('',#4595,#34,#16);
#4597=PLANE('',#4596);
#4598=ADVANCED_FACE('',(#4594),#4597,.T.);
#4599=ORIENTED_EDGE('',*,*,#4573,.T.);
#4600=ORIENTED_EDGE('',*,*,#4555,.T.);
#4601=ORIENTED_EDGE('',*,*,#4584,.F.);
#4602=ORIENTED_EDGE('',*,*,#4514,.F.);
#4603=EDGE_LOOP('',(#4599,#4600,#4601,#4602));
#4604=FACE_OUTER_BOUND('',#4603,.T.);
#4605=CARTESIAN_POINT('',(8.02,2.3,0.));
#4606=AXIS2_PLACEMENT_3D('',#4605,#132,#34);
#4607=PLANE('',#4606);
#4608=ADVANCED_FACE('',(#4604),#4607,.T.);
#4609=ORIENTED_EDGE('',*,*,#4524,.T.);
#4610=ORIENTED_EDGE('',*,*,#4590,.T.);
#4611=ORIENTED_EDGE('',*,*,#4545,.F.);
#4612=ORIENTED_EDGE('',*,*,#4567,.F.);
#4613=EDGE_LOOP('',(#4609,#4610,#4611,#4612));
#4614=FACE_OUTER_BOUND('',#4613,.T.);
#4615=CARTESIAN_POINT('',(9.02,2.3,0.));
#4616=AXIS2_PLACEMENT_3D('',#4615,#16,#34);
#4617=PLANE('',#4616);
#4618=ADVANCED_FACE('',(#4614),#4617,.T.);
#4619=CLOSED_SHELL('',(#4536,#4562,#4580,#4598,#4608,#4618));
#4620=MANIFOLD_SOLID_BREP('MP_1',#4619);
#4621=STYLED_ITEM('color',(#4493),#4620);
#4622=ADVANCED_BREP_SHAPE_REPRESENTATION('',(#17,#147,#281,#408,#535,#669,#803,#930,#1057,#1184,#1311,#1438,#1565,#1692,#1819,#1946,#2073,#2200,#2327,#2454,#2581,#2708,#2835,#2962,#3089,#3216,#3343,#3470,#3597,#3724,#3851,#3978,#4105,#4232,#4359,#4486,#4620),#13);
#4623=SHAPE_DEFINITION_REPRESENTATION(#8,#4622);
#4624=MECHANICAL_DESIGN_GEOMETRIC_PRESENTATION_REPRESENTATION('',(#155,#282,#409,#543,#677,#804,#931,#1058,#1185,#1312,#1439,#1566,#1693,#1820,#1947,#2074,#2201,#2328,#2455,#2582,#2709,#2836,#2963,#3090,#3217,#3344,#3471,#3598,#3725,#3852,#3979,#4106,#4233,#4360,#4494,#4621),#13);
ENDSEC;
END-ISO-10303-21;
