ISO-10303-21;
HEADER;
FILE_DESCRIPTION(('FreeCAD Model'),'2;1');
FILE_NAME('Open CASCADE Shape Model','2026-09-25T16:37:39',('FreeCAD'),(
    'FreeCAD'),'Open CASCADE STEP processor 7.8','FreeCAD','Unknown');
FILE_SCHEMA(('AUTOMOTIVE_DESIGN { 1 0 10303 214 1 1 1 1 }'));
ENDSEC;
DATA;
#1 = APPLICATION_PROTOCOL_DEFINITION('international standard',
  'automotive_design',2000,#2);
#2 = APPLICATION_CONTEXT(
  'core data for automotive mechanical design processes');
#3 = SHAPE_DEFINITION_REPRESENTATION(#4,#10);
#4 = PRODUCT_DEFINITION_SHAPE('','',#5);
#5 = PRODUCT_DEFINITION('design','',#6,#9);
#6 = PRODUCT_DEFINITION_FORMATION('','',#7);
#7 = PRODUCT('Open CASCADE STEP translator 7.8 3',
  'Open CASCADE STEP translator 7.8 3','',(#8));
#8 = PRODUCT_CONTEXT('',#2,'mechanical');
#9 = PRODUCT_DEFINITION_CONTEXT('part definition',#2,'design');
#10 = SHAPE_REPRESENTATION('',(#11,#15,#153,#221,#349,#487,#625,#763,
    #901,#1039,#1177,#1315,#1453,#1591,#1729,#1867),#2005);
#11 = AXIS2_PLACEMENT_3D('',#12,#13,#14);
#12 = CARTESIAN_POINT('',(0.,0.,0.));
#13 = DIRECTION('',(0.,0.,1.));
#14 = DIRECTION('',(1.,0.,-0.));
#15 = MANIFOLD_SOLID_BREP('',#16);
#16 = CLOSED_SHELL('',(#17,#53,#89,#109,#129,#141));
#17 = ADVANCED_FACE('',(#18),#48,.F.);
#18 = FACE_BOUND('',#19,.F.);
#19 = EDGE_LOOP('',(#20,#29,#36,#43));
#20 = ORIENTED_EDGE('',*,*,#21,.F.);
#21 = EDGE_CURVE('',#22,#24,#26,.T.);
#22 = VERTEX_POINT('',#23);
#23 = CARTESIAN_POINT('',(54.3,-106.4,-8.98));
#24 = VERTEX_POINT('',#25);
#25 = CARTESIAN_POINT('',(49.8,-106.4,-8.98));
#26 = B_SPLINE_CURVE_WITH_KNOTS('',1,(#27,#28),.UNSPECIFIED.,.F.,.F.,(2,
    2),(0.,4.5),.PIECEWISE_BEZIER_KNOTS.);
#27 = CARTESIAN_POINT('',(54.3,-106.4,-8.98));
#28 = CARTESIAN_POINT('',(49.8,-106.4,-8.98));
#29 = ORIENTED_EDGE('',*,*,#30,.T.);
#30 = EDGE_CURVE('',#22,#31,#33,.T.);
#31 = VERTEX_POINT('',#32);
#32 = CARTESIAN_POINT('',(54.3,-106.4,2.72));
#33 = B_SPLINE_CURVE_WITH_KNOTS('',1,(#34,#35),.UNSPECIFIED.,.F.,.F.,(2,
    2),(0.,11.7),.PIECEWISE_BEZIER_KNOTS.);
#34 = CARTESIAN_POINT('',(54.3,-106.4,-8.98));
#35 = CARTESIAN_POINT('',(54.3,-106.4,2.72));
#36 = ORIENTED_EDGE('',*,*,#37,.T.);
#37 = EDGE_CURVE('',#31,#38,#40,.T.);
#38 = VERTEX_POINT('',#39);
#39 = CARTESIAN_POINT('',(49.8,-106.4,2.72));
#40 = B_SPLINE_CURVE_WITH_KNOTS('',1,(#41,#42),.UNSPECIFIED.,.F.,.F.,(2,
    2),(0.,4.5),.PIECEWISE_BEZIER_KNOTS.);
#41 = CARTESIAN_POINT('',(54.3,-106.4,2.72));
#42 = CARTESIAN_POINT('',(49.8,-106.4,2.72));
#43 = ORIENTED_EDGE('',*,*,#44,.F.);
#44 = EDGE_CURVE('',#24,#38,#45,.T.);
#45 = B_SPLINE_CURVE_WITH_KNOTS('',1,(#46,#47),.UNSPECIFIED.,.F.,.F.,(2,
    2),(0.,11.7),.PIECEWISE_BEZIER_KNOTS.);
#46 = CARTESIAN_POINT('',(49.8,-106.4,-8.98));
#47 = CARTESIAN_POINT('',(49.8,-106.4,2.72));
#48 = B_SPLINE_SURFACE_WITH_KNOTS('',1,1,(
    (#49,#50)
    ,(#51,#52
    )),.UNSPECIFIED.,.F.,.F.,.F.,(2,2),(2,2),(0.,4.5),(-11.7,0.),
  .PIECEWISE_BEZIER_KNOTS.);
#49 = CARTESIAN_POINT('',(54.3,-106.4,2.72));
#50 = CARTESIAN_POINT('',(54.3,-106.4,-8.98));
#51 = CARTESIAN_POINT('',(49.8,-106.4,2.72));
#52 = CARTESIAN_POINT('',(49.8,-106.4,-8.98));
#53 = ADVANCED_FACE('',(#54),#84,.T.);
#54 = FACE_BOUND('',#55,.T.);
#55 = EDGE_LOOP('',(#56,#65,#72,#79));
#56 = ORIENTED_EDGE('',*,*,#57,.F.);
#57 = EDGE_CURVE('',#58,#60,#62,.T.);
#58 = VERTEX_POINT('',#59);
#59 = CARTESIAN_POINT('',(54.3,-118.4,-8.98));
#60 = VERTEX_POINT('',#61);
#61 = CARTESIAN_POINT('',(49.8,-118.4,-8.98));
#62 = B_SPLINE_CURVE_WITH_KNOTS('',1,(#63,#64),.UNSPECIFIED.,.F.,.F.,(2,
    2),(0.,4.5),.PIECEWISE_BEZIER_KNOTS.);
#63 = CARTESIAN_POINT('',(54.3,-118.4,-8.98));
#64 = CARTESIAN_POINT('',(49.8,-118.4,-8.98));
#65 = ORIENTED_EDGE('',*,*,#66,.T.);
#66 = EDGE_CURVE('',#58,#67,#69,.T.);
#67 = VERTEX_POINT('',#68);
#68 = CARTESIAN_POINT('',(54.3,-118.4,2.72));
#69 = B_SPLINE_CURVE_WITH_KNOTS('',1,(#70,#71),.UNSPECIFIED.,.F.,.F.,(2,
    2),(0.,11.7),.PIECEWISE_BEZIER_KNOTS.);
#70 = CARTESIAN_POINT('',(54.3,-118.4,-8.98));
#71 = CARTESIAN_POINT('',(54.3,-118.4,2.72));
#72 = ORIENTED_EDGE('',*,*,#73,.T.);
#73 = EDGE_CURVE('',#67,#74,#76,.T.);
#74 = VERTEX_POINT('',#75);
#75 = CARTESIAN_POINT('',(49.8,-118.4,2.72));
#76 = B_SPLINE_CURVE_WITH_KNOTS('',1,(#77,#78),.UNSPECIFIED.,.F.,.F.,(2,
    2),(0.,4.5),.PIECEWISE_BEZIER_KNOTS.);
#77 = CARTESIAN_POINT('',(54.3,-118.4,2.72));
#78 = CARTESIAN_POINT('',(49.8,-118.4,2.72));
#79 = ORIENTED_EDGE('',*,*,#80,.F.);
#80 = EDGE_CURVE('',#60,#74,#81,.T.);
#81 = B_SPLINE_CURVE_WITH_KNOTS('',1,(#82,#83),.UNSPECIFIED.,.F.,.F.,(2,
    2),(0.,11.7),.PIECEWISE_BEZIER_KNOTS.);
#82 = CARTESIAN_POINT('',(49.8,-118.4,-8.98));
#83 = CARTESIAN_POINT('',(49.8,-118.4,2.72));
#84 = B_SPLINE_SURFACE_WITH_KNOTS('',1,1,(
    (#85,#86)
    ,(#87,#88
    )),.UNSPECIFIED.,.F.,.F.,.F.,(2,2),(2,2),(0.,4.5),(-11.7,0.),
  .PIECEWISE_BEZIER_KNOTS.);
#85 = CARTESIAN_POINT('',(54.3,-118.4,2.72));
#86 = CARTESIAN_POINT('',(54.3,-118.4,-8.98));
#87 = CARTESIAN_POINT('',(49.8,-118.4,2.72));
#88 = CARTESIAN_POINT('',(49.8,-118.4,-8.98));
#89 = ADVANCED_FACE('',(#90),#104,.F.);
#90 = FACE_BOUND('',#91,.F.);
#91 = EDGE_LOOP('',(#92,#97,#98,#103));
#92 = ORIENTED_EDGE('',*,*,#93,.F.);
#93 = EDGE_CURVE('',#22,#58,#94,.T.);
#94 = B_SPLINE_CURVE_WITH_KNOTS('',1,(#95,#96),.UNSPECIFIED.,.F.,.F.,(2,
    2),(0.,12.),.PIECEWISE_BEZIER_KNOTS.);
#95 = CARTESIAN_POINT('',(54.3,-106.4,-8.98));
#96 = CARTESIAN_POINT('',(54.3,-118.4,-8.98));
#97 = ORIENTED_EDGE('',*,*,#21,.T.);
#98 = ORIENTED_EDGE('',*,*,#99,.T.);
#99 = EDGE_CURVE('',#24,#60,#100,.T.);
#100 = B_SPLINE_CURVE_WITH_KNOTS('',1,(#101,#102),.UNSPECIFIED.,.F.,.F.,
  (2,2),(0.,12.),.PIECEWISE_BEZIER_KNOTS.);
#101 = CARTESIAN_POINT('',(49.8,-106.4,-8.98));
#102 = CARTESIAN_POINT('',(49.8,-118.4,-8.98));
#103 = ORIENTED_EDGE('',*,*,#57,.F.);
#104 = B_SPLINE_SURFACE_WITH_KNOTS('',1,1,(
    (#105,#106)
    ,(#107,#108
    )),.UNSPECIFIED.,.F.,.F.,.F.,(2,2),(2,2),(0.,4.5),(0.,12.),
  .PIECEWISE_BEZIER_KNOTS.);
#105 = CARTESIAN_POINT('',(54.3,-106.4,-8.98));
#106 = CARTESIAN_POINT('',(54.3,-118.4,-8.98));
#107 = CARTESIAN_POINT('',(49.8,-106.4,-8.98));
#108 = CARTESIAN_POINT('',(49.8,-118.4,-8.98));
#109 = ADVANCED_FACE('',(#110),#124,.T.);
#110 = FACE_BOUND('',#111,.T.);
#111 = EDGE_LOOP('',(#112,#117,#118,#123));
#112 = ORIENTED_EDGE('',*,*,#113,.F.);
#113 = EDGE_CURVE('',#31,#67,#114,.T.);
#114 = B_SPLINE_CURVE_WITH_KNOTS('',1,(#115,#116),.UNSPECIFIED.,.F.,.F.,
  (2,2),(0.,12.),.PIECEWISE_BEZIER_KNOTS.);
#115 = CARTESIAN_POINT('',(54.3,-106.4,2.72));
#116 = CARTESIAN_POINT('',(54.3,-118.4,2.72));
#117 = ORIENTED_EDGE('',*,*,#37,.T.);
#118 = ORIENTED_EDGE('',*,*,#119,.T.);
#119 = EDGE_CURVE('',#38,#74,#120,.T.);
#120 = B_SPLINE_CURVE_WITH_KNOTS('',1,(#121,#122),.UNSPECIFIED.,.F.,.F.,
  (2,2),(0.,12.),.PIECEWISE_BEZIER_KNOTS.);
#121 = CARTESIAN_POINT('',(49.8,-106.4,2.72));
#122 = CARTESIAN_POINT('',(49.8,-118.4,2.72));
#123 = ORIENTED_EDGE('',*,*,#73,.F.);
#124 = B_SPLINE_SURFACE_WITH_KNOTS('',1,1,(
    (#125,#126)
    ,(#127,#128
    )),.UNSPECIFIED.,.F.,.F.,.F.,(2,2),(2,2),(0.,4.5),(0.,12.),
  .PIECEWISE_BEZIER_KNOTS.);
#125 = CARTESIAN_POINT('',(54.3,-106.4,2.72));
#126 = CARTESIAN_POINT('',(54.3,-118.4,2.72));
#127 = CARTESIAN_POINT('',(49.8,-106.4,2.72));
#128 = CARTESIAN_POINT('',(49.8,-118.4,2.72));
#129 = ADVANCED_FACE('',(#130),#136,.F.);
#130 = FACE_BOUND('',#131,.F.);
#131 = EDGE_LOOP('',(#132,#133,#134,#135));
#132 = ORIENTED_EDGE('',*,*,#30,.F.);
#133 = ORIENTED_EDGE('',*,*,#93,.T.);
#134 = ORIENTED_EDGE('',*,*,#66,.T.);
#135 = ORIENTED_EDGE('',*,*,#113,.F.);
#136 = B_SPLINE_SURFACE_WITH_KNOTS('',1,1,(
    (#137,#138)
    ,(#139,#140
    )),.UNSPECIFIED.,.F.,.F.,.F.,(2,2),(2,2),(0.,12.),(0.,11.7),
  .PIECEWISE_BEZIER_KNOTS.);
#137 = CARTESIAN_POINT('',(54.3,-106.4,-8.98));
#138 = CARTESIAN_POINT('',(54.3,-106.4,2.72));
#139 = CARTESIAN_POINT('',(54.3,-118.4,-8.98));
#140 = CARTESIAN_POINT('',(54.3,-118.4,2.72));
#141 = ADVANCED_FACE('',(#142),#148,.T.);
#142 = FACE_BOUND('',#143,.T.);
#143 = EDGE_LOOP('',(#144,#145,#146,#147));
#144 = ORIENTED_EDGE('',*,*,#44,.F.);
#145 = ORIENTED_EDGE('',*,*,#99,.T.);
#146 = ORIENTED_EDGE('',*,*,#80,.T.);
#147 = ORIENTED_EDGE('',*,*,#119,.F.);
#148 = B_SPLINE_SURFACE_WITH_KNOTS('',1,1,(
    (#149,#150)
    ,(#151,#152
    )),.UNSPECIFIED.,.F.,.F.,.F.,(2,2),(2,2),(0.,12.),(0.,11.7),
  .PIECEWISE_BEZIER_KNOTS.);
#149 = CARTESIAN_POINT('',(49.8,-106.4,-8.98));
#150 = CARTESIAN_POINT('',(49.8,-106.4,2.72));
#151 = CARTESIAN_POINT('',(49.8,-118.4,-8.98));
#152 = CARTESIAN_POINT('',(49.8,-118.4,2.72));
#153 = MANIFOLD_SOLID_BREP('',#154);
#154 = CLOSED_SHELL('',(#155,#203,#212));
#155 = ADVANCED_FACE('',(#156),#188,.T.);
#156 = FACE_BOUND('',#157,.T.);
#157 = EDGE_LOOP('',(#158,#170,#177,#187));
#158 = ORIENTED_EDGE('',*,*,#159,.F.);
#159 = EDGE_CURVE('',#160,#160,#162,.T.);
#160 = VERTEX_POINT('',#161);
#161 = CARTESIAN_POINT('',(44.8,-115.9,-3.13));
#162 = ( BOUNDED_CURVE() B_SPLINE_CURVE(2,(#163,#164,#165,#166,#167,#168
,#169),.UNSPECIFIED.,.T.,.F.) B_SPLINE_CURVE_WITH_KNOTS((1,2,2,2,2,1),(
    -2.094395102393,0.,2.094395102393,4.188790204786,6.28318530718,
8.377580409573),.UNSPECIFIED.) CURVE() GEOMETRIC_REPRESENTATION_ITEM() 
RATIONAL_B_SPLINE_CURVE((1.,0.5,1.,0.5,1.,0.5,1.)) REPRESENTATION_ITEM(
  '') );
#163 = CARTESIAN_POINT('',(44.8,-115.9,-3.13));
#164 = CARTESIAN_POINT('',(44.8,-115.9,2.932177826491));
#165 = CARTESIAN_POINT('',(44.8,-110.65,-9.891108675446E-02));
#166 = CARTESIAN_POINT('',(44.8,-105.4,-3.13));
#167 = CARTESIAN_POINT('',(44.8,-110.65,-6.161088913246));
#168 = CARTESIAN_POINT('',(44.8,-115.9,-9.192177826491));
#169 = CARTESIAN_POINT('',(44.8,-115.9,-3.13));
#170 = ORIENTED_EDGE('',*,*,#171,.F.);
#171 = EDGE_CURVE('',#172,#160,#174,.T.);
#172 = VERTEX_POINT('',#173);
#173 = CARTESIAN_POINT('',(49.8,-115.9,-3.13));
#174 = B_SPLINE_CURVE_WITH_KNOTS('',1,(#175,#176),.UNSPECIFIED.,.F.,.F.,
  (2,2),(0.,5.),.PIECEWISE_BEZIER_KNOTS.);
#175 = CARTESIAN_POINT('',(49.8,-115.9,-3.13));
#176 = CARTESIAN_POINT('',(44.8,-115.9,-3.13));
#177 = ORIENTED_EDGE('',*,*,#178,.T.);
#178 = EDGE_CURVE('',#172,#172,#179,.T.);
#179 = ( BOUNDED_CURVE() B_SPLINE_CURVE(2,(#180,#181,#182,#183,#184,#185
,#186),.UNSPECIFIED.,.T.,.F.) B_SPLINE_CURVE_WITH_KNOTS((1,2,2,2,2,1),(
    -2.094395102393,0.,2.094395102393,4.188790204786,6.28318530718,
8.377580409573),.UNSPECIFIED.) CURVE() GEOMETRIC_REPRESENTATION_ITEM() 
RATIONAL_B_SPLINE_CURVE((1.,0.5,1.,0.5,1.,0.5,1.)) REPRESENTATION_ITEM(
  '') );
#180 = CARTESIAN_POINT('',(49.8,-115.9,-3.13));
#181 = CARTESIAN_POINT('',(49.8,-115.9,2.932177826491));
#182 = CARTESIAN_POINT('',(49.8,-110.65,-9.891108675446E-02));
#183 = CARTESIAN_POINT('',(49.8,-105.4,-3.13));
#184 = CARTESIAN_POINT('',(49.8,-110.65,-6.161088913246));
#185 = CARTESIAN_POINT('',(49.8,-115.9,-9.192177826491));
#186 = CARTESIAN_POINT('',(49.8,-115.9,-3.13));
#187 = ORIENTED_EDGE('',*,*,#171,.T.);
#188 = ( BOUNDED_SURFACE() B_SPLINE_SURFACE(2,1,(
    (#189,#190)
    ,(#191,#192)
    ,(#193,#194)
    ,(#195,#196)
    ,(#197,#198)
    ,(#199,#200)
,(#201,#202
    )),.UNSPECIFIED.,.T.,.F.,.F.) B_SPLINE_SURFACE_WITH_KNOTS((1,2,2,2,2
    ,1),(2,2),(-2.094395102393,0.,2.094395102393,4.188790204786,
    6.28318530718,8.377580409573),(0.,5.),.UNSPECIFIED.) 
GEOMETRIC_REPRESENTATION_ITEM() RATIONAL_B_SPLINE_SURFACE((
    (1.,1.)
    ,(0.5,0.5)
    ,(1.,1.)
    ,(0.5,0.5)
    ,(1.,1.)
    ,(0.5,0.5)
,(1.,1.))) REPRESENTATION_ITEM('') SURFACE() );
#189 = CARTESIAN_POINT('',(49.8,-115.9,-3.13));
#190 = CARTESIAN_POINT('',(44.8,-115.9,-3.13));
#191 = CARTESIAN_POINT('',(49.8,-115.9,2.932177826491));
#192 = CARTESIAN_POINT('',(44.8,-115.9,2.932177826491));
#193 = CARTESIAN_POINT('',(49.8,-110.65,-9.891108675446E-02));
#194 = CARTESIAN_POINT('',(44.8,-110.65,-9.891108675446E-02));
#195 = CARTESIAN_POINT('',(49.8,-105.4,-3.13));
#196 = CARTESIAN_POINT('',(44.8,-105.4,-3.13));
#197 = CARTESIAN_POINT('',(49.8,-110.65,-6.161088913246));
#198 = CARTESIAN_POINT('',(44.8,-110.65,-6.161088913246));
#199 = CARTESIAN_POINT('',(49.8,-115.9,-9.192177826491));
#200 = CARTESIAN_POINT('',(44.8,-115.9,-9.192177826491));
#201 = CARTESIAN_POINT('',(49.8,-115.9,-3.13));
#202 = CARTESIAN_POINT('',(44.8,-115.9,-3.13));
#203 = ADVANCED_FACE('',(#204),#207,.T.);
#204 = FACE_BOUND('',#205,.T.);
#205 = EDGE_LOOP('',(#206));
#206 = ORIENTED_EDGE('',*,*,#159,.T.);
#207 = B_SPLINE_SURFACE_WITH_KNOTS('',1,1,(
    (#208,#209)
    ,(#210,#211
    )),.UNSPECIFIED.,.F.,.F.,.F.,(2,2),(2,2),(-3.5,3.5),(-3.5,3.5),
  .PIECEWISE_BEZIER_KNOTS.);
#208 = CARTESIAN_POINT('',(44.8,-108.9,-6.63));
#209 = CARTESIAN_POINT('',(44.8,-108.9,0.37));
#210 = CARTESIAN_POINT('',(44.8,-115.9,-6.63));
#211 = CARTESIAN_POINT('',(44.8,-115.9,0.37));
#212 = ADVANCED_FACE('',(#213),#216,.F.);
#213 = FACE_BOUND('',#214,.T.);
#214 = EDGE_LOOP('',(#215));
#215 = ORIENTED_EDGE('',*,*,#178,.F.);
#216 = B_SPLINE_SURFACE_WITH_KNOTS('',1,1,(
    (#217,#218)
    ,(#219,#220
    )),.UNSPECIFIED.,.F.,.F.,.F.,(2,2),(2,2),(-3.5,3.5),(-3.5,3.5),
  .PIECEWISE_BEZIER_KNOTS.);
#217 = CARTESIAN_POINT('',(49.8,-108.9,-6.63));
#218 = CARTESIAN_POINT('',(49.8,-108.9,0.37));
#219 = CARTESIAN_POINT('',(49.8,-115.9,-6.63));
#220 = CARTESIAN_POINT('',(49.8,-115.9,0.37));
#221 = MANIFOLD_SOLID_BREP('',#222);
#222 = CLOSED_SHELL('',(#223,#299,#308,#323,#339));
#223 = ADVANCED_FACE('',(#224),#284,.T.);
#224 = FACE_BOUND('',#225,.T.);
#225 = EDGE_LOOP('',(#226,#235,#245,#252,#260,#267,#273,#274));
#226 = ORIENTED_EDGE('',*,*,#227,.T.);
#227 = EDGE_CURVE('',#228,#230,#232,.T.);
#228 = VERTEX_POINT('',#229);
#229 = CARTESIAN_POINT('',(44.8,-115.4,-3.13));
#230 = VERTEX_POINT('',#231);
#231 = CARTESIAN_POINT('',(37.3,-115.4,-3.13));
#232 = B_SPLINE_CURVE_WITH_KNOTS('',1,(#233,#234),.UNSPECIFIED.,.F.,.F.,
  (2,2),(0.,7.5),.PIECEWISE_BEZIER_KNOTS.);
#233 = CARTESIAN_POINT('',(44.8,-115.4,-3.13));
#234 = CARTESIAN_POINT('',(37.3,-115.4,-3.13));
#235 = ORIENTED_EDGE('',*,*,#236,.F.);
#236 = EDGE_CURVE('',#237,#230,#239,.T.);
#237 = VERTEX_POINT('',#238);
#238 = CARTESIAN_POINT('',(37.3,-109.8019237886,-1.63));
#239 = ( BOUNDED_CURVE() B_SPLINE_CURVE(2,(#240,#241,#242,#243,#244),
.UNSPECIFIED.,.F.,.F.) B_SPLINE_CURVE_WITH_KNOTS((3,2,3),(2.617993877991
,4.450589592586,6.28318530718),.PIECEWISE_BEZIER_KNOTS.) CURVE() 
GEOMETRIC_REPRESENTATION_ITEM() RATIONAL_B_SPLINE_CURVE((1.,
0.608761429009,1.,0.608761429009,1.)) REPRESENTATION_ITEM('') );
#240 = CARTESIAN_POINT('',(37.3,-109.8019237886,-1.63));
#241 = CARTESIAN_POINT('',(37.3,-107.8470857293,-5.015878839211));
#242 = CARTESIAN_POINT('',(37.3,-111.6235428646,-6.027777478867));
#243 = CARTESIAN_POINT('',(37.3,-115.4,-7.039676118524));
#244 = CARTESIAN_POINT('',(37.3,-115.4,-3.13));
#245 = ORIENTED_EDGE('',*,*,#246,.F.);
#246 = EDGE_CURVE('',#247,#237,#249,.T.);
#247 = VERTEX_POINT('',#248);
#248 = CARTESIAN_POINT('',(41.8,-109.8019237886,-1.63));
#249 = B_SPLINE_CURVE_WITH_KNOTS('',1,(#250,#251),.UNSPECIFIED.,.F.,.F.,
  (2,2),(3.,7.5),.PIECEWISE_BEZIER_KNOTS.);
#250 = CARTESIAN_POINT('',(41.8,-109.8019237886,-1.63));
#251 = CARTESIAN_POINT('',(37.3,-109.8019237886,-1.63));
#252 = ORIENTED_EDGE('',*,*,#253,.F.);
#253 = EDGE_CURVE('',#254,#247,#256,.T.);
#254 = VERTEX_POINT('',#255);
#255 = CARTESIAN_POINT('',(41.8,-114.9980762113,-1.63));
#256 = ( BOUNDED_CURVE() B_SPLINE_CURVE(2,(#257,#258,#259),
.UNSPECIFIED.,.F.,.F.) B_SPLINE_CURVE_WITH_KNOTS((3,3),(0.523598775598,
2.617993877991),.PIECEWISE_BEZIER_KNOTS.) CURVE() 
GEOMETRIC_REPRESENTATION_ITEM() RATIONAL_B_SPLINE_CURVE((1.,0.5,1.)) 
REPRESENTATION_ITEM('') );
#257 = CARTESIAN_POINT('',(41.8,-114.9980762113,-1.63));
#258 = CARTESIAN_POINT('',(41.8,-112.4,2.87));
#259 = CARTESIAN_POINT('',(41.8,-109.8019237886,-1.63));
#260 = ORIENTED_EDGE('',*,*,#261,.T.);
#261 = EDGE_CURVE('',#254,#262,#264,.T.);
#262 = VERTEX_POINT('',#263);
#263 = CARTESIAN_POINT('',(37.3,-114.9980762113,-1.63));
#264 = B_SPLINE_CURVE_WITH_KNOTS('',1,(#265,#266),.UNSPECIFIED.,.F.,.F.,
  (2,2),(3.,7.5),.PIECEWISE_BEZIER_KNOTS.);
#265 = CARTESIAN_POINT('',(41.8,-114.9980762113,-1.63));
#266 = CARTESIAN_POINT('',(37.3,-114.9980762113,-1.63));
#267 = ORIENTED_EDGE('',*,*,#268,.F.);
#268 = EDGE_CURVE('',#230,#262,#269,.T.);
#269 = ( BOUNDED_CURVE() B_SPLINE_CURVE(2,(#270,#271,#272),
.UNSPECIFIED.,.F.,.F.) B_SPLINE_CURVE_WITH_KNOTS((3,3),(0.,
0.523598775598),.PIECEWISE_BEZIER_KNOTS.) CURVE() 
GEOMETRIC_REPRESENTATION_ITEM() RATIONAL_B_SPLINE_CURVE((1.,
0.965925826289,1.)) REPRESENTATION_ITEM('') );
#270 = CARTESIAN_POINT('',(37.3,-115.4,-3.13));
#271 = CARTESIAN_POINT('',(37.3,-115.4,-2.326152422707));
#272 = CARTESIAN_POINT('',(37.3,-114.9980762113,-1.63));
#273 = ORIENTED_EDGE('',*,*,#227,.F.);
#274 = ORIENTED_EDGE('',*,*,#275,.T.);
#275 = EDGE_CURVE('',#228,#228,#276,.T.);
#276 = ( BOUNDED_CURVE() B_SPLINE_CURVE(2,(#277,#278,#279,#280,#281,#282
,#283),.UNSPECIFIED.,.T.,.F.) B_SPLINE_CURVE_WITH_KNOTS((1,2,2,2,2,1),(
    -2.094395102393,0.,2.094395102393,4.188790204786,6.28318530718,
8.377580409573),.UNSPECIFIED.) CURVE() GEOMETRIC_REPRESENTATION_ITEM() 
RATIONAL_B_SPLINE_CURVE((1.,0.5,1.,0.5,1.,0.5,1.)) REPRESENTATION_ITEM(
  '') );
#277 = CARTESIAN_POINT('',(44.8,-115.4,-3.13));
#278 = CARTESIAN_POINT('',(44.8,-115.4,2.066152422707));
#279 = CARTESIAN_POINT('',(44.8,-110.9,-0.531923788647));
#280 = CARTESIAN_POINT('',(44.8,-106.4,-3.13));
#281 = CARTESIAN_POINT('',(44.8,-110.9,-5.728076211353));
#282 = CARTESIAN_POINT('',(44.8,-115.4,-8.326152422707));
#283 = CARTESIAN_POINT('',(44.8,-115.4,-3.13));
#284 = ( BOUNDED_SURFACE() B_SPLINE_SURFACE(2,1,(
    (#285,#286)
    ,(#287,#288)
    ,(#289,#290)
    ,(#291,#292)
    ,(#293,#294)
    ,(#295,#296)
,(#297,#298
    )),.UNSPECIFIED.,.T.,.F.,.F.) B_SPLINE_SURFACE_WITH_KNOTS((1,2,2,2,2
    ,1),(2,2),(-2.094395102393,0.,2.094395102393,4.188790204786,
    6.28318530718,8.377580409573),(0.,7.5),.UNSPECIFIED.) 
GEOMETRIC_REPRESENTATION_ITEM() RATIONAL_B_SPLINE_SURFACE((
    (1.,1.)
    ,(0.5,0.5)
    ,(1.,1.)
    ,(0.5,0.5)
    ,(1.,1.)
    ,(0.5,0.5)
,(1.,1.))) REPRESENTATION_ITEM('') SURFACE() );
#285 = CARTESIAN_POINT('',(44.8,-115.4,-3.13));
#286 = CARTESIAN_POINT('',(37.3,-115.4,-3.13));
#287 = CARTESIAN_POINT('',(44.8,-115.4,2.066152422707));
#288 = CARTESIAN_POINT('',(37.3,-115.4,2.066152422707));
#289 = CARTESIAN_POINT('',(44.8,-110.9,-0.531923788647));
#290 = CARTESIAN_POINT('',(37.3,-110.9,-0.531923788647));
#291 = CARTESIAN_POINT('',(44.8,-106.4,-3.13));
#292 = CARTESIAN_POINT('',(37.3,-106.4,-3.13));
#293 = CARTESIAN_POINT('',(44.8,-110.9,-5.728076211353));
#294 = CARTESIAN_POINT('',(37.3,-110.9,-5.728076211353));
#295 = CARTESIAN_POINT('',(44.8,-115.4,-8.326152422707));
#296 = CARTESIAN_POINT('',(37.3,-115.4,-8.326152422707));
#297 = CARTESIAN_POINT('',(44.8,-115.4,-3.13));
#298 = CARTESIAN_POINT('',(37.3,-115.4,-3.13));
#299 = ADVANCED_FACE('',(#300),#303,.F.);
#300 = FACE_BOUND('',#301,.T.);
#301 = EDGE_LOOP('',(#302));
#302 = ORIENTED_EDGE('',*,*,#275,.F.);
#303 = B_SPLINE_SURFACE_WITH_KNOTS('',1,1,(
    (#304,#305)
    ,(#306,#307
    )),.UNSPECIFIED.,.F.,.F.,.F.,(2,2),(2,2),(-3.,3.),(-3.,3.),
  .PIECEWISE_BEZIER_KNOTS.);
#304 = CARTESIAN_POINT('',(44.8,-109.4,-6.13));
#305 = CARTESIAN_POINT('',(44.8,-109.4,-0.13));
#306 = CARTESIAN_POINT('',(44.8,-115.4,-6.13));
#307 = CARTESIAN_POINT('',(44.8,-115.4,-0.13));
#308 = ADVANCED_FACE('',(#309),#318,.T.);
#309 = FACE_BOUND('',#310,.T.);
#310 = EDGE_LOOP('',(#311,#312,#313));
#311 = ORIENTED_EDGE('',*,*,#236,.T.);
#312 = ORIENTED_EDGE('',*,*,#268,.T.);
#313 = ORIENTED_EDGE('',*,*,#314,.F.);
#314 = EDGE_CURVE('',#237,#262,#315,.T.);
#315 = B_SPLINE_CURVE_WITH_KNOTS('',1,(#316,#317),.UNSPECIFIED.,.F.,.F.,
  (2,2),(2.401923788647,7.598076211353),.PIECEWISE_BEZIER_KNOTS.);
#316 = CARTESIAN_POINT('',(37.3,-109.8019237886,-1.63));
#317 = CARTESIAN_POINT('',(37.3,-114.9980762113,-1.63));
#318 = B_SPLINE_SURFACE_WITH_KNOTS('',1,1,(
    (#319,#320)
    ,(#321,#322
    )),.UNSPECIFIED.,.F.,.F.,.F.,(2,2),(2,2),(-3.,3.),(-3.,1.5),
  .PIECEWISE_BEZIER_KNOTS.);
#319 = CARTESIAN_POINT('',(37.3,-109.4,-6.13));
#320 = CARTESIAN_POINT('',(37.3,-109.4,-1.63));
#321 = CARTESIAN_POINT('',(37.3,-115.4,-6.13));
#322 = CARTESIAN_POINT('',(37.3,-115.4,-1.63));
#323 = ADVANCED_FACE('',(#324),#334,.T.);
#324 = FACE_BOUND('',#325,.T.);
#325 = EDGE_LOOP('',(#326,#331,#332,#333));
#326 = ORIENTED_EDGE('',*,*,#327,.F.);
#327 = EDGE_CURVE('',#247,#254,#328,.T.);
#328 = B_SPLINE_CURVE_WITH_KNOTS('',1,(#329,#330),.UNSPECIFIED.,.F.,.F.,
  (2,2),(2.401923788647,7.598076211353),.PIECEWISE_BEZIER_KNOTS.);
#329 = CARTESIAN_POINT('',(41.8,-109.8019237886,-1.63));
#330 = CARTESIAN_POINT('',(41.8,-114.9980762113,-1.63));
#331 = ORIENTED_EDGE('',*,*,#246,.T.);
#332 = ORIENTED_EDGE('',*,*,#314,.T.);
#333 = ORIENTED_EDGE('',*,*,#261,.F.);
#334 = B_SPLINE_SURFACE_WITH_KNOTS('',1,1,(
    (#335,#336)
    ,(#337,#338
    )),.UNSPECIFIED.,.F.,.F.,.F.,(2,2),(2,2),(0.,4.5),(2.401923788647,
    7.598076211353),.PIECEWISE_BEZIER_KNOTS.);
#335 = CARTESIAN_POINT('',(41.8,-109.8019237886,-1.63));
#336 = CARTESIAN_POINT('',(41.8,-114.9980762113,-1.63));
#337 = CARTESIAN_POINT('',(37.3,-109.8019237886,-1.63));
#338 = CARTESIAN_POINT('',(37.3,-114.9980762113,-1.63));
#339 = ADVANCED_FACE('',(#340),#344,.T.);
#340 = FACE_BOUND('',#341,.T.);
#341 = EDGE_LOOP('',(#342,#343));
#342 = ORIENTED_EDGE('',*,*,#253,.T.);
#343 = ORIENTED_EDGE('',*,*,#327,.T.);
#344 = B_SPLINE_SURFACE_WITH_KNOTS('',1,1,(
    (#345,#346)
    ,(#347,#348
    )),.UNSPECIFIED.,.F.,.F.,.F.,(2,2),(2,2),(2.401923788647,
    7.598076211353),(0.,1.5),.PIECEWISE_BEZIER_KNOTS.);
#345 = CARTESIAN_POINT('',(41.8,-109.8019237886,-1.63));
#346 = CARTESIAN_POINT('',(41.8,-109.8019237886,-0.13));
#347 = CARTESIAN_POINT('',(41.8,-114.9980762113,-1.63));
#348 = CARTESIAN_POINT('',(41.8,-114.9980762113,-0.13));
#349 = MANIFOLD_SOLID_BREP('',#350);
#350 = CLOSED_SHELL('',(#351,#387,#423,#443,#463,#475));
#351 = ADVANCED_FACE('',(#352),#382,.F.);
#352 = FACE_BOUND('',#353,.F.);
#353 = EDGE_LOOP('',(#354,#363,#370,#377));
#354 = ORIENTED_EDGE('',*,*,#355,.F.);
#355 = EDGE_CURVE('',#356,#358,#360,.T.);
#356 = VERTEX_POINT('',#357);
#357 = CARTESIAN_POINT('',(56.8,-111.4,-9.38));
#358 = VERTEX_POINT('',#359);
#359 = CARTESIAN_POINT('',(49.8,-111.4,-9.38));
#360 = B_SPLINE_CURVE_WITH_KNOTS('',1,(#361,#362),.UNSPECIFIED.,.F.,.F.,
  (2,2),(0.,7.),.PIECEWISE_BEZIER_KNOTS.);
#361 = CARTESIAN_POINT('',(56.8,-111.4,-9.38));
#362 = CARTESIAN_POINT('',(49.8,-111.4,-9.38));
#363 = ORIENTED_EDGE('',*,*,#364,.T.);
#364 = EDGE_CURVE('',#356,#365,#367,.T.);
#365 = VERTEX_POINT('',#366);
#366 = CARTESIAN_POINT('',(56.8,-111.4,-8.98));
#367 = B_SPLINE_CURVE_WITH_KNOTS('',1,(#368,#369),.UNSPECIFIED.,.F.,.F.,
  (2,2),(0.,0.4),.PIECEWISE_BEZIER_KNOTS.);
#368 = CARTESIAN_POINT('',(56.8,-111.4,-9.38));
#369 = CARTESIAN_POINT('',(56.8,-111.4,-8.98));
#370 = ORIENTED_EDGE('',*,*,#371,.T.);
#371 = EDGE_CURVE('',#365,#372,#374,.T.);
#372 = VERTEX_POINT('',#373);
#373 = CARTESIAN_POINT('',(49.8,-111.4,-8.98));
#374 = B_SPLINE_CURVE_WITH_KNOTS('',1,(#375,#376),.UNSPECIFIED.,.F.,.F.,
  (2,2),(0.,7.),.PIECEWISE_BEZIER_KNOTS.);
#375 = CARTESIAN_POINT('',(56.8,-111.4,-8.98));
#376 = CARTESIAN_POINT('',(49.8,-111.4,-8.98));
#377 = ORIENTED_EDGE('',*,*,#378,.F.);
#378 = EDGE_CURVE('',#358,#372,#379,.T.);
#379 = B_SPLINE_CURVE_WITH_KNOTS('',1,(#380,#381),.UNSPECIFIED.,.F.,.F.,
  (2,2),(0.,0.4),.PIECEWISE_BEZIER_KNOTS.);
#380 = CARTESIAN_POINT('',(49.8,-111.4,-9.38));
#381 = CARTESIAN_POINT('',(49.8,-111.4,-8.98));
#382 = B_SPLINE_SURFACE_WITH_KNOTS('',1,1,(
    (#383,#384)
    ,(#385,#386
    )),.UNSPECIFIED.,.F.,.F.,.F.,(2,2),(2,2),(0.,7.),(-0.4,0.),
  .PIECEWISE_BEZIER_KNOTS.);
#383 = CARTESIAN_POINT('',(56.8,-111.4,-8.98));
#384 = CARTESIAN_POINT('',(56.8,-111.4,-9.38));
#385 = CARTESIAN_POINT('',(49.8,-111.4,-8.98));
#386 = CARTESIAN_POINT('',(49.8,-111.4,-9.38));
#387 = ADVANCED_FACE('',(#388),#418,.T.);
#388 = FACE_BOUND('',#389,.T.);
#389 = EDGE_LOOP('',(#390,#399,#406,#413));
#390 = ORIENTED_EDGE('',*,*,#391,.F.);
#391 = EDGE_CURVE('',#392,#394,#396,.T.);
#392 = VERTEX_POINT('',#393);
#393 = CARTESIAN_POINT('',(56.8,-113.4,-9.38));
#394 = VERTEX_POINT('',#395);
#395 = CARTESIAN_POINT('',(49.8,-113.4,-9.38));
#396 = B_SPLINE_CURVE_WITH_KNOTS('',1,(#397,#398),.UNSPECIFIED.,.F.,.F.,
  (2,2),(0.,7.),.PIECEWISE_BEZIER_KNOTS.);
#397 = CARTESIAN_POINT('',(56.8,-113.4,-9.38));
#398 = CARTESIAN_POINT('',(49.8,-113.4,-9.38));
#399 = ORIENTED_EDGE('',*,*,#400,.T.);
#400 = EDGE_CURVE('',#392,#401,#403,.T.);
#401 = VERTEX_POINT('',#402);
#402 = CARTESIAN_POINT('',(56.8,-113.4,-8.98));
#403 = B_SPLINE_CURVE_WITH_KNOTS('',1,(#404,#405),.UNSPECIFIED.,.F.,.F.,
  (2,2),(0.,0.4),.PIECEWISE_BEZIER_KNOTS.);
#404 = CARTESIAN_POINT('',(56.8,-113.4,-9.38));
#405 = CARTESIAN_POINT('',(56.8,-113.4,-8.98));
#406 = ORIENTED_EDGE('',*,*,#407,.T.);
#407 = EDGE_CURVE('',#401,#408,#410,.T.);
#408 = VERTEX_POINT('',#409);
#409 = CARTESIAN_POINT('',(49.8,-113.4,-8.98));
#410 = B_SPLINE_CURVE_WITH_KNOTS('',1,(#411,#412),.UNSPECIFIED.,.F.,.F.,
  (2,2),(0.,7.),.PIECEWISE_BEZIER_KNOTS.);
#411 = CARTESIAN_POINT('',(56.8,-113.4,-8.98));
#412 = CARTESIAN_POINT('',(49.8,-113.4,-8.98));
#413 = ORIENTED_EDGE('',*,*,#414,.F.);
#414 = EDGE_CURVE('',#394,#408,#415,.T.);
#415 = B_SPLINE_CURVE_WITH_KNOTS('',1,(#416,#417),.UNSPECIFIED.,.F.,.F.,
  (2,2),(0.,0.4),.PIECEWISE_BEZIER_KNOTS.);
#416 = CARTESIAN_POINT('',(49.8,-113.4,-9.38));
#417 = CARTESIAN_POINT('',(49.8,-113.4,-8.98));
#418 = B_SPLINE_SURFACE_WITH_KNOTS('',1,1,(
    (#419,#420)
    ,(#421,#422
    )),.UNSPECIFIED.,.F.,.F.,.F.,(2,2),(2,2),(0.,7.),(-0.4,0.),
  .PIECEWISE_BEZIER_KNOTS.);
#419 = CARTESIAN_POINT('',(56.8,-113.4,-8.98));
#420 = CARTESIAN_POINT('',(56.8,-113.4,-9.38));
#421 = CARTESIAN_POINT('',(49.8,-113.4,-8.98));
#422 = CARTESIAN_POINT('',(49.8,-113.4,-9.38));
#423 = ADVANCED_FACE('',(#424),#438,.F.);
#424 = FACE_BOUND('',#425,.F.);
#425 = EDGE_LOOP('',(#426,#431,#432,#437));
#426 = ORIENTED_EDGE('',*,*,#427,.F.);
#427 = EDGE_CURVE('',#356,#392,#428,.T.);
#428 = B_SPLINE_CURVE_WITH_KNOTS('',1,(#429,#430),.UNSPECIFIED.,.F.,.F.,
  (2,2),(0.,2.),.PIECEWISE_BEZIER_KNOTS.);
#429 = CARTESIAN_POINT('',(56.8,-111.4,-9.38));
#430 = CARTESIAN_POINT('',(56.8,-113.4,-9.38));
#431 = ORIENTED_EDGE('',*,*,#355,.T.);
#432 = ORIENTED_EDGE('',*,*,#433,.T.);
#433 = EDGE_CURVE('',#358,#394,#434,.T.);
#434 = B_SPLINE_CURVE_WITH_KNOTS('',1,(#435,#436),.UNSPECIFIED.,.F.,.F.,
  (2,2),(0.,2.),.PIECEWISE_BEZIER_KNOTS.);
#435 = CARTESIAN_POINT('',(49.8,-111.4,-9.38));
#436 = CARTESIAN_POINT('',(49.8,-113.4,-9.38));
#437 = ORIENTED_EDGE('',*,*,#391,.F.);
#438 = B_SPLINE_SURFACE_WITH_KNOTS('',1,1,(
    (#439,#440)
    ,(#441,#442)),.UNSPECIFIED.,.F.,.F.,.F.,(2,2),(2,2),(0.,7.),(0.,2.),
  .PIECEWISE_BEZIER_KNOTS.);
#439 = CARTESIAN_POINT('',(56.8,-111.4,-9.38));
#440 = CARTESIAN_POINT('',(56.8,-113.4,-9.38));
#441 = CARTESIAN_POINT('',(49.8,-111.4,-9.38));
#442 = CARTESIAN_POINT('',(49.8,-113.4,-9.38));
#443 = ADVANCED_FACE('',(#444),#458,.T.);
#444 = FACE_BOUND('',#445,.T.);
#445 = EDGE_LOOP('',(#446,#451,#452,#457));
#446 = ORIENTED_EDGE('',*,*,#447,.F.);
#447 = EDGE_CURVE('',#365,#401,#448,.T.);
#448 = B_SPLINE_CURVE_WITH_KNOTS('',1,(#449,#450),.UNSPECIFIED.,.F.,.F.,
  (2,2),(0.,2.),.PIECEWISE_BEZIER_KNOTS.);
#449 = CARTESIAN_POINT('',(56.8,-111.4,-8.98));
#450 = CARTESIAN_POINT('',(56.8,-113.4,-8.98));
#451 = ORIENTED_EDGE('',*,*,#371,.T.);
#452 = ORIENTED_EDGE('',*,*,#453,.T.);
#453 = EDGE_CURVE('',#372,#408,#454,.T.);
#454 = B_SPLINE_CURVE_WITH_KNOTS('',1,(#455,#456),.UNSPECIFIED.,.F.,.F.,
  (2,2),(0.,2.),.PIECEWISE_BEZIER_KNOTS.);
#455 = CARTESIAN_POINT('',(49.8,-111.4,-8.98));
#456 = CARTESIAN_POINT('',(49.8,-113.4,-8.98));
#457 = ORIENTED_EDGE('',*,*,#407,.F.);
#458 = B_SPLINE_SURFACE_WITH_KNOTS('',1,1,(
    (#459,#460)
    ,(#461,#462)),.UNSPECIFIED.,.F.,.F.,.F.,(2,2),(2,2),(0.,7.),(0.,2.),
  .PIECEWISE_BEZIER_KNOTS.);
#459 = CARTESIAN_POINT('',(56.8,-111.4,-8.98));
#460 = CARTESIAN_POINT('',(56.8,-113.4,-8.98));
#461 = CARTESIAN_POINT('',(49.8,-111.4,-8.98));
#462 = CARTESIAN_POINT('',(49.8,-113.4,-8.98));
#463 = ADVANCED_FACE('',(#464),#470,.F.);
#464 = FACE_BOUND('',#465,.F.);
#465 = EDGE_LOOP('',(#466,#467,#468,#469));
#466 = ORIENTED_EDGE('',*,*,#364,.F.);
#467 = ORIENTED_EDGE('',*,*,#427,.T.);
#468 = ORIENTED_EDGE('',*,*,#400,.T.);
#469 = ORIENTED_EDGE('',*,*,#447,.F.);
#470 = B_SPLINE_SURFACE_WITH_KNOTS('',1,1,(
    (#471,#472)
    ,(#473,#474
  )),.UNSPECIFIED.,.F.,.F.,.F.,(2,2),(2,2),(0.,2.),(0.,0.4),
  .PIECEWISE_BEZIER_KNOTS.);
#471 = CARTESIAN_POINT('',(56.8,-111.4,-9.38));
#472 = CARTESIAN_POINT('',(56.8,-111.4,-8.98));
#473 = CARTESIAN_POINT('',(56.8,-113.4,-9.38));
#474 = CARTESIAN_POINT('',(56.8,-113.4,-8.98));
#475 = ADVANCED_FACE('',(#476),#482,.T.);
#476 = FACE_BOUND('',#477,.T.);
#477 = EDGE_LOOP('',(#478,#479,#480,#481));
#478 = ORIENTED_EDGE('',*,*,#378,.F.);
#479 = ORIENTED_EDGE('',*,*,#433,.T.);
#480 = ORIENTED_EDGE('',*,*,#414,.T.);
#481 = ORIENTED_EDGE('',*,*,#453,.F.);
#482 = B_SPLINE_SURFACE_WITH_KNOTS('',1,1,(
    (#483,#484)
    ,(#485,#486
  )),.UNSPECIFIED.,.F.,.F.,.F.,(2,2),(2,2),(0.,2.),(0.,0.4),
  .PIECEWISE_BEZIER_KNOTS.);
#483 = CARTESIAN_POINT('',(49.8,-111.4,-9.38));
#484 = CARTESIAN_POINT('',(49.8,-111.4,-8.98));
#485 = CARTESIAN_POINT('',(49.8,-113.4,-9.38));
#486 = CARTESIAN_POINT('',(49.8,-113.4,-8.98));
#487 = MANIFOLD_SOLID_BREP('',#488);
#488 = CLOSED_SHELL('',(#489,#525,#561,#581,#601,#613));
#489 = ADVANCED_FACE('',(#490),#520,.F.);
#490 = FACE_BOUND('',#491,.F.);
#491 = EDGE_LOOP('',(#492,#501,#508,#515));
#492 = ORIENTED_EDGE('',*,*,#493,.F.);
#493 = EDGE_CURVE('',#494,#496,#498,.T.);
#494 = VERTEX_POINT('',#495);
#495 = CARTESIAN_POINT('',(56.8,-111.4,2.72));
#496 = VERTEX_POINT('',#497);
#497 = CARTESIAN_POINT('',(49.8,-111.4,2.72));
#498 = B_SPLINE_CURVE_WITH_KNOTS('',1,(#499,#500),.UNSPECIFIED.,.F.,.F.,
  (2,2),(0.,7.),.PIECEWISE_BEZIER_KNOTS.);
#499 = CARTESIAN_POINT('',(56.8,-111.4,2.72));
#500 = CARTESIAN_POINT('',(49.8,-111.4,2.72));
#501 = ORIENTED_EDGE('',*,*,#502,.T.);
#502 = EDGE_CURVE('',#494,#503,#505,.T.);
#503 = VERTEX_POINT('',#504);
#504 = CARTESIAN_POINT('',(56.8,-111.4,3.12));
#505 = B_SPLINE_CURVE_WITH_KNOTS('',1,(#506,#507),.UNSPECIFIED.,.F.,.F.,
  (2,2),(0.,0.4),.PIECEWISE_BEZIER_KNOTS.);
#506 = CARTESIAN_POINT('',(56.8,-111.4,2.72));
#507 = CARTESIAN_POINT('',(56.8,-111.4,3.12));
#508 = ORIENTED_EDGE('',*,*,#509,.T.);
#509 = EDGE_CURVE('',#503,#510,#512,.T.);
#510 = VERTEX_POINT('',#511);
#511 = CARTESIAN_POINT('',(49.8,-111.4,3.12));
#512 = B_SPLINE_CURVE_WITH_KNOTS('',1,(#513,#514),.UNSPECIFIED.,.F.,.F.,
  (2,2),(0.,7.),.PIECEWISE_BEZIER_KNOTS.);
#513 = CARTESIAN_POINT('',(56.8,-111.4,3.12));
#514 = CARTESIAN_POINT('',(49.8,-111.4,3.12));
#515 = ORIENTED_EDGE('',*,*,#516,.F.);
#516 = EDGE_CURVE('',#496,#510,#517,.T.);
#517 = B_SPLINE_CURVE_WITH_KNOTS('',1,(#518,#519),.UNSPECIFIED.,.F.,.F.,
  (2,2),(0.,0.4),.PIECEWISE_BEZIER_KNOTS.);
#518 = CARTESIAN_POINT('',(49.8,-111.4,2.72));
#519 = CARTESIAN_POINT('',(49.8,-111.4,3.12));
#520 = B_SPLINE_SURFACE_WITH_KNOTS('',1,1,(
    (#521,#522)
    ,(#523,#524
    )),.UNSPECIFIED.,.F.,.F.,.F.,(2,2),(2,2),(0.,7.),(-0.4,0.),
  .PIECEWISE_BEZIER_KNOTS.);
#521 = CARTESIAN_POINT('',(56.8,-111.4,3.12));
#522 = CARTESIAN_POINT('',(56.8,-111.4,2.72));
#523 = CARTESIAN_POINT('',(49.8,-111.4,3.12));
#524 = CARTESIAN_POINT('',(49.8,-111.4,2.72));
#525 = ADVANCED_FACE('',(#526),#556,.T.);
#526 = FACE_BOUND('',#527,.T.);
#527 = EDGE_LOOP('',(#528,#537,#544,#551));
#528 = ORIENTED_EDGE('',*,*,#529,.F.);
#529 = EDGE_CURVE('',#530,#532,#534,.T.);
#530 = VERTEX_POINT('',#531);
#531 = CARTESIAN_POINT('',(56.8,-113.4,2.72));
#532 = VERTEX_POINT('',#533);
#533 = CARTESIAN_POINT('',(49.8,-113.4,2.72));
#534 = B_SPLINE_CURVE_WITH_KNOTS('',1,(#535,#536),.UNSPECIFIED.,.F.,.F.,
  (2,2),(0.,7.),.PIECEWISE_BEZIER_KNOTS.);
#535 = CARTESIAN_POINT('',(56.8,-113.4,2.72));
#536 = CARTESIAN_POINT('',(49.8,-113.4,2.72));
#537 = ORIENTED_EDGE('',*,*,#538,.T.);
#538 = EDGE_CURVE('',#530,#539,#541,.T.);
#539 = VERTEX_POINT('',#540);
#540 = CARTESIAN_POINT('',(56.8,-113.4,3.12));
#541 = B_SPLINE_CURVE_WITH_KNOTS('',1,(#542,#543),.UNSPECIFIED.,.F.,.F.,
  (2,2),(0.,0.4),.PIECEWISE_BEZIER_KNOTS.);
#542 = CARTESIAN_POINT('',(56.8,-113.4,2.72));
#543 = CARTESIAN_POINT('',(56.8,-113.4,3.12));
#544 = ORIENTED_EDGE('',*,*,#545,.T.);
#545 = EDGE_CURVE('',#539,#546,#548,.T.);
#546 = VERTEX_POINT('',#547);
#547 = CARTESIAN_POINT('',(49.8,-113.4,3.12));
#548 = B_SPLINE_CURVE_WITH_KNOTS('',1,(#549,#550),.UNSPECIFIED.,.F.,.F.,
  (2,2),(0.,7.),.PIECEWISE_BEZIER_KNOTS.);
#549 = CARTESIAN_POINT('',(56.8,-113.4,3.12));
#550 = CARTESIAN_POINT('',(49.8,-113.4,3.12));
#551 = ORIENTED_EDGE('',*,*,#552,.F.);
#552 = EDGE_CURVE('',#532,#546,#553,.T.);
#553 = B_SPLINE_CURVE_WITH_KNOTS('',1,(#554,#555),.UNSPECIFIED.,.F.,.F.,
  (2,2),(0.,0.4),.PIECEWISE_BEZIER_KNOTS.);
#554 = CARTESIAN_POINT('',(49.8,-113.4,2.72));
#555 = CARTESIAN_POINT('',(49.8,-113.4,3.12));
#556 = B_SPLINE_SURFACE_WITH_KNOTS('',1,1,(
    (#557,#558)
    ,(#559,#560
    )),.UNSPECIFIED.,.F.,.F.,.F.,(2,2),(2,2),(0.,7.),(-0.4,0.),
  .PIECEWISE_BEZIER_KNOTS.);
#557 = CARTESIAN_POINT('',(56.8,-113.4,3.12));
#558 = CARTESIAN_POINT('',(56.8,-113.4,2.72));
#559 = CARTESIAN_POINT('',(49.8,-113.4,3.12));
#560 = CARTESIAN_POINT('',(49.8,-113.4,2.72));
#561 = ADVANCED_FACE('',(#562),#576,.F.);
#562 = FACE_BOUND('',#563,.F.);
#563 = EDGE_LOOP('',(#564,#569,#570,#575));
#564 = ORIENTED_EDGE('',*,*,#565,.F.);
#565 = EDGE_CURVE('',#494,#530,#566,.T.);
#566 = B_SPLINE_CURVE_WITH_KNOTS('',1,(#567,#568),.UNSPECIFIED.,.F.,.F.,
  (2,2),(0.,2.),.PIECEWISE_BEZIER_KNOTS.);
#567 = CARTESIAN_POINT('',(56.8,-111.4,2.72));
#568 = CARTESIAN_POINT('',(56.8,-113.4,2.72));
#569 = ORIENTED_EDGE('',*,*,#493,.T.);
#570 = ORIENTED_EDGE('',*,*,#571,.T.);
#571 = EDGE_CURVE('',#496,#532,#572,.T.);
#572 = B_SPLINE_CURVE_WITH_KNOTS('',1,(#573,#574),.UNSPECIFIED.,.F.,.F.,
  (2,2),(0.,2.),.PIECEWISE_BEZIER_KNOTS.);
#573 = CARTESIAN_POINT('',(49.8,-111.4,2.72));
#574 = CARTESIAN_POINT('',(49.8,-113.4,2.72));
#575 = ORIENTED_EDGE('',*,*,#529,.F.);
#576 = B_SPLINE_SURFACE_WITH_KNOTS('',1,1,(
    (#577,#578)
    ,(#579,#580)),.UNSPECIFIED.,.F.,.F.,.F.,(2,2),(2,2),(0.,7.),(0.,2.),
  .PIECEWISE_BEZIER_KNOTS.);
#577 = CARTESIAN_POINT('',(56.8,-111.4,2.72));
#578 = CARTESIAN_POINT('',(56.8,-113.4,2.72));
#579 = CARTESIAN_POINT('',(49.8,-111.4,2.72));
#580 = CARTESIAN_POINT('',(49.8,-113.4,2.72));
#581 = ADVANCED_FACE('',(#582),#596,.T.);
#582 = FACE_BOUND('',#583,.T.);
#583 = EDGE_LOOP('',(#584,#589,#590,#595));
#584 = ORIENTED_EDGE('',*,*,#585,.F.);
#585 = EDGE_CURVE('',#503,#539,#586,.T.);
#586 = B_SPLINE_CURVE_WITH_KNOTS('',1,(#587,#588),.UNSPECIFIED.,.F.,.F.,
  (2,2),(0.,2.),.PIECEWISE_BEZIER_KNOTS.);
#587 = CARTESIAN_POINT('',(56.8,-111.4,3.12));
#588 = CARTESIAN_POINT('',(56.8,-113.4,3.12));
#589 = ORIENTED_EDGE('',*,*,#509,.T.);
#590 = ORIENTED_EDGE('',*,*,#591,.T.);
#591 = EDGE_CURVE('',#510,#546,#592,.T.);
#592 = B_SPLINE_CURVE_WITH_KNOTS('',1,(#593,#594),.UNSPECIFIED.,.F.,.F.,
  (2,2),(0.,2.),.PIECEWISE_BEZIER_KNOTS.);
#593 = CARTESIAN_POINT('',(49.8,-111.4,3.12));
#594 = CARTESIAN_POINT('',(49.8,-113.4,3.12));
#595 = ORIENTED_EDGE('',*,*,#545,.F.);
#596 = B_SPLINE_SURFACE_WITH_KNOTS('',1,1,(
    (#597,#598)
    ,(#599,#600)),.UNSPECIFIED.,.F.,.F.,.F.,(2,2),(2,2),(0.,7.),(0.,2.),
  .PIECEWISE_BEZIER_KNOTS.);
#597 = CARTESIAN_POINT('',(56.8,-111.4,3.12));
#598 = CARTESIAN_POINT('',(56.8,-113.4,3.12));
#599 = CARTESIAN_POINT('',(49.8,-111.4,3.12));
#600 = CARTESIAN_POINT('',(49.8,-113.4,3.12));
#601 = ADVANCED_FACE('',(#602),#608,.F.);
#602 = FACE_BOUND('',#603,.F.);
#603 = EDGE_LOOP('',(#604,#605,#606,#607));
#604 = ORIENTED_EDGE('',*,*,#502,.F.);
#605 = ORIENTED_EDGE('',*,*,#565,.T.);
#606 = ORIENTED_EDGE('',*,*,#538,.T.);
#607 = ORIENTED_EDGE('',*,*,#585,.F.);
#608 = B_SPLINE_SURFACE_WITH_KNOTS('',1,1,(
    (#609,#610)
    ,(#611,#612
  )),.UNSPECIFIED.,.F.,.F.,.F.,(2,2),(2,2),(0.,2.),(0.,0.4),
  .PIECEWISE_BEZIER_KNOTS.);
#609 = CARTESIAN_POINT('',(56.8,-111.4,2.72));
#610 = CARTESIAN_POINT('',(56.8,-111.4,3.12));
#611 = CARTESIAN_POINT('',(56.8,-113.4,2.72));
#612 = CARTESIAN_POINT('',(56.8,-113.4,3.12));
#613 = ADVANCED_FACE('',(#614),#620,.T.);
#614 = FACE_BOUND('',#615,.T.);
#615 = EDGE_LOOP('',(#616,#617,#618,#619));
#616 = ORIENTED_EDGE('',*,*,#516,.F.);
#617 = ORIENTED_EDGE('',*,*,#571,.T.);
#618 = ORIENTED_EDGE('',*,*,#552,.T.);
#619 = ORIENTED_EDGE('',*,*,#591,.F.);
#620 = B_SPLINE_SURFACE_WITH_KNOTS('',1,1,(
    (#621,#622)
    ,(#623,#624
  )),.UNSPECIFIED.,.F.,.F.,.F.,(2,2),(2,2),(0.,2.),(0.,0.4),
  .PIECEWISE_BEZIER_KNOTS.);
#621 = CARTESIAN_POINT('',(49.8,-111.4,2.72));
#622 = CARTESIAN_POINT('',(49.8,-111.4,3.12));
#623 = CARTESIAN_POINT('',(49.8,-113.4,2.72));
#624 = CARTESIAN_POINT('',(49.8,-113.4,3.12));
#625 = MANIFOLD_SOLID_BREP('',#626);
#626 = CLOSED_SHELL('',(#627,#663,#699,#719,#739,#751));
#627 = ADVANCED_FACE('',(#628),#658,.F.);
#628 = FACE_BOUND('',#629,.F.);
#629 = EDGE_LOOP('',(#630,#639,#646,#653));
#630 = ORIENTED_EDGE('',*,*,#631,.F.);
#631 = EDGE_CURVE('',#632,#634,#636,.T.);
#632 = VERTEX_POINT('',#633);
#633 = CARTESIAN_POINT('',(57.8,-104.75,-6.08));
#634 = VERTEX_POINT('',#635);
#635 = CARTESIAN_POINT('',(53.3,-104.75,-6.08));
#636 = B_SPLINE_CURVE_WITH_KNOTS('',1,(#637,#638),.UNSPECIFIED.,.F.,.F.,
  (2,2),(0.,4.5),.PIECEWISE_BEZIER_KNOTS.);
#637 = CARTESIAN_POINT('',(57.8,-104.75,-6.08));
#638 = CARTESIAN_POINT('',(53.3,-104.75,-6.08));
#639 = ORIENTED_EDGE('',*,*,#640,.T.);
#640 = EDGE_CURVE('',#632,#641,#643,.T.);
#641 = VERTEX_POINT('',#642);
#642 = CARTESIAN_POINT('',(57.8,-104.75,-5.18));
#643 = B_SPLINE_CURVE_WITH_KNOTS('',1,(#644,#645),.UNSPECIFIED.,.F.,.F.,
  (2,2),(0.,0.9),.PIECEWISE_BEZIER_KNOTS.);
#644 = CARTESIAN_POINT('',(57.8,-104.75,-6.08));
#645 = CARTESIAN_POINT('',(57.8,-104.75,-5.18));
#646 = ORIENTED_EDGE('',*,*,#647,.T.);
#647 = EDGE_CURVE('',#641,#648,#650,.T.);
#648 = VERTEX_POINT('',#649);
#649 = CARTESIAN_POINT('',(53.3,-104.75,-5.18));
#650 = B_SPLINE_CURVE_WITH_KNOTS('',1,(#651,#652),.UNSPECIFIED.,.F.,.F.,
  (2,2),(0.,4.5),.PIECEWISE_BEZIER_KNOTS.);
#651 = CARTESIAN_POINT('',(57.8,-104.75,-5.18));
#652 = CARTESIAN_POINT('',(53.3,-104.75,-5.18));
#653 = ORIENTED_EDGE('',*,*,#654,.F.);
#654 = EDGE_CURVE('',#634,#648,#655,.T.);
#655 = B_SPLINE_CURVE_WITH_KNOTS('',1,(#656,#657),.UNSPECIFIED.,.F.,.F.,
  (2,2),(0.,0.9),.PIECEWISE_BEZIER_KNOTS.);
#656 = CARTESIAN_POINT('',(53.3,-104.75,-6.08));
#657 = CARTESIAN_POINT('',(53.3,-104.75,-5.18));
#658 = B_SPLINE_SURFACE_WITH_KNOTS('',1,1,(
    (#659,#660)
    ,(#661,#662
    )),.UNSPECIFIED.,.F.,.F.,.F.,(2,2),(2,2),(0.,4.5),(-0.9,0.),
  .PIECEWISE_BEZIER_KNOTS.);
#659 = CARTESIAN_POINT('',(57.8,-104.75,-5.18));
#660 = CARTESIAN_POINT('',(57.8,-104.75,-6.08));
#661 = CARTESIAN_POINT('',(53.3,-104.75,-5.18));
#662 = CARTESIAN_POINT('',(53.3,-104.75,-6.08));
#663 = ADVANCED_FACE('',(#664),#694,.T.);
#664 = FACE_BOUND('',#665,.T.);
#665 = EDGE_LOOP('',(#666,#675,#682,#689));
#666 = ORIENTED_EDGE('',*,*,#667,.F.);
#667 = EDGE_CURVE('',#668,#670,#672,.T.);
#668 = VERTEX_POINT('',#669);
#669 = CARTESIAN_POINT('',(57.8,-105.05,-6.08));
#670 = VERTEX_POINT('',#671);
#671 = CARTESIAN_POINT('',(53.3,-105.05,-6.08));
#672 = B_SPLINE_CURVE_WITH_KNOTS('',1,(#673,#674),.UNSPECIFIED.,.F.,.F.,
  (2,2),(0.,4.5),.PIECEWISE_BEZIER_KNOTS.);
#673 = CARTESIAN_POINT('',(57.8,-105.05,-6.08));
#674 = CARTESIAN_POINT('',(53.3,-105.05,-6.08));
#675 = ORIENTED_EDGE('',*,*,#676,.T.);
#676 = EDGE_CURVE('',#668,#677,#679,.T.);
#677 = VERTEX_POINT('',#678);
#678 = CARTESIAN_POINT('',(57.8,-105.05,-5.18));
#679 = B_SPLINE_CURVE_WITH_KNOTS('',1,(#680,#681),.UNSPECIFIED.,.F.,.F.,
  (2,2),(0.,0.9),.PIECEWISE_BEZIER_KNOTS.);
#680 = CARTESIAN_POINT('',(57.8,-105.05,-6.08));
#681 = CARTESIAN_POINT('',(57.8,-105.05,-5.18));
#682 = ORIENTED_EDGE('',*,*,#683,.T.);
#683 = EDGE_CURVE('',#677,#684,#686,.T.);
#684 = VERTEX_POINT('',#685);
#685 = CARTESIAN_POINT('',(53.3,-105.05,-5.18));
#686 = B_SPLINE_CURVE_WITH_KNOTS('',1,(#687,#688),.UNSPECIFIED.,.F.,.F.,
  (2,2),(0.,4.5),.PIECEWISE_BEZIER_KNOTS.);
#687 = CARTESIAN_POINT('',(57.8,-105.05,-5.18));
#688 = CARTESIAN_POINT('',(53.3,-105.05,-5.18));
#689 = ORIENTED_EDGE('',*,*,#690,.F.);
#690 = EDGE_CURVE('',#670,#684,#691,.T.);
#691 = B_SPLINE_CURVE_WITH_KNOTS('',1,(#692,#693),.UNSPECIFIED.,.F.,.F.,
  (2,2),(0.,0.9),.PIECEWISE_BEZIER_KNOTS.);
#692 = CARTESIAN_POINT('',(53.3,-105.05,-6.08));
#693 = CARTESIAN_POINT('',(53.3,-105.05,-5.18));
#694 = B_SPLINE_SURFACE_WITH_KNOTS('',1,1,(
    (#695,#696)
    ,(#697,#698
    )),.UNSPECIFIED.,.F.,.F.,.F.,(2,2),(2,2),(0.,4.5),(-0.9,0.),
  .PIECEWISE_BEZIER_KNOTS.);
#695 = CARTESIAN_POINT('',(57.8,-105.05,-5.18));
#696 = CARTESIAN_POINT('',(57.8,-105.05,-6.08));
#697 = CARTESIAN_POINT('',(53.3,-105.05,-5.18));
#698 = CARTESIAN_POINT('',(53.3,-105.05,-6.08));
#699 = ADVANCED_FACE('',(#700),#714,.F.);
#700 = FACE_BOUND('',#701,.F.);
#701 = EDGE_LOOP('',(#702,#707,#708,#713));
#702 = ORIENTED_EDGE('',*,*,#703,.F.);
#703 = EDGE_CURVE('',#632,#668,#704,.T.);
#704 = B_SPLINE_CURVE_WITH_KNOTS('',1,(#705,#706),.UNSPECIFIED.,.F.,.F.,
  (2,2),(0.,0.3),.PIECEWISE_BEZIER_KNOTS.);
#705 = CARTESIAN_POINT('',(57.8,-104.75,-6.08));
#706 = CARTESIAN_POINT('',(57.8,-105.05,-6.08));
#707 = ORIENTED_EDGE('',*,*,#631,.T.);
#708 = ORIENTED_EDGE('',*,*,#709,.T.);
#709 = EDGE_CURVE('',#634,#670,#710,.T.);
#710 = B_SPLINE_CURVE_WITH_KNOTS('',1,(#711,#712),.UNSPECIFIED.,.F.,.F.,
  (2,2),(0.,0.3),.PIECEWISE_BEZIER_KNOTS.);
#711 = CARTESIAN_POINT('',(53.3,-104.75,-6.08));
#712 = CARTESIAN_POINT('',(53.3,-105.05,-6.08));
#713 = ORIENTED_EDGE('',*,*,#667,.F.);
#714 = B_SPLINE_SURFACE_WITH_KNOTS('',1,1,(
    (#715,#716)
    ,(#717,#718
    )),.UNSPECIFIED.,.F.,.F.,.F.,(2,2),(2,2),(0.,4.5),(0.,0.3),
  .PIECEWISE_BEZIER_KNOTS.);
#715 = CARTESIAN_POINT('',(57.8,-104.75,-6.08));
#716 = CARTESIAN_POINT('',(57.8,-105.05,-6.08));
#717 = CARTESIAN_POINT('',(53.3,-104.75,-6.08));
#718 = CARTESIAN_POINT('',(53.3,-105.05,-6.08));
#719 = ADVANCED_FACE('',(#720),#734,.T.);
#720 = FACE_BOUND('',#721,.T.);
#721 = EDGE_LOOP('',(#722,#727,#728,#733));
#722 = ORIENTED_EDGE('',*,*,#723,.F.);
#723 = EDGE_CURVE('',#641,#677,#724,.T.);
#724 = B_SPLINE_CURVE_WITH_KNOTS('',1,(#725,#726),.UNSPECIFIED.,.F.,.F.,
  (2,2),(0.,0.3),.PIECEWISE_BEZIER_KNOTS.);
#725 = CARTESIAN_POINT('',(57.8,-104.75,-5.18));
#726 = CARTESIAN_POINT('',(57.8,-105.05,-5.18));
#727 = ORIENTED_EDGE('',*,*,#647,.T.);
#728 = ORIENTED_EDGE('',*,*,#729,.T.);
#729 = EDGE_CURVE('',#648,#684,#730,.T.);
#730 = B_SPLINE_CURVE_WITH_KNOTS('',1,(#731,#732),.UNSPECIFIED.,.F.,.F.,
  (2,2),(0.,0.3),.PIECEWISE_BEZIER_KNOTS.);
#731 = CARTESIAN_POINT('',(53.3,-104.75,-5.18));
#732 = CARTESIAN_POINT('',(53.3,-105.05,-5.18));
#733 = ORIENTED_EDGE('',*,*,#683,.F.);
#734 = B_SPLINE_SURFACE_WITH_KNOTS('',1,1,(
    (#735,#736)
    ,(#737,#738
    )),.UNSPECIFIED.,.F.,.F.,.F.,(2,2),(2,2),(0.,4.5),(0.,0.3),
  .PIECEWISE_BEZIER_KNOTS.);
#735 = CARTESIAN_POINT('',(57.8,-104.75,-5.18));
#736 = CARTESIAN_POINT('',(57.8,-105.05,-5.18));
#737 = CARTESIAN_POINT('',(53.3,-104.75,-5.18));
#738 = CARTESIAN_POINT('',(53.3,-105.05,-5.18));
#739 = ADVANCED_FACE('',(#740),#746,.F.);
#740 = FACE_BOUND('',#741,.F.);
#741 = EDGE_LOOP('',(#742,#743,#744,#745));
#742 = ORIENTED_EDGE('',*,*,#640,.F.);
#743 = ORIENTED_EDGE('',*,*,#703,.T.);
#744 = ORIENTED_EDGE('',*,*,#676,.T.);
#745 = ORIENTED_EDGE('',*,*,#723,.F.);
#746 = B_SPLINE_SURFACE_WITH_KNOTS('',1,1,(
    (#747,#748)
    ,(#749,#750
    )),.UNSPECIFIED.,.F.,.F.,.F.,(2,2),(2,2),(0.,0.3),(0.,0.9),
  .PIECEWISE_BEZIER_KNOTS.);
#747 = CARTESIAN_POINT('',(57.8,-104.75,-6.08));
#748 = CARTESIAN_POINT('',(57.8,-104.75,-5.18));
#749 = CARTESIAN_POINT('',(57.8,-105.05,-6.08));
#750 = CARTESIAN_POINT('',(57.8,-105.05,-5.18));
#751 = ADVANCED_FACE('',(#752),#758,.T.);
#752 = FACE_BOUND('',#753,.T.);
#753 = EDGE_LOOP('',(#754,#755,#756,#757));
#754 = ORIENTED_EDGE('',*,*,#654,.F.);
#755 = ORIENTED_EDGE('',*,*,#709,.T.);
#756 = ORIENTED_EDGE('',*,*,#690,.T.);
#757 = ORIENTED_EDGE('',*,*,#729,.F.);
#758 = B_SPLINE_SURFACE_WITH_KNOTS('',1,1,(
    (#759,#760)
    ,(#761,#762
    )),.UNSPECIFIED.,.F.,.F.,.F.,(2,2),(2,2),(0.,0.3),(0.,0.9),
  .PIECEWISE_BEZIER_KNOTS.);
#759 = CARTESIAN_POINT('',(53.3,-104.75,-6.08));
#760 = CARTESIAN_POINT('',(53.3,-104.75,-5.18));
#761 = CARTESIAN_POINT('',(53.3,-105.05,-6.08));
#762 = CARTESIAN_POINT('',(53.3,-105.05,-5.18));
#763 = MANIFOLD_SOLID_BREP('',#764);
#764 = CLOSED_SHELL('',(#765,#801,#837,#857,#877,#889));
#765 = ADVANCED_FACE('',(#766),#796,.F.);
#766 = FACE_BOUND('',#767,.F.);
#767 = EDGE_LOOP('',(#768,#777,#784,#791));
#768 = ORIENTED_EDGE('',*,*,#769,.F.);
#769 = EDGE_CURVE('',#770,#772,#774,.T.);
#770 = VERTEX_POINT('',#771);
#771 = CARTESIAN_POINT('',(53.7,-104.825,-6.08));
#772 = VERTEX_POINT('',#773);
#773 = CARTESIAN_POINT('',(53.4,-104.825,-6.08));
#774 = B_SPLINE_CURVE_WITH_KNOTS('',1,(#775,#776),.UNSPECIFIED.,.F.,.F.,
  (2,2),(0.,0.3),.PIECEWISE_BEZIER_KNOTS.);
#775 = CARTESIAN_POINT('',(53.7,-104.825,-6.08));
#776 = CARTESIAN_POINT('',(53.4,-104.825,-6.08));
#777 = ORIENTED_EDGE('',*,*,#778,.T.);
#778 = EDGE_CURVE('',#770,#779,#781,.T.);
#779 = VERTEX_POINT('',#780);
#780 = CARTESIAN_POINT('',(53.7,-104.825,-5.18));
#781 = B_SPLINE_CURVE_WITH_KNOTS('',1,(#782,#783),.UNSPECIFIED.,.F.,.F.,
  (2,2),(0.,0.9),.PIECEWISE_BEZIER_KNOTS.);
#782 = CARTESIAN_POINT('',(53.7,-104.825,-6.08));
#783 = CARTESIAN_POINT('',(53.7,-104.825,-5.18));
#784 = ORIENTED_EDGE('',*,*,#785,.T.);
#785 = EDGE_CURVE('',#779,#786,#788,.T.);
#786 = VERTEX_POINT('',#787);
#787 = CARTESIAN_POINT('',(53.4,-104.825,-5.18));
#788 = B_SPLINE_CURVE_WITH_KNOTS('',1,(#789,#790),.UNSPECIFIED.,.F.,.F.,
  (2,2),(0.,0.3),.PIECEWISE_BEZIER_KNOTS.);
#789 = CARTESIAN_POINT('',(53.7,-104.825,-5.18));
#790 = CARTESIAN_POINT('',(53.4,-104.825,-5.18));
#791 = ORIENTED_EDGE('',*,*,#792,.F.);
#792 = EDGE_CURVE('',#772,#786,#793,.T.);
#793 = B_SPLINE_CURVE_WITH_KNOTS('',1,(#794,#795),.UNSPECIFIED.,.F.,.F.,
  (2,2),(0.,0.9),.PIECEWISE_BEZIER_KNOTS.);
#794 = CARTESIAN_POINT('',(53.4,-104.825,-6.08));
#795 = CARTESIAN_POINT('',(53.4,-104.825,-5.18));
#796 = B_SPLINE_SURFACE_WITH_KNOTS('',1,1,(
    (#797,#798)
    ,(#799,#800
    )),.UNSPECIFIED.,.F.,.F.,.F.,(2,2),(2,2),(0.,0.3),(-0.9,0.),
  .PIECEWISE_BEZIER_KNOTS.);
#797 = CARTESIAN_POINT('',(53.7,-104.825,-5.18));
#798 = CARTESIAN_POINT('',(53.7,-104.825,-6.08));
#799 = CARTESIAN_POINT('',(53.4,-104.825,-5.18));
#800 = CARTESIAN_POINT('',(53.4,-104.825,-6.08));
#801 = ADVANCED_FACE('',(#802),#832,.T.);
#802 = FACE_BOUND('',#803,.T.);
#803 = EDGE_LOOP('',(#804,#813,#820,#827));
#804 = ORIENTED_EDGE('',*,*,#805,.F.);
#805 = EDGE_CURVE('',#806,#808,#810,.T.);
#806 = VERTEX_POINT('',#807);
#807 = CARTESIAN_POINT('',(53.7,-106.475,-6.08));
#808 = VERTEX_POINT('',#809);
#809 = CARTESIAN_POINT('',(53.4,-106.475,-6.08));
#810 = B_SPLINE_CURVE_WITH_KNOTS('',1,(#811,#812),.UNSPECIFIED.,.F.,.F.,
  (2,2),(0.,0.3),.PIECEWISE_BEZIER_KNOTS.);
#811 = CARTESIAN_POINT('',(53.7,-106.475,-6.08));
#812 = CARTESIAN_POINT('',(53.4,-106.475,-6.08));
#813 = ORIENTED_EDGE('',*,*,#814,.T.);
#814 = EDGE_CURVE('',#806,#815,#817,.T.);
#815 = VERTEX_POINT('',#816);
#816 = CARTESIAN_POINT('',(53.7,-106.475,-5.18));
#817 = B_SPLINE_CURVE_WITH_KNOTS('',1,(#818,#819),.UNSPECIFIED.,.F.,.F.,
  (2,2),(0.,0.9),.PIECEWISE_BEZIER_KNOTS.);
#818 = CARTESIAN_POINT('',(53.7,-106.475,-6.08));
#819 = CARTESIAN_POINT('',(53.7,-106.475,-5.18));
#820 = ORIENTED_EDGE('',*,*,#821,.T.);
#821 = EDGE_CURVE('',#815,#822,#824,.T.);
#822 = VERTEX_POINT('',#823);
#823 = CARTESIAN_POINT('',(53.4,-106.475,-5.18));
#824 = B_SPLINE_CURVE_WITH_KNOTS('',1,(#825,#826),.UNSPECIFIED.,.F.,.F.,
  (2,2),(0.,0.3),.PIECEWISE_BEZIER_KNOTS.);
#825 = CARTESIAN_POINT('',(53.7,-106.475,-5.18));
#826 = CARTESIAN_POINT('',(53.4,-106.475,-5.18));
#827 = ORIENTED_EDGE('',*,*,#828,.F.);
#828 = EDGE_CURVE('',#808,#822,#829,.T.);
#829 = B_SPLINE_CURVE_WITH_KNOTS('',1,(#830,#831),.UNSPECIFIED.,.F.,.F.,
  (2,2),(0.,0.9),.PIECEWISE_BEZIER_KNOTS.);
#830 = CARTESIAN_POINT('',(53.4,-106.475,-6.08));
#831 = CARTESIAN_POINT('',(53.4,-106.475,-5.18));
#832 = B_SPLINE_SURFACE_WITH_KNOTS('',1,1,(
    (#833,#834)
    ,(#835,#836
    )),.UNSPECIFIED.,.F.,.F.,.F.,(2,2),(2,2),(0.,0.3),(-0.9,0.),
  .PIECEWISE_BEZIER_KNOTS.);
#833 = CARTESIAN_POINT('',(53.7,-106.475,-5.18));
#834 = CARTESIAN_POINT('',(53.7,-106.475,-6.08));
#835 = CARTESIAN_POINT('',(53.4,-106.475,-5.18));
#836 = CARTESIAN_POINT('',(53.4,-106.475,-6.08));
#837 = ADVANCED_FACE('',(#838),#852,.F.);
#838 = FACE_BOUND('',#839,.F.);
#839 = EDGE_LOOP('',(#840,#845,#846,#851));
#840 = ORIENTED_EDGE('',*,*,#841,.F.);
#841 = EDGE_CURVE('',#770,#806,#842,.T.);
#842 = B_SPLINE_CURVE_WITH_KNOTS('',1,(#843,#844),.UNSPECIFIED.,.F.,.F.,
  (2,2),(0.,1.65),.PIECEWISE_BEZIER_KNOTS.);
#843 = CARTESIAN_POINT('',(53.7,-104.825,-6.08));
#844 = CARTESIAN_POINT('',(53.7,-106.475,-6.08));
#845 = ORIENTED_EDGE('',*,*,#769,.T.);
#846 = ORIENTED_EDGE('',*,*,#847,.T.);
#847 = EDGE_CURVE('',#772,#808,#848,.T.);
#848 = B_SPLINE_CURVE_WITH_KNOTS('',1,(#849,#850),.UNSPECIFIED.,.F.,.F.,
  (2,2),(0.,1.65),.PIECEWISE_BEZIER_KNOTS.);
#849 = CARTESIAN_POINT('',(53.4,-104.825,-6.08));
#850 = CARTESIAN_POINT('',(53.4,-106.475,-6.08));
#851 = ORIENTED_EDGE('',*,*,#805,.F.);
#852 = B_SPLINE_SURFACE_WITH_KNOTS('',1,1,(
    (#853,#854)
    ,(#855,#856
    )),.UNSPECIFIED.,.F.,.F.,.F.,(2,2),(2,2),(0.,0.3),(0.,1.65),
  .PIECEWISE_BEZIER_KNOTS.);
#853 = CARTESIAN_POINT('',(53.7,-104.825,-6.08));
#854 = CARTESIAN_POINT('',(53.7,-106.475,-6.08));
#855 = CARTESIAN_POINT('',(53.4,-104.825,-6.08));
#856 = CARTESIAN_POINT('',(53.4,-106.475,-6.08));
#857 = ADVANCED_FACE('',(#858),#872,.T.);
#858 = FACE_BOUND('',#859,.T.);
#859 = EDGE_LOOP('',(#860,#865,#866,#871));
#860 = ORIENTED_EDGE('',*,*,#861,.F.);
#861 = EDGE_CURVE('',#779,#815,#862,.T.);
#862 = B_SPLINE_CURVE_WITH_KNOTS('',1,(#863,#864),.UNSPECIFIED.,.F.,.F.,
  (2,2),(0.,1.65),.PIECEWISE_BEZIER_KNOTS.);
#863 = CARTESIAN_POINT('',(53.7,-104.825,-5.18));
#864 = CARTESIAN_POINT('',(53.7,-106.475,-5.18));
#865 = ORIENTED_EDGE('',*,*,#785,.T.);
#866 = ORIENTED_EDGE('',*,*,#867,.T.);
#867 = EDGE_CURVE('',#786,#822,#868,.T.);
#868 = B_SPLINE_CURVE_WITH_KNOTS('',1,(#869,#870),.UNSPECIFIED.,.F.,.F.,
  (2,2),(0.,1.65),.PIECEWISE_BEZIER_KNOTS.);
#869 = CARTESIAN_POINT('',(53.4,-104.825,-5.18));
#870 = CARTESIAN_POINT('',(53.4,-106.475,-5.18));
#871 = ORIENTED_EDGE('',*,*,#821,.F.);
#872 = B_SPLINE_SURFACE_WITH_KNOTS('',1,1,(
    (#873,#874)
    ,(#875,#876
    )),.UNSPECIFIED.,.F.,.F.,.F.,(2,2),(2,2),(0.,0.3),(0.,1.65),
  .PIECEWISE_BEZIER_KNOTS.);
#873 = CARTESIAN_POINT('',(53.7,-104.825,-5.18));
#874 = CARTESIAN_POINT('',(53.7,-106.475,-5.18));
#875 = CARTESIAN_POINT('',(53.4,-104.825,-5.18));
#876 = CARTESIAN_POINT('',(53.4,-106.475,-5.18));
#877 = ADVANCED_FACE('',(#878),#884,.F.);
#878 = FACE_BOUND('',#879,.F.);
#879 = EDGE_LOOP('',(#880,#881,#882,#883));
#880 = ORIENTED_EDGE('',*,*,#778,.F.);
#881 = ORIENTED_EDGE('',*,*,#841,.T.);
#882 = ORIENTED_EDGE('',*,*,#814,.T.);
#883 = ORIENTED_EDGE('',*,*,#861,.F.);
#884 = B_SPLINE_SURFACE_WITH_KNOTS('',1,1,(
    (#885,#886)
    ,(#887,#888
    )),.UNSPECIFIED.,.F.,.F.,.F.,(2,2),(2,2),(0.,1.65),(0.,0.9),
  .PIECEWISE_BEZIER_KNOTS.);
#885 = CARTESIAN_POINT('',(53.7,-104.825,-6.08));
#886 = CARTESIAN_POINT('',(53.7,-104.825,-5.18));
#887 = CARTESIAN_POINT('',(53.7,-106.475,-6.08));
#888 = CARTESIAN_POINT('',(53.7,-106.475,-5.18));
#889 = ADVANCED_FACE('',(#890),#896,.T.);
#890 = FACE_BOUND('',#891,.T.);
#891 = EDGE_LOOP('',(#892,#893,#894,#895));
#892 = ORIENTED_EDGE('',*,*,#792,.F.);
#893 = ORIENTED_EDGE('',*,*,#847,.T.);
#894 = ORIENTED_EDGE('',*,*,#828,.T.);
#895 = ORIENTED_EDGE('',*,*,#867,.F.);
#896 = B_SPLINE_SURFACE_WITH_KNOTS('',1,1,(
    (#897,#898)
    ,(#899,#900
    )),.UNSPECIFIED.,.F.,.F.,.F.,(2,2),(2,2),(0.,1.65),(0.,0.9),
  .PIECEWISE_BEZIER_KNOTS.);
#897 = CARTESIAN_POINT('',(53.4,-104.825,-6.08));
#898 = CARTESIAN_POINT('',(53.4,-104.825,-5.18));
#899 = CARTESIAN_POINT('',(53.4,-106.475,-6.08));
#900 = CARTESIAN_POINT('',(53.4,-106.475,-5.18));
#901 = MANIFOLD_SOLID_BREP('',#902);
#902 = CLOSED_SHELL('',(#903,#939,#975,#995,#1015,#1027));
#903 = ADVANCED_FACE('',(#904),#934,.F.);
#904 = FACE_BOUND('',#905,.F.);
#905 = EDGE_LOOP('',(#906,#915,#922,#929));
#906 = ORIENTED_EDGE('',*,*,#907,.F.);
#907 = EDGE_CURVE('',#908,#910,#912,.T.);
#908 = VERTEX_POINT('',#909);
#909 = CARTESIAN_POINT('',(57.8,-104.75,-3.58));
#910 = VERTEX_POINT('',#911);
#911 = CARTESIAN_POINT('',(53.3,-104.75,-3.58));
#912 = B_SPLINE_CURVE_WITH_KNOTS('',1,(#913,#914),.UNSPECIFIED.,.F.,.F.,
  (2,2),(0.,4.5),.PIECEWISE_BEZIER_KNOTS.);
#913 = CARTESIAN_POINT('',(57.8,-104.75,-3.58));
#914 = CARTESIAN_POINT('',(53.3,-104.75,-3.58));
#915 = ORIENTED_EDGE('',*,*,#916,.T.);
#916 = EDGE_CURVE('',#908,#917,#919,.T.);
#917 = VERTEX_POINT('',#918);
#918 = CARTESIAN_POINT('',(57.8,-104.75,-2.68));
#919 = B_SPLINE_CURVE_WITH_KNOTS('',1,(#920,#921),.UNSPECIFIED.,.F.,.F.,
  (2,2),(0.,0.9),.PIECEWISE_BEZIER_KNOTS.);
#920 = CARTESIAN_POINT('',(57.8,-104.75,-3.58));
#921 = CARTESIAN_POINT('',(57.8,-104.75,-2.68));
#922 = ORIENTED_EDGE('',*,*,#923,.T.);
#923 = EDGE_CURVE('',#917,#924,#926,.T.);
#924 = VERTEX_POINT('',#925);
#925 = CARTESIAN_POINT('',(53.3,-104.75,-2.68));
#926 = B_SPLINE_CURVE_WITH_KNOTS('',1,(#927,#928),.UNSPECIFIED.,.F.,.F.,
  (2,2),(0.,4.5),.PIECEWISE_BEZIER_KNOTS.);
#927 = CARTESIAN_POINT('',(57.8,-104.75,-2.68));
#928 = CARTESIAN_POINT('',(53.3,-104.75,-2.68));
#929 = ORIENTED_EDGE('',*,*,#930,.F.);
#930 = EDGE_CURVE('',#910,#924,#931,.T.);
#931 = B_SPLINE_CURVE_WITH_KNOTS('',1,(#932,#933),.UNSPECIFIED.,.F.,.F.,
  (2,2),(0.,0.9),.PIECEWISE_BEZIER_KNOTS.);
#932 = CARTESIAN_POINT('',(53.3,-104.75,-3.58));
#933 = CARTESIAN_POINT('',(53.3,-104.75,-2.68));
#934 = B_SPLINE_SURFACE_WITH_KNOTS('',1,1,(
    (#935,#936)
    ,(#937,#938
    )),.UNSPECIFIED.,.F.,.F.,.F.,(2,2),(2,2),(0.,4.5),(-0.9,0.),
  .PIECEWISE_BEZIER_KNOTS.);
#935 = CARTESIAN_POINT('',(57.8,-104.75,-2.68));
#936 = CARTESIAN_POINT('',(57.8,-104.75,-3.58));
#937 = CARTESIAN_POINT('',(53.3,-104.75,-2.68));
#938 = CARTESIAN_POINT('',(53.3,-104.75,-3.58));
#939 = ADVANCED_FACE('',(#940),#970,.T.);
#940 = FACE_BOUND('',#941,.T.);
#941 = EDGE_LOOP('',(#942,#951,#958,#965));
#942 = ORIENTED_EDGE('',*,*,#943,.F.);
#943 = EDGE_CURVE('',#944,#946,#948,.T.);
#944 = VERTEX_POINT('',#945);
#945 = CARTESIAN_POINT('',(57.8,-105.05,-3.58));
#946 = VERTEX_POINT('',#947);
#947 = CARTESIAN_POINT('',(53.3,-105.05,-3.58));
#948 = B_SPLINE_CURVE_WITH_KNOTS('',1,(#949,#950),.UNSPECIFIED.,.F.,.F.,
  (2,2),(0.,4.5),.PIECEWISE_BEZIER_KNOTS.);
#949 = CARTESIAN_POINT('',(57.8,-105.05,-3.58));
#950 = CARTESIAN_POINT('',(53.3,-105.05,-3.58));
#951 = ORIENTED_EDGE('',*,*,#952,.T.);
#952 = EDGE_CURVE('',#944,#953,#955,.T.);
#953 = VERTEX_POINT('',#954);
#954 = CARTESIAN_POINT('',(57.8,-105.05,-2.68));
#955 = B_SPLINE_CURVE_WITH_KNOTS('',1,(#956,#957),.UNSPECIFIED.,.F.,.F.,
  (2,2),(0.,0.9),.PIECEWISE_BEZIER_KNOTS.);
#956 = CARTESIAN_POINT('',(57.8,-105.05,-3.58));
#957 = CARTESIAN_POINT('',(57.8,-105.05,-2.68));
#958 = ORIENTED_EDGE('',*,*,#959,.T.);
#959 = EDGE_CURVE('',#953,#960,#962,.T.);
#960 = VERTEX_POINT('',#961);
#961 = CARTESIAN_POINT('',(53.3,-105.05,-2.68));
#962 = B_SPLINE_CURVE_WITH_KNOTS('',1,(#963,#964),.UNSPECIFIED.,.F.,.F.,
  (2,2),(0.,4.5),.PIECEWISE_BEZIER_KNOTS.);
#963 = CARTESIAN_POINT('',(57.8,-105.05,-2.68));
#964 = CARTESIAN_POINT('',(53.3,-105.05,-2.68));
#965 = ORIENTED_EDGE('',*,*,#966,.F.);
#966 = EDGE_CURVE('',#946,#960,#967,.T.);
#967 = B_SPLINE_CURVE_WITH_KNOTS('',1,(#968,#969),.UNSPECIFIED.,.F.,.F.,
  (2,2),(0.,0.9),.PIECEWISE_BEZIER_KNOTS.);
#968 = CARTESIAN_POINT('',(53.3,-105.05,-3.58));
#969 = CARTESIAN_POINT('',(53.3,-105.05,-2.68));
#970 = B_SPLINE_SURFACE_WITH_KNOTS('',1,1,(
    (#971,#972)
    ,(#973,#974
    )),.UNSPECIFIED.,.F.,.F.,.F.,(2,2),(2,2),(0.,4.5),(-0.9,0.),
  .PIECEWISE_BEZIER_KNOTS.);
#971 = CARTESIAN_POINT('',(57.8,-105.05,-2.68));
#972 = CARTESIAN_POINT('',(57.8,-105.05,-3.58));
#973 = CARTESIAN_POINT('',(53.3,-105.05,-2.68));
#974 = CARTESIAN_POINT('',(53.3,-105.05,-3.58));
#975 = ADVANCED_FACE('',(#976),#990,.F.);
#976 = FACE_BOUND('',#977,.F.);
#977 = EDGE_LOOP('',(#978,#983,#984,#989));
#978 = ORIENTED_EDGE('',*,*,#979,.F.);
#979 = EDGE_CURVE('',#908,#944,#980,.T.);
#980 = B_SPLINE_CURVE_WITH_KNOTS('',1,(#981,#982),.UNSPECIFIED.,.F.,.F.,
  (2,2),(0.,0.3),.PIECEWISE_BEZIER_KNOTS.);
#981 = CARTESIAN_POINT('',(57.8,-104.75,-3.58));
#982 = CARTESIAN_POINT('',(57.8,-105.05,-3.58));
#983 = ORIENTED_EDGE('',*,*,#907,.T.);
#984 = ORIENTED_EDGE('',*,*,#985,.T.);
#985 = EDGE_CURVE('',#910,#946,#986,.T.);
#986 = B_SPLINE_CURVE_WITH_KNOTS('',1,(#987,#988),.UNSPECIFIED.,.F.,.F.,
  (2,2),(0.,0.3),.PIECEWISE_BEZIER_KNOTS.);
#987 = CARTESIAN_POINT('',(53.3,-104.75,-3.58));
#988 = CARTESIAN_POINT('',(53.3,-105.05,-3.58));
#989 = ORIENTED_EDGE('',*,*,#943,.F.);
#990 = B_SPLINE_SURFACE_WITH_KNOTS('',1,1,(
    (#991,#992)
    ,(#993,#994
    )),.UNSPECIFIED.,.F.,.F.,.F.,(2,2),(2,2),(0.,4.5),(0.,0.3),
  .PIECEWISE_BEZIER_KNOTS.);
#991 = CARTESIAN_POINT('',(57.8,-104.75,-3.58));
#992 = CARTESIAN_POINT('',(57.8,-105.05,-3.58));
#993 = CARTESIAN_POINT('',(53.3,-104.75,-3.58));
#994 = CARTESIAN_POINT('',(53.3,-105.05,-3.58));
#995 = ADVANCED_FACE('',(#996),#1010,.T.);
#996 = FACE_BOUND('',#997,.T.);
#997 = EDGE_LOOP('',(#998,#1003,#1004,#1009));
#998 = ORIENTED_EDGE('',*,*,#999,.F.);
#999 = EDGE_CURVE('',#917,#953,#1000,.T.);
#1000 = B_SPLINE_CURVE_WITH_KNOTS('',1,(#1001,#1002),.UNSPECIFIED.,.F.,
  .F.,(2,2),(0.,0.3),.PIECEWISE_BEZIER_KNOTS.);
#1001 = CARTESIAN_POINT('',(57.8,-104.75,-2.68));
#1002 = CARTESIAN_POINT('',(57.8,-105.05,-2.68));
#1003 = ORIENTED_EDGE('',*,*,#923,.T.);
#1004 = ORIENTED_EDGE('',*,*,#1005,.T.);
#1005 = EDGE_CURVE('',#924,#960,#1006,.T.);
#1006 = B_SPLINE_CURVE_WITH_KNOTS('',1,(#1007,#1008),.UNSPECIFIED.,.F.,
  .F.,(2,2),(0.,0.3),.PIECEWISE_BEZIER_KNOTS.);
#1007 = CARTESIAN_POINT('',(53.3,-104.75,-2.68));
#1008 = CARTESIAN_POINT('',(53.3,-105.05,-2.68));
#1009 = ORIENTED_EDGE('',*,*,#959,.F.);
#1010 = B_SPLINE_SURFACE_WITH_KNOTS('',1,1,(
    (#1011,#1012)
    ,(#1013,#1014
    )),.UNSPECIFIED.,.F.,.F.,.F.,(2,2),(2,2),(0.,4.5),(0.,0.3),
  .PIECEWISE_BEZIER_KNOTS.);
#1011 = CARTESIAN_POINT('',(57.8,-104.75,-2.68));
#1012 = CARTESIAN_POINT('',(57.8,-105.05,-2.68));
#1013 = CARTESIAN_POINT('',(53.3,-104.75,-2.68));
#1014 = CARTESIAN_POINT('',(53.3,-105.05,-2.68));
#1015 = ADVANCED_FACE('',(#1016),#1022,.F.);
#1016 = FACE_BOUND('',#1017,.F.);
#1017 = EDGE_LOOP('',(#1018,#1019,#1020,#1021));
#1018 = ORIENTED_EDGE('',*,*,#916,.F.);
#1019 = ORIENTED_EDGE('',*,*,#979,.T.);
#1020 = ORIENTED_EDGE('',*,*,#952,.T.);
#1021 = ORIENTED_EDGE('',*,*,#999,.F.);
#1022 = B_SPLINE_SURFACE_WITH_KNOTS('',1,1,(
    (#1023,#1024)
    ,(#1025,#1026
    )),.UNSPECIFIED.,.F.,.F.,.F.,(2,2),(2,2),(0.,0.3),(0.,0.9),
  .PIECEWISE_BEZIER_KNOTS.);
#1023 = CARTESIAN_POINT('',(57.8,-104.75,-3.58));
#1024 = CARTESIAN_POINT('',(57.8,-104.75,-2.68));
#1025 = CARTESIAN_POINT('',(57.8,-105.05,-3.58));
#1026 = CARTESIAN_POINT('',(57.8,-105.05,-2.68));
#1027 = ADVANCED_FACE('',(#1028),#1034,.T.);
#1028 = FACE_BOUND('',#1029,.T.);
#1029 = EDGE_LOOP('',(#1030,#1031,#1032,#1033));
#1030 = ORIENTED_EDGE('',*,*,#930,.F.);
#1031 = ORIENTED_EDGE('',*,*,#985,.T.);
#1032 = ORIENTED_EDGE('',*,*,#966,.T.);
#1033 = ORIENTED_EDGE('',*,*,#1005,.F.);
#1034 = B_SPLINE_SURFACE_WITH_KNOTS('',1,1,(
    (#1035,#1036)
    ,(#1037,#1038
    )),.UNSPECIFIED.,.F.,.F.,.F.,(2,2),(2,2),(0.,0.3),(0.,0.9),
  .PIECEWISE_BEZIER_KNOTS.);
#1035 = CARTESIAN_POINT('',(53.3,-104.75,-3.58));
#1036 = CARTESIAN_POINT('',(53.3,-104.75,-2.68));
#1037 = CARTESIAN_POINT('',(53.3,-105.05,-3.58));
#1038 = CARTESIAN_POINT('',(53.3,-105.05,-2.68));
#1039 = MANIFOLD_SOLID_BREP('',#1040);
#1040 = CLOSED_SHELL('',(#1041,#1077,#1113,#1133,#1153,#1165));
#1041 = ADVANCED_FACE('',(#1042),#1072,.F.);
#1042 = FACE_BOUND('',#1043,.F.);
#1043 = EDGE_LOOP('',(#1044,#1053,#1060,#1067));
#1044 = ORIENTED_EDGE('',*,*,#1045,.F.);
#1045 = EDGE_CURVE('',#1046,#1048,#1050,.T.);
#1046 = VERTEX_POINT('',#1047);
#1047 = CARTESIAN_POINT('',(53.7,-104.825,-3.58));
#1048 = VERTEX_POINT('',#1049);
#1049 = CARTESIAN_POINT('',(53.4,-104.825,-3.58));
#1050 = B_SPLINE_CURVE_WITH_KNOTS('',1,(#1051,#1052),.UNSPECIFIED.,.F.,
  .F.,(2,2),(0.,0.3),.PIECEWISE_BEZIER_KNOTS.);
#1051 = CARTESIAN_POINT('',(53.7,-104.825,-3.58));
#1052 = CARTESIAN_POINT('',(53.4,-104.825,-3.58));
#1053 = ORIENTED_EDGE('',*,*,#1054,.T.);
#1054 = EDGE_CURVE('',#1046,#1055,#1057,.T.);
#1055 = VERTEX_POINT('',#1056);
#1056 = CARTESIAN_POINT('',(53.7,-104.825,-2.68));
#1057 = B_SPLINE_CURVE_WITH_KNOTS('',1,(#1058,#1059),.UNSPECIFIED.,.F.,
  .F.,(2,2),(0.,0.9),.PIECEWISE_BEZIER_KNOTS.);
#1058 = CARTESIAN_POINT('',(53.7,-104.825,-3.58));
#1059 = CARTESIAN_POINT('',(53.7,-104.825,-2.68));
#1060 = ORIENTED_EDGE('',*,*,#1061,.T.);
#1061 = EDGE_CURVE('',#1055,#1062,#1064,.T.);
#1062 = VERTEX_POINT('',#1063);
#1063 = CARTESIAN_POINT('',(53.4,-104.825,-2.68));
#1064 = B_SPLINE_CURVE_WITH_KNOTS('',1,(#1065,#1066),.UNSPECIFIED.,.F.,
  .F.,(2,2),(0.,0.3),.PIECEWISE_BEZIER_KNOTS.);
#1065 = CARTESIAN_POINT('',(53.7,-104.825,-2.68));
#1066 = CARTESIAN_POINT('',(53.4,-104.825,-2.68));
#1067 = ORIENTED_EDGE('',*,*,#1068,.F.);
#1068 = EDGE_CURVE('',#1048,#1062,#1069,.T.);
#1069 = B_SPLINE_CURVE_WITH_KNOTS('',1,(#1070,#1071),.UNSPECIFIED.,.F.,
  .F.,(2,2),(0.,0.9),.PIECEWISE_BEZIER_KNOTS.);
#1070 = CARTESIAN_POINT('',(53.4,-104.825,-3.58));
#1071 = CARTESIAN_POINT('',(53.4,-104.825,-2.68));
#1072 = B_SPLINE_SURFACE_WITH_KNOTS('',1,1,(
    (#1073,#1074)
    ,(#1075,#1076
    )),.UNSPECIFIED.,.F.,.F.,.F.,(2,2),(2,2),(0.,0.3),(-0.9,0.),
  .PIECEWISE_BEZIER_KNOTS.);
#1073 = CARTESIAN_POINT('',(53.7,-104.825,-2.68));
#1074 = CARTESIAN_POINT('',(53.7,-104.825,-3.58));
#1075 = CARTESIAN_POINT('',(53.4,-104.825,-2.68));
#1076 = CARTESIAN_POINT('',(53.4,-104.825,-3.58));
#1077 = ADVANCED_FACE('',(#1078),#1108,.T.);
#1078 = FACE_BOUND('',#1079,.T.);
#1079 = EDGE_LOOP('',(#1080,#1089,#1096,#1103));
#1080 = ORIENTED_EDGE('',*,*,#1081,.F.);
#1081 = EDGE_CURVE('',#1082,#1084,#1086,.T.);
#1082 = VERTEX_POINT('',#1083);
#1083 = CARTESIAN_POINT('',(53.7,-106.475,-3.58));
#1084 = VERTEX_POINT('',#1085);
#1085 = CARTESIAN_POINT('',(53.4,-106.475,-3.58));
#1086 = B_SPLINE_CURVE_WITH_KNOTS('',1,(#1087,#1088),.UNSPECIFIED.,.F.,
  .F.,(2,2),(0.,0.3),.PIECEWISE_BEZIER_KNOTS.);
#1087 = CARTESIAN_POINT('',(53.7,-106.475,-3.58));
#1088 = CARTESIAN_POINT('',(53.4,-106.475,-3.58));
#1089 = ORIENTED_EDGE('',*,*,#1090,.T.);
#1090 = EDGE_CURVE('',#1082,#1091,#1093,.T.);
#1091 = VERTEX_POINT('',#1092);
#1092 = CARTESIAN_POINT('',(53.7,-106.475,-2.68));
#1093 = B_SPLINE_CURVE_WITH_KNOTS('',1,(#1094,#1095),.UNSPECIFIED.,.F.,
  .F.,(2,2),(0.,0.9),.PIECEWISE_BEZIER_KNOTS.);
#1094 = CARTESIAN_POINT('',(53.7,-106.475,-3.58));
#1095 = CARTESIAN_POINT('',(53.7,-106.475,-2.68));
#1096 = ORIENTED_EDGE('',*,*,#1097,.T.);
#1097 = EDGE_CURVE('',#1091,#1098,#1100,.T.);
#1098 = VERTEX_POINT('',#1099);
#1099 = CARTESIAN_POINT('',(53.4,-106.475,-2.68));
#1100 = B_SPLINE_CURVE_WITH_KNOTS('',1,(#1101,#1102),.UNSPECIFIED.,.F.,
  .F.,(2,2),(0.,0.3),.PIECEWISE_BEZIER_KNOTS.);
#1101 = CARTESIAN_POINT('',(53.7,-106.475,-2.68));
#1102 = CARTESIAN_POINT('',(53.4,-106.475,-2.68));
#1103 = ORIENTED_EDGE('',*,*,#1104,.F.);
#1104 = EDGE_CURVE('',#1084,#1098,#1105,.T.);
#1105 = B_SPLINE_CURVE_WITH_KNOTS('',1,(#1106,#1107),.UNSPECIFIED.,.F.,
  .F.,(2,2),(0.,0.9),.PIECEWISE_BEZIER_KNOTS.);
#1106 = CARTESIAN_POINT('',(53.4,-106.475,-3.58));
#1107 = CARTESIAN_POINT('',(53.4,-106.475,-2.68));
#1108 = B_SPLINE_SURFACE_WITH_KNOTS('',1,1,(
    (#1109,#1110)
    ,(#1111,#1112
    )),.UNSPECIFIED.,.F.,.F.,.F.,(2,2),(2,2),(0.,0.3),(-0.9,0.),
  .PIECEWISE_BEZIER_KNOTS.);
#1109 = CARTESIAN_POINT('',(53.7,-106.475,-2.68));
#1110 = CARTESIAN_POINT('',(53.7,-106.475,-3.58));
#1111 = CARTESIAN_POINT('',(53.4,-106.475,-2.68));
#1112 = CARTESIAN_POINT('',(53.4,-106.475,-3.58));
#1113 = ADVANCED_FACE('',(#1114),#1128,.F.);
#1114 = FACE_BOUND('',#1115,.F.);
#1115 = EDGE_LOOP('',(#1116,#1121,#1122,#1127));
#1116 = ORIENTED_EDGE('',*,*,#1117,.F.);
#1117 = EDGE_CURVE('',#1046,#1082,#1118,.T.);
#1118 = B_SPLINE_CURVE_WITH_KNOTS('',1,(#1119,#1120),.UNSPECIFIED.,.F.,
  .F.,(2,2),(0.,1.65),.PIECEWISE_BEZIER_KNOTS.);
#1119 = CARTESIAN_POINT('',(53.7,-104.825,-3.58));
#1120 = CARTESIAN_POINT('',(53.7,-106.475,-3.58));
#1121 = ORIENTED_EDGE('',*,*,#1045,.T.);
#1122 = ORIENTED_EDGE('',*,*,#1123,.T.);
#1123 = EDGE_CURVE('',#1048,#1084,#1124,.T.);
#1124 = B_SPLINE_CURVE_WITH_KNOTS('',1,(#1125,#1126),.UNSPECIFIED.,.F.,
  .F.,(2,2),(0.,1.65),.PIECEWISE_BEZIER_KNOTS.);
#1125 = CARTESIAN_POINT('',(53.4,-104.825,-3.58));
#1126 = CARTESIAN_POINT('',(53.4,-106.475,-3.58));
#1127 = ORIENTED_EDGE('',*,*,#1081,.F.);
#1128 = B_SPLINE_SURFACE_WITH_KNOTS('',1,1,(
    (#1129,#1130)
    ,(#1131,#1132
    )),.UNSPECIFIED.,.F.,.F.,.F.,(2,2),(2,2),(0.,0.3),(0.,1.65),
  .PIECEWISE_BEZIER_KNOTS.);
#1129 = CARTESIAN_POINT('',(53.7,-104.825,-3.58));
#1130 = CARTESIAN_POINT('',(53.7,-106.475,-3.58));
#1131 = CARTESIAN_POINT('',(53.4,-104.825,-3.58));
#1132 = CARTESIAN_POINT('',(53.4,-106.475,-3.58));
#1133 = ADVANCED_FACE('',(#1134),#1148,.T.);
#1134 = FACE_BOUND('',#1135,.T.);
#1135 = EDGE_LOOP('',(#1136,#1141,#1142,#1147));
#1136 = ORIENTED_EDGE('',*,*,#1137,.F.);
#1137 = EDGE_CURVE('',#1055,#1091,#1138,.T.);
#1138 = B_SPLINE_CURVE_WITH_KNOTS('',1,(#1139,#1140),.UNSPECIFIED.,.F.,
  .F.,(2,2),(0.,1.65),.PIECEWISE_BEZIER_KNOTS.);
#1139 = CARTESIAN_POINT('',(53.7,-104.825,-2.68));
#1140 = CARTESIAN_POINT('',(53.7,-106.475,-2.68));
#1141 = ORIENTED_EDGE('',*,*,#1061,.T.);
#1142 = ORIENTED_EDGE('',*,*,#1143,.T.);
#1143 = EDGE_CURVE('',#1062,#1098,#1144,.T.);
#1144 = B_SPLINE_CURVE_WITH_KNOTS('',1,(#1145,#1146),.UNSPECIFIED.,.F.,
  .F.,(2,2),(0.,1.65),.PIECEWISE_BEZIER_KNOTS.);
#1145 = CARTESIAN_POINT('',(53.4,-104.825,-2.68));
#1146 = CARTESIAN_POINT('',(53.4,-106.475,-2.68));
#1147 = ORIENTED_EDGE('',*,*,#1097,.F.);
#1148 = B_SPLINE_SURFACE_WITH_KNOTS('',1,1,(
    (#1149,#1150)
    ,(#1151,#1152
    )),.UNSPECIFIED.,.F.,.F.,.F.,(2,2),(2,2),(0.,0.3),(0.,1.65),
  .PIECEWISE_BEZIER_KNOTS.);
#1149 = CARTESIAN_POINT('',(53.7,-104.825,-2.68));
#1150 = CARTESIAN_POINT('',(53.7,-106.475,-2.68));
#1151 = CARTESIAN_POINT('',(53.4,-104.825,-2.68));
#1152 = CARTESIAN_POINT('',(53.4,-106.475,-2.68));
#1153 = ADVANCED_FACE('',(#1154),#1160,.F.);
#1154 = FACE_BOUND('',#1155,.F.);
#1155 = EDGE_LOOP('',(#1156,#1157,#1158,#1159));
#1156 = ORIENTED_EDGE('',*,*,#1054,.F.);
#1157 = ORIENTED_EDGE('',*,*,#1117,.T.);
#1158 = ORIENTED_EDGE('',*,*,#1090,.T.);
#1159 = ORIENTED_EDGE('',*,*,#1137,.F.);
#1160 = B_SPLINE_SURFACE_WITH_KNOTS('',1,1,(
    (#1161,#1162)
    ,(#1163,#1164
    )),.UNSPECIFIED.,.F.,.F.,.F.,(2,2),(2,2),(0.,1.65),(0.,0.9),
  .PIECEWISE_BEZIER_KNOTS.);
#1161 = CARTESIAN_POINT('',(53.7,-104.825,-3.58));
#1162 = CARTESIAN_POINT('',(53.7,-104.825,-2.68));
#1163 = CARTESIAN_POINT('',(53.7,-106.475,-3.58));
#1164 = CARTESIAN_POINT('',(53.7,-106.475,-2.68));
#1165 = ADVANCED_FACE('',(#1166),#1172,.T.);
#1166 = FACE_BOUND('',#1167,.T.);
#1167 = EDGE_LOOP('',(#1168,#1169,#1170,#1171));
#1168 = ORIENTED_EDGE('',*,*,#1068,.F.);
#1169 = ORIENTED_EDGE('',*,*,#1123,.T.);
#1170 = ORIENTED_EDGE('',*,*,#1104,.T.);
#1171 = ORIENTED_EDGE('',*,*,#1143,.F.);
#1172 = B_SPLINE_SURFACE_WITH_KNOTS('',1,1,(
    (#1173,#1174)
    ,(#1175,#1176
    )),.UNSPECIFIED.,.F.,.F.,.F.,(2,2),(2,2),(0.,1.65),(0.,0.9),
  .PIECEWISE_BEZIER_KNOTS.);
#1173 = CARTESIAN_POINT('',(53.4,-104.825,-3.58));
#1174 = CARTESIAN_POINT('',(53.4,-104.825,-2.68));
#1175 = CARTESIAN_POINT('',(53.4,-106.475,-3.58));
#1176 = CARTESIAN_POINT('',(53.4,-106.475,-2.68));
#1177 = MANIFOLD_SOLID_BREP('',#1178);
#1178 = CLOSED_SHELL('',(#1179,#1215,#1251,#1271,#1291,#1303));
#1179 = ADVANCED_FACE('',(#1180),#1210,.F.);
#1180 = FACE_BOUND('',#1181,.F.);
#1181 = EDGE_LOOP('',(#1182,#1191,#1198,#1205));
#1182 = ORIENTED_EDGE('',*,*,#1183,.F.);
#1183 = EDGE_CURVE('',#1184,#1186,#1188,.T.);
#1184 = VERTEX_POINT('',#1185);
#1185 = CARTESIAN_POINT('',(57.8,-104.75,-1.08));
#1186 = VERTEX_POINT('',#1187);
#1187 = CARTESIAN_POINT('',(53.3,-104.75,-1.08));
#1188 = B_SPLINE_CURVE_WITH_KNOTS('',1,(#1189,#1190),.UNSPECIFIED.,.F.,
  .F.,(2,2),(0.,4.5),.PIECEWISE_BEZIER_KNOTS.);
#1189 = CARTESIAN_POINT('',(57.8,-104.75,-1.08));
#1190 = CARTESIAN_POINT('',(53.3,-104.75,-1.08));
#1191 = ORIENTED_EDGE('',*,*,#1192,.T.);
#1192 = EDGE_CURVE('',#1184,#1193,#1195,.T.);
#1193 = VERTEX_POINT('',#1194);
#1194 = CARTESIAN_POINT('',(57.8,-104.75,-0.18));
#1195 = B_SPLINE_CURVE_WITH_KNOTS('',1,(#1196,#1197),.UNSPECIFIED.,.F.,
  .F.,(2,2),(0.,0.9),.PIECEWISE_BEZIER_KNOTS.);
#1196 = CARTESIAN_POINT('',(57.8,-104.75,-1.08));
#1197 = CARTESIAN_POINT('',(57.8,-104.75,-0.18));
#1198 = ORIENTED_EDGE('',*,*,#1199,.T.);
#1199 = EDGE_CURVE('',#1193,#1200,#1202,.T.);
#1200 = VERTEX_POINT('',#1201);
#1201 = CARTESIAN_POINT('',(53.3,-104.75,-0.18));
#1202 = B_SPLINE_CURVE_WITH_KNOTS('',1,(#1203,#1204),.UNSPECIFIED.,.F.,
  .F.,(2,2),(0.,4.5),.PIECEWISE_BEZIER_KNOTS.);
#1203 = CARTESIAN_POINT('',(57.8,-104.75,-0.18));
#1204 = CARTESIAN_POINT('',(53.3,-104.75,-0.18));
#1205 = ORIENTED_EDGE('',*,*,#1206,.F.);
#1206 = EDGE_CURVE('',#1186,#1200,#1207,.T.);
#1207 = B_SPLINE_CURVE_WITH_KNOTS('',1,(#1208,#1209),.UNSPECIFIED.,.F.,
  .F.,(2,2),(0.,0.9),.PIECEWISE_BEZIER_KNOTS.);
#1208 = CARTESIAN_POINT('',(53.3,-104.75,-1.08));
#1209 = CARTESIAN_POINT('',(53.3,-104.75,-0.18));
#1210 = B_SPLINE_SURFACE_WITH_KNOTS('',1,1,(
    (#1211,#1212)
    ,(#1213,#1214
    )),.UNSPECIFIED.,.F.,.F.,.F.,(2,2),(2,2),(0.,4.5),(-0.9,0.),
  .PIECEWISE_BEZIER_KNOTS.);
#1211 = CARTESIAN_POINT('',(57.8,-104.75,-0.18));
#1212 = CARTESIAN_POINT('',(57.8,-104.75,-1.08));
#1213 = CARTESIAN_POINT('',(53.3,-104.75,-0.18));
#1214 = CARTESIAN_POINT('',(53.3,-104.75,-1.08));
#1215 = ADVANCED_FACE('',(#1216),#1246,.T.);
#1216 = FACE_BOUND('',#1217,.T.);
#1217 = EDGE_LOOP('',(#1218,#1227,#1234,#1241));
#1218 = ORIENTED_EDGE('',*,*,#1219,.F.);
#1219 = EDGE_CURVE('',#1220,#1222,#1224,.T.);
#1220 = VERTEX_POINT('',#1221);
#1221 = CARTESIAN_POINT('',(57.8,-105.05,-1.08));
#1222 = VERTEX_POINT('',#1223);
#1223 = CARTESIAN_POINT('',(53.3,-105.05,-1.08));
#1224 = B_SPLINE_CURVE_WITH_KNOTS('',1,(#1225,#1226),.UNSPECIFIED.,.F.,
  .F.,(2,2),(0.,4.5),.PIECEWISE_BEZIER_KNOTS.);
#1225 = CARTESIAN_POINT('',(57.8,-105.05,-1.08));
#1226 = CARTESIAN_POINT('',(53.3,-105.05,-1.08));
#1227 = ORIENTED_EDGE('',*,*,#1228,.T.);
#1228 = EDGE_CURVE('',#1220,#1229,#1231,.T.);
#1229 = VERTEX_POINT('',#1230);
#1230 = CARTESIAN_POINT('',(57.8,-105.05,-0.18));
#1231 = B_SPLINE_CURVE_WITH_KNOTS('',1,(#1232,#1233),.UNSPECIFIED.,.F.,
  .F.,(2,2),(0.,0.9),.PIECEWISE_BEZIER_KNOTS.);
#1232 = CARTESIAN_POINT('',(57.8,-105.05,-1.08));
#1233 = CARTESIAN_POINT('',(57.8,-105.05,-0.18));
#1234 = ORIENTED_EDGE('',*,*,#1235,.T.);
#1235 = EDGE_CURVE('',#1229,#1236,#1238,.T.);
#1236 = VERTEX_POINT('',#1237);
#1237 = CARTESIAN_POINT('',(53.3,-105.05,-0.18));
#1238 = B_SPLINE_CURVE_WITH_KNOTS('',1,(#1239,#1240),.UNSPECIFIED.,.F.,
  .F.,(2,2),(0.,4.5),.PIECEWISE_BEZIER_KNOTS.);
#1239 = CARTESIAN_POINT('',(57.8,-105.05,-0.18));
#1240 = CARTESIAN_POINT('',(53.3,-105.05,-0.18));
#1241 = ORIENTED_EDGE('',*,*,#1242,.F.);
#1242 = EDGE_CURVE('',#1222,#1236,#1243,.T.);
#1243 = B_SPLINE_CURVE_WITH_KNOTS('',1,(#1244,#1245),.UNSPECIFIED.,.F.,
  .F.,(2,2),(0.,0.9),.PIECEWISE_BEZIER_KNOTS.);
#1244 = CARTESIAN_POINT('',(53.3,-105.05,-1.08));
#1245 = CARTESIAN_POINT('',(53.3,-105.05,-0.18));
#1246 = B_SPLINE_SURFACE_WITH_KNOTS('',1,1,(
    (#1247,#1248)
    ,(#1249,#1250
    )),.UNSPECIFIED.,.F.,.F.,.F.,(2,2),(2,2),(0.,4.5),(-0.9,0.),
  .PIECEWISE_BEZIER_KNOTS.);
#1247 = CARTESIAN_POINT('',(57.8,-105.05,-0.18));
#1248 = CARTESIAN_POINT('',(57.8,-105.05,-1.08));
#1249 = CARTESIAN_POINT('',(53.3,-105.05,-0.18));
#1250 = CARTESIAN_POINT('',(53.3,-105.05,-1.08));
#1251 = ADVANCED_FACE('',(#1252),#1266,.F.);
#1252 = FACE_BOUND('',#1253,.F.);
#1253 = EDGE_LOOP('',(#1254,#1259,#1260,#1265));
#1254 = ORIENTED_EDGE('',*,*,#1255,.F.);
#1255 = EDGE_CURVE('',#1184,#1220,#1256,.T.);
#1256 = B_SPLINE_CURVE_WITH_KNOTS('',1,(#1257,#1258),.UNSPECIFIED.,.F.,
  .F.,(2,2),(0.,0.3),.PIECEWISE_BEZIER_KNOTS.);
#1257 = CARTESIAN_POINT('',(57.8,-104.75,-1.08));
#1258 = CARTESIAN_POINT('',(57.8,-105.05,-1.08));
#1259 = ORIENTED_EDGE('',*,*,#1183,.T.);
#1260 = ORIENTED_EDGE('',*,*,#1261,.T.);
#1261 = EDGE_CURVE('',#1186,#1222,#1262,.T.);
#1262 = B_SPLINE_CURVE_WITH_KNOTS('',1,(#1263,#1264),.UNSPECIFIED.,.F.,
  .F.,(2,2),(0.,0.3),.PIECEWISE_BEZIER_KNOTS.);
#1263 = CARTESIAN_POINT('',(53.3,-104.75,-1.08));
#1264 = CARTESIAN_POINT('',(53.3,-105.05,-1.08));
#1265 = ORIENTED_EDGE('',*,*,#1219,.F.);
#1266 = B_SPLINE_SURFACE_WITH_KNOTS('',1,1,(
    (#1267,#1268)
    ,(#1269,#1270
    )),.UNSPECIFIED.,.F.,.F.,.F.,(2,2),(2,2),(0.,4.5),(0.,0.3),
  .PIECEWISE_BEZIER_KNOTS.);
#1267 = CARTESIAN_POINT('',(57.8,-104.75,-1.08));
#1268 = CARTESIAN_POINT('',(57.8,-105.05,-1.08));
#1269 = CARTESIAN_POINT('',(53.3,-104.75,-1.08));
#1270 = CARTESIAN_POINT('',(53.3,-105.05,-1.08));
#1271 = ADVANCED_FACE('',(#1272),#1286,.T.);
#1272 = FACE_BOUND('',#1273,.T.);
#1273 = EDGE_LOOP('',(#1274,#1279,#1280,#1285));
#1274 = ORIENTED_EDGE('',*,*,#1275,.F.);
#1275 = EDGE_CURVE('',#1193,#1229,#1276,.T.);
#1276 = B_SPLINE_CURVE_WITH_KNOTS('',1,(#1277,#1278),.UNSPECIFIED.,.F.,
  .F.,(2,2),(0.,0.3),.PIECEWISE_BEZIER_KNOTS.);
#1277 = CARTESIAN_POINT('',(57.8,-104.75,-0.18));
#1278 = CARTESIAN_POINT('',(57.8,-105.05,-0.18));
#1279 = ORIENTED_EDGE('',*,*,#1199,.T.);
#1280 = ORIENTED_EDGE('',*,*,#1281,.T.);
#1281 = EDGE_CURVE('',#1200,#1236,#1282,.T.);
#1282 = B_SPLINE_CURVE_WITH_KNOTS('',1,(#1283,#1284),.UNSPECIFIED.,.F.,
  .F.,(2,2),(0.,0.3),.PIECEWISE_BEZIER_KNOTS.);
#1283 = CARTESIAN_POINT('',(53.3,-104.75,-0.18));
#1284 = CARTESIAN_POINT('',(53.3,-105.05,-0.18));
#1285 = ORIENTED_EDGE('',*,*,#1235,.F.);
#1286 = B_SPLINE_SURFACE_WITH_KNOTS('',1,1,(
    (#1287,#1288)
    ,(#1289,#1290
    )),.UNSPECIFIED.,.F.,.F.,.F.,(2,2),(2,2),(0.,4.5),(0.,0.3),
  .PIECEWISE_BEZIER_KNOTS.);
#1287 = CARTESIAN_POINT('',(57.8,-104.75,-0.18));
#1288 = CARTESIAN_POINT('',(57.8,-105.05,-0.18));
#1289 = CARTESIAN_POINT('',(53.3,-104.75,-0.18));
#1290 = CARTESIAN_POINT('',(53.3,-105.05,-0.18));
#1291 = ADVANCED_FACE('',(#1292),#1298,.F.);
#1292 = FACE_BOUND('',#1293,.F.);
#1293 = EDGE_LOOP('',(#1294,#1295,#1296,#1297));
#1294 = ORIENTED_EDGE('',*,*,#1192,.F.);
#1295 = ORIENTED_EDGE('',*,*,#1255,.T.);
#1296 = ORIENTED_EDGE('',*,*,#1228,.T.);
#1297 = ORIENTED_EDGE('',*,*,#1275,.F.);
#1298 = B_SPLINE_SURFACE_WITH_KNOTS('',1,1,(
    (#1299,#1300)
    ,(#1301,#1302
    )),.UNSPECIFIED.,.F.,.F.,.F.,(2,2),(2,2),(0.,0.3),(0.,0.9),
  .PIECEWISE_BEZIER_KNOTS.);
#1299 = CARTESIAN_POINT('',(57.8,-104.75,-1.08));
#1300 = CARTESIAN_POINT('',(57.8,-104.75,-0.18));
#1301 = CARTESIAN_POINT('',(57.8,-105.05,-1.08));
#1302 = CARTESIAN_POINT('',(57.8,-105.05,-0.18));
#1303 = ADVANCED_FACE('',(#1304),#1310,.T.);
#1304 = FACE_BOUND('',#1305,.T.);
#1305 = EDGE_LOOP('',(#1306,#1307,#1308,#1309));
#1306 = ORIENTED_EDGE('',*,*,#1206,.F.);
#1307 = ORIENTED_EDGE('',*,*,#1261,.T.);
#1308 = ORIENTED_EDGE('',*,*,#1242,.T.);
#1309 = ORIENTED_EDGE('',*,*,#1281,.F.);
#1310 = B_SPLINE_SURFACE_WITH_KNOTS('',1,1,(
    (#1311,#1312)
    ,(#1313,#1314
    )),.UNSPECIFIED.,.F.,.F.,.F.,(2,2),(2,2),(0.,0.3),(0.,0.9),
  .PIECEWISE_BEZIER_KNOTS.);
#1311 = CARTESIAN_POINT('',(53.3,-104.75,-1.08));
#1312 = CARTESIAN_POINT('',(53.3,-104.75,-0.18));
#1313 = CARTESIAN_POINT('',(53.3,-105.05,-1.08));
#1314 = CARTESIAN_POINT('',(53.3,-105.05,-0.18));
#1315 = MANIFOLD_SOLID_BREP('',#1316);
#1316 = CLOSED_SHELL('',(#1317,#1353,#1389,#1409,#1429,#1441));
#1317 = ADVANCED_FACE('',(#1318),#1348,.F.);
#1318 = FACE_BOUND('',#1319,.F.);
#1319 = EDGE_LOOP('',(#1320,#1329,#1336,#1343));
#1320 = ORIENTED_EDGE('',*,*,#1321,.F.);
#1321 = EDGE_CURVE('',#1322,#1324,#1326,.T.);
#1322 = VERTEX_POINT('',#1323);
#1323 = CARTESIAN_POINT('',(53.7,-104.825,-1.08));
#1324 = VERTEX_POINT('',#1325);
#1325 = CARTESIAN_POINT('',(53.4,-104.825,-1.08));
#1326 = B_SPLINE_CURVE_WITH_KNOTS('',1,(#1327,#1328),.UNSPECIFIED.,.F.,
  .F.,(2,2),(0.,0.3),.PIECEWISE_BEZIER_KNOTS.);
#1327 = CARTESIAN_POINT('',(53.7,-104.825,-1.08));
#1328 = CARTESIAN_POINT('',(53.4,-104.825,-1.08));
#1329 = ORIENTED_EDGE('',*,*,#1330,.T.);
#1330 = EDGE_CURVE('',#1322,#1331,#1333,.T.);
#1331 = VERTEX_POINT('',#1332);
#1332 = CARTESIAN_POINT('',(53.7,-104.825,-0.18));
#1333 = B_SPLINE_CURVE_WITH_KNOTS('',1,(#1334,#1335),.UNSPECIFIED.,.F.,
  .F.,(2,2),(0.,0.9),.PIECEWISE_BEZIER_KNOTS.);
#1334 = CARTESIAN_POINT('',(53.7,-104.825,-1.08));
#1335 = CARTESIAN_POINT('',(53.7,-104.825,-0.18));
#1336 = ORIENTED_EDGE('',*,*,#1337,.T.);
#1337 = EDGE_CURVE('',#1331,#1338,#1340,.T.);
#1338 = VERTEX_POINT('',#1339);
#1339 = CARTESIAN_POINT('',(53.4,-104.825,-0.18));
#1340 = B_SPLINE_CURVE_WITH_KNOTS('',1,(#1341,#1342),.UNSPECIFIED.,.F.,
  .F.,(2,2),(0.,0.3),.PIECEWISE_BEZIER_KNOTS.);
#1341 = CARTESIAN_POINT('',(53.7,-104.825,-0.18));
#1342 = CARTESIAN_POINT('',(53.4,-104.825,-0.18));
#1343 = ORIENTED_EDGE('',*,*,#1344,.F.);
#1344 = EDGE_CURVE('',#1324,#1338,#1345,.T.);
#1345 = B_SPLINE_CURVE_WITH_KNOTS('',1,(#1346,#1347),.UNSPECIFIED.,.F.,
  .F.,(2,2),(0.,0.9),.PIECEWISE_BEZIER_KNOTS.);
#1346 = CARTESIAN_POINT('',(53.4,-104.825,-1.08));
#1347 = CARTESIAN_POINT('',(53.4,-104.825,-0.18));
#1348 = B_SPLINE_SURFACE_WITH_KNOTS('',1,1,(
    (#1349,#1350)
    ,(#1351,#1352
    )),.UNSPECIFIED.,.F.,.F.,.F.,(2,2),(2,2),(0.,0.3),(-0.9,0.),
  .PIECEWISE_BEZIER_KNOTS.);
#1349 = CARTESIAN_POINT('',(53.7,-104.825,-0.18));
#1350 = CARTESIAN_POINT('',(53.7,-104.825,-1.08));
#1351 = CARTESIAN_POINT('',(53.4,-104.825,-0.18));
#1352 = CARTESIAN_POINT('',(53.4,-104.825,-1.08));
#1353 = ADVANCED_FACE('',(#1354),#1384,.T.);
#1354 = FACE_BOUND('',#1355,.T.);
#1355 = EDGE_LOOP('',(#1356,#1365,#1372,#1379));
#1356 = ORIENTED_EDGE('',*,*,#1357,.F.);
#1357 = EDGE_CURVE('',#1358,#1360,#1362,.T.);
#1358 = VERTEX_POINT('',#1359);
#1359 = CARTESIAN_POINT('',(53.7,-106.475,-1.08));
#1360 = VERTEX_POINT('',#1361);
#1361 = CARTESIAN_POINT('',(53.4,-106.475,-1.08));
#1362 = B_SPLINE_CURVE_WITH_KNOTS('',1,(#1363,#1364),.UNSPECIFIED.,.F.,
  .F.,(2,2),(0.,0.3),.PIECEWISE_BEZIER_KNOTS.);
#1363 = CARTESIAN_POINT('',(53.7,-106.475,-1.08));
#1364 = CARTESIAN_POINT('',(53.4,-106.475,-1.08));
#1365 = ORIENTED_EDGE('',*,*,#1366,.T.);
#1366 = EDGE_CURVE('',#1358,#1367,#1369,.T.);
#1367 = VERTEX_POINT('',#1368);
#1368 = CARTESIAN_POINT('',(53.7,-106.475,-0.18));
#1369 = B_SPLINE_CURVE_WITH_KNOTS('',1,(#1370,#1371),.UNSPECIFIED.,.F.,
  .F.,(2,2),(0.,0.9),.PIECEWISE_BEZIER_KNOTS.);
#1370 = CARTESIAN_POINT('',(53.7,-106.475,-1.08));
#1371 = CARTESIAN_POINT('',(53.7,-106.475,-0.18));
#1372 = ORIENTED_EDGE('',*,*,#1373,.T.);
#1373 = EDGE_CURVE('',#1367,#1374,#1376,.T.);
#1374 = VERTEX_POINT('',#1375);
#1375 = CARTESIAN_POINT('',(53.4,-106.475,-0.18));
#1376 = B_SPLINE_CURVE_WITH_KNOTS('',1,(#1377,#1378),.UNSPECIFIED.,.F.,
  .F.,(2,2),(0.,0.3),.PIECEWISE_BEZIER_KNOTS.);
#1377 = CARTESIAN_POINT('',(53.7,-106.475,-0.18));
#1378 = CARTESIAN_POINT('',(53.4,-106.475,-0.18));
#1379 = ORIENTED_EDGE('',*,*,#1380,.F.);
#1380 = EDGE_CURVE('',#1360,#1374,#1381,.T.);
#1381 = B_SPLINE_CURVE_WITH_KNOTS('',1,(#1382,#1383),.UNSPECIFIED.,.F.,
  .F.,(2,2),(0.,0.9),.PIECEWISE_BEZIER_KNOTS.);
#1382 = CARTESIAN_POINT('',(53.4,-106.475,-1.08));
#1383 = CARTESIAN_POINT('',(53.4,-106.475,-0.18));
#1384 = B_SPLINE_SURFACE_WITH_KNOTS('',1,1,(
    (#1385,#1386)
    ,(#1387,#1388
    )),.UNSPECIFIED.,.F.,.F.,.F.,(2,2),(2,2),(0.,0.3),(-0.9,0.),
  .PIECEWISE_BEZIER_KNOTS.);
#1385 = CARTESIAN_POINT('',(53.7,-106.475,-0.18));
#1386 = CARTESIAN_POINT('',(53.7,-106.475,-1.08));
#1387 = CARTESIAN_POINT('',(53.4,-106.475,-0.18));
#1388 = CARTESIAN_POINT('',(53.4,-106.475,-1.08));
#1389 = ADVANCED_FACE('',(#1390),#1404,.F.);
#1390 = FACE_BOUND('',#1391,.F.);
#1391 = EDGE_LOOP('',(#1392,#1397,#1398,#1403));
#1392 = ORIENTED_EDGE('',*,*,#1393,.F.);
#1393 = EDGE_CURVE('',#1322,#1358,#1394,.T.);
#1394 = B_SPLINE_CURVE_WITH_KNOTS('',1,(#1395,#1396),.UNSPECIFIED.,.F.,
  .F.,(2,2),(0.,1.65),.PIECEWISE_BEZIER_KNOTS.);
#1395 = CARTESIAN_POINT('',(53.7,-104.825,-1.08));
#1396 = CARTESIAN_POINT('',(53.7,-106.475,-1.08));
#1397 = ORIENTED_EDGE('',*,*,#1321,.T.);
#1398 = ORIENTED_EDGE('',*,*,#1399,.T.);
#1399 = EDGE_CURVE('',#1324,#1360,#1400,.T.);
#1400 = B_SPLINE_CURVE_WITH_KNOTS('',1,(#1401,#1402),.UNSPECIFIED.,.F.,
  .F.,(2,2),(0.,1.65),.PIECEWISE_BEZIER_KNOTS.);
#1401 = CARTESIAN_POINT('',(53.4,-104.825,-1.08));
#1402 = CARTESIAN_POINT('',(53.4,-106.475,-1.08));
#1403 = ORIENTED_EDGE('',*,*,#1357,.F.);
#1404 = B_SPLINE_SURFACE_WITH_KNOTS('',1,1,(
    (#1405,#1406)
    ,(#1407,#1408
    )),.UNSPECIFIED.,.F.,.F.,.F.,(2,2),(2,2),(0.,0.3),(0.,1.65),
  .PIECEWISE_BEZIER_KNOTS.);
#1405 = CARTESIAN_POINT('',(53.7,-104.825,-1.08));
#1406 = CARTESIAN_POINT('',(53.7,-106.475,-1.08));
#1407 = CARTESIAN_POINT('',(53.4,-104.825,-1.08));
#1408 = CARTESIAN_POINT('',(53.4,-106.475,-1.08));
#1409 = ADVANCED_FACE('',(#1410),#1424,.T.);
#1410 = FACE_BOUND('',#1411,.T.);
#1411 = EDGE_LOOP('',(#1412,#1417,#1418,#1423));
#1412 = ORIENTED_EDGE('',*,*,#1413,.F.);
#1413 = EDGE_CURVE('',#1331,#1367,#1414,.T.);
#1414 = B_SPLINE_CURVE_WITH_KNOTS('',1,(#1415,#1416),.UNSPECIFIED.,.F.,
  .F.,(2,2),(0.,1.65),.PIECEWISE_BEZIER_KNOTS.);
#1415 = CARTESIAN_POINT('',(53.7,-104.825,-0.18));
#1416 = CARTESIAN_POINT('',(53.7,-106.475,-0.18));
#1417 = ORIENTED_EDGE('',*,*,#1337,.T.);
#1418 = ORIENTED_EDGE('',*,*,#1419,.T.);
#1419 = EDGE_CURVE('',#1338,#1374,#1420,.T.);
#1420 = B_SPLINE_CURVE_WITH_KNOTS('',1,(#1421,#1422),.UNSPECIFIED.,.F.,
  .F.,(2,2),(0.,1.65),.PIECEWISE_BEZIER_KNOTS.);
#1421 = CARTESIAN_POINT('',(53.4,-104.825,-0.18));
#1422 = CARTESIAN_POINT('',(53.4,-106.475,-0.18));
#1423 = ORIENTED_EDGE('',*,*,#1373,.F.);
#1424 = B_SPLINE_SURFACE_WITH_KNOTS('',1,1,(
    (#1425,#1426)
    ,(#1427,#1428
    )),.UNSPECIFIED.,.F.,.F.,.F.,(2,2),(2,2),(0.,0.3),(0.,1.65),
  .PIECEWISE_BEZIER_KNOTS.);
#1425 = CARTESIAN_POINT('',(53.7,-104.825,-0.18));
#1426 = CARTESIAN_POINT('',(53.7,-106.475,-0.18));
#1427 = CARTESIAN_POINT('',(53.4,-104.825,-0.18));
#1428 = CARTESIAN_POINT('',(53.4,-106.475,-0.18));
#1429 = ADVANCED_FACE('',(#1430),#1436,.F.);
#1430 = FACE_BOUND('',#1431,.F.);
#1431 = EDGE_LOOP('',(#1432,#1433,#1434,#1435));
#1432 = ORIENTED_EDGE('',*,*,#1330,.F.);
#1433 = ORIENTED_EDGE('',*,*,#1393,.T.);
#1434 = ORIENTED_EDGE('',*,*,#1366,.T.);
#1435 = ORIENTED_EDGE('',*,*,#1413,.F.);
#1436 = B_SPLINE_SURFACE_WITH_KNOTS('',1,1,(
    (#1437,#1438)
    ,(#1439,#1440
    )),.UNSPECIFIED.,.F.,.F.,.F.,(2,2),(2,2),(0.,1.65),(0.,0.9),
  .PIECEWISE_BEZIER_KNOTS.);
#1437 = CARTESIAN_POINT('',(53.7,-104.825,-1.08));
#1438 = CARTESIAN_POINT('',(53.7,-104.825,-0.18));
#1439 = CARTESIAN_POINT('',(53.7,-106.475,-1.08));
#1440 = CARTESIAN_POINT('',(53.7,-106.475,-0.18));
#1441 = ADVANCED_FACE('',(#1442),#1448,.T.);
#1442 = FACE_BOUND('',#1443,.T.);
#1443 = EDGE_LOOP('',(#1444,#1445,#1446,#1447));
#1444 = ORIENTED_EDGE('',*,*,#1344,.F.);
#1445 = ORIENTED_EDGE('',*,*,#1399,.T.);
#1446 = ORIENTED_EDGE('',*,*,#1380,.T.);
#1447 = ORIENTED_EDGE('',*,*,#1419,.F.);
#1448 = B_SPLINE_SURFACE_WITH_KNOTS('',1,1,(
    (#1449,#1450)
    ,(#1451,#1452
    )),.UNSPECIFIED.,.F.,.F.,.F.,(2,2),(2,2),(0.,1.65),(0.,0.9),
  .PIECEWISE_BEZIER_KNOTS.);
#1449 = CARTESIAN_POINT('',(53.4,-104.825,-1.08));
#1450 = CARTESIAN_POINT('',(53.4,-104.825,-0.18));
#1451 = CARTESIAN_POINT('',(53.4,-106.475,-1.08));
#1452 = CARTESIAN_POINT('',(53.4,-106.475,-0.18));
#1453 = MANIFOLD_SOLID_BREP('',#1454);
#1454 = CLOSED_SHELL('',(#1455,#1491,#1527,#1547,#1567,#1579));
#1455 = ADVANCED_FACE('',(#1456),#1486,.F.);
#1456 = FACE_BOUND('',#1457,.F.);
#1457 = EDGE_LOOP('',(#1458,#1467,#1474,#1481));
#1458 = ORIENTED_EDGE('',*,*,#1459,.F.);
#1459 = EDGE_CURVE('',#1460,#1462,#1464,.T.);
#1460 = VERTEX_POINT('',#1461);
#1461 = CARTESIAN_POINT('',(57.8,-119.25,-6.08));
#1462 = VERTEX_POINT('',#1463);
#1463 = CARTESIAN_POINT('',(53.3,-119.25,-6.08));
#1464 = B_SPLINE_CURVE_WITH_KNOTS('',1,(#1465,#1466),.UNSPECIFIED.,.F.,
  .F.,(2,2),(0.,4.5),.PIECEWISE_BEZIER_KNOTS.);
#1465 = CARTESIAN_POINT('',(57.8,-119.25,-6.08));
#1466 = CARTESIAN_POINT('',(53.3,-119.25,-6.08));
#1467 = ORIENTED_EDGE('',*,*,#1468,.T.);
#1468 = EDGE_CURVE('',#1460,#1469,#1471,.T.);
#1469 = VERTEX_POINT('',#1470);
#1470 = CARTESIAN_POINT('',(57.8,-119.25,-5.18));
#1471 = B_SPLINE_CURVE_WITH_KNOTS('',1,(#1472,#1473),.UNSPECIFIED.,.F.,
  .F.,(2,2),(0.,0.9),.PIECEWISE_BEZIER_KNOTS.);
#1472 = CARTESIAN_POINT('',(57.8,-119.25,-6.08));
#1473 = CARTESIAN_POINT('',(57.8,-119.25,-5.18));
#1474 = ORIENTED_EDGE('',*,*,#1475,.T.);
#1475 = EDGE_CURVE('',#1469,#1476,#1478,.T.);
#1476 = VERTEX_POINT('',#1477);
#1477 = CARTESIAN_POINT('',(53.3,-119.25,-5.18));
#1478 = B_SPLINE_CURVE_WITH_KNOTS('',1,(#1479,#1480),.UNSPECIFIED.,.F.,
  .F.,(2,2),(0.,4.5),.PIECEWISE_BEZIER_KNOTS.);
#1479 = CARTESIAN_POINT('',(57.8,-119.25,-5.18));
#1480 = CARTESIAN_POINT('',(53.3,-119.25,-5.18));
#1481 = ORIENTED_EDGE('',*,*,#1482,.F.);
#1482 = EDGE_CURVE('',#1462,#1476,#1483,.T.);
#1483 = B_SPLINE_CURVE_WITH_KNOTS('',1,(#1484,#1485),.UNSPECIFIED.,.F.,
  .F.,(2,2),(0.,0.9),.PIECEWISE_BEZIER_KNOTS.);
#1484 = CARTESIAN_POINT('',(53.3,-119.25,-6.08));
#1485 = CARTESIAN_POINT('',(53.3,-119.25,-5.18));
#1486 = B_SPLINE_SURFACE_WITH_KNOTS('',1,1,(
    (#1487,#1488)
    ,(#1489,#1490
    )),.UNSPECIFIED.,.F.,.F.,.F.,(2,2),(2,2),(0.,4.5),(-0.9,0.),
  .PIECEWISE_BEZIER_KNOTS.);
#1487 = CARTESIAN_POINT('',(57.8,-119.25,-5.18));
#1488 = CARTESIAN_POINT('',(57.8,-119.25,-6.08));
#1489 = CARTESIAN_POINT('',(53.3,-119.25,-5.18));
#1490 = CARTESIAN_POINT('',(53.3,-119.25,-6.08));
#1491 = ADVANCED_FACE('',(#1492),#1522,.T.);
#1492 = FACE_BOUND('',#1493,.T.);
#1493 = EDGE_LOOP('',(#1494,#1503,#1510,#1517));
#1494 = ORIENTED_EDGE('',*,*,#1495,.F.);
#1495 = EDGE_CURVE('',#1496,#1498,#1500,.T.);
#1496 = VERTEX_POINT('',#1497);
#1497 = CARTESIAN_POINT('',(57.8,-119.55,-6.08));
#1498 = VERTEX_POINT('',#1499);
#1499 = CARTESIAN_POINT('',(53.3,-119.55,-6.08));
#1500 = B_SPLINE_CURVE_WITH_KNOTS('',1,(#1501,#1502),.UNSPECIFIED.,.F.,
  .F.,(2,2),(0.,4.5),.PIECEWISE_BEZIER_KNOTS.);
#1501 = CARTESIAN_POINT('',(57.8,-119.55,-6.08));
#1502 = CARTESIAN_POINT('',(53.3,-119.55,-6.08));
#1503 = ORIENTED_EDGE('',*,*,#1504,.T.);
#1504 = EDGE_CURVE('',#1496,#1505,#1507,.T.);
#1505 = VERTEX_POINT('',#1506);
#1506 = CARTESIAN_POINT('',(57.8,-119.55,-5.18));
#1507 = B_SPLINE_CURVE_WITH_KNOTS('',1,(#1508,#1509),.UNSPECIFIED.,.F.,
  .F.,(2,2),(0.,0.9),.PIECEWISE_BEZIER_KNOTS.);
#1508 = CARTESIAN_POINT('',(57.8,-119.55,-6.08));
#1509 = CARTESIAN_POINT('',(57.8,-119.55,-5.18));
#1510 = ORIENTED_EDGE('',*,*,#1511,.T.);
#1511 = EDGE_CURVE('',#1505,#1512,#1514,.T.);
#1512 = VERTEX_POINT('',#1513);
#1513 = CARTESIAN_POINT('',(53.3,-119.55,-5.18));
#1514 = B_SPLINE_CURVE_WITH_KNOTS('',1,(#1515,#1516),.UNSPECIFIED.,.F.,
  .F.,(2,2),(0.,4.5),.PIECEWISE_BEZIER_KNOTS.);
#1515 = CARTESIAN_POINT('',(57.8,-119.55,-5.18));
#1516 = CARTESIAN_POINT('',(53.3,-119.55,-5.18));
#1517 = ORIENTED_EDGE('',*,*,#1518,.F.);
#1518 = EDGE_CURVE('',#1498,#1512,#1519,.T.);
#1519 = B_SPLINE_CURVE_WITH_KNOTS('',1,(#1520,#1521),.UNSPECIFIED.,.F.,
  .F.,(2,2),(0.,0.9),.PIECEWISE_BEZIER_KNOTS.);
#1520 = CARTESIAN_POINT('',(53.3,-119.55,-6.08));
#1521 = CARTESIAN_POINT('',(53.3,-119.55,-5.18));
#1522 = B_SPLINE_SURFACE_WITH_KNOTS('',1,1,(
    (#1523,#1524)
    ,(#1525,#1526
    )),.UNSPECIFIED.,.F.,.F.,.F.,(2,2),(2,2),(0.,4.5),(-0.9,0.),
  .PIECEWISE_BEZIER_KNOTS.);
#1523 = CARTESIAN_POINT('',(57.8,-119.55,-5.18));
#1524 = CARTESIAN_POINT('',(57.8,-119.55,-6.08));
#1525 = CARTESIAN_POINT('',(53.3,-119.55,-5.18));
#1526 = CARTESIAN_POINT('',(53.3,-119.55,-6.08));
#1527 = ADVANCED_FACE('',(#1528),#1542,.F.);
#1528 = FACE_BOUND('',#1529,.F.);
#1529 = EDGE_LOOP('',(#1530,#1535,#1536,#1541));
#1530 = ORIENTED_EDGE('',*,*,#1531,.F.);
#1531 = EDGE_CURVE('',#1460,#1496,#1532,.T.);
#1532 = B_SPLINE_CURVE_WITH_KNOTS('',1,(#1533,#1534),.UNSPECIFIED.,.F.,
  .F.,(2,2),(0.,0.3),.PIECEWISE_BEZIER_KNOTS.);
#1533 = CARTESIAN_POINT('',(57.8,-119.25,-6.08));
#1534 = CARTESIAN_POINT('',(57.8,-119.55,-6.08));
#1535 = ORIENTED_EDGE('',*,*,#1459,.T.);
#1536 = ORIENTED_EDGE('',*,*,#1537,.T.);
#1537 = EDGE_CURVE('',#1462,#1498,#1538,.T.);
#1538 = B_SPLINE_CURVE_WITH_KNOTS('',1,(#1539,#1540),.UNSPECIFIED.,.F.,
  .F.,(2,2),(0.,0.3),.PIECEWISE_BEZIER_KNOTS.);
#1539 = CARTESIAN_POINT('',(53.3,-119.25,-6.08));
#1540 = CARTESIAN_POINT('',(53.3,-119.55,-6.08));
#1541 = ORIENTED_EDGE('',*,*,#1495,.F.);
#1542 = B_SPLINE_SURFACE_WITH_KNOTS('',1,1,(
    (#1543,#1544)
    ,(#1545,#1546
    )),.UNSPECIFIED.,.F.,.F.,.F.,(2,2),(2,2),(0.,4.5),(0.,0.3),
  .PIECEWISE_BEZIER_KNOTS.);
#1543 = CARTESIAN_POINT('',(57.8,-119.25,-6.08));
#1544 = CARTESIAN_POINT('',(57.8,-119.55,-6.08));
#1545 = CARTESIAN_POINT('',(53.3,-119.25,-6.08));
#1546 = CARTESIAN_POINT('',(53.3,-119.55,-6.08));
#1547 = ADVANCED_FACE('',(#1548),#1562,.T.);
#1548 = FACE_BOUND('',#1549,.T.);
#1549 = EDGE_LOOP('',(#1550,#1555,#1556,#1561));
#1550 = ORIENTED_EDGE('',*,*,#1551,.F.);
#1551 = EDGE_CURVE('',#1469,#1505,#1552,.T.);
#1552 = B_SPLINE_CURVE_WITH_KNOTS('',1,(#1553,#1554),.UNSPECIFIED.,.F.,
  .F.,(2,2),(0.,0.3),.PIECEWISE_BEZIER_KNOTS.);
#1553 = CARTESIAN_POINT('',(57.8,-119.25,-5.18));
#1554 = CARTESIAN_POINT('',(57.8,-119.55,-5.18));
#1555 = ORIENTED_EDGE('',*,*,#1475,.T.);
#1556 = ORIENTED_EDGE('',*,*,#1557,.T.);
#1557 = EDGE_CURVE('',#1476,#1512,#1558,.T.);
#1558 = B_SPLINE_CURVE_WITH_KNOTS('',1,(#1559,#1560),.UNSPECIFIED.,.F.,
  .F.,(2,2),(0.,0.3),.PIECEWISE_BEZIER_KNOTS.);
#1559 = CARTESIAN_POINT('',(53.3,-119.25,-5.18));
#1560 = CARTESIAN_POINT('',(53.3,-119.55,-5.18));
#1561 = ORIENTED_EDGE('',*,*,#1511,.F.);
#1562 = B_SPLINE_SURFACE_WITH_KNOTS('',1,1,(
    (#1563,#1564)
    ,(#1565,#1566
    )),.UNSPECIFIED.,.F.,.F.,.F.,(2,2),(2,2),(0.,4.5),(0.,0.3),
  .PIECEWISE_BEZIER_KNOTS.);
#1563 = CARTESIAN_POINT('',(57.8,-119.25,-5.18));
#1564 = CARTESIAN_POINT('',(57.8,-119.55,-5.18));
#1565 = CARTESIAN_POINT('',(53.3,-119.25,-5.18));
#1566 = CARTESIAN_POINT('',(53.3,-119.55,-5.18));
#1567 = ADVANCED_FACE('',(#1568),#1574,.F.);
#1568 = FACE_BOUND('',#1569,.F.);
#1569 = EDGE_LOOP('',(#1570,#1571,#1572,#1573));
#1570 = ORIENTED_EDGE('',*,*,#1468,.F.);
#1571 = ORIENTED_EDGE('',*,*,#1531,.T.);
#1572 = ORIENTED_EDGE('',*,*,#1504,.T.);
#1573 = ORIENTED_EDGE('',*,*,#1551,.F.);
#1574 = B_SPLINE_SURFACE_WITH_KNOTS('',1,1,(
    (#1575,#1576)
    ,(#1577,#1578
    )),.UNSPECIFIED.,.F.,.F.,.F.,(2,2),(2,2),(0.,0.3),(0.,0.9),
  .PIECEWISE_BEZIER_KNOTS.);
#1575 = CARTESIAN_POINT('',(57.8,-119.25,-6.08));
#1576 = CARTESIAN_POINT('',(57.8,-119.25,-5.18));
#1577 = CARTESIAN_POINT('',(57.8,-119.55,-6.08));
#1578 = CARTESIAN_POINT('',(57.8,-119.55,-5.18));
#1579 = ADVANCED_FACE('',(#1580),#1586,.T.);
#1580 = FACE_BOUND('',#1581,.T.);
#1581 = EDGE_LOOP('',(#1582,#1583,#1584,#1585));
#1582 = ORIENTED_EDGE('',*,*,#1482,.F.);
#1583 = ORIENTED_EDGE('',*,*,#1537,.T.);
#1584 = ORIENTED_EDGE('',*,*,#1518,.T.);
#1585 = ORIENTED_EDGE('',*,*,#1557,.F.);
#1586 = B_SPLINE_SURFACE_WITH_KNOTS('',1,1,(
    (#1587,#1588)
    ,(#1589,#1590
    )),.UNSPECIFIED.,.F.,.F.,.F.,(2,2),(2,2),(0.,0.3),(0.,0.9),
  .PIECEWISE_BEZIER_KNOTS.);
#1587 = CARTESIAN_POINT('',(53.3,-119.25,-6.08));
#1588 = CARTESIAN_POINT('',(53.3,-119.25,-5.18));
#1589 = CARTESIAN_POINT('',(53.3,-119.55,-6.08));
#1590 = CARTESIAN_POINT('',(53.3,-119.55,-5.18));
#1591 = MANIFOLD_SOLID_BREP('',#1592);
#1592 = CLOSED_SHELL('',(#1593,#1629,#1665,#1685,#1705,#1717));
#1593 = ADVANCED_FACE('',(#1594),#1624,.F.);
#1594 = FACE_BOUND('',#1595,.F.);
#1595 = EDGE_LOOP('',(#1596,#1605,#1612,#1619));
#1596 = ORIENTED_EDGE('',*,*,#1597,.F.);
#1597 = EDGE_CURVE('',#1598,#1600,#1602,.T.);
#1598 = VERTEX_POINT('',#1599);
#1599 = CARTESIAN_POINT('',(53.7,-118.325,-6.08));
#1600 = VERTEX_POINT('',#1601);
#1601 = CARTESIAN_POINT('',(53.4,-118.325,-6.08));
#1602 = B_SPLINE_CURVE_WITH_KNOTS('',1,(#1603,#1604),.UNSPECIFIED.,.F.,
  .F.,(2,2),(0.,0.3),.PIECEWISE_BEZIER_KNOTS.);
#1603 = CARTESIAN_POINT('',(53.7,-118.325,-6.08));
#1604 = CARTESIAN_POINT('',(53.4,-118.325,-6.08));
#1605 = ORIENTED_EDGE('',*,*,#1606,.T.);
#1606 = EDGE_CURVE('',#1598,#1607,#1609,.T.);
#1607 = VERTEX_POINT('',#1608);
#1608 = CARTESIAN_POINT('',(53.7,-118.325,-5.18));
#1609 = B_SPLINE_CURVE_WITH_KNOTS('',1,(#1610,#1611),.UNSPECIFIED.,.F.,
  .F.,(2,2),(0.,0.9),.PIECEWISE_BEZIER_KNOTS.);
#1610 = CARTESIAN_POINT('',(53.7,-118.325,-6.08));
#1611 = CARTESIAN_POINT('',(53.7,-118.325,-5.18));
#1612 = ORIENTED_EDGE('',*,*,#1613,.T.);
#1613 = EDGE_CURVE('',#1607,#1614,#1616,.T.);
#1614 = VERTEX_POINT('',#1615);
#1615 = CARTESIAN_POINT('',(53.4,-118.325,-5.18));
#1616 = B_SPLINE_CURVE_WITH_KNOTS('',1,(#1617,#1618),.UNSPECIFIED.,.F.,
  .F.,(2,2),(0.,0.3),.PIECEWISE_BEZIER_KNOTS.);
#1617 = CARTESIAN_POINT('',(53.7,-118.325,-5.18));
#1618 = CARTESIAN_POINT('',(53.4,-118.325,-5.18));
#1619 = ORIENTED_EDGE('',*,*,#1620,.F.);
#1620 = EDGE_CURVE('',#1600,#1614,#1621,.T.);
#1621 = B_SPLINE_CURVE_WITH_KNOTS('',1,(#1622,#1623),.UNSPECIFIED.,.F.,
  .F.,(2,2),(0.,0.9),.PIECEWISE_BEZIER_KNOTS.);
#1622 = CARTESIAN_POINT('',(53.4,-118.325,-6.08));
#1623 = CARTESIAN_POINT('',(53.4,-118.325,-5.18));
#1624 = B_SPLINE_SURFACE_WITH_KNOTS('',1,1,(
    (#1625,#1626)
    ,(#1627,#1628
    )),.UNSPECIFIED.,.F.,.F.,.F.,(2,2),(2,2),(0.,0.3),(-0.9,0.),
  .PIECEWISE_BEZIER_KNOTS.);
#1625 = CARTESIAN_POINT('',(53.7,-118.325,-5.18));
#1626 = CARTESIAN_POINT('',(53.7,-118.325,-6.08));
#1627 = CARTESIAN_POINT('',(53.4,-118.325,-5.18));
#1628 = CARTESIAN_POINT('',(53.4,-118.325,-6.08));
#1629 = ADVANCED_FACE('',(#1630),#1660,.T.);
#1630 = FACE_BOUND('',#1631,.T.);
#1631 = EDGE_LOOP('',(#1632,#1641,#1648,#1655));
#1632 = ORIENTED_EDGE('',*,*,#1633,.F.);
#1633 = EDGE_CURVE('',#1634,#1636,#1638,.T.);
#1634 = VERTEX_POINT('',#1635);
#1635 = CARTESIAN_POINT('',(53.7,-119.475,-6.08));
#1636 = VERTEX_POINT('',#1637);
#1637 = CARTESIAN_POINT('',(53.4,-119.475,-6.08));
#1638 = B_SPLINE_CURVE_WITH_KNOTS('',1,(#1639,#1640),.UNSPECIFIED.,.F.,
  .F.,(2,2),(0.,0.3),.PIECEWISE_BEZIER_KNOTS.);
#1639 = CARTESIAN_POINT('',(53.7,-119.475,-6.08));
#1640 = CARTESIAN_POINT('',(53.4,-119.475,-6.08));
#1641 = ORIENTED_EDGE('',*,*,#1642,.T.);
#1642 = EDGE_CURVE('',#1634,#1643,#1645,.T.);
#1643 = VERTEX_POINT('',#1644);
#1644 = CARTESIAN_POINT('',(53.7,-119.475,-5.18));
#1645 = B_SPLINE_CURVE_WITH_KNOTS('',1,(#1646,#1647),.UNSPECIFIED.,.F.,
  .F.,(2,2),(0.,0.9),.PIECEWISE_BEZIER_KNOTS.);
#1646 = CARTESIAN_POINT('',(53.7,-119.475,-6.08));
#1647 = CARTESIAN_POINT('',(53.7,-119.475,-5.18));
#1648 = ORIENTED_EDGE('',*,*,#1649,.T.);
#1649 = EDGE_CURVE('',#1643,#1650,#1652,.T.);
#1650 = VERTEX_POINT('',#1651);
#1651 = CARTESIAN_POINT('',(53.4,-119.475,-5.18));
#1652 = B_SPLINE_CURVE_WITH_KNOTS('',1,(#1653,#1654),.UNSPECIFIED.,.F.,
  .F.,(2,2),(0.,0.3),.PIECEWISE_BEZIER_KNOTS.);
#1653 = CARTESIAN_POINT('',(53.7,-119.475,-5.18));
#1654 = CARTESIAN_POINT('',(53.4,-119.475,-5.18));
#1655 = ORIENTED_EDGE('',*,*,#1656,.F.);
#1656 = EDGE_CURVE('',#1636,#1650,#1657,.T.);
#1657 = B_SPLINE_CURVE_WITH_KNOTS('',1,(#1658,#1659),.UNSPECIFIED.,.F.,
  .F.,(2,2),(0.,0.9),.PIECEWISE_BEZIER_KNOTS.);
#1658 = CARTESIAN_POINT('',(53.4,-119.475,-6.08));
#1659 = CARTESIAN_POINT('',(53.4,-119.475,-5.18));
#1660 = B_SPLINE_SURFACE_WITH_KNOTS('',1,1,(
    (#1661,#1662)
    ,(#1663,#1664
    )),.UNSPECIFIED.,.F.,.F.,.F.,(2,2),(2,2),(0.,0.3),(-0.9,0.),
  .PIECEWISE_BEZIER_KNOTS.);
#1661 = CARTESIAN_POINT('',(53.7,-119.475,-5.18));
#1662 = CARTESIAN_POINT('',(53.7,-119.475,-6.08));
#1663 = CARTESIAN_POINT('',(53.4,-119.475,-5.18));
#1664 = CARTESIAN_POINT('',(53.4,-119.475,-6.08));
#1665 = ADVANCED_FACE('',(#1666),#1680,.F.);
#1666 = FACE_BOUND('',#1667,.F.);
#1667 = EDGE_LOOP('',(#1668,#1673,#1674,#1679));
#1668 = ORIENTED_EDGE('',*,*,#1669,.F.);
#1669 = EDGE_CURVE('',#1598,#1634,#1670,.T.);
#1670 = B_SPLINE_CURVE_WITH_KNOTS('',1,(#1671,#1672),.UNSPECIFIED.,.F.,
  .F.,(2,2),(0.,1.15),.PIECEWISE_BEZIER_KNOTS.);
#1671 = CARTESIAN_POINT('',(53.7,-118.325,-6.08));
#1672 = CARTESIAN_POINT('',(53.7,-119.475,-6.08));
#1673 = ORIENTED_EDGE('',*,*,#1597,.T.);
#1674 = ORIENTED_EDGE('',*,*,#1675,.T.);
#1675 = EDGE_CURVE('',#1600,#1636,#1676,.T.);
#1676 = B_SPLINE_CURVE_WITH_KNOTS('',1,(#1677,#1678),.UNSPECIFIED.,.F.,
  .F.,(2,2),(0.,1.15),.PIECEWISE_BEZIER_KNOTS.);
#1677 = CARTESIAN_POINT('',(53.4,-118.325,-6.08));
#1678 = CARTESIAN_POINT('',(53.4,-119.475,-6.08));
#1679 = ORIENTED_EDGE('',*,*,#1633,.F.);
#1680 = B_SPLINE_SURFACE_WITH_KNOTS('',1,1,(
    (#1681,#1682)
    ,(#1683,#1684
    )),.UNSPECIFIED.,.F.,.F.,.F.,(2,2),(2,2),(0.,0.3),(0.,1.15),
  .PIECEWISE_BEZIER_KNOTS.);
#1681 = CARTESIAN_POINT('',(53.7,-118.325,-6.08));
#1682 = CARTESIAN_POINT('',(53.7,-119.475,-6.08));
#1683 = CARTESIAN_POINT('',(53.4,-118.325,-6.08));
#1684 = CARTESIAN_POINT('',(53.4,-119.475,-6.08));
#1685 = ADVANCED_FACE('',(#1686),#1700,.T.);
#1686 = FACE_BOUND('',#1687,.T.);
#1687 = EDGE_LOOP('',(#1688,#1693,#1694,#1699));
#1688 = ORIENTED_EDGE('',*,*,#1689,.F.);
#1689 = EDGE_CURVE('',#1607,#1643,#1690,.T.);
#1690 = B_SPLINE_CURVE_WITH_KNOTS('',1,(#1691,#1692),.UNSPECIFIED.,.F.,
  .F.,(2,2),(0.,1.15),.PIECEWISE_BEZIER_KNOTS.);
#1691 = CARTESIAN_POINT('',(53.7,-118.325,-5.18));
#1692 = CARTESIAN_POINT('',(53.7,-119.475,-5.18));
#1693 = ORIENTED_EDGE('',*,*,#1613,.T.);
#1694 = ORIENTED_EDGE('',*,*,#1695,.T.);
#1695 = EDGE_CURVE('',#1614,#1650,#1696,.T.);
#1696 = B_SPLINE_CURVE_WITH_KNOTS('',1,(#1697,#1698),.UNSPECIFIED.,.F.,
  .F.,(2,2),(0.,1.15),.PIECEWISE_BEZIER_KNOTS.);
#1697 = CARTESIAN_POINT('',(53.4,-118.325,-5.18));
#1698 = CARTESIAN_POINT('',(53.4,-119.475,-5.18));
#1699 = ORIENTED_EDGE('',*,*,#1649,.F.);
#1700 = B_SPLINE_SURFACE_WITH_KNOTS('',1,1,(
    (#1701,#1702)
    ,(#1703,#1704
    )),.UNSPECIFIED.,.F.,.F.,.F.,(2,2),(2,2),(0.,0.3),(0.,1.15),
  .PIECEWISE_BEZIER_KNOTS.);
#1701 = CARTESIAN_POINT('',(53.7,-118.325,-5.18));
#1702 = CARTESIAN_POINT('',(53.7,-119.475,-5.18));
#1703 = CARTESIAN_POINT('',(53.4,-118.325,-5.18));
#1704 = CARTESIAN_POINT('',(53.4,-119.475,-5.18));
#1705 = ADVANCED_FACE('',(#1706),#1712,.F.);
#1706 = FACE_BOUND('',#1707,.F.);
#1707 = EDGE_LOOP('',(#1708,#1709,#1710,#1711));
#1708 = ORIENTED_EDGE('',*,*,#1606,.F.);
#1709 = ORIENTED_EDGE('',*,*,#1669,.T.);
#1710 = ORIENTED_EDGE('',*,*,#1642,.T.);
#1711 = ORIENTED_EDGE('',*,*,#1689,.F.);
#1712 = B_SPLINE_SURFACE_WITH_KNOTS('',1,1,(
    (#1713,#1714)
    ,(#1715,#1716
    )),.UNSPECIFIED.,.F.,.F.,.F.,(2,2),(2,2),(0.,1.15),(0.,0.9),
  .PIECEWISE_BEZIER_KNOTS.);
#1713 = CARTESIAN_POINT('',(53.7,-118.325,-6.08));
#1714 = CARTESIAN_POINT('',(53.7,-118.325,-5.18));
#1715 = CARTESIAN_POINT('',(53.7,-119.475,-6.08));
#1716 = CARTESIAN_POINT('',(53.7,-119.475,-5.18));
#1717 = ADVANCED_FACE('',(#1718),#1724,.T.);
#1718 = FACE_BOUND('',#1719,.T.);
#1719 = EDGE_LOOP('',(#1720,#1721,#1722,#1723));
#1720 = ORIENTED_EDGE('',*,*,#1620,.F.);
#1721 = ORIENTED_EDGE('',*,*,#1675,.T.);
#1722 = ORIENTED_EDGE('',*,*,#1656,.T.);
#1723 = ORIENTED_EDGE('',*,*,#1695,.F.);
#1724 = B_SPLINE_SURFACE_WITH_KNOTS('',1,1,(
    (#1725,#1726)
    ,(#1727,#1728
    )),.UNSPECIFIED.,.F.,.F.,.F.,(2,2),(2,2),(0.,1.15),(0.,0.9),
  .PIECEWISE_BEZIER_KNOTS.);
#1725 = CARTESIAN_POINT('',(53.4,-118.325,-6.08));
#1726 = CARTESIAN_POINT('',(53.4,-118.325,-5.18));
#1727 = CARTESIAN_POINT('',(53.4,-119.475,-6.08));
#1728 = CARTESIAN_POINT('',(53.4,-119.475,-5.18));
#1729 = MANIFOLD_SOLID_BREP('',#1730);
#1730 = CLOSED_SHELL('',(#1731,#1767,#1803,#1823,#1843,#1855));
#1731 = ADVANCED_FACE('',(#1732),#1762,.F.);
#1732 = FACE_BOUND('',#1733,.F.);
#1733 = EDGE_LOOP('',(#1734,#1743,#1750,#1757));
#1734 = ORIENTED_EDGE('',*,*,#1735,.F.);
#1735 = EDGE_CURVE('',#1736,#1738,#1740,.T.);
#1736 = VERTEX_POINT('',#1737);
#1737 = CARTESIAN_POINT('',(57.8,-119.25,-1.08));
#1738 = VERTEX_POINT('',#1739);
#1739 = CARTESIAN_POINT('',(53.3,-119.25,-1.08));
#1740 = B_SPLINE_CURVE_WITH_KNOTS('',1,(#1741,#1742),.UNSPECIFIED.,.F.,
  .F.,(2,2),(0.,4.5),.PIECEWISE_BEZIER_KNOTS.);
#1741 = CARTESIAN_POINT('',(57.8,-119.25,-1.08));
#1742 = CARTESIAN_POINT('',(53.3,-119.25,-1.08));
#1743 = ORIENTED_EDGE('',*,*,#1744,.T.);
#1744 = EDGE_CURVE('',#1736,#1745,#1747,.T.);
#1745 = VERTEX_POINT('',#1746);
#1746 = CARTESIAN_POINT('',(57.8,-119.25,-0.18));
#1747 = B_SPLINE_CURVE_WITH_KNOTS('',1,(#1748,#1749),.UNSPECIFIED.,.F.,
  .F.,(2,2),(0.,0.9),.PIECEWISE_BEZIER_KNOTS.);
#1748 = CARTESIAN_POINT('',(57.8,-119.25,-1.08));
#1749 = CARTESIAN_POINT('',(57.8,-119.25,-0.18));
#1750 = ORIENTED_EDGE('',*,*,#1751,.T.);
#1751 = EDGE_CURVE('',#1745,#1752,#1754,.T.);
#1752 = VERTEX_POINT('',#1753);
#1753 = CARTESIAN_POINT('',(53.3,-119.25,-0.18));
#1754 = B_SPLINE_CURVE_WITH_KNOTS('',1,(#1755,#1756),.UNSPECIFIED.,.F.,
  .F.,(2,2),(0.,4.5),.PIECEWISE_BEZIER_KNOTS.);
#1755 = CARTESIAN_POINT('',(57.8,-119.25,-0.18));
#1756 = CARTESIAN_POINT('',(53.3,-119.25,-0.18));
#1757 = ORIENTED_EDGE('',*,*,#1758,.F.);
#1758 = EDGE_CURVE('',#1738,#1752,#1759,.T.);
#1759 = B_SPLINE_CURVE_WITH_KNOTS('',1,(#1760,#1761),.UNSPECIFIED.,.F.,
  .F.,(2,2),(0.,0.9),.PIECEWISE_BEZIER_KNOTS.);
#1760 = CARTESIAN_POINT('',(53.3,-119.25,-1.08));
#1761 = CARTESIAN_POINT('',(53.3,-119.25,-0.18));
#1762 = B_SPLINE_SURFACE_WITH_KNOTS('',1,1,(
    (#1763,#1764)
    ,(#1765,#1766
    )),.UNSPECIFIED.,.F.,.F.,.F.,(2,2),(2,2),(0.,4.5),(-0.9,0.),
  .PIECEWISE_BEZIER_KNOTS.);
#1763 = CARTESIAN_POINT('',(57.8,-119.25,-0.18));
#1764 = CARTESIAN_POINT('',(57.8,-119.25,-1.08));
#1765 = CARTESIAN_POINT('',(53.3,-119.25,-0.18));
#1766 = CARTESIAN_POINT('',(53.3,-119.25,-1.08));
#1767 = ADVANCED_FACE('',(#1768),#1798,.T.);
#1768 = FACE_BOUND('',#1769,.T.);
#1769 = EDGE_LOOP('',(#1770,#1779,#1786,#1793));
#1770 = ORIENTED_EDGE('',*,*,#1771,.F.);
#1771 = EDGE_CURVE('',#1772,#1774,#1776,.T.);
#1772 = VERTEX_POINT('',#1773);
#1773 = CARTESIAN_POINT('',(57.8,-119.55,-1.08));
#1774 = VERTEX_POINT('',#1775);
#1775 = CARTESIAN_POINT('',(53.3,-119.55,-1.08));
#1776 = B_SPLINE_CURVE_WITH_KNOTS('',1,(#1777,#1778),.UNSPECIFIED.,.F.,
  .F.,(2,2),(0.,4.5),.PIECEWISE_BEZIER_KNOTS.);
#1777 = CARTESIAN_POINT('',(57.8,-119.55,-1.08));
#1778 = CARTESIAN_POINT('',(53.3,-119.55,-1.08));
#1779 = ORIENTED_EDGE('',*,*,#1780,.T.);
#1780 = EDGE_CURVE('',#1772,#1781,#1783,.T.);
#1781 = VERTEX_POINT('',#1782);
#1782 = CARTESIAN_POINT('',(57.8,-119.55,-0.18));
#1783 = B_SPLINE_CURVE_WITH_KNOTS('',1,(#1784,#1785),.UNSPECIFIED.,.F.,
  .F.,(2,2),(0.,0.9),.PIECEWISE_BEZIER_KNOTS.);
#1784 = CARTESIAN_POINT('',(57.8,-119.55,-1.08));
#1785 = CARTESIAN_POINT('',(57.8,-119.55,-0.18));
#1786 = ORIENTED_EDGE('',*,*,#1787,.T.);
#1787 = EDGE_CURVE('',#1781,#1788,#1790,.T.);
#1788 = VERTEX_POINT('',#1789);
#1789 = CARTESIAN_POINT('',(53.3,-119.55,-0.18));
#1790 = B_SPLINE_CURVE_WITH_KNOTS('',1,(#1791,#1792),.UNSPECIFIED.,.F.,
  .F.,(2,2),(0.,4.5),.PIECEWISE_BEZIER_KNOTS.);
#1791 = CARTESIAN_POINT('',(57.8,-119.55,-0.18));
#1792 = CARTESIAN_POINT('',(53.3,-119.55,-0.18));
#1793 = ORIENTED_EDGE('',*,*,#1794,.F.);
#1794 = EDGE_CURVE('',#1774,#1788,#1795,.T.);
#1795 = B_SPLINE_CURVE_WITH_KNOTS('',1,(#1796,#1797),.UNSPECIFIED.,.F.,
  .F.,(2,2),(0.,0.9),.PIECEWISE_BEZIER_KNOTS.);
#1796 = CARTESIAN_POINT('',(53.3,-119.55,-1.08));
#1797 = CARTESIAN_POINT('',(53.3,-119.55,-0.18));
#1798 = B_SPLINE_SURFACE_WITH_KNOTS('',1,1,(
    (#1799,#1800)
    ,(#1801,#1802
    )),.UNSPECIFIED.,.F.,.F.,.F.,(2,2),(2,2),(0.,4.5),(-0.9,0.),
  .PIECEWISE_BEZIER_KNOTS.);
#1799 = CARTESIAN_POINT('',(57.8,-119.55,-0.18));
#1800 = CARTESIAN_POINT('',(57.8,-119.55,-1.08));
#1801 = CARTESIAN_POINT('',(53.3,-119.55,-0.18));
#1802 = CARTESIAN_POINT('',(53.3,-119.55,-1.08));
#1803 = ADVANCED_FACE('',(#1804),#1818,.F.);
#1804 = FACE_BOUND('',#1805,.F.);
#1805 = EDGE_LOOP('',(#1806,#1811,#1812,#1817));
#1806 = ORIENTED_EDGE('',*,*,#1807,.F.);
#1807 = EDGE_CURVE('',#1736,#1772,#1808,.T.);
#1808 = B_SPLINE_CURVE_WITH_KNOTS('',1,(#1809,#1810),.UNSPECIFIED.,.F.,
  .F.,(2,2),(0.,0.3),.PIECEWISE_BEZIER_KNOTS.);
#1809 = CARTESIAN_POINT('',(57.8,-119.25,-1.08));
#1810 = CARTESIAN_POINT('',(57.8,-119.55,-1.08));
#1811 = ORIENTED_EDGE('',*,*,#1735,.T.);
#1812 = ORIENTED_EDGE('',*,*,#1813,.T.);
#1813 = EDGE_CURVE('',#1738,#1774,#1814,.T.);
#1814 = B_SPLINE_CURVE_WITH_KNOTS('',1,(#1815,#1816),.UNSPECIFIED.,.F.,
  .F.,(2,2),(0.,0.3),.PIECEWISE_BEZIER_KNOTS.);
#1815 = CARTESIAN_POINT('',(53.3,-119.25,-1.08));
#1816 = CARTESIAN_POINT('',(53.3,-119.55,-1.08));
#1817 = ORIENTED_EDGE('',*,*,#1771,.F.);
#1818 = B_SPLINE_SURFACE_WITH_KNOTS('',1,1,(
    (#1819,#1820)
    ,(#1821,#1822
    )),.UNSPECIFIED.,.F.,.F.,.F.,(2,2),(2,2),(0.,4.5),(0.,0.3),
  .PIECEWISE_BEZIER_KNOTS.);
#1819 = CARTESIAN_POINT('',(57.8,-119.25,-1.08));
#1820 = CARTESIAN_POINT('',(57.8,-119.55,-1.08));
#1821 = CARTESIAN_POINT('',(53.3,-119.25,-1.08));
#1822 = CARTESIAN_POINT('',(53.3,-119.55,-1.08));
#1823 = ADVANCED_FACE('',(#1824),#1838,.T.);
#1824 = FACE_BOUND('',#1825,.T.);
#1825 = EDGE_LOOP('',(#1826,#1831,#1832,#1837));
#1826 = ORIENTED_EDGE('',*,*,#1827,.F.);
#1827 = EDGE_CURVE('',#1745,#1781,#1828,.T.);
#1828 = B_SPLINE_CURVE_WITH_KNOTS('',1,(#1829,#1830),.UNSPECIFIED.,.F.,
  .F.,(2,2),(0.,0.3),.PIECEWISE_BEZIER_KNOTS.);
#1829 = CARTESIAN_POINT('',(57.8,-119.25,-0.18));
#1830 = CARTESIAN_POINT('',(57.8,-119.55,-0.18));
#1831 = ORIENTED_EDGE('',*,*,#1751,.T.);
#1832 = ORIENTED_EDGE('',*,*,#1833,.T.);
#1833 = EDGE_CURVE('',#1752,#1788,#1834,.T.);
#1834 = B_SPLINE_CURVE_WITH_KNOTS('',1,(#1835,#1836),.UNSPECIFIED.,.F.,
  .F.,(2,2),(0.,0.3),.PIECEWISE_BEZIER_KNOTS.);
#1835 = CARTESIAN_POINT('',(53.3,-119.25,-0.18));
#1836 = CARTESIAN_POINT('',(53.3,-119.55,-0.18));
#1837 = ORIENTED_EDGE('',*,*,#1787,.F.);
#1838 = B_SPLINE_SURFACE_WITH_KNOTS('',1,1,(
    (#1839,#1840)
    ,(#1841,#1842
    )),.UNSPECIFIED.,.F.,.F.,.F.,(2,2),(2,2),(0.,4.5),(0.,0.3),
  .PIECEWISE_BEZIER_KNOTS.);
#1839 = CARTESIAN_POINT('',(57.8,-119.25,-0.18));
#1840 = CARTESIAN_POINT('',(57.8,-119.55,-0.18));
#1841 = CARTESIAN_POINT('',(53.3,-119.25,-0.18));
#1842 = CARTESIAN_POINT('',(53.3,-119.55,-0.18));
#1843 = ADVANCED_FACE('',(#1844),#1850,.F.);
#1844 = FACE_BOUND('',#1845,.F.);
#1845 = EDGE_LOOP('',(#1846,#1847,#1848,#1849));
#1846 = ORIENTED_EDGE('',*,*,#1744,.F.);
#1847 = ORIENTED_EDGE('',*,*,#1807,.T.);
#1848 = ORIENTED_EDGE('',*,*,#1780,.T.);
#1849 = ORIENTED_EDGE('',*,*,#1827,.F.);
#1850 = B_SPLINE_SURFACE_WITH_KNOTS('',1,1,(
    (#1851,#1852)
    ,(#1853,#1854
    )),.UNSPECIFIED.,.F.,.F.,.F.,(2,2),(2,2),(0.,0.3),(0.,0.9),
  .PIECEWISE_BEZIER_KNOTS.);
#1851 = CARTESIAN_POINT('',(57.8,-119.25,-1.08));
#1852 = CARTESIAN_POINT('',(57.8,-119.25,-0.18));
#1853 = CARTESIAN_POINT('',(57.8,-119.55,-1.08));
#1854 = CARTESIAN_POINT('',(57.8,-119.55,-0.18));
#1855 = ADVANCED_FACE('',(#1856),#1862,.T.);
#1856 = FACE_BOUND('',#1857,.T.);
#1857 = EDGE_LOOP('',(#1858,#1859,#1860,#1861));
#1858 = ORIENTED_EDGE('',*,*,#1758,.F.);
#1859 = ORIENTED_EDGE('',*,*,#1813,.T.);
#1860 = ORIENTED_EDGE('',*,*,#1794,.T.);
#1861 = ORIENTED_EDGE('',*,*,#1833,.F.);
#1862 = B_SPLINE_SURFACE_WITH_KNOTS('',1,1,(
    (#1863,#1864)
    ,(#1865,#1866
    )),.UNSPECIFIED.,.F.,.F.,.F.,(2,2),(2,2),(0.,0.3),(0.,0.9),
  .PIECEWISE_BEZIER_KNOTS.);
#1863 = CARTESIAN_POINT('',(53.3,-119.25,-1.08));
#1864 = CARTESIAN_POINT('',(53.3,-119.25,-0.18));
#1865 = CARTESIAN_POINT('',(53.3,-119.55,-1.08));
#1866 = CARTESIAN_POINT('',(53.3,-119.55,-0.18));
#1867 = MANIFOLD_SOLID_BREP('',#1868);
#1868 = CLOSED_SHELL('',(#1869,#1905,#1941,#1961,#1981,#1993));
#1869 = ADVANCED_FACE('',(#1870),#1900,.F.);
#1870 = FACE_BOUND('',#1871,.F.);
#1871 = EDGE_LOOP('',(#1872,#1881,#1888,#1895));
#1872 = ORIENTED_EDGE('',*,*,#1873,.F.);
#1873 = EDGE_CURVE('',#1874,#1876,#1878,.T.);
#1874 = VERTEX_POINT('',#1875);
#1875 = CARTESIAN_POINT('',(53.7,-118.325,-1.08));
#1876 = VERTEX_POINT('',#1877);
#1877 = CARTESIAN_POINT('',(53.4,-118.325,-1.08));
#1878 = B_SPLINE_CURVE_WITH_KNOTS('',1,(#1879,#1880),.UNSPECIFIED.,.F.,
  .F.,(2,2),(0.,0.3),.PIECEWISE_BEZIER_KNOTS.);
#1879 = CARTESIAN_POINT('',(53.7,-118.325,-1.08));
#1880 = CARTESIAN_POINT('',(53.4,-118.325,-1.08));
#1881 = ORIENTED_EDGE('',*,*,#1882,.T.);
#1882 = EDGE_CURVE('',#1874,#1883,#1885,.T.);
#1883 = VERTEX_POINT('',#1884);
#1884 = CARTESIAN_POINT('',(53.7,-118.325,-0.18));
#1885 = B_SPLINE_CURVE_WITH_KNOTS('',1,(#1886,#1887),.UNSPECIFIED.,.F.,
  .F.,(2,2),(0.,0.9),.PIECEWISE_BEZIER_KNOTS.);
#1886 = CARTESIAN_POINT('',(53.7,-118.325,-1.08));
#1887 = CARTESIAN_POINT('',(53.7,-118.325,-0.18));
#1888 = ORIENTED_EDGE('',*,*,#1889,.T.);
#1889 = EDGE_CURVE('',#1883,#1890,#1892,.T.);
#1890 = VERTEX_POINT('',#1891);
#1891 = CARTESIAN_POINT('',(53.4,-118.325,-0.18));
#1892 = B_SPLINE_CURVE_WITH_KNOTS('',1,(#1893,#1894),.UNSPECIFIED.,.F.,
  .F.,(2,2),(0.,0.3),.PIECEWISE_BEZIER_KNOTS.);
#1893 = CARTESIAN_POINT('',(53.7,-118.325,-0.18));
#1894 = CARTESIAN_POINT('',(53.4,-118.325,-0.18));
#1895 = ORIENTED_EDGE('',*,*,#1896,.F.);
#1896 = EDGE_CURVE('',#1876,#1890,#1897,.T.);
#1897 = B_SPLINE_CURVE_WITH_KNOTS('',1,(#1898,#1899),.UNSPECIFIED.,.F.,
  .F.,(2,2),(0.,0.9),.PIECEWISE_BEZIER_KNOTS.);
#1898 = CARTESIAN_POINT('',(53.4,-118.325,-1.08));
#1899 = CARTESIAN_POINT('',(53.4,-118.325,-0.18));
#1900 = B_SPLINE_SURFACE_WITH_KNOTS('',1,1,(
    (#1901,#1902)
    ,(#1903,#1904
    )),.UNSPECIFIED.,.F.,.F.,.F.,(2,2),(2,2),(0.,0.3),(-0.9,0.),
  .PIECEWISE_BEZIER_KNOTS.);
#1901 = CARTESIAN_POINT('',(53.7,-118.325,-0.18));
#1902 = CARTESIAN_POINT('',(53.7,-118.325,-1.08));
#1903 = CARTESIAN_POINT('',(53.4,-118.325,-0.18));
#1904 = CARTESIAN_POINT('',(53.4,-118.325,-1.08));
#1905 = ADVANCED_FACE('',(#1906),#1936,.T.);
#1906 = FACE_BOUND('',#1907,.T.);
#1907 = EDGE_LOOP('',(#1908,#1917,#1924,#1931));
#1908 = ORIENTED_EDGE('',*,*,#1909,.F.);
#1909 = EDGE_CURVE('',#1910,#1912,#1914,.T.);
#1910 = VERTEX_POINT('',#1911);
#1911 = CARTESIAN_POINT('',(53.7,-119.475,-1.08));
#1912 = VERTEX_POINT('',#1913);
#1913 = CARTESIAN_POINT('',(53.4,-119.475,-1.08));
#1914 = B_SPLINE_CURVE_WITH_KNOTS('',1,(#1915,#1916),.UNSPECIFIED.,.F.,
  .F.,(2,2),(0.,0.3),.PIECEWISE_BEZIER_KNOTS.);
#1915 = CARTESIAN_POINT('',(53.7,-119.475,-1.08));
#1916 = CARTESIAN_POINT('',(53.4,-119.475,-1.08));
#1917 = ORIENTED_EDGE('',*,*,#1918,.T.);
#1918 = EDGE_CURVE('',#1910,#1919,#1921,.T.);
#1919 = VERTEX_POINT('',#1920);
#1920 = CARTESIAN_POINT('',(53.7,-119.475,-0.18));
#1921 = B_SPLINE_CURVE_WITH_KNOTS('',1,(#1922,#1923),.UNSPECIFIED.,.F.,
  .F.,(2,2),(0.,0.9),.PIECEWISE_BEZIER_KNOTS.);
#1922 = CARTESIAN_POINT('',(53.7,-119.475,-1.08));
#1923 = CARTESIAN_POINT('',(53.7,-119.475,-0.18));
#1924 = ORIENTED_EDGE('',*,*,#1925,.T.);
#1925 = EDGE_CURVE('',#1919,#1926,#1928,.T.);
#1926 = VERTEX_POINT('',#1927);
#1927 = CARTESIAN_POINT('',(53.4,-119.475,-0.18));
#1928 = B_SPLINE_CURVE_WITH_KNOTS('',1,(#1929,#1930),.UNSPECIFIED.,.F.,
  .F.,(2,2),(0.,0.3),.PIECEWISE_BEZIER_KNOTS.);
#1929 = CARTESIAN_POINT('',(53.7,-119.475,-0.18));
#1930 = CARTESIAN_POINT('',(53.4,-119.475,-0.18));
#1931 = ORIENTED_EDGE('',*,*,#1932,.F.);
#1932 = EDGE_CURVE('',#1912,#1926,#1933,.T.);
#1933 = B_SPLINE_CURVE_WITH_KNOTS('',1,(#1934,#1935),.UNSPECIFIED.,.F.,
  .F.,(2,2),(0.,0.9),.PIECEWISE_BEZIER_KNOTS.);
#1934 = CARTESIAN_POINT('',(53.4,-119.475,-1.08));
#1935 = CARTESIAN_POINT('',(53.4,-119.475,-0.18));
#1936 = B_SPLINE_SURFACE_WITH_KNOTS('',1,1,(
    (#1937,#1938)
    ,(#1939,#1940
    )),.UNSPECIFIED.,.F.,.F.,.F.,(2,2),(2,2),(0.,0.3),(-0.9,0.),
  .PIECEWISE_BEZIER_KNOTS.);
#1937 = CARTESIAN_POINT('',(53.7,-119.475,-0.18));
#1938 = CARTESIAN_POINT('',(53.7,-119.475,-1.08));
#1939 = CARTESIAN_POINT('',(53.4,-119.475,-0.18));
#1940 = CARTESIAN_POINT('',(53.4,-119.475,-1.08));
#1941 = ADVANCED_FACE('',(#1942),#1956,.F.);
#1942 = FACE_BOUND('',#1943,.F.);
#1943 = EDGE_LOOP('',(#1944,#1949,#1950,#1955));
#1944 = ORIENTED_EDGE('',*,*,#1945,.F.);
#1945 = EDGE_CURVE('',#1874,#1910,#1946,.T.);
#1946 = B_SPLINE_CURVE_WITH_KNOTS('',1,(#1947,#1948),.UNSPECIFIED.,.F.,
  .F.,(2,2),(0.,1.15),.PIECEWISE_BEZIER_KNOTS.);
#1947 = CARTESIAN_POINT('',(53.7,-118.325,-1.08));
#1948 = CARTESIAN_POINT('',(53.7,-119.475,-1.08));
#1949 = ORIENTED_EDGE('',*,*,#1873,.T.);
#1950 = ORIENTED_EDGE('',*,*,#1951,.T.);
#1951 = EDGE_CURVE('',#1876,#1912,#1952,.T.);
#1952 = B_SPLINE_CURVE_WITH_KNOTS('',1,(#1953,#1954),.UNSPECIFIED.,.F.,
  .F.,(2,2),(0.,1.15),.PIECEWISE_BEZIER_KNOTS.);
#1953 = CARTESIAN_POINT('',(53.4,-118.325,-1.08));
#1954 = CARTESIAN_POINT('',(53.4,-119.475,-1.08));
#1955 = ORIENTED_EDGE('',*,*,#1909,.F.);
#1956 = B_SPLINE_SURFACE_WITH_KNOTS('',1,1,(
    (#1957,#1958)
    ,(#1959,#1960
    )),.UNSPECIFIED.,.F.,.F.,.F.,(2,2),(2,2),(0.,0.3),(0.,1.15),
  .PIECEWISE_BEZIER_KNOTS.);
#1957 = CARTESIAN_POINT('',(53.7,-118.325,-1.08));
#1958 = CARTESIAN_POINT('',(53.7,-119.475,-1.08));
#1959 = CARTESIAN_POINT('',(53.4,-118.325,-1.08));
#1960 = CARTESIAN_POINT('',(53.4,-119.475,-1.08));
#1961 = ADVANCED_FACE('',(#1962),#1976,.T.);
#1962 = FACE_BOUND('',#1963,.T.);
#1963 = EDGE_LOOP('',(#1964,#1969,#1970,#1975));
#1964 = ORIENTED_EDGE('',*,*,#1965,.F.);
#1965 = EDGE_CURVE('',#1883,#1919,#1966,.T.);
#1966 = B_SPLINE_CURVE_WITH_KNOTS('',1,(#1967,#1968),.UNSPECIFIED.,.F.,
  .F.,(2,2),(0.,1.15),.PIECEWISE_BEZIER_KNOTS.);
#1967 = CARTESIAN_POINT('',(53.7,-118.325,-0.18));
#1968 = CARTESIAN_POINT('',(53.7,-119.475,-0.18));
#1969 = ORIENTED_EDGE('',*,*,#1889,.T.);
#1970 = ORIENTED_EDGE('',*,*,#1971,.T.);
#1971 = EDGE_CURVE('',#1890,#1926,#1972,.T.);
#1972 = B_SPLINE_CURVE_WITH_KNOTS('',1,(#1973,#1974),.UNSPECIFIED.,.F.,
  .F.,(2,2),(0.,1.15),.PIECEWISE_BEZIER_KNOTS.);
#1973 = CARTESIAN_POINT('',(53.4,-118.325,-0.18));
#1974 = CARTESIAN_POINT('',(53.4,-119.475,-0.18));
#1975 = ORIENTED_EDGE('',*,*,#1925,.F.);
#1976 = B_SPLINE_SURFACE_WITH_KNOTS('',1,1,(
    (#1977,#1978)
    ,(#1979,#1980
    )),.UNSPECIFIED.,.F.,.F.,.F.,(2,2),(2,2),(0.,0.3),(0.,1.15),
  .PIECEWISE_BEZIER_KNOTS.);
#1977 = CARTESIAN_POINT('',(53.7,-118.325,-0.18));
#1978 = CARTESIAN_POINT('',(53.7,-119.475,-0.18));
#1979 = CARTESIAN_POINT('',(53.4,-118.325,-0.18));
#1980 = CARTESIAN_POINT('',(53.4,-119.475,-0.18));
#1981 = ADVANCED_FACE('',(#1982),#1988,.F.);
#1982 = FACE_BOUND('',#1983,.F.);
#1983 = EDGE_LOOP('',(#1984,#1985,#1986,#1987));
#1984 = ORIENTED_EDGE('',*,*,#1882,.F.);
#1985 = ORIENTED_EDGE('',*,*,#1945,.T.);
#1986 = ORIENTED_EDGE('',*,*,#1918,.T.);
#1987 = ORIENTED_EDGE('',*,*,#1965,.F.);
#1988 = B_SPLINE_SURFACE_WITH_KNOTS('',1,1,(
    (#1989,#1990)
    ,(#1991,#1992
    )),.UNSPECIFIED.,.F.,.F.,.F.,(2,2),(2,2),(0.,1.15),(0.,0.9),
  .PIECEWISE_BEZIER_KNOTS.);
#1989 = CARTESIAN_POINT('',(53.7,-118.325,-1.08));
#1990 = CARTESIAN_POINT('',(53.7,-118.325,-0.18));
#1991 = CARTESIAN_POINT('',(53.7,-119.475,-1.08));
#1992 = CARTESIAN_POINT('',(53.7,-119.475,-0.18));
#1993 = ADVANCED_FACE('',(#1994),#2000,.T.);
#1994 = FACE_BOUND('',#1995,.T.);
#1995 = EDGE_LOOP('',(#1996,#1997,#1998,#1999));
#1996 = ORIENTED_EDGE('',*,*,#1896,.F.);
#1997 = ORIENTED_EDGE('',*,*,#1951,.T.);
#1998 = ORIENTED_EDGE('',*,*,#1932,.T.);
#1999 = ORIENTED_EDGE('',*,*,#1971,.F.);
#2000 = B_SPLINE_SURFACE_WITH_KNOTS('',1,1,(
    (#2001,#2002)
    ,(#2003,#2004
    )),.UNSPECIFIED.,.F.,.F.,.F.,(2,2),(2,2),(0.,1.15),(0.,0.9),
  .PIECEWISE_BEZIER_KNOTS.);
#2001 = CARTESIAN_POINT('',(53.4,-118.325,-1.08));
#2002 = CARTESIAN_POINT('',(53.4,-118.325,-0.18));
#2003 = CARTESIAN_POINT('',(53.4,-119.475,-1.08));
#2004 = CARTESIAN_POINT('',(53.4,-119.475,-0.18));
#2005 = ( GEOMETRIC_REPRESENTATION_CONTEXT(3) 
GLOBAL_UNCERTAINTY_ASSIGNED_CONTEXT((#2009)) 
GLOBAL_UNIT_ASSIGNED_CONTEXT((#2006,#2007,#2008)) REPRESENTATION_CONTEXT
('Context #1','3D Context with UNIT and UNCERTAINTY') );
#2006 = ( LENGTH_UNIT() NAMED_UNIT(*) SI_UNIT(.MILLI.,.METRE.) );
#2007 = ( NAMED_UNIT(*) PLANE_ANGLE_UNIT() SI_UNIT($,.RADIAN.) );
#2008 = ( NAMED_UNIT(*) SI_UNIT($,.STERADIAN.) SOLID_ANGLE_UNIT() );
#2009 = UNCERTAINTY_MEASURE_WITH_UNIT(LENGTH_MEASURE(1.E-07),#2006,
  'distance_accuracy_value','confusion accuracy');
#2010 = PRODUCT_RELATED_PRODUCT_CATEGORY('part',$,(#7));
ENDSEC;
END-ISO-10303-21;
