ISO-10303-21;
HEADER;
FILE_DESCRIPTION(('KiCad electronic assembly'),'2;1');
FILE_NAME('J3.step','2026-09-25T16:39:43',('Pcbnew'),('Kicad'),
  'Open CASCADE STEP processor 7.9','KiCad to STEP converter','Unknown'
  );
FILE_SCHEMA(('AUTOMOTIVE_DESIGN { 1 0 10303 214 1 1 1 1 }'));
ENDSEC;
DATA;
#1 = APPLICATION_PROTOCOL_DEFINITION('international standard',
  'automotive_design',2000,#2);
#2 = APPLICATION_CONTEXT(
  'core data for automotive mechanical design processes');
#3 = SHAPE_DEFINITION_REPRESENTATION(#4,#10);
#4 = PRODUCT_DEFINITION_SHAPE('','',#5);
#5 = PRODUCT_DEFINITION('design','',#6,#9);
#6 = PRODUCT_DEFINITION_FORMATION('','',#7);
#7 = PRODUCT('J3 1','J3 1','',(#8));
#8 = PRODUCT_CONTEXT('',#2,'mechanical');
#9 = PRODUCT_DEFINITION_CONTEXT('part definition',#2,'design');
#10 = SHAPE_REPRESENTATION('',(#11,#15),#19);
#11 = AXIS2_PLACEMENT_3D('',#12,#13,#14);
#12 = CARTESIAN_POINT('',(0.,0.,0.));
#13 = DIRECTION('',(0.,0.,1.));
#14 = DIRECTION('',(1.,0.,-0.));
#15 = AXIS2_PLACEMENT_3D('',#16,#17,#18);
#16 = CARTESIAN_POINT('',(98.,-109.3,1.595));
#17 = DIRECTION('',(0.,-0.,1.));
#18 = DIRECTION('',(1.110223024625E-16,1.,0.));
#19 = ( GEOMETRIC_REPRESENTATION_CONTEXT(3) 
GLOBAL_UNCERTAINTY_ASSIGNED_CONTEXT((#23)) GLOBAL_UNIT_ASSIGNED_CONTEXT(
(#20,#21,#22)) REPRESENTATION_CONTEXT('Context #1',
  '3D Context with UNIT and UNCERTAINTY') );
#20 = ( LENGTH_UNIT() NAMED_UNIT(*) SI_UNIT(.MILLI.,.METRE.) );
#21 = ( NAMED_UNIT(*) PLANE_ANGLE_UNIT() SI_UNIT($,.RADIAN.) );
#22 = ( NAMED_UNIT(*) SI_UNIT($,.STERADIAN.) SOLID_ANGLE_UNIT() );
#23 = UNCERTAINTY_MEASURE_WITH_UNIT(LENGTH_MEASURE(1.E-07),#20,
  'distance_accuracy_value','confusion accuracy');
#24 = PRODUCT_RELATED_PRODUCT_CATEGORY('part',$,(#7));
#25 = SHAPE_DEFINITION_REPRESENTATION(#26,#32);
#26 = PRODUCT_DEFINITION_SHAPE('','',#27);
#27 = PRODUCT_DEFINITION('design','',#28,#31);
#28 = PRODUCT_DEFINITION_FORMATION('','',#29);
#29 = PRODUCT('KLS_L-KLS1-242I-2.0-30_1x30-2MP_P0.50mm_Horizontal',
  'KLS_L-KLS1-242I-2.0-30_1x30-2MP_P0.50mm_Horizontal','',(#30));
#30 = PRODUCT_CONTEXT('',#2,'mechanical');
#31 = PRODUCT_DEFINITION_CONTEXT('part definition',#2,'design');
#32 = SHAPE_REPRESENTATION('',(#11,#33),#37);
#33 = AXIS2_PLACEMENT_3D('',#34,#35,#36);
#34 = CARTESIAN_POINT('',(0.,0.,0.));
#35 = DIRECTION('',(0.,0.,1.));
#36 = DIRECTION('',(1.,0.,-0.));
#37 = ( GEOMETRIC_REPRESENTATION_CONTEXT(3) 
GLOBAL_UNCERTAINTY_ASSIGNED_CONTEXT((#41)) GLOBAL_UNIT_ASSIGNED_CONTEXT(
(#38,#39,#40)) REPRESENTATION_CONTEXT('Context #1',
  '3D Context with UNIT and UNCERTAINTY') );
#38 = ( LENGTH_UNIT() NAMED_UNIT(*) SI_UNIT(.MILLI.,.METRE.) );
#39 = ( NAMED_UNIT(*) PLANE_ANGLE_UNIT() SI_UNIT($,.RADIAN.) );
#40 = ( NAMED_UNIT(*) SI_UNIT($,.STERADIAN.) SOLID_ANGLE_UNIT() );
#41 = UNCERTAINTY_MEASURE_WITH_UNIT(LENGTH_MEASURE(1.E-07),#38,
  'distance_accuracy_value','confusion accuracy');
#42 = CONTEXT_DEPENDENT_SHAPE_REPRESENTATION(#43,#45);
#43 = ( REPRESENTATION_RELATIONSHIP('','',#32,#10) 
REPRESENTATION_RELATIONSHIP_WITH_TRANSFORMATION(#44) 
SHAPE_REPRESENTATION_RELATIONSHIP() );
#44 = ITEM_DEFINED_TRANSFORMATION('','',#11,#15);
#45 = PRODUCT_DEFINITION_SHAPE('Placement','Placement of an item',#46);
#46 = NEXT_ASSEMBLY_USAGE_OCCURRENCE('2','J3','',#5,#27,$);
#47 = PRODUCT_RELATED_PRODUCT_CATEGORY('part',$,(#29));
#48 = SHAPE_DEFINITION_REPRESENTATION(#49,#55);
#49 = PRODUCT_DEFINITION_SHAPE('','',#50);
#50 = PRODUCT_DEFINITION('design','',#51,#54);
#51 = PRODUCT_DEFINITION_FORMATION('','',#52);
#52 = PRODUCT('KLS_L-KLS1-242I-2.0-30','KLS_L-KLS1-242I-2.0-30','',(#53)
  );
#53 = PRODUCT_CONTEXT('',#2,'mechanical');
#54 = PRODUCT_DEFINITION_CONTEXT('part definition',#2,'design');
#55 = SHAPE_REPRESENTATION('',(#11,#56,#206,#356,#506,#656,#806,#956,
    #1106,#1256,#1406,#1556,#1706,#1856,#2006,#2156,#2306,#2456,#2606,
    #2756,#2906,#3056,#3206,#3356,#3506,#3656,#3806,#3956,#4106,#4256,
    #4406,#4556,#4706,#4856,#5006,#5156,#5306),#5456);
#56 = MANIFOLD_SOLID_BREP('',#57);
#57 = CLOSED_SHELL('',(#58,#98,#138,#160,#182,#194));
#58 = ADVANCED_FACE('',(#59),#93,.T.);
#59 = FACE_BOUND('',#60,.T.);
#60 = EDGE_LOOP('',(#61,#71,#79,#87));
#61 = ORIENTED_EDGE('',*,*,#62,.T.);
#62 = EDGE_CURVE('',#63,#65,#67,.T.);
#63 = VERTEX_POINT('',#64);
#64 = CARTESIAN_POINT('',(-7.76,-0.1,0.));
#65 = VERTEX_POINT('',#66);
#66 = CARTESIAN_POINT('',(-7.76,4.55,0.));
#67 = LINE('',#68,#69);
#68 = CARTESIAN_POINT('',(-7.76,-0.1,0.));
#69 = VECTOR('',#70,1.);
#70 = DIRECTION('',(0.,1.,0.));
#71 = ORIENTED_EDGE('',*,*,#72,.T.);
#72 = EDGE_CURVE('',#65,#73,#75,.T.);
#73 = VERTEX_POINT('',#74);
#74 = CARTESIAN_POINT('',(7.76,4.55,0.));
#75 = LINE('',#76,#77);
#76 = CARTESIAN_POINT('',(-7.76,4.55,0.));
#77 = VECTOR('',#78,1.);
#78 = DIRECTION('',(1.,0.,0.));
#79 = ORIENTED_EDGE('',*,*,#80,.F.);
#80 = EDGE_CURVE('',#81,#73,#83,.T.);
#81 = VERTEX_POINT('',#82);
#82 = CARTESIAN_POINT('',(7.76,-0.1,0.));
#83 = LINE('',#84,#85);
#84 = CARTESIAN_POINT('',(7.76,-0.1,0.));
#85 = VECTOR('',#86,1.);
#86 = DIRECTION('',(0.,1.,0.));
#87 = ORIENTED_EDGE('',*,*,#88,.F.);
#88 = EDGE_CURVE('',#63,#81,#89,.T.);
#89 = LINE('',#90,#91);
#90 = CARTESIAN_POINT('',(-7.76,-0.1,0.));
#91 = VECTOR('',#92,1.);
#92 = DIRECTION('',(1.,0.,0.));
#93 = PLANE('',#94);
#94 = AXIS2_PLACEMENT_3D('',#95,#96,#97);
#95 = CARTESIAN_POINT('',(-7.76,-0.1,0.));
#96 = DIRECTION('',(0.,0.,-1.));
#97 = DIRECTION('',(1.,0.,0.));
#98 = ADVANCED_FACE('',(#99),#133,.T.);
#99 = FACE_BOUND('',#100,.T.);
#100 = EDGE_LOOP('',(#101,#111,#119,#127));
#101 = ORIENTED_EDGE('',*,*,#102,.T.);
#102 = EDGE_CURVE('',#103,#105,#107,.T.);
#103 = VERTEX_POINT('',#104);
#104 = CARTESIAN_POINT('',(-7.76,-0.1,1.3));
#105 = VERTEX_POINT('',#106);
#106 = CARTESIAN_POINT('',(7.76,-0.1,1.3));
#107 = LINE('',#108,#109);
#108 = CARTESIAN_POINT('',(-7.76,-0.1,1.3));
#109 = VECTOR('',#110,1.);
#110 = DIRECTION('',(1.,0.,0.));
#111 = ORIENTED_EDGE('',*,*,#112,.T.);
#112 = EDGE_CURVE('',#105,#113,#115,.T.);
#113 = VERTEX_POINT('',#114);
#114 = CARTESIAN_POINT('',(7.76,4.55,1.3));
#115 = LINE('',#116,#117);
#116 = CARTESIAN_POINT('',(7.76,-0.1,1.3));
#117 = VECTOR('',#118,1.);
#118 = DIRECTION('',(0.,1.,0.));
#119 = ORIENTED_EDGE('',*,*,#120,.F.);
#120 = EDGE_CURVE('',#121,#113,#123,.T.);
#121 = VERTEX_POINT('',#122);
#122 = CARTESIAN_POINT('',(-7.76,4.55,1.3));
#123 = LINE('',#124,#125);
#124 = CARTESIAN_POINT('',(-7.76,4.55,1.3));
#125 = VECTOR('',#126,1.);
#126 = DIRECTION('',(1.,0.,0.));
#127 = ORIENTED_EDGE('',*,*,#128,.F.);
#128 = EDGE_CURVE('',#103,#121,#129,.T.);
#129 = LINE('',#130,#131);
#130 = CARTESIAN_POINT('',(-7.76,-0.1,1.3));
#131 = VECTOR('',#132,1.);
#132 = DIRECTION('',(0.,1.,0.));
#133 = PLANE('',#134);
#134 = AXIS2_PLACEMENT_3D('',#135,#136,#137);
#135 = CARTESIAN_POINT('',(-7.76,-0.1,1.3));
#136 = DIRECTION('',(0.,0.,1.));
#137 = DIRECTION('',(1.,0.,-0.));
#138 = ADVANCED_FACE('',(#139),#155,.T.);
#139 = FACE_BOUND('',#140,.T.);
#140 = EDGE_LOOP('',(#141,#142,#148,#149));
#141 = ORIENTED_EDGE('',*,*,#88,.T.);
#142 = ORIENTED_EDGE('',*,*,#143,.T.);
#143 = EDGE_CURVE('',#81,#105,#144,.T.);
#144 = LINE('',#145,#146);
#145 = CARTESIAN_POINT('',(7.76,-0.1,0.));
#146 = VECTOR('',#147,1.);
#147 = DIRECTION('',(0.,0.,1.));
#148 = ORIENTED_EDGE('',*,*,#102,.F.);
#149 = ORIENTED_EDGE('',*,*,#150,.F.);
#150 = EDGE_CURVE('',#63,#103,#151,.T.);
#151 = LINE('',#152,#153);
#152 = CARTESIAN_POINT('',(-7.76,-0.1,0.));
#153 = VECTOR('',#154,1.);
#154 = DIRECTION('',(0.,0.,1.));
#155 = PLANE('',#156);
#156 = AXIS2_PLACEMENT_3D('',#157,#158,#159);
#157 = CARTESIAN_POINT('',(-7.76,-0.1,0.));
#158 = DIRECTION('',(0.,-1.,0.));
#159 = DIRECTION('',(1.,0.,0.));
#160 = ADVANCED_FACE('',(#161),#177,.T.);
#161 = FACE_BOUND('',#162,.T.);
#162 = EDGE_LOOP('',(#163,#169,#170,#176));
#163 = ORIENTED_EDGE('',*,*,#164,.T.);
#164 = EDGE_CURVE('',#65,#121,#165,.T.);
#165 = LINE('',#166,#167);
#166 = CARTESIAN_POINT('',(-7.76,4.55,0.));
#167 = VECTOR('',#168,1.);
#168 = DIRECTION('',(0.,0.,1.));
#169 = ORIENTED_EDGE('',*,*,#120,.T.);
#170 = ORIENTED_EDGE('',*,*,#171,.F.);
#171 = EDGE_CURVE('',#73,#113,#172,.T.);
#172 = LINE('',#173,#174);
#173 = CARTESIAN_POINT('',(7.76,4.55,0.));
#174 = VECTOR('',#175,1.);
#175 = DIRECTION('',(0.,0.,1.));
#176 = ORIENTED_EDGE('',*,*,#72,.F.);
#177 = PLANE('',#178);
#178 = AXIS2_PLACEMENT_3D('',#179,#180,#181);
#179 = CARTESIAN_POINT('',(-7.76,4.55,0.));
#180 = DIRECTION('',(0.,1.,0.));
#181 = DIRECTION('',(1.,0.,0.));
#182 = ADVANCED_FACE('',(#183),#189,.T.);
#183 = FACE_BOUND('',#184,.T.);
#184 = EDGE_LOOP('',(#185,#186,#187,#188));
#185 = ORIENTED_EDGE('',*,*,#150,.T.);
#186 = ORIENTED_EDGE('',*,*,#128,.T.);
#187 = ORIENTED_EDGE('',*,*,#164,.F.);
#188 = ORIENTED_EDGE('',*,*,#62,.F.);
#189 = PLANE('',#190);
#190 = AXIS2_PLACEMENT_3D('',#191,#192,#193);
#191 = CARTESIAN_POINT('',(-7.76,-0.1,0.));
#192 = DIRECTION('',(-1.,0.,0.));
#193 = DIRECTION('',(0.,1.,0.));
#194 = ADVANCED_FACE('',(#195),#201,.T.);
#195 = FACE_BOUND('',#196,.T.);
#196 = EDGE_LOOP('',(#197,#198,#199,#200));
#197 = ORIENTED_EDGE('',*,*,#80,.T.);
#198 = ORIENTED_EDGE('',*,*,#171,.T.);
#199 = ORIENTED_EDGE('',*,*,#112,.F.);
#200 = ORIENTED_EDGE('',*,*,#143,.F.);
#201 = PLANE('',#202);
#202 = AXIS2_PLACEMENT_3D('',#203,#204,#205);
#203 = CARTESIAN_POINT('',(7.76,-0.1,0.));
#204 = DIRECTION('',(1.,0.,0.));
#205 = DIRECTION('',(-0.,1.,0.));
#206 = MANIFOLD_SOLID_BREP('',#207);
#207 = CLOSED_SHELL('',(#208,#248,#288,#310,#332,#344));
#208 = ADVANCED_FACE('',(#209),#243,.T.);
#209 = FACE_BOUND('',#210,.T.);
#210 = EDGE_LOOP('',(#211,#221,#229,#237));
#211 = ORIENTED_EDGE('',*,*,#212,.T.);
#212 = EDGE_CURVE('',#213,#215,#217,.T.);
#213 = VERTEX_POINT('',#214);
#214 = CARTESIAN_POINT('',(-9.27,1.6,0.));
#215 = VERTEX_POINT('',#216);
#216 = CARTESIAN_POINT('',(-9.27,4.55,0.));
#217 = LINE('',#218,#219);
#218 = CARTESIAN_POINT('',(-9.27,1.6,0.));
#219 = VECTOR('',#220,1.);
#220 = DIRECTION('',(0.,1.,0.));
#221 = ORIENTED_EDGE('',*,*,#222,.T.);
#222 = EDGE_CURVE('',#215,#223,#225,.T.);
#223 = VERTEX_POINT('',#224);
#224 = CARTESIAN_POINT('',(-7.76,4.55,0.));
#225 = LINE('',#226,#227);
#226 = CARTESIAN_POINT('',(-9.27,4.55,0.));
#227 = VECTOR('',#228,1.);
#228 = DIRECTION('',(1.,0.,0.));
#229 = ORIENTED_EDGE('',*,*,#230,.F.);
#230 = EDGE_CURVE('',#231,#223,#233,.T.);
#231 = VERTEX_POINT('',#232);
#232 = CARTESIAN_POINT('',(-7.76,1.6,0.));
#233 = LINE('',#234,#235);
#234 = CARTESIAN_POINT('',(-7.76,1.6,0.));
#235 = VECTOR('',#236,1.);
#236 = DIRECTION('',(0.,1.,0.));
#237 = ORIENTED_EDGE('',*,*,#238,.F.);
#238 = EDGE_CURVE('',#213,#231,#239,.T.);
#239 = LINE('',#240,#241);
#240 = CARTESIAN_POINT('',(-9.27,1.6,0.));
#241 = VECTOR('',#242,1.);
#242 = DIRECTION('',(1.,0.,0.));
#243 = PLANE('',#244);
#244 = AXIS2_PLACEMENT_3D('',#245,#246,#247);
#245 = CARTESIAN_POINT('',(-9.27,1.6,0.));
#246 = DIRECTION('',(0.,0.,-1.));
#247 = DIRECTION('',(1.,0.,0.));
#248 = ADVANCED_FACE('',(#249),#283,.T.);
#249 = FACE_BOUND('',#250,.T.);
#250 = EDGE_LOOP('',(#251,#261,#269,#277));
#251 = ORIENTED_EDGE('',*,*,#252,.T.);
#252 = EDGE_CURVE('',#253,#255,#257,.T.);
#253 = VERTEX_POINT('',#254);
#254 = CARTESIAN_POINT('',(-9.27,1.6,1.3));
#255 = VERTEX_POINT('',#256);
#256 = CARTESIAN_POINT('',(-7.76,1.6,1.3));
#257 = LINE('',#258,#259);
#258 = CARTESIAN_POINT('',(-9.27,1.6,1.3));
#259 = VECTOR('',#260,1.);
#260 = DIRECTION('',(1.,0.,0.));
#261 = ORIENTED_EDGE('',*,*,#262,.T.);
#262 = EDGE_CURVE('',#255,#263,#265,.T.);
#263 = VERTEX_POINT('',#264);
#264 = CARTESIAN_POINT('',(-7.76,4.55,1.3));
#265 = LINE('',#266,#267);
#266 = CARTESIAN_POINT('',(-7.76,1.6,1.3));
#267 = VECTOR('',#268,1.);
#268 = DIRECTION('',(0.,1.,0.));
#269 = ORIENTED_EDGE('',*,*,#270,.F.);
#270 = EDGE_CURVE('',#271,#263,#273,.T.);
#271 = VERTEX_POINT('',#272);
#272 = CARTESIAN_POINT('',(-9.27,4.55,1.3));
#273 = LINE('',#274,#275);
#274 = CARTESIAN_POINT('',(-9.27,4.55,1.3));
#275 = VECTOR('',#276,1.);
#276 = DIRECTION('',(1.,0.,0.));
#277 = ORIENTED_EDGE('',*,*,#278,.F.);
#278 = EDGE_CURVE('',#253,#271,#279,.T.);
#279 = LINE('',#280,#281);
#280 = CARTESIAN_POINT('',(-9.27,1.6,1.3));
#281 = VECTOR('',#282,1.);
#282 = DIRECTION('',(0.,1.,0.));
#283 = PLANE('',#284);
#284 = AXIS2_PLACEMENT_3D('',#285,#286,#287);
#285 = CARTESIAN_POINT('',(-9.27,1.6,1.3));
#286 = DIRECTION('',(0.,0.,1.));
#287 = DIRECTION('',(1.,0.,-0.));
#288 = ADVANCED_FACE('',(#289),#305,.T.);
#289 = FACE_BOUND('',#290,.T.);
#290 = EDGE_LOOP('',(#291,#292,#298,#299));
#291 = ORIENTED_EDGE('',*,*,#238,.T.);
#292 = ORIENTED_EDGE('',*,*,#293,.T.);
#293 = EDGE_CURVE('',#231,#255,#294,.T.);
#294 = LINE('',#295,#296);
#295 = CARTESIAN_POINT('',(-7.76,1.6,0.));
#296 = VECTOR('',#297,1.);
#297 = DIRECTION('',(0.,0.,1.));
#298 = ORIENTED_EDGE('',*,*,#252,.F.);
#299 = ORIENTED_EDGE('',*,*,#300,.F.);
#300 = EDGE_CURVE('',#213,#253,#301,.T.);
#301 = LINE('',#302,#303);
#302 = CARTESIAN_POINT('',(-9.27,1.6,0.));
#303 = VECTOR('',#304,1.);
#304 = DIRECTION('',(0.,0.,1.));
#305 = PLANE('',#306);
#306 = AXIS2_PLACEMENT_3D('',#307,#308,#309);
#307 = CARTESIAN_POINT('',(-9.27,1.6,0.));
#308 = DIRECTION('',(0.,-1.,0.));
#309 = DIRECTION('',(1.,0.,0.));
#310 = ADVANCED_FACE('',(#311),#327,.T.);
#311 = FACE_BOUND('',#312,.T.);
#312 = EDGE_LOOP('',(#313,#319,#320,#326));
#313 = ORIENTED_EDGE('',*,*,#314,.T.);
#314 = EDGE_CURVE('',#215,#271,#315,.T.);
#315 = LINE('',#316,#317);
#316 = CARTESIAN_POINT('',(-9.27,4.55,0.));
#317 = VECTOR('',#318,1.);
#318 = DIRECTION('',(0.,0.,1.));
#319 = ORIENTED_EDGE('',*,*,#270,.T.);
#320 = ORIENTED_EDGE('',*,*,#321,.F.);
#321 = EDGE_CURVE('',#223,#263,#322,.T.);
#322 = LINE('',#323,#324);
#323 = CARTESIAN_POINT('',(-7.76,4.55,0.));
#324 = VECTOR('',#325,1.);
#325 = DIRECTION('',(0.,0.,1.));
#326 = ORIENTED_EDGE('',*,*,#222,.F.);
#327 = PLANE('',#328);
#328 = AXIS2_PLACEMENT_3D('',#329,#330,#331);
#329 = CARTESIAN_POINT('',(-9.27,4.55,0.));
#330 = DIRECTION('',(0.,1.,0.));
#331 = DIRECTION('',(1.,0.,0.));
#332 = ADVANCED_FACE('',(#333),#339,.T.);
#333 = FACE_BOUND('',#334,.T.);
#334 = EDGE_LOOP('',(#335,#336,#337,#338));
#335 = ORIENTED_EDGE('',*,*,#300,.T.);
#336 = ORIENTED_EDGE('',*,*,#278,.T.);
#337 = ORIENTED_EDGE('',*,*,#314,.F.);
#338 = ORIENTED_EDGE('',*,*,#212,.F.);
#339 = PLANE('',#340);
#340 = AXIS2_PLACEMENT_3D('',#341,#342,#343);
#341 = CARTESIAN_POINT('',(-9.27,1.6,0.));
#342 = DIRECTION('',(-1.,0.,0.));
#343 = DIRECTION('',(0.,1.,0.));
#344 = ADVANCED_FACE('',(#345),#351,.T.);
#345 = FACE_BOUND('',#346,.T.);
#346 = EDGE_LOOP('',(#347,#348,#349,#350));
#347 = ORIENTED_EDGE('',*,*,#230,.T.);
#348 = ORIENTED_EDGE('',*,*,#321,.T.);
#349 = ORIENTED_EDGE('',*,*,#262,.F.);
#350 = ORIENTED_EDGE('',*,*,#293,.F.);
#351 = PLANE('',#352);
#352 = AXIS2_PLACEMENT_3D('',#353,#354,#355);
#353 = CARTESIAN_POINT('',(-7.76,1.6,0.));
#354 = DIRECTION('',(1.,0.,0.));
#355 = DIRECTION('',(-0.,1.,0.));
#356 = MANIFOLD_SOLID_BREP('',#357);
#357 = CLOSED_SHELL('',(#358,#398,#438,#460,#482,#494));
#358 = ADVANCED_FACE('',(#359),#393,.T.);
#359 = FACE_BOUND('',#360,.T.);
#360 = EDGE_LOOP('',(#361,#371,#379,#387));
#361 = ORIENTED_EDGE('',*,*,#362,.T.);
#362 = EDGE_CURVE('',#363,#365,#367,.T.);
#363 = VERTEX_POINT('',#364);
#364 = CARTESIAN_POINT('',(7.76,1.6,0.));
#365 = VERTEX_POINT('',#366);
#366 = CARTESIAN_POINT('',(7.76,4.55,0.));
#367 = LINE('',#368,#369);
#368 = CARTESIAN_POINT('',(7.76,1.6,0.));
#369 = VECTOR('',#370,1.);
#370 = DIRECTION('',(0.,1.,0.));
#371 = ORIENTED_EDGE('',*,*,#372,.T.);
#372 = EDGE_CURVE('',#365,#373,#375,.T.);
#373 = VERTEX_POINT('',#374);
#374 = CARTESIAN_POINT('',(9.27,4.55,0.));
#375 = LINE('',#376,#377);
#376 = CARTESIAN_POINT('',(7.76,4.55,0.));
#377 = VECTOR('',#378,1.);
#378 = DIRECTION('',(1.,0.,0.));
#379 = ORIENTED_EDGE('',*,*,#380,.F.);
#380 = EDGE_CURVE('',#381,#373,#383,.T.);
#381 = VERTEX_POINT('',#382);
#382 = CARTESIAN_POINT('',(9.27,1.6,0.));
#383 = LINE('',#384,#385);
#384 = CARTESIAN_POINT('',(9.27,1.6,0.));
#385 = VECTOR('',#386,1.);
#386 = DIRECTION('',(0.,1.,0.));
#387 = ORIENTED_EDGE('',*,*,#388,.F.);
#388 = EDGE_CURVE('',#363,#381,#389,.T.);
#389 = LINE('',#390,#391);
#390 = CARTESIAN_POINT('',(7.76,1.6,0.));
#391 = VECTOR('',#392,1.);
#392 = DIRECTION('',(1.,0.,0.));
#393 = PLANE('',#394);
#394 = AXIS2_PLACEMENT_3D('',#395,#396,#397);
#395 = CARTESIAN_POINT('',(7.76,1.6,0.));
#396 = DIRECTION('',(0.,0.,-1.));
#397 = DIRECTION('',(1.,0.,0.));
#398 = ADVANCED_FACE('',(#399),#433,.T.);
#399 = FACE_BOUND('',#400,.T.);
#400 = EDGE_LOOP('',(#401,#411,#419,#427));
#401 = ORIENTED_EDGE('',*,*,#402,.T.);
#402 = EDGE_CURVE('',#403,#405,#407,.T.);
#403 = VERTEX_POINT('',#404);
#404 = CARTESIAN_POINT('',(7.76,1.6,1.3));
#405 = VERTEX_POINT('',#406);
#406 = CARTESIAN_POINT('',(9.27,1.6,1.3));
#407 = LINE('',#408,#409);
#408 = CARTESIAN_POINT('',(7.76,1.6,1.3));
#409 = VECTOR('',#410,1.);
#410 = DIRECTION('',(1.,0.,0.));
#411 = ORIENTED_EDGE('',*,*,#412,.T.);
#412 = EDGE_CURVE('',#405,#413,#415,.T.);
#413 = VERTEX_POINT('',#414);
#414 = CARTESIAN_POINT('',(9.27,4.55,1.3));
#415 = LINE('',#416,#417);
#416 = CARTESIAN_POINT('',(9.27,1.6,1.3));
#417 = VECTOR('',#418,1.);
#418 = DIRECTION('',(0.,1.,0.));
#419 = ORIENTED_EDGE('',*,*,#420,.F.);
#420 = EDGE_CURVE('',#421,#413,#423,.T.);
#421 = VERTEX_POINT('',#422);
#422 = CARTESIAN_POINT('',(7.76,4.55,1.3));
#423 = LINE('',#424,#425);
#424 = CARTESIAN_POINT('',(7.76,4.55,1.3));
#425 = VECTOR('',#426,1.);
#426 = DIRECTION('',(1.,0.,0.));
#427 = ORIENTED_EDGE('',*,*,#428,.F.);
#428 = EDGE_CURVE('',#403,#421,#429,.T.);
#429 = LINE('',#430,#431);
#430 = CARTESIAN_POINT('',(7.76,1.6,1.3));
#431 = VECTOR('',#432,1.);
#432 = DIRECTION('',(0.,1.,0.));
#433 = PLANE('',#434);
#434 = AXIS2_PLACEMENT_3D('',#435,#436,#437);
#435 = CARTESIAN_POINT('',(7.76,1.6,1.3));
#436 = DIRECTION('',(0.,0.,1.));
#437 = DIRECTION('',(1.,0.,-0.));
#438 = ADVANCED_FACE('',(#439),#455,.T.);
#439 = FACE_BOUND('',#440,.T.);
#440 = EDGE_LOOP('',(#441,#442,#448,#449));
#441 = ORIENTED_EDGE('',*,*,#388,.T.);
#442 = ORIENTED_EDGE('',*,*,#443,.T.);
#443 = EDGE_CURVE('',#381,#405,#444,.T.);
#444 = LINE('',#445,#446);
#445 = CARTESIAN_POINT('',(9.27,1.6,0.));
#446 = VECTOR('',#447,1.);
#447 = DIRECTION('',(0.,0.,1.));
#448 = ORIENTED_EDGE('',*,*,#402,.F.);
#449 = ORIENTED_EDGE('',*,*,#450,.F.);
#450 = EDGE_CURVE('',#363,#403,#451,.T.);
#451 = LINE('',#452,#453);
#452 = CARTESIAN_POINT('',(7.76,1.6,0.));
#453 = VECTOR('',#454,1.);
#454 = DIRECTION('',(0.,0.,1.));
#455 = PLANE('',#456);
#456 = AXIS2_PLACEMENT_3D('',#457,#458,#459);
#457 = CARTESIAN_POINT('',(7.76,1.6,0.));
#458 = DIRECTION('',(0.,-1.,0.));
#459 = DIRECTION('',(1.,0.,0.));
#460 = ADVANCED_FACE('',(#461),#477,.T.);
#461 = FACE_BOUND('',#462,.T.);
#462 = EDGE_LOOP('',(#463,#469,#470,#476));
#463 = ORIENTED_EDGE('',*,*,#464,.T.);
#464 = EDGE_CURVE('',#365,#421,#465,.T.);
#465 = LINE('',#466,#467);
#466 = CARTESIAN_POINT('',(7.76,4.55,0.));
#467 = VECTOR('',#468,1.);
#468 = DIRECTION('',(0.,0.,1.));
#469 = ORIENTED_EDGE('',*,*,#420,.T.);
#470 = ORIENTED_EDGE('',*,*,#471,.F.);
#471 = EDGE_CURVE('',#373,#413,#472,.T.);
#472 = LINE('',#473,#474);
#473 = CARTESIAN_POINT('',(9.27,4.55,0.));
#474 = VECTOR('',#475,1.);
#475 = DIRECTION('',(0.,0.,1.));
#476 = ORIENTED_EDGE('',*,*,#372,.F.);
#477 = PLANE('',#478);
#478 = AXIS2_PLACEMENT_3D('',#479,#480,#481);
#479 = CARTESIAN_POINT('',(7.76,4.55,0.));
#480 = DIRECTION('',(0.,1.,0.));
#481 = DIRECTION('',(1.,0.,0.));
#482 = ADVANCED_FACE('',(#483),#489,.T.);
#483 = FACE_BOUND('',#484,.T.);
#484 = EDGE_LOOP('',(#485,#486,#487,#488));
#485 = ORIENTED_EDGE('',*,*,#450,.T.);
#486 = ORIENTED_EDGE('',*,*,#428,.T.);
#487 = ORIENTED_EDGE('',*,*,#464,.F.);
#488 = ORIENTED_EDGE('',*,*,#362,.F.);
#489 = PLANE('',#490);
#490 = AXIS2_PLACEMENT_3D('',#491,#492,#493);
#491 = CARTESIAN_POINT('',(7.76,1.6,0.));
#492 = DIRECTION('',(-1.,0.,0.));
#493 = DIRECTION('',(0.,1.,0.));
#494 = ADVANCED_FACE('',(#495),#501,.T.);
#495 = FACE_BOUND('',#496,.T.);
#496 = EDGE_LOOP('',(#497,#498,#499,#500));
#497 = ORIENTED_EDGE('',*,*,#380,.T.);
#498 = ORIENTED_EDGE('',*,*,#471,.T.);
#499 = ORIENTED_EDGE('',*,*,#412,.F.);
#500 = ORIENTED_EDGE('',*,*,#443,.F.);
#501 = PLANE('',#502);
#502 = AXIS2_PLACEMENT_3D('',#503,#504,#505);
#503 = CARTESIAN_POINT('',(9.27,1.6,0.));
#504 = DIRECTION('',(1.,0.,0.));
#505 = DIRECTION('',(-0.,1.,0.));
#506 = MANIFOLD_SOLID_BREP('',#507);
#507 = CLOSED_SHELL('',(#508,#548,#588,#610,#632,#644));
#508 = ADVANCED_FACE('',(#509),#543,.T.);
#509 = FACE_BOUND('',#510,.T.);
#510 = EDGE_LOOP('',(#511,#521,#529,#537));
#511 = ORIENTED_EDGE('',*,*,#512,.T.);
#512 = EDGE_CURVE('',#513,#515,#517,.T.);
#513 = VERTEX_POINT('',#514);
#514 = CARTESIAN_POINT('',(-7.76,-0.1,1.3));
#515 = VERTEX_POINT('',#516);
#516 = CARTESIAN_POINT('',(-7.76,2.6,1.3));
#517 = LINE('',#518,#519);
#518 = CARTESIAN_POINT('',(-7.76,-0.1,1.3));
#519 = VECTOR('',#520,1.);
#520 = DIRECTION('',(0.,1.,0.));
#521 = ORIENTED_EDGE('',*,*,#522,.T.);
#522 = EDGE_CURVE('',#515,#523,#525,.T.);
#523 = VERTEX_POINT('',#524);
#524 = CARTESIAN_POINT('',(7.76,2.6,1.3));
#525 = LINE('',#526,#527);
#526 = CARTESIAN_POINT('',(-7.76,2.6,1.3));
#527 = VECTOR('',#528,1.);
#528 = DIRECTION('',(1.,0.,0.));
#529 = ORIENTED_EDGE('',*,*,#530,.F.);
#530 = EDGE_CURVE('',#531,#523,#533,.T.);
#531 = VERTEX_POINT('',#532);
#532 = CARTESIAN_POINT('',(7.76,-0.1,1.3));
#533 = LINE('',#534,#535);
#534 = CARTESIAN_POINT('',(7.76,-0.1,1.3));
#535 = VECTOR('',#536,1.);
#536 = DIRECTION('',(0.,1.,0.));
#537 = ORIENTED_EDGE('',*,*,#538,.F.);
#538 = EDGE_CURVE('',#513,#531,#539,.T.);
#539 = LINE('',#540,#541);
#540 = CARTESIAN_POINT('',(-7.76,-0.1,1.3));
#541 = VECTOR('',#542,1.);
#542 = DIRECTION('',(1.,0.,0.));
#543 = PLANE('',#544);
#544 = AXIS2_PLACEMENT_3D('',#545,#546,#547);
#545 = CARTESIAN_POINT('',(-7.76,-0.1,1.3));
#546 = DIRECTION('',(0.,0.,-1.));
#547 = DIRECTION('',(1.,0.,0.));
#548 = ADVANCED_FACE('',(#549),#583,.T.);
#549 = FACE_BOUND('',#550,.T.);
#550 = EDGE_LOOP('',(#551,#561,#569,#577));
#551 = ORIENTED_EDGE('',*,*,#552,.T.);
#552 = EDGE_CURVE('',#553,#555,#557,.T.);
#553 = VERTEX_POINT('',#554);
#554 = CARTESIAN_POINT('',(-7.76,-0.1,2.));
#555 = VERTEX_POINT('',#556);
#556 = CARTESIAN_POINT('',(7.76,-0.1,2.));
#557 = LINE('',#558,#559);
#558 = CARTESIAN_POINT('',(-7.76,-0.1,2.));
#559 = VECTOR('',#560,1.);
#560 = DIRECTION('',(1.,0.,0.));
#561 = ORIENTED_EDGE('',*,*,#562,.T.);
#562 = EDGE_CURVE('',#555,#563,#565,.T.);
#563 = VERTEX_POINT('',#564);
#564 = CARTESIAN_POINT('',(7.76,2.6,2.));
#565 = LINE('',#566,#567);
#566 = CARTESIAN_POINT('',(7.76,-0.1,2.));
#567 = VECTOR('',#568,1.);
#568 = DIRECTION('',(0.,1.,0.));
#569 = ORIENTED_EDGE('',*,*,#570,.F.);
#570 = EDGE_CURVE('',#571,#563,#573,.T.);
#571 = VERTEX_POINT('',#572);
#572 = CARTESIAN_POINT('',(-7.76,2.6,2.));
#573 = LINE('',#574,#575);
#574 = CARTESIAN_POINT('',(-7.76,2.6,2.));
#575 = VECTOR('',#576,1.);
#576 = DIRECTION('',(1.,0.,0.));
#577 = ORIENTED_EDGE('',*,*,#578,.F.);
#578 = EDGE_CURVE('',#553,#571,#579,.T.);
#579 = LINE('',#580,#581);
#580 = CARTESIAN_POINT('',(-7.76,-0.1,2.));
#581 = VECTOR('',#582,1.);
#582 = DIRECTION('',(0.,1.,0.));
#583 = PLANE('',#584);
#584 = AXIS2_PLACEMENT_3D('',#585,#586,#587);
#585 = CARTESIAN_POINT('',(-7.76,-0.1,2.));
#586 = DIRECTION('',(0.,0.,1.));
#587 = DIRECTION('',(1.,0.,-0.));
#588 = ADVANCED_FACE('',(#589),#605,.T.);
#589 = FACE_BOUND('',#590,.T.);
#590 = EDGE_LOOP('',(#591,#592,#598,#599));
#591 = ORIENTED_EDGE('',*,*,#538,.T.);
#592 = ORIENTED_EDGE('',*,*,#593,.T.);
#593 = EDGE_CURVE('',#531,#555,#594,.T.);
#594 = LINE('',#595,#596);
#595 = CARTESIAN_POINT('',(7.76,-0.1,1.3));
#596 = VECTOR('',#597,1.);
#597 = DIRECTION('',(0.,0.,1.));
#598 = ORIENTED_EDGE('',*,*,#552,.F.);
#599 = ORIENTED_EDGE('',*,*,#600,.F.);
#600 = EDGE_CURVE('',#513,#553,#601,.T.);
#601 = LINE('',#602,#603);
#602 = CARTESIAN_POINT('',(-7.76,-0.1,1.3));
#603 = VECTOR('',#604,1.);
#604 = DIRECTION('',(0.,0.,1.));
#605 = PLANE('',#606);
#606 = AXIS2_PLACEMENT_3D('',#607,#608,#609);
#607 = CARTESIAN_POINT('',(-7.76,-0.1,1.3));
#608 = DIRECTION('',(0.,-1.,0.));
#609 = DIRECTION('',(1.,0.,0.));
#610 = ADVANCED_FACE('',(#611),#627,.T.);
#611 = FACE_BOUND('',#612,.T.);
#612 = EDGE_LOOP('',(#613,#619,#620,#626));
#613 = ORIENTED_EDGE('',*,*,#614,.T.);
#614 = EDGE_CURVE('',#515,#571,#615,.T.);
#615 = LINE('',#616,#617);
#616 = CARTESIAN_POINT('',(-7.76,2.6,1.3));
#617 = VECTOR('',#618,1.);
#618 = DIRECTION('',(0.,0.,1.));
#619 = ORIENTED_EDGE('',*,*,#570,.T.);
#620 = ORIENTED_EDGE('',*,*,#621,.F.);
#621 = EDGE_CURVE('',#523,#563,#622,.T.);
#622 = LINE('',#623,#624);
#623 = CARTESIAN_POINT('',(7.76,2.6,1.3));
#624 = VECTOR('',#625,1.);
#625 = DIRECTION('',(0.,0.,1.));
#626 = ORIENTED_EDGE('',*,*,#522,.F.);
#627 = PLANE('',#628);
#628 = AXIS2_PLACEMENT_3D('',#629,#630,#631);
#629 = CARTESIAN_POINT('',(-7.76,2.6,1.3));
#630 = DIRECTION('',(0.,1.,0.));
#631 = DIRECTION('',(1.,0.,0.));
#632 = ADVANCED_FACE('',(#633),#639,.T.);
#633 = FACE_BOUND('',#634,.T.);
#634 = EDGE_LOOP('',(#635,#636,#637,#638));
#635 = ORIENTED_EDGE('',*,*,#600,.T.);
#636 = ORIENTED_EDGE('',*,*,#578,.T.);
#637 = ORIENTED_EDGE('',*,*,#614,.F.);
#638 = ORIENTED_EDGE('',*,*,#512,.F.);
#639 = PLANE('',#640);
#640 = AXIS2_PLACEMENT_3D('',#641,#642,#643);
#641 = CARTESIAN_POINT('',(-7.76,-0.1,1.3));
#642 = DIRECTION('',(-1.,0.,0.));
#643 = DIRECTION('',(0.,1.,0.));
#644 = ADVANCED_FACE('',(#645),#651,.T.);
#645 = FACE_BOUND('',#646,.T.);
#646 = EDGE_LOOP('',(#647,#648,#649,#650));
#647 = ORIENTED_EDGE('',*,*,#530,.T.);
#648 = ORIENTED_EDGE('',*,*,#621,.T.);
#649 = ORIENTED_EDGE('',*,*,#562,.F.);
#650 = ORIENTED_EDGE('',*,*,#593,.F.);
#651 = PLANE('',#652);
#652 = AXIS2_PLACEMENT_3D('',#653,#654,#655);
#653 = CARTESIAN_POINT('',(7.76,-0.1,1.3));
#654 = DIRECTION('',(1.,0.,0.));
#655 = DIRECTION('',(-0.,1.,0.));
#656 = MANIFOLD_SOLID_BREP('',#657);
#657 = CLOSED_SHELL('',(#658,#698,#738,#760,#782,#794));
#658 = ADVANCED_FACE('',(#659),#693,.T.);
#659 = FACE_BOUND('',#660,.T.);
#660 = EDGE_LOOP('',(#661,#671,#679,#687));
#661 = ORIENTED_EDGE('',*,*,#662,.T.);
#662 = EDGE_CURVE('',#663,#665,#667,.T.);
#663 = VERTEX_POINT('',#664);
#664 = CARTESIAN_POINT('',(-7.35,-0.75,0.));
#665 = VERTEX_POINT('',#666);
#666 = CARTESIAN_POINT('',(-7.35,0.6,0.));
#667 = LINE('',#668,#669);
#668 = CARTESIAN_POINT('',(-7.35,-0.75,0.));
#669 = VECTOR('',#670,1.);
#670 = DIRECTION('',(0.,1.,0.));
#671 = ORIENTED_EDGE('',*,*,#672,.T.);
#672 = EDGE_CURVE('',#665,#673,#675,.T.);
#673 = VERTEX_POINT('',#674);
#674 = CARTESIAN_POINT('',(-7.15,0.6,0.));
#675 = LINE('',#676,#677);
#676 = CARTESIAN_POINT('',(-7.35,0.6,0.));
#677 = VECTOR('',#678,1.);
#678 = DIRECTION('',(1.,0.,0.));
#679 = ORIENTED_EDGE('',*,*,#680,.F.);
#680 = EDGE_CURVE('',#681,#673,#683,.T.);
#681 = VERTEX_POINT('',#682);
#682 = CARTESIAN_POINT('',(-7.15,-0.75,0.));
#683 = LINE('',#684,#685);
#684 = CARTESIAN_POINT('',(-7.15,-0.75,0.));
#685 = VECTOR('',#686,1.);
#686 = DIRECTION('',(0.,1.,0.));
#687 = ORIENTED_EDGE('',*,*,#688,.F.);
#688 = EDGE_CURVE('',#663,#681,#689,.T.);
#689 = LINE('',#690,#691);
#690 = CARTESIAN_POINT('',(-7.35,-0.75,0.));
#691 = VECTOR('',#692,1.);
#692 = DIRECTION('',(1.,0.,0.));
#693 = PLANE('',#694);
#694 = AXIS2_PLACEMENT_3D('',#695,#696,#697);
#695 = CARTESIAN_POINT('',(-7.35,-0.75,0.));
#696 = DIRECTION('',(0.,0.,-1.));
#697 = DIRECTION('',(1.,0.,0.));
#698 = ADVANCED_FACE('',(#699),#733,.T.);
#699 = FACE_BOUND('',#700,.T.);
#700 = EDGE_LOOP('',(#701,#711,#719,#727));
#701 = ORIENTED_EDGE('',*,*,#702,.T.);
#702 = EDGE_CURVE('',#703,#705,#707,.T.);
#703 = VERTEX_POINT('',#704);
#704 = CARTESIAN_POINT('',(-7.35,-0.75,0.15));
#705 = VERTEX_POINT('',#706);
#706 = CARTESIAN_POINT('',(-7.15,-0.75,0.15));
#707 = LINE('',#708,#709);
#708 = CARTESIAN_POINT('',(-7.35,-0.75,0.15));
#709 = VECTOR('',#710,1.);
#710 = DIRECTION('',(1.,0.,0.));
#711 = ORIENTED_EDGE('',*,*,#712,.T.);
#712 = EDGE_CURVE('',#705,#713,#715,.T.);
#713 = VERTEX_POINT('',#714);
#714 = CARTESIAN_POINT('',(-7.15,0.6,0.15));
#715 = LINE('',#716,#717);
#716 = CARTESIAN_POINT('',(-7.15,-0.75,0.15));
#717 = VECTOR('',#718,1.);
#718 = DIRECTION('',(0.,1.,0.));
#719 = ORIENTED_EDGE('',*,*,#720,.F.);
#720 = EDGE_CURVE('',#721,#713,#723,.T.);
#721 = VERTEX_POINT('',#722);
#722 = CARTESIAN_POINT('',(-7.35,0.6,0.15));
#723 = LINE('',#724,#725);
#724 = CARTESIAN_POINT('',(-7.35,0.6,0.15));
#725 = VECTOR('',#726,1.);
#726 = DIRECTION('',(1.,0.,0.));
#727 = ORIENTED_EDGE('',*,*,#728,.F.);
#728 = EDGE_CURVE('',#703,#721,#729,.T.);
#729 = LINE('',#730,#731);
#730 = CARTESIAN_POINT('',(-7.35,-0.75,0.15));
#731 = VECTOR('',#732,1.);
#732 = DIRECTION('',(0.,1.,0.));
#733 = PLANE('',#734);
#734 = AXIS2_PLACEMENT_3D('',#735,#736,#737);
#735 = CARTESIAN_POINT('',(-7.35,-0.75,0.15));
#736 = DIRECTION('',(0.,0.,1.));
#737 = DIRECTION('',(1.,0.,-0.));
#738 = ADVANCED_FACE('',(#739),#755,.T.);
#739 = FACE_BOUND('',#740,.T.);
#740 = EDGE_LOOP('',(#741,#742,#748,#749));
#741 = ORIENTED_EDGE('',*,*,#688,.T.);
#742 = ORIENTED_EDGE('',*,*,#743,.T.);
#743 = EDGE_CURVE('',#681,#705,#744,.T.);
#744 = LINE('',#745,#746);
#745 = CARTESIAN_POINT('',(-7.15,-0.75,0.));
#746 = VECTOR('',#747,1.);
#747 = DIRECTION('',(0.,0.,1.));
#748 = ORIENTED_EDGE('',*,*,#702,.F.);
#749 = ORIENTED_EDGE('',*,*,#750,.F.);
#750 = EDGE_CURVE('',#663,#703,#751,.T.);
#751 = LINE('',#752,#753);
#752 = CARTESIAN_POINT('',(-7.35,-0.75,0.));
#753 = VECTOR('',#754,1.);
#754 = DIRECTION('',(0.,0.,1.));
#755 = PLANE('',#756);
#756 = AXIS2_PLACEMENT_3D('',#757,#758,#759);
#757 = CARTESIAN_POINT('',(-7.35,-0.75,0.));
#758 = DIRECTION('',(0.,-1.,0.));
#759 = DIRECTION('',(1.,0.,0.));
#760 = ADVANCED_FACE('',(#761),#777,.T.);
#761 = FACE_BOUND('',#762,.T.);
#762 = EDGE_LOOP('',(#763,#769,#770,#776));
#763 = ORIENTED_EDGE('',*,*,#764,.T.);
#764 = EDGE_CURVE('',#665,#721,#765,.T.);
#765 = LINE('',#766,#767);
#766 = CARTESIAN_POINT('',(-7.35,0.6,0.));
#767 = VECTOR('',#768,1.);
#768 = DIRECTION('',(0.,0.,1.));
#769 = ORIENTED_EDGE('',*,*,#720,.T.);
#770 = ORIENTED_EDGE('',*,*,#771,.F.);
#771 = EDGE_CURVE('',#673,#713,#772,.T.);
#772 = LINE('',#773,#774);
#773 = CARTESIAN_POINT('',(-7.15,0.6,0.));
#774 = VECTOR('',#775,1.);
#775 = DIRECTION('',(0.,0.,1.));
#776 = ORIENTED_EDGE('',*,*,#672,.F.);
#777 = PLANE('',#778);
#778 = AXIS2_PLACEMENT_3D('',#779,#780,#781);
#779 = CARTESIAN_POINT('',(-7.35,0.6,0.));
#780 = DIRECTION('',(0.,1.,0.));
#781 = DIRECTION('',(1.,0.,0.));
#782 = ADVANCED_FACE('',(#783),#789,.T.);
#783 = FACE_BOUND('',#784,.T.);
#784 = EDGE_LOOP('',(#785,#786,#787,#788));
#785 = ORIENTED_EDGE('',*,*,#750,.T.);
#786 = ORIENTED_EDGE('',*,*,#728,.T.);
#787 = ORIENTED_EDGE('',*,*,#764,.F.);
#788 = ORIENTED_EDGE('',*,*,#662,.F.);
#789 = PLANE('',#790);
#790 = AXIS2_PLACEMENT_3D('',#791,#792,#793);
#791 = CARTESIAN_POINT('',(-7.35,-0.75,0.));
#792 = DIRECTION('',(-1.,0.,0.));
#793 = DIRECTION('',(0.,1.,0.));
#794 = ADVANCED_FACE('',(#795),#801,.T.);
#795 = FACE_BOUND('',#796,.T.);
#796 = EDGE_LOOP('',(#797,#798,#799,#800));
#797 = ORIENTED_EDGE('',*,*,#680,.T.);
#798 = ORIENTED_EDGE('',*,*,#771,.T.);
#799 = ORIENTED_EDGE('',*,*,#712,.F.);
#800 = ORIENTED_EDGE('',*,*,#743,.F.);
#801 = PLANE('',#802);
#802 = AXIS2_PLACEMENT_3D('',#803,#804,#805);
#803 = CARTESIAN_POINT('',(-7.15,-0.75,0.));
#804 = DIRECTION('',(1.,0.,0.));
#805 = DIRECTION('',(-0.,1.,0.));
#806 = MANIFOLD_SOLID_BREP('',#807);
#807 = CLOSED_SHELL('',(#808,#848,#888,#910,#932,#944));
#808 = ADVANCED_FACE('',(#809),#843,.T.);
#809 = FACE_BOUND('',#810,.T.);
#810 = EDGE_LOOP('',(#811,#821,#829,#837));
#811 = ORIENTED_EDGE('',*,*,#812,.T.);
#812 = EDGE_CURVE('',#813,#815,#817,.T.);
#813 = VERTEX_POINT('',#814);
#814 = CARTESIAN_POINT('',(-6.85,-0.75,0.));
#815 = VERTEX_POINT('',#816);
#816 = CARTESIAN_POINT('',(-6.85,0.6,0.));
#817 = LINE('',#818,#819);
#818 = CARTESIAN_POINT('',(-6.85,-0.75,0.));
#819 = VECTOR('',#820,1.);
#820 = DIRECTION('',(0.,1.,0.));
#821 = ORIENTED_EDGE('',*,*,#822,.T.);
#822 = EDGE_CURVE('',#815,#823,#825,.T.);
#823 = VERTEX_POINT('',#824);
#824 = CARTESIAN_POINT('',(-6.65,0.6,0.));
#825 = LINE('',#826,#827);
#826 = CARTESIAN_POINT('',(-6.85,0.6,0.));
#827 = VECTOR('',#828,1.);
#828 = DIRECTION('',(1.,0.,0.));
#829 = ORIENTED_EDGE('',*,*,#830,.F.);
#830 = EDGE_CURVE('',#831,#823,#833,.T.);
#831 = VERTEX_POINT('',#832);
#832 = CARTESIAN_POINT('',(-6.65,-0.75,0.));
#833 = LINE('',#834,#835);
#834 = CARTESIAN_POINT('',(-6.65,-0.75,0.));
#835 = VECTOR('',#836,1.);
#836 = DIRECTION('',(0.,1.,0.));
#837 = ORIENTED_EDGE('',*,*,#838,.F.);
#838 = EDGE_CURVE('',#813,#831,#839,.T.);
#839 = LINE('',#840,#841);
#840 = CARTESIAN_POINT('',(-6.85,-0.75,0.));
#841 = VECTOR('',#842,1.);
#842 = DIRECTION('',(1.,0.,0.));
#843 = PLANE('',#844);
#844 = AXIS2_PLACEMENT_3D('',#845,#846,#847);
#845 = CARTESIAN_POINT('',(-6.85,-0.75,0.));
#846 = DIRECTION('',(0.,0.,-1.));
#847 = DIRECTION('',(1.,0.,0.));
#848 = ADVANCED_FACE('',(#849),#883,.T.);
#849 = FACE_BOUND('',#850,.T.);
#850 = EDGE_LOOP('',(#851,#861,#869,#877));
#851 = ORIENTED_EDGE('',*,*,#852,.T.);
#852 = EDGE_CURVE('',#853,#855,#857,.T.);
#853 = VERTEX_POINT('',#854);
#854 = CARTESIAN_POINT('',(-6.85,-0.75,0.15));
#855 = VERTEX_POINT('',#856);
#856 = CARTESIAN_POINT('',(-6.65,-0.75,0.15));
#857 = LINE('',#858,#859);
#858 = CARTESIAN_POINT('',(-6.85,-0.75,0.15));
#859 = VECTOR('',#860,1.);
#860 = DIRECTION('',(1.,0.,0.));
#861 = ORIENTED_EDGE('',*,*,#862,.T.);
#862 = EDGE_CURVE('',#855,#863,#865,.T.);
#863 = VERTEX_POINT('',#864);
#864 = CARTESIAN_POINT('',(-6.65,0.6,0.15));
#865 = LINE('',#866,#867);
#866 = CARTESIAN_POINT('',(-6.65,-0.75,0.15));
#867 = VECTOR('',#868,1.);
#868 = DIRECTION('',(0.,1.,0.));
#869 = ORIENTED_EDGE('',*,*,#870,.F.);
#870 = EDGE_CURVE('',#871,#863,#873,.T.);
#871 = VERTEX_POINT('',#872);
#872 = CARTESIAN_POINT('',(-6.85,0.6,0.15));
#873 = LINE('',#874,#875);
#874 = CARTESIAN_POINT('',(-6.85,0.6,0.15));
#875 = VECTOR('',#876,1.);
#876 = DIRECTION('',(1.,0.,0.));
#877 = ORIENTED_EDGE('',*,*,#878,.F.);
#878 = EDGE_CURVE('',#853,#871,#879,.T.);
#879 = LINE('',#880,#881);
#880 = CARTESIAN_POINT('',(-6.85,-0.75,0.15));
#881 = VECTOR('',#882,1.);
#882 = DIRECTION('',(0.,1.,0.));
#883 = PLANE('',#884);
#884 = AXIS2_PLACEMENT_3D('',#885,#886,#887);
#885 = CARTESIAN_POINT('',(-6.85,-0.75,0.15));
#886 = DIRECTION('',(0.,0.,1.));
#887 = DIRECTION('',(1.,0.,-0.));
#888 = ADVANCED_FACE('',(#889),#905,.T.);
#889 = FACE_BOUND('',#890,.T.);
#890 = EDGE_LOOP('',(#891,#892,#898,#899));
#891 = ORIENTED_EDGE('',*,*,#838,.T.);
#892 = ORIENTED_EDGE('',*,*,#893,.T.);
#893 = EDGE_CURVE('',#831,#855,#894,.T.);
#894 = LINE('',#895,#896);
#895 = CARTESIAN_POINT('',(-6.65,-0.75,0.));
#896 = VECTOR('',#897,1.);
#897 = DIRECTION('',(0.,0.,1.));
#898 = ORIENTED_EDGE('',*,*,#852,.F.);
#899 = ORIENTED_EDGE('',*,*,#900,.F.);
#900 = EDGE_CURVE('',#813,#853,#901,.T.);
#901 = LINE('',#902,#903);
#902 = CARTESIAN_POINT('',(-6.85,-0.75,0.));
#903 = VECTOR('',#904,1.);
#904 = DIRECTION('',(0.,0.,1.));
#905 = PLANE('',#906);
#906 = AXIS2_PLACEMENT_3D('',#907,#908,#909);
#907 = CARTESIAN_POINT('',(-6.85,-0.75,0.));
#908 = DIRECTION('',(0.,-1.,0.));
#909 = DIRECTION('',(1.,0.,0.));
#910 = ADVANCED_FACE('',(#911),#927,.T.);
#911 = FACE_BOUND('',#912,.T.);
#912 = EDGE_LOOP('',(#913,#919,#920,#926));
#913 = ORIENTED_EDGE('',*,*,#914,.T.);
#914 = EDGE_CURVE('',#815,#871,#915,.T.);
#915 = LINE('',#916,#917);
#916 = CARTESIAN_POINT('',(-6.85,0.6,0.));
#917 = VECTOR('',#918,1.);
#918 = DIRECTION('',(0.,0.,1.));
#919 = ORIENTED_EDGE('',*,*,#870,.T.);
#920 = ORIENTED_EDGE('',*,*,#921,.F.);
#921 = EDGE_CURVE('',#823,#863,#922,.T.);
#922 = LINE('',#923,#924);
#923 = CARTESIAN_POINT('',(-6.65,0.6,0.));
#924 = VECTOR('',#925,1.);
#925 = DIRECTION('',(0.,0.,1.));
#926 = ORIENTED_EDGE('',*,*,#822,.F.);
#927 = PLANE('',#928);
#928 = AXIS2_PLACEMENT_3D('',#929,#930,#931);
#929 = CARTESIAN_POINT('',(-6.85,0.6,0.));
#930 = DIRECTION('',(0.,1.,0.));
#931 = DIRECTION('',(1.,0.,0.));
#932 = ADVANCED_FACE('',(#933),#939,.T.);
#933 = FACE_BOUND('',#934,.T.);
#934 = EDGE_LOOP('',(#935,#936,#937,#938));
#935 = ORIENTED_EDGE('',*,*,#900,.T.);
#936 = ORIENTED_EDGE('',*,*,#878,.T.);
#937 = ORIENTED_EDGE('',*,*,#914,.F.);
#938 = ORIENTED_EDGE('',*,*,#812,.F.);
#939 = PLANE('',#940);
#940 = AXIS2_PLACEMENT_3D('',#941,#942,#943);
#941 = CARTESIAN_POINT('',(-6.85,-0.75,0.));
#942 = DIRECTION('',(-1.,0.,0.));
#943 = DIRECTION('',(0.,1.,0.));
#944 = ADVANCED_FACE('',(#945),#951,.T.);
#945 = FACE_BOUND('',#946,.T.);
#946 = EDGE_LOOP('',(#947,#948,#949,#950));
#947 = ORIENTED_EDGE('',*,*,#830,.T.);
#948 = ORIENTED_EDGE('',*,*,#921,.T.);
#949 = ORIENTED_EDGE('',*,*,#862,.F.);
#950 = ORIENTED_EDGE('',*,*,#893,.F.);
#951 = PLANE('',#952);
#952 = AXIS2_PLACEMENT_3D('',#953,#954,#955);
#953 = CARTESIAN_POINT('',(-6.65,-0.75,0.));
#954 = DIRECTION('',(1.,0.,0.));
#955 = DIRECTION('',(-0.,1.,0.));
#956 = MANIFOLD_SOLID_BREP('',#957);
#957 = CLOSED_SHELL('',(#958,#998,#1038,#1060,#1082,#1094));
#958 = ADVANCED_FACE('',(#959),#993,.T.);
#959 = FACE_BOUND('',#960,.T.);
#960 = EDGE_LOOP('',(#961,#971,#979,#987));
#961 = ORIENTED_EDGE('',*,*,#962,.T.);
#962 = EDGE_CURVE('',#963,#965,#967,.T.);
#963 = VERTEX_POINT('',#964);
#964 = CARTESIAN_POINT('',(-6.35,-0.75,0.));
#965 = VERTEX_POINT('',#966);
#966 = CARTESIAN_POINT('',(-6.35,0.6,0.));
#967 = LINE('',#968,#969);
#968 = CARTESIAN_POINT('',(-6.35,-0.75,0.));
#969 = VECTOR('',#970,1.);
#970 = DIRECTION('',(0.,1.,0.));
#971 = ORIENTED_EDGE('',*,*,#972,.T.);
#972 = EDGE_CURVE('',#965,#973,#975,.T.);
#973 = VERTEX_POINT('',#974);
#974 = CARTESIAN_POINT('',(-6.15,0.6,0.));
#975 = LINE('',#976,#977);
#976 = CARTESIAN_POINT('',(-6.35,0.6,0.));
#977 = VECTOR('',#978,1.);
#978 = DIRECTION('',(1.,0.,0.));
#979 = ORIENTED_EDGE('',*,*,#980,.F.);
#980 = EDGE_CURVE('',#981,#973,#983,.T.);
#981 = VERTEX_POINT('',#982);
#982 = CARTESIAN_POINT('',(-6.15,-0.75,0.));
#983 = LINE('',#984,#985);
#984 = CARTESIAN_POINT('',(-6.15,-0.75,0.));
#985 = VECTOR('',#986,1.);
#986 = DIRECTION('',(0.,1.,0.));
#987 = ORIENTED_EDGE('',*,*,#988,.F.);
#988 = EDGE_CURVE('',#963,#981,#989,.T.);
#989 = LINE('',#990,#991);
#990 = CARTESIAN_POINT('',(-6.35,-0.75,0.));
#991 = VECTOR('',#992,1.);
#992 = DIRECTION('',(1.,0.,0.));
#993 = PLANE('',#994);
#994 = AXIS2_PLACEMENT_3D('',#995,#996,#997);
#995 = CARTESIAN_POINT('',(-6.35,-0.75,0.));
#996 = DIRECTION('',(0.,0.,-1.));
#997 = DIRECTION('',(1.,0.,0.));
#998 = ADVANCED_FACE('',(#999),#1033,.T.);
#999 = FACE_BOUND('',#1000,.T.);
#1000 = EDGE_LOOP('',(#1001,#1011,#1019,#1027));
#1001 = ORIENTED_EDGE('',*,*,#1002,.T.);
#1002 = EDGE_CURVE('',#1003,#1005,#1007,.T.);
#1003 = VERTEX_POINT('',#1004);
#1004 = CARTESIAN_POINT('',(-6.35,-0.75,0.15));
#1005 = VERTEX_POINT('',#1006);
#1006 = CARTESIAN_POINT('',(-6.15,-0.75,0.15));
#1007 = LINE('',#1008,#1009);
#1008 = CARTESIAN_POINT('',(-6.35,-0.75,0.15));
#1009 = VECTOR('',#1010,1.);
#1010 = DIRECTION('',(1.,0.,0.));
#1011 = ORIENTED_EDGE('',*,*,#1012,.T.);
#1012 = EDGE_CURVE('',#1005,#1013,#1015,.T.);
#1013 = VERTEX_POINT('',#1014);
#1014 = CARTESIAN_POINT('',(-6.15,0.6,0.15));
#1015 = LINE('',#1016,#1017);
#1016 = CARTESIAN_POINT('',(-6.15,-0.75,0.15));
#1017 = VECTOR('',#1018,1.);
#1018 = DIRECTION('',(0.,1.,0.));
#1019 = ORIENTED_EDGE('',*,*,#1020,.F.);
#1020 = EDGE_CURVE('',#1021,#1013,#1023,.T.);
#1021 = VERTEX_POINT('',#1022);
#1022 = CARTESIAN_POINT('',(-6.35,0.6,0.15));
#1023 = LINE('',#1024,#1025);
#1024 = CARTESIAN_POINT('',(-6.35,0.6,0.15));
#1025 = VECTOR('',#1026,1.);
#1026 = DIRECTION('',(1.,0.,0.));
#1027 = ORIENTED_EDGE('',*,*,#1028,.F.);
#1028 = EDGE_CURVE('',#1003,#1021,#1029,.T.);
#1029 = LINE('',#1030,#1031);
#1030 = CARTESIAN_POINT('',(-6.35,-0.75,0.15));
#1031 = VECTOR('',#1032,1.);
#1032 = DIRECTION('',(0.,1.,0.));
#1033 = PLANE('',#1034);
#1034 = AXIS2_PLACEMENT_3D('',#1035,#1036,#1037);
#1035 = CARTESIAN_POINT('',(-6.35,-0.75,0.15));
#1036 = DIRECTION('',(0.,0.,1.));
#1037 = DIRECTION('',(1.,0.,-0.));
#1038 = ADVANCED_FACE('',(#1039),#1055,.T.);
#1039 = FACE_BOUND('',#1040,.T.);
#1040 = EDGE_LOOP('',(#1041,#1042,#1048,#1049));
#1041 = ORIENTED_EDGE('',*,*,#988,.T.);
#1042 = ORIENTED_EDGE('',*,*,#1043,.T.);
#1043 = EDGE_CURVE('',#981,#1005,#1044,.T.);
#1044 = LINE('',#1045,#1046);
#1045 = CARTESIAN_POINT('',(-6.15,-0.75,0.));
#1046 = VECTOR('',#1047,1.);
#1047 = DIRECTION('',(0.,0.,1.));
#1048 = ORIENTED_EDGE('',*,*,#1002,.F.);
#1049 = ORIENTED_EDGE('',*,*,#1050,.F.);
#1050 = EDGE_CURVE('',#963,#1003,#1051,.T.);
#1051 = LINE('',#1052,#1053);
#1052 = CARTESIAN_POINT('',(-6.35,-0.75,0.));
#1053 = VECTOR('',#1054,1.);
#1054 = DIRECTION('',(0.,0.,1.));
#1055 = PLANE('',#1056);
#1056 = AXIS2_PLACEMENT_3D('',#1057,#1058,#1059);
#1057 = CARTESIAN_POINT('',(-6.35,-0.75,0.));
#1058 = DIRECTION('',(0.,-1.,0.));
#1059 = DIRECTION('',(1.,0.,0.));
#1060 = ADVANCED_FACE('',(#1061),#1077,.T.);
#1061 = FACE_BOUND('',#1062,.T.);
#1062 = EDGE_LOOP('',(#1063,#1069,#1070,#1076));
#1063 = ORIENTED_EDGE('',*,*,#1064,.T.);
#1064 = EDGE_CURVE('',#965,#1021,#1065,.T.);
#1065 = LINE('',#1066,#1067);
#1066 = CARTESIAN_POINT('',(-6.35,0.6,0.));
#1067 = VECTOR('',#1068,1.);
#1068 = DIRECTION('',(0.,0.,1.));
#1069 = ORIENTED_EDGE('',*,*,#1020,.T.);
#1070 = ORIENTED_EDGE('',*,*,#1071,.F.);
#1071 = EDGE_CURVE('',#973,#1013,#1072,.T.);
#1072 = LINE('',#1073,#1074);
#1073 = CARTESIAN_POINT('',(-6.15,0.6,0.));
#1074 = VECTOR('',#1075,1.);
#1075 = DIRECTION('',(0.,0.,1.));
#1076 = ORIENTED_EDGE('',*,*,#972,.F.);
#1077 = PLANE('',#1078);
#1078 = AXIS2_PLACEMENT_3D('',#1079,#1080,#1081);
#1079 = CARTESIAN_POINT('',(-6.35,0.6,0.));
#1080 = DIRECTION('',(0.,1.,0.));
#1081 = DIRECTION('',(1.,0.,0.));
#1082 = ADVANCED_FACE('',(#1083),#1089,.T.);
#1083 = FACE_BOUND('',#1084,.T.);
#1084 = EDGE_LOOP('',(#1085,#1086,#1087,#1088));
#1085 = ORIENTED_EDGE('',*,*,#1050,.T.);
#1086 = ORIENTED_EDGE('',*,*,#1028,.T.);
#1087 = ORIENTED_EDGE('',*,*,#1064,.F.);
#1088 = ORIENTED_EDGE('',*,*,#962,.F.);
#1089 = PLANE('',#1090);
#1090 = AXIS2_PLACEMENT_3D('',#1091,#1092,#1093);
#1091 = CARTESIAN_POINT('',(-6.35,-0.75,0.));
#1092 = DIRECTION('',(-1.,0.,0.));
#1093 = DIRECTION('',(0.,1.,0.));
#1094 = ADVANCED_FACE('',(#1095),#1101,.T.);
#1095 = FACE_BOUND('',#1096,.T.);
#1096 = EDGE_LOOP('',(#1097,#1098,#1099,#1100));
#1097 = ORIENTED_EDGE('',*,*,#980,.T.);
#1098 = ORIENTED_EDGE('',*,*,#1071,.T.);
#1099 = ORIENTED_EDGE('',*,*,#1012,.F.);
#1100 = ORIENTED_EDGE('',*,*,#1043,.F.);
#1101 = PLANE('',#1102);
#1102 = AXIS2_PLACEMENT_3D('',#1103,#1104,#1105);
#1103 = CARTESIAN_POINT('',(-6.15,-0.75,0.));
#1104 = DIRECTION('',(1.,0.,0.));
#1105 = DIRECTION('',(-0.,1.,0.));
#1106 = MANIFOLD_SOLID_BREP('',#1107);
#1107 = CLOSED_SHELL('',(#1108,#1148,#1188,#1210,#1232,#1244));
#1108 = ADVANCED_FACE('',(#1109),#1143,.T.);
#1109 = FACE_BOUND('',#1110,.T.);
#1110 = EDGE_LOOP('',(#1111,#1121,#1129,#1137));
#1111 = ORIENTED_EDGE('',*,*,#1112,.T.);
#1112 = EDGE_CURVE('',#1113,#1115,#1117,.T.);
#1113 = VERTEX_POINT('',#1114);
#1114 = CARTESIAN_POINT('',(-5.85,-0.75,0.));
#1115 = VERTEX_POINT('',#1116);
#1116 = CARTESIAN_POINT('',(-5.85,0.6,0.));
#1117 = LINE('',#1118,#1119);
#1118 = CARTESIAN_POINT('',(-5.85,-0.75,0.));
#1119 = VECTOR('',#1120,1.);
#1120 = DIRECTION('',(0.,1.,0.));
#1121 = ORIENTED_EDGE('',*,*,#1122,.T.);
#1122 = EDGE_CURVE('',#1115,#1123,#1125,.T.);
#1123 = VERTEX_POINT('',#1124);
#1124 = CARTESIAN_POINT('',(-5.65,0.6,0.));
#1125 = LINE('',#1126,#1127);
#1126 = CARTESIAN_POINT('',(-5.85,0.6,0.));
#1127 = VECTOR('',#1128,1.);
#1128 = DIRECTION('',(1.,0.,0.));
#1129 = ORIENTED_EDGE('',*,*,#1130,.F.);
#1130 = EDGE_CURVE('',#1131,#1123,#1133,.T.);
#1131 = VERTEX_POINT('',#1132);
#1132 = CARTESIAN_POINT('',(-5.65,-0.75,0.));
#1133 = LINE('',#1134,#1135);
#1134 = CARTESIAN_POINT('',(-5.65,-0.75,0.));
#1135 = VECTOR('',#1136,1.);
#1136 = DIRECTION('',(0.,1.,0.));
#1137 = ORIENTED_EDGE('',*,*,#1138,.F.);
#1138 = EDGE_CURVE('',#1113,#1131,#1139,.T.);
#1139 = LINE('',#1140,#1141);
#1140 = CARTESIAN_POINT('',(-5.85,-0.75,0.));
#1141 = VECTOR('',#1142,1.);
#1142 = DIRECTION('',(1.,0.,0.));
#1143 = PLANE('',#1144);
#1144 = AXIS2_PLACEMENT_3D('',#1145,#1146,#1147);
#1145 = CARTESIAN_POINT('',(-5.85,-0.75,0.));
#1146 = DIRECTION('',(0.,0.,-1.));
#1147 = DIRECTION('',(1.,0.,0.));
#1148 = ADVANCED_FACE('',(#1149),#1183,.T.);
#1149 = FACE_BOUND('',#1150,.T.);
#1150 = EDGE_LOOP('',(#1151,#1161,#1169,#1177));
#1151 = ORIENTED_EDGE('',*,*,#1152,.T.);
#1152 = EDGE_CURVE('',#1153,#1155,#1157,.T.);
#1153 = VERTEX_POINT('',#1154);
#1154 = CARTESIAN_POINT('',(-5.85,-0.75,0.15));
#1155 = VERTEX_POINT('',#1156);
#1156 = CARTESIAN_POINT('',(-5.65,-0.75,0.15));
#1157 = LINE('',#1158,#1159);
#1158 = CARTESIAN_POINT('',(-5.85,-0.75,0.15));
#1159 = VECTOR('',#1160,1.);
#1160 = DIRECTION('',(1.,0.,0.));
#1161 = ORIENTED_EDGE('',*,*,#1162,.T.);
#1162 = EDGE_CURVE('',#1155,#1163,#1165,.T.);
#1163 = VERTEX_POINT('',#1164);
#1164 = CARTESIAN_POINT('',(-5.65,0.6,0.15));
#1165 = LINE('',#1166,#1167);
#1166 = CARTESIAN_POINT('',(-5.65,-0.75,0.15));
#1167 = VECTOR('',#1168,1.);
#1168 = DIRECTION('',(0.,1.,0.));
#1169 = ORIENTED_EDGE('',*,*,#1170,.F.);
#1170 = EDGE_CURVE('',#1171,#1163,#1173,.T.);
#1171 = VERTEX_POINT('',#1172);
#1172 = CARTESIAN_POINT('',(-5.85,0.6,0.15));
#1173 = LINE('',#1174,#1175);
#1174 = CARTESIAN_POINT('',(-5.85,0.6,0.15));
#1175 = VECTOR('',#1176,1.);
#1176 = DIRECTION('',(1.,0.,0.));
#1177 = ORIENTED_EDGE('',*,*,#1178,.F.);
#1178 = EDGE_CURVE('',#1153,#1171,#1179,.T.);
#1179 = LINE('',#1180,#1181);
#1180 = CARTESIAN_POINT('',(-5.85,-0.75,0.15));
#1181 = VECTOR('',#1182,1.);
#1182 = DIRECTION('',(0.,1.,0.));
#1183 = PLANE('',#1184);
#1184 = AXIS2_PLACEMENT_3D('',#1185,#1186,#1187);
#1185 = CARTESIAN_POINT('',(-5.85,-0.75,0.15));
#1186 = DIRECTION('',(0.,0.,1.));
#1187 = DIRECTION('',(1.,0.,-0.));
#1188 = ADVANCED_FACE('',(#1189),#1205,.T.);
#1189 = FACE_BOUND('',#1190,.T.);
#1190 = EDGE_LOOP('',(#1191,#1192,#1198,#1199));
#1191 = ORIENTED_EDGE('',*,*,#1138,.T.);
#1192 = ORIENTED_EDGE('',*,*,#1193,.T.);
#1193 = EDGE_CURVE('',#1131,#1155,#1194,.T.);
#1194 = LINE('',#1195,#1196);
#1195 = CARTESIAN_POINT('',(-5.65,-0.75,0.));
#1196 = VECTOR('',#1197,1.);
#1197 = DIRECTION('',(0.,0.,1.));
#1198 = ORIENTED_EDGE('',*,*,#1152,.F.);
#1199 = ORIENTED_EDGE('',*,*,#1200,.F.);
#1200 = EDGE_CURVE('',#1113,#1153,#1201,.T.);
#1201 = LINE('',#1202,#1203);
#1202 = CARTESIAN_POINT('',(-5.85,-0.75,0.));
#1203 = VECTOR('',#1204,1.);
#1204 = DIRECTION('',(0.,0.,1.));
#1205 = PLANE('',#1206);
#1206 = AXIS2_PLACEMENT_3D('',#1207,#1208,#1209);
#1207 = CARTESIAN_POINT('',(-5.85,-0.75,0.));
#1208 = DIRECTION('',(0.,-1.,0.));
#1209 = DIRECTION('',(1.,0.,0.));
#1210 = ADVANCED_FACE('',(#1211),#1227,.T.);
#1211 = FACE_BOUND('',#1212,.T.);
#1212 = EDGE_LOOP('',(#1213,#1219,#1220,#1226));
#1213 = ORIENTED_EDGE('',*,*,#1214,.T.);
#1214 = EDGE_CURVE('',#1115,#1171,#1215,.T.);
#1215 = LINE('',#1216,#1217);
#1216 = CARTESIAN_POINT('',(-5.85,0.6,0.));
#1217 = VECTOR('',#1218,1.);
#1218 = DIRECTION('',(0.,0.,1.));
#1219 = ORIENTED_EDGE('',*,*,#1170,.T.);
#1220 = ORIENTED_EDGE('',*,*,#1221,.F.);
#1221 = EDGE_CURVE('',#1123,#1163,#1222,.T.);
#1222 = LINE('',#1223,#1224);
#1223 = CARTESIAN_POINT('',(-5.65,0.6,0.));
#1224 = VECTOR('',#1225,1.);
#1225 = DIRECTION('',(0.,0.,1.));
#1226 = ORIENTED_EDGE('',*,*,#1122,.F.);
#1227 = PLANE('',#1228);
#1228 = AXIS2_PLACEMENT_3D('',#1229,#1230,#1231);
#1229 = CARTESIAN_POINT('',(-5.85,0.6,0.));
#1230 = DIRECTION('',(0.,1.,0.));
#1231 = DIRECTION('',(1.,0.,0.));
#1232 = ADVANCED_FACE('',(#1233),#1239,.T.);
#1233 = FACE_BOUND('',#1234,.T.);
#1234 = EDGE_LOOP('',(#1235,#1236,#1237,#1238));
#1235 = ORIENTED_EDGE('',*,*,#1200,.T.);
#1236 = ORIENTED_EDGE('',*,*,#1178,.T.);
#1237 = ORIENTED_EDGE('',*,*,#1214,.F.);
#1238 = ORIENTED_EDGE('',*,*,#1112,.F.);
#1239 = PLANE('',#1240);
#1240 = AXIS2_PLACEMENT_3D('',#1241,#1242,#1243);
#1241 = CARTESIAN_POINT('',(-5.85,-0.75,0.));
#1242 = DIRECTION('',(-1.,0.,0.));
#1243 = DIRECTION('',(0.,1.,0.));
#1244 = ADVANCED_FACE('',(#1245),#1251,.T.);
#1245 = FACE_BOUND('',#1246,.T.);
#1246 = EDGE_LOOP('',(#1247,#1248,#1249,#1250));
#1247 = ORIENTED_EDGE('',*,*,#1130,.T.);
#1248 = ORIENTED_EDGE('',*,*,#1221,.T.);
#1249 = ORIENTED_EDGE('',*,*,#1162,.F.);
#1250 = ORIENTED_EDGE('',*,*,#1193,.F.);
#1251 = PLANE('',#1252);
#1252 = AXIS2_PLACEMENT_3D('',#1253,#1254,#1255);
#1253 = CARTESIAN_POINT('',(-5.65,-0.75,0.));
#1254 = DIRECTION('',(1.,0.,0.));
#1255 = DIRECTION('',(-0.,1.,0.));
#1256 = MANIFOLD_SOLID_BREP('',#1257);
#1257 = CLOSED_SHELL('',(#1258,#1298,#1338,#1360,#1382,#1394));
#1258 = ADVANCED_FACE('',(#1259),#1293,.T.);
#1259 = FACE_BOUND('',#1260,.T.);
#1260 = EDGE_LOOP('',(#1261,#1271,#1279,#1287));
#1261 = ORIENTED_EDGE('',*,*,#1262,.T.);
#1262 = EDGE_CURVE('',#1263,#1265,#1267,.T.);
#1263 = VERTEX_POINT('',#1264);
#1264 = CARTESIAN_POINT('',(-5.35,-0.75,0.));
#1265 = VERTEX_POINT('',#1266);
#1266 = CARTESIAN_POINT('',(-5.35,0.6,0.));
#1267 = LINE('',#1268,#1269);
#1268 = CARTESIAN_POINT('',(-5.35,-0.75,0.));
#1269 = VECTOR('',#1270,1.);
#1270 = DIRECTION('',(0.,1.,0.));
#1271 = ORIENTED_EDGE('',*,*,#1272,.T.);
#1272 = EDGE_CURVE('',#1265,#1273,#1275,.T.);
#1273 = VERTEX_POINT('',#1274);
#1274 = CARTESIAN_POINT('',(-5.15,0.6,0.));
#1275 = LINE('',#1276,#1277);
#1276 = CARTESIAN_POINT('',(-5.35,0.6,0.));
#1277 = VECTOR('',#1278,1.);
#1278 = DIRECTION('',(1.,0.,0.));
#1279 = ORIENTED_EDGE('',*,*,#1280,.F.);
#1280 = EDGE_CURVE('',#1281,#1273,#1283,.T.);
#1281 = VERTEX_POINT('',#1282);
#1282 = CARTESIAN_POINT('',(-5.15,-0.75,0.));
#1283 = LINE('',#1284,#1285);
#1284 = CARTESIAN_POINT('',(-5.15,-0.75,0.));
#1285 = VECTOR('',#1286,1.);
#1286 = DIRECTION('',(0.,1.,0.));
#1287 = ORIENTED_EDGE('',*,*,#1288,.F.);
#1288 = EDGE_CURVE('',#1263,#1281,#1289,.T.);
#1289 = LINE('',#1290,#1291);
#1290 = CARTESIAN_POINT('',(-5.35,-0.75,0.));
#1291 = VECTOR('',#1292,1.);
#1292 = DIRECTION('',(1.,0.,0.));
#1293 = PLANE('',#1294);
#1294 = AXIS2_PLACEMENT_3D('',#1295,#1296,#1297);
#1295 = CARTESIAN_POINT('',(-5.35,-0.75,0.));
#1296 = DIRECTION('',(0.,0.,-1.));
#1297 = DIRECTION('',(1.,0.,0.));
#1298 = ADVANCED_FACE('',(#1299),#1333,.T.);
#1299 = FACE_BOUND('',#1300,.T.);
#1300 = EDGE_LOOP('',(#1301,#1311,#1319,#1327));
#1301 = ORIENTED_EDGE('',*,*,#1302,.T.);
#1302 = EDGE_CURVE('',#1303,#1305,#1307,.T.);
#1303 = VERTEX_POINT('',#1304);
#1304 = CARTESIAN_POINT('',(-5.35,-0.75,0.15));
#1305 = VERTEX_POINT('',#1306);
#1306 = CARTESIAN_POINT('',(-5.15,-0.75,0.15));
#1307 = LINE('',#1308,#1309);
#1308 = CARTESIAN_POINT('',(-5.35,-0.75,0.15));
#1309 = VECTOR('',#1310,1.);
#1310 = DIRECTION('',(1.,0.,0.));
#1311 = ORIENTED_EDGE('',*,*,#1312,.T.);
#1312 = EDGE_CURVE('',#1305,#1313,#1315,.T.);
#1313 = VERTEX_POINT('',#1314);
#1314 = CARTESIAN_POINT('',(-5.15,0.6,0.15));
#1315 = LINE('',#1316,#1317);
#1316 = CARTESIAN_POINT('',(-5.15,-0.75,0.15));
#1317 = VECTOR('',#1318,1.);
#1318 = DIRECTION('',(0.,1.,0.));
#1319 = ORIENTED_EDGE('',*,*,#1320,.F.);
#1320 = EDGE_CURVE('',#1321,#1313,#1323,.T.);
#1321 = VERTEX_POINT('',#1322);
#1322 = CARTESIAN_POINT('',(-5.35,0.6,0.15));
#1323 = LINE('',#1324,#1325);
#1324 = CARTESIAN_POINT('',(-5.35,0.6,0.15));
#1325 = VECTOR('',#1326,1.);
#1326 = DIRECTION('',(1.,0.,0.));
#1327 = ORIENTED_EDGE('',*,*,#1328,.F.);
#1328 = EDGE_CURVE('',#1303,#1321,#1329,.T.);
#1329 = LINE('',#1330,#1331);
#1330 = CARTESIAN_POINT('',(-5.35,-0.75,0.15));
#1331 = VECTOR('',#1332,1.);
#1332 = DIRECTION('',(0.,1.,0.));
#1333 = PLANE('',#1334);
#1334 = AXIS2_PLACEMENT_3D('',#1335,#1336,#1337);
#1335 = CARTESIAN_POINT('',(-5.35,-0.75,0.15));
#1336 = DIRECTION('',(0.,0.,1.));
#1337 = DIRECTION('',(1.,0.,-0.));
#1338 = ADVANCED_FACE('',(#1339),#1355,.T.);
#1339 = FACE_BOUND('',#1340,.T.);
#1340 = EDGE_LOOP('',(#1341,#1342,#1348,#1349));
#1341 = ORIENTED_EDGE('',*,*,#1288,.T.);
#1342 = ORIENTED_EDGE('',*,*,#1343,.T.);
#1343 = EDGE_CURVE('',#1281,#1305,#1344,.T.);
#1344 = LINE('',#1345,#1346);
#1345 = CARTESIAN_POINT('',(-5.15,-0.75,0.));
#1346 = VECTOR('',#1347,1.);
#1347 = DIRECTION('',(0.,0.,1.));
#1348 = ORIENTED_EDGE('',*,*,#1302,.F.);
#1349 = ORIENTED_EDGE('',*,*,#1350,.F.);
#1350 = EDGE_CURVE('',#1263,#1303,#1351,.T.);
#1351 = LINE('',#1352,#1353);
#1352 = CARTESIAN_POINT('',(-5.35,-0.75,0.));
#1353 = VECTOR('',#1354,1.);
#1354 = DIRECTION('',(0.,0.,1.));
#1355 = PLANE('',#1356);
#1356 = AXIS2_PLACEMENT_3D('',#1357,#1358,#1359);
#1357 = CARTESIAN_POINT('',(-5.35,-0.75,0.));
#1358 = DIRECTION('',(0.,-1.,0.));
#1359 = DIRECTION('',(1.,0.,0.));
#1360 = ADVANCED_FACE('',(#1361),#1377,.T.);
#1361 = FACE_BOUND('',#1362,.T.);
#1362 = EDGE_LOOP('',(#1363,#1369,#1370,#1376));
#1363 = ORIENTED_EDGE('',*,*,#1364,.T.);
#1364 = EDGE_CURVE('',#1265,#1321,#1365,.T.);
#1365 = LINE('',#1366,#1367);
#1366 = CARTESIAN_POINT('',(-5.35,0.6,0.));
#1367 = VECTOR('',#1368,1.);
#1368 = DIRECTION('',(0.,0.,1.));
#1369 = ORIENTED_EDGE('',*,*,#1320,.T.);
#1370 = ORIENTED_EDGE('',*,*,#1371,.F.);
#1371 = EDGE_CURVE('',#1273,#1313,#1372,.T.);
#1372 = LINE('',#1373,#1374);
#1373 = CARTESIAN_POINT('',(-5.15,0.6,0.));
#1374 = VECTOR('',#1375,1.);
#1375 = DIRECTION('',(0.,0.,1.));
#1376 = ORIENTED_EDGE('',*,*,#1272,.F.);
#1377 = PLANE('',#1378);
#1378 = AXIS2_PLACEMENT_3D('',#1379,#1380,#1381);
#1379 = CARTESIAN_POINT('',(-5.35,0.6,0.));
#1380 = DIRECTION('',(0.,1.,0.));
#1381 = DIRECTION('',(1.,0.,0.));
#1382 = ADVANCED_FACE('',(#1383),#1389,.T.);
#1383 = FACE_BOUND('',#1384,.T.);
#1384 = EDGE_LOOP('',(#1385,#1386,#1387,#1388));
#1385 = ORIENTED_EDGE('',*,*,#1350,.T.);
#1386 = ORIENTED_EDGE('',*,*,#1328,.T.);
#1387 = ORIENTED_EDGE('',*,*,#1364,.F.);
#1388 = ORIENTED_EDGE('',*,*,#1262,.F.);
#1389 = PLANE('',#1390);
#1390 = AXIS2_PLACEMENT_3D('',#1391,#1392,#1393);
#1391 = CARTESIAN_POINT('',(-5.35,-0.75,0.));
#1392 = DIRECTION('',(-1.,0.,0.));
#1393 = DIRECTION('',(0.,1.,0.));
#1394 = ADVANCED_FACE('',(#1395),#1401,.T.);
#1395 = FACE_BOUND('',#1396,.T.);
#1396 = EDGE_LOOP('',(#1397,#1398,#1399,#1400));
#1397 = ORIENTED_EDGE('',*,*,#1280,.T.);
#1398 = ORIENTED_EDGE('',*,*,#1371,.T.);
#1399 = ORIENTED_EDGE('',*,*,#1312,.F.);
#1400 = ORIENTED_EDGE('',*,*,#1343,.F.);
#1401 = PLANE('',#1402);
#1402 = AXIS2_PLACEMENT_3D('',#1403,#1404,#1405);
#1403 = CARTESIAN_POINT('',(-5.15,-0.75,0.));
#1404 = DIRECTION('',(1.,0.,0.));
#1405 = DIRECTION('',(-0.,1.,0.));
#1406 = MANIFOLD_SOLID_BREP('',#1407);
#1407 = CLOSED_SHELL('',(#1408,#1448,#1488,#1510,#1532,#1544));
#1408 = ADVANCED_FACE('',(#1409),#1443,.T.);
#1409 = FACE_BOUND('',#1410,.T.);
#1410 = EDGE_LOOP('',(#1411,#1421,#1429,#1437));
#1411 = ORIENTED_EDGE('',*,*,#1412,.T.);
#1412 = EDGE_CURVE('',#1413,#1415,#1417,.T.);
#1413 = VERTEX_POINT('',#1414);
#1414 = CARTESIAN_POINT('',(-4.85,-0.75,0.));
#1415 = VERTEX_POINT('',#1416);
#1416 = CARTESIAN_POINT('',(-4.85,0.6,0.));
#1417 = LINE('',#1418,#1419);
#1418 = CARTESIAN_POINT('',(-4.85,-0.75,0.));
#1419 = VECTOR('',#1420,1.);
#1420 = DIRECTION('',(0.,1.,0.));
#1421 = ORIENTED_EDGE('',*,*,#1422,.T.);
#1422 = EDGE_CURVE('',#1415,#1423,#1425,.T.);
#1423 = VERTEX_POINT('',#1424);
#1424 = CARTESIAN_POINT('',(-4.65,0.6,0.));
#1425 = LINE('',#1426,#1427);
#1426 = CARTESIAN_POINT('',(-4.85,0.6,0.));
#1427 = VECTOR('',#1428,1.);
#1428 = DIRECTION('',(1.,0.,0.));
#1429 = ORIENTED_EDGE('',*,*,#1430,.F.);
#1430 = EDGE_CURVE('',#1431,#1423,#1433,.T.);
#1431 = VERTEX_POINT('',#1432);
#1432 = CARTESIAN_POINT('',(-4.65,-0.75,0.));
#1433 = LINE('',#1434,#1435);
#1434 = CARTESIAN_POINT('',(-4.65,-0.75,0.));
#1435 = VECTOR('',#1436,1.);
#1436 = DIRECTION('',(0.,1.,0.));
#1437 = ORIENTED_EDGE('',*,*,#1438,.F.);
#1438 = EDGE_CURVE('',#1413,#1431,#1439,.T.);
#1439 = LINE('',#1440,#1441);
#1440 = CARTESIAN_POINT('',(-4.85,-0.75,0.));
#1441 = VECTOR('',#1442,1.);
#1442 = DIRECTION('',(1.,0.,0.));
#1443 = PLANE('',#1444);
#1444 = AXIS2_PLACEMENT_3D('',#1445,#1446,#1447);
#1445 = CARTESIAN_POINT('',(-4.85,-0.75,0.));
#1446 = DIRECTION('',(0.,0.,-1.));
#1447 = DIRECTION('',(1.,0.,0.));
#1448 = ADVANCED_FACE('',(#1449),#1483,.T.);
#1449 = FACE_BOUND('',#1450,.T.);
#1450 = EDGE_LOOP('',(#1451,#1461,#1469,#1477));
#1451 = ORIENTED_EDGE('',*,*,#1452,.T.);
#1452 = EDGE_CURVE('',#1453,#1455,#1457,.T.);
#1453 = VERTEX_POINT('',#1454);
#1454 = CARTESIAN_POINT('',(-4.85,-0.75,0.15));
#1455 = VERTEX_POINT('',#1456);
#1456 = CARTESIAN_POINT('',(-4.65,-0.75,0.15));
#1457 = LINE('',#1458,#1459);
#1458 = CARTESIAN_POINT('',(-4.85,-0.75,0.15));
#1459 = VECTOR('',#1460,1.);
#1460 = DIRECTION('',(1.,0.,0.));
#1461 = ORIENTED_EDGE('',*,*,#1462,.T.);
#1462 = EDGE_CURVE('',#1455,#1463,#1465,.T.);
#1463 = VERTEX_POINT('',#1464);
#1464 = CARTESIAN_POINT('',(-4.65,0.6,0.15));
#1465 = LINE('',#1466,#1467);
#1466 = CARTESIAN_POINT('',(-4.65,-0.75,0.15));
#1467 = VECTOR('',#1468,1.);
#1468 = DIRECTION('',(0.,1.,0.));
#1469 = ORIENTED_EDGE('',*,*,#1470,.F.);
#1470 = EDGE_CURVE('',#1471,#1463,#1473,.T.);
#1471 = VERTEX_POINT('',#1472);
#1472 = CARTESIAN_POINT('',(-4.85,0.6,0.15));
#1473 = LINE('',#1474,#1475);
#1474 = CARTESIAN_POINT('',(-4.85,0.6,0.15));
#1475 = VECTOR('',#1476,1.);
#1476 = DIRECTION('',(1.,0.,0.));
#1477 = ORIENTED_EDGE('',*,*,#1478,.F.);
#1478 = EDGE_CURVE('',#1453,#1471,#1479,.T.);
#1479 = LINE('',#1480,#1481);
#1480 = CARTESIAN_POINT('',(-4.85,-0.75,0.15));
#1481 = VECTOR('',#1482,1.);
#1482 = DIRECTION('',(0.,1.,0.));
#1483 = PLANE('',#1484);
#1484 = AXIS2_PLACEMENT_3D('',#1485,#1486,#1487);
#1485 = CARTESIAN_POINT('',(-4.85,-0.75,0.15));
#1486 = DIRECTION('',(0.,0.,1.));
#1487 = DIRECTION('',(1.,0.,-0.));
#1488 = ADVANCED_FACE('',(#1489),#1505,.T.);
#1489 = FACE_BOUND('',#1490,.T.);
#1490 = EDGE_LOOP('',(#1491,#1492,#1498,#1499));
#1491 = ORIENTED_EDGE('',*,*,#1438,.T.);
#1492 = ORIENTED_EDGE('',*,*,#1493,.T.);
#1493 = EDGE_CURVE('',#1431,#1455,#1494,.T.);
#1494 = LINE('',#1495,#1496);
#1495 = CARTESIAN_POINT('',(-4.65,-0.75,0.));
#1496 = VECTOR('',#1497,1.);
#1497 = DIRECTION('',(0.,0.,1.));
#1498 = ORIENTED_EDGE('',*,*,#1452,.F.);
#1499 = ORIENTED_EDGE('',*,*,#1500,.F.);
#1500 = EDGE_CURVE('',#1413,#1453,#1501,.T.);
#1501 = LINE('',#1502,#1503);
#1502 = CARTESIAN_POINT('',(-4.85,-0.75,0.));
#1503 = VECTOR('',#1504,1.);
#1504 = DIRECTION('',(0.,0.,1.));
#1505 = PLANE('',#1506);
#1506 = AXIS2_PLACEMENT_3D('',#1507,#1508,#1509);
#1507 = CARTESIAN_POINT('',(-4.85,-0.75,0.));
#1508 = DIRECTION('',(0.,-1.,0.));
#1509 = DIRECTION('',(1.,0.,0.));
#1510 = ADVANCED_FACE('',(#1511),#1527,.T.);
#1511 = FACE_BOUND('',#1512,.T.);
#1512 = EDGE_LOOP('',(#1513,#1519,#1520,#1526));
#1513 = ORIENTED_EDGE('',*,*,#1514,.T.);
#1514 = EDGE_CURVE('',#1415,#1471,#1515,.T.);
#1515 = LINE('',#1516,#1517);
#1516 = CARTESIAN_POINT('',(-4.85,0.6,0.));
#1517 = VECTOR('',#1518,1.);
#1518 = DIRECTION('',(0.,0.,1.));
#1519 = ORIENTED_EDGE('',*,*,#1470,.T.);
#1520 = ORIENTED_EDGE('',*,*,#1521,.F.);
#1521 = EDGE_CURVE('',#1423,#1463,#1522,.T.);
#1522 = LINE('',#1523,#1524);
#1523 = CARTESIAN_POINT('',(-4.65,0.6,0.));
#1524 = VECTOR('',#1525,1.);
#1525 = DIRECTION('',(0.,0.,1.));
#1526 = ORIENTED_EDGE('',*,*,#1422,.F.);
#1527 = PLANE('',#1528);
#1528 = AXIS2_PLACEMENT_3D('',#1529,#1530,#1531);
#1529 = CARTESIAN_POINT('',(-4.85,0.6,0.));
#1530 = DIRECTION('',(0.,1.,0.));
#1531 = DIRECTION('',(1.,0.,0.));
#1532 = ADVANCED_FACE('',(#1533),#1539,.T.);
#1533 = FACE_BOUND('',#1534,.T.);
#1534 = EDGE_LOOP('',(#1535,#1536,#1537,#1538));
#1535 = ORIENTED_EDGE('',*,*,#1500,.T.);
#1536 = ORIENTED_EDGE('',*,*,#1478,.T.);
#1537 = ORIENTED_EDGE('',*,*,#1514,.F.);
#1538 = ORIENTED_EDGE('',*,*,#1412,.F.);
#1539 = PLANE('',#1540);
#1540 = AXIS2_PLACEMENT_3D('',#1541,#1542,#1543);
#1541 = CARTESIAN_POINT('',(-4.85,-0.75,0.));
#1542 = DIRECTION('',(-1.,0.,0.));
#1543 = DIRECTION('',(0.,1.,0.));
#1544 = ADVANCED_FACE('',(#1545),#1551,.T.);
#1545 = FACE_BOUND('',#1546,.T.);
#1546 = EDGE_LOOP('',(#1547,#1548,#1549,#1550));
#1547 = ORIENTED_EDGE('',*,*,#1430,.T.);
#1548 = ORIENTED_EDGE('',*,*,#1521,.T.);
#1549 = ORIENTED_EDGE('',*,*,#1462,.F.);
#1550 = ORIENTED_EDGE('',*,*,#1493,.F.);
#1551 = PLANE('',#1552);
#1552 = AXIS2_PLACEMENT_3D('',#1553,#1554,#1555);
#1553 = CARTESIAN_POINT('',(-4.65,-0.75,0.));
#1554 = DIRECTION('',(1.,0.,0.));
#1555 = DIRECTION('',(-0.,1.,0.));
#1556 = MANIFOLD_SOLID_BREP('',#1557);
#1557 = CLOSED_SHELL('',(#1558,#1598,#1638,#1660,#1682,#1694));
#1558 = ADVANCED_FACE('',(#1559),#1593,.T.);
#1559 = FACE_BOUND('',#1560,.T.);
#1560 = EDGE_LOOP('',(#1561,#1571,#1579,#1587));
#1561 = ORIENTED_EDGE('',*,*,#1562,.T.);
#1562 = EDGE_CURVE('',#1563,#1565,#1567,.T.);
#1563 = VERTEX_POINT('',#1564);
#1564 = CARTESIAN_POINT('',(-4.35,-0.75,0.));
#1565 = VERTEX_POINT('',#1566);
#1566 = CARTESIAN_POINT('',(-4.35,0.6,0.));
#1567 = LINE('',#1568,#1569);
#1568 = CARTESIAN_POINT('',(-4.35,-0.75,0.));
#1569 = VECTOR('',#1570,1.);
#1570 = DIRECTION('',(0.,1.,0.));
#1571 = ORIENTED_EDGE('',*,*,#1572,.T.);
#1572 = EDGE_CURVE('',#1565,#1573,#1575,.T.);
#1573 = VERTEX_POINT('',#1574);
#1574 = CARTESIAN_POINT('',(-4.15,0.6,0.));
#1575 = LINE('',#1576,#1577);
#1576 = CARTESIAN_POINT('',(-4.35,0.6,0.));
#1577 = VECTOR('',#1578,1.);
#1578 = DIRECTION('',(1.,0.,0.));
#1579 = ORIENTED_EDGE('',*,*,#1580,.F.);
#1580 = EDGE_CURVE('',#1581,#1573,#1583,.T.);
#1581 = VERTEX_POINT('',#1582);
#1582 = CARTESIAN_POINT('',(-4.15,-0.75,0.));
#1583 = LINE('',#1584,#1585);
#1584 = CARTESIAN_POINT('',(-4.15,-0.75,0.));
#1585 = VECTOR('',#1586,1.);
#1586 = DIRECTION('',(0.,1.,0.));
#1587 = ORIENTED_EDGE('',*,*,#1588,.F.);
#1588 = EDGE_CURVE('',#1563,#1581,#1589,.T.);
#1589 = LINE('',#1590,#1591);
#1590 = CARTESIAN_POINT('',(-4.35,-0.75,0.));
#1591 = VECTOR('',#1592,1.);
#1592 = DIRECTION('',(1.,0.,0.));
#1593 = PLANE('',#1594);
#1594 = AXIS2_PLACEMENT_3D('',#1595,#1596,#1597);
#1595 = CARTESIAN_POINT('',(-4.35,-0.75,0.));
#1596 = DIRECTION('',(0.,0.,-1.));
#1597 = DIRECTION('',(1.,0.,0.));
#1598 = ADVANCED_FACE('',(#1599),#1633,.T.);
#1599 = FACE_BOUND('',#1600,.T.);
#1600 = EDGE_LOOP('',(#1601,#1611,#1619,#1627));
#1601 = ORIENTED_EDGE('',*,*,#1602,.T.);
#1602 = EDGE_CURVE('',#1603,#1605,#1607,.T.);
#1603 = VERTEX_POINT('',#1604);
#1604 = CARTESIAN_POINT('',(-4.35,-0.75,0.15));
#1605 = VERTEX_POINT('',#1606);
#1606 = CARTESIAN_POINT('',(-4.15,-0.75,0.15));
#1607 = LINE('',#1608,#1609);
#1608 = CARTESIAN_POINT('',(-4.35,-0.75,0.15));
#1609 = VECTOR('',#1610,1.);
#1610 = DIRECTION('',(1.,0.,0.));
#1611 = ORIENTED_EDGE('',*,*,#1612,.T.);
#1612 = EDGE_CURVE('',#1605,#1613,#1615,.T.);
#1613 = VERTEX_POINT('',#1614);
#1614 = CARTESIAN_POINT('',(-4.15,0.6,0.15));
#1615 = LINE('',#1616,#1617);
#1616 = CARTESIAN_POINT('',(-4.15,-0.75,0.15));
#1617 = VECTOR('',#1618,1.);
#1618 = DIRECTION('',(0.,1.,0.));
#1619 = ORIENTED_EDGE('',*,*,#1620,.F.);
#1620 = EDGE_CURVE('',#1621,#1613,#1623,.T.);
#1621 = VERTEX_POINT('',#1622);
#1622 = CARTESIAN_POINT('',(-4.35,0.6,0.15));
#1623 = LINE('',#1624,#1625);
#1624 = CARTESIAN_POINT('',(-4.35,0.6,0.15));
#1625 = VECTOR('',#1626,1.);
#1626 = DIRECTION('',(1.,0.,0.));
#1627 = ORIENTED_EDGE('',*,*,#1628,.F.);
#1628 = EDGE_CURVE('',#1603,#1621,#1629,.T.);
#1629 = LINE('',#1630,#1631);
#1630 = CARTESIAN_POINT('',(-4.35,-0.75,0.15));
#1631 = VECTOR('',#1632,1.);
#1632 = DIRECTION('',(0.,1.,0.));
#1633 = PLANE('',#1634);
#1634 = AXIS2_PLACEMENT_3D('',#1635,#1636,#1637);
#1635 = CARTESIAN_POINT('',(-4.35,-0.75,0.15));
#1636 = DIRECTION('',(0.,0.,1.));
#1637 = DIRECTION('',(1.,0.,-0.));
#1638 = ADVANCED_FACE('',(#1639),#1655,.T.);
#1639 = FACE_BOUND('',#1640,.T.);
#1640 = EDGE_LOOP('',(#1641,#1642,#1648,#1649));
#1641 = ORIENTED_EDGE('',*,*,#1588,.T.);
#1642 = ORIENTED_EDGE('',*,*,#1643,.T.);
#1643 = EDGE_CURVE('',#1581,#1605,#1644,.T.);
#1644 = LINE('',#1645,#1646);
#1645 = CARTESIAN_POINT('',(-4.15,-0.75,0.));
#1646 = VECTOR('',#1647,1.);
#1647 = DIRECTION('',(0.,0.,1.));
#1648 = ORIENTED_EDGE('',*,*,#1602,.F.);
#1649 = ORIENTED_EDGE('',*,*,#1650,.F.);
#1650 = EDGE_CURVE('',#1563,#1603,#1651,.T.);
#1651 = LINE('',#1652,#1653);
#1652 = CARTESIAN_POINT('',(-4.35,-0.75,0.));
#1653 = VECTOR('',#1654,1.);
#1654 = DIRECTION('',(0.,0.,1.));
#1655 = PLANE('',#1656);
#1656 = AXIS2_PLACEMENT_3D('',#1657,#1658,#1659);
#1657 = CARTESIAN_POINT('',(-4.35,-0.75,0.));
#1658 = DIRECTION('',(0.,-1.,0.));
#1659 = DIRECTION('',(1.,0.,0.));
#1660 = ADVANCED_FACE('',(#1661),#1677,.T.);
#1661 = FACE_BOUND('',#1662,.T.);
#1662 = EDGE_LOOP('',(#1663,#1669,#1670,#1676));
#1663 = ORIENTED_EDGE('',*,*,#1664,.T.);
#1664 = EDGE_CURVE('',#1565,#1621,#1665,.T.);
#1665 = LINE('',#1666,#1667);
#1666 = CARTESIAN_POINT('',(-4.35,0.6,0.));
#1667 = VECTOR('',#1668,1.);
#1668 = DIRECTION('',(0.,0.,1.));
#1669 = ORIENTED_EDGE('',*,*,#1620,.T.);
#1670 = ORIENTED_EDGE('',*,*,#1671,.F.);
#1671 = EDGE_CURVE('',#1573,#1613,#1672,.T.);
#1672 = LINE('',#1673,#1674);
#1673 = CARTESIAN_POINT('',(-4.15,0.6,0.));
#1674 = VECTOR('',#1675,1.);
#1675 = DIRECTION('',(0.,0.,1.));
#1676 = ORIENTED_EDGE('',*,*,#1572,.F.);
#1677 = PLANE('',#1678);
#1678 = AXIS2_PLACEMENT_3D('',#1679,#1680,#1681);
#1679 = CARTESIAN_POINT('',(-4.35,0.6,0.));
#1680 = DIRECTION('',(0.,1.,0.));
#1681 = DIRECTION('',(1.,0.,0.));
#1682 = ADVANCED_FACE('',(#1683),#1689,.T.);
#1683 = FACE_BOUND('',#1684,.T.);
#1684 = EDGE_LOOP('',(#1685,#1686,#1687,#1688));
#1685 = ORIENTED_EDGE('',*,*,#1650,.T.);
#1686 = ORIENTED_EDGE('',*,*,#1628,.T.);
#1687 = ORIENTED_EDGE('',*,*,#1664,.F.);
#1688 = ORIENTED_EDGE('',*,*,#1562,.F.);
#1689 = PLANE('',#1690);
#1690 = AXIS2_PLACEMENT_3D('',#1691,#1692,#1693);
#1691 = CARTESIAN_POINT('',(-4.35,-0.75,0.));
#1692 = DIRECTION('',(-1.,0.,0.));
#1693 = DIRECTION('',(0.,1.,0.));
#1694 = ADVANCED_FACE('',(#1695),#1701,.T.);
#1695 = FACE_BOUND('',#1696,.T.);
#1696 = EDGE_LOOP('',(#1697,#1698,#1699,#1700));
#1697 = ORIENTED_EDGE('',*,*,#1580,.T.);
#1698 = ORIENTED_EDGE('',*,*,#1671,.T.);
#1699 = ORIENTED_EDGE('',*,*,#1612,.F.);
#1700 = ORIENTED_EDGE('',*,*,#1643,.F.);
#1701 = PLANE('',#1702);
#1702 = AXIS2_PLACEMENT_3D('',#1703,#1704,#1705);
#1703 = CARTESIAN_POINT('',(-4.15,-0.75,0.));
#1704 = DIRECTION('',(1.,0.,0.));
#1705 = DIRECTION('',(-0.,1.,0.));
#1706 = MANIFOLD_SOLID_BREP('',#1707);
#1707 = CLOSED_SHELL('',(#1708,#1748,#1788,#1810,#1832,#1844));
#1708 = ADVANCED_FACE('',(#1709),#1743,.T.);
#1709 = FACE_BOUND('',#1710,.T.);
#1710 = EDGE_LOOP('',(#1711,#1721,#1729,#1737));
#1711 = ORIENTED_EDGE('',*,*,#1712,.T.);
#1712 = EDGE_CURVE('',#1713,#1715,#1717,.T.);
#1713 = VERTEX_POINT('',#1714);
#1714 = CARTESIAN_POINT('',(-3.85,-0.75,0.));
#1715 = VERTEX_POINT('',#1716);
#1716 = CARTESIAN_POINT('',(-3.85,0.6,0.));
#1717 = LINE('',#1718,#1719);
#1718 = CARTESIAN_POINT('',(-3.85,-0.75,0.));
#1719 = VECTOR('',#1720,1.);
#1720 = DIRECTION('',(0.,1.,0.));
#1721 = ORIENTED_EDGE('',*,*,#1722,.T.);
#1722 = EDGE_CURVE('',#1715,#1723,#1725,.T.);
#1723 = VERTEX_POINT('',#1724);
#1724 = CARTESIAN_POINT('',(-3.65,0.6,0.));
#1725 = LINE('',#1726,#1727);
#1726 = CARTESIAN_POINT('',(-3.85,0.6,0.));
#1727 = VECTOR('',#1728,1.);
#1728 = DIRECTION('',(1.,0.,0.));
#1729 = ORIENTED_EDGE('',*,*,#1730,.F.);
#1730 = EDGE_CURVE('',#1731,#1723,#1733,.T.);
#1731 = VERTEX_POINT('',#1732);
#1732 = CARTESIAN_POINT('',(-3.65,-0.75,0.));
#1733 = LINE('',#1734,#1735);
#1734 = CARTESIAN_POINT('',(-3.65,-0.75,0.));
#1735 = VECTOR('',#1736,1.);
#1736 = DIRECTION('',(0.,1.,0.));
#1737 = ORIENTED_EDGE('',*,*,#1738,.F.);
#1738 = EDGE_CURVE('',#1713,#1731,#1739,.T.);
#1739 = LINE('',#1740,#1741);
#1740 = CARTESIAN_POINT('',(-3.85,-0.75,0.));
#1741 = VECTOR('',#1742,1.);
#1742 = DIRECTION('',(1.,0.,0.));
#1743 = PLANE('',#1744);
#1744 = AXIS2_PLACEMENT_3D('',#1745,#1746,#1747);
#1745 = CARTESIAN_POINT('',(-3.85,-0.75,0.));
#1746 = DIRECTION('',(0.,0.,-1.));
#1747 = DIRECTION('',(1.,0.,0.));
#1748 = ADVANCED_FACE('',(#1749),#1783,.T.);
#1749 = FACE_BOUND('',#1750,.T.);
#1750 = EDGE_LOOP('',(#1751,#1761,#1769,#1777));
#1751 = ORIENTED_EDGE('',*,*,#1752,.T.);
#1752 = EDGE_CURVE('',#1753,#1755,#1757,.T.);
#1753 = VERTEX_POINT('',#1754);
#1754 = CARTESIAN_POINT('',(-3.85,-0.75,0.15));
#1755 = VERTEX_POINT('',#1756);
#1756 = CARTESIAN_POINT('',(-3.65,-0.75,0.15));
#1757 = LINE('',#1758,#1759);
#1758 = CARTESIAN_POINT('',(-3.85,-0.75,0.15));
#1759 = VECTOR('',#1760,1.);
#1760 = DIRECTION('',(1.,0.,0.));
#1761 = ORIENTED_EDGE('',*,*,#1762,.T.);
#1762 = EDGE_CURVE('',#1755,#1763,#1765,.T.);
#1763 = VERTEX_POINT('',#1764);
#1764 = CARTESIAN_POINT('',(-3.65,0.6,0.15));
#1765 = LINE('',#1766,#1767);
#1766 = CARTESIAN_POINT('',(-3.65,-0.75,0.15));
#1767 = VECTOR('',#1768,1.);
#1768 = DIRECTION('',(0.,1.,0.));
#1769 = ORIENTED_EDGE('',*,*,#1770,.F.);
#1770 = EDGE_CURVE('',#1771,#1763,#1773,.T.);
#1771 = VERTEX_POINT('',#1772);
#1772 = CARTESIAN_POINT('',(-3.85,0.6,0.15));
#1773 = LINE('',#1774,#1775);
#1774 = CARTESIAN_POINT('',(-3.85,0.6,0.15));
#1775 = VECTOR('',#1776,1.);
#1776 = DIRECTION('',(1.,0.,0.));
#1777 = ORIENTED_EDGE('',*,*,#1778,.F.);
#1778 = EDGE_CURVE('',#1753,#1771,#1779,.T.);
#1779 = LINE('',#1780,#1781);
#1780 = CARTESIAN_POINT('',(-3.85,-0.75,0.15));
#1781 = VECTOR('',#1782,1.);
#1782 = DIRECTION('',(0.,1.,0.));
#1783 = PLANE('',#1784);
#1784 = AXIS2_PLACEMENT_3D('',#1785,#1786,#1787);
#1785 = CARTESIAN_POINT('',(-3.85,-0.75,0.15));
#1786 = DIRECTION('',(0.,0.,1.));
#1787 = DIRECTION('',(1.,0.,-0.));
#1788 = ADVANCED_FACE('',(#1789),#1805,.T.);
#1789 = FACE_BOUND('',#1790,.T.);
#1790 = EDGE_LOOP('',(#1791,#1792,#1798,#1799));
#1791 = ORIENTED_EDGE('',*,*,#1738,.T.);
#1792 = ORIENTED_EDGE('',*,*,#1793,.T.);
#1793 = EDGE_CURVE('',#1731,#1755,#1794,.T.);
#1794 = LINE('',#1795,#1796);
#1795 = CARTESIAN_POINT('',(-3.65,-0.75,0.));
#1796 = VECTOR('',#1797,1.);
#1797 = DIRECTION('',(0.,0.,1.));
#1798 = ORIENTED_EDGE('',*,*,#1752,.F.);
#1799 = ORIENTED_EDGE('',*,*,#1800,.F.);
#1800 = EDGE_CURVE('',#1713,#1753,#1801,.T.);
#1801 = LINE('',#1802,#1803);
#1802 = CARTESIAN_POINT('',(-3.85,-0.75,0.));
#1803 = VECTOR('',#1804,1.);
#1804 = DIRECTION('',(0.,0.,1.));
#1805 = PLANE('',#1806);
#1806 = AXIS2_PLACEMENT_3D('',#1807,#1808,#1809);
#1807 = CARTESIAN_POINT('',(-3.85,-0.75,0.));
#1808 = DIRECTION('',(0.,-1.,0.));
#1809 = DIRECTION('',(1.,0.,0.));
#1810 = ADVANCED_FACE('',(#1811),#1827,.T.);
#1811 = FACE_BOUND('',#1812,.T.);
#1812 = EDGE_LOOP('',(#1813,#1819,#1820,#1826));
#1813 = ORIENTED_EDGE('',*,*,#1814,.T.);
#1814 = EDGE_CURVE('',#1715,#1771,#1815,.T.);
#1815 = LINE('',#1816,#1817);
#1816 = CARTESIAN_POINT('',(-3.85,0.6,0.));
#1817 = VECTOR('',#1818,1.);
#1818 = DIRECTION('',(0.,0.,1.));
#1819 = ORIENTED_EDGE('',*,*,#1770,.T.);
#1820 = ORIENTED_EDGE('',*,*,#1821,.F.);
#1821 = EDGE_CURVE('',#1723,#1763,#1822,.T.);
#1822 = LINE('',#1823,#1824);
#1823 = CARTESIAN_POINT('',(-3.65,0.6,0.));
#1824 = VECTOR('',#1825,1.);
#1825 = DIRECTION('',(0.,0.,1.));
#1826 = ORIENTED_EDGE('',*,*,#1722,.F.);
#1827 = PLANE('',#1828);
#1828 = AXIS2_PLACEMENT_3D('',#1829,#1830,#1831);
#1829 = CARTESIAN_POINT('',(-3.85,0.6,0.));
#1830 = DIRECTION('',(0.,1.,0.));
#1831 = DIRECTION('',(1.,0.,0.));
#1832 = ADVANCED_FACE('',(#1833),#1839,.T.);
#1833 = FACE_BOUND('',#1834,.T.);
#1834 = EDGE_LOOP('',(#1835,#1836,#1837,#1838));
#1835 = ORIENTED_EDGE('',*,*,#1800,.T.);
#1836 = ORIENTED_EDGE('',*,*,#1778,.T.);
#1837 = ORIENTED_EDGE('',*,*,#1814,.F.);
#1838 = ORIENTED_EDGE('',*,*,#1712,.F.);
#1839 = PLANE('',#1840);
#1840 = AXIS2_PLACEMENT_3D('',#1841,#1842,#1843);
#1841 = CARTESIAN_POINT('',(-3.85,-0.75,0.));
#1842 = DIRECTION('',(-1.,0.,0.));
#1843 = DIRECTION('',(0.,1.,0.));
#1844 = ADVANCED_FACE('',(#1845),#1851,.T.);
#1845 = FACE_BOUND('',#1846,.T.);
#1846 = EDGE_LOOP('',(#1847,#1848,#1849,#1850));
#1847 = ORIENTED_EDGE('',*,*,#1730,.T.);
#1848 = ORIENTED_EDGE('',*,*,#1821,.T.);
#1849 = ORIENTED_EDGE('',*,*,#1762,.F.);
#1850 = ORIENTED_EDGE('',*,*,#1793,.F.);
#1851 = PLANE('',#1852);
#1852 = AXIS2_PLACEMENT_3D('',#1853,#1854,#1855);
#1853 = CARTESIAN_POINT('',(-3.65,-0.75,0.));
#1854 = DIRECTION('',(1.,0.,0.));
#1855 = DIRECTION('',(-0.,1.,0.));
#1856 = MANIFOLD_SOLID_BREP('',#1857);
#1857 = CLOSED_SHELL('',(#1858,#1898,#1938,#1960,#1982,#1994));
#1858 = ADVANCED_FACE('',(#1859),#1893,.T.);
#1859 = FACE_BOUND('',#1860,.T.);
#1860 = EDGE_LOOP('',(#1861,#1871,#1879,#1887));
#1861 = ORIENTED_EDGE('',*,*,#1862,.T.);
#1862 = EDGE_CURVE('',#1863,#1865,#1867,.T.);
#1863 = VERTEX_POINT('',#1864);
#1864 = CARTESIAN_POINT('',(-3.35,-0.75,0.));
#1865 = VERTEX_POINT('',#1866);
#1866 = CARTESIAN_POINT('',(-3.35,0.6,0.));
#1867 = LINE('',#1868,#1869);
#1868 = CARTESIAN_POINT('',(-3.35,-0.75,0.));
#1869 = VECTOR('',#1870,1.);
#1870 = DIRECTION('',(0.,1.,0.));
#1871 = ORIENTED_EDGE('',*,*,#1872,.T.);
#1872 = EDGE_CURVE('',#1865,#1873,#1875,.T.);
#1873 = VERTEX_POINT('',#1874);
#1874 = CARTESIAN_POINT('',(-3.15,0.6,0.));
#1875 = LINE('',#1876,#1877);
#1876 = CARTESIAN_POINT('',(-3.35,0.6,0.));
#1877 = VECTOR('',#1878,1.);
#1878 = DIRECTION('',(1.,0.,0.));
#1879 = ORIENTED_EDGE('',*,*,#1880,.F.);
#1880 = EDGE_CURVE('',#1881,#1873,#1883,.T.);
#1881 = VERTEX_POINT('',#1882);
#1882 = CARTESIAN_POINT('',(-3.15,-0.75,0.));
#1883 = LINE('',#1884,#1885);
#1884 = CARTESIAN_POINT('',(-3.15,-0.75,0.));
#1885 = VECTOR('',#1886,1.);
#1886 = DIRECTION('',(0.,1.,0.));
#1887 = ORIENTED_EDGE('',*,*,#1888,.F.);
#1888 = EDGE_CURVE('',#1863,#1881,#1889,.T.);
#1889 = LINE('',#1890,#1891);
#1890 = CARTESIAN_POINT('',(-3.35,-0.75,0.));
#1891 = VECTOR('',#1892,1.);
#1892 = DIRECTION('',(1.,0.,0.));
#1893 = PLANE('',#1894);
#1894 = AXIS2_PLACEMENT_3D('',#1895,#1896,#1897);
#1895 = CARTESIAN_POINT('',(-3.35,-0.75,0.));
#1896 = DIRECTION('',(0.,0.,-1.));
#1897 = DIRECTION('',(1.,0.,0.));
#1898 = ADVANCED_FACE('',(#1899),#1933,.T.);
#1899 = FACE_BOUND('',#1900,.T.);
#1900 = EDGE_LOOP('',(#1901,#1911,#1919,#1927));
#1901 = ORIENTED_EDGE('',*,*,#1902,.T.);
#1902 = EDGE_CURVE('',#1903,#1905,#1907,.T.);
#1903 = VERTEX_POINT('',#1904);
#1904 = CARTESIAN_POINT('',(-3.35,-0.75,0.15));
#1905 = VERTEX_POINT('',#1906);
#1906 = CARTESIAN_POINT('',(-3.15,-0.75,0.15));
#1907 = LINE('',#1908,#1909);
#1908 = CARTESIAN_POINT('',(-3.35,-0.75,0.15));
#1909 = VECTOR('',#1910,1.);
#1910 = DIRECTION('',(1.,0.,0.));
#1911 = ORIENTED_EDGE('',*,*,#1912,.T.);
#1912 = EDGE_CURVE('',#1905,#1913,#1915,.T.);
#1913 = VERTEX_POINT('',#1914);
#1914 = CARTESIAN_POINT('',(-3.15,0.6,0.15));
#1915 = LINE('',#1916,#1917);
#1916 = CARTESIAN_POINT('',(-3.15,-0.75,0.15));
#1917 = VECTOR('',#1918,1.);
#1918 = DIRECTION('',(0.,1.,0.));
#1919 = ORIENTED_EDGE('',*,*,#1920,.F.);
#1920 = EDGE_CURVE('',#1921,#1913,#1923,.T.);
#1921 = VERTEX_POINT('',#1922);
#1922 = CARTESIAN_POINT('',(-3.35,0.6,0.15));
#1923 = LINE('',#1924,#1925);
#1924 = CARTESIAN_POINT('',(-3.35,0.6,0.15));
#1925 = VECTOR('',#1926,1.);
#1926 = DIRECTION('',(1.,0.,0.));
#1927 = ORIENTED_EDGE('',*,*,#1928,.F.);
#1928 = EDGE_CURVE('',#1903,#1921,#1929,.T.);
#1929 = LINE('',#1930,#1931);
#1930 = CARTESIAN_POINT('',(-3.35,-0.75,0.15));
#1931 = VECTOR('',#1932,1.);
#1932 = DIRECTION('',(0.,1.,0.));
#1933 = PLANE('',#1934);
#1934 = AXIS2_PLACEMENT_3D('',#1935,#1936,#1937);
#1935 = CARTESIAN_POINT('',(-3.35,-0.75,0.15));
#1936 = DIRECTION('',(0.,0.,1.));
#1937 = DIRECTION('',(1.,0.,-0.));
#1938 = ADVANCED_FACE('',(#1939),#1955,.T.);
#1939 = FACE_BOUND('',#1940,.T.);
#1940 = EDGE_LOOP('',(#1941,#1942,#1948,#1949));
#1941 = ORIENTED_EDGE('',*,*,#1888,.T.);
#1942 = ORIENTED_EDGE('',*,*,#1943,.T.);
#1943 = EDGE_CURVE('',#1881,#1905,#1944,.T.);
#1944 = LINE('',#1945,#1946);
#1945 = CARTESIAN_POINT('',(-3.15,-0.75,0.));
#1946 = VECTOR('',#1947,1.);
#1947 = DIRECTION('',(0.,0.,1.));
#1948 = ORIENTED_EDGE('',*,*,#1902,.F.);
#1949 = ORIENTED_EDGE('',*,*,#1950,.F.);
#1950 = EDGE_CURVE('',#1863,#1903,#1951,.T.);
#1951 = LINE('',#1952,#1953);
#1952 = CARTESIAN_POINT('',(-3.35,-0.75,0.));
#1953 = VECTOR('',#1954,1.);
#1954 = DIRECTION('',(0.,0.,1.));
#1955 = PLANE('',#1956);
#1956 = AXIS2_PLACEMENT_3D('',#1957,#1958,#1959);
#1957 = CARTESIAN_POINT('',(-3.35,-0.75,0.));
#1958 = DIRECTION('',(0.,-1.,0.));
#1959 = DIRECTION('',(1.,0.,0.));
#1960 = ADVANCED_FACE('',(#1961),#1977,.T.);
#1961 = FACE_BOUND('',#1962,.T.);
#1962 = EDGE_LOOP('',(#1963,#1969,#1970,#1976));
#1963 = ORIENTED_EDGE('',*,*,#1964,.T.);
#1964 = EDGE_CURVE('',#1865,#1921,#1965,.T.);
#1965 = LINE('',#1966,#1967);
#1966 = CARTESIAN_POINT('',(-3.35,0.6,0.));
#1967 = VECTOR('',#1968,1.);
#1968 = DIRECTION('',(0.,0.,1.));
#1969 = ORIENTED_EDGE('',*,*,#1920,.T.);
#1970 = ORIENTED_EDGE('',*,*,#1971,.F.);
#1971 = EDGE_CURVE('',#1873,#1913,#1972,.T.);
#1972 = LINE('',#1973,#1974);
#1973 = CARTESIAN_POINT('',(-3.15,0.6,0.));
#1974 = VECTOR('',#1975,1.);
#1975 = DIRECTION('',(0.,0.,1.));
#1976 = ORIENTED_EDGE('',*,*,#1872,.F.);
#1977 = PLANE('',#1978);
#1978 = AXIS2_PLACEMENT_3D('',#1979,#1980,#1981);
#1979 = CARTESIAN_POINT('',(-3.35,0.6,0.));
#1980 = DIRECTION('',(0.,1.,0.));
#1981 = DIRECTION('',(1.,0.,0.));
#1982 = ADVANCED_FACE('',(#1983),#1989,.T.);
#1983 = FACE_BOUND('',#1984,.T.);
#1984 = EDGE_LOOP('',(#1985,#1986,#1987,#1988));
#1985 = ORIENTED_EDGE('',*,*,#1950,.T.);
#1986 = ORIENTED_EDGE('',*,*,#1928,.T.);
#1987 = ORIENTED_EDGE('',*,*,#1964,.F.);
#1988 = ORIENTED_EDGE('',*,*,#1862,.F.);
#1989 = PLANE('',#1990);
#1990 = AXIS2_PLACEMENT_3D('',#1991,#1992,#1993);
#1991 = CARTESIAN_POINT('',(-3.35,-0.75,0.));
#1992 = DIRECTION('',(-1.,0.,0.));
#1993 = DIRECTION('',(0.,1.,0.));
#1994 = ADVANCED_FACE('',(#1995),#2001,.T.);
#1995 = FACE_BOUND('',#1996,.T.);
#1996 = EDGE_LOOP('',(#1997,#1998,#1999,#2000));
#1997 = ORIENTED_EDGE('',*,*,#1880,.T.);
#1998 = ORIENTED_EDGE('',*,*,#1971,.T.);
#1999 = ORIENTED_EDGE('',*,*,#1912,.F.);
#2000 = ORIENTED_EDGE('',*,*,#1943,.F.);
#2001 = PLANE('',#2002);
#2002 = AXIS2_PLACEMENT_3D('',#2003,#2004,#2005);
#2003 = CARTESIAN_POINT('',(-3.15,-0.75,0.));
#2004 = DIRECTION('',(1.,0.,0.));
#2005 = DIRECTION('',(-0.,1.,0.));
#2006 = MANIFOLD_SOLID_BREP('',#2007);
#2007 = CLOSED_SHELL('',(#2008,#2048,#2088,#2110,#2132,#2144));
#2008 = ADVANCED_FACE('',(#2009),#2043,.T.);
#2009 = FACE_BOUND('',#2010,.T.);
#2010 = EDGE_LOOP('',(#2011,#2021,#2029,#2037));
#2011 = ORIENTED_EDGE('',*,*,#2012,.T.);
#2012 = EDGE_CURVE('',#2013,#2015,#2017,.T.);
#2013 = VERTEX_POINT('',#2014);
#2014 = CARTESIAN_POINT('',(-2.85,-0.75,0.));
#2015 = VERTEX_POINT('',#2016);
#2016 = CARTESIAN_POINT('',(-2.85,0.6,0.));
#2017 = LINE('',#2018,#2019);
#2018 = CARTESIAN_POINT('',(-2.85,-0.75,0.));
#2019 = VECTOR('',#2020,1.);
#2020 = DIRECTION('',(0.,1.,0.));
#2021 = ORIENTED_EDGE('',*,*,#2022,.T.);
#2022 = EDGE_CURVE('',#2015,#2023,#2025,.T.);
#2023 = VERTEX_POINT('',#2024);
#2024 = CARTESIAN_POINT('',(-2.65,0.6,0.));
#2025 = LINE('',#2026,#2027);
#2026 = CARTESIAN_POINT('',(-2.85,0.6,0.));
#2027 = VECTOR('',#2028,1.);
#2028 = DIRECTION('',(1.,0.,0.));
#2029 = ORIENTED_EDGE('',*,*,#2030,.F.);
#2030 = EDGE_CURVE('',#2031,#2023,#2033,.T.);
#2031 = VERTEX_POINT('',#2032);
#2032 = CARTESIAN_POINT('',(-2.65,-0.75,0.));
#2033 = LINE('',#2034,#2035);
#2034 = CARTESIAN_POINT('',(-2.65,-0.75,0.));
#2035 = VECTOR('',#2036,1.);
#2036 = DIRECTION('',(0.,1.,0.));
#2037 = ORIENTED_EDGE('',*,*,#2038,.F.);
#2038 = EDGE_CURVE('',#2013,#2031,#2039,.T.);
#2039 = LINE('',#2040,#2041);
#2040 = CARTESIAN_POINT('',(-2.85,-0.75,0.));
#2041 = VECTOR('',#2042,1.);
#2042 = DIRECTION('',(1.,0.,0.));
#2043 = PLANE('',#2044);
#2044 = AXIS2_PLACEMENT_3D('',#2045,#2046,#2047);
#2045 = CARTESIAN_POINT('',(-2.85,-0.75,0.));
#2046 = DIRECTION('',(0.,0.,-1.));
#2047 = DIRECTION('',(1.,0.,0.));
#2048 = ADVANCED_FACE('',(#2049),#2083,.T.);
#2049 = FACE_BOUND('',#2050,.T.);
#2050 = EDGE_LOOP('',(#2051,#2061,#2069,#2077));
#2051 = ORIENTED_EDGE('',*,*,#2052,.T.);
#2052 = EDGE_CURVE('',#2053,#2055,#2057,.T.);
#2053 = VERTEX_POINT('',#2054);
#2054 = CARTESIAN_POINT('',(-2.85,-0.75,0.15));
#2055 = VERTEX_POINT('',#2056);
#2056 = CARTESIAN_POINT('',(-2.65,-0.75,0.15));
#2057 = LINE('',#2058,#2059);
#2058 = CARTESIAN_POINT('',(-2.85,-0.75,0.15));
#2059 = VECTOR('',#2060,1.);
#2060 = DIRECTION('',(1.,0.,0.));
#2061 = ORIENTED_EDGE('',*,*,#2062,.T.);
#2062 = EDGE_CURVE('',#2055,#2063,#2065,.T.);
#2063 = VERTEX_POINT('',#2064);
#2064 = CARTESIAN_POINT('',(-2.65,0.6,0.15));
#2065 = LINE('',#2066,#2067);
#2066 = CARTESIAN_POINT('',(-2.65,-0.75,0.15));
#2067 = VECTOR('',#2068,1.);
#2068 = DIRECTION('',(0.,1.,0.));
#2069 = ORIENTED_EDGE('',*,*,#2070,.F.);
#2070 = EDGE_CURVE('',#2071,#2063,#2073,.T.);
#2071 = VERTEX_POINT('',#2072);
#2072 = CARTESIAN_POINT('',(-2.85,0.6,0.15));
#2073 = LINE('',#2074,#2075);
#2074 = CARTESIAN_POINT('',(-2.85,0.6,0.15));
#2075 = VECTOR('',#2076,1.);
#2076 = DIRECTION('',(1.,0.,0.));
#2077 = ORIENTED_EDGE('',*,*,#2078,.F.);
#2078 = EDGE_CURVE('',#2053,#2071,#2079,.T.);
#2079 = LINE('',#2080,#2081);
#2080 = CARTESIAN_POINT('',(-2.85,-0.75,0.15));
#2081 = VECTOR('',#2082,1.);
#2082 = DIRECTION('',(0.,1.,0.));
#2083 = PLANE('',#2084);
#2084 = AXIS2_PLACEMENT_3D('',#2085,#2086,#2087);
#2085 = CARTESIAN_POINT('',(-2.85,-0.75,0.15));
#2086 = DIRECTION('',(0.,0.,1.));
#2087 = DIRECTION('',(1.,0.,-0.));
#2088 = ADVANCED_FACE('',(#2089),#2105,.T.);
#2089 = FACE_BOUND('',#2090,.T.);
#2090 = EDGE_LOOP('',(#2091,#2092,#2098,#2099));
#2091 = ORIENTED_EDGE('',*,*,#2038,.T.);
#2092 = ORIENTED_EDGE('',*,*,#2093,.T.);
#2093 = EDGE_CURVE('',#2031,#2055,#2094,.T.);
#2094 = LINE('',#2095,#2096);
#2095 = CARTESIAN_POINT('',(-2.65,-0.75,0.));
#2096 = VECTOR('',#2097,1.);
#2097 = DIRECTION('',(0.,0.,1.));
#2098 = ORIENTED_EDGE('',*,*,#2052,.F.);
#2099 = ORIENTED_EDGE('',*,*,#2100,.F.);
#2100 = EDGE_CURVE('',#2013,#2053,#2101,.T.);
#2101 = LINE('',#2102,#2103);
#2102 = CARTESIAN_POINT('',(-2.85,-0.75,0.));
#2103 = VECTOR('',#2104,1.);
#2104 = DIRECTION('',(0.,0.,1.));
#2105 = PLANE('',#2106);
#2106 = AXIS2_PLACEMENT_3D('',#2107,#2108,#2109);
#2107 = CARTESIAN_POINT('',(-2.85,-0.75,0.));
#2108 = DIRECTION('',(0.,-1.,0.));
#2109 = DIRECTION('',(1.,0.,0.));
#2110 = ADVANCED_FACE('',(#2111),#2127,.T.);
#2111 = FACE_BOUND('',#2112,.T.);
#2112 = EDGE_LOOP('',(#2113,#2119,#2120,#2126));
#2113 = ORIENTED_EDGE('',*,*,#2114,.T.);
#2114 = EDGE_CURVE('',#2015,#2071,#2115,.T.);
#2115 = LINE('',#2116,#2117);
#2116 = CARTESIAN_POINT('',(-2.85,0.6,0.));
#2117 = VECTOR('',#2118,1.);
#2118 = DIRECTION('',(0.,0.,1.));
#2119 = ORIENTED_EDGE('',*,*,#2070,.T.);
#2120 = ORIENTED_EDGE('',*,*,#2121,.F.);
#2121 = EDGE_CURVE('',#2023,#2063,#2122,.T.);
#2122 = LINE('',#2123,#2124);
#2123 = CARTESIAN_POINT('',(-2.65,0.6,0.));
#2124 = VECTOR('',#2125,1.);
#2125 = DIRECTION('',(0.,0.,1.));
#2126 = ORIENTED_EDGE('',*,*,#2022,.F.);
#2127 = PLANE('',#2128);
#2128 = AXIS2_PLACEMENT_3D('',#2129,#2130,#2131);
#2129 = CARTESIAN_POINT('',(-2.85,0.6,0.));
#2130 = DIRECTION('',(0.,1.,0.));
#2131 = DIRECTION('',(1.,0.,0.));
#2132 = ADVANCED_FACE('',(#2133),#2139,.T.);
#2133 = FACE_BOUND('',#2134,.T.);
#2134 = EDGE_LOOP('',(#2135,#2136,#2137,#2138));
#2135 = ORIENTED_EDGE('',*,*,#2100,.T.);
#2136 = ORIENTED_EDGE('',*,*,#2078,.T.);
#2137 = ORIENTED_EDGE('',*,*,#2114,.F.);
#2138 = ORIENTED_EDGE('',*,*,#2012,.F.);
#2139 = PLANE('',#2140);
#2140 = AXIS2_PLACEMENT_3D('',#2141,#2142,#2143);
#2141 = CARTESIAN_POINT('',(-2.85,-0.75,0.));
#2142 = DIRECTION('',(-1.,0.,0.));
#2143 = DIRECTION('',(0.,1.,0.));
#2144 = ADVANCED_FACE('',(#2145),#2151,.T.);
#2145 = FACE_BOUND('',#2146,.T.);
#2146 = EDGE_LOOP('',(#2147,#2148,#2149,#2150));
#2147 = ORIENTED_EDGE('',*,*,#2030,.T.);
#2148 = ORIENTED_EDGE('',*,*,#2121,.T.);
#2149 = ORIENTED_EDGE('',*,*,#2062,.F.);
#2150 = ORIENTED_EDGE('',*,*,#2093,.F.);
#2151 = PLANE('',#2152);
#2152 = AXIS2_PLACEMENT_3D('',#2153,#2154,#2155);
#2153 = CARTESIAN_POINT('',(-2.65,-0.75,0.));
#2154 = DIRECTION('',(1.,0.,0.));
#2155 = DIRECTION('',(-0.,1.,0.));
#2156 = MANIFOLD_SOLID_BREP('',#2157);
#2157 = CLOSED_SHELL('',(#2158,#2198,#2238,#2260,#2282,#2294));
#2158 = ADVANCED_FACE('',(#2159),#2193,.T.);
#2159 = FACE_BOUND('',#2160,.T.);
#2160 = EDGE_LOOP('',(#2161,#2171,#2179,#2187));
#2161 = ORIENTED_EDGE('',*,*,#2162,.T.);
#2162 = EDGE_CURVE('',#2163,#2165,#2167,.T.);
#2163 = VERTEX_POINT('',#2164);
#2164 = CARTESIAN_POINT('',(-2.35,-0.75,0.));
#2165 = VERTEX_POINT('',#2166);
#2166 = CARTESIAN_POINT('',(-2.35,0.6,0.));
#2167 = LINE('',#2168,#2169);
#2168 = CARTESIAN_POINT('',(-2.35,-0.75,0.));
#2169 = VECTOR('',#2170,1.);
#2170 = DIRECTION('',(0.,1.,0.));
#2171 = ORIENTED_EDGE('',*,*,#2172,.T.);
#2172 = EDGE_CURVE('',#2165,#2173,#2175,.T.);
#2173 = VERTEX_POINT('',#2174);
#2174 = CARTESIAN_POINT('',(-2.15,0.6,0.));
#2175 = LINE('',#2176,#2177);
#2176 = CARTESIAN_POINT('',(-2.35,0.6,0.));
#2177 = VECTOR('',#2178,1.);
#2178 = DIRECTION('',(1.,0.,0.));
#2179 = ORIENTED_EDGE('',*,*,#2180,.F.);
#2180 = EDGE_CURVE('',#2181,#2173,#2183,.T.);
#2181 = VERTEX_POINT('',#2182);
#2182 = CARTESIAN_POINT('',(-2.15,-0.75,0.));
#2183 = LINE('',#2184,#2185);
#2184 = CARTESIAN_POINT('',(-2.15,-0.75,0.));
#2185 = VECTOR('',#2186,1.);
#2186 = DIRECTION('',(0.,1.,0.));
#2187 = ORIENTED_EDGE('',*,*,#2188,.F.);
#2188 = EDGE_CURVE('',#2163,#2181,#2189,.T.);
#2189 = LINE('',#2190,#2191);
#2190 = CARTESIAN_POINT('',(-2.35,-0.75,0.));
#2191 = VECTOR('',#2192,1.);
#2192 = DIRECTION('',(1.,0.,0.));
#2193 = PLANE('',#2194);
#2194 = AXIS2_PLACEMENT_3D('',#2195,#2196,#2197);
#2195 = CARTESIAN_POINT('',(-2.35,-0.75,0.));
#2196 = DIRECTION('',(0.,0.,-1.));
#2197 = DIRECTION('',(1.,0.,0.));
#2198 = ADVANCED_FACE('',(#2199),#2233,.T.);
#2199 = FACE_BOUND('',#2200,.T.);
#2200 = EDGE_LOOP('',(#2201,#2211,#2219,#2227));
#2201 = ORIENTED_EDGE('',*,*,#2202,.T.);
#2202 = EDGE_CURVE('',#2203,#2205,#2207,.T.);
#2203 = VERTEX_POINT('',#2204);
#2204 = CARTESIAN_POINT('',(-2.35,-0.75,0.15));
#2205 = VERTEX_POINT('',#2206);
#2206 = CARTESIAN_POINT('',(-2.15,-0.75,0.15));
#2207 = LINE('',#2208,#2209);
#2208 = CARTESIAN_POINT('',(-2.35,-0.75,0.15));
#2209 = VECTOR('',#2210,1.);
#2210 = DIRECTION('',(1.,0.,0.));
#2211 = ORIENTED_EDGE('',*,*,#2212,.T.);
#2212 = EDGE_CURVE('',#2205,#2213,#2215,.T.);
#2213 = VERTEX_POINT('',#2214);
#2214 = CARTESIAN_POINT('',(-2.15,0.6,0.15));
#2215 = LINE('',#2216,#2217);
#2216 = CARTESIAN_POINT('',(-2.15,-0.75,0.15));
#2217 = VECTOR('',#2218,1.);
#2218 = DIRECTION('',(0.,1.,0.));
#2219 = ORIENTED_EDGE('',*,*,#2220,.F.);
#2220 = EDGE_CURVE('',#2221,#2213,#2223,.T.);
#2221 = VERTEX_POINT('',#2222);
#2222 = CARTESIAN_POINT('',(-2.35,0.6,0.15));
#2223 = LINE('',#2224,#2225);
#2224 = CARTESIAN_POINT('',(-2.35,0.6,0.15));
#2225 = VECTOR('',#2226,1.);
#2226 = DIRECTION('',(1.,0.,0.));
#2227 = ORIENTED_EDGE('',*,*,#2228,.F.);
#2228 = EDGE_CURVE('',#2203,#2221,#2229,.T.);
#2229 = LINE('',#2230,#2231);
#2230 = CARTESIAN_POINT('',(-2.35,-0.75,0.15));
#2231 = VECTOR('',#2232,1.);
#2232 = DIRECTION('',(0.,1.,0.));
#2233 = PLANE('',#2234);
#2234 = AXIS2_PLACEMENT_3D('',#2235,#2236,#2237);
#2235 = CARTESIAN_POINT('',(-2.35,-0.75,0.15));
#2236 = DIRECTION('',(0.,0.,1.));
#2237 = DIRECTION('',(1.,0.,-0.));
#2238 = ADVANCED_FACE('',(#2239),#2255,.T.);
#2239 = FACE_BOUND('',#2240,.T.);
#2240 = EDGE_LOOP('',(#2241,#2242,#2248,#2249));
#2241 = ORIENTED_EDGE('',*,*,#2188,.T.);
#2242 = ORIENTED_EDGE('',*,*,#2243,.T.);
#2243 = EDGE_CURVE('',#2181,#2205,#2244,.T.);
#2244 = LINE('',#2245,#2246);
#2245 = CARTESIAN_POINT('',(-2.15,-0.75,0.));
#2246 = VECTOR('',#2247,1.);
#2247 = DIRECTION('',(0.,0.,1.));
#2248 = ORIENTED_EDGE('',*,*,#2202,.F.);
#2249 = ORIENTED_EDGE('',*,*,#2250,.F.);
#2250 = EDGE_CURVE('',#2163,#2203,#2251,.T.);
#2251 = LINE('',#2252,#2253);
#2252 = CARTESIAN_POINT('',(-2.35,-0.75,0.));
#2253 = VECTOR('',#2254,1.);
#2254 = DIRECTION('',(0.,0.,1.));
#2255 = PLANE('',#2256);
#2256 = AXIS2_PLACEMENT_3D('',#2257,#2258,#2259);
#2257 = CARTESIAN_POINT('',(-2.35,-0.75,0.));
#2258 = DIRECTION('',(0.,-1.,0.));
#2259 = DIRECTION('',(1.,0.,0.));
#2260 = ADVANCED_FACE('',(#2261),#2277,.T.);
#2261 = FACE_BOUND('',#2262,.T.);
#2262 = EDGE_LOOP('',(#2263,#2269,#2270,#2276));
#2263 = ORIENTED_EDGE('',*,*,#2264,.T.);
#2264 = EDGE_CURVE('',#2165,#2221,#2265,.T.);
#2265 = LINE('',#2266,#2267);
#2266 = CARTESIAN_POINT('',(-2.35,0.6,0.));
#2267 = VECTOR('',#2268,1.);
#2268 = DIRECTION('',(0.,0.,1.));
#2269 = ORIENTED_EDGE('',*,*,#2220,.T.);
#2270 = ORIENTED_EDGE('',*,*,#2271,.F.);
#2271 = EDGE_CURVE('',#2173,#2213,#2272,.T.);
#2272 = LINE('',#2273,#2274);
#2273 = CARTESIAN_POINT('',(-2.15,0.6,0.));
#2274 = VECTOR('',#2275,1.);
#2275 = DIRECTION('',(0.,0.,1.));
#2276 = ORIENTED_EDGE('',*,*,#2172,.F.);
#2277 = PLANE('',#2278);
#2278 = AXIS2_PLACEMENT_3D('',#2279,#2280,#2281);
#2279 = CARTESIAN_POINT('',(-2.35,0.6,0.));
#2280 = DIRECTION('',(0.,1.,0.));
#2281 = DIRECTION('',(1.,0.,0.));
#2282 = ADVANCED_FACE('',(#2283),#2289,.T.);
#2283 = FACE_BOUND('',#2284,.T.);
#2284 = EDGE_LOOP('',(#2285,#2286,#2287,#2288));
#2285 = ORIENTED_EDGE('',*,*,#2250,.T.);
#2286 = ORIENTED_EDGE('',*,*,#2228,.T.);
#2287 = ORIENTED_EDGE('',*,*,#2264,.F.);
#2288 = ORIENTED_EDGE('',*,*,#2162,.F.);
#2289 = PLANE('',#2290);
#2290 = AXIS2_PLACEMENT_3D('',#2291,#2292,#2293);
#2291 = CARTESIAN_POINT('',(-2.35,-0.75,0.));
#2292 = DIRECTION('',(-1.,0.,0.));
#2293 = DIRECTION('',(0.,1.,0.));
#2294 = ADVANCED_FACE('',(#2295),#2301,.T.);
#2295 = FACE_BOUND('',#2296,.T.);
#2296 = EDGE_LOOP('',(#2297,#2298,#2299,#2300));
#2297 = ORIENTED_EDGE('',*,*,#2180,.T.);
#2298 = ORIENTED_EDGE('',*,*,#2271,.T.);
#2299 = ORIENTED_EDGE('',*,*,#2212,.F.);
#2300 = ORIENTED_EDGE('',*,*,#2243,.F.);
#2301 = PLANE('',#2302);
#2302 = AXIS2_PLACEMENT_3D('',#2303,#2304,#2305);
#2303 = CARTESIAN_POINT('',(-2.15,-0.75,0.));
#2304 = DIRECTION('',(1.,0.,0.));
#2305 = DIRECTION('',(-0.,1.,0.));
#2306 = MANIFOLD_SOLID_BREP('',#2307);
#2307 = CLOSED_SHELL('',(#2308,#2348,#2388,#2410,#2432,#2444));
#2308 = ADVANCED_FACE('',(#2309),#2343,.T.);
#2309 = FACE_BOUND('',#2310,.T.);
#2310 = EDGE_LOOP('',(#2311,#2321,#2329,#2337));
#2311 = ORIENTED_EDGE('',*,*,#2312,.T.);
#2312 = EDGE_CURVE('',#2313,#2315,#2317,.T.);
#2313 = VERTEX_POINT('',#2314);
#2314 = CARTESIAN_POINT('',(-1.85,-0.75,0.));
#2315 = VERTEX_POINT('',#2316);
#2316 = CARTESIAN_POINT('',(-1.85,0.6,0.));
#2317 = LINE('',#2318,#2319);
#2318 = CARTESIAN_POINT('',(-1.85,-0.75,0.));
#2319 = VECTOR('',#2320,1.);
#2320 = DIRECTION('',(0.,1.,0.));
#2321 = ORIENTED_EDGE('',*,*,#2322,.T.);
#2322 = EDGE_CURVE('',#2315,#2323,#2325,.T.);
#2323 = VERTEX_POINT('',#2324);
#2324 = CARTESIAN_POINT('',(-1.65,0.6,0.));
#2325 = LINE('',#2326,#2327);
#2326 = CARTESIAN_POINT('',(-1.85,0.6,0.));
#2327 = VECTOR('',#2328,1.);
#2328 = DIRECTION('',(1.,0.,0.));
#2329 = ORIENTED_EDGE('',*,*,#2330,.F.);
#2330 = EDGE_CURVE('',#2331,#2323,#2333,.T.);
#2331 = VERTEX_POINT('',#2332);
#2332 = CARTESIAN_POINT('',(-1.65,-0.75,0.));
#2333 = LINE('',#2334,#2335);
#2334 = CARTESIAN_POINT('',(-1.65,-0.75,0.));
#2335 = VECTOR('',#2336,1.);
#2336 = DIRECTION('',(0.,1.,0.));
#2337 = ORIENTED_EDGE('',*,*,#2338,.F.);
#2338 = EDGE_CURVE('',#2313,#2331,#2339,.T.);
#2339 = LINE('',#2340,#2341);
#2340 = CARTESIAN_POINT('',(-1.85,-0.75,0.));
#2341 = VECTOR('',#2342,1.);
#2342 = DIRECTION('',(1.,0.,0.));
#2343 = PLANE('',#2344);
#2344 = AXIS2_PLACEMENT_3D('',#2345,#2346,#2347);
#2345 = CARTESIAN_POINT('',(-1.85,-0.75,0.));
#2346 = DIRECTION('',(0.,0.,-1.));
#2347 = DIRECTION('',(1.,0.,0.));
#2348 = ADVANCED_FACE('',(#2349),#2383,.T.);
#2349 = FACE_BOUND('',#2350,.T.);
#2350 = EDGE_LOOP('',(#2351,#2361,#2369,#2377));
#2351 = ORIENTED_EDGE('',*,*,#2352,.T.);
#2352 = EDGE_CURVE('',#2353,#2355,#2357,.T.);
#2353 = VERTEX_POINT('',#2354);
#2354 = CARTESIAN_POINT('',(-1.85,-0.75,0.15));
#2355 = VERTEX_POINT('',#2356);
#2356 = CARTESIAN_POINT('',(-1.65,-0.75,0.15));
#2357 = LINE('',#2358,#2359);
#2358 = CARTESIAN_POINT('',(-1.85,-0.75,0.15));
#2359 = VECTOR('',#2360,1.);
#2360 = DIRECTION('',(1.,0.,0.));
#2361 = ORIENTED_EDGE('',*,*,#2362,.T.);
#2362 = EDGE_CURVE('',#2355,#2363,#2365,.T.);
#2363 = VERTEX_POINT('',#2364);
#2364 = CARTESIAN_POINT('',(-1.65,0.6,0.15));
#2365 = LINE('',#2366,#2367);
#2366 = CARTESIAN_POINT('',(-1.65,-0.75,0.15));
#2367 = VECTOR('',#2368,1.);
#2368 = DIRECTION('',(0.,1.,0.));
#2369 = ORIENTED_EDGE('',*,*,#2370,.F.);
#2370 = EDGE_CURVE('',#2371,#2363,#2373,.T.);
#2371 = VERTEX_POINT('',#2372);
#2372 = CARTESIAN_POINT('',(-1.85,0.6,0.15));
#2373 = LINE('',#2374,#2375);
#2374 = CARTESIAN_POINT('',(-1.85,0.6,0.15));
#2375 = VECTOR('',#2376,1.);
#2376 = DIRECTION('',(1.,0.,0.));
#2377 = ORIENTED_EDGE('',*,*,#2378,.F.);
#2378 = EDGE_CURVE('',#2353,#2371,#2379,.T.);
#2379 = LINE('',#2380,#2381);
#2380 = CARTESIAN_POINT('',(-1.85,-0.75,0.15));
#2381 = VECTOR('',#2382,1.);
#2382 = DIRECTION('',(0.,1.,0.));
#2383 = PLANE('',#2384);
#2384 = AXIS2_PLACEMENT_3D('',#2385,#2386,#2387);
#2385 = CARTESIAN_POINT('',(-1.85,-0.75,0.15));
#2386 = DIRECTION('',(0.,0.,1.));
#2387 = DIRECTION('',(1.,0.,-0.));
#2388 = ADVANCED_FACE('',(#2389),#2405,.T.);
#2389 = FACE_BOUND('',#2390,.T.);
#2390 = EDGE_LOOP('',(#2391,#2392,#2398,#2399));
#2391 = ORIENTED_EDGE('',*,*,#2338,.T.);
#2392 = ORIENTED_EDGE('',*,*,#2393,.T.);
#2393 = EDGE_CURVE('',#2331,#2355,#2394,.T.);
#2394 = LINE('',#2395,#2396);
#2395 = CARTESIAN_POINT('',(-1.65,-0.75,0.));
#2396 = VECTOR('',#2397,1.);
#2397 = DIRECTION('',(0.,0.,1.));
#2398 = ORIENTED_EDGE('',*,*,#2352,.F.);
#2399 = ORIENTED_EDGE('',*,*,#2400,.F.);
#2400 = EDGE_CURVE('',#2313,#2353,#2401,.T.);
#2401 = LINE('',#2402,#2403);
#2402 = CARTESIAN_POINT('',(-1.85,-0.75,0.));
#2403 = VECTOR('',#2404,1.);
#2404 = DIRECTION('',(0.,0.,1.));
#2405 = PLANE('',#2406);
#2406 = AXIS2_PLACEMENT_3D('',#2407,#2408,#2409);
#2407 = CARTESIAN_POINT('',(-1.85,-0.75,0.));
#2408 = DIRECTION('',(0.,-1.,0.));
#2409 = DIRECTION('',(1.,0.,0.));
#2410 = ADVANCED_FACE('',(#2411),#2427,.T.);
#2411 = FACE_BOUND('',#2412,.T.);
#2412 = EDGE_LOOP('',(#2413,#2419,#2420,#2426));
#2413 = ORIENTED_EDGE('',*,*,#2414,.T.);
#2414 = EDGE_CURVE('',#2315,#2371,#2415,.T.);
#2415 = LINE('',#2416,#2417);
#2416 = CARTESIAN_POINT('',(-1.85,0.6,0.));
#2417 = VECTOR('',#2418,1.);
#2418 = DIRECTION('',(0.,0.,1.));
#2419 = ORIENTED_EDGE('',*,*,#2370,.T.);
#2420 = ORIENTED_EDGE('',*,*,#2421,.F.);
#2421 = EDGE_CURVE('',#2323,#2363,#2422,.T.);
#2422 = LINE('',#2423,#2424);
#2423 = CARTESIAN_POINT('',(-1.65,0.6,0.));
#2424 = VECTOR('',#2425,1.);
#2425 = DIRECTION('',(0.,0.,1.));
#2426 = ORIENTED_EDGE('',*,*,#2322,.F.);
#2427 = PLANE('',#2428);
#2428 = AXIS2_PLACEMENT_3D('',#2429,#2430,#2431);
#2429 = CARTESIAN_POINT('',(-1.85,0.6,0.));
#2430 = DIRECTION('',(0.,1.,0.));
#2431 = DIRECTION('',(1.,0.,0.));
#2432 = ADVANCED_FACE('',(#2433),#2439,.T.);
#2433 = FACE_BOUND('',#2434,.T.);
#2434 = EDGE_LOOP('',(#2435,#2436,#2437,#2438));
#2435 = ORIENTED_EDGE('',*,*,#2400,.T.);
#2436 = ORIENTED_EDGE('',*,*,#2378,.T.);
#2437 = ORIENTED_EDGE('',*,*,#2414,.F.);
#2438 = ORIENTED_EDGE('',*,*,#2312,.F.);
#2439 = PLANE('',#2440);
#2440 = AXIS2_PLACEMENT_3D('',#2441,#2442,#2443);
#2441 = CARTESIAN_POINT('',(-1.85,-0.75,0.));
#2442 = DIRECTION('',(-1.,0.,0.));
#2443 = DIRECTION('',(0.,1.,0.));
#2444 = ADVANCED_FACE('',(#2445),#2451,.T.);
#2445 = FACE_BOUND('',#2446,.T.);
#2446 = EDGE_LOOP('',(#2447,#2448,#2449,#2450));
#2447 = ORIENTED_EDGE('',*,*,#2330,.T.);
#2448 = ORIENTED_EDGE('',*,*,#2421,.T.);
#2449 = ORIENTED_EDGE('',*,*,#2362,.F.);
#2450 = ORIENTED_EDGE('',*,*,#2393,.F.);
#2451 = PLANE('',#2452);
#2452 = AXIS2_PLACEMENT_3D('',#2453,#2454,#2455);
#2453 = CARTESIAN_POINT('',(-1.65,-0.75,0.));
#2454 = DIRECTION('',(1.,0.,0.));
#2455 = DIRECTION('',(-0.,1.,0.));
#2456 = MANIFOLD_SOLID_BREP('',#2457);
#2457 = CLOSED_SHELL('',(#2458,#2498,#2538,#2560,#2582,#2594));
#2458 = ADVANCED_FACE('',(#2459),#2493,.T.);
#2459 = FACE_BOUND('',#2460,.T.);
#2460 = EDGE_LOOP('',(#2461,#2471,#2479,#2487));
#2461 = ORIENTED_EDGE('',*,*,#2462,.T.);
#2462 = EDGE_CURVE('',#2463,#2465,#2467,.T.);
#2463 = VERTEX_POINT('',#2464);
#2464 = CARTESIAN_POINT('',(-1.35,-0.75,0.));
#2465 = VERTEX_POINT('',#2466);
#2466 = CARTESIAN_POINT('',(-1.35,0.6,0.));
#2467 = LINE('',#2468,#2469);
#2468 = CARTESIAN_POINT('',(-1.35,-0.75,0.));
#2469 = VECTOR('',#2470,1.);
#2470 = DIRECTION('',(0.,1.,0.));
#2471 = ORIENTED_EDGE('',*,*,#2472,.T.);
#2472 = EDGE_CURVE('',#2465,#2473,#2475,.T.);
#2473 = VERTEX_POINT('',#2474);
#2474 = CARTESIAN_POINT('',(-1.15,0.6,0.));
#2475 = LINE('',#2476,#2477);
#2476 = CARTESIAN_POINT('',(-1.35,0.6,0.));
#2477 = VECTOR('',#2478,1.);
#2478 = DIRECTION('',(1.,0.,0.));
#2479 = ORIENTED_EDGE('',*,*,#2480,.F.);
#2480 = EDGE_CURVE('',#2481,#2473,#2483,.T.);
#2481 = VERTEX_POINT('',#2482);
#2482 = CARTESIAN_POINT('',(-1.15,-0.75,0.));
#2483 = LINE('',#2484,#2485);
#2484 = CARTESIAN_POINT('',(-1.15,-0.75,0.));
#2485 = VECTOR('',#2486,1.);
#2486 = DIRECTION('',(0.,1.,0.));
#2487 = ORIENTED_EDGE('',*,*,#2488,.F.);
#2488 = EDGE_CURVE('',#2463,#2481,#2489,.T.);
#2489 = LINE('',#2490,#2491);
#2490 = CARTESIAN_POINT('',(-1.35,-0.75,0.));
#2491 = VECTOR('',#2492,1.);
#2492 = DIRECTION('',(1.,0.,0.));
#2493 = PLANE('',#2494);
#2494 = AXIS2_PLACEMENT_3D('',#2495,#2496,#2497);
#2495 = CARTESIAN_POINT('',(-1.35,-0.75,0.));
#2496 = DIRECTION('',(0.,0.,-1.));
#2497 = DIRECTION('',(1.,0.,0.));
#2498 = ADVANCED_FACE('',(#2499),#2533,.T.);
#2499 = FACE_BOUND('',#2500,.T.);
#2500 = EDGE_LOOP('',(#2501,#2511,#2519,#2527));
#2501 = ORIENTED_EDGE('',*,*,#2502,.T.);
#2502 = EDGE_CURVE('',#2503,#2505,#2507,.T.);
#2503 = VERTEX_POINT('',#2504);
#2504 = CARTESIAN_POINT('',(-1.35,-0.75,0.15));
#2505 = VERTEX_POINT('',#2506);
#2506 = CARTESIAN_POINT('',(-1.15,-0.75,0.15));
#2507 = LINE('',#2508,#2509);
#2508 = CARTESIAN_POINT('',(-1.35,-0.75,0.15));
#2509 = VECTOR('',#2510,1.);
#2510 = DIRECTION('',(1.,0.,0.));
#2511 = ORIENTED_EDGE('',*,*,#2512,.T.);
#2512 = EDGE_CURVE('',#2505,#2513,#2515,.T.);
#2513 = VERTEX_POINT('',#2514);
#2514 = CARTESIAN_POINT('',(-1.15,0.6,0.15));
#2515 = LINE('',#2516,#2517);
#2516 = CARTESIAN_POINT('',(-1.15,-0.75,0.15));
#2517 = VECTOR('',#2518,1.);
#2518 = DIRECTION('',(0.,1.,0.));
#2519 = ORIENTED_EDGE('',*,*,#2520,.F.);
#2520 = EDGE_CURVE('',#2521,#2513,#2523,.T.);
#2521 = VERTEX_POINT('',#2522);
#2522 = CARTESIAN_POINT('',(-1.35,0.6,0.15));
#2523 = LINE('',#2524,#2525);
#2524 = CARTESIAN_POINT('',(-1.35,0.6,0.15));
#2525 = VECTOR('',#2526,1.);
#2526 = DIRECTION('',(1.,0.,0.));
#2527 = ORIENTED_EDGE('',*,*,#2528,.F.);
#2528 = EDGE_CURVE('',#2503,#2521,#2529,.T.);
#2529 = LINE('',#2530,#2531);
#2530 = CARTESIAN_POINT('',(-1.35,-0.75,0.15));
#2531 = VECTOR('',#2532,1.);
#2532 = DIRECTION('',(0.,1.,0.));
#2533 = PLANE('',#2534);
#2534 = AXIS2_PLACEMENT_3D('',#2535,#2536,#2537);
#2535 = CARTESIAN_POINT('',(-1.35,-0.75,0.15));
#2536 = DIRECTION('',(0.,0.,1.));
#2537 = DIRECTION('',(1.,0.,-0.));
#2538 = ADVANCED_FACE('',(#2539),#2555,.T.);
#2539 = FACE_BOUND('',#2540,.T.);
#2540 = EDGE_LOOP('',(#2541,#2542,#2548,#2549));
#2541 = ORIENTED_EDGE('',*,*,#2488,.T.);
#2542 = ORIENTED_EDGE('',*,*,#2543,.T.);
#2543 = EDGE_CURVE('',#2481,#2505,#2544,.T.);
#2544 = LINE('',#2545,#2546);
#2545 = CARTESIAN_POINT('',(-1.15,-0.75,0.));
#2546 = VECTOR('',#2547,1.);
#2547 = DIRECTION('',(0.,0.,1.));
#2548 = ORIENTED_EDGE('',*,*,#2502,.F.);
#2549 = ORIENTED_EDGE('',*,*,#2550,.F.);
#2550 = EDGE_CURVE('',#2463,#2503,#2551,.T.);
#2551 = LINE('',#2552,#2553);
#2552 = CARTESIAN_POINT('',(-1.35,-0.75,0.));
#2553 = VECTOR('',#2554,1.);
#2554 = DIRECTION('',(0.,0.,1.));
#2555 = PLANE('',#2556);
#2556 = AXIS2_PLACEMENT_3D('',#2557,#2558,#2559);
#2557 = CARTESIAN_POINT('',(-1.35,-0.75,0.));
#2558 = DIRECTION('',(0.,-1.,0.));
#2559 = DIRECTION('',(1.,0.,0.));
#2560 = ADVANCED_FACE('',(#2561),#2577,.T.);
#2561 = FACE_BOUND('',#2562,.T.);
#2562 = EDGE_LOOP('',(#2563,#2569,#2570,#2576));
#2563 = ORIENTED_EDGE('',*,*,#2564,.T.);
#2564 = EDGE_CURVE('',#2465,#2521,#2565,.T.);
#2565 = LINE('',#2566,#2567);
#2566 = CARTESIAN_POINT('',(-1.35,0.6,0.));
#2567 = VECTOR('',#2568,1.);
#2568 = DIRECTION('',(0.,0.,1.));
#2569 = ORIENTED_EDGE('',*,*,#2520,.T.);
#2570 = ORIENTED_EDGE('',*,*,#2571,.F.);
#2571 = EDGE_CURVE('',#2473,#2513,#2572,.T.);
#2572 = LINE('',#2573,#2574);
#2573 = CARTESIAN_POINT('',(-1.15,0.6,0.));
#2574 = VECTOR('',#2575,1.);
#2575 = DIRECTION('',(0.,0.,1.));
#2576 = ORIENTED_EDGE('',*,*,#2472,.F.);
#2577 = PLANE('',#2578);
#2578 = AXIS2_PLACEMENT_3D('',#2579,#2580,#2581);
#2579 = CARTESIAN_POINT('',(-1.35,0.6,0.));
#2580 = DIRECTION('',(0.,1.,0.));
#2581 = DIRECTION('',(1.,0.,0.));
#2582 = ADVANCED_FACE('',(#2583),#2589,.T.);
#2583 = FACE_BOUND('',#2584,.T.);
#2584 = EDGE_LOOP('',(#2585,#2586,#2587,#2588));
#2585 = ORIENTED_EDGE('',*,*,#2550,.T.);
#2586 = ORIENTED_EDGE('',*,*,#2528,.T.);
#2587 = ORIENTED_EDGE('',*,*,#2564,.F.);
#2588 = ORIENTED_EDGE('',*,*,#2462,.F.);
#2589 = PLANE('',#2590);
#2590 = AXIS2_PLACEMENT_3D('',#2591,#2592,#2593);
#2591 = CARTESIAN_POINT('',(-1.35,-0.75,0.));
#2592 = DIRECTION('',(-1.,0.,0.));
#2593 = DIRECTION('',(0.,1.,0.));
#2594 = ADVANCED_FACE('',(#2595),#2601,.T.);
#2595 = FACE_BOUND('',#2596,.T.);
#2596 = EDGE_LOOP('',(#2597,#2598,#2599,#2600));
#2597 = ORIENTED_EDGE('',*,*,#2480,.T.);
#2598 = ORIENTED_EDGE('',*,*,#2571,.T.);
#2599 = ORIENTED_EDGE('',*,*,#2512,.F.);
#2600 = ORIENTED_EDGE('',*,*,#2543,.F.);
#2601 = PLANE('',#2602);
#2602 = AXIS2_PLACEMENT_3D('',#2603,#2604,#2605);
#2603 = CARTESIAN_POINT('',(-1.15,-0.75,0.));
#2604 = DIRECTION('',(1.,0.,0.));
#2605 = DIRECTION('',(-0.,1.,0.));
#2606 = MANIFOLD_SOLID_BREP('',#2607);
#2607 = CLOSED_SHELL('',(#2608,#2648,#2688,#2710,#2732,#2744));
#2608 = ADVANCED_FACE('',(#2609),#2643,.T.);
#2609 = FACE_BOUND('',#2610,.T.);
#2610 = EDGE_LOOP('',(#2611,#2621,#2629,#2637));
#2611 = ORIENTED_EDGE('',*,*,#2612,.T.);
#2612 = EDGE_CURVE('',#2613,#2615,#2617,.T.);
#2613 = VERTEX_POINT('',#2614);
#2614 = CARTESIAN_POINT('',(-0.85,-0.75,0.));
#2615 = VERTEX_POINT('',#2616);
#2616 = CARTESIAN_POINT('',(-0.85,0.6,0.));
#2617 = LINE('',#2618,#2619);
#2618 = CARTESIAN_POINT('',(-0.85,-0.75,0.));
#2619 = VECTOR('',#2620,1.);
#2620 = DIRECTION('',(0.,1.,0.));
#2621 = ORIENTED_EDGE('',*,*,#2622,.T.);
#2622 = EDGE_CURVE('',#2615,#2623,#2625,.T.);
#2623 = VERTEX_POINT('',#2624);
#2624 = CARTESIAN_POINT('',(-0.65,0.6,0.));
#2625 = LINE('',#2626,#2627);
#2626 = CARTESIAN_POINT('',(-0.85,0.6,0.));
#2627 = VECTOR('',#2628,1.);
#2628 = DIRECTION('',(1.,0.,0.));
#2629 = ORIENTED_EDGE('',*,*,#2630,.F.);
#2630 = EDGE_CURVE('',#2631,#2623,#2633,.T.);
#2631 = VERTEX_POINT('',#2632);
#2632 = CARTESIAN_POINT('',(-0.65,-0.75,0.));
#2633 = LINE('',#2634,#2635);
#2634 = CARTESIAN_POINT('',(-0.65,-0.75,0.));
#2635 = VECTOR('',#2636,1.);
#2636 = DIRECTION('',(0.,1.,0.));
#2637 = ORIENTED_EDGE('',*,*,#2638,.F.);
#2638 = EDGE_CURVE('',#2613,#2631,#2639,.T.);
#2639 = LINE('',#2640,#2641);
#2640 = CARTESIAN_POINT('',(-0.85,-0.75,0.));
#2641 = VECTOR('',#2642,1.);
#2642 = DIRECTION('',(1.,0.,0.));
#2643 = PLANE('',#2644);
#2644 = AXIS2_PLACEMENT_3D('',#2645,#2646,#2647);
#2645 = CARTESIAN_POINT('',(-0.85,-0.75,0.));
#2646 = DIRECTION('',(0.,0.,-1.));
#2647 = DIRECTION('',(1.,0.,0.));
#2648 = ADVANCED_FACE('',(#2649),#2683,.T.);
#2649 = FACE_BOUND('',#2650,.T.);
#2650 = EDGE_LOOP('',(#2651,#2661,#2669,#2677));
#2651 = ORIENTED_EDGE('',*,*,#2652,.T.);
#2652 = EDGE_CURVE('',#2653,#2655,#2657,.T.);
#2653 = VERTEX_POINT('',#2654);
#2654 = CARTESIAN_POINT('',(-0.85,-0.75,0.15));
#2655 = VERTEX_POINT('',#2656);
#2656 = CARTESIAN_POINT('',(-0.65,-0.75,0.15));
#2657 = LINE('',#2658,#2659);
#2658 = CARTESIAN_POINT('',(-0.85,-0.75,0.15));
#2659 = VECTOR('',#2660,1.);
#2660 = DIRECTION('',(1.,0.,0.));
#2661 = ORIENTED_EDGE('',*,*,#2662,.T.);
#2662 = EDGE_CURVE('',#2655,#2663,#2665,.T.);
#2663 = VERTEX_POINT('',#2664);
#2664 = CARTESIAN_POINT('',(-0.65,0.6,0.15));
#2665 = LINE('',#2666,#2667);
#2666 = CARTESIAN_POINT('',(-0.65,-0.75,0.15));
#2667 = VECTOR('',#2668,1.);
#2668 = DIRECTION('',(0.,1.,0.));
#2669 = ORIENTED_EDGE('',*,*,#2670,.F.);
#2670 = EDGE_CURVE('',#2671,#2663,#2673,.T.);
#2671 = VERTEX_POINT('',#2672);
#2672 = CARTESIAN_POINT('',(-0.85,0.6,0.15));
#2673 = LINE('',#2674,#2675);
#2674 = CARTESIAN_POINT('',(-0.85,0.6,0.15));
#2675 = VECTOR('',#2676,1.);
#2676 = DIRECTION('',(1.,0.,0.));
#2677 = ORIENTED_EDGE('',*,*,#2678,.F.);
#2678 = EDGE_CURVE('',#2653,#2671,#2679,.T.);
#2679 = LINE('',#2680,#2681);
#2680 = CARTESIAN_POINT('',(-0.85,-0.75,0.15));
#2681 = VECTOR('',#2682,1.);
#2682 = DIRECTION('',(0.,1.,0.));
#2683 = PLANE('',#2684);
#2684 = AXIS2_PLACEMENT_3D('',#2685,#2686,#2687);
#2685 = CARTESIAN_POINT('',(-0.85,-0.75,0.15));
#2686 = DIRECTION('',(0.,0.,1.));
#2687 = DIRECTION('',(1.,0.,-0.));
#2688 = ADVANCED_FACE('',(#2689),#2705,.T.);
#2689 = FACE_BOUND('',#2690,.T.);
#2690 = EDGE_LOOP('',(#2691,#2692,#2698,#2699));
#2691 = ORIENTED_EDGE('',*,*,#2638,.T.);
#2692 = ORIENTED_EDGE('',*,*,#2693,.T.);
#2693 = EDGE_CURVE('',#2631,#2655,#2694,.T.);
#2694 = LINE('',#2695,#2696);
#2695 = CARTESIAN_POINT('',(-0.65,-0.75,0.));
#2696 = VECTOR('',#2697,1.);
#2697 = DIRECTION('',(0.,0.,1.));
#2698 = ORIENTED_EDGE('',*,*,#2652,.F.);
#2699 = ORIENTED_EDGE('',*,*,#2700,.F.);
#2700 = EDGE_CURVE('',#2613,#2653,#2701,.T.);
#2701 = LINE('',#2702,#2703);
#2702 = CARTESIAN_POINT('',(-0.85,-0.75,0.));
#2703 = VECTOR('',#2704,1.);
#2704 = DIRECTION('',(0.,0.,1.));
#2705 = PLANE('',#2706);
#2706 = AXIS2_PLACEMENT_3D('',#2707,#2708,#2709);
#2707 = CARTESIAN_POINT('',(-0.85,-0.75,0.));
#2708 = DIRECTION('',(0.,-1.,0.));
#2709 = DIRECTION('',(1.,0.,0.));
#2710 = ADVANCED_FACE('',(#2711),#2727,.T.);
#2711 = FACE_BOUND('',#2712,.T.);
#2712 = EDGE_LOOP('',(#2713,#2719,#2720,#2726));
#2713 = ORIENTED_EDGE('',*,*,#2714,.T.);
#2714 = EDGE_CURVE('',#2615,#2671,#2715,.T.);
#2715 = LINE('',#2716,#2717);
#2716 = CARTESIAN_POINT('',(-0.85,0.6,0.));
#2717 = VECTOR('',#2718,1.);
#2718 = DIRECTION('',(0.,0.,1.));
#2719 = ORIENTED_EDGE('',*,*,#2670,.T.);
#2720 = ORIENTED_EDGE('',*,*,#2721,.F.);
#2721 = EDGE_CURVE('',#2623,#2663,#2722,.T.);
#2722 = LINE('',#2723,#2724);
#2723 = CARTESIAN_POINT('',(-0.65,0.6,0.));
#2724 = VECTOR('',#2725,1.);
#2725 = DIRECTION('',(0.,0.,1.));
#2726 = ORIENTED_EDGE('',*,*,#2622,.F.);
#2727 = PLANE('',#2728);
#2728 = AXIS2_PLACEMENT_3D('',#2729,#2730,#2731);
#2729 = CARTESIAN_POINT('',(-0.85,0.6,0.));
#2730 = DIRECTION('',(0.,1.,0.));
#2731 = DIRECTION('',(1.,0.,0.));
#2732 = ADVANCED_FACE('',(#2733),#2739,.T.);
#2733 = FACE_BOUND('',#2734,.T.);
#2734 = EDGE_LOOP('',(#2735,#2736,#2737,#2738));
#2735 = ORIENTED_EDGE('',*,*,#2700,.T.);
#2736 = ORIENTED_EDGE('',*,*,#2678,.T.);
#2737 = ORIENTED_EDGE('',*,*,#2714,.F.);
#2738 = ORIENTED_EDGE('',*,*,#2612,.F.);
#2739 = PLANE('',#2740);
#2740 = AXIS2_PLACEMENT_3D('',#2741,#2742,#2743);
#2741 = CARTESIAN_POINT('',(-0.85,-0.75,0.));
#2742 = DIRECTION('',(-1.,0.,0.));
#2743 = DIRECTION('',(0.,1.,0.));
#2744 = ADVANCED_FACE('',(#2745),#2751,.T.);
#2745 = FACE_BOUND('',#2746,.T.);
#2746 = EDGE_LOOP('',(#2747,#2748,#2749,#2750));
#2747 = ORIENTED_EDGE('',*,*,#2630,.T.);
#2748 = ORIENTED_EDGE('',*,*,#2721,.T.);
#2749 = ORIENTED_EDGE('',*,*,#2662,.F.);
#2750 = ORIENTED_EDGE('',*,*,#2693,.F.);
#2751 = PLANE('',#2752);
#2752 = AXIS2_PLACEMENT_3D('',#2753,#2754,#2755);
#2753 = CARTESIAN_POINT('',(-0.65,-0.75,0.));
#2754 = DIRECTION('',(1.,0.,0.));
#2755 = DIRECTION('',(-0.,1.,0.));
#2756 = MANIFOLD_SOLID_BREP('',#2757);
#2757 = CLOSED_SHELL('',(#2758,#2798,#2838,#2860,#2882,#2894));
#2758 = ADVANCED_FACE('',(#2759),#2793,.T.);
#2759 = FACE_BOUND('',#2760,.T.);
#2760 = EDGE_LOOP('',(#2761,#2771,#2779,#2787));
#2761 = ORIENTED_EDGE('',*,*,#2762,.T.);
#2762 = EDGE_CURVE('',#2763,#2765,#2767,.T.);
#2763 = VERTEX_POINT('',#2764);
#2764 = CARTESIAN_POINT('',(-0.35,-0.75,0.));
#2765 = VERTEX_POINT('',#2766);
#2766 = CARTESIAN_POINT('',(-0.35,0.6,0.));
#2767 = LINE('',#2768,#2769);
#2768 = CARTESIAN_POINT('',(-0.35,-0.75,0.));
#2769 = VECTOR('',#2770,1.);
#2770 = DIRECTION('',(0.,1.,0.));
#2771 = ORIENTED_EDGE('',*,*,#2772,.T.);
#2772 = EDGE_CURVE('',#2765,#2773,#2775,.T.);
#2773 = VERTEX_POINT('',#2774);
#2774 = CARTESIAN_POINT('',(-0.15,0.6,0.));
#2775 = LINE('',#2776,#2777);
#2776 = CARTESIAN_POINT('',(-0.35,0.6,0.));
#2777 = VECTOR('',#2778,1.);
#2778 = DIRECTION('',(1.,0.,0.));
#2779 = ORIENTED_EDGE('',*,*,#2780,.F.);
#2780 = EDGE_CURVE('',#2781,#2773,#2783,.T.);
#2781 = VERTEX_POINT('',#2782);
#2782 = CARTESIAN_POINT('',(-0.15,-0.75,0.));
#2783 = LINE('',#2784,#2785);
#2784 = CARTESIAN_POINT('',(-0.15,-0.75,0.));
#2785 = VECTOR('',#2786,1.);
#2786 = DIRECTION('',(0.,1.,0.));
#2787 = ORIENTED_EDGE('',*,*,#2788,.F.);
#2788 = EDGE_CURVE('',#2763,#2781,#2789,.T.);
#2789 = LINE('',#2790,#2791);
#2790 = CARTESIAN_POINT('',(-0.35,-0.75,0.));
#2791 = VECTOR('',#2792,1.);
#2792 = DIRECTION('',(1.,0.,0.));
#2793 = PLANE('',#2794);
#2794 = AXIS2_PLACEMENT_3D('',#2795,#2796,#2797);
#2795 = CARTESIAN_POINT('',(-0.35,-0.75,0.));
#2796 = DIRECTION('',(0.,0.,-1.));
#2797 = DIRECTION('',(1.,0.,0.));
#2798 = ADVANCED_FACE('',(#2799),#2833,.T.);
#2799 = FACE_BOUND('',#2800,.T.);
#2800 = EDGE_LOOP('',(#2801,#2811,#2819,#2827));
#2801 = ORIENTED_EDGE('',*,*,#2802,.T.);
#2802 = EDGE_CURVE('',#2803,#2805,#2807,.T.);
#2803 = VERTEX_POINT('',#2804);
#2804 = CARTESIAN_POINT('',(-0.35,-0.75,0.15));
#2805 = VERTEX_POINT('',#2806);
#2806 = CARTESIAN_POINT('',(-0.15,-0.75,0.15));
#2807 = LINE('',#2808,#2809);
#2808 = CARTESIAN_POINT('',(-0.35,-0.75,0.15));
#2809 = VECTOR('',#2810,1.);
#2810 = DIRECTION('',(1.,0.,0.));
#2811 = ORIENTED_EDGE('',*,*,#2812,.T.);
#2812 = EDGE_CURVE('',#2805,#2813,#2815,.T.);
#2813 = VERTEX_POINT('',#2814);
#2814 = CARTESIAN_POINT('',(-0.15,0.6,0.15));
#2815 = LINE('',#2816,#2817);
#2816 = CARTESIAN_POINT('',(-0.15,-0.75,0.15));
#2817 = VECTOR('',#2818,1.);
#2818 = DIRECTION('',(0.,1.,0.));
#2819 = ORIENTED_EDGE('',*,*,#2820,.F.);
#2820 = EDGE_CURVE('',#2821,#2813,#2823,.T.);
#2821 = VERTEX_POINT('',#2822);
#2822 = CARTESIAN_POINT('',(-0.35,0.6,0.15));
#2823 = LINE('',#2824,#2825);
#2824 = CARTESIAN_POINT('',(-0.35,0.6,0.15));
#2825 = VECTOR('',#2826,1.);
#2826 = DIRECTION('',(1.,0.,0.));
#2827 = ORIENTED_EDGE('',*,*,#2828,.F.);
#2828 = EDGE_CURVE('',#2803,#2821,#2829,.T.);
#2829 = LINE('',#2830,#2831);
#2830 = CARTESIAN_POINT('',(-0.35,-0.75,0.15));
#2831 = VECTOR('',#2832,1.);
#2832 = DIRECTION('',(0.,1.,0.));
#2833 = PLANE('',#2834);
#2834 = AXIS2_PLACEMENT_3D('',#2835,#2836,#2837);
#2835 = CARTESIAN_POINT('',(-0.35,-0.75,0.15));
#2836 = DIRECTION('',(0.,0.,1.));
#2837 = DIRECTION('',(1.,0.,-0.));
#2838 = ADVANCED_FACE('',(#2839),#2855,.T.);
#2839 = FACE_BOUND('',#2840,.T.);
#2840 = EDGE_LOOP('',(#2841,#2842,#2848,#2849));
#2841 = ORIENTED_EDGE('',*,*,#2788,.T.);
#2842 = ORIENTED_EDGE('',*,*,#2843,.T.);
#2843 = EDGE_CURVE('',#2781,#2805,#2844,.T.);
#2844 = LINE('',#2845,#2846);
#2845 = CARTESIAN_POINT('',(-0.15,-0.75,0.));
#2846 = VECTOR('',#2847,1.);
#2847 = DIRECTION('',(0.,0.,1.));
#2848 = ORIENTED_EDGE('',*,*,#2802,.F.);
#2849 = ORIENTED_EDGE('',*,*,#2850,.F.);
#2850 = EDGE_CURVE('',#2763,#2803,#2851,.T.);
#2851 = LINE('',#2852,#2853);
#2852 = CARTESIAN_POINT('',(-0.35,-0.75,0.));
#2853 = VECTOR('',#2854,1.);
#2854 = DIRECTION('',(0.,0.,1.));
#2855 = PLANE('',#2856);
#2856 = AXIS2_PLACEMENT_3D('',#2857,#2858,#2859);
#2857 = CARTESIAN_POINT('',(-0.35,-0.75,0.));
#2858 = DIRECTION('',(0.,-1.,0.));
#2859 = DIRECTION('',(1.,0.,0.));
#2860 = ADVANCED_FACE('',(#2861),#2877,.T.);
#2861 = FACE_BOUND('',#2862,.T.);
#2862 = EDGE_LOOP('',(#2863,#2869,#2870,#2876));
#2863 = ORIENTED_EDGE('',*,*,#2864,.T.);
#2864 = EDGE_CURVE('',#2765,#2821,#2865,.T.);
#2865 = LINE('',#2866,#2867);
#2866 = CARTESIAN_POINT('',(-0.35,0.6,0.));
#2867 = VECTOR('',#2868,1.);
#2868 = DIRECTION('',(0.,0.,1.));
#2869 = ORIENTED_EDGE('',*,*,#2820,.T.);
#2870 = ORIENTED_EDGE('',*,*,#2871,.F.);
#2871 = EDGE_CURVE('',#2773,#2813,#2872,.T.);
#2872 = LINE('',#2873,#2874);
#2873 = CARTESIAN_POINT('',(-0.15,0.6,0.));
#2874 = VECTOR('',#2875,1.);
#2875 = DIRECTION('',(0.,0.,1.));
#2876 = ORIENTED_EDGE('',*,*,#2772,.F.);
#2877 = PLANE('',#2878);
#2878 = AXIS2_PLACEMENT_3D('',#2879,#2880,#2881);
#2879 = CARTESIAN_POINT('',(-0.35,0.6,0.));
#2880 = DIRECTION('',(0.,1.,0.));
#2881 = DIRECTION('',(1.,0.,0.));
#2882 = ADVANCED_FACE('',(#2883),#2889,.T.);
#2883 = FACE_BOUND('',#2884,.T.);
#2884 = EDGE_LOOP('',(#2885,#2886,#2887,#2888));
#2885 = ORIENTED_EDGE('',*,*,#2850,.T.);
#2886 = ORIENTED_EDGE('',*,*,#2828,.T.);
#2887 = ORIENTED_EDGE('',*,*,#2864,.F.);
#2888 = ORIENTED_EDGE('',*,*,#2762,.F.);
#2889 = PLANE('',#2890);
#2890 = AXIS2_PLACEMENT_3D('',#2891,#2892,#2893);
#2891 = CARTESIAN_POINT('',(-0.35,-0.75,0.));
#2892 = DIRECTION('',(-1.,0.,0.));
#2893 = DIRECTION('',(0.,1.,0.));
#2894 = ADVANCED_FACE('',(#2895),#2901,.T.);
#2895 = FACE_BOUND('',#2896,.T.);
#2896 = EDGE_LOOP('',(#2897,#2898,#2899,#2900));
#2897 = ORIENTED_EDGE('',*,*,#2780,.T.);
#2898 = ORIENTED_EDGE('',*,*,#2871,.T.);
#2899 = ORIENTED_EDGE('',*,*,#2812,.F.);
#2900 = ORIENTED_EDGE('',*,*,#2843,.F.);
#2901 = PLANE('',#2902);
#2902 = AXIS2_PLACEMENT_3D('',#2903,#2904,#2905);
#2903 = CARTESIAN_POINT('',(-0.15,-0.75,0.));
#2904 = DIRECTION('',(1.,0.,0.));
#2905 = DIRECTION('',(-0.,1.,0.));
#2906 = MANIFOLD_SOLID_BREP('',#2907);
#2907 = CLOSED_SHELL('',(#2908,#2948,#2988,#3010,#3032,#3044));
#2908 = ADVANCED_FACE('',(#2909),#2943,.T.);
#2909 = FACE_BOUND('',#2910,.T.);
#2910 = EDGE_LOOP('',(#2911,#2921,#2929,#2937));
#2911 = ORIENTED_EDGE('',*,*,#2912,.T.);
#2912 = EDGE_CURVE('',#2913,#2915,#2917,.T.);
#2913 = VERTEX_POINT('',#2914);
#2914 = CARTESIAN_POINT('',(0.15,-0.75,0.));
#2915 = VERTEX_POINT('',#2916);
#2916 = CARTESIAN_POINT('',(0.15,0.6,0.));
#2917 = LINE('',#2918,#2919);
#2918 = CARTESIAN_POINT('',(0.15,-0.75,0.));
#2919 = VECTOR('',#2920,1.);
#2920 = DIRECTION('',(0.,1.,0.));
#2921 = ORIENTED_EDGE('',*,*,#2922,.T.);
#2922 = EDGE_CURVE('',#2915,#2923,#2925,.T.);
#2923 = VERTEX_POINT('',#2924);
#2924 = CARTESIAN_POINT('',(0.35,0.6,0.));
#2925 = LINE('',#2926,#2927);
#2926 = CARTESIAN_POINT('',(0.15,0.6,0.));
#2927 = VECTOR('',#2928,1.);
#2928 = DIRECTION('',(1.,0.,0.));
#2929 = ORIENTED_EDGE('',*,*,#2930,.F.);
#2930 = EDGE_CURVE('',#2931,#2923,#2933,.T.);
#2931 = VERTEX_POINT('',#2932);
#2932 = CARTESIAN_POINT('',(0.35,-0.75,0.));
#2933 = LINE('',#2934,#2935);
#2934 = CARTESIAN_POINT('',(0.35,-0.75,0.));
#2935 = VECTOR('',#2936,1.);
#2936 = DIRECTION('',(0.,1.,0.));
#2937 = ORIENTED_EDGE('',*,*,#2938,.F.);
#2938 = EDGE_CURVE('',#2913,#2931,#2939,.T.);
#2939 = LINE('',#2940,#2941);
#2940 = CARTESIAN_POINT('',(0.15,-0.75,0.));
#2941 = VECTOR('',#2942,1.);
#2942 = DIRECTION('',(1.,0.,0.));
#2943 = PLANE('',#2944);
#2944 = AXIS2_PLACEMENT_3D('',#2945,#2946,#2947);
#2945 = CARTESIAN_POINT('',(0.15,-0.75,0.));
#2946 = DIRECTION('',(0.,0.,-1.));
#2947 = DIRECTION('',(1.,0.,0.));
#2948 = ADVANCED_FACE('',(#2949),#2983,.T.);
#2949 = FACE_BOUND('',#2950,.T.);
#2950 = EDGE_LOOP('',(#2951,#2961,#2969,#2977));
#2951 = ORIENTED_EDGE('',*,*,#2952,.T.);
#2952 = EDGE_CURVE('',#2953,#2955,#2957,.T.);
#2953 = VERTEX_POINT('',#2954);
#2954 = CARTESIAN_POINT('',(0.15,-0.75,0.15));
#2955 = VERTEX_POINT('',#2956);
#2956 = CARTESIAN_POINT('',(0.35,-0.75,0.15));
#2957 = LINE('',#2958,#2959);
#2958 = CARTESIAN_POINT('',(0.15,-0.75,0.15));
#2959 = VECTOR('',#2960,1.);
#2960 = DIRECTION('',(1.,0.,0.));
#2961 = ORIENTED_EDGE('',*,*,#2962,.T.);
#2962 = EDGE_CURVE('',#2955,#2963,#2965,.T.);
#2963 = VERTEX_POINT('',#2964);
#2964 = CARTESIAN_POINT('',(0.35,0.6,0.15));
#2965 = LINE('',#2966,#2967);
#2966 = CARTESIAN_POINT('',(0.35,-0.75,0.15));
#2967 = VECTOR('',#2968,1.);
#2968 = DIRECTION('',(0.,1.,0.));
#2969 = ORIENTED_EDGE('',*,*,#2970,.F.);
#2970 = EDGE_CURVE('',#2971,#2963,#2973,.T.);
#2971 = VERTEX_POINT('',#2972);
#2972 = CARTESIAN_POINT('',(0.15,0.6,0.15));
#2973 = LINE('',#2974,#2975);
#2974 = CARTESIAN_POINT('',(0.15,0.6,0.15));
#2975 = VECTOR('',#2976,1.);
#2976 = DIRECTION('',(1.,0.,0.));
#2977 = ORIENTED_EDGE('',*,*,#2978,.F.);
#2978 = EDGE_CURVE('',#2953,#2971,#2979,.T.);
#2979 = LINE('',#2980,#2981);
#2980 = CARTESIAN_POINT('',(0.15,-0.75,0.15));
#2981 = VECTOR('',#2982,1.);
#2982 = DIRECTION('',(0.,1.,0.));
#2983 = PLANE('',#2984);
#2984 = AXIS2_PLACEMENT_3D('',#2985,#2986,#2987);
#2985 = CARTESIAN_POINT('',(0.15,-0.75,0.15));
#2986 = DIRECTION('',(0.,0.,1.));
#2987 = DIRECTION('',(1.,0.,-0.));
#2988 = ADVANCED_FACE('',(#2989),#3005,.T.);
#2989 = FACE_BOUND('',#2990,.T.);
#2990 = EDGE_LOOP('',(#2991,#2992,#2998,#2999));
#2991 = ORIENTED_EDGE('',*,*,#2938,.T.);
#2992 = ORIENTED_EDGE('',*,*,#2993,.T.);
#2993 = EDGE_CURVE('',#2931,#2955,#2994,.T.);
#2994 = LINE('',#2995,#2996);
#2995 = CARTESIAN_POINT('',(0.35,-0.75,0.));
#2996 = VECTOR('',#2997,1.);
#2997 = DIRECTION('',(0.,0.,1.));
#2998 = ORIENTED_EDGE('',*,*,#2952,.F.);
#2999 = ORIENTED_EDGE('',*,*,#3000,.F.);
#3000 = EDGE_CURVE('',#2913,#2953,#3001,.T.);
#3001 = LINE('',#3002,#3003);
#3002 = CARTESIAN_POINT('',(0.15,-0.75,0.));
#3003 = VECTOR('',#3004,1.);
#3004 = DIRECTION('',(0.,0.,1.));
#3005 = PLANE('',#3006);
#3006 = AXIS2_PLACEMENT_3D('',#3007,#3008,#3009);
#3007 = CARTESIAN_POINT('',(0.15,-0.75,0.));
#3008 = DIRECTION('',(0.,-1.,0.));
#3009 = DIRECTION('',(1.,0.,0.));
#3010 = ADVANCED_FACE('',(#3011),#3027,.T.);
#3011 = FACE_BOUND('',#3012,.T.);
#3012 = EDGE_LOOP('',(#3013,#3019,#3020,#3026));
#3013 = ORIENTED_EDGE('',*,*,#3014,.T.);
#3014 = EDGE_CURVE('',#2915,#2971,#3015,.T.);
#3015 = LINE('',#3016,#3017);
#3016 = CARTESIAN_POINT('',(0.15,0.6,0.));
#3017 = VECTOR('',#3018,1.);
#3018 = DIRECTION('',(0.,0.,1.));
#3019 = ORIENTED_EDGE('',*,*,#2970,.T.);
#3020 = ORIENTED_EDGE('',*,*,#3021,.F.);
#3021 = EDGE_CURVE('',#2923,#2963,#3022,.T.);
#3022 = LINE('',#3023,#3024);
#3023 = CARTESIAN_POINT('',(0.35,0.6,0.));
#3024 = VECTOR('',#3025,1.);
#3025 = DIRECTION('',(0.,0.,1.));
#3026 = ORIENTED_EDGE('',*,*,#2922,.F.);
#3027 = PLANE('',#3028);
#3028 = AXIS2_PLACEMENT_3D('',#3029,#3030,#3031);
#3029 = CARTESIAN_POINT('',(0.15,0.6,0.));
#3030 = DIRECTION('',(0.,1.,0.));
#3031 = DIRECTION('',(1.,0.,0.));
#3032 = ADVANCED_FACE('',(#3033),#3039,.T.);
#3033 = FACE_BOUND('',#3034,.T.);
#3034 = EDGE_LOOP('',(#3035,#3036,#3037,#3038));
#3035 = ORIENTED_EDGE('',*,*,#3000,.T.);
#3036 = ORIENTED_EDGE('',*,*,#2978,.T.);
#3037 = ORIENTED_EDGE('',*,*,#3014,.F.);
#3038 = ORIENTED_EDGE('',*,*,#2912,.F.);
#3039 = PLANE('',#3040);
#3040 = AXIS2_PLACEMENT_3D('',#3041,#3042,#3043);
#3041 = CARTESIAN_POINT('',(0.15,-0.75,0.));
#3042 = DIRECTION('',(-1.,0.,0.));
#3043 = DIRECTION('',(0.,1.,0.));
#3044 = ADVANCED_FACE('',(#3045),#3051,.T.);
#3045 = FACE_BOUND('',#3046,.T.);
#3046 = EDGE_LOOP('',(#3047,#3048,#3049,#3050));
#3047 = ORIENTED_EDGE('',*,*,#2930,.T.);
#3048 = ORIENTED_EDGE('',*,*,#3021,.T.);
#3049 = ORIENTED_EDGE('',*,*,#2962,.F.);
#3050 = ORIENTED_EDGE('',*,*,#2993,.F.);
#3051 = PLANE('',#3052);
#3052 = AXIS2_PLACEMENT_3D('',#3053,#3054,#3055);
#3053 = CARTESIAN_POINT('',(0.35,-0.75,0.));
#3054 = DIRECTION('',(1.,0.,0.));
#3055 = DIRECTION('',(-0.,1.,0.));
#3056 = MANIFOLD_SOLID_BREP('',#3057);
#3057 = CLOSED_SHELL('',(#3058,#3098,#3138,#3160,#3182,#3194));
#3058 = ADVANCED_FACE('',(#3059),#3093,.T.);
#3059 = FACE_BOUND('',#3060,.T.);
#3060 = EDGE_LOOP('',(#3061,#3071,#3079,#3087));
#3061 = ORIENTED_EDGE('',*,*,#3062,.T.);
#3062 = EDGE_CURVE('',#3063,#3065,#3067,.T.);
#3063 = VERTEX_POINT('',#3064);
#3064 = CARTESIAN_POINT('',(0.65,-0.75,0.));
#3065 = VERTEX_POINT('',#3066);
#3066 = CARTESIAN_POINT('',(0.65,0.6,0.));
#3067 = LINE('',#3068,#3069);
#3068 = CARTESIAN_POINT('',(0.65,-0.75,0.));
#3069 = VECTOR('',#3070,1.);
#3070 = DIRECTION('',(0.,1.,0.));
#3071 = ORIENTED_EDGE('',*,*,#3072,.T.);
#3072 = EDGE_CURVE('',#3065,#3073,#3075,.T.);
#3073 = VERTEX_POINT('',#3074);
#3074 = CARTESIAN_POINT('',(0.85,0.6,0.));
#3075 = LINE('',#3076,#3077);
#3076 = CARTESIAN_POINT('',(0.65,0.6,0.));
#3077 = VECTOR('',#3078,1.);
#3078 = DIRECTION('',(1.,0.,0.));
#3079 = ORIENTED_EDGE('',*,*,#3080,.F.);
#3080 = EDGE_CURVE('',#3081,#3073,#3083,.T.);
#3081 = VERTEX_POINT('',#3082);
#3082 = CARTESIAN_POINT('',(0.85,-0.75,0.));
#3083 = LINE('',#3084,#3085);
#3084 = CARTESIAN_POINT('',(0.85,-0.75,0.));
#3085 = VECTOR('',#3086,1.);
#3086 = DIRECTION('',(0.,1.,0.));
#3087 = ORIENTED_EDGE('',*,*,#3088,.F.);
#3088 = EDGE_CURVE('',#3063,#3081,#3089,.T.);
#3089 = LINE('',#3090,#3091);
#3090 = CARTESIAN_POINT('',(0.65,-0.75,0.));
#3091 = VECTOR('',#3092,1.);
#3092 = DIRECTION('',(1.,0.,0.));
#3093 = PLANE('',#3094);
#3094 = AXIS2_PLACEMENT_3D('',#3095,#3096,#3097);
#3095 = CARTESIAN_POINT('',(0.65,-0.75,0.));
#3096 = DIRECTION('',(0.,0.,-1.));
#3097 = DIRECTION('',(1.,0.,0.));
#3098 = ADVANCED_FACE('',(#3099),#3133,.T.);
#3099 = FACE_BOUND('',#3100,.T.);
#3100 = EDGE_LOOP('',(#3101,#3111,#3119,#3127));
#3101 = ORIENTED_EDGE('',*,*,#3102,.T.);
#3102 = EDGE_CURVE('',#3103,#3105,#3107,.T.);
#3103 = VERTEX_POINT('',#3104);
#3104 = CARTESIAN_POINT('',(0.65,-0.75,0.15));
#3105 = VERTEX_POINT('',#3106);
#3106 = CARTESIAN_POINT('',(0.85,-0.75,0.15));
#3107 = LINE('',#3108,#3109);
#3108 = CARTESIAN_POINT('',(0.65,-0.75,0.15));
#3109 = VECTOR('',#3110,1.);
#3110 = DIRECTION('',(1.,0.,0.));
#3111 = ORIENTED_EDGE('',*,*,#3112,.T.);
#3112 = EDGE_CURVE('',#3105,#3113,#3115,.T.);
#3113 = VERTEX_POINT('',#3114);
#3114 = CARTESIAN_POINT('',(0.85,0.6,0.15));
#3115 = LINE('',#3116,#3117);
#3116 = CARTESIAN_POINT('',(0.85,-0.75,0.15));
#3117 = VECTOR('',#3118,1.);
#3118 = DIRECTION('',(0.,1.,0.));
#3119 = ORIENTED_EDGE('',*,*,#3120,.F.);
#3120 = EDGE_CURVE('',#3121,#3113,#3123,.T.);
#3121 = VERTEX_POINT('',#3122);
#3122 = CARTESIAN_POINT('',(0.65,0.6,0.15));
#3123 = LINE('',#3124,#3125);
#3124 = CARTESIAN_POINT('',(0.65,0.6,0.15));
#3125 = VECTOR('',#3126,1.);
#3126 = DIRECTION('',(1.,0.,0.));
#3127 = ORIENTED_EDGE('',*,*,#3128,.F.);
#3128 = EDGE_CURVE('',#3103,#3121,#3129,.T.);
#3129 = LINE('',#3130,#3131);
#3130 = CARTESIAN_POINT('',(0.65,-0.75,0.15));
#3131 = VECTOR('',#3132,1.);
#3132 = DIRECTION('',(0.,1.,0.));
#3133 = PLANE('',#3134);
#3134 = AXIS2_PLACEMENT_3D('',#3135,#3136,#3137);
#3135 = CARTESIAN_POINT('',(0.65,-0.75,0.15));
#3136 = DIRECTION('',(0.,0.,1.));
#3137 = DIRECTION('',(1.,0.,-0.));
#3138 = ADVANCED_FACE('',(#3139),#3155,.T.);
#3139 = FACE_BOUND('',#3140,.T.);
#3140 = EDGE_LOOP('',(#3141,#3142,#3148,#3149));
#3141 = ORIENTED_EDGE('',*,*,#3088,.T.);
#3142 = ORIENTED_EDGE('',*,*,#3143,.T.);
#3143 = EDGE_CURVE('',#3081,#3105,#3144,.T.);
#3144 = LINE('',#3145,#3146);
#3145 = CARTESIAN_POINT('',(0.85,-0.75,0.));
#3146 = VECTOR('',#3147,1.);
#3147 = DIRECTION('',(0.,0.,1.));
#3148 = ORIENTED_EDGE('',*,*,#3102,.F.);
#3149 = ORIENTED_EDGE('',*,*,#3150,.F.);
#3150 = EDGE_CURVE('',#3063,#3103,#3151,.T.);
#3151 = LINE('',#3152,#3153);
#3152 = CARTESIAN_POINT('',(0.65,-0.75,0.));
#3153 = VECTOR('',#3154,1.);
#3154 = DIRECTION('',(0.,0.,1.));
#3155 = PLANE('',#3156);
#3156 = AXIS2_PLACEMENT_3D('',#3157,#3158,#3159);
#3157 = CARTESIAN_POINT('',(0.65,-0.75,0.));
#3158 = DIRECTION('',(0.,-1.,0.));
#3159 = DIRECTION('',(1.,0.,0.));
#3160 = ADVANCED_FACE('',(#3161),#3177,.T.);
#3161 = FACE_BOUND('',#3162,.T.);
#3162 = EDGE_LOOP('',(#3163,#3169,#3170,#3176));
#3163 = ORIENTED_EDGE('',*,*,#3164,.T.);
#3164 = EDGE_CURVE('',#3065,#3121,#3165,.T.);
#3165 = LINE('',#3166,#3167);
#3166 = CARTESIAN_POINT('',(0.65,0.6,0.));
#3167 = VECTOR('',#3168,1.);
#3168 = DIRECTION('',(0.,0.,1.));
#3169 = ORIENTED_EDGE('',*,*,#3120,.T.);
#3170 = ORIENTED_EDGE('',*,*,#3171,.F.);
#3171 = EDGE_CURVE('',#3073,#3113,#3172,.T.);
#3172 = LINE('',#3173,#3174);
#3173 = CARTESIAN_POINT('',(0.85,0.6,0.));
#3174 = VECTOR('',#3175,1.);
#3175 = DIRECTION('',(0.,0.,1.));
#3176 = ORIENTED_EDGE('',*,*,#3072,.F.);
#3177 = PLANE('',#3178);
#3178 = AXIS2_PLACEMENT_3D('',#3179,#3180,#3181);
#3179 = CARTESIAN_POINT('',(0.65,0.6,0.));
#3180 = DIRECTION('',(0.,1.,0.));
#3181 = DIRECTION('',(1.,0.,0.));
#3182 = ADVANCED_FACE('',(#3183),#3189,.T.);
#3183 = FACE_BOUND('',#3184,.T.);
#3184 = EDGE_LOOP('',(#3185,#3186,#3187,#3188));
#3185 = ORIENTED_EDGE('',*,*,#3150,.T.);
#3186 = ORIENTED_EDGE('',*,*,#3128,.T.);
#3187 = ORIENTED_EDGE('',*,*,#3164,.F.);
#3188 = ORIENTED_EDGE('',*,*,#3062,.F.);
#3189 = PLANE('',#3190);
#3190 = AXIS2_PLACEMENT_3D('',#3191,#3192,#3193);
#3191 = CARTESIAN_POINT('',(0.65,-0.75,0.));
#3192 = DIRECTION('',(-1.,0.,0.));
#3193 = DIRECTION('',(0.,1.,0.));
#3194 = ADVANCED_FACE('',(#3195),#3201,.T.);
#3195 = FACE_BOUND('',#3196,.T.);
#3196 = EDGE_LOOP('',(#3197,#3198,#3199,#3200));
#3197 = ORIENTED_EDGE('',*,*,#3080,.T.);
#3198 = ORIENTED_EDGE('',*,*,#3171,.T.);
#3199 = ORIENTED_EDGE('',*,*,#3112,.F.);
#3200 = ORIENTED_EDGE('',*,*,#3143,.F.);
#3201 = PLANE('',#3202);
#3202 = AXIS2_PLACEMENT_3D('',#3203,#3204,#3205);
#3203 = CARTESIAN_POINT('',(0.85,-0.75,0.));
#3204 = DIRECTION('',(1.,0.,0.));
#3205 = DIRECTION('',(-0.,1.,0.));
#3206 = MANIFOLD_SOLID_BREP('',#3207);
#3207 = CLOSED_SHELL('',(#3208,#3248,#3288,#3310,#3332,#3344));
#3208 = ADVANCED_FACE('',(#3209),#3243,.T.);
#3209 = FACE_BOUND('',#3210,.T.);
#3210 = EDGE_LOOP('',(#3211,#3221,#3229,#3237));
#3211 = ORIENTED_EDGE('',*,*,#3212,.T.);
#3212 = EDGE_CURVE('',#3213,#3215,#3217,.T.);
#3213 = VERTEX_POINT('',#3214);
#3214 = CARTESIAN_POINT('',(1.15,-0.75,0.));
#3215 = VERTEX_POINT('',#3216);
#3216 = CARTESIAN_POINT('',(1.15,0.6,0.));
#3217 = LINE('',#3218,#3219);
#3218 = CARTESIAN_POINT('',(1.15,-0.75,0.));
#3219 = VECTOR('',#3220,1.);
#3220 = DIRECTION('',(0.,1.,0.));
#3221 = ORIENTED_EDGE('',*,*,#3222,.T.);
#3222 = EDGE_CURVE('',#3215,#3223,#3225,.T.);
#3223 = VERTEX_POINT('',#3224);
#3224 = CARTESIAN_POINT('',(1.35,0.6,0.));
#3225 = LINE('',#3226,#3227);
#3226 = CARTESIAN_POINT('',(1.15,0.6,0.));
#3227 = VECTOR('',#3228,1.);
#3228 = DIRECTION('',(1.,0.,0.));
#3229 = ORIENTED_EDGE('',*,*,#3230,.F.);
#3230 = EDGE_CURVE('',#3231,#3223,#3233,.T.);
#3231 = VERTEX_POINT('',#3232);
#3232 = CARTESIAN_POINT('',(1.35,-0.75,0.));
#3233 = LINE('',#3234,#3235);
#3234 = CARTESIAN_POINT('',(1.35,-0.75,0.));
#3235 = VECTOR('',#3236,1.);
#3236 = DIRECTION('',(0.,1.,0.));
#3237 = ORIENTED_EDGE('',*,*,#3238,.F.);
#3238 = EDGE_CURVE('',#3213,#3231,#3239,.T.);
#3239 = LINE('',#3240,#3241);
#3240 = CARTESIAN_POINT('',(1.15,-0.75,0.));
#3241 = VECTOR('',#3242,1.);
#3242 = DIRECTION('',(1.,0.,0.));
#3243 = PLANE('',#3244);
#3244 = AXIS2_PLACEMENT_3D('',#3245,#3246,#3247);
#3245 = CARTESIAN_POINT('',(1.15,-0.75,0.));
#3246 = DIRECTION('',(0.,0.,-1.));
#3247 = DIRECTION('',(1.,0.,0.));
#3248 = ADVANCED_FACE('',(#3249),#3283,.T.);
#3249 = FACE_BOUND('',#3250,.T.);
#3250 = EDGE_LOOP('',(#3251,#3261,#3269,#3277));
#3251 = ORIENTED_EDGE('',*,*,#3252,.T.);
#3252 = EDGE_CURVE('',#3253,#3255,#3257,.T.);
#3253 = VERTEX_POINT('',#3254);
#3254 = CARTESIAN_POINT('',(1.15,-0.75,0.15));
#3255 = VERTEX_POINT('',#3256);
#3256 = CARTESIAN_POINT('',(1.35,-0.75,0.15));
#3257 = LINE('',#3258,#3259);
#3258 = CARTESIAN_POINT('',(1.15,-0.75,0.15));
#3259 = VECTOR('',#3260,1.);
#3260 = DIRECTION('',(1.,0.,0.));
#3261 = ORIENTED_EDGE('',*,*,#3262,.T.);
#3262 = EDGE_CURVE('',#3255,#3263,#3265,.T.);
#3263 = VERTEX_POINT('',#3264);
#3264 = CARTESIAN_POINT('',(1.35,0.6,0.15));
#3265 = LINE('',#3266,#3267);
#3266 = CARTESIAN_POINT('',(1.35,-0.75,0.15));
#3267 = VECTOR('',#3268,1.);
#3268 = DIRECTION('',(0.,1.,0.));
#3269 = ORIENTED_EDGE('',*,*,#3270,.F.);
#3270 = EDGE_CURVE('',#3271,#3263,#3273,.T.);
#3271 = VERTEX_POINT('',#3272);
#3272 = CARTESIAN_POINT('',(1.15,0.6,0.15));
#3273 = LINE('',#3274,#3275);
#3274 = CARTESIAN_POINT('',(1.15,0.6,0.15));
#3275 = VECTOR('',#3276,1.);
#3276 = DIRECTION('',(1.,0.,0.));
#3277 = ORIENTED_EDGE('',*,*,#3278,.F.);
#3278 = EDGE_CURVE('',#3253,#3271,#3279,.T.);
#3279 = LINE('',#3280,#3281);
#3280 = CARTESIAN_POINT('',(1.15,-0.75,0.15));
#3281 = VECTOR('',#3282,1.);
#3282 = DIRECTION('',(0.,1.,0.));
#3283 = PLANE('',#3284);
#3284 = AXIS2_PLACEMENT_3D('',#3285,#3286,#3287);
#3285 = CARTESIAN_POINT('',(1.15,-0.75,0.15));
#3286 = DIRECTION('',(0.,0.,1.));
#3287 = DIRECTION('',(1.,0.,-0.));
#3288 = ADVANCED_FACE('',(#3289),#3305,.T.);
#3289 = FACE_BOUND('',#3290,.T.);
#3290 = EDGE_LOOP('',(#3291,#3292,#3298,#3299));
#3291 = ORIENTED_EDGE('',*,*,#3238,.T.);
#3292 = ORIENTED_EDGE('',*,*,#3293,.T.);
#3293 = EDGE_CURVE('',#3231,#3255,#3294,.T.);
#3294 = LINE('',#3295,#3296);
#3295 = CARTESIAN_POINT('',(1.35,-0.75,0.));
#3296 = VECTOR('',#3297,1.);
#3297 = DIRECTION('',(0.,0.,1.));
#3298 = ORIENTED_EDGE('',*,*,#3252,.F.);
#3299 = ORIENTED_EDGE('',*,*,#3300,.F.);
#3300 = EDGE_CURVE('',#3213,#3253,#3301,.T.);
#3301 = LINE('',#3302,#3303);
#3302 = CARTESIAN_POINT('',(1.15,-0.75,0.));
#3303 = VECTOR('',#3304,1.);
#3304 = DIRECTION('',(0.,0.,1.));
#3305 = PLANE('',#3306);
#3306 = AXIS2_PLACEMENT_3D('',#3307,#3308,#3309);
#3307 = CARTESIAN_POINT('',(1.15,-0.75,0.));
#3308 = DIRECTION('',(0.,-1.,0.));
#3309 = DIRECTION('',(1.,0.,0.));
#3310 = ADVANCED_FACE('',(#3311),#3327,.T.);
#3311 = FACE_BOUND('',#3312,.T.);
#3312 = EDGE_LOOP('',(#3313,#3319,#3320,#3326));
#3313 = ORIENTED_EDGE('',*,*,#3314,.T.);
#3314 = EDGE_CURVE('',#3215,#3271,#3315,.T.);
#3315 = LINE('',#3316,#3317);
#3316 = CARTESIAN_POINT('',(1.15,0.6,0.));
#3317 = VECTOR('',#3318,1.);
#3318 = DIRECTION('',(0.,0.,1.));
#3319 = ORIENTED_EDGE('',*,*,#3270,.T.);
#3320 = ORIENTED_EDGE('',*,*,#3321,.F.);
#3321 = EDGE_CURVE('',#3223,#3263,#3322,.T.);
#3322 = LINE('',#3323,#3324);
#3323 = CARTESIAN_POINT('',(1.35,0.6,0.));
#3324 = VECTOR('',#3325,1.);
#3325 = DIRECTION('',(0.,0.,1.));
#3326 = ORIENTED_EDGE('',*,*,#3222,.F.);
#3327 = PLANE('',#3328);
#3328 = AXIS2_PLACEMENT_3D('',#3329,#3330,#3331);
#3329 = CARTESIAN_POINT('',(1.15,0.6,0.));
#3330 = DIRECTION('',(0.,1.,0.));
#3331 = DIRECTION('',(1.,0.,0.));
#3332 = ADVANCED_FACE('',(#3333),#3339,.T.);
#3333 = FACE_BOUND('',#3334,.T.);
#3334 = EDGE_LOOP('',(#3335,#3336,#3337,#3338));
#3335 = ORIENTED_EDGE('',*,*,#3300,.T.);
#3336 = ORIENTED_EDGE('',*,*,#3278,.T.);
#3337 = ORIENTED_EDGE('',*,*,#3314,.F.);
#3338 = ORIENTED_EDGE('',*,*,#3212,.F.);
#3339 = PLANE('',#3340);
#3340 = AXIS2_PLACEMENT_3D('',#3341,#3342,#3343);
#3341 = CARTESIAN_POINT('',(1.15,-0.75,0.));
#3342 = DIRECTION('',(-1.,0.,0.));
#3343 = DIRECTION('',(0.,1.,0.));
#3344 = ADVANCED_FACE('',(#3345),#3351,.T.);
#3345 = FACE_BOUND('',#3346,.T.);
#3346 = EDGE_LOOP('',(#3347,#3348,#3349,#3350));
#3347 = ORIENTED_EDGE('',*,*,#3230,.T.);
#3348 = ORIENTED_EDGE('',*,*,#3321,.T.);
#3349 = ORIENTED_EDGE('',*,*,#3262,.F.);
#3350 = ORIENTED_EDGE('',*,*,#3293,.F.);
#3351 = PLANE('',#3352);
#3352 = AXIS2_PLACEMENT_3D('',#3353,#3354,#3355);
#3353 = CARTESIAN_POINT('',(1.35,-0.75,0.));
#3354 = DIRECTION('',(1.,0.,0.));
#3355 = DIRECTION('',(-0.,1.,0.));
#3356 = MANIFOLD_SOLID_BREP('',#3357);
#3357 = CLOSED_SHELL('',(#3358,#3398,#3438,#3460,#3482,#3494));
#3358 = ADVANCED_FACE('',(#3359),#3393,.T.);
#3359 = FACE_BOUND('',#3360,.T.);
#3360 = EDGE_LOOP('',(#3361,#3371,#3379,#3387));
#3361 = ORIENTED_EDGE('',*,*,#3362,.T.);
#3362 = EDGE_CURVE('',#3363,#3365,#3367,.T.);
#3363 = VERTEX_POINT('',#3364);
#3364 = CARTESIAN_POINT('',(1.65,-0.75,0.));
#3365 = VERTEX_POINT('',#3366);
#3366 = CARTESIAN_POINT('',(1.65,0.6,0.));
#3367 = LINE('',#3368,#3369);
#3368 = CARTESIAN_POINT('',(1.65,-0.75,0.));
#3369 = VECTOR('',#3370,1.);
#3370 = DIRECTION('',(0.,1.,0.));
#3371 = ORIENTED_EDGE('',*,*,#3372,.T.);
#3372 = EDGE_CURVE('',#3365,#3373,#3375,.T.);
#3373 = VERTEX_POINT('',#3374);
#3374 = CARTESIAN_POINT('',(1.85,0.6,0.));
#3375 = LINE('',#3376,#3377);
#3376 = CARTESIAN_POINT('',(1.65,0.6,0.));
#3377 = VECTOR('',#3378,1.);
#3378 = DIRECTION('',(1.,0.,0.));
#3379 = ORIENTED_EDGE('',*,*,#3380,.F.);
#3380 = EDGE_CURVE('',#3381,#3373,#3383,.T.);
#3381 = VERTEX_POINT('',#3382);
#3382 = CARTESIAN_POINT('',(1.85,-0.75,0.));
#3383 = LINE('',#3384,#3385);
#3384 = CARTESIAN_POINT('',(1.85,-0.75,0.));
#3385 = VECTOR('',#3386,1.);
#3386 = DIRECTION('',(0.,1.,0.));
#3387 = ORIENTED_EDGE('',*,*,#3388,.F.);
#3388 = EDGE_CURVE('',#3363,#3381,#3389,.T.);
#3389 = LINE('',#3390,#3391);
#3390 = CARTESIAN_POINT('',(1.65,-0.75,0.));
#3391 = VECTOR('',#3392,1.);
#3392 = DIRECTION('',(1.,0.,0.));
#3393 = PLANE('',#3394);
#3394 = AXIS2_PLACEMENT_3D('',#3395,#3396,#3397);
#3395 = CARTESIAN_POINT('',(1.65,-0.75,0.));
#3396 = DIRECTION('',(0.,0.,-1.));
#3397 = DIRECTION('',(1.,0.,0.));
#3398 = ADVANCED_FACE('',(#3399),#3433,.T.);
#3399 = FACE_BOUND('',#3400,.T.);
#3400 = EDGE_LOOP('',(#3401,#3411,#3419,#3427));
#3401 = ORIENTED_EDGE('',*,*,#3402,.T.);
#3402 = EDGE_CURVE('',#3403,#3405,#3407,.T.);
#3403 = VERTEX_POINT('',#3404);
#3404 = CARTESIAN_POINT('',(1.65,-0.75,0.15));
#3405 = VERTEX_POINT('',#3406);
#3406 = CARTESIAN_POINT('',(1.85,-0.75,0.15));
#3407 = LINE('',#3408,#3409);
#3408 = CARTESIAN_POINT('',(1.65,-0.75,0.15));
#3409 = VECTOR('',#3410,1.);
#3410 = DIRECTION('',(1.,0.,0.));
#3411 = ORIENTED_EDGE('',*,*,#3412,.T.);
#3412 = EDGE_CURVE('',#3405,#3413,#3415,.T.);
#3413 = VERTEX_POINT('',#3414);
#3414 = CARTESIAN_POINT('',(1.85,0.6,0.15));
#3415 = LINE('',#3416,#3417);
#3416 = CARTESIAN_POINT('',(1.85,-0.75,0.15));
#3417 = VECTOR('',#3418,1.);
#3418 = DIRECTION('',(0.,1.,0.));
#3419 = ORIENTED_EDGE('',*,*,#3420,.F.);
#3420 = EDGE_CURVE('',#3421,#3413,#3423,.T.);
#3421 = VERTEX_POINT('',#3422);
#3422 = CARTESIAN_POINT('',(1.65,0.6,0.15));
#3423 = LINE('',#3424,#3425);
#3424 = CARTESIAN_POINT('',(1.65,0.6,0.15));
#3425 = VECTOR('',#3426,1.);
#3426 = DIRECTION('',(1.,0.,0.));
#3427 = ORIENTED_EDGE('',*,*,#3428,.F.);
#3428 = EDGE_CURVE('',#3403,#3421,#3429,.T.);
#3429 = LINE('',#3430,#3431);
#3430 = CARTESIAN_POINT('',(1.65,-0.75,0.15));
#3431 = VECTOR('',#3432,1.);
#3432 = DIRECTION('',(0.,1.,0.));
#3433 = PLANE('',#3434);
#3434 = AXIS2_PLACEMENT_3D('',#3435,#3436,#3437);
#3435 = CARTESIAN_POINT('',(1.65,-0.75,0.15));
#3436 = DIRECTION('',(0.,0.,1.));
#3437 = DIRECTION('',(1.,0.,-0.));
#3438 = ADVANCED_FACE('',(#3439),#3455,.T.);
#3439 = FACE_BOUND('',#3440,.T.);
#3440 = EDGE_LOOP('',(#3441,#3442,#3448,#3449));
#3441 = ORIENTED_EDGE('',*,*,#3388,.T.);
#3442 = ORIENTED_EDGE('',*,*,#3443,.T.);
#3443 = EDGE_CURVE('',#3381,#3405,#3444,.T.);
#3444 = LINE('',#3445,#3446);
#3445 = CARTESIAN_POINT('',(1.85,-0.75,0.));
#3446 = VECTOR('',#3447,1.);
#3447 = DIRECTION('',(0.,0.,1.));
#3448 = ORIENTED_EDGE('',*,*,#3402,.F.);
#3449 = ORIENTED_EDGE('',*,*,#3450,.F.);
#3450 = EDGE_CURVE('',#3363,#3403,#3451,.T.);
#3451 = LINE('',#3452,#3453);
#3452 = CARTESIAN_POINT('',(1.65,-0.75,0.));
#3453 = VECTOR('',#3454,1.);
#3454 = DIRECTION('',(0.,0.,1.));
#3455 = PLANE('',#3456);
#3456 = AXIS2_PLACEMENT_3D('',#3457,#3458,#3459);
#3457 = CARTESIAN_POINT('',(1.65,-0.75,0.));
#3458 = DIRECTION('',(0.,-1.,0.));
#3459 = DIRECTION('',(1.,0.,0.));
#3460 = ADVANCED_FACE('',(#3461),#3477,.T.);
#3461 = FACE_BOUND('',#3462,.T.);
#3462 = EDGE_LOOP('',(#3463,#3469,#3470,#3476));
#3463 = ORIENTED_EDGE('',*,*,#3464,.T.);
#3464 = EDGE_CURVE('',#3365,#3421,#3465,.T.);
#3465 = LINE('',#3466,#3467);
#3466 = CARTESIAN_POINT('',(1.65,0.6,0.));
#3467 = VECTOR('',#3468,1.);
#3468 = DIRECTION('',(0.,0.,1.));
#3469 = ORIENTED_EDGE('',*,*,#3420,.T.);
#3470 = ORIENTED_EDGE('',*,*,#3471,.F.);
#3471 = EDGE_CURVE('',#3373,#3413,#3472,.T.);
#3472 = LINE('',#3473,#3474);
#3473 = CARTESIAN_POINT('',(1.85,0.6,0.));
#3474 = VECTOR('',#3475,1.);
#3475 = DIRECTION('',(0.,0.,1.));
#3476 = ORIENTED_EDGE('',*,*,#3372,.F.);
#3477 = PLANE('',#3478);
#3478 = AXIS2_PLACEMENT_3D('',#3479,#3480,#3481);
#3479 = CARTESIAN_POINT('',(1.65,0.6,0.));
#3480 = DIRECTION('',(0.,1.,0.));
#3481 = DIRECTION('',(1.,0.,0.));
#3482 = ADVANCED_FACE('',(#3483),#3489,.T.);
#3483 = FACE_BOUND('',#3484,.T.);
#3484 = EDGE_LOOP('',(#3485,#3486,#3487,#3488));
#3485 = ORIENTED_EDGE('',*,*,#3450,.T.);
#3486 = ORIENTED_EDGE('',*,*,#3428,.T.);
#3487 = ORIENTED_EDGE('',*,*,#3464,.F.);
#3488 = ORIENTED_EDGE('',*,*,#3362,.F.);
#3489 = PLANE('',#3490);
#3490 = AXIS2_PLACEMENT_3D('',#3491,#3492,#3493);
#3491 = CARTESIAN_POINT('',(1.65,-0.75,0.));
#3492 = DIRECTION('',(-1.,0.,0.));
#3493 = DIRECTION('',(0.,1.,0.));
#3494 = ADVANCED_FACE('',(#3495),#3501,.T.);
#3495 = FACE_BOUND('',#3496,.T.);
#3496 = EDGE_LOOP('',(#3497,#3498,#3499,#3500));
#3497 = ORIENTED_EDGE('',*,*,#3380,.T.);
#3498 = ORIENTED_EDGE('',*,*,#3471,.T.);
#3499 = ORIENTED_EDGE('',*,*,#3412,.F.);
#3500 = ORIENTED_EDGE('',*,*,#3443,.F.);
#3501 = PLANE('',#3502);
#3502 = AXIS2_PLACEMENT_3D('',#3503,#3504,#3505);
#3503 = CARTESIAN_POINT('',(1.85,-0.75,0.));
#3504 = DIRECTION('',(1.,0.,0.));
#3505 = DIRECTION('',(-0.,1.,0.));
#3506 = MANIFOLD_SOLID_BREP('',#3507);
#3507 = CLOSED_SHELL('',(#3508,#3548,#3588,#3610,#3632,#3644));
#3508 = ADVANCED_FACE('',(#3509),#3543,.T.);
#3509 = FACE_BOUND('',#3510,.T.);
#3510 = EDGE_LOOP('',(#3511,#3521,#3529,#3537));
#3511 = ORIENTED_EDGE('',*,*,#3512,.T.);
#3512 = EDGE_CURVE('',#3513,#3515,#3517,.T.);
#3513 = VERTEX_POINT('',#3514);
#3514 = CARTESIAN_POINT('',(2.15,-0.75,0.));
#3515 = VERTEX_POINT('',#3516);
#3516 = CARTESIAN_POINT('',(2.15,0.6,0.));
#3517 = LINE('',#3518,#3519);
#3518 = CARTESIAN_POINT('',(2.15,-0.75,0.));
#3519 = VECTOR('',#3520,1.);
#3520 = DIRECTION('',(0.,1.,0.));
#3521 = ORIENTED_EDGE('',*,*,#3522,.T.);
#3522 = EDGE_CURVE('',#3515,#3523,#3525,.T.);
#3523 = VERTEX_POINT('',#3524);
#3524 = CARTESIAN_POINT('',(2.35,0.6,0.));
#3525 = LINE('',#3526,#3527);
#3526 = CARTESIAN_POINT('',(2.15,0.6,0.));
#3527 = VECTOR('',#3528,1.);
#3528 = DIRECTION('',(1.,0.,0.));
#3529 = ORIENTED_EDGE('',*,*,#3530,.F.);
#3530 = EDGE_CURVE('',#3531,#3523,#3533,.T.);
#3531 = VERTEX_POINT('',#3532);
#3532 = CARTESIAN_POINT('',(2.35,-0.75,0.));
#3533 = LINE('',#3534,#3535);
#3534 = CARTESIAN_POINT('',(2.35,-0.75,0.));
#3535 = VECTOR('',#3536,1.);
#3536 = DIRECTION('',(0.,1.,0.));
#3537 = ORIENTED_EDGE('',*,*,#3538,.F.);
#3538 = EDGE_CURVE('',#3513,#3531,#3539,.T.);
#3539 = LINE('',#3540,#3541);
#3540 = CARTESIAN_POINT('',(2.15,-0.75,0.));
#3541 = VECTOR('',#3542,1.);
#3542 = DIRECTION('',(1.,0.,0.));
#3543 = PLANE('',#3544);
#3544 = AXIS2_PLACEMENT_3D('',#3545,#3546,#3547);
#3545 = CARTESIAN_POINT('',(2.15,-0.75,0.));
#3546 = DIRECTION('',(0.,0.,-1.));
#3547 = DIRECTION('',(1.,0.,0.));
#3548 = ADVANCED_FACE('',(#3549),#3583,.T.);
#3549 = FACE_BOUND('',#3550,.T.);
#3550 = EDGE_LOOP('',(#3551,#3561,#3569,#3577));
#3551 = ORIENTED_EDGE('',*,*,#3552,.T.);
#3552 = EDGE_CURVE('',#3553,#3555,#3557,.T.);
#3553 = VERTEX_POINT('',#3554);
#3554 = CARTESIAN_POINT('',(2.15,-0.75,0.15));
#3555 = VERTEX_POINT('',#3556);
#3556 = CARTESIAN_POINT('',(2.35,-0.75,0.15));
#3557 = LINE('',#3558,#3559);
#3558 = CARTESIAN_POINT('',(2.15,-0.75,0.15));
#3559 = VECTOR('',#3560,1.);
#3560 = DIRECTION('',(1.,0.,0.));
#3561 = ORIENTED_EDGE('',*,*,#3562,.T.);
#3562 = EDGE_CURVE('',#3555,#3563,#3565,.T.);
#3563 = VERTEX_POINT('',#3564);
#3564 = CARTESIAN_POINT('',(2.35,0.6,0.15));
#3565 = LINE('',#3566,#3567);
#3566 = CARTESIAN_POINT('',(2.35,-0.75,0.15));
#3567 = VECTOR('',#3568,1.);
#3568 = DIRECTION('',(0.,1.,0.));
#3569 = ORIENTED_EDGE('',*,*,#3570,.F.);
#3570 = EDGE_CURVE('',#3571,#3563,#3573,.T.);
#3571 = VERTEX_POINT('',#3572);
#3572 = CARTESIAN_POINT('',(2.15,0.6,0.15));
#3573 = LINE('',#3574,#3575);
#3574 = CARTESIAN_POINT('',(2.15,0.6,0.15));
#3575 = VECTOR('',#3576,1.);
#3576 = DIRECTION('',(1.,0.,0.));
#3577 = ORIENTED_EDGE('',*,*,#3578,.F.);
#3578 = EDGE_CURVE('',#3553,#3571,#3579,.T.);
#3579 = LINE('',#3580,#3581);
#3580 = CARTESIAN_POINT('',(2.15,-0.75,0.15));
#3581 = VECTOR('',#3582,1.);
#3582 = DIRECTION('',(0.,1.,0.));
#3583 = PLANE('',#3584);
#3584 = AXIS2_PLACEMENT_3D('',#3585,#3586,#3587);
#3585 = CARTESIAN_POINT('',(2.15,-0.75,0.15));
#3586 = DIRECTION('',(0.,0.,1.));
#3587 = DIRECTION('',(1.,0.,-0.));
#3588 = ADVANCED_FACE('',(#3589),#3605,.T.);
#3589 = FACE_BOUND('',#3590,.T.);
#3590 = EDGE_LOOP('',(#3591,#3592,#3598,#3599));
#3591 = ORIENTED_EDGE('',*,*,#3538,.T.);
#3592 = ORIENTED_EDGE('',*,*,#3593,.T.);
#3593 = EDGE_CURVE('',#3531,#3555,#3594,.T.);
#3594 = LINE('',#3595,#3596);
#3595 = CARTESIAN_POINT('',(2.35,-0.75,0.));
#3596 = VECTOR('',#3597,1.);
#3597 = DIRECTION('',(0.,0.,1.));
#3598 = ORIENTED_EDGE('',*,*,#3552,.F.);
#3599 = ORIENTED_EDGE('',*,*,#3600,.F.);
#3600 = EDGE_CURVE('',#3513,#3553,#3601,.T.);
#3601 = LINE('',#3602,#3603);
#3602 = CARTESIAN_POINT('',(2.15,-0.75,0.));
#3603 = VECTOR('',#3604,1.);
#3604 = DIRECTION('',(0.,0.,1.));
#3605 = PLANE('',#3606);
#3606 = AXIS2_PLACEMENT_3D('',#3607,#3608,#3609);
#3607 = CARTESIAN_POINT('',(2.15,-0.75,0.));
#3608 = DIRECTION('',(0.,-1.,0.));
#3609 = DIRECTION('',(1.,0.,0.));
#3610 = ADVANCED_FACE('',(#3611),#3627,.T.);
#3611 = FACE_BOUND('',#3612,.T.);
#3612 = EDGE_LOOP('',(#3613,#3619,#3620,#3626));
#3613 = ORIENTED_EDGE('',*,*,#3614,.T.);
#3614 = EDGE_CURVE('',#3515,#3571,#3615,.T.);
#3615 = LINE('',#3616,#3617);
#3616 = CARTESIAN_POINT('',(2.15,0.6,0.));
#3617 = VECTOR('',#3618,1.);
#3618 = DIRECTION('',(0.,0.,1.));
#3619 = ORIENTED_EDGE('',*,*,#3570,.T.);
#3620 = ORIENTED_EDGE('',*,*,#3621,.F.);
#3621 = EDGE_CURVE('',#3523,#3563,#3622,.T.);
#3622 = LINE('',#3623,#3624);
#3623 = CARTESIAN_POINT('',(2.35,0.6,0.));
#3624 = VECTOR('',#3625,1.);
#3625 = DIRECTION('',(0.,0.,1.));
#3626 = ORIENTED_EDGE('',*,*,#3522,.F.);
#3627 = PLANE('',#3628);
#3628 = AXIS2_PLACEMENT_3D('',#3629,#3630,#3631);
#3629 = CARTESIAN_POINT('',(2.15,0.6,0.));
#3630 = DIRECTION('',(0.,1.,0.));
#3631 = DIRECTION('',(1.,0.,0.));
#3632 = ADVANCED_FACE('',(#3633),#3639,.T.);
#3633 = FACE_BOUND('',#3634,.T.);
#3634 = EDGE_LOOP('',(#3635,#3636,#3637,#3638));
#3635 = ORIENTED_EDGE('',*,*,#3600,.T.);
#3636 = ORIENTED_EDGE('',*,*,#3578,.T.);
#3637 = ORIENTED_EDGE('',*,*,#3614,.F.);
#3638 = ORIENTED_EDGE('',*,*,#3512,.F.);
#3639 = PLANE('',#3640);
#3640 = AXIS2_PLACEMENT_3D('',#3641,#3642,#3643);
#3641 = CARTESIAN_POINT('',(2.15,-0.75,0.));
#3642 = DIRECTION('',(-1.,0.,0.));
#3643 = DIRECTION('',(0.,1.,0.));
#3644 = ADVANCED_FACE('',(#3645),#3651,.T.);
#3645 = FACE_BOUND('',#3646,.T.);
#3646 = EDGE_LOOP('',(#3647,#3648,#3649,#3650));
#3647 = ORIENTED_EDGE('',*,*,#3530,.T.);
#3648 = ORIENTED_EDGE('',*,*,#3621,.T.);
#3649 = ORIENTED_EDGE('',*,*,#3562,.F.);
#3650 = ORIENTED_EDGE('',*,*,#3593,.F.);
#3651 = PLANE('',#3652);
#3652 = AXIS2_PLACEMENT_3D('',#3653,#3654,#3655);
#3653 = CARTESIAN_POINT('',(2.35,-0.75,0.));
#3654 = DIRECTION('',(1.,0.,0.));
#3655 = DIRECTION('',(-0.,1.,0.));
#3656 = MANIFOLD_SOLID_BREP('',#3657);
#3657 = CLOSED_SHELL('',(#3658,#3698,#3738,#3760,#3782,#3794));
#3658 = ADVANCED_FACE('',(#3659),#3693,.T.);
#3659 = FACE_BOUND('',#3660,.T.);
#3660 = EDGE_LOOP('',(#3661,#3671,#3679,#3687));
#3661 = ORIENTED_EDGE('',*,*,#3662,.T.);
#3662 = EDGE_CURVE('',#3663,#3665,#3667,.T.);
#3663 = VERTEX_POINT('',#3664);
#3664 = CARTESIAN_POINT('',(2.65,-0.75,0.));
#3665 = VERTEX_POINT('',#3666);
#3666 = CARTESIAN_POINT('',(2.65,0.6,0.));
#3667 = LINE('',#3668,#3669);
#3668 = CARTESIAN_POINT('',(2.65,-0.75,0.));
#3669 = VECTOR('',#3670,1.);
#3670 = DIRECTION('',(0.,1.,0.));
#3671 = ORIENTED_EDGE('',*,*,#3672,.T.);
#3672 = EDGE_CURVE('',#3665,#3673,#3675,.T.);
#3673 = VERTEX_POINT('',#3674);
#3674 = CARTESIAN_POINT('',(2.85,0.6,0.));
#3675 = LINE('',#3676,#3677);
#3676 = CARTESIAN_POINT('',(2.65,0.6,0.));
#3677 = VECTOR('',#3678,1.);
#3678 = DIRECTION('',(1.,0.,0.));
#3679 = ORIENTED_EDGE('',*,*,#3680,.F.);
#3680 = EDGE_CURVE('',#3681,#3673,#3683,.T.);
#3681 = VERTEX_POINT('',#3682);
#3682 = CARTESIAN_POINT('',(2.85,-0.75,0.));
#3683 = LINE('',#3684,#3685);
#3684 = CARTESIAN_POINT('',(2.85,-0.75,0.));
#3685 = VECTOR('',#3686,1.);
#3686 = DIRECTION('',(0.,1.,0.));
#3687 = ORIENTED_EDGE('',*,*,#3688,.F.);
#3688 = EDGE_CURVE('',#3663,#3681,#3689,.T.);
#3689 = LINE('',#3690,#3691);
#3690 = CARTESIAN_POINT('',(2.65,-0.75,0.));
#3691 = VECTOR('',#3692,1.);
#3692 = DIRECTION('',(1.,0.,0.));
#3693 = PLANE('',#3694);
#3694 = AXIS2_PLACEMENT_3D('',#3695,#3696,#3697);
#3695 = CARTESIAN_POINT('',(2.65,-0.75,0.));
#3696 = DIRECTION('',(0.,0.,-1.));
#3697 = DIRECTION('',(1.,0.,0.));
#3698 = ADVANCED_FACE('',(#3699),#3733,.T.);
#3699 = FACE_BOUND('',#3700,.T.);
#3700 = EDGE_LOOP('',(#3701,#3711,#3719,#3727));
#3701 = ORIENTED_EDGE('',*,*,#3702,.T.);
#3702 = EDGE_CURVE('',#3703,#3705,#3707,.T.);
#3703 = VERTEX_POINT('',#3704);
#3704 = CARTESIAN_POINT('',(2.65,-0.75,0.15));
#3705 = VERTEX_POINT('',#3706);
#3706 = CARTESIAN_POINT('',(2.85,-0.75,0.15));
#3707 = LINE('',#3708,#3709);
#3708 = CARTESIAN_POINT('',(2.65,-0.75,0.15));
#3709 = VECTOR('',#3710,1.);
#3710 = DIRECTION('',(1.,0.,0.));
#3711 = ORIENTED_EDGE('',*,*,#3712,.T.);
#3712 = EDGE_CURVE('',#3705,#3713,#3715,.T.);
#3713 = VERTEX_POINT('',#3714);
#3714 = CARTESIAN_POINT('',(2.85,0.6,0.15));
#3715 = LINE('',#3716,#3717);
#3716 = CARTESIAN_POINT('',(2.85,-0.75,0.15));
#3717 = VECTOR('',#3718,1.);
#3718 = DIRECTION('',(0.,1.,0.));
#3719 = ORIENTED_EDGE('',*,*,#3720,.F.);
#3720 = EDGE_CURVE('',#3721,#3713,#3723,.T.);
#3721 = VERTEX_POINT('',#3722);
#3722 = CARTESIAN_POINT('',(2.65,0.6,0.15));
#3723 = LINE('',#3724,#3725);
#3724 = CARTESIAN_POINT('',(2.65,0.6,0.15));
#3725 = VECTOR('',#3726,1.);
#3726 = DIRECTION('',(1.,0.,0.));
#3727 = ORIENTED_EDGE('',*,*,#3728,.F.);
#3728 = EDGE_CURVE('',#3703,#3721,#3729,.T.);
#3729 = LINE('',#3730,#3731);
#3730 = CARTESIAN_POINT('',(2.65,-0.75,0.15));
#3731 = VECTOR('',#3732,1.);
#3732 = DIRECTION('',(0.,1.,0.));
#3733 = PLANE('',#3734);
#3734 = AXIS2_PLACEMENT_3D('',#3735,#3736,#3737);
#3735 = CARTESIAN_POINT('',(2.65,-0.75,0.15));
#3736 = DIRECTION('',(0.,0.,1.));
#3737 = DIRECTION('',(1.,0.,-0.));
#3738 = ADVANCED_FACE('',(#3739),#3755,.T.);
#3739 = FACE_BOUND('',#3740,.T.);
#3740 = EDGE_LOOP('',(#3741,#3742,#3748,#3749));
#3741 = ORIENTED_EDGE('',*,*,#3688,.T.);
#3742 = ORIENTED_EDGE('',*,*,#3743,.T.);
#3743 = EDGE_CURVE('',#3681,#3705,#3744,.T.);
#3744 = LINE('',#3745,#3746);
#3745 = CARTESIAN_POINT('',(2.85,-0.75,0.));
#3746 = VECTOR('',#3747,1.);
#3747 = DIRECTION('',(0.,0.,1.));
#3748 = ORIENTED_EDGE('',*,*,#3702,.F.);
#3749 = ORIENTED_EDGE('',*,*,#3750,.F.);
#3750 = EDGE_CURVE('',#3663,#3703,#3751,.T.);
#3751 = LINE('',#3752,#3753);
#3752 = CARTESIAN_POINT('',(2.65,-0.75,0.));
#3753 = VECTOR('',#3754,1.);
#3754 = DIRECTION('',(0.,0.,1.));
#3755 = PLANE('',#3756);
#3756 = AXIS2_PLACEMENT_3D('',#3757,#3758,#3759);
#3757 = CARTESIAN_POINT('',(2.65,-0.75,0.));
#3758 = DIRECTION('',(0.,-1.,0.));
#3759 = DIRECTION('',(1.,0.,0.));
#3760 = ADVANCED_FACE('',(#3761),#3777,.T.);
#3761 = FACE_BOUND('',#3762,.T.);
#3762 = EDGE_LOOP('',(#3763,#3769,#3770,#3776));
#3763 = ORIENTED_EDGE('',*,*,#3764,.T.);
#3764 = EDGE_CURVE('',#3665,#3721,#3765,.T.);
#3765 = LINE('',#3766,#3767);
#3766 = CARTESIAN_POINT('',(2.65,0.6,0.));
#3767 = VECTOR('',#3768,1.);
#3768 = DIRECTION('',(0.,0.,1.));
#3769 = ORIENTED_EDGE('',*,*,#3720,.T.);
#3770 = ORIENTED_EDGE('',*,*,#3771,.F.);
#3771 = EDGE_CURVE('',#3673,#3713,#3772,.T.);
#3772 = LINE('',#3773,#3774);
#3773 = CARTESIAN_POINT('',(2.85,0.6,0.));
#3774 = VECTOR('',#3775,1.);
#3775 = DIRECTION('',(0.,0.,1.));
#3776 = ORIENTED_EDGE('',*,*,#3672,.F.);
#3777 = PLANE('',#3778);
#3778 = AXIS2_PLACEMENT_3D('',#3779,#3780,#3781);
#3779 = CARTESIAN_POINT('',(2.65,0.6,0.));
#3780 = DIRECTION('',(0.,1.,0.));
#3781 = DIRECTION('',(1.,0.,0.));
#3782 = ADVANCED_FACE('',(#3783),#3789,.T.);
#3783 = FACE_BOUND('',#3784,.T.);
#3784 = EDGE_LOOP('',(#3785,#3786,#3787,#3788));
#3785 = ORIENTED_EDGE('',*,*,#3750,.T.);
#3786 = ORIENTED_EDGE('',*,*,#3728,.T.);
#3787 = ORIENTED_EDGE('',*,*,#3764,.F.);
#3788 = ORIENTED_EDGE('',*,*,#3662,.F.);
#3789 = PLANE('',#3790);
#3790 = AXIS2_PLACEMENT_3D('',#3791,#3792,#3793);
#3791 = CARTESIAN_POINT('',(2.65,-0.75,0.));
#3792 = DIRECTION('',(-1.,0.,0.));
#3793 = DIRECTION('',(0.,1.,0.));
#3794 = ADVANCED_FACE('',(#3795),#3801,.T.);
#3795 = FACE_BOUND('',#3796,.T.);
#3796 = EDGE_LOOP('',(#3797,#3798,#3799,#3800));
#3797 = ORIENTED_EDGE('',*,*,#3680,.T.);
#3798 = ORIENTED_EDGE('',*,*,#3771,.T.);
#3799 = ORIENTED_EDGE('',*,*,#3712,.F.);
#3800 = ORIENTED_EDGE('',*,*,#3743,.F.);
#3801 = PLANE('',#3802);
#3802 = AXIS2_PLACEMENT_3D('',#3803,#3804,#3805);
#3803 = CARTESIAN_POINT('',(2.85,-0.75,0.));
#3804 = DIRECTION('',(1.,0.,0.));
#3805 = DIRECTION('',(-0.,1.,0.));
#3806 = MANIFOLD_SOLID_BREP('',#3807);
#3807 = CLOSED_SHELL('',(#3808,#3848,#3888,#3910,#3932,#3944));
#3808 = ADVANCED_FACE('',(#3809),#3843,.T.);
#3809 = FACE_BOUND('',#3810,.T.);
#3810 = EDGE_LOOP('',(#3811,#3821,#3829,#3837));
#3811 = ORIENTED_EDGE('',*,*,#3812,.T.);
#3812 = EDGE_CURVE('',#3813,#3815,#3817,.T.);
#3813 = VERTEX_POINT('',#3814);
#3814 = CARTESIAN_POINT('',(3.15,-0.75,0.));
#3815 = VERTEX_POINT('',#3816);
#3816 = CARTESIAN_POINT('',(3.15,0.6,0.));
#3817 = LINE('',#3818,#3819);
#3818 = CARTESIAN_POINT('',(3.15,-0.75,0.));
#3819 = VECTOR('',#3820,1.);
#3820 = DIRECTION('',(0.,1.,0.));
#3821 = ORIENTED_EDGE('',*,*,#3822,.T.);
#3822 = EDGE_CURVE('',#3815,#3823,#3825,.T.);
#3823 = VERTEX_POINT('',#3824);
#3824 = CARTESIAN_POINT('',(3.35,0.6,0.));
#3825 = LINE('',#3826,#3827);
#3826 = CARTESIAN_POINT('',(3.15,0.6,0.));
#3827 = VECTOR('',#3828,1.);
#3828 = DIRECTION('',(1.,0.,0.));
#3829 = ORIENTED_EDGE('',*,*,#3830,.F.);
#3830 = EDGE_CURVE('',#3831,#3823,#3833,.T.);
#3831 = VERTEX_POINT('',#3832);
#3832 = CARTESIAN_POINT('',(3.35,-0.75,0.));
#3833 = LINE('',#3834,#3835);
#3834 = CARTESIAN_POINT('',(3.35,-0.75,0.));
#3835 = VECTOR('',#3836,1.);
#3836 = DIRECTION('',(0.,1.,0.));
#3837 = ORIENTED_EDGE('',*,*,#3838,.F.);
#3838 = EDGE_CURVE('',#3813,#3831,#3839,.T.);
#3839 = LINE('',#3840,#3841);
#3840 = CARTESIAN_POINT('',(3.15,-0.75,0.));
#3841 = VECTOR('',#3842,1.);
#3842 = DIRECTION('',(1.,0.,0.));
#3843 = PLANE('',#3844);
#3844 = AXIS2_PLACEMENT_3D('',#3845,#3846,#3847);
#3845 = CARTESIAN_POINT('',(3.15,-0.75,0.));
#3846 = DIRECTION('',(0.,0.,-1.));
#3847 = DIRECTION('',(1.,0.,0.));
#3848 = ADVANCED_FACE('',(#3849),#3883,.T.);
#3849 = FACE_BOUND('',#3850,.T.);
#3850 = EDGE_LOOP('',(#3851,#3861,#3869,#3877));
#3851 = ORIENTED_EDGE('',*,*,#3852,.T.);
#3852 = EDGE_CURVE('',#3853,#3855,#3857,.T.);
#3853 = VERTEX_POINT('',#3854);
#3854 = CARTESIAN_POINT('',(3.15,-0.75,0.15));
#3855 = VERTEX_POINT('',#3856);
#3856 = CARTESIAN_POINT('',(3.35,-0.75,0.15));
#3857 = LINE('',#3858,#3859);
#3858 = CARTESIAN_POINT('',(3.15,-0.75,0.15));
#3859 = VECTOR('',#3860,1.);
#3860 = DIRECTION('',(1.,0.,0.));
#3861 = ORIENTED_EDGE('',*,*,#3862,.T.);
#3862 = EDGE_CURVE('',#3855,#3863,#3865,.T.);
#3863 = VERTEX_POINT('',#3864);
#3864 = CARTESIAN_POINT('',(3.35,0.6,0.15));
#3865 = LINE('',#3866,#3867);
#3866 = CARTESIAN_POINT('',(3.35,-0.75,0.15));
#3867 = VECTOR('',#3868,1.);
#3868 = DIRECTION('',(0.,1.,0.));
#3869 = ORIENTED_EDGE('',*,*,#3870,.F.);
#3870 = EDGE_CURVE('',#3871,#3863,#3873,.T.);
#3871 = VERTEX_POINT('',#3872);
#3872 = CARTESIAN_POINT('',(3.15,0.6,0.15));
#3873 = LINE('',#3874,#3875);
#3874 = CARTESIAN_POINT('',(3.15,0.6,0.15));
#3875 = VECTOR('',#3876,1.);
#3876 = DIRECTION('',(1.,0.,0.));
#3877 = ORIENTED_EDGE('',*,*,#3878,.F.);
#3878 = EDGE_CURVE('',#3853,#3871,#3879,.T.);
#3879 = LINE('',#3880,#3881);
#3880 = CARTESIAN_POINT('',(3.15,-0.75,0.15));
#3881 = VECTOR('',#3882,1.);
#3882 = DIRECTION('',(0.,1.,0.));
#3883 = PLANE('',#3884);
#3884 = AXIS2_PLACEMENT_3D('',#3885,#3886,#3887);
#3885 = CARTESIAN_POINT('',(3.15,-0.75,0.15));
#3886 = DIRECTION('',(0.,0.,1.));
#3887 = DIRECTION('',(1.,0.,-0.));
#3888 = ADVANCED_FACE('',(#3889),#3905,.T.);
#3889 = FACE_BOUND('',#3890,.T.);
#3890 = EDGE_LOOP('',(#3891,#3892,#3898,#3899));
#3891 = ORIENTED_EDGE('',*,*,#3838,.T.);
#3892 = ORIENTED_EDGE('',*,*,#3893,.T.);
#3893 = EDGE_CURVE('',#3831,#3855,#3894,.T.);
#3894 = LINE('',#3895,#3896);
#3895 = CARTESIAN_POINT('',(3.35,-0.75,0.));
#3896 = VECTOR('',#3897,1.);
#3897 = DIRECTION('',(0.,0.,1.));
#3898 = ORIENTED_EDGE('',*,*,#3852,.F.);
#3899 = ORIENTED_EDGE('',*,*,#3900,.F.);
#3900 = EDGE_CURVE('',#3813,#3853,#3901,.T.);
#3901 = LINE('',#3902,#3903);
#3902 = CARTESIAN_POINT('',(3.15,-0.75,0.));
#3903 = VECTOR('',#3904,1.);
#3904 = DIRECTION('',(0.,0.,1.));
#3905 = PLANE('',#3906);
#3906 = AXIS2_PLACEMENT_3D('',#3907,#3908,#3909);
#3907 = CARTESIAN_POINT('',(3.15,-0.75,0.));
#3908 = DIRECTION('',(0.,-1.,0.));
#3909 = DIRECTION('',(1.,0.,0.));
#3910 = ADVANCED_FACE('',(#3911),#3927,.T.);
#3911 = FACE_BOUND('',#3912,.T.);
#3912 = EDGE_LOOP('',(#3913,#3919,#3920,#3926));
#3913 = ORIENTED_EDGE('',*,*,#3914,.T.);
#3914 = EDGE_CURVE('',#3815,#3871,#3915,.T.);
#3915 = LINE('',#3916,#3917);
#3916 = CARTESIAN_POINT('',(3.15,0.6,0.));
#3917 = VECTOR('',#3918,1.);
#3918 = DIRECTION('',(0.,0.,1.));
#3919 = ORIENTED_EDGE('',*,*,#3870,.T.);
#3920 = ORIENTED_EDGE('',*,*,#3921,.F.);
#3921 = EDGE_CURVE('',#3823,#3863,#3922,.T.);
#3922 = LINE('',#3923,#3924);
#3923 = CARTESIAN_POINT('',(3.35,0.6,0.));
#3924 = VECTOR('',#3925,1.);
#3925 = DIRECTION('',(0.,0.,1.));
#3926 = ORIENTED_EDGE('',*,*,#3822,.F.);
#3927 = PLANE('',#3928);
#3928 = AXIS2_PLACEMENT_3D('',#3929,#3930,#3931);
#3929 = CARTESIAN_POINT('',(3.15,0.6,0.));
#3930 = DIRECTION('',(0.,1.,0.));
#3931 = DIRECTION('',(1.,0.,0.));
#3932 = ADVANCED_FACE('',(#3933),#3939,.T.);
#3933 = FACE_BOUND('',#3934,.T.);
#3934 = EDGE_LOOP('',(#3935,#3936,#3937,#3938));
#3935 = ORIENTED_EDGE('',*,*,#3900,.T.);
#3936 = ORIENTED_EDGE('',*,*,#3878,.T.);
#3937 = ORIENTED_EDGE('',*,*,#3914,.F.);
#3938 = ORIENTED_EDGE('',*,*,#3812,.F.);
#3939 = PLANE('',#3940);
#3940 = AXIS2_PLACEMENT_3D('',#3941,#3942,#3943);
#3941 = CARTESIAN_POINT('',(3.15,-0.75,0.));
#3942 = DIRECTION('',(-1.,0.,0.));
#3943 = DIRECTION('',(0.,1.,0.));
#3944 = ADVANCED_FACE('',(#3945),#3951,.T.);
#3945 = FACE_BOUND('',#3946,.T.);
#3946 = EDGE_LOOP('',(#3947,#3948,#3949,#3950));
#3947 = ORIENTED_EDGE('',*,*,#3830,.T.);
#3948 = ORIENTED_EDGE('',*,*,#3921,.T.);
#3949 = ORIENTED_EDGE('',*,*,#3862,.F.);
#3950 = ORIENTED_EDGE('',*,*,#3893,.F.);
#3951 = PLANE('',#3952);
#3952 = AXIS2_PLACEMENT_3D('',#3953,#3954,#3955);
#3953 = CARTESIAN_POINT('',(3.35,-0.75,0.));
#3954 = DIRECTION('',(1.,0.,0.));
#3955 = DIRECTION('',(-0.,1.,0.));
#3956 = MANIFOLD_SOLID_BREP('',#3957);
#3957 = CLOSED_SHELL('',(#3958,#3998,#4038,#4060,#4082,#4094));
#3958 = ADVANCED_FACE('',(#3959),#3993,.T.);
#3959 = FACE_BOUND('',#3960,.T.);
#3960 = EDGE_LOOP('',(#3961,#3971,#3979,#3987));
#3961 = ORIENTED_EDGE('',*,*,#3962,.T.);
#3962 = EDGE_CURVE('',#3963,#3965,#3967,.T.);
#3963 = VERTEX_POINT('',#3964);
#3964 = CARTESIAN_POINT('',(3.65,-0.75,0.));
#3965 = VERTEX_POINT('',#3966);
#3966 = CARTESIAN_POINT('',(3.65,0.6,0.));
#3967 = LINE('',#3968,#3969);
#3968 = CARTESIAN_POINT('',(3.65,-0.75,0.));
#3969 = VECTOR('',#3970,1.);
#3970 = DIRECTION('',(0.,1.,0.));
#3971 = ORIENTED_EDGE('',*,*,#3972,.T.);
#3972 = EDGE_CURVE('',#3965,#3973,#3975,.T.);
#3973 = VERTEX_POINT('',#3974);
#3974 = CARTESIAN_POINT('',(3.85,0.6,0.));
#3975 = LINE('',#3976,#3977);
#3976 = CARTESIAN_POINT('',(3.65,0.6,0.));
#3977 = VECTOR('',#3978,1.);
#3978 = DIRECTION('',(1.,0.,0.));
#3979 = ORIENTED_EDGE('',*,*,#3980,.F.);
#3980 = EDGE_CURVE('',#3981,#3973,#3983,.T.);
#3981 = VERTEX_POINT('',#3982);
#3982 = CARTESIAN_POINT('',(3.85,-0.75,0.));
#3983 = LINE('',#3984,#3985);
#3984 = CARTESIAN_POINT('',(3.85,-0.75,0.));
#3985 = VECTOR('',#3986,1.);
#3986 = DIRECTION('',(0.,1.,0.));
#3987 = ORIENTED_EDGE('',*,*,#3988,.F.);
#3988 = EDGE_CURVE('',#3963,#3981,#3989,.T.);
#3989 = LINE('',#3990,#3991);
#3990 = CARTESIAN_POINT('',(3.65,-0.75,0.));
#3991 = VECTOR('',#3992,1.);
#3992 = DIRECTION('',(1.,0.,0.));
#3993 = PLANE('',#3994);
#3994 = AXIS2_PLACEMENT_3D('',#3995,#3996,#3997);
#3995 = CARTESIAN_POINT('',(3.65,-0.75,0.));
#3996 = DIRECTION('',(0.,0.,-1.));
#3997 = DIRECTION('',(1.,0.,0.));
#3998 = ADVANCED_FACE('',(#3999),#4033,.T.);
#3999 = FACE_BOUND('',#4000,.T.);
#4000 = EDGE_LOOP('',(#4001,#4011,#4019,#4027));
#4001 = ORIENTED_EDGE('',*,*,#4002,.T.);
#4002 = EDGE_CURVE('',#4003,#4005,#4007,.T.);
#4003 = VERTEX_POINT('',#4004);
#4004 = CARTESIAN_POINT('',(3.65,-0.75,0.15));
#4005 = VERTEX_POINT('',#4006);
#4006 = CARTESIAN_POINT('',(3.85,-0.75,0.15));
#4007 = LINE('',#4008,#4009);
#4008 = CARTESIAN_POINT('',(3.65,-0.75,0.15));
#4009 = VECTOR('',#4010,1.);
#4010 = DIRECTION('',(1.,0.,0.));
#4011 = ORIENTED_EDGE('',*,*,#4012,.T.);
#4012 = EDGE_CURVE('',#4005,#4013,#4015,.T.);
#4013 = VERTEX_POINT('',#4014);
#4014 = CARTESIAN_POINT('',(3.85,0.6,0.15));
#4015 = LINE('',#4016,#4017);
#4016 = CARTESIAN_POINT('',(3.85,-0.75,0.15));
#4017 = VECTOR('',#4018,1.);
#4018 = DIRECTION('',(0.,1.,0.));
#4019 = ORIENTED_EDGE('',*,*,#4020,.F.);
#4020 = EDGE_CURVE('',#4021,#4013,#4023,.T.);
#4021 = VERTEX_POINT('',#4022);
#4022 = CARTESIAN_POINT('',(3.65,0.6,0.15));
#4023 = LINE('',#4024,#4025);
#4024 = CARTESIAN_POINT('',(3.65,0.6,0.15));
#4025 = VECTOR('',#4026,1.);
#4026 = DIRECTION('',(1.,0.,0.));
#4027 = ORIENTED_EDGE('',*,*,#4028,.F.);
#4028 = EDGE_CURVE('',#4003,#4021,#4029,.T.);
#4029 = LINE('',#4030,#4031);
#4030 = CARTESIAN_POINT('',(3.65,-0.75,0.15));
#4031 = VECTOR('',#4032,1.);
#4032 = DIRECTION('',(0.,1.,0.));
#4033 = PLANE('',#4034);
#4034 = AXIS2_PLACEMENT_3D('',#4035,#4036,#4037);
#4035 = CARTESIAN_POINT('',(3.65,-0.75,0.15));
#4036 = DIRECTION('',(0.,0.,1.));
#4037 = DIRECTION('',(1.,0.,-0.));
#4038 = ADVANCED_FACE('',(#4039),#4055,.T.);
#4039 = FACE_BOUND('',#4040,.T.);
#4040 = EDGE_LOOP('',(#4041,#4042,#4048,#4049));
#4041 = ORIENTED_EDGE('',*,*,#3988,.T.);
#4042 = ORIENTED_EDGE('',*,*,#4043,.T.);
#4043 = EDGE_CURVE('',#3981,#4005,#4044,.T.);
#4044 = LINE('',#4045,#4046);
#4045 = CARTESIAN_POINT('',(3.85,-0.75,0.));
#4046 = VECTOR('',#4047,1.);
#4047 = DIRECTION('',(0.,0.,1.));
#4048 = ORIENTED_EDGE('',*,*,#4002,.F.);
#4049 = ORIENTED_EDGE('',*,*,#4050,.F.);
#4050 = EDGE_CURVE('',#3963,#4003,#4051,.T.);
#4051 = LINE('',#4052,#4053);
#4052 = CARTESIAN_POINT('',(3.65,-0.75,0.));
#4053 = VECTOR('',#4054,1.);
#4054 = DIRECTION('',(0.,0.,1.));
#4055 = PLANE('',#4056);
#4056 = AXIS2_PLACEMENT_3D('',#4057,#4058,#4059);
#4057 = CARTESIAN_POINT('',(3.65,-0.75,0.));
#4058 = DIRECTION('',(0.,-1.,0.));
#4059 = DIRECTION('',(1.,0.,0.));
#4060 = ADVANCED_FACE('',(#4061),#4077,.T.);
#4061 = FACE_BOUND('',#4062,.T.);
#4062 = EDGE_LOOP('',(#4063,#4069,#4070,#4076));
#4063 = ORIENTED_EDGE('',*,*,#4064,.T.);
#4064 = EDGE_CURVE('',#3965,#4021,#4065,.T.);
#4065 = LINE('',#4066,#4067);
#4066 = CARTESIAN_POINT('',(3.65,0.6,0.));
#4067 = VECTOR('',#4068,1.);
#4068 = DIRECTION('',(0.,0.,1.));
#4069 = ORIENTED_EDGE('',*,*,#4020,.T.);
#4070 = ORIENTED_EDGE('',*,*,#4071,.F.);
#4071 = EDGE_CURVE('',#3973,#4013,#4072,.T.);
#4072 = LINE('',#4073,#4074);
#4073 = CARTESIAN_POINT('',(3.85,0.6,0.));
#4074 = VECTOR('',#4075,1.);
#4075 = DIRECTION('',(0.,0.,1.));
#4076 = ORIENTED_EDGE('',*,*,#3972,.F.);
#4077 = PLANE('',#4078);
#4078 = AXIS2_PLACEMENT_3D('',#4079,#4080,#4081);
#4079 = CARTESIAN_POINT('',(3.65,0.6,0.));
#4080 = DIRECTION('',(0.,1.,0.));
#4081 = DIRECTION('',(1.,0.,0.));
#4082 = ADVANCED_FACE('',(#4083),#4089,.T.);
#4083 = FACE_BOUND('',#4084,.T.);
#4084 = EDGE_LOOP('',(#4085,#4086,#4087,#4088));
#4085 = ORIENTED_EDGE('',*,*,#4050,.T.);
#4086 = ORIENTED_EDGE('',*,*,#4028,.T.);
#4087 = ORIENTED_EDGE('',*,*,#4064,.F.);
#4088 = ORIENTED_EDGE('',*,*,#3962,.F.);
#4089 = PLANE('',#4090);
#4090 = AXIS2_PLACEMENT_3D('',#4091,#4092,#4093);
#4091 = CARTESIAN_POINT('',(3.65,-0.75,0.));
#4092 = DIRECTION('',(-1.,0.,0.));
#4093 = DIRECTION('',(0.,1.,0.));
#4094 = ADVANCED_FACE('',(#4095),#4101,.T.);
#4095 = FACE_BOUND('',#4096,.T.);
#4096 = EDGE_LOOP('',(#4097,#4098,#4099,#4100));
#4097 = ORIENTED_EDGE('',*,*,#3980,.T.);
#4098 = ORIENTED_EDGE('',*,*,#4071,.T.);
#4099 = ORIENTED_EDGE('',*,*,#4012,.F.);
#4100 = ORIENTED_EDGE('',*,*,#4043,.F.);
#4101 = PLANE('',#4102);
#4102 = AXIS2_PLACEMENT_3D('',#4103,#4104,#4105);
#4103 = CARTESIAN_POINT('',(3.85,-0.75,0.));
#4104 = DIRECTION('',(1.,0.,0.));
#4105 = DIRECTION('',(-0.,1.,0.));
#4106 = MANIFOLD_SOLID_BREP('',#4107);
#4107 = CLOSED_SHELL('',(#4108,#4148,#4188,#4210,#4232,#4244));
#4108 = ADVANCED_FACE('',(#4109),#4143,.T.);
#4109 = FACE_BOUND('',#4110,.T.);
#4110 = EDGE_LOOP('',(#4111,#4121,#4129,#4137));
#4111 = ORIENTED_EDGE('',*,*,#4112,.T.);
#4112 = EDGE_CURVE('',#4113,#4115,#4117,.T.);
#4113 = VERTEX_POINT('',#4114);
#4114 = CARTESIAN_POINT('',(4.15,-0.75,0.));
#4115 = VERTEX_POINT('',#4116);
#4116 = CARTESIAN_POINT('',(4.15,0.6,0.));
#4117 = LINE('',#4118,#4119);
#4118 = CARTESIAN_POINT('',(4.15,-0.75,0.));
#4119 = VECTOR('',#4120,1.);
#4120 = DIRECTION('',(0.,1.,0.));
#4121 = ORIENTED_EDGE('',*,*,#4122,.T.);
#4122 = EDGE_CURVE('',#4115,#4123,#4125,.T.);
#4123 = VERTEX_POINT('',#4124);
#4124 = CARTESIAN_POINT('',(4.35,0.6,0.));
#4125 = LINE('',#4126,#4127);
#4126 = CARTESIAN_POINT('',(4.15,0.6,0.));
#4127 = VECTOR('',#4128,1.);
#4128 = DIRECTION('',(1.,0.,0.));
#4129 = ORIENTED_EDGE('',*,*,#4130,.F.);
#4130 = EDGE_CURVE('',#4131,#4123,#4133,.T.);
#4131 = VERTEX_POINT('',#4132);
#4132 = CARTESIAN_POINT('',(4.35,-0.75,0.));
#4133 = LINE('',#4134,#4135);
#4134 = CARTESIAN_POINT('',(4.35,-0.75,0.));
#4135 = VECTOR('',#4136,1.);
#4136 = DIRECTION('',(0.,1.,0.));
#4137 = ORIENTED_EDGE('',*,*,#4138,.F.);
#4138 = EDGE_CURVE('',#4113,#4131,#4139,.T.);
#4139 = LINE('',#4140,#4141);
#4140 = CARTESIAN_POINT('',(4.15,-0.75,0.));
#4141 = VECTOR('',#4142,1.);
#4142 = DIRECTION('',(1.,0.,0.));
#4143 = PLANE('',#4144);
#4144 = AXIS2_PLACEMENT_3D('',#4145,#4146,#4147);
#4145 = CARTESIAN_POINT('',(4.15,-0.75,0.));
#4146 = DIRECTION('',(0.,0.,-1.));
#4147 = DIRECTION('',(1.,0.,0.));
#4148 = ADVANCED_FACE('',(#4149),#4183,.T.);
#4149 = FACE_BOUND('',#4150,.T.);
#4150 = EDGE_LOOP('',(#4151,#4161,#4169,#4177));
#4151 = ORIENTED_EDGE('',*,*,#4152,.T.);
#4152 = EDGE_CURVE('',#4153,#4155,#4157,.T.);
#4153 = VERTEX_POINT('',#4154);
#4154 = CARTESIAN_POINT('',(4.15,-0.75,0.15));
#4155 = VERTEX_POINT('',#4156);
#4156 = CARTESIAN_POINT('',(4.35,-0.75,0.15));
#4157 = LINE('',#4158,#4159);
#4158 = CARTESIAN_POINT('',(4.15,-0.75,0.15));
#4159 = VECTOR('',#4160,1.);
#4160 = DIRECTION('',(1.,0.,0.));
#4161 = ORIENTED_EDGE('',*,*,#4162,.T.);
#4162 = EDGE_CURVE('',#4155,#4163,#4165,.T.);
#4163 = VERTEX_POINT('',#4164);
#4164 = CARTESIAN_POINT('',(4.35,0.6,0.15));
#4165 = LINE('',#4166,#4167);
#4166 = CARTESIAN_POINT('',(4.35,-0.75,0.15));
#4167 = VECTOR('',#4168,1.);
#4168 = DIRECTION('',(0.,1.,0.));
#4169 = ORIENTED_EDGE('',*,*,#4170,.F.);
#4170 = EDGE_CURVE('',#4171,#4163,#4173,.T.);
#4171 = VERTEX_POINT('',#4172);
#4172 = CARTESIAN_POINT('',(4.15,0.6,0.15));
#4173 = LINE('',#4174,#4175);
#4174 = CARTESIAN_POINT('',(4.15,0.6,0.15));
#4175 = VECTOR('',#4176,1.);
#4176 = DIRECTION('',(1.,0.,0.));
#4177 = ORIENTED_EDGE('',*,*,#4178,.F.);
#4178 = EDGE_CURVE('',#4153,#4171,#4179,.T.);
#4179 = LINE('',#4180,#4181);
#4180 = CARTESIAN_POINT('',(4.15,-0.75,0.15));
#4181 = VECTOR('',#4182,1.);
#4182 = DIRECTION('',(0.,1.,0.));
#4183 = PLANE('',#4184);
#4184 = AXIS2_PLACEMENT_3D('',#4185,#4186,#4187);
#4185 = CARTESIAN_POINT('',(4.15,-0.75,0.15));
#4186 = DIRECTION('',(0.,0.,1.));
#4187 = DIRECTION('',(1.,0.,-0.));
#4188 = ADVANCED_FACE('',(#4189),#4205,.T.);
#4189 = FACE_BOUND('',#4190,.T.);
#4190 = EDGE_LOOP('',(#4191,#4192,#4198,#4199));
#4191 = ORIENTED_EDGE('',*,*,#4138,.T.);
#4192 = ORIENTED_EDGE('',*,*,#4193,.T.);
#4193 = EDGE_CURVE('',#4131,#4155,#4194,.T.);
#4194 = LINE('',#4195,#4196);
#4195 = CARTESIAN_POINT('',(4.35,-0.75,0.));
#4196 = VECTOR('',#4197,1.);
#4197 = DIRECTION('',(0.,0.,1.));
#4198 = ORIENTED_EDGE('',*,*,#4152,.F.);
#4199 = ORIENTED_EDGE('',*,*,#4200,.F.);
#4200 = EDGE_CURVE('',#4113,#4153,#4201,.T.);
#4201 = LINE('',#4202,#4203);
#4202 = CARTESIAN_POINT('',(4.15,-0.75,0.));
#4203 = VECTOR('',#4204,1.);
#4204 = DIRECTION('',(0.,0.,1.));
#4205 = PLANE('',#4206);
#4206 = AXIS2_PLACEMENT_3D('',#4207,#4208,#4209);
#4207 = CARTESIAN_POINT('',(4.15,-0.75,0.));
#4208 = DIRECTION('',(0.,-1.,0.));
#4209 = DIRECTION('',(1.,0.,0.));
#4210 = ADVANCED_FACE('',(#4211),#4227,.T.);
#4211 = FACE_BOUND('',#4212,.T.);
#4212 = EDGE_LOOP('',(#4213,#4219,#4220,#4226));
#4213 = ORIENTED_EDGE('',*,*,#4214,.T.);
#4214 = EDGE_CURVE('',#4115,#4171,#4215,.T.);
#4215 = LINE('',#4216,#4217);
#4216 = CARTESIAN_POINT('',(4.15,0.6,0.));
#4217 = VECTOR('',#4218,1.);
#4218 = DIRECTION('',(0.,0.,1.));
#4219 = ORIENTED_EDGE('',*,*,#4170,.T.);
#4220 = ORIENTED_EDGE('',*,*,#4221,.F.);
#4221 = EDGE_CURVE('',#4123,#4163,#4222,.T.);
#4222 = LINE('',#4223,#4224);
#4223 = CARTESIAN_POINT('',(4.35,0.6,0.));
#4224 = VECTOR('',#4225,1.);
#4225 = DIRECTION('',(0.,0.,1.));
#4226 = ORIENTED_EDGE('',*,*,#4122,.F.);
#4227 = PLANE('',#4228);
#4228 = AXIS2_PLACEMENT_3D('',#4229,#4230,#4231);
#4229 = CARTESIAN_POINT('',(4.15,0.6,0.));
#4230 = DIRECTION('',(0.,1.,0.));
#4231 = DIRECTION('',(1.,0.,0.));
#4232 = ADVANCED_FACE('',(#4233),#4239,.T.);
#4233 = FACE_BOUND('',#4234,.T.);
#4234 = EDGE_LOOP('',(#4235,#4236,#4237,#4238));
#4235 = ORIENTED_EDGE('',*,*,#4200,.T.);
#4236 = ORIENTED_EDGE('',*,*,#4178,.T.);
#4237 = ORIENTED_EDGE('',*,*,#4214,.F.);
#4238 = ORIENTED_EDGE('',*,*,#4112,.F.);
#4239 = PLANE('',#4240);
#4240 = AXIS2_PLACEMENT_3D('',#4241,#4242,#4243);
#4241 = CARTESIAN_POINT('',(4.15,-0.75,0.));
#4242 = DIRECTION('',(-1.,0.,0.));
#4243 = DIRECTION('',(0.,1.,0.));
#4244 = ADVANCED_FACE('',(#4245),#4251,.T.);
#4245 = FACE_BOUND('',#4246,.T.);
#4246 = EDGE_LOOP('',(#4247,#4248,#4249,#4250));
#4247 = ORIENTED_EDGE('',*,*,#4130,.T.);
#4248 = ORIENTED_EDGE('',*,*,#4221,.T.);
#4249 = ORIENTED_EDGE('',*,*,#4162,.F.);
#4250 = ORIENTED_EDGE('',*,*,#4193,.F.);
#4251 = PLANE('',#4252);
#4252 = AXIS2_PLACEMENT_3D('',#4253,#4254,#4255);
#4253 = CARTESIAN_POINT('',(4.35,-0.75,0.));
#4254 = DIRECTION('',(1.,0.,0.));
#4255 = DIRECTION('',(-0.,1.,0.));
#4256 = MANIFOLD_SOLID_BREP('',#4257);
#4257 = CLOSED_SHELL('',(#4258,#4298,#4338,#4360,#4382,#4394));
#4258 = ADVANCED_FACE('',(#4259),#4293,.T.);
#4259 = FACE_BOUND('',#4260,.T.);
#4260 = EDGE_LOOP('',(#4261,#4271,#4279,#4287));
#4261 = ORIENTED_EDGE('',*,*,#4262,.T.);
#4262 = EDGE_CURVE('',#4263,#4265,#4267,.T.);
#4263 = VERTEX_POINT('',#4264);
#4264 = CARTESIAN_POINT('',(4.65,-0.75,0.));
#4265 = VERTEX_POINT('',#4266);
#4266 = CARTESIAN_POINT('',(4.65,0.6,0.));
#4267 = LINE('',#4268,#4269);
#4268 = CARTESIAN_POINT('',(4.65,-0.75,0.));
#4269 = VECTOR('',#4270,1.);
#4270 = DIRECTION('',(0.,1.,0.));
#4271 = ORIENTED_EDGE('',*,*,#4272,.T.);
#4272 = EDGE_CURVE('',#4265,#4273,#4275,.T.);
#4273 = VERTEX_POINT('',#4274);
#4274 = CARTESIAN_POINT('',(4.85,0.6,0.));
#4275 = LINE('',#4276,#4277);
#4276 = CARTESIAN_POINT('',(4.65,0.6,0.));
#4277 = VECTOR('',#4278,1.);
#4278 = DIRECTION('',(1.,0.,0.));
#4279 = ORIENTED_EDGE('',*,*,#4280,.F.);
#4280 = EDGE_CURVE('',#4281,#4273,#4283,.T.);
#4281 = VERTEX_POINT('',#4282);
#4282 = CARTESIAN_POINT('',(4.85,-0.75,0.));
#4283 = LINE('',#4284,#4285);
#4284 = CARTESIAN_POINT('',(4.85,-0.75,0.));
#4285 = VECTOR('',#4286,1.);
#4286 = DIRECTION('',(0.,1.,0.));
#4287 = ORIENTED_EDGE('',*,*,#4288,.F.);
#4288 = EDGE_CURVE('',#4263,#4281,#4289,.T.);
#4289 = LINE('',#4290,#4291);
#4290 = CARTESIAN_POINT('',(4.65,-0.75,0.));
#4291 = VECTOR('',#4292,1.);
#4292 = DIRECTION('',(1.,0.,0.));
#4293 = PLANE('',#4294);
#4294 = AXIS2_PLACEMENT_3D('',#4295,#4296,#4297);
#4295 = CARTESIAN_POINT('',(4.65,-0.75,0.));
#4296 = DIRECTION('',(0.,0.,-1.));
#4297 = DIRECTION('',(1.,0.,0.));
#4298 = ADVANCED_FACE('',(#4299),#4333,.T.);
#4299 = FACE_BOUND('',#4300,.T.);
#4300 = EDGE_LOOP('',(#4301,#4311,#4319,#4327));
#4301 = ORIENTED_EDGE('',*,*,#4302,.T.);
#4302 = EDGE_CURVE('',#4303,#4305,#4307,.T.);
#4303 = VERTEX_POINT('',#4304);
#4304 = CARTESIAN_POINT('',(4.65,-0.75,0.15));
#4305 = VERTEX_POINT('',#4306);
#4306 = CARTESIAN_POINT('',(4.85,-0.75,0.15));
#4307 = LINE('',#4308,#4309);
#4308 = CARTESIAN_POINT('',(4.65,-0.75,0.15));
#4309 = VECTOR('',#4310,1.);
#4310 = DIRECTION('',(1.,0.,0.));
#4311 = ORIENTED_EDGE('',*,*,#4312,.T.);
#4312 = EDGE_CURVE('',#4305,#4313,#4315,.T.);
#4313 = VERTEX_POINT('',#4314);
#4314 = CARTESIAN_POINT('',(4.85,0.6,0.15));
#4315 = LINE('',#4316,#4317);
#4316 = CARTESIAN_POINT('',(4.85,-0.75,0.15));
#4317 = VECTOR('',#4318,1.);
#4318 = DIRECTION('',(0.,1.,0.));
#4319 = ORIENTED_EDGE('',*,*,#4320,.F.);
#4320 = EDGE_CURVE('',#4321,#4313,#4323,.T.);
#4321 = VERTEX_POINT('',#4322);
#4322 = CARTESIAN_POINT('',(4.65,0.6,0.15));
#4323 = LINE('',#4324,#4325);
#4324 = CARTESIAN_POINT('',(4.65,0.6,0.15));
#4325 = VECTOR('',#4326,1.);
#4326 = DIRECTION('',(1.,0.,0.));
#4327 = ORIENTED_EDGE('',*,*,#4328,.F.);
#4328 = EDGE_CURVE('',#4303,#4321,#4329,.T.);
#4329 = LINE('',#4330,#4331);
#4330 = CARTESIAN_POINT('',(4.65,-0.75,0.15));
#4331 = VECTOR('',#4332,1.);
#4332 = DIRECTION('',(0.,1.,0.));
#4333 = PLANE('',#4334);
#4334 = AXIS2_PLACEMENT_3D('',#4335,#4336,#4337);
#4335 = CARTESIAN_POINT('',(4.65,-0.75,0.15));
#4336 = DIRECTION('',(0.,0.,1.));
#4337 = DIRECTION('',(1.,0.,-0.));
#4338 = ADVANCED_FACE('',(#4339),#4355,.T.);
#4339 = FACE_BOUND('',#4340,.T.);
#4340 = EDGE_LOOP('',(#4341,#4342,#4348,#4349));
#4341 = ORIENTED_EDGE('',*,*,#4288,.T.);
#4342 = ORIENTED_EDGE('',*,*,#4343,.T.);
#4343 = EDGE_CURVE('',#4281,#4305,#4344,.T.);
#4344 = LINE('',#4345,#4346);
#4345 = CARTESIAN_POINT('',(4.85,-0.75,0.));
#4346 = VECTOR('',#4347,1.);
#4347 = DIRECTION('',(0.,0.,1.));
#4348 = ORIENTED_EDGE('',*,*,#4302,.F.);
#4349 = ORIENTED_EDGE('',*,*,#4350,.F.);
#4350 = EDGE_CURVE('',#4263,#4303,#4351,.T.);
#4351 = LINE('',#4352,#4353);
#4352 = CARTESIAN_POINT('',(4.65,-0.75,0.));
#4353 = VECTOR('',#4354,1.);
#4354 = DIRECTION('',(0.,0.,1.));
#4355 = PLANE('',#4356);
#4356 = AXIS2_PLACEMENT_3D('',#4357,#4358,#4359);
#4357 = CARTESIAN_POINT('',(4.65,-0.75,0.));
#4358 = DIRECTION('',(0.,-1.,0.));
#4359 = DIRECTION('',(1.,0.,0.));
#4360 = ADVANCED_FACE('',(#4361),#4377,.T.);
#4361 = FACE_BOUND('',#4362,.T.);
#4362 = EDGE_LOOP('',(#4363,#4369,#4370,#4376));
#4363 = ORIENTED_EDGE('',*,*,#4364,.T.);
#4364 = EDGE_CURVE('',#4265,#4321,#4365,.T.);
#4365 = LINE('',#4366,#4367);
#4366 = CARTESIAN_POINT('',(4.65,0.6,0.));
#4367 = VECTOR('',#4368,1.);
#4368 = DIRECTION('',(0.,0.,1.));
#4369 = ORIENTED_EDGE('',*,*,#4320,.T.);
#4370 = ORIENTED_EDGE('',*,*,#4371,.F.);
#4371 = EDGE_CURVE('',#4273,#4313,#4372,.T.);
#4372 = LINE('',#4373,#4374);
#4373 = CARTESIAN_POINT('',(4.85,0.6,0.));
#4374 = VECTOR('',#4375,1.);
#4375 = DIRECTION('',(0.,0.,1.));
#4376 = ORIENTED_EDGE('',*,*,#4272,.F.);
#4377 = PLANE('',#4378);
#4378 = AXIS2_PLACEMENT_3D('',#4379,#4380,#4381);
#4379 = CARTESIAN_POINT('',(4.65,0.6,0.));
#4380 = DIRECTION('',(0.,1.,0.));
#4381 = DIRECTION('',(1.,0.,0.));
#4382 = ADVANCED_FACE('',(#4383),#4389,.T.);
#4383 = FACE_BOUND('',#4384,.T.);
#4384 = EDGE_LOOP('',(#4385,#4386,#4387,#4388));
#4385 = ORIENTED_EDGE('',*,*,#4350,.T.);
#4386 = ORIENTED_EDGE('',*,*,#4328,.T.);
#4387 = ORIENTED_EDGE('',*,*,#4364,.F.);
#4388 = ORIENTED_EDGE('',*,*,#4262,.F.);
#4389 = PLANE('',#4390);
#4390 = AXIS2_PLACEMENT_3D('',#4391,#4392,#4393);
#4391 = CARTESIAN_POINT('',(4.65,-0.75,0.));
#4392 = DIRECTION('',(-1.,0.,0.));
#4393 = DIRECTION('',(0.,1.,0.));
#4394 = ADVANCED_FACE('',(#4395),#4401,.T.);
#4395 = FACE_BOUND('',#4396,.T.);
#4396 = EDGE_LOOP('',(#4397,#4398,#4399,#4400));
#4397 = ORIENTED_EDGE('',*,*,#4280,.T.);
#4398 = ORIENTED_EDGE('',*,*,#4371,.T.);
#4399 = ORIENTED_EDGE('',*,*,#4312,.F.);
#4400 = ORIENTED_EDGE('',*,*,#4343,.F.);
#4401 = PLANE('',#4402);
#4402 = AXIS2_PLACEMENT_3D('',#4403,#4404,#4405);
#4403 = CARTESIAN_POINT('',(4.85,-0.75,0.));
#4404 = DIRECTION('',(1.,0.,0.));
#4405 = DIRECTION('',(-0.,1.,0.));
#4406 = MANIFOLD_SOLID_BREP('',#4407);
#4407 = CLOSED_SHELL('',(#4408,#4448,#4488,#4510,#4532,#4544));
#4408 = ADVANCED_FACE('',(#4409),#4443,.T.);
#4409 = FACE_BOUND('',#4410,.T.);
#4410 = EDGE_LOOP('',(#4411,#4421,#4429,#4437));
#4411 = ORIENTED_EDGE('',*,*,#4412,.T.);
#4412 = EDGE_CURVE('',#4413,#4415,#4417,.T.);
#4413 = VERTEX_POINT('',#4414);
#4414 = CARTESIAN_POINT('',(5.15,-0.75,0.));
#4415 = VERTEX_POINT('',#4416);
#4416 = CARTESIAN_POINT('',(5.15,0.6,0.));
#4417 = LINE('',#4418,#4419);
#4418 = CARTESIAN_POINT('',(5.15,-0.75,0.));
#4419 = VECTOR('',#4420,1.);
#4420 = DIRECTION('',(0.,1.,0.));
#4421 = ORIENTED_EDGE('',*,*,#4422,.T.);
#4422 = EDGE_CURVE('',#4415,#4423,#4425,.T.);
#4423 = VERTEX_POINT('',#4424);
#4424 = CARTESIAN_POINT('',(5.35,0.6,0.));
#4425 = LINE('',#4426,#4427);
#4426 = CARTESIAN_POINT('',(5.15,0.6,0.));
#4427 = VECTOR('',#4428,1.);
#4428 = DIRECTION('',(1.,0.,0.));
#4429 = ORIENTED_EDGE('',*,*,#4430,.F.);
#4430 = EDGE_CURVE('',#4431,#4423,#4433,.T.);
#4431 = VERTEX_POINT('',#4432);
#4432 = CARTESIAN_POINT('',(5.35,-0.75,0.));
#4433 = LINE('',#4434,#4435);
#4434 = CARTESIAN_POINT('',(5.35,-0.75,0.));
#4435 = VECTOR('',#4436,1.);
#4436 = DIRECTION('',(0.,1.,0.));
#4437 = ORIENTED_EDGE('',*,*,#4438,.F.);
#4438 = EDGE_CURVE('',#4413,#4431,#4439,.T.);
#4439 = LINE('',#4440,#4441);
#4440 = CARTESIAN_POINT('',(5.15,-0.75,0.));
#4441 = VECTOR('',#4442,1.);
#4442 = DIRECTION('',(1.,0.,0.));
#4443 = PLANE('',#4444);
#4444 = AXIS2_PLACEMENT_3D('',#4445,#4446,#4447);
#4445 = CARTESIAN_POINT('',(5.15,-0.75,0.));
#4446 = DIRECTION('',(0.,0.,-1.));
#4447 = DIRECTION('',(1.,0.,0.));
#4448 = ADVANCED_FACE('',(#4449),#4483,.T.);
#4449 = FACE_BOUND('',#4450,.T.);
#4450 = EDGE_LOOP('',(#4451,#4461,#4469,#4477));
#4451 = ORIENTED_EDGE('',*,*,#4452,.T.);
#4452 = EDGE_CURVE('',#4453,#4455,#4457,.T.);
#4453 = VERTEX_POINT('',#4454);
#4454 = CARTESIAN_POINT('',(5.15,-0.75,0.15));
#4455 = VERTEX_POINT('',#4456);
#4456 = CARTESIAN_POINT('',(5.35,-0.75,0.15));
#4457 = LINE('',#4458,#4459);
#4458 = CARTESIAN_POINT('',(5.15,-0.75,0.15));
#4459 = VECTOR('',#4460,1.);
#4460 = DIRECTION('',(1.,0.,0.));
#4461 = ORIENTED_EDGE('',*,*,#4462,.T.);
#4462 = EDGE_CURVE('',#4455,#4463,#4465,.T.);
#4463 = VERTEX_POINT('',#4464);
#4464 = CARTESIAN_POINT('',(5.35,0.6,0.15));
#4465 = LINE('',#4466,#4467);
#4466 = CARTESIAN_POINT('',(5.35,-0.75,0.15));
#4467 = VECTOR('',#4468,1.);
#4468 = DIRECTION('',(0.,1.,0.));
#4469 = ORIENTED_EDGE('',*,*,#4470,.F.);
#4470 = EDGE_CURVE('',#4471,#4463,#4473,.T.);
#4471 = VERTEX_POINT('',#4472);
#4472 = CARTESIAN_POINT('',(5.15,0.6,0.15));
#4473 = LINE('',#4474,#4475);
#4474 = CARTESIAN_POINT('',(5.15,0.6,0.15));
#4475 = VECTOR('',#4476,1.);
#4476 = DIRECTION('',(1.,0.,0.));
#4477 = ORIENTED_EDGE('',*,*,#4478,.F.);
#4478 = EDGE_CURVE('',#4453,#4471,#4479,.T.);
#4479 = LINE('',#4480,#4481);
#4480 = CARTESIAN_POINT('',(5.15,-0.75,0.15));
#4481 = VECTOR('',#4482,1.);
#4482 = DIRECTION('',(0.,1.,0.));
#4483 = PLANE('',#4484);
#4484 = AXIS2_PLACEMENT_3D('',#4485,#4486,#4487);
#4485 = CARTESIAN_POINT('',(5.15,-0.75,0.15));
#4486 = DIRECTION('',(0.,0.,1.));
#4487 = DIRECTION('',(1.,0.,-0.));
#4488 = ADVANCED_FACE('',(#4489),#4505,.T.);
#4489 = FACE_BOUND('',#4490,.T.);
#4490 = EDGE_LOOP('',(#4491,#4492,#4498,#4499));
#4491 = ORIENTED_EDGE('',*,*,#4438,.T.);
#4492 = ORIENTED_EDGE('',*,*,#4493,.T.);
#4493 = EDGE_CURVE('',#4431,#4455,#4494,.T.);
#4494 = LINE('',#4495,#4496);
#4495 = CARTESIAN_POINT('',(5.35,-0.75,0.));
#4496 = VECTOR('',#4497,1.);
#4497 = DIRECTION('',(0.,0.,1.));
#4498 = ORIENTED_EDGE('',*,*,#4452,.F.);
#4499 = ORIENTED_EDGE('',*,*,#4500,.F.);
#4500 = EDGE_CURVE('',#4413,#4453,#4501,.T.);
#4501 = LINE('',#4502,#4503);
#4502 = CARTESIAN_POINT('',(5.15,-0.75,0.));
#4503 = VECTOR('',#4504,1.);
#4504 = DIRECTION('',(0.,0.,1.));
#4505 = PLANE('',#4506);
#4506 = AXIS2_PLACEMENT_3D('',#4507,#4508,#4509);
#4507 = CARTESIAN_POINT('',(5.15,-0.75,0.));
#4508 = DIRECTION('',(0.,-1.,0.));
#4509 = DIRECTION('',(1.,0.,0.));
#4510 = ADVANCED_FACE('',(#4511),#4527,.T.);
#4511 = FACE_BOUND('',#4512,.T.);
#4512 = EDGE_LOOP('',(#4513,#4519,#4520,#4526));
#4513 = ORIENTED_EDGE('',*,*,#4514,.T.);
#4514 = EDGE_CURVE('',#4415,#4471,#4515,.T.);
#4515 = LINE('',#4516,#4517);
#4516 = CARTESIAN_POINT('',(5.15,0.6,0.));
#4517 = VECTOR('',#4518,1.);
#4518 = DIRECTION('',(0.,0.,1.));
#4519 = ORIENTED_EDGE('',*,*,#4470,.T.);
#4520 = ORIENTED_EDGE('',*,*,#4521,.F.);
#4521 = EDGE_CURVE('',#4423,#4463,#4522,.T.);
#4522 = LINE('',#4523,#4524);
#4523 = CARTESIAN_POINT('',(5.35,0.6,0.));
#4524 = VECTOR('',#4525,1.);
#4525 = DIRECTION('',(0.,0.,1.));
#4526 = ORIENTED_EDGE('',*,*,#4422,.F.);
#4527 = PLANE('',#4528);
#4528 = AXIS2_PLACEMENT_3D('',#4529,#4530,#4531);
#4529 = CARTESIAN_POINT('',(5.15,0.6,0.));
#4530 = DIRECTION('',(0.,1.,0.));
#4531 = DIRECTION('',(1.,0.,0.));
#4532 = ADVANCED_FACE('',(#4533),#4539,.T.);
#4533 = FACE_BOUND('',#4534,.T.);
#4534 = EDGE_LOOP('',(#4535,#4536,#4537,#4538));
#4535 = ORIENTED_EDGE('',*,*,#4500,.T.);
#4536 = ORIENTED_EDGE('',*,*,#4478,.T.);
#4537 = ORIENTED_EDGE('',*,*,#4514,.F.);
#4538 = ORIENTED_EDGE('',*,*,#4412,.F.);
#4539 = PLANE('',#4540);
#4540 = AXIS2_PLACEMENT_3D('',#4541,#4542,#4543);
#4541 = CARTESIAN_POINT('',(5.15,-0.75,0.));
#4542 = DIRECTION('',(-1.,0.,0.));
#4543 = DIRECTION('',(0.,1.,0.));
#4544 = ADVANCED_FACE('',(#4545),#4551,.T.);
#4545 = FACE_BOUND('',#4546,.T.);
#4546 = EDGE_LOOP('',(#4547,#4548,#4549,#4550));
#4547 = ORIENTED_EDGE('',*,*,#4430,.T.);
#4548 = ORIENTED_EDGE('',*,*,#4521,.T.);
#4549 = ORIENTED_EDGE('',*,*,#4462,.F.);
#4550 = ORIENTED_EDGE('',*,*,#4493,.F.);
#4551 = PLANE('',#4552);
#4552 = AXIS2_PLACEMENT_3D('',#4553,#4554,#4555);
#4553 = CARTESIAN_POINT('',(5.35,-0.75,0.));
#4554 = DIRECTION('',(1.,0.,0.));
#4555 = DIRECTION('',(-0.,1.,0.));
#4556 = MANIFOLD_SOLID_BREP('',#4557);
#4557 = CLOSED_SHELL('',(#4558,#4598,#4638,#4660,#4682,#4694));
#4558 = ADVANCED_FACE('',(#4559),#4593,.T.);
#4559 = FACE_BOUND('',#4560,.T.);
#4560 = EDGE_LOOP('',(#4561,#4571,#4579,#4587));
#4561 = ORIENTED_EDGE('',*,*,#4562,.T.);
#4562 = EDGE_CURVE('',#4563,#4565,#4567,.T.);
#4563 = VERTEX_POINT('',#4564);
#4564 = CARTESIAN_POINT('',(5.65,-0.75,0.));
#4565 = VERTEX_POINT('',#4566);
#4566 = CARTESIAN_POINT('',(5.65,0.6,0.));
#4567 = LINE('',#4568,#4569);
#4568 = CARTESIAN_POINT('',(5.65,-0.75,0.));
#4569 = VECTOR('',#4570,1.);
#4570 = DIRECTION('',(0.,1.,0.));
#4571 = ORIENTED_EDGE('',*,*,#4572,.T.);
#4572 = EDGE_CURVE('',#4565,#4573,#4575,.T.);
#4573 = VERTEX_POINT('',#4574);
#4574 = CARTESIAN_POINT('',(5.85,0.6,0.));
#4575 = LINE('',#4576,#4577);
#4576 = CARTESIAN_POINT('',(5.65,0.6,0.));
#4577 = VECTOR('',#4578,1.);
#4578 = DIRECTION('',(1.,0.,0.));
#4579 = ORIENTED_EDGE('',*,*,#4580,.F.);
#4580 = EDGE_CURVE('',#4581,#4573,#4583,.T.);
#4581 = VERTEX_POINT('',#4582);
#4582 = CARTESIAN_POINT('',(5.85,-0.75,0.));
#4583 = LINE('',#4584,#4585);
#4584 = CARTESIAN_POINT('',(5.85,-0.75,0.));
#4585 = VECTOR('',#4586,1.);
#4586 = DIRECTION('',(0.,1.,0.));
#4587 = ORIENTED_EDGE('',*,*,#4588,.F.);
#4588 = EDGE_CURVE('',#4563,#4581,#4589,.T.);
#4589 = LINE('',#4590,#4591);
#4590 = CARTESIAN_POINT('',(5.65,-0.75,0.));
#4591 = VECTOR('',#4592,1.);
#4592 = DIRECTION('',(1.,0.,0.));
#4593 = PLANE('',#4594);
#4594 = AXIS2_PLACEMENT_3D('',#4595,#4596,#4597);
#4595 = CARTESIAN_POINT('',(5.65,-0.75,0.));
#4596 = DIRECTION('',(0.,0.,-1.));
#4597 = DIRECTION('',(1.,0.,0.));
#4598 = ADVANCED_FACE('',(#4599),#4633,.T.);
#4599 = FACE_BOUND('',#4600,.T.);
#4600 = EDGE_LOOP('',(#4601,#4611,#4619,#4627));
#4601 = ORIENTED_EDGE('',*,*,#4602,.T.);
#4602 = EDGE_CURVE('',#4603,#4605,#4607,.T.);
#4603 = VERTEX_POINT('',#4604);
#4604 = CARTESIAN_POINT('',(5.65,-0.75,0.15));
#4605 = VERTEX_POINT('',#4606);
#4606 = CARTESIAN_POINT('',(5.85,-0.75,0.15));
#4607 = LINE('',#4608,#4609);
#4608 = CARTESIAN_POINT('',(5.65,-0.75,0.15));
#4609 = VECTOR('',#4610,1.);
#4610 = DIRECTION('',(1.,0.,0.));
#4611 = ORIENTED_EDGE('',*,*,#4612,.T.);
#4612 = EDGE_CURVE('',#4605,#4613,#4615,.T.);
#4613 = VERTEX_POINT('',#4614);
#4614 = CARTESIAN_POINT('',(5.85,0.6,0.15));
#4615 = LINE('',#4616,#4617);
#4616 = CARTESIAN_POINT('',(5.85,-0.75,0.15));
#4617 = VECTOR('',#4618,1.);
#4618 = DIRECTION('',(0.,1.,0.));
#4619 = ORIENTED_EDGE('',*,*,#4620,.F.);
#4620 = EDGE_CURVE('',#4621,#4613,#4623,.T.);
#4621 = VERTEX_POINT('',#4622);
#4622 = CARTESIAN_POINT('',(5.65,0.6,0.15));
#4623 = LINE('',#4624,#4625);
#4624 = CARTESIAN_POINT('',(5.65,0.6,0.15));
#4625 = VECTOR('',#4626,1.);
#4626 = DIRECTION('',(1.,0.,0.));
#4627 = ORIENTED_EDGE('',*,*,#4628,.F.);
#4628 = EDGE_CURVE('',#4603,#4621,#4629,.T.);
#4629 = LINE('',#4630,#4631);
#4630 = CARTESIAN_POINT('',(5.65,-0.75,0.15));
#4631 = VECTOR('',#4632,1.);
#4632 = DIRECTION('',(0.,1.,0.));
#4633 = PLANE('',#4634);
#4634 = AXIS2_PLACEMENT_3D('',#4635,#4636,#4637);
#4635 = CARTESIAN_POINT('',(5.65,-0.75,0.15));
#4636 = DIRECTION('',(0.,0.,1.));
#4637 = DIRECTION('',(1.,0.,-0.));
#4638 = ADVANCED_FACE('',(#4639),#4655,.T.);
#4639 = FACE_BOUND('',#4640,.T.);
#4640 = EDGE_LOOP('',(#4641,#4642,#4648,#4649));
#4641 = ORIENTED_EDGE('',*,*,#4588,.T.);
#4642 = ORIENTED_EDGE('',*,*,#4643,.T.);
#4643 = EDGE_CURVE('',#4581,#4605,#4644,.T.);
#4644 = LINE('',#4645,#4646);
#4645 = CARTESIAN_POINT('',(5.85,-0.75,0.));
#4646 = VECTOR('',#4647,1.);
#4647 = DIRECTION('',(0.,0.,1.));
#4648 = ORIENTED_EDGE('',*,*,#4602,.F.);
#4649 = ORIENTED_EDGE('',*,*,#4650,.F.);
#4650 = EDGE_CURVE('',#4563,#4603,#4651,.T.);
#4651 = LINE('',#4652,#4653);
#4652 = CARTESIAN_POINT('',(5.65,-0.75,0.));
#4653 = VECTOR('',#4654,1.);
#4654 = DIRECTION('',(0.,0.,1.));
#4655 = PLANE('',#4656);
#4656 = AXIS2_PLACEMENT_3D('',#4657,#4658,#4659);
#4657 = CARTESIAN_POINT('',(5.65,-0.75,0.));
#4658 = DIRECTION('',(0.,-1.,0.));
#4659 = DIRECTION('',(1.,0.,0.));
#4660 = ADVANCED_FACE('',(#4661),#4677,.T.);
#4661 = FACE_BOUND('',#4662,.T.);
#4662 = EDGE_LOOP('',(#4663,#4669,#4670,#4676));
#4663 = ORIENTED_EDGE('',*,*,#4664,.T.);
#4664 = EDGE_CURVE('',#4565,#4621,#4665,.T.);
#4665 = LINE('',#4666,#4667);
#4666 = CARTESIAN_POINT('',(5.65,0.6,0.));
#4667 = VECTOR('',#4668,1.);
#4668 = DIRECTION('',(0.,0.,1.));
#4669 = ORIENTED_EDGE('',*,*,#4620,.T.);
#4670 = ORIENTED_EDGE('',*,*,#4671,.F.);
#4671 = EDGE_CURVE('',#4573,#4613,#4672,.T.);
#4672 = LINE('',#4673,#4674);
#4673 = CARTESIAN_POINT('',(5.85,0.6,0.));
#4674 = VECTOR('',#4675,1.);
#4675 = DIRECTION('',(0.,0.,1.));
#4676 = ORIENTED_EDGE('',*,*,#4572,.F.);
#4677 = PLANE('',#4678);
#4678 = AXIS2_PLACEMENT_3D('',#4679,#4680,#4681);
#4679 = CARTESIAN_POINT('',(5.65,0.6,0.));
#4680 = DIRECTION('',(0.,1.,0.));
#4681 = DIRECTION('',(1.,0.,0.));
#4682 = ADVANCED_FACE('',(#4683),#4689,.T.);
#4683 = FACE_BOUND('',#4684,.T.);
#4684 = EDGE_LOOP('',(#4685,#4686,#4687,#4688));
#4685 = ORIENTED_EDGE('',*,*,#4650,.T.);
#4686 = ORIENTED_EDGE('',*,*,#4628,.T.);
#4687 = ORIENTED_EDGE('',*,*,#4664,.F.);
#4688 = ORIENTED_EDGE('',*,*,#4562,.F.);
#4689 = PLANE('',#4690);
#4690 = AXIS2_PLACEMENT_3D('',#4691,#4692,#4693);
#4691 = CARTESIAN_POINT('',(5.65,-0.75,0.));
#4692 = DIRECTION('',(-1.,0.,0.));
#4693 = DIRECTION('',(0.,1.,0.));
#4694 = ADVANCED_FACE('',(#4695),#4701,.T.);
#4695 = FACE_BOUND('',#4696,.T.);
#4696 = EDGE_LOOP('',(#4697,#4698,#4699,#4700));
#4697 = ORIENTED_EDGE('',*,*,#4580,.T.);
#4698 = ORIENTED_EDGE('',*,*,#4671,.T.);
#4699 = ORIENTED_EDGE('',*,*,#4612,.F.);
#4700 = ORIENTED_EDGE('',*,*,#4643,.F.);
#4701 = PLANE('',#4702);
#4702 = AXIS2_PLACEMENT_3D('',#4703,#4704,#4705);
#4703 = CARTESIAN_POINT('',(5.85,-0.75,0.));
#4704 = DIRECTION('',(1.,0.,0.));
#4705 = DIRECTION('',(-0.,1.,0.));
#4706 = MANIFOLD_SOLID_BREP('',#4707);
#4707 = CLOSED_SHELL('',(#4708,#4748,#4788,#4810,#4832,#4844));
#4708 = ADVANCED_FACE('',(#4709),#4743,.T.);
#4709 = FACE_BOUND('',#4710,.T.);
#4710 = EDGE_LOOP('',(#4711,#4721,#4729,#4737));
#4711 = ORIENTED_EDGE('',*,*,#4712,.T.);
#4712 = EDGE_CURVE('',#4713,#4715,#4717,.T.);
#4713 = VERTEX_POINT('',#4714);
#4714 = CARTESIAN_POINT('',(6.15,-0.75,0.));
#4715 = VERTEX_POINT('',#4716);
#4716 = CARTESIAN_POINT('',(6.15,0.6,0.));
#4717 = LINE('',#4718,#4719);
#4718 = CARTESIAN_POINT('',(6.15,-0.75,0.));
#4719 = VECTOR('',#4720,1.);
#4720 = DIRECTION('',(0.,1.,0.));
#4721 = ORIENTED_EDGE('',*,*,#4722,.T.);
#4722 = EDGE_CURVE('',#4715,#4723,#4725,.T.);
#4723 = VERTEX_POINT('',#4724);
#4724 = CARTESIAN_POINT('',(6.35,0.6,0.));
#4725 = LINE('',#4726,#4727);
#4726 = CARTESIAN_POINT('',(6.15,0.6,0.));
#4727 = VECTOR('',#4728,1.);
#4728 = DIRECTION('',(1.,0.,0.));
#4729 = ORIENTED_EDGE('',*,*,#4730,.F.);
#4730 = EDGE_CURVE('',#4731,#4723,#4733,.T.);
#4731 = VERTEX_POINT('',#4732);
#4732 = CARTESIAN_POINT('',(6.35,-0.75,0.));
#4733 = LINE('',#4734,#4735);
#4734 = CARTESIAN_POINT('',(6.35,-0.75,0.));
#4735 = VECTOR('',#4736,1.);
#4736 = DIRECTION('',(0.,1.,0.));
#4737 = ORIENTED_EDGE('',*,*,#4738,.F.);
#4738 = EDGE_CURVE('',#4713,#4731,#4739,.T.);
#4739 = LINE('',#4740,#4741);
#4740 = CARTESIAN_POINT('',(6.15,-0.75,0.));
#4741 = VECTOR('',#4742,1.);
#4742 = DIRECTION('',(1.,0.,0.));
#4743 = PLANE('',#4744);
#4744 = AXIS2_PLACEMENT_3D('',#4745,#4746,#4747);
#4745 = CARTESIAN_POINT('',(6.15,-0.75,0.));
#4746 = DIRECTION('',(0.,0.,-1.));
#4747 = DIRECTION('',(1.,0.,0.));
#4748 = ADVANCED_FACE('',(#4749),#4783,.T.);
#4749 = FACE_BOUND('',#4750,.T.);
#4750 = EDGE_LOOP('',(#4751,#4761,#4769,#4777));
#4751 = ORIENTED_EDGE('',*,*,#4752,.T.);
#4752 = EDGE_CURVE('',#4753,#4755,#4757,.T.);
#4753 = VERTEX_POINT('',#4754);
#4754 = CARTESIAN_POINT('',(6.15,-0.75,0.15));
#4755 = VERTEX_POINT('',#4756);
#4756 = CARTESIAN_POINT('',(6.35,-0.75,0.15));
#4757 = LINE('',#4758,#4759);
#4758 = CARTESIAN_POINT('',(6.15,-0.75,0.15));
#4759 = VECTOR('',#4760,1.);
#4760 = DIRECTION('',(1.,0.,0.));
#4761 = ORIENTED_EDGE('',*,*,#4762,.T.);
#4762 = EDGE_CURVE('',#4755,#4763,#4765,.T.);
#4763 = VERTEX_POINT('',#4764);
#4764 = CARTESIAN_POINT('',(6.35,0.6,0.15));
#4765 = LINE('',#4766,#4767);
#4766 = CARTESIAN_POINT('',(6.35,-0.75,0.15));
#4767 = VECTOR('',#4768,1.);
#4768 = DIRECTION('',(0.,1.,0.));
#4769 = ORIENTED_EDGE('',*,*,#4770,.F.);
#4770 = EDGE_CURVE('',#4771,#4763,#4773,.T.);
#4771 = VERTEX_POINT('',#4772);
#4772 = CARTESIAN_POINT('',(6.15,0.6,0.15));
#4773 = LINE('',#4774,#4775);
#4774 = CARTESIAN_POINT('',(6.15,0.6,0.15));
#4775 = VECTOR('',#4776,1.);
#4776 = DIRECTION('',(1.,0.,0.));
#4777 = ORIENTED_EDGE('',*,*,#4778,.F.);
#4778 = EDGE_CURVE('',#4753,#4771,#4779,.T.);
#4779 = LINE('',#4780,#4781);
#4780 = CARTESIAN_POINT('',(6.15,-0.75,0.15));
#4781 = VECTOR('',#4782,1.);
#4782 = DIRECTION('',(0.,1.,0.));
#4783 = PLANE('',#4784);
#4784 = AXIS2_PLACEMENT_3D('',#4785,#4786,#4787);
#4785 = CARTESIAN_POINT('',(6.15,-0.75,0.15));
#4786 = DIRECTION('',(0.,0.,1.));
#4787 = DIRECTION('',(1.,0.,-0.));
#4788 = ADVANCED_FACE('',(#4789),#4805,.T.);
#4789 = FACE_BOUND('',#4790,.T.);
#4790 = EDGE_LOOP('',(#4791,#4792,#4798,#4799));
#4791 = ORIENTED_EDGE('',*,*,#4738,.T.);
#4792 = ORIENTED_EDGE('',*,*,#4793,.T.);
#4793 = EDGE_CURVE('',#4731,#4755,#4794,.T.);
#4794 = LINE('',#4795,#4796);
#4795 = CARTESIAN_POINT('',(6.35,-0.75,0.));
#4796 = VECTOR('',#4797,1.);
#4797 = DIRECTION('',(0.,0.,1.));
#4798 = ORIENTED_EDGE('',*,*,#4752,.F.);
#4799 = ORIENTED_EDGE('',*,*,#4800,.F.);
#4800 = EDGE_CURVE('',#4713,#4753,#4801,.T.);
#4801 = LINE('',#4802,#4803);
#4802 = CARTESIAN_POINT('',(6.15,-0.75,0.));
#4803 = VECTOR('',#4804,1.);
#4804 = DIRECTION('',(0.,0.,1.));
#4805 = PLANE('',#4806);
#4806 = AXIS2_PLACEMENT_3D('',#4807,#4808,#4809);
#4807 = CARTESIAN_POINT('',(6.15,-0.75,0.));
#4808 = DIRECTION('',(0.,-1.,0.));
#4809 = DIRECTION('',(1.,0.,0.));
#4810 = ADVANCED_FACE('',(#4811),#4827,.T.);
#4811 = FACE_BOUND('',#4812,.T.);
#4812 = EDGE_LOOP('',(#4813,#4819,#4820,#4826));
#4813 = ORIENTED_EDGE('',*,*,#4814,.T.);
#4814 = EDGE_CURVE('',#4715,#4771,#4815,.T.);
#4815 = LINE('',#4816,#4817);
#4816 = CARTESIAN_POINT('',(6.15,0.6,0.));
#4817 = VECTOR('',#4818,1.);
#4818 = DIRECTION('',(0.,0.,1.));
#4819 = ORIENTED_EDGE('',*,*,#4770,.T.);
#4820 = ORIENTED_EDGE('',*,*,#4821,.F.);
#4821 = EDGE_CURVE('',#4723,#4763,#4822,.T.);
#4822 = LINE('',#4823,#4824);
#4823 = CARTESIAN_POINT('',(6.35,0.6,0.));
#4824 = VECTOR('',#4825,1.);
#4825 = DIRECTION('',(0.,0.,1.));
#4826 = ORIENTED_EDGE('',*,*,#4722,.F.);
#4827 = PLANE('',#4828);
#4828 = AXIS2_PLACEMENT_3D('',#4829,#4830,#4831);
#4829 = CARTESIAN_POINT('',(6.15,0.6,0.));
#4830 = DIRECTION('',(0.,1.,0.));
#4831 = DIRECTION('',(1.,0.,0.));
#4832 = ADVANCED_FACE('',(#4833),#4839,.T.);
#4833 = FACE_BOUND('',#4834,.T.);
#4834 = EDGE_LOOP('',(#4835,#4836,#4837,#4838));
#4835 = ORIENTED_EDGE('',*,*,#4800,.T.);
#4836 = ORIENTED_EDGE('',*,*,#4778,.T.);
#4837 = ORIENTED_EDGE('',*,*,#4814,.F.);
#4838 = ORIENTED_EDGE('',*,*,#4712,.F.);
#4839 = PLANE('',#4840);
#4840 = AXIS2_PLACEMENT_3D('',#4841,#4842,#4843);
#4841 = CARTESIAN_POINT('',(6.15,-0.75,0.));
#4842 = DIRECTION('',(-1.,0.,0.));
#4843 = DIRECTION('',(0.,1.,0.));
#4844 = ADVANCED_FACE('',(#4845),#4851,.T.);
#4845 = FACE_BOUND('',#4846,.T.);
#4846 = EDGE_LOOP('',(#4847,#4848,#4849,#4850));
#4847 = ORIENTED_EDGE('',*,*,#4730,.T.);
#4848 = ORIENTED_EDGE('',*,*,#4821,.T.);
#4849 = ORIENTED_EDGE('',*,*,#4762,.F.);
#4850 = ORIENTED_EDGE('',*,*,#4793,.F.);
#4851 = PLANE('',#4852);
#4852 = AXIS2_PLACEMENT_3D('',#4853,#4854,#4855);
#4853 = CARTESIAN_POINT('',(6.35,-0.75,0.));
#4854 = DIRECTION('',(1.,0.,0.));
#4855 = DIRECTION('',(-0.,1.,0.));
#4856 = MANIFOLD_SOLID_BREP('',#4857);
#4857 = CLOSED_SHELL('',(#4858,#4898,#4938,#4960,#4982,#4994));
#4858 = ADVANCED_FACE('',(#4859),#4893,.T.);
#4859 = FACE_BOUND('',#4860,.T.);
#4860 = EDGE_LOOP('',(#4861,#4871,#4879,#4887));
#4861 = ORIENTED_EDGE('',*,*,#4862,.T.);
#4862 = EDGE_CURVE('',#4863,#4865,#4867,.T.);
#4863 = VERTEX_POINT('',#4864);
#4864 = CARTESIAN_POINT('',(6.65,-0.75,0.));
#4865 = VERTEX_POINT('',#4866);
#4866 = CARTESIAN_POINT('',(6.65,0.6,0.));
#4867 = LINE('',#4868,#4869);
#4868 = CARTESIAN_POINT('',(6.65,-0.75,0.));
#4869 = VECTOR('',#4870,1.);
#4870 = DIRECTION('',(0.,1.,0.));
#4871 = ORIENTED_EDGE('',*,*,#4872,.T.);
#4872 = EDGE_CURVE('',#4865,#4873,#4875,.T.);
#4873 = VERTEX_POINT('',#4874);
#4874 = CARTESIAN_POINT('',(6.85,0.6,0.));
#4875 = LINE('',#4876,#4877);
#4876 = CARTESIAN_POINT('',(6.65,0.6,0.));
#4877 = VECTOR('',#4878,1.);
#4878 = DIRECTION('',(1.,0.,0.));
#4879 = ORIENTED_EDGE('',*,*,#4880,.F.);
#4880 = EDGE_CURVE('',#4881,#4873,#4883,.T.);
#4881 = VERTEX_POINT('',#4882);
#4882 = CARTESIAN_POINT('',(6.85,-0.75,0.));
#4883 = LINE('',#4884,#4885);
#4884 = CARTESIAN_POINT('',(6.85,-0.75,0.));
#4885 = VECTOR('',#4886,1.);
#4886 = DIRECTION('',(0.,1.,0.));
#4887 = ORIENTED_EDGE('',*,*,#4888,.F.);
#4888 = EDGE_CURVE('',#4863,#4881,#4889,.T.);
#4889 = LINE('',#4890,#4891);
#4890 = CARTESIAN_POINT('',(6.65,-0.75,0.));
#4891 = VECTOR('',#4892,1.);
#4892 = DIRECTION('',(1.,0.,0.));
#4893 = PLANE('',#4894);
#4894 = AXIS2_PLACEMENT_3D('',#4895,#4896,#4897);
#4895 = CARTESIAN_POINT('',(6.65,-0.75,0.));
#4896 = DIRECTION('',(0.,0.,-1.));
#4897 = DIRECTION('',(1.,0.,0.));
#4898 = ADVANCED_FACE('',(#4899),#4933,.T.);
#4899 = FACE_BOUND('',#4900,.T.);
#4900 = EDGE_LOOP('',(#4901,#4911,#4919,#4927));
#4901 = ORIENTED_EDGE('',*,*,#4902,.T.);
#4902 = EDGE_CURVE('',#4903,#4905,#4907,.T.);
#4903 = VERTEX_POINT('',#4904);
#4904 = CARTESIAN_POINT('',(6.65,-0.75,0.15));
#4905 = VERTEX_POINT('',#4906);
#4906 = CARTESIAN_POINT('',(6.85,-0.75,0.15));
#4907 = LINE('',#4908,#4909);
#4908 = CARTESIAN_POINT('',(6.65,-0.75,0.15));
#4909 = VECTOR('',#4910,1.);
#4910 = DIRECTION('',(1.,0.,0.));
#4911 = ORIENTED_EDGE('',*,*,#4912,.T.);
#4912 = EDGE_CURVE('',#4905,#4913,#4915,.T.);
#4913 = VERTEX_POINT('',#4914);
#4914 = CARTESIAN_POINT('',(6.85,0.6,0.15));
#4915 = LINE('',#4916,#4917);
#4916 = CARTESIAN_POINT('',(6.85,-0.75,0.15));
#4917 = VECTOR('',#4918,1.);
#4918 = DIRECTION('',(0.,1.,0.));
#4919 = ORIENTED_EDGE('',*,*,#4920,.F.);
#4920 = EDGE_CURVE('',#4921,#4913,#4923,.T.);
#4921 = VERTEX_POINT('',#4922);
#4922 = CARTESIAN_POINT('',(6.65,0.6,0.15));
#4923 = LINE('',#4924,#4925);
#4924 = CARTESIAN_POINT('',(6.65,0.6,0.15));
#4925 = VECTOR('',#4926,1.);
#4926 = DIRECTION('',(1.,0.,0.));
#4927 = ORIENTED_EDGE('',*,*,#4928,.F.);
#4928 = EDGE_CURVE('',#4903,#4921,#4929,.T.);
#4929 = LINE('',#4930,#4931);
#4930 = CARTESIAN_POINT('',(6.65,-0.75,0.15));
#4931 = VECTOR('',#4932,1.);
#4932 = DIRECTION('',(0.,1.,0.));
#4933 = PLANE('',#4934);
#4934 = AXIS2_PLACEMENT_3D('',#4935,#4936,#4937);
#4935 = CARTESIAN_POINT('',(6.65,-0.75,0.15));
#4936 = DIRECTION('',(0.,0.,1.));
#4937 = DIRECTION('',(1.,0.,-0.));
#4938 = ADVANCED_FACE('',(#4939),#4955,.T.);
#4939 = FACE_BOUND('',#4940,.T.);
#4940 = EDGE_LOOP('',(#4941,#4942,#4948,#4949));
#4941 = ORIENTED_EDGE('',*,*,#4888,.T.);
#4942 = ORIENTED_EDGE('',*,*,#4943,.T.);
#4943 = EDGE_CURVE('',#4881,#4905,#4944,.T.);
#4944 = LINE('',#4945,#4946);
#4945 = CARTESIAN_POINT('',(6.85,-0.75,0.));
#4946 = VECTOR('',#4947,1.);
#4947 = DIRECTION('',(0.,0.,1.));
#4948 = ORIENTED_EDGE('',*,*,#4902,.F.);
#4949 = ORIENTED_EDGE('',*,*,#4950,.F.);
#4950 = EDGE_CURVE('',#4863,#4903,#4951,.T.);
#4951 = LINE('',#4952,#4953);
#4952 = CARTESIAN_POINT('',(6.65,-0.75,0.));
#4953 = VECTOR('',#4954,1.);
#4954 = DIRECTION('',(0.,0.,1.));
#4955 = PLANE('',#4956);
#4956 = AXIS2_PLACEMENT_3D('',#4957,#4958,#4959);
#4957 = CARTESIAN_POINT('',(6.65,-0.75,0.));
#4958 = DIRECTION('',(0.,-1.,0.));
#4959 = DIRECTION('',(1.,0.,0.));
#4960 = ADVANCED_FACE('',(#4961),#4977,.T.);
#4961 = FACE_BOUND('',#4962,.T.);
#4962 = EDGE_LOOP('',(#4963,#4969,#4970,#4976));
#4963 = ORIENTED_EDGE('',*,*,#4964,.T.);
#4964 = EDGE_CURVE('',#4865,#4921,#4965,.T.);
#4965 = LINE('',#4966,#4967);
#4966 = CARTESIAN_POINT('',(6.65,0.6,0.));
#4967 = VECTOR('',#4968,1.);
#4968 = DIRECTION('',(0.,0.,1.));
#4969 = ORIENTED_EDGE('',*,*,#4920,.T.);
#4970 = ORIENTED_EDGE('',*,*,#4971,.F.);
#4971 = EDGE_CURVE('',#4873,#4913,#4972,.T.);
#4972 = LINE('',#4973,#4974);
#4973 = CARTESIAN_POINT('',(6.85,0.6,0.));
#4974 = VECTOR('',#4975,1.);
#4975 = DIRECTION('',(0.,0.,1.));
#4976 = ORIENTED_EDGE('',*,*,#4872,.F.);
#4977 = PLANE('',#4978);
#4978 = AXIS2_PLACEMENT_3D('',#4979,#4980,#4981);
#4979 = CARTESIAN_POINT('',(6.65,0.6,0.));
#4980 = DIRECTION('',(0.,1.,0.));
#4981 = DIRECTION('',(1.,0.,0.));
#4982 = ADVANCED_FACE('',(#4983),#4989,.T.);
#4983 = FACE_BOUND('',#4984,.T.);
#4984 = EDGE_LOOP('',(#4985,#4986,#4987,#4988));
#4985 = ORIENTED_EDGE('',*,*,#4950,.T.);
#4986 = ORIENTED_EDGE('',*,*,#4928,.T.);
#4987 = ORIENTED_EDGE('',*,*,#4964,.F.);
#4988 = ORIENTED_EDGE('',*,*,#4862,.F.);
#4989 = PLANE('',#4990);
#4990 = AXIS2_PLACEMENT_3D('',#4991,#4992,#4993);
#4991 = CARTESIAN_POINT('',(6.65,-0.75,0.));
#4992 = DIRECTION('',(-1.,0.,0.));
#4993 = DIRECTION('',(0.,1.,0.));
#4994 = ADVANCED_FACE('',(#4995),#5001,.T.);
#4995 = FACE_BOUND('',#4996,.T.);
#4996 = EDGE_LOOP('',(#4997,#4998,#4999,#5000));
#4997 = ORIENTED_EDGE('',*,*,#4880,.T.);
#4998 = ORIENTED_EDGE('',*,*,#4971,.T.);
#4999 = ORIENTED_EDGE('',*,*,#4912,.F.);
#5000 = ORIENTED_EDGE('',*,*,#4943,.F.);
#5001 = PLANE('',#5002);
#5002 = AXIS2_PLACEMENT_3D('',#5003,#5004,#5005);
#5003 = CARTESIAN_POINT('',(6.85,-0.75,0.));
#5004 = DIRECTION('',(1.,0.,0.));
#5005 = DIRECTION('',(-0.,1.,0.));
#5006 = MANIFOLD_SOLID_BREP('',#5007);
#5007 = CLOSED_SHELL('',(#5008,#5048,#5088,#5110,#5132,#5144));
#5008 = ADVANCED_FACE('',(#5009),#5043,.T.);
#5009 = FACE_BOUND('',#5010,.T.);
#5010 = EDGE_LOOP('',(#5011,#5021,#5029,#5037));
#5011 = ORIENTED_EDGE('',*,*,#5012,.T.);
#5012 = EDGE_CURVE('',#5013,#5015,#5017,.T.);
#5013 = VERTEX_POINT('',#5014);
#5014 = CARTESIAN_POINT('',(7.15,-0.75,0.));
#5015 = VERTEX_POINT('',#5016);
#5016 = CARTESIAN_POINT('',(7.15,0.6,0.));
#5017 = LINE('',#5018,#5019);
#5018 = CARTESIAN_POINT('',(7.15,-0.75,0.));
#5019 = VECTOR('',#5020,1.);
#5020 = DIRECTION('',(0.,1.,0.));
#5021 = ORIENTED_EDGE('',*,*,#5022,.T.);
#5022 = EDGE_CURVE('',#5015,#5023,#5025,.T.);
#5023 = VERTEX_POINT('',#5024);
#5024 = CARTESIAN_POINT('',(7.35,0.6,0.));
#5025 = LINE('',#5026,#5027);
#5026 = CARTESIAN_POINT('',(7.15,0.6,0.));
#5027 = VECTOR('',#5028,1.);
#5028 = DIRECTION('',(1.,0.,0.));
#5029 = ORIENTED_EDGE('',*,*,#5030,.F.);
#5030 = EDGE_CURVE('',#5031,#5023,#5033,.T.);
#5031 = VERTEX_POINT('',#5032);
#5032 = CARTESIAN_POINT('',(7.35,-0.75,0.));
#5033 = LINE('',#5034,#5035);
#5034 = CARTESIAN_POINT('',(7.35,-0.75,0.));
#5035 = VECTOR('',#5036,1.);
#5036 = DIRECTION('',(0.,1.,0.));
#5037 = ORIENTED_EDGE('',*,*,#5038,.F.);
#5038 = EDGE_CURVE('',#5013,#5031,#5039,.T.);
#5039 = LINE('',#5040,#5041);
#5040 = CARTESIAN_POINT('',(7.15,-0.75,0.));
#5041 = VECTOR('',#5042,1.);
#5042 = DIRECTION('',(1.,0.,0.));
#5043 = PLANE('',#5044);
#5044 = AXIS2_PLACEMENT_3D('',#5045,#5046,#5047);
#5045 = CARTESIAN_POINT('',(7.15,-0.75,0.));
#5046 = DIRECTION('',(0.,0.,-1.));
#5047 = DIRECTION('',(1.,0.,0.));
#5048 = ADVANCED_FACE('',(#5049),#5083,.T.);
#5049 = FACE_BOUND('',#5050,.T.);
#5050 = EDGE_LOOP('',(#5051,#5061,#5069,#5077));
#5051 = ORIENTED_EDGE('',*,*,#5052,.T.);
#5052 = EDGE_CURVE('',#5053,#5055,#5057,.T.);
#5053 = VERTEX_POINT('',#5054);
#5054 = CARTESIAN_POINT('',(7.15,-0.75,0.15));
#5055 = VERTEX_POINT('',#5056);
#5056 = CARTESIAN_POINT('',(7.35,-0.75,0.15));
#5057 = LINE('',#5058,#5059);
#5058 = CARTESIAN_POINT('',(7.15,-0.75,0.15));
#5059 = VECTOR('',#5060,1.);
#5060 = DIRECTION('',(1.,0.,0.));
#5061 = ORIENTED_EDGE('',*,*,#5062,.T.);
#5062 = EDGE_CURVE('',#5055,#5063,#5065,.T.);
#5063 = VERTEX_POINT('',#5064);
#5064 = CARTESIAN_POINT('',(7.35,0.6,0.15));
#5065 = LINE('',#5066,#5067);
#5066 = CARTESIAN_POINT('',(7.35,-0.75,0.15));
#5067 = VECTOR('',#5068,1.);
#5068 = DIRECTION('',(0.,1.,0.));
#5069 = ORIENTED_EDGE('',*,*,#5070,.F.);
#5070 = EDGE_CURVE('',#5071,#5063,#5073,.T.);
#5071 = VERTEX_POINT('',#5072);
#5072 = CARTESIAN_POINT('',(7.15,0.6,0.15));
#5073 = LINE('',#5074,#5075);
#5074 = CARTESIAN_POINT('',(7.15,0.6,0.15));
#5075 = VECTOR('',#5076,1.);
#5076 = DIRECTION('',(1.,0.,0.));
#5077 = ORIENTED_EDGE('',*,*,#5078,.F.);
#5078 = EDGE_CURVE('',#5053,#5071,#5079,.T.);
#5079 = LINE('',#5080,#5081);
#5080 = CARTESIAN_POINT('',(7.15,-0.75,0.15));
#5081 = VECTOR('',#5082,1.);
#5082 = DIRECTION('',(0.,1.,0.));
#5083 = PLANE('',#5084);
#5084 = AXIS2_PLACEMENT_3D('',#5085,#5086,#5087);
#5085 = CARTESIAN_POINT('',(7.15,-0.75,0.15));
#5086 = DIRECTION('',(0.,0.,1.));
#5087 = DIRECTION('',(1.,0.,-0.));
#5088 = ADVANCED_FACE('',(#5089),#5105,.T.);
#5089 = FACE_BOUND('',#5090,.T.);
#5090 = EDGE_LOOP('',(#5091,#5092,#5098,#5099));
#5091 = ORIENTED_EDGE('',*,*,#5038,.T.);
#5092 = ORIENTED_EDGE('',*,*,#5093,.T.);
#5093 = EDGE_CURVE('',#5031,#5055,#5094,.T.);
#5094 = LINE('',#5095,#5096);
#5095 = CARTESIAN_POINT('',(7.35,-0.75,0.));
#5096 = VECTOR('',#5097,1.);
#5097 = DIRECTION('',(0.,0.,1.));
#5098 = ORIENTED_EDGE('',*,*,#5052,.F.);
#5099 = ORIENTED_EDGE('',*,*,#5100,.F.);
#5100 = EDGE_CURVE('',#5013,#5053,#5101,.T.);
#5101 = LINE('',#5102,#5103);
#5102 = CARTESIAN_POINT('',(7.15,-0.75,0.));
#5103 = VECTOR('',#5104,1.);
#5104 = DIRECTION('',(0.,0.,1.));
#5105 = PLANE('',#5106);
#5106 = AXIS2_PLACEMENT_3D('',#5107,#5108,#5109);
#5107 = CARTESIAN_POINT('',(7.15,-0.75,0.));
#5108 = DIRECTION('',(0.,-1.,0.));
#5109 = DIRECTION('',(1.,0.,0.));
#5110 = ADVANCED_FACE('',(#5111),#5127,.T.);
#5111 = FACE_BOUND('',#5112,.T.);
#5112 = EDGE_LOOP('',(#5113,#5119,#5120,#5126));
#5113 = ORIENTED_EDGE('',*,*,#5114,.T.);
#5114 = EDGE_CURVE('',#5015,#5071,#5115,.T.);
#5115 = LINE('',#5116,#5117);
#5116 = CARTESIAN_POINT('',(7.15,0.6,0.));
#5117 = VECTOR('',#5118,1.);
#5118 = DIRECTION('',(0.,0.,1.));
#5119 = ORIENTED_EDGE('',*,*,#5070,.T.);
#5120 = ORIENTED_EDGE('',*,*,#5121,.F.);
#5121 = EDGE_CURVE('',#5023,#5063,#5122,.T.);
#5122 = LINE('',#5123,#5124);
#5123 = CARTESIAN_POINT('',(7.35,0.6,0.));
#5124 = VECTOR('',#5125,1.);
#5125 = DIRECTION('',(0.,0.,1.));
#5126 = ORIENTED_EDGE('',*,*,#5022,.F.);
#5127 = PLANE('',#5128);
#5128 = AXIS2_PLACEMENT_3D('',#5129,#5130,#5131);
#5129 = CARTESIAN_POINT('',(7.15,0.6,0.));
#5130 = DIRECTION('',(0.,1.,0.));
#5131 = DIRECTION('',(1.,0.,0.));
#5132 = ADVANCED_FACE('',(#5133),#5139,.T.);
#5133 = FACE_BOUND('',#5134,.T.);
#5134 = EDGE_LOOP('',(#5135,#5136,#5137,#5138));
#5135 = ORIENTED_EDGE('',*,*,#5100,.T.);
#5136 = ORIENTED_EDGE('',*,*,#5078,.T.);
#5137 = ORIENTED_EDGE('',*,*,#5114,.F.);
#5138 = ORIENTED_EDGE('',*,*,#5012,.F.);
#5139 = PLANE('',#5140);
#5140 = AXIS2_PLACEMENT_3D('',#5141,#5142,#5143);
#5141 = CARTESIAN_POINT('',(7.15,-0.75,0.));
#5142 = DIRECTION('',(-1.,0.,0.));
#5143 = DIRECTION('',(0.,1.,0.));
#5144 = ADVANCED_FACE('',(#5145),#5151,.T.);
#5145 = FACE_BOUND('',#5146,.T.);
#5146 = EDGE_LOOP('',(#5147,#5148,#5149,#5150));
#5147 = ORIENTED_EDGE('',*,*,#5030,.T.);
#5148 = ORIENTED_EDGE('',*,*,#5121,.T.);
#5149 = ORIENTED_EDGE('',*,*,#5062,.F.);
#5150 = ORIENTED_EDGE('',*,*,#5093,.F.);
#5151 = PLANE('',#5152);
#5152 = AXIS2_PLACEMENT_3D('',#5153,#5154,#5155);
#5153 = CARTESIAN_POINT('',(7.35,-0.75,0.));
#5154 = DIRECTION('',(1.,0.,0.));
#5155 = DIRECTION('',(-0.,1.,0.));
#5156 = MANIFOLD_SOLID_BREP('',#5157);
#5157 = CLOSED_SHELL('',(#5158,#5198,#5238,#5260,#5282,#5294));
#5158 = ADVANCED_FACE('',(#5159),#5193,.T.);
#5159 = FACE_BOUND('',#5160,.T.);
#5160 = EDGE_LOOP('',(#5161,#5171,#5179,#5187));
#5161 = ORIENTED_EDGE('',*,*,#5162,.T.);
#5162 = EDGE_CURVE('',#5163,#5165,#5167,.T.);
#5163 = VERTEX_POINT('',#5164);
#5164 = CARTESIAN_POINT('',(-9.02,2.3,0.));
#5165 = VERTEX_POINT('',#5166);
#5166 = CARTESIAN_POINT('',(-9.02,3.9,0.));
#5167 = LINE('',#5168,#5169);
#5168 = CARTESIAN_POINT('',(-9.02,2.3,0.));
#5169 = VECTOR('',#5170,1.);
#5170 = DIRECTION('',(0.,1.,0.));
#5171 = ORIENTED_EDGE('',*,*,#5172,.T.);
#5172 = EDGE_CURVE('',#5165,#5173,#5175,.T.);
#5173 = VERTEX_POINT('',#5174);
#5174 = CARTESIAN_POINT('',(-8.02,3.9,0.));
#5175 = LINE('',#5176,#5177);
#5176 = CARTESIAN_POINT('',(-9.02,3.9,0.));
#5177 = VECTOR('',#5178,1.);
#5178 = DIRECTION('',(1.,0.,0.));
#5179 = ORIENTED_EDGE('',*,*,#5180,.F.);
#5180 = EDGE_CURVE('',#5181,#5173,#5183,.T.);
#5181 = VERTEX_POINT('',#5182);
#5182 = CARTESIAN_POINT('',(-8.02,2.3,0.));
#5183 = LINE('',#5184,#5185);
#5184 = CARTESIAN_POINT('',(-8.02,2.3,0.));
#5185 = VECTOR('',#5186,1.);
#5186 = DIRECTION('',(0.,1.,0.));
#5187 = ORIENTED_EDGE('',*,*,#5188,.F.);
#5188 = EDGE_CURVE('',#5163,#5181,#5189,.T.);
#5189 = LINE('',#5190,#5191);
#5190 = CARTESIAN_POINT('',(-9.02,2.3,0.));
#5191 = VECTOR('',#5192,1.);
#5192 = DIRECTION('',(1.,0.,0.));
#5193 = PLANE('',#5194);
#5194 = AXIS2_PLACEMENT_3D('',#5195,#5196,#5197);
#5195 = CARTESIAN_POINT('',(-9.02,2.3,0.));
#5196 = DIRECTION('',(0.,0.,-1.));
#5197 = DIRECTION('',(1.,0.,0.));
#5198 = ADVANCED_FACE('',(#5199),#5233,.T.);
#5199 = FACE_BOUND('',#5200,.T.);
#5200 = EDGE_LOOP('',(#5201,#5211,#5219,#5227));
#5201 = ORIENTED_EDGE('',*,*,#5202,.T.);
#5202 = EDGE_CURVE('',#5203,#5205,#5207,.T.);
#5203 = VERTEX_POINT('',#5204);
#5204 = CARTESIAN_POINT('',(-9.02,2.3,0.2));
#5205 = VERTEX_POINT('',#5206);
#5206 = CARTESIAN_POINT('',(-8.02,2.3,0.2));
#5207 = LINE('',#5208,#5209);
#5208 = CARTESIAN_POINT('',(-9.02,2.3,0.2));
#5209 = VECTOR('',#5210,1.);
#5210 = DIRECTION('',(1.,0.,0.));
#5211 = ORIENTED_EDGE('',*,*,#5212,.T.);
#5212 = EDGE_CURVE('',#5205,#5213,#5215,.T.);
#5213 = VERTEX_POINT('',#5214);
#5214 = CARTESIAN_POINT('',(-8.02,3.9,0.2));
#5215 = LINE('',#5216,#5217);
#5216 = CARTESIAN_POINT('',(-8.02,2.3,0.2));
#5217 = VECTOR('',#5218,1.);
#5218 = DIRECTION('',(0.,1.,0.));
#5219 = ORIENTED_EDGE('',*,*,#5220,.F.);
#5220 = EDGE_CURVE('',#5221,#5213,#5223,.T.);
#5221 = VERTEX_POINT('',#5222);
#5222 = CARTESIAN_POINT('',(-9.02,3.9,0.2));
#5223 = LINE('',#5224,#5225);
#5224 = CARTESIAN_POINT('',(-9.02,3.9,0.2));
#5225 = VECTOR('',#5226,1.);
#5226 = DIRECTION('',(1.,0.,0.));
#5227 = ORIENTED_EDGE('',*,*,#5228,.F.);
#5228 = EDGE_CURVE('',#5203,#5221,#5229,.T.);
#5229 = LINE('',#5230,#5231);
#5230 = CARTESIAN_POINT('',(-9.02,2.3,0.2));
#5231 = VECTOR('',#5232,1.);
#5232 = DIRECTION('',(0.,1.,0.));
#5233 = PLANE('',#5234);
#5234 = AXIS2_PLACEMENT_3D('',#5235,#5236,#5237);
#5235 = CARTESIAN_POINT('',(-9.02,2.3,0.2));
#5236 = DIRECTION('',(0.,0.,1.));
#5237 = DIRECTION('',(1.,0.,-0.));
#5238 = ADVANCED_FACE('',(#5239),#5255,.T.);
#5239 = FACE_BOUND('',#5240,.T.);
#5240 = EDGE_LOOP('',(#5241,#5242,#5248,#5249));
#5241 = ORIENTED_EDGE('',*,*,#5188,.T.);
#5242 = ORIENTED_EDGE('',*,*,#5243,.T.);
#5243 = EDGE_CURVE('',#5181,#5205,#5244,.T.);
#5244 = LINE('',#5245,#5246);
#5245 = CARTESIAN_POINT('',(-8.02,2.3,0.));
#5246 = VECTOR('',#5247,1.);
#5247 = DIRECTION('',(0.,0.,1.));
#5248 = ORIENTED_EDGE('',*,*,#5202,.F.);
#5249 = ORIENTED_EDGE('',*,*,#5250,.F.);
#5250 = EDGE_CURVE('',#5163,#5203,#5251,.T.);
#5251 = LINE('',#5252,#5253);
#5252 = CARTESIAN_POINT('',(-9.02,2.3,0.));
#5253 = VECTOR('',#5254,1.);
#5254 = DIRECTION('',(0.,0.,1.));
#5255 = PLANE('',#5256);
#5256 = AXIS2_PLACEMENT_3D('',#5257,#5258,#5259);
#5257 = CARTESIAN_POINT('',(-9.02,2.3,0.));
#5258 = DIRECTION('',(0.,-1.,0.));
#5259 = DIRECTION('',(1.,0.,0.));
#5260 = ADVANCED_FACE('',(#5261),#5277,.T.);
#5261 = FACE_BOUND('',#5262,.T.);
#5262 = EDGE_LOOP('',(#5263,#5269,#5270,#5276));
#5263 = ORIENTED_EDGE('',*,*,#5264,.T.);
#5264 = EDGE_CURVE('',#5165,#5221,#5265,.T.);
#5265 = LINE('',#5266,#5267);
#5266 = CARTESIAN_POINT('',(-9.02,3.9,0.));
#5267 = VECTOR('',#5268,1.);
#5268 = DIRECTION('',(0.,0.,1.));
#5269 = ORIENTED_EDGE('',*,*,#5220,.T.);
#5270 = ORIENTED_EDGE('',*,*,#5271,.F.);
#5271 = EDGE_CURVE('',#5173,#5213,#5272,.T.);
#5272 = LINE('',#5273,#5274);
#5273 = CARTESIAN_POINT('',(-8.02,3.9,0.));
#5274 = VECTOR('',#5275,1.);
#5275 = DIRECTION('',(0.,0.,1.));
#5276 = ORIENTED_EDGE('',*,*,#5172,.F.);
#5277 = PLANE('',#5278);
#5278 = AXIS2_PLACEMENT_3D('',#5279,#5280,#5281);
#5279 = CARTESIAN_POINT('',(-9.02,3.9,0.));
#5280 = DIRECTION('',(0.,1.,0.));
#5281 = DIRECTION('',(1.,0.,0.));
#5282 = ADVANCED_FACE('',(#5283),#5289,.T.);
#5283 = FACE_BOUND('',#5284,.T.);
#5284 = EDGE_LOOP('',(#5285,#5286,#5287,#5288));
#5285 = ORIENTED_EDGE('',*,*,#5250,.T.);
#5286 = ORIENTED_EDGE('',*,*,#5228,.T.);
#5287 = ORIENTED_EDGE('',*,*,#5264,.F.);
#5288 = ORIENTED_EDGE('',*,*,#5162,.F.);
#5289 = PLANE('',#5290);
#5290 = AXIS2_PLACEMENT_3D('',#5291,#5292,#5293);
#5291 = CARTESIAN_POINT('',(-9.02,2.3,0.));
#5292 = DIRECTION('',(-1.,0.,0.));
#5293 = DIRECTION('',(0.,1.,0.));
#5294 = ADVANCED_FACE('',(#5295),#5301,.T.);
#5295 = FACE_BOUND('',#5296,.T.);
#5296 = EDGE_LOOP('',(#5297,#5298,#5299,#5300));
#5297 = ORIENTED_EDGE('',*,*,#5180,.T.);
#5298 = ORIENTED_EDGE('',*,*,#5271,.T.);
#5299 = ORIENTED_EDGE('',*,*,#5212,.F.);
#5300 = ORIENTED_EDGE('',*,*,#5243,.F.);
#5301 = PLANE('',#5302);
#5302 = AXIS2_PLACEMENT_3D('',#5303,#5304,#5305);
#5303 = CARTESIAN_POINT('',(-8.02,2.3,0.));
#5304 = DIRECTION('',(1.,0.,0.));
#5305 = DIRECTION('',(-0.,1.,0.));
#5306 = MANIFOLD_SOLID_BREP('',#5307);
#5307 = CLOSED_SHELL('',(#5308,#5348,#5388,#5410,#5432,#5444));
#5308 = ADVANCED_FACE('',(#5309),#5343,.T.);
#5309 = FACE_BOUND('',#5310,.T.);
#5310 = EDGE_LOOP('',(#5311,#5321,#5329,#5337));
#5311 = ORIENTED_EDGE('',*,*,#5312,.T.);
#5312 = EDGE_CURVE('',#5313,#5315,#5317,.T.);
#5313 = VERTEX_POINT('',#5314);
#5314 = CARTESIAN_POINT('',(8.02,2.3,0.));
#5315 = VERTEX_POINT('',#5316);
#5316 = CARTESIAN_POINT('',(8.02,3.9,0.));
#5317 = LINE('',#5318,#5319);
#5318 = CARTESIAN_POINT('',(8.02,2.3,0.));
#5319 = VECTOR('',#5320,1.);
#5320 = DIRECTION('',(0.,1.,0.));
#5321 = ORIENTED_EDGE('',*,*,#5322,.T.);
#5322 = EDGE_CURVE('',#5315,#5323,#5325,.T.);
#5323 = VERTEX_POINT('',#5324);
#5324 = CARTESIAN_POINT('',(9.02,3.9,0.));
#5325 = LINE('',#5326,#5327);
#5326 = CARTESIAN_POINT('',(8.02,3.9,0.));
#5327 = VECTOR('',#5328,1.);
#5328 = DIRECTION('',(1.,0.,0.));
#5329 = ORIENTED_EDGE('',*,*,#5330,.F.);
#5330 = EDGE_CURVE('',#5331,#5323,#5333,.T.);
#5331 = VERTEX_POINT('',#5332);
#5332 = CARTESIAN_POINT('',(9.02,2.3,0.));
#5333 = LINE('',#5334,#5335);
#5334 = CARTESIAN_POINT('',(9.02,2.3,0.));
#5335 = VECTOR('',#5336,1.);
#5336 = DIRECTION('',(0.,1.,0.));
#5337 = ORIENTED_EDGE('',*,*,#5338,.F.);
#5338 = EDGE_CURVE('',#5313,#5331,#5339,.T.);
#5339 = LINE('',#5340,#5341);
#5340 = CARTESIAN_POINT('',(8.02,2.3,0.));
#5341 = VECTOR('',#5342,1.);
#5342 = DIRECTION('',(1.,0.,0.));
#5343 = PLANE('',#5344);
#5344 = AXIS2_PLACEMENT_3D('',#5345,#5346,#5347);
#5345 = CARTESIAN_POINT('',(8.02,2.3,0.));
#5346 = DIRECTION('',(0.,0.,-1.));
#5347 = DIRECTION('',(1.,0.,0.));
#5348 = ADVANCED_FACE('',(#5349),#5383,.T.);
#5349 = FACE_BOUND('',#5350,.T.);
#5350 = EDGE_LOOP('',(#5351,#5361,#5369,#5377));
#5351 = ORIENTED_EDGE('',*,*,#5352,.T.);
#5352 = EDGE_CURVE('',#5353,#5355,#5357,.T.);
#5353 = VERTEX_POINT('',#5354);
#5354 = CARTESIAN_POINT('',(8.02,2.3,0.2));
#5355 = VERTEX_POINT('',#5356);
#5356 = CARTESIAN_POINT('',(9.02,2.3,0.2));
#5357 = LINE('',#5358,#5359);
#5358 = CARTESIAN_POINT('',(8.02,2.3,0.2));
#5359 = VECTOR('',#5360,1.);
#5360 = DIRECTION('',(1.,0.,0.));
#5361 = ORIENTED_EDGE('',*,*,#5362,.T.);
#5362 = EDGE_CURVE('',#5355,#5363,#5365,.T.);
#5363 = VERTEX_POINT('',#5364);
#5364 = CARTESIAN_POINT('',(9.02,3.9,0.2));
#5365 = LINE('',#5366,#5367);
#5366 = CARTESIAN_POINT('',(9.02,2.3,0.2));
#5367 = VECTOR('',#5368,1.);
#5368 = DIRECTION('',(0.,1.,0.));
#5369 = ORIENTED_EDGE('',*,*,#5370,.F.);
#5370 = EDGE_CURVE('',#5371,#5363,#5373,.T.);
#5371 = VERTEX_POINT('',#5372);
#5372 = CARTESIAN_POINT('',(8.02,3.9,0.2));
#5373 = LINE('',#5374,#5375);
#5374 = CARTESIAN_POINT('',(8.02,3.9,0.2));
#5375 = VECTOR('',#5376,1.);
#5376 = DIRECTION('',(1.,0.,0.));
#5377 = ORIENTED_EDGE('',*,*,#5378,.F.);
#5378 = EDGE_CURVE('',#5353,#5371,#5379,.T.);
#5379 = LINE('',#5380,#5381);
#5380 = CARTESIAN_POINT('',(8.02,2.3,0.2));
#5381 = VECTOR('',#5382,1.);
#5382 = DIRECTION('',(0.,1.,0.));
#5383 = PLANE('',#5384);
#5384 = AXIS2_PLACEMENT_3D('',#5385,#5386,#5387);
#5385 = CARTESIAN_POINT('',(8.02,2.3,0.2));
#5386 = DIRECTION('',(0.,0.,1.));
#5387 = DIRECTION('',(1.,0.,-0.));
#5388 = ADVANCED_FACE('',(#5389),#5405,.T.);
#5389 = FACE_BOUND('',#5390,.T.);
#5390 = EDGE_LOOP('',(#5391,#5392,#5398,#5399));
#5391 = ORIENTED_EDGE('',*,*,#5338,.T.);
#5392 = ORIENTED_EDGE('',*,*,#5393,.T.);
#5393 = EDGE_CURVE('',#5331,#5355,#5394,.T.);
#5394 = LINE('',#5395,#5396);
#5395 = CARTESIAN_POINT('',(9.02,2.3,0.));
#5396 = VECTOR('',#5397,1.);
#5397 = DIRECTION('',(0.,0.,1.));
#5398 = ORIENTED_EDGE('',*,*,#5352,.F.);
#5399 = ORIENTED_EDGE('',*,*,#5400,.F.);
#5400 = EDGE_CURVE('',#5313,#5353,#5401,.T.);
#5401 = LINE('',#5402,#5403);
#5402 = CARTESIAN_POINT('',(8.02,2.3,0.));
#5403 = VECTOR('',#5404,1.);
#5404 = DIRECTION('',(0.,0.,1.));
#5405 = PLANE('',#5406);
#5406 = AXIS2_PLACEMENT_3D('',#5407,#5408,#5409);
#5407 = CARTESIAN_POINT('',(8.02,2.3,0.));
#5408 = DIRECTION('',(0.,-1.,0.));
#5409 = DIRECTION('',(1.,0.,0.));
#5410 = ADVANCED_FACE('',(#5411),#5427,.T.);
#5411 = FACE_BOUND('',#5412,.T.);
#5412 = EDGE_LOOP('',(#5413,#5419,#5420,#5426));
#5413 = ORIENTED_EDGE('',*,*,#5414,.T.);
#5414 = EDGE_CURVE('',#5315,#5371,#5415,.T.);
#5415 = LINE('',#5416,#5417);
#5416 = CARTESIAN_POINT('',(8.02,3.9,0.));
#5417 = VECTOR('',#5418,1.);
#5418 = DIRECTION('',(0.,0.,1.));
#5419 = ORIENTED_EDGE('',*,*,#5370,.T.);
#5420 = ORIENTED_EDGE('',*,*,#5421,.F.);
#5421 = EDGE_CURVE('',#5323,#5363,#5422,.T.);
#5422 = LINE('',#5423,#5424);
#5423 = CARTESIAN_POINT('',(9.02,3.9,0.));
#5424 = VECTOR('',#5425,1.);
#5425 = DIRECTION('',(0.,0.,1.));
#5426 = ORIENTED_EDGE('',*,*,#5322,.F.);
#5427 = PLANE('',#5428);
#5428 = AXIS2_PLACEMENT_3D('',#5429,#5430,#5431);
#5429 = CARTESIAN_POINT('',(8.02,3.9,0.));
#5430 = DIRECTION('',(0.,1.,0.));
#5431 = DIRECTION('',(1.,0.,0.));
#5432 = ADVANCED_FACE('',(#5433),#5439,.T.);
#5433 = FACE_BOUND('',#5434,.T.);
#5434 = EDGE_LOOP('',(#5435,#5436,#5437,#5438));
#5435 = ORIENTED_EDGE('',*,*,#5400,.T.);
#5436 = ORIENTED_EDGE('',*,*,#5378,.T.);
#5437 = ORIENTED_EDGE('',*,*,#5414,.F.);
#5438 = ORIENTED_EDGE('',*,*,#5312,.F.);
#5439 = PLANE('',#5440);
#5440 = AXIS2_PLACEMENT_3D('',#5441,#5442,#5443);
#5441 = CARTESIAN_POINT('',(8.02,2.3,0.));
#5442 = DIRECTION('',(-1.,0.,0.));
#5443 = DIRECTION('',(0.,1.,0.));
#5444 = ADVANCED_FACE('',(#5445),#5451,.T.);
#5445 = FACE_BOUND('',#5446,.T.);
#5446 = EDGE_LOOP('',(#5447,#5448,#5449,#5450));
#5447 = ORIENTED_EDGE('',*,*,#5330,.T.);
#5448 = ORIENTED_EDGE('',*,*,#5421,.T.);
#5449 = ORIENTED_EDGE('',*,*,#5362,.F.);
#5450 = ORIENTED_EDGE('',*,*,#5393,.F.);
#5451 = PLANE('',#5452);
#5452 = AXIS2_PLACEMENT_3D('',#5453,#5454,#5455);
#5453 = CARTESIAN_POINT('',(9.02,2.3,0.));
#5454 = DIRECTION('',(1.,0.,0.));
#5455 = DIRECTION('',(-0.,1.,0.));
#5456 = ( GEOMETRIC_REPRESENTATION_CONTEXT(3) 
GLOBAL_UNCERTAINTY_ASSIGNED_CONTEXT((#5460)) 
GLOBAL_UNIT_ASSIGNED_CONTEXT((#5457,#5458,#5459)) REPRESENTATION_CONTEXT
('Context #1','3D Context with UNIT and UNCERTAINTY') );
#5457 = ( LENGTH_UNIT() NAMED_UNIT(*) SI_UNIT(.MILLI.,.METRE.) );
#5458 = ( NAMED_UNIT(*) PLANE_ANGLE_UNIT() SI_UNIT($,.RADIAN.) );
#5459 = ( NAMED_UNIT(*) SI_UNIT($,.STERADIAN.) SOLID_ANGLE_UNIT() );
#5460 = UNCERTAINTY_MEASURE_WITH_UNIT(LENGTH_MEASURE(1.E-07),#5457,
  'distance_accuracy_value','confusion accuracy');
#5461 = CONTEXT_DEPENDENT_SHAPE_REPRESENTATION(#5462,#5464);
#5462 = ( REPRESENTATION_RELATIONSHIP('','',#55,#32) 
REPRESENTATION_RELATIONSHIP_WITH_TRANSFORMATION(#5463) 
SHAPE_REPRESENTATION_RELATIONSHIP() );
#5463 = ITEM_DEFINED_TRANSFORMATION('','',#11,#33);
#5464 = PRODUCT_DEFINITION_SHAPE('Placement','Placement of an item',
  #5465);
#5465 = NEXT_ASSEMBLY_USAGE_OCCURRENCE('1','=>[0:1:1:3]','',#27,#50,$);
#5466 = PRODUCT_RELATED_PRODUCT_CATEGORY('part',$,(#52));
#5467 = MECHANICAL_DESIGN_GEOMETRIC_PRESENTATION_REPRESENTATION('',(
    #5468,#5476,#5483,#5490,#5498,#5506,#5513,#5520,#5527,#5534,#5541,
    #5548,#5555,#5562,#5569,#5576,#5583,#5590,#5597,#5604,#5611,#5618,
    #5625,#5632,#5639,#5646,#5653,#5660,#5667,#5674,#5681,#5688,#5695,
    #5702,#5709,#5717),#5456);
#5468 = STYLED_ITEM('color',(#5469),#56);
#5469 = PRESENTATION_STYLE_ASSIGNMENT((#5470));
#5470 = SURFACE_STYLE_USAGE(.BOTH.,#5471);
#5471 = SURFACE_SIDE_STYLE('',(#5472));
#5472 = SURFACE_STYLE_FILL_AREA(#5473);
#5473 = FILL_AREA_STYLE('',(#5474));
#5474 = FILL_AREA_STYLE_COLOUR('',#5475);
#5475 = COLOUR_RGB('',0.950000001282,0.950000001282,0.950000001282);
#5476 = STYLED_ITEM('color',(#5477),#206);
#5477 = PRESENTATION_STYLE_ASSIGNMENT((#5478));
#5478 = SURFACE_STYLE_USAGE(.BOTH.,#5479);
#5479 = SURFACE_SIDE_STYLE('',(#5480));
#5480 = SURFACE_STYLE_FILL_AREA(#5481);
#5481 = FILL_AREA_STYLE('',(#5482));
#5482 = FILL_AREA_STYLE_COLOUR('',#5475);
#5483 = STYLED_ITEM('color',(#5484),#356);
#5484 = PRESENTATION_STYLE_ASSIGNMENT((#5485));
#5485 = SURFACE_STYLE_USAGE(.BOTH.,#5486);
#5486 = SURFACE_SIDE_STYLE('',(#5487));
#5487 = SURFACE_STYLE_FILL_AREA(#5488);
#5488 = FILL_AREA_STYLE('',(#5489));
#5489 = FILL_AREA_STYLE_COLOUR('',#5475);
#5490 = STYLED_ITEM('color',(#5491),#506);
#5491 = PRESENTATION_STYLE_ASSIGNMENT((#5492));
#5492 = SURFACE_STYLE_USAGE(.BOTH.,#5493);
#5493 = SURFACE_SIDE_STYLE('',(#5494));
#5494 = SURFACE_STYLE_FILL_AREA(#5495);
#5495 = FILL_AREA_STYLE('',(#5496));
#5496 = FILL_AREA_STYLE_COLOUR('',#5497);
#5497 = COLOUR_RGB('',0.55000000909,0.350000000377,0.149999997808);
#5498 = STYLED_ITEM('color',(#5499),#656);
#5499 = PRESENTATION_STYLE_ASSIGNMENT((#5500));
#5500 = SURFACE_STYLE_USAGE(.BOTH.,#5501);
#5501 = SURFACE_SIDE_STYLE('',(#5502));
#5502 = SURFACE_STYLE_FILL_AREA(#5503);
#5503 = FILL_AREA_STYLE('',(#5504));
#5504 = FILL_AREA_STYLE_COLOUR('',#5505);
#5505 = COLOUR_RGB('',0.850000012718,0.679999990811,0.199999998682);
#5506 = STYLED_ITEM('color',(#5507),#806);
#5507 = PRESENTATION_STYLE_ASSIGNMENT((#5508));
#5508 = SURFACE_STYLE_USAGE(.BOTH.,#5509);
#5509 = SURFACE_SIDE_STYLE('',(#5510));
#5510 = SURFACE_STYLE_FILL_AREA(#5511);
#5511 = FILL_AREA_STYLE('',(#5512));
#5512 = FILL_AREA_STYLE_COLOUR('',#5505);
#5513 = STYLED_ITEM('color',(#5514),#956);
#5514 = PRESENTATION_STYLE_ASSIGNMENT((#5515));
#5515 = SURFACE_STYLE_USAGE(.BOTH.,#5516);
#5516 = SURFACE_SIDE_STYLE('',(#5517));
#5517 = SURFACE_STYLE_FILL_AREA(#5518);
#5518 = FILL_AREA_STYLE('',(#5519));
#5519 = FILL_AREA_STYLE_COLOUR('',#5505);
#5520 = STYLED_ITEM('color',(#5521),#1106);
#5521 = PRESENTATION_STYLE_ASSIGNMENT((#5522));
#5522 = SURFACE_STYLE_USAGE(.BOTH.,#5523);
#5523 = SURFACE_SIDE_STYLE('',(#5524));
#5524 = SURFACE_STYLE_FILL_AREA(#5525);
#5525 = FILL_AREA_STYLE('',(#5526));
#5526 = FILL_AREA_STYLE_COLOUR('',#5505);
#5527 = STYLED_ITEM('color',(#5528),#1256);
#5528 = PRESENTATION_STYLE_ASSIGNMENT((#5529));
#5529 = SURFACE_STYLE_USAGE(.BOTH.,#5530);
#5530 = SURFACE_SIDE_STYLE('',(#5531));
#5531 = SURFACE_STYLE_FILL_AREA(#5532);
#5532 = FILL_AREA_STYLE('',(#5533));
#5533 = FILL_AREA_STYLE_COLOUR('',#5505);
#5534 = STYLED_ITEM('color',(#5535),#1406);
#5535 = PRESENTATION_STYLE_ASSIGNMENT((#5536));
#5536 = SURFACE_STYLE_USAGE(.BOTH.,#5537);
#5537 = SURFACE_SIDE_STYLE('',(#5538));
#5538 = SURFACE_STYLE_FILL_AREA(#5539);
#5539 = FILL_AREA_STYLE('',(#5540));
#5540 = FILL_AREA_STYLE_COLOUR('',#5505);
#5541 = STYLED_ITEM('color',(#5542),#1556);
#5542 = PRESENTATION_STYLE_ASSIGNMENT((#5543));
#5543 = SURFACE_STYLE_USAGE(.BOTH.,#5544);
#5544 = SURFACE_SIDE_STYLE('',(#5545));
#5545 = SURFACE_STYLE_FILL_AREA(#5546);
#5546 = FILL_AREA_STYLE('',(#5547));
#5547 = FILL_AREA_STYLE_COLOUR('',#5505);
#5548 = STYLED_ITEM('color',(#5549),#1706);
#5549 = PRESENTATION_STYLE_ASSIGNMENT((#5550));
#5550 = SURFACE_STYLE_USAGE(.BOTH.,#5551);
#5551 = SURFACE_SIDE_STYLE('',(#5552));
#5552 = SURFACE_STYLE_FILL_AREA(#5553);
#5553 = FILL_AREA_STYLE('',(#5554));
#5554 = FILL_AREA_STYLE_COLOUR('',#5505);
#5555 = STYLED_ITEM('color',(#5556),#1856);
#5556 = PRESENTATION_STYLE_ASSIGNMENT((#5557));
#5557 = SURFACE_STYLE_USAGE(.BOTH.,#5558);
#5558 = SURFACE_SIDE_STYLE('',(#5559));
#5559 = SURFACE_STYLE_FILL_AREA(#5560);
#5560 = FILL_AREA_STYLE('',(#5561));
#5561 = FILL_AREA_STYLE_COLOUR('',#5505);
#5562 = STYLED_ITEM('color',(#5563),#2006);
#5563 = PRESENTATION_STYLE_ASSIGNMENT((#5564));
#5564 = SURFACE_STYLE_USAGE(.BOTH.,#5565);
#5565 = SURFACE_SIDE_STYLE('',(#5566));
#5566 = SURFACE_STYLE_FILL_AREA(#5567);
#5567 = FILL_AREA_STYLE('',(#5568));
#5568 = FILL_AREA_STYLE_COLOUR('',#5505);
#5569 = STYLED_ITEM('color',(#5570),#2156);
#5570 = PRESENTATION_STYLE_ASSIGNMENT((#5571));
#5571 = SURFACE_STYLE_USAGE(.BOTH.,#5572);
#5572 = SURFACE_SIDE_STYLE('',(#5573));
#5573 = SURFACE_STYLE_FILL_AREA(#5574);
#5574 = FILL_AREA_STYLE('',(#5575));
#5575 = FILL_AREA_STYLE_COLOUR('',#5505);
#5576 = STYLED_ITEM('color',(#5577),#2306);
#5577 = PRESENTATION_STYLE_ASSIGNMENT((#5578));
#5578 = SURFACE_STYLE_USAGE(.BOTH.,#5579);
#5579 = SURFACE_SIDE_STYLE('',(#5580));
#5580 = SURFACE_STYLE_FILL_AREA(#5581);
#5581 = FILL_AREA_STYLE('',(#5582));
#5582 = FILL_AREA_STYLE_COLOUR('',#5505);
#5583 = STYLED_ITEM('color',(#5584),#2456);
#5584 = PRESENTATION_STYLE_ASSIGNMENT((#5585));
#5585 = SURFACE_STYLE_USAGE(.BOTH.,#5586);
#5586 = SURFACE_SIDE_STYLE('',(#5587));
#5587 = SURFACE_STYLE_FILL_AREA(#5588);
#5588 = FILL_AREA_STYLE('',(#5589));
#5589 = FILL_AREA_STYLE_COLOUR('',#5505);
#5590 = STYLED_ITEM('color',(#5591),#2606);
#5591 = PRESENTATION_STYLE_ASSIGNMENT((#5592));
#5592 = SURFACE_STYLE_USAGE(.BOTH.,#5593);
#5593 = SURFACE_SIDE_STYLE('',(#5594));
#5594 = SURFACE_STYLE_FILL_AREA(#5595);
#5595 = FILL_AREA_STYLE('',(#5596));
#5596 = FILL_AREA_STYLE_COLOUR('',#5505);
#5597 = STYLED_ITEM('color',(#5598),#2756);
#5598 = PRESENTATION_STYLE_ASSIGNMENT((#5599));
#5599 = SURFACE_STYLE_USAGE(.BOTH.,#5600);
#5600 = SURFACE_SIDE_STYLE('',(#5601));
#5601 = SURFACE_STYLE_FILL_AREA(#5602);
#5602 = FILL_AREA_STYLE('',(#5603));
#5603 = FILL_AREA_STYLE_COLOUR('',#5505);
#5604 = STYLED_ITEM('color',(#5605),#2906);
#5605 = PRESENTATION_STYLE_ASSIGNMENT((#5606));
#5606 = SURFACE_STYLE_USAGE(.BOTH.,#5607);
#5607 = SURFACE_SIDE_STYLE('',(#5608));
#5608 = SURFACE_STYLE_FILL_AREA(#5609);
#5609 = FILL_AREA_STYLE('',(#5610));
#5610 = FILL_AREA_STYLE_COLOUR('',#5505);
#5611 = STYLED_ITEM('color',(#5612),#3056);
#5612 = PRESENTATION_STYLE_ASSIGNMENT((#5613));
#5613 = SURFACE_STYLE_USAGE(.BOTH.,#5614);
#5614 = SURFACE_SIDE_STYLE('',(#5615));
#5615 = SURFACE_STYLE_FILL_AREA(#5616);
#5616 = FILL_AREA_STYLE('',(#5617));
#5617 = FILL_AREA_STYLE_COLOUR('',#5505);
#5618 = STYLED_ITEM('color',(#5619),#3206);
#5619 = PRESENTATION_STYLE_ASSIGNMENT((#5620));
#5620 = SURFACE_STYLE_USAGE(.BOTH.,#5621);
#5621 = SURFACE_SIDE_STYLE('',(#5622));
#5622 = SURFACE_STYLE_FILL_AREA(#5623);
#5623 = FILL_AREA_STYLE('',(#5624));
#5624 = FILL_AREA_STYLE_COLOUR('',#5505);
#5625 = STYLED_ITEM('color',(#5626),#3356);
#5626 = PRESENTATION_STYLE_ASSIGNMENT((#5627));
#5627 = SURFACE_STYLE_USAGE(.BOTH.,#5628);
#5628 = SURFACE_SIDE_STYLE('',(#5629));
#5629 = SURFACE_STYLE_FILL_AREA(#5630);
#5630 = FILL_AREA_STYLE('',(#5631));
#5631 = FILL_AREA_STYLE_COLOUR('',#5505);
#5632 = STYLED_ITEM('color',(#5633),#3506);
#5633 = PRESENTATION_STYLE_ASSIGNMENT((#5634));
#5634 = SURFACE_STYLE_USAGE(.BOTH.,#5635);
#5635 = SURFACE_SIDE_STYLE('',(#5636));
#5636 = SURFACE_STYLE_FILL_AREA(#5637);
#5637 = FILL_AREA_STYLE('',(#5638));
#5638 = FILL_AREA_STYLE_COLOUR('',#5505);
#5639 = STYLED_ITEM('color',(#5640),#3656);
#5640 = PRESENTATION_STYLE_ASSIGNMENT((#5641));
#5641 = SURFACE_STYLE_USAGE(.BOTH.,#5642);
#5642 = SURFACE_SIDE_STYLE('',(#5643));
#5643 = SURFACE_STYLE_FILL_AREA(#5644);
#5644 = FILL_AREA_STYLE('',(#5645));
#5645 = FILL_AREA_STYLE_COLOUR('',#5505);
#5646 = STYLED_ITEM('color',(#5647),#3806);
#5647 = PRESENTATION_STYLE_ASSIGNMENT((#5648));
#5648 = SURFACE_STYLE_USAGE(.BOTH.,#5649);
#5649 = SURFACE_SIDE_STYLE('',(#5650));
#5650 = SURFACE_STYLE_FILL_AREA(#5651);
#5651 = FILL_AREA_STYLE('',(#5652));
#5652 = FILL_AREA_STYLE_COLOUR('',#5505);
#5653 = STYLED_ITEM('color',(#5654),#3956);
#5654 = PRESENTATION_STYLE_ASSIGNMENT((#5655));
#5655 = SURFACE_STYLE_USAGE(.BOTH.,#5656);
#5656 = SURFACE_SIDE_STYLE('',(#5657));
#5657 = SURFACE_STYLE_FILL_AREA(#5658);
#5658 = FILL_AREA_STYLE('',(#5659));
#5659 = FILL_AREA_STYLE_COLOUR('',#5505);
#5660 = STYLED_ITEM('color',(#5661),#4106);
#5661 = PRESENTATION_STYLE_ASSIGNMENT((#5662));
#5662 = SURFACE_STYLE_USAGE(.BOTH.,#5663);
#5663 = SURFACE_SIDE_STYLE('',(#5664));
#5664 = SURFACE_STYLE_FILL_AREA(#5665);
#5665 = FILL_AREA_STYLE('',(#5666));
#5666 = FILL_AREA_STYLE_COLOUR('',#5505);
#5667 = STYLED_ITEM('color',(#5668),#4256);
#5668 = PRESENTATION_STYLE_ASSIGNMENT((#5669));
#5669 = SURFACE_STYLE_USAGE(.BOTH.,#5670);
#5670 = SURFACE_SIDE_STYLE('',(#5671));
#5671 = SURFACE_STYLE_FILL_AREA(#5672);
#5672 = FILL_AREA_STYLE('',(#5673));
#5673 = FILL_AREA_STYLE_COLOUR('',#5505);
#5674 = STYLED_ITEM('color',(#5675),#4406);
#5675 = PRESENTATION_STYLE_ASSIGNMENT((#5676));
#5676 = SURFACE_STYLE_USAGE(.BOTH.,#5677);
#5677 = SURFACE_SIDE_STYLE('',(#5678));
#5678 = SURFACE_STYLE_FILL_AREA(#5679);
#5679 = FILL_AREA_STYLE('',(#5680));
#5680 = FILL_AREA_STYLE_COLOUR('',#5505);
#5681 = STYLED_ITEM('color',(#5682),#4556);
#5682 = PRESENTATION_STYLE_ASSIGNMENT((#5683));
#5683 = SURFACE_STYLE_USAGE(.BOTH.,#5684);
#5684 = SURFACE_SIDE_STYLE('',(#5685));
#5685 = SURFACE_STYLE_FILL_AREA(#5686);
#5686 = FILL_AREA_STYLE('',(#5687));
#5687 = FILL_AREA_STYLE_COLOUR('',#5505);
#5688 = STYLED_ITEM('color',(#5689),#4706);
#5689 = PRESENTATION_STYLE_ASSIGNMENT((#5690));
#5690 = SURFACE_STYLE_USAGE(.BOTH.,#5691);
#5691 = SURFACE_SIDE_STYLE('',(#5692));
#5692 = SURFACE_STYLE_FILL_AREA(#5693);
#5693 = FILL_AREA_STYLE('',(#5694));
#5694 = FILL_AREA_STYLE_COLOUR('',#5505);
#5695 = STYLED_ITEM('color',(#5696),#4856);
#5696 = PRESENTATION_STYLE_ASSIGNMENT((#5697));
#5697 = SURFACE_STYLE_USAGE(.BOTH.,#5698);
#5698 = SURFACE_SIDE_STYLE('',(#5699));
#5699 = SURFACE_STYLE_FILL_AREA(#5700);
#5700 = FILL_AREA_STYLE('',(#5701));
#5701 = FILL_AREA_STYLE_COLOUR('',#5505);
#5702 = STYLED_ITEM('color',(#5703),#5006);
#5703 = PRESENTATION_STYLE_ASSIGNMENT((#5704));
#5704 = SURFACE_STYLE_USAGE(.BOTH.,#5705);
#5705 = SURFACE_SIDE_STYLE('',(#5706));
#5706 = SURFACE_STYLE_FILL_AREA(#5707);
#5707 = FILL_AREA_STYLE('',(#5708));
#5708 = FILL_AREA_STYLE_COLOUR('',#5505);
#5709 = STYLED_ITEM('color',(#5710),#5156);
#5710 = PRESENTATION_STYLE_ASSIGNMENT((#5711));
#5711 = SURFACE_STYLE_USAGE(.BOTH.,#5712);
#5712 = SURFACE_SIDE_STYLE('',(#5713));
#5713 = SURFACE_STYLE_FILL_AREA(#5714);
#5714 = FILL_AREA_STYLE('',(#5715));
#5715 = FILL_AREA_STYLE_COLOUR('',#5716);
#5716 = COLOUR_RGB('',0.78000000177,0.78000000177,0.800000010877);
#5717 = STYLED_ITEM('color',(#5718),#5306);
#5718 = PRESENTATION_STYLE_ASSIGNMENT((#5719));
#5719 = SURFACE_STYLE_USAGE(.BOTH.,#5720);
#5720 = SURFACE_SIDE_STYLE('',(#5721));
#5721 = SURFACE_STYLE_FILL_AREA(#5722);
#5722 = FILL_AREA_STYLE('',(#5723));
#5723 = FILL_AREA_STYLE_COLOUR('',#5716);
ENDSEC;
END-ISO-10303-21;
