ISO-10303-21;
HEADER;
FILE_DESCRIPTION(('KiCad electronic assembly'),'2;1');
FILE_NAME('MECH_ENC.step','2026-09-25T16:39:09',('Pcbnew'),('Kicad'),
  'Open CASCADE STEP processor 7.9','KiCad to STEP converter','Unknown'
  );
FILE_SCHEMA(('AUTOMOTIVE_DESIGN { 1 0 10303 214 1 1 1 1 }'));
ENDSEC;
DATA;
#1 = APPLICATION_PROTOCOL_DEFINITION('international standard',
  'automotive_design',2000,#2);
#2 = APPLICATION_CONTEXT(
  'core data for automotive mechanical design processes');
#3 = SHAPE_DEFINITION_REPRESENTATION(#4,#10);
#4 = PRODUCT_DEFINITION_SHAPE('','',#5);
#5 = PRODUCT_DEFINITION('design','',#6,#9);
#6 = PRODUCT_DEFINITION_FORMATION('','',#7);
#7 = PRODUCT('MECH_ENC 1','MECH_ENC 1','',(#8));
#8 = PRODUCT_CONTEXT('',#2,'mechanical');
#9 = PRODUCT_DEFINITION_CONTEXT('part definition',#2,'design');
#10 = SHAPE_REPRESENTATION('',(#11,#15),#19);
#11 = AXIS2_PLACEMENT_3D('',#12,#13,#14);
#12 = CARTESIAN_POINT('',(0.,0.,0.));
#13 = DIRECTION('',(0.,0.,1.));
#14 = DIRECTION('',(1.,0.,-0.));
#15 = AXIS2_PLACEMENT_3D('',#16,#17,#18);
#16 = CARTESIAN_POINT('',(54.3,-112.4,1.595));
#17 = DIRECTION('',(0.,0.,1.));
#18 = DIRECTION('',(1.,0.,0.));
#19 = ( GEOMETRIC_REPRESENTATION_CONTEXT(3) 
GLOBAL_UNCERTAINTY_ASSIGNED_CONTEXT((#23)) GLOBAL_UNIT_ASSIGNED_CONTEXT(
(#20,#21,#22)) REPRESENTATION_CONTEXT('Context #1',
  '3D Context with UNIT and UNCERTAINTY') );
#20 = ( LENGTH_UNIT() NAMED_UNIT(*) SI_UNIT(.MILLI.,.METRE.) );
#21 = ( NAMED_UNIT(*) PLANE_ANGLE_UNIT() SI_UNIT($,.RADIAN.) );
#22 = ( NAMED_UNIT(*) SI_UNIT($,.STERADIAN.) SOLID_ANGLE_UNIT() );
#23 = UNCERTAINTY_MEASURE_WITH_UNIT(LENGTH_MEASURE(1.E-07),#20,
  'distance_accuracy_value','confusion accuracy');
#24 = PRODUCT_RELATED_PRODUCT_CATEGORY('part',$,(#7));
#25 = SHAPE_DEFINITION_REPRESENTATION(#26,#32);
#26 = PRODUCT_DEFINITION_SHAPE('','',#27);
#27 = PRODUCT_DEFINITION('design','',#28,#31);
#28 = PRODUCT_DEFINITION_FORMATION('','',#29);
#29 = PRODUCT('Encoder_Panel_EC1121S','Encoder_Panel_EC1121S','',(#30));
#30 = PRODUCT_CONTEXT('',#2,'mechanical');
#31 = PRODUCT_DEFINITION_CONTEXT('part definition',#2,'design');
#32 = SHAPE_REPRESENTATION('',(#11,#33),#37);
#33 = AXIS2_PLACEMENT_3D('',#34,#35,#36);
#34 = CARTESIAN_POINT('',(0.,0.,0.));
#35 = DIRECTION('',(0.,0.,1.));
#36 = DIRECTION('',(1.,0.,-0.));
#37 = ( GEOMETRIC_REPRESENTATION_CONTEXT(3) 
GLOBAL_UNCERTAINTY_ASSIGNED_CONTEXT((#41)) GLOBAL_UNIT_ASSIGNED_CONTEXT(
(#38,#39,#40)) REPRESENTATION_CONTEXT('Context #1',
  '3D Context with UNIT and UNCERTAINTY') );
#38 = ( LENGTH_UNIT() NAMED_UNIT(*) SI_UNIT(.MILLI.,.METRE.) );
#39 = ( NAMED_UNIT(*) PLANE_ANGLE_UNIT() SI_UNIT($,.RADIAN.) );
#40 = ( NAMED_UNIT(*) SI_UNIT($,.STERADIAN.) SOLID_ANGLE_UNIT() );
#41 = UNCERTAINTY_MEASURE_WITH_UNIT(LENGTH_MEASURE(1.E-07),#38,
  'distance_accuracy_value','confusion accuracy');
#42 = CONTEXT_DEPENDENT_SHAPE_REPRESENTATION(#43,#45);
#43 = ( REPRESENTATION_RELATIONSHIP('','',#32,#10) 
REPRESENTATION_RELATIONSHIP_WITH_TRANSFORMATION(#44) 
SHAPE_REPRESENTATION_RELATIONSHIP() );
#44 = ITEM_DEFINED_TRANSFORMATION('','',#11,#15);
#45 = PRODUCT_DEFINITION_SHAPE('Placement','Placement of an item',#46);
#46 = NEXT_ASSEMBLY_USAGE_OCCURRENCE('2','MECH_ENC','',#5,#27,$);
#47 = PRODUCT_RELATED_PRODUCT_CATEGORY('part',$,(#29));
#48 = SHAPE_DEFINITION_REPRESENTATION(#49,#55);
#49 = PRODUCT_DEFINITION_SHAPE('','',#50);
#50 = PRODUCT_DEFINITION('design','',#51,#54);
#51 = PRODUCT_DEFINITION_FORMATION('','',#52);
#52 = PRODUCT('Open CASCADE STEP translator 7.8 2',
  'Open CASCADE STEP translator 7.8 2','',(#53));
#53 = PRODUCT_CONTEXT('',#2,'mechanical');
#54 = PRODUCT_DEFINITION_CONTEXT('part definition',#2,'design');
#55 = SHAPE_REPRESENTATION('',(#11,#56,#194,#262,#390,#528,#666,#804,
    #942,#1080,#1218,#1356,#1494,#1632,#1770,#1908),#2046);
#56 = MANIFOLD_SOLID_BREP('',#57);
#57 = CLOSED_SHELL('',(#58,#94,#130,#150,#170,#182));
#58 = ADVANCED_FACE('',(#59),#89,.F.);
#59 = FACE_BOUND('',#60,.F.);
#60 = EDGE_LOOP('',(#61,#70,#77,#84));
#61 = ORIENTED_EDGE('',*,*,#62,.F.);
#62 = EDGE_CURVE('',#63,#65,#67,.T.);
#63 = VERTEX_POINT('',#64);
#64 = CARTESIAN_POINT('',(0.,6.,-10.575));
#65 = VERTEX_POINT('',#66);
#66 = CARTESIAN_POINT('',(-4.5,6.,-10.575));
#67 = B_SPLINE_CURVE_WITH_KNOTS('',1,(#68,#69),.UNSPECIFIED.,.F.,.F.,(2,
    2),(0.,4.5),.PIECEWISE_BEZIER_KNOTS.);
#68 = CARTESIAN_POINT('',(0.,6.,-10.575));
#69 = CARTESIAN_POINT('',(-4.5,6.,-10.575));
#70 = ORIENTED_EDGE('',*,*,#71,.T.);
#71 = EDGE_CURVE('',#63,#72,#74,.T.);
#72 = VERTEX_POINT('',#73);
#73 = CARTESIAN_POINT('',(0.,6.,1.125));
#74 = B_SPLINE_CURVE_WITH_KNOTS('',1,(#75,#76),.UNSPECIFIED.,.F.,.F.,(2,
    2),(0.,11.7),.PIECEWISE_BEZIER_KNOTS.);
#75 = CARTESIAN_POINT('',(0.,6.,-10.575));
#76 = CARTESIAN_POINT('',(0.,6.,1.125));
#77 = ORIENTED_EDGE('',*,*,#78,.T.);
#78 = EDGE_CURVE('',#72,#79,#81,.T.);
#79 = VERTEX_POINT('',#80);
#80 = CARTESIAN_POINT('',(-4.5,6.,1.125));
#81 = B_SPLINE_CURVE_WITH_KNOTS('',1,(#82,#83),.UNSPECIFIED.,.F.,.F.,(2,
    2),(0.,4.5),.PIECEWISE_BEZIER_KNOTS.);
#82 = CARTESIAN_POINT('',(0.,6.,1.125));
#83 = CARTESIAN_POINT('',(-4.5,6.,1.125));
#84 = ORIENTED_EDGE('',*,*,#85,.F.);
#85 = EDGE_CURVE('',#65,#79,#86,.T.);
#86 = B_SPLINE_CURVE_WITH_KNOTS('',1,(#87,#88),.UNSPECIFIED.,.F.,.F.,(2,
    2),(0.,11.7),.PIECEWISE_BEZIER_KNOTS.);
#87 = CARTESIAN_POINT('',(-4.5,6.,-10.575));
#88 = CARTESIAN_POINT('',(-4.5,6.,1.125));
#89 = B_SPLINE_SURFACE_WITH_KNOTS('',1,1,(
    (#90,#91)
    ,(#92,#93
    )),.UNSPECIFIED.,.F.,.F.,.F.,(2,2),(2,2),(0.,4.5),(-11.7,0.),
  .PIECEWISE_BEZIER_KNOTS.);
#90 = CARTESIAN_POINT('',(0.,6.,1.125));
#91 = CARTESIAN_POINT('',(0.,6.,-10.575));
#92 = CARTESIAN_POINT('',(-4.5,6.,1.125));
#93 = CARTESIAN_POINT('',(-4.5,6.,-10.575));
#94 = ADVANCED_FACE('',(#95),#125,.T.);
#95 = FACE_BOUND('',#96,.T.);
#96 = EDGE_LOOP('',(#97,#106,#113,#120));
#97 = ORIENTED_EDGE('',*,*,#98,.F.);
#98 = EDGE_CURVE('',#99,#101,#103,.T.);
#99 = VERTEX_POINT('',#100);
#100 = CARTESIAN_POINT('',(0.,-6.,-10.575));
#101 = VERTEX_POINT('',#102);
#102 = CARTESIAN_POINT('',(-4.5,-6.,-10.575));
#103 = B_SPLINE_CURVE_WITH_KNOTS('',1,(#104,#105),.UNSPECIFIED.,.F.,.F.,
  (2,2),(0.,4.5),.PIECEWISE_BEZIER_KNOTS.);
#104 = CARTESIAN_POINT('',(0.,-6.,-10.575));
#105 = CARTESIAN_POINT('',(-4.5,-6.,-10.575));
#106 = ORIENTED_EDGE('',*,*,#107,.T.);
#107 = EDGE_CURVE('',#99,#108,#110,.T.);
#108 = VERTEX_POINT('',#109);
#109 = CARTESIAN_POINT('',(0.,-6.,1.125));
#110 = B_SPLINE_CURVE_WITH_KNOTS('',1,(#111,#112),.UNSPECIFIED.,.F.,.F.,
  (2,2),(0.,11.7),.PIECEWISE_BEZIER_KNOTS.);
#111 = CARTESIAN_POINT('',(0.,-6.,-10.575));
#112 = CARTESIAN_POINT('',(0.,-6.,1.125));
#113 = ORIENTED_EDGE('',*,*,#114,.T.);
#114 = EDGE_CURVE('',#108,#115,#117,.T.);
#115 = VERTEX_POINT('',#116);
#116 = CARTESIAN_POINT('',(-4.5,-6.,1.125));
#117 = B_SPLINE_CURVE_WITH_KNOTS('',1,(#118,#119),.UNSPECIFIED.,.F.,.F.,
  (2,2),(0.,4.5),.PIECEWISE_BEZIER_KNOTS.);
#118 = CARTESIAN_POINT('',(0.,-6.,1.125));
#119 = CARTESIAN_POINT('',(-4.5,-6.,1.125));
#120 = ORIENTED_EDGE('',*,*,#121,.F.);
#121 = EDGE_CURVE('',#101,#115,#122,.T.);
#122 = B_SPLINE_CURVE_WITH_KNOTS('',1,(#123,#124),.UNSPECIFIED.,.F.,.F.,
  (2,2),(0.,11.7),.PIECEWISE_BEZIER_KNOTS.);
#123 = CARTESIAN_POINT('',(-4.5,-6.,-10.575));
#124 = CARTESIAN_POINT('',(-4.5,-6.,1.125));
#125 = B_SPLINE_SURFACE_WITH_KNOTS('',1,1,(
    (#126,#127)
    ,(#128,#129
    )),.UNSPECIFIED.,.F.,.F.,.F.,(2,2),(2,2),(0.,4.5),(-11.7,0.),
  .PIECEWISE_BEZIER_KNOTS.);
#126 = CARTESIAN_POINT('',(0.,-6.,1.125));
#127 = CARTESIAN_POINT('',(0.,-6.,-10.575));
#128 = CARTESIAN_POINT('',(-4.5,-6.,1.125));
#129 = CARTESIAN_POINT('',(-4.5,-6.,-10.575));
#130 = ADVANCED_FACE('',(#131),#145,.F.);
#131 = FACE_BOUND('',#132,.F.);
#132 = EDGE_LOOP('',(#133,#138,#139,#144));
#133 = ORIENTED_EDGE('',*,*,#134,.F.);
#134 = EDGE_CURVE('',#63,#99,#135,.T.);
#135 = B_SPLINE_CURVE_WITH_KNOTS('',1,(#136,#137),.UNSPECIFIED.,.F.,.F.,
  (2,2),(0.,12.),.PIECEWISE_BEZIER_KNOTS.);
#136 = CARTESIAN_POINT('',(0.,6.,-10.575));
#137 = CARTESIAN_POINT('',(0.,-6.,-10.575));
#138 = ORIENTED_EDGE('',*,*,#62,.T.);
#139 = ORIENTED_EDGE('',*,*,#140,.T.);
#140 = EDGE_CURVE('',#65,#101,#141,.T.);
#141 = B_SPLINE_CURVE_WITH_KNOTS('',1,(#142,#143),.UNSPECIFIED.,.F.,.F.,
  (2,2),(0.,12.),.PIECEWISE_BEZIER_KNOTS.);
#142 = CARTESIAN_POINT('',(-4.5,6.,-10.575));
#143 = CARTESIAN_POINT('',(-4.5,-6.,-10.575));
#144 = ORIENTED_EDGE('',*,*,#98,.F.);
#145 = B_SPLINE_SURFACE_WITH_KNOTS('',1,1,(
    (#146,#147)
    ,(#148,#149
    )),.UNSPECIFIED.,.F.,.F.,.F.,(2,2),(2,2),(0.,4.5),(0.,12.),
  .PIECEWISE_BEZIER_KNOTS.);
#146 = CARTESIAN_POINT('',(0.,6.,-10.575));
#147 = CARTESIAN_POINT('',(0.,-6.,-10.575));
#148 = CARTESIAN_POINT('',(-4.5,6.,-10.575));
#149 = CARTESIAN_POINT('',(-4.5,-6.,-10.575));
#150 = ADVANCED_FACE('',(#151),#165,.T.);
#151 = FACE_BOUND('',#152,.T.);
#152 = EDGE_LOOP('',(#153,#158,#159,#164));
#153 = ORIENTED_EDGE('',*,*,#154,.F.);
#154 = EDGE_CURVE('',#72,#108,#155,.T.);
#155 = B_SPLINE_CURVE_WITH_KNOTS('',1,(#156,#157),.UNSPECIFIED.,.F.,.F.,
  (2,2),(0.,12.),.PIECEWISE_BEZIER_KNOTS.);
#156 = CARTESIAN_POINT('',(0.,6.,1.125));
#157 = CARTESIAN_POINT('',(0.,-6.,1.125));
#158 = ORIENTED_EDGE('',*,*,#78,.T.);
#159 = ORIENTED_EDGE('',*,*,#160,.T.);
#160 = EDGE_CURVE('',#79,#115,#161,.T.);
#161 = B_SPLINE_CURVE_WITH_KNOTS('',1,(#162,#163),.UNSPECIFIED.,.F.,.F.,
  (2,2),(0.,12.),.PIECEWISE_BEZIER_KNOTS.);
#162 = CARTESIAN_POINT('',(-4.5,6.,1.125));
#163 = CARTESIAN_POINT('',(-4.5,-6.,1.125));
#164 = ORIENTED_EDGE('',*,*,#114,.F.);
#165 = B_SPLINE_SURFACE_WITH_KNOTS('',1,1,(
    (#166,#167)
    ,(#168,#169
    )),.UNSPECIFIED.,.F.,.F.,.F.,(2,2),(2,2),(0.,4.5),(0.,12.),
  .PIECEWISE_BEZIER_KNOTS.);
#166 = CARTESIAN_POINT('',(0.,6.,1.125));
#167 = CARTESIAN_POINT('',(0.,-6.,1.125));
#168 = CARTESIAN_POINT('',(-4.5,6.,1.125));
#169 = CARTESIAN_POINT('',(-4.5,-6.,1.125));
#170 = ADVANCED_FACE('',(#171),#177,.F.);
#171 = FACE_BOUND('',#172,.F.);
#172 = EDGE_LOOP('',(#173,#174,#175,#176));
#173 = ORIENTED_EDGE('',*,*,#71,.F.);
#174 = ORIENTED_EDGE('',*,*,#134,.T.);
#175 = ORIENTED_EDGE('',*,*,#107,.T.);
#176 = ORIENTED_EDGE('',*,*,#154,.F.);
#177 = B_SPLINE_SURFACE_WITH_KNOTS('',1,1,(
    (#178,#179)
    ,(#180,#181
    )),.UNSPECIFIED.,.F.,.F.,.F.,(2,2),(2,2),(0.,12.),(0.,11.7),
  .PIECEWISE_BEZIER_KNOTS.);
#178 = CARTESIAN_POINT('',(0.,6.,-10.575));
#179 = CARTESIAN_POINT('',(0.,6.,1.125));
#180 = CARTESIAN_POINT('',(0.,-6.,-10.575));
#181 = CARTESIAN_POINT('',(0.,-6.,1.125));
#182 = ADVANCED_FACE('',(#183),#189,.T.);
#183 = FACE_BOUND('',#184,.T.);
#184 = EDGE_LOOP('',(#185,#186,#187,#188));
#185 = ORIENTED_EDGE('',*,*,#85,.F.);
#186 = ORIENTED_EDGE('',*,*,#140,.T.);
#187 = ORIENTED_EDGE('',*,*,#121,.T.);
#188 = ORIENTED_EDGE('',*,*,#160,.F.);
#189 = B_SPLINE_SURFACE_WITH_KNOTS('',1,1,(
    (#190,#191)
    ,(#192,#193
    )),.UNSPECIFIED.,.F.,.F.,.F.,(2,2),(2,2),(0.,12.),(0.,11.7),
  .PIECEWISE_BEZIER_KNOTS.);
#190 = CARTESIAN_POINT('',(-4.5,6.,-10.575));
#191 = CARTESIAN_POINT('',(-4.5,6.,1.125));
#192 = CARTESIAN_POINT('',(-4.5,-6.,-10.575));
#193 = CARTESIAN_POINT('',(-4.5,-6.,1.125));
#194 = MANIFOLD_SOLID_BREP('',#195);
#195 = CLOSED_SHELL('',(#196,#244,#253));
#196 = ADVANCED_FACE('',(#197),#229,.T.);
#197 = FACE_BOUND('',#198,.T.);
#198 = EDGE_LOOP('',(#199,#211,#218,#228));
#199 = ORIENTED_EDGE('',*,*,#200,.F.);
#200 = EDGE_CURVE('',#201,#201,#203,.T.);
#201 = VERTEX_POINT('',#202);
#202 = CARTESIAN_POINT('',(-9.5,-3.5,-4.725));
#203 = ( BOUNDED_CURVE() B_SPLINE_CURVE(2,(#204,#205,#206,#207,#208,#209
,#210),.UNSPECIFIED.,.T.,.F.) B_SPLINE_CURVE_WITH_KNOTS((1,2,2,2,2,1),(
    -2.094395102394,0.,2.094395102393,4.188790204786,6.28318530718,
8.377580409573),.UNSPECIFIED.) CURVE() GEOMETRIC_REPRESENTATION_ITEM() 
RATIONAL_B_SPLINE_CURVE((1.,0.5,1.,0.5,1.,0.5,1.)) REPRESENTATION_ITEM(
  '') );
#204 = CARTESIAN_POINT('',(-9.5,-3.5,-4.725));
#205 = CARTESIAN_POINT('',(-9.5,-3.5,1.337177826491));
#206 = CARTESIAN_POINT('',(-9.5,1.75,-1.693911086754));
#207 = CARTESIAN_POINT('',(-9.5,7.,-4.725));
#208 = CARTESIAN_POINT('',(-9.5,1.75,-7.756088913246));
#209 = CARTESIAN_POINT('',(-9.5,-3.5,-10.78717782649));
#210 = CARTESIAN_POINT('',(-9.5,-3.5,-4.725));
#211 = ORIENTED_EDGE('',*,*,#212,.F.);
#212 = EDGE_CURVE('',#213,#201,#215,.T.);
#213 = VERTEX_POINT('',#214);
#214 = CARTESIAN_POINT('',(-4.5,-3.5,-4.725));
#215 = B_SPLINE_CURVE_WITH_KNOTS('',1,(#216,#217),.UNSPECIFIED.,.F.,.F.,
  (2,2),(0.,5.),.PIECEWISE_BEZIER_KNOTS.);
#216 = CARTESIAN_POINT('',(-4.5,-3.5,-4.725));
#217 = CARTESIAN_POINT('',(-9.5,-3.5,-4.725));
#218 = ORIENTED_EDGE('',*,*,#219,.T.);
#219 = EDGE_CURVE('',#213,#213,#220,.T.);
#220 = ( BOUNDED_CURVE() B_SPLINE_CURVE(2,(#221,#222,#223,#224,#225,#226
,#227),.UNSPECIFIED.,.T.,.F.) B_SPLINE_CURVE_WITH_KNOTS((1,2,2,2,2,1),(
    -2.094395102394,0.,2.094395102393,4.188790204786,6.28318530718,
8.377580409573),.UNSPECIFIED.) CURVE() GEOMETRIC_REPRESENTATION_ITEM() 
RATIONAL_B_SPLINE_CURVE((1.,0.5,1.,0.5,1.,0.5,1.)) REPRESENTATION_ITEM(
  '') );
#221 = CARTESIAN_POINT('',(-4.5,-3.5,-4.725));
#222 = CARTESIAN_POINT('',(-4.5,-3.5,1.337177826491));
#223 = CARTESIAN_POINT('',(-4.5,1.75,-1.693911086754));
#224 = CARTESIAN_POINT('',(-4.5,7.,-4.725));
#225 = CARTESIAN_POINT('',(-4.5,1.75,-7.756088913246));
#226 = CARTESIAN_POINT('',(-4.5,-3.5,-10.78717782649));
#227 = CARTESIAN_POINT('',(-4.5,-3.5,-4.725));
#228 = ORIENTED_EDGE('',*,*,#212,.T.);
#229 = ( BOUNDED_SURFACE() B_SPLINE_SURFACE(2,1,(
    (#230,#231)
    ,(#232,#233)
    ,(#234,#235)
    ,(#236,#237)
    ,(#238,#239)
    ,(#240,#241)
,(#242,#243
    )),.UNSPECIFIED.,.T.,.F.,.F.) B_SPLINE_SURFACE_WITH_KNOTS((1,2,2,2,2
    ,1),(2,2),(-2.094395102394,0.,2.094395102393,4.188790204786,
    6.28318530718,8.377580409573),(0.,5.),.UNSPECIFIED.) 
GEOMETRIC_REPRESENTATION_ITEM() RATIONAL_B_SPLINE_SURFACE((
    (1.,1.)
    ,(0.5,0.5)
    ,(1.,1.)
    ,(0.5,0.5)
    ,(1.,1.)
    ,(0.5,0.5)
,(1.,1.))) REPRESENTATION_ITEM('') SURFACE() );
#230 = CARTESIAN_POINT('',(-4.5,-3.5,-4.725));
#231 = CARTESIAN_POINT('',(-9.5,-3.5,-4.725));
#232 = CARTESIAN_POINT('',(-4.5,-3.5,1.337177826491));
#233 = CARTESIAN_POINT('',(-9.5,-3.5,1.337177826491));
#234 = CARTESIAN_POINT('',(-4.5,1.75,-1.693911086754));
#235 = CARTESIAN_POINT('',(-9.5,1.75,-1.693911086754));
#236 = CARTESIAN_POINT('',(-4.5,7.,-4.725));
#237 = CARTESIAN_POINT('',(-9.5,7.,-4.725));
#238 = CARTESIAN_POINT('',(-4.5,1.75,-7.756088913246));
#239 = CARTESIAN_POINT('',(-9.5,1.75,-7.756088913246));
#240 = CARTESIAN_POINT('',(-4.5,-3.5,-10.78717782649));
#241 = CARTESIAN_POINT('',(-9.5,-3.5,-10.78717782649));
#242 = CARTESIAN_POINT('',(-4.5,-3.5,-4.725));
#243 = CARTESIAN_POINT('',(-9.5,-3.5,-4.725));
#244 = ADVANCED_FACE('',(#245),#248,.T.);
#245 = FACE_BOUND('',#246,.T.);
#246 = EDGE_LOOP('',(#247));
#247 = ORIENTED_EDGE('',*,*,#200,.T.);
#248 = B_SPLINE_SURFACE_WITH_KNOTS('',1,1,(
    (#249,#250)
    ,(#251,#252
    )),.UNSPECIFIED.,.F.,.F.,.F.,(2,2),(2,2),(-3.5,3.5),(-3.5,3.5),
  .PIECEWISE_BEZIER_KNOTS.);
#249 = CARTESIAN_POINT('',(-9.5,3.5,-8.225));
#250 = CARTESIAN_POINT('',(-9.5,3.5,-1.225));
#251 = CARTESIAN_POINT('',(-9.5,-3.5,-8.225));
#252 = CARTESIAN_POINT('',(-9.5,-3.5,-1.225));
#253 = ADVANCED_FACE('',(#254),#257,.F.);
#254 = FACE_BOUND('',#255,.F.);
#255 = EDGE_LOOP('',(#256));
#256 = ORIENTED_EDGE('',*,*,#219,.T.);
#257 = B_SPLINE_SURFACE_WITH_KNOTS('',1,1,(
    (#258,#259)
    ,(#260,#261
    )),.UNSPECIFIED.,.F.,.F.,.F.,(2,2),(2,2),(-3.5,3.5),(-3.5,3.5),
  .PIECEWISE_BEZIER_KNOTS.);
#258 = CARTESIAN_POINT('',(-4.5,3.5,-8.225));
#259 = CARTESIAN_POINT('',(-4.5,3.5,-1.225));
#260 = CARTESIAN_POINT('',(-4.5,-3.5,-8.225));
#261 = CARTESIAN_POINT('',(-4.5,-3.5,-1.225));
#262 = MANIFOLD_SOLID_BREP('',#263);
#263 = CLOSED_SHELL('',(#264,#340,#349,#364,#380));
#264 = ADVANCED_FACE('',(#265),#325,.T.);
#265 = FACE_BOUND('',#266,.T.);
#266 = EDGE_LOOP('',(#267,#276,#286,#293,#301,#308,#314,#315));
#267 = ORIENTED_EDGE('',*,*,#268,.T.);
#268 = EDGE_CURVE('',#269,#271,#273,.T.);
#269 = VERTEX_POINT('',#270);
#270 = CARTESIAN_POINT('',(-9.5,-3.,-4.725));
#271 = VERTEX_POINT('',#272);
#272 = CARTESIAN_POINT('',(-17.,-3.,-4.725));
#273 = B_SPLINE_CURVE_WITH_KNOTS('',1,(#274,#275),.UNSPECIFIED.,.F.,.F.,
  (2,2),(0.,7.5),.PIECEWISE_BEZIER_KNOTS.);
#274 = CARTESIAN_POINT('',(-9.5,-3.,-4.725));
#275 = CARTESIAN_POINT('',(-17.,-3.,-4.725));
#276 = ORIENTED_EDGE('',*,*,#277,.F.);
#277 = EDGE_CURVE('',#278,#271,#280,.T.);
#278 = VERTEX_POINT('',#279);
#279 = CARTESIAN_POINT('',(-17.,2.598076211353,-3.225));
#280 = ( BOUNDED_CURVE() B_SPLINE_CURVE(2,(#281,#282,#283,#284,#285),
.UNSPECIFIED.,.F.,.F.) B_SPLINE_CURVE_WITH_KNOTS((3,2,3),(2.617993877991
,4.450589592586,6.28318530718),.UNSPECIFIED.) CURVE() 
GEOMETRIC_REPRESENTATION_ITEM() RATIONAL_B_SPLINE_CURVE((1.,
0.608761429009,1.,0.608761429009,1.)) REPRESENTATION_ITEM('') );
#281 = CARTESIAN_POINT('',(-17.,2.598076211353,-3.225));
#282 = CARTESIAN_POINT('',(-17.,4.552914270615,-6.610878839211));
#283 = CARTESIAN_POINT('',(-17.,0.776457135308,-7.622777478867));
#284 = CARTESIAN_POINT('',(-17.,-3.,-8.634676118524));
#285 = CARTESIAN_POINT('',(-17.,-3.,-4.725));
#286 = ORIENTED_EDGE('',*,*,#287,.F.);
#287 = EDGE_CURVE('',#288,#278,#290,.T.);
#288 = VERTEX_POINT('',#289);
#289 = CARTESIAN_POINT('',(-12.5,2.598076211353,-3.225));
#290 = B_SPLINE_CURVE_WITH_KNOTS('',1,(#291,#292),.UNSPECIFIED.,.F.,.F.,
  (2,2),(3.,7.5),.PIECEWISE_BEZIER_KNOTS.);
#291 = CARTESIAN_POINT('',(-12.5,2.598076211353,-3.225));
#292 = CARTESIAN_POINT('',(-17.,2.598076211353,-3.225));
#293 = ORIENTED_EDGE('',*,*,#294,.F.);
#294 = EDGE_CURVE('',#295,#288,#297,.T.);
#295 = VERTEX_POINT('',#296);
#296 = CARTESIAN_POINT('',(-12.5,-2.598076211353,-3.225));
#297 = ( BOUNDED_CURVE() B_SPLINE_CURVE(2,(#298,#299,#300),
.UNSPECIFIED.,.F.,.F.) B_SPLINE_CURVE_WITH_KNOTS((3,3),(0.523598775598,
2.617993877991),.PIECEWISE_BEZIER_KNOTS.) CURVE() 
GEOMETRIC_REPRESENTATION_ITEM() RATIONAL_B_SPLINE_CURVE((1.,0.5,1.)) 
REPRESENTATION_ITEM('') );
#298 = CARTESIAN_POINT('',(-12.5,-2.598076211353,-3.225));
#299 = CARTESIAN_POINT('',(-12.5,-1.699661669294E-15,1.275));
#300 = CARTESIAN_POINT('',(-12.5,2.598076211353,-3.225));
#301 = ORIENTED_EDGE('',*,*,#302,.T.);
#302 = EDGE_CURVE('',#295,#303,#305,.T.);
#303 = VERTEX_POINT('',#304);
#304 = CARTESIAN_POINT('',(-17.,-2.598076211353,-3.225));
#305 = B_SPLINE_CURVE_WITH_KNOTS('',1,(#306,#307),.UNSPECIFIED.,.F.,.F.,
  (2,2),(3.,7.5),.PIECEWISE_BEZIER_KNOTS.);
#306 = CARTESIAN_POINT('',(-12.5,-2.598076211353,-3.225));
#307 = CARTESIAN_POINT('',(-17.,-2.598076211353,-3.225));
#308 = ORIENTED_EDGE('',*,*,#309,.F.);
#309 = EDGE_CURVE('',#271,#303,#310,.T.);
#310 = ( BOUNDED_CURVE() B_SPLINE_CURVE(2,(#311,#312,#313),
.UNSPECIFIED.,.F.,.F.) B_SPLINE_CURVE_WITH_KNOTS((3,3),(0.,
0.523598775598),.PIECEWISE_BEZIER_KNOTS.) CURVE() 
GEOMETRIC_REPRESENTATION_ITEM() RATIONAL_B_SPLINE_CURVE((1.,
0.965925826289,1.)) REPRESENTATION_ITEM('') );
#311 = CARTESIAN_POINT('',(-17.,-3.,-4.725));
#312 = CARTESIAN_POINT('',(-17.,-3.,-3.921152422707));
#313 = CARTESIAN_POINT('',(-17.,-2.598076211353,-3.225));
#314 = ORIENTED_EDGE('',*,*,#268,.F.);
#315 = ORIENTED_EDGE('',*,*,#316,.T.);
#316 = EDGE_CURVE('',#269,#269,#317,.T.);
#317 = ( BOUNDED_CURVE() B_SPLINE_CURVE(2,(#318,#319,#320,#321,#322,#323
,#324),.UNSPECIFIED.,.T.,.F.) B_SPLINE_CURVE_WITH_KNOTS((1,2,2,2,2,1),(
    -2.094395102394,0.,2.094395102393,4.188790204786,6.28318530718,
8.377580409573),.UNSPECIFIED.) CURVE() GEOMETRIC_REPRESENTATION_ITEM() 
RATIONAL_B_SPLINE_CURVE((1.,0.5,1.,0.5,1.,0.5,1.)) REPRESENTATION_ITEM(
  '') );
#318 = CARTESIAN_POINT('',(-9.5,-3.,-4.725));
#319 = CARTESIAN_POINT('',(-9.5,-3.,0.471152422707));
#320 = CARTESIAN_POINT('',(-9.5,1.5,-2.126923788647));
#321 = CARTESIAN_POINT('',(-9.5,6.,-4.725));
#322 = CARTESIAN_POINT('',(-9.5,1.5,-7.323076211353));
#323 = CARTESIAN_POINT('',(-9.5,-3.,-9.921152422707));
#324 = CARTESIAN_POINT('',(-9.5,-3.,-4.725));
#325 = ( BOUNDED_SURFACE() B_SPLINE_SURFACE(2,1,(
    (#326,#327)
    ,(#328,#329)
    ,(#330,#331)
    ,(#332,#333)
    ,(#334,#335)
    ,(#336,#337)
,(#338,#339
    )),.UNSPECIFIED.,.T.,.F.,.F.) B_SPLINE_SURFACE_WITH_KNOTS((1,2,2,2,2
    ,1),(2,2),(-2.094395102394,0.,2.094395102393,4.188790204786,
    6.28318530718,8.377580409573),(0.,7.5),.UNSPECIFIED.) 
GEOMETRIC_REPRESENTATION_ITEM() RATIONAL_B_SPLINE_SURFACE((
    (1.,1.)
    ,(0.5,0.5)
    ,(1.,1.)
    ,(0.5,0.5)
    ,(1.,1.)
    ,(0.5,0.5)
,(1.,1.))) REPRESENTATION_ITEM('') SURFACE() );
#326 = CARTESIAN_POINT('',(-9.5,-3.,-4.725));
#327 = CARTESIAN_POINT('',(-17.,-3.,-4.725));
#328 = CARTESIAN_POINT('',(-9.5,-3.,0.471152422707));
#329 = CARTESIAN_POINT('',(-17.,-3.,0.471152422707));
#330 = CARTESIAN_POINT('',(-9.5,1.5,-2.126923788647));
#331 = CARTESIAN_POINT('',(-17.,1.5,-2.126923788647));
#332 = CARTESIAN_POINT('',(-9.5,6.,-4.725));
#333 = CARTESIAN_POINT('',(-17.,6.,-4.725));
#334 = CARTESIAN_POINT('',(-9.5,1.5,-7.323076211353));
#335 = CARTESIAN_POINT('',(-17.,1.5,-7.323076211353));
#336 = CARTESIAN_POINT('',(-9.5,-3.,-9.921152422707));
#337 = CARTESIAN_POINT('',(-17.,-3.,-9.921152422707));
#338 = CARTESIAN_POINT('',(-9.5,-3.,-4.725));
#339 = CARTESIAN_POINT('',(-17.,-3.,-4.725));
#340 = ADVANCED_FACE('',(#341),#344,.F.);
#341 = FACE_BOUND('',#342,.F.);
#342 = EDGE_LOOP('',(#343));
#343 = ORIENTED_EDGE('',*,*,#316,.T.);
#344 = B_SPLINE_SURFACE_WITH_KNOTS('',1,1,(
    (#345,#346)
    ,(#347,#348
    )),.UNSPECIFIED.,.F.,.F.,.F.,(2,2),(2,2),(-3.,3.),(-3.,3.),
  .PIECEWISE_BEZIER_KNOTS.);
#345 = CARTESIAN_POINT('',(-9.5,3.,-7.725));
#346 = CARTESIAN_POINT('',(-9.5,3.,-1.725));
#347 = CARTESIAN_POINT('',(-9.5,-3.,-7.725));
#348 = CARTESIAN_POINT('',(-9.5,-3.,-1.725));
#349 = ADVANCED_FACE('',(#350),#359,.T.);
#350 = FACE_BOUND('',#351,.T.);
#351 = EDGE_LOOP('',(#352,#353,#354));
#352 = ORIENTED_EDGE('',*,*,#277,.T.);
#353 = ORIENTED_EDGE('',*,*,#309,.T.);
#354 = ORIENTED_EDGE('',*,*,#355,.F.);
#355 = EDGE_CURVE('',#278,#303,#356,.T.);
#356 = B_SPLINE_CURVE_WITH_KNOTS('',1,(#357,#358),.UNSPECIFIED.,.F.,.F.,
  (2,2),(2.401923788647,7.598076211353),.PIECEWISE_BEZIER_KNOTS.);
#357 = CARTESIAN_POINT('',(-17.,2.598076211353,-3.225));
#358 = CARTESIAN_POINT('',(-17.,-2.598076211353,-3.225));
#359 = B_SPLINE_SURFACE_WITH_KNOTS('',1,1,(
    (#360,#361)
    ,(#362,#363
    )),.UNSPECIFIED.,.F.,.F.,.F.,(2,2),(2,2),(-3.,3.),(-3.,1.5),
  .PIECEWISE_BEZIER_KNOTS.);
#360 = CARTESIAN_POINT('',(-17.,3.,-7.725));
#361 = CARTESIAN_POINT('',(-17.,3.,-3.225));
#362 = CARTESIAN_POINT('',(-17.,-3.,-7.725));
#363 = CARTESIAN_POINT('',(-17.,-3.,-3.225));
#364 = ADVANCED_FACE('',(#365),#375,.T.);
#365 = FACE_BOUND('',#366,.T.);
#366 = EDGE_LOOP('',(#367,#372,#373,#374));
#367 = ORIENTED_EDGE('',*,*,#368,.F.);
#368 = EDGE_CURVE('',#288,#295,#369,.T.);
#369 = B_SPLINE_CURVE_WITH_KNOTS('',1,(#370,#371),.UNSPECIFIED.,.F.,.F.,
  (2,2),(2.401923788647,7.598076211353),.PIECEWISE_BEZIER_KNOTS.);
#370 = CARTESIAN_POINT('',(-12.5,2.598076211353,-3.225));
#371 = CARTESIAN_POINT('',(-12.5,-2.598076211353,-3.225));
#372 = ORIENTED_EDGE('',*,*,#287,.T.);
#373 = ORIENTED_EDGE('',*,*,#355,.T.);
#374 = ORIENTED_EDGE('',*,*,#302,.F.);
#375 = B_SPLINE_SURFACE_WITH_KNOTS('',1,1,(
    (#376,#377)
    ,(#378,#379
    )),.UNSPECIFIED.,.F.,.F.,.F.,(2,2),(2,2),(0.,4.5),(2.401923788647,
    7.598076211353),.PIECEWISE_BEZIER_KNOTS.);
#376 = CARTESIAN_POINT('',(-12.5,2.598076211353,-3.225));
#377 = CARTESIAN_POINT('',(-12.5,-2.598076211353,-3.225));
#378 = CARTESIAN_POINT('',(-17.,2.598076211353,-3.225));
#379 = CARTESIAN_POINT('',(-17.,-2.598076211353,-3.225));
#380 = ADVANCED_FACE('',(#381),#385,.T.);
#381 = FACE_BOUND('',#382,.T.);
#382 = EDGE_LOOP('',(#383,#384));
#383 = ORIENTED_EDGE('',*,*,#294,.T.);
#384 = ORIENTED_EDGE('',*,*,#368,.T.);
#385 = B_SPLINE_SURFACE_WITH_KNOTS('',1,1,(
    (#386,#387)
    ,(#388,#389
    )),.UNSPECIFIED.,.F.,.F.,.F.,(2,2),(2,2),(2.401923788647,
    7.598076211353),(0.,1.5),.PIECEWISE_BEZIER_KNOTS.);
#386 = CARTESIAN_POINT('',(-12.5,2.598076211353,-3.225));
#387 = CARTESIAN_POINT('',(-12.5,2.598076211353,-1.725));
#388 = CARTESIAN_POINT('',(-12.5,-2.598076211353,-3.225));
#389 = CARTESIAN_POINT('',(-12.5,-2.598076211353,-1.725));
#390 = MANIFOLD_SOLID_BREP('',#391);
#391 = CLOSED_SHELL('',(#392,#428,#464,#484,#504,#516));
#392 = ADVANCED_FACE('',(#393),#423,.F.);
#393 = FACE_BOUND('',#394,.F.);
#394 = EDGE_LOOP('',(#395,#404,#411,#418));
#395 = ORIENTED_EDGE('',*,*,#396,.F.);
#396 = EDGE_CURVE('',#397,#399,#401,.T.);
#397 = VERTEX_POINT('',#398);
#398 = CARTESIAN_POINT('',(2.5,1.,-10.975));
#399 = VERTEX_POINT('',#400);
#400 = CARTESIAN_POINT('',(-4.5,1.,-10.975));
#401 = B_SPLINE_CURVE_WITH_KNOTS('',1,(#402,#403),.UNSPECIFIED.,.F.,.F.,
  (2,2),(0.,7.),.PIECEWISE_BEZIER_KNOTS.);
#402 = CARTESIAN_POINT('',(2.5,1.,-10.975));
#403 = CARTESIAN_POINT('',(-4.5,1.,-10.975));
#404 = ORIENTED_EDGE('',*,*,#405,.T.);
#405 = EDGE_CURVE('',#397,#406,#408,.T.);
#406 = VERTEX_POINT('',#407);
#407 = CARTESIAN_POINT('',(2.5,1.,-10.575));
#408 = B_SPLINE_CURVE_WITH_KNOTS('',1,(#409,#410),.UNSPECIFIED.,.F.,.F.,
  (2,2),(0.,0.4),.PIECEWISE_BEZIER_KNOTS.);
#409 = CARTESIAN_POINT('',(2.5,1.,-10.975));
#410 = CARTESIAN_POINT('',(2.5,1.,-10.575));
#411 = ORIENTED_EDGE('',*,*,#412,.T.);
#412 = EDGE_CURVE('',#406,#413,#415,.T.);
#413 = VERTEX_POINT('',#414);
#414 = CARTESIAN_POINT('',(-4.5,1.,-10.575));
#415 = B_SPLINE_CURVE_WITH_KNOTS('',1,(#416,#417),.UNSPECIFIED.,.F.,.F.,
  (2,2),(0.,7.),.PIECEWISE_BEZIER_KNOTS.);
#416 = CARTESIAN_POINT('',(2.5,1.,-10.575));
#417 = CARTESIAN_POINT('',(-4.5,1.,-10.575));
#418 = ORIENTED_EDGE('',*,*,#419,.F.);
#419 = EDGE_CURVE('',#399,#413,#420,.T.);
#420 = B_SPLINE_CURVE_WITH_KNOTS('',1,(#421,#422),.UNSPECIFIED.,.F.,.F.,
  (2,2),(0.,0.4),.PIECEWISE_BEZIER_KNOTS.);
#421 = CARTESIAN_POINT('',(-4.5,1.,-10.975));
#422 = CARTESIAN_POINT('',(-4.5,1.,-10.575));
#423 = B_SPLINE_SURFACE_WITH_KNOTS('',1,1,(
    (#424,#425)
    ,(#426,#427
    )),.UNSPECIFIED.,.F.,.F.,.F.,(2,2),(2,2),(0.,7.),(-0.4,0.),
  .PIECEWISE_BEZIER_KNOTS.);
#424 = CARTESIAN_POINT('',(2.5,1.,-10.575));
#425 = CARTESIAN_POINT('',(2.5,1.,-10.975));
#426 = CARTESIAN_POINT('',(-4.5,1.,-10.575));
#427 = CARTESIAN_POINT('',(-4.5,1.,-10.975));
#428 = ADVANCED_FACE('',(#429),#459,.T.);
#429 = FACE_BOUND('',#430,.T.);
#430 = EDGE_LOOP('',(#431,#440,#447,#454));
#431 = ORIENTED_EDGE('',*,*,#432,.F.);
#432 = EDGE_CURVE('',#433,#435,#437,.T.);
#433 = VERTEX_POINT('',#434);
#434 = CARTESIAN_POINT('',(2.5,-1.,-10.975));
#435 = VERTEX_POINT('',#436);
#436 = CARTESIAN_POINT('',(-4.5,-1.,-10.975));
#437 = B_SPLINE_CURVE_WITH_KNOTS('',1,(#438,#439),.UNSPECIFIED.,.F.,.F.,
  (2,2),(0.,7.),.PIECEWISE_BEZIER_KNOTS.);
#438 = CARTESIAN_POINT('',(2.5,-1.,-10.975));
#439 = CARTESIAN_POINT('',(-4.5,-1.,-10.975));
#440 = ORIENTED_EDGE('',*,*,#441,.T.);
#441 = EDGE_CURVE('',#433,#442,#444,.T.);
#442 = VERTEX_POINT('',#443);
#443 = CARTESIAN_POINT('',(2.5,-1.,-10.575));
#444 = B_SPLINE_CURVE_WITH_KNOTS('',1,(#445,#446),.UNSPECIFIED.,.F.,.F.,
  (2,2),(0.,0.4),.PIECEWISE_BEZIER_KNOTS.);
#445 = CARTESIAN_POINT('',(2.5,-1.,-10.975));
#446 = CARTESIAN_POINT('',(2.5,-1.,-10.575));
#447 = ORIENTED_EDGE('',*,*,#448,.T.);
#448 = EDGE_CURVE('',#442,#449,#451,.T.);
#449 = VERTEX_POINT('',#450);
#450 = CARTESIAN_POINT('',(-4.5,-1.,-10.575));
#451 = B_SPLINE_CURVE_WITH_KNOTS('',1,(#452,#453),.UNSPECIFIED.,.F.,.F.,
  (2,2),(0.,7.),.PIECEWISE_BEZIER_KNOTS.);
#452 = CARTESIAN_POINT('',(2.5,-1.,-10.575));
#453 = CARTESIAN_POINT('',(-4.5,-1.,-10.575));
#454 = ORIENTED_EDGE('',*,*,#455,.F.);
#455 = EDGE_CURVE('',#435,#449,#456,.T.);
#456 = B_SPLINE_CURVE_WITH_KNOTS('',1,(#457,#458),.UNSPECIFIED.,.F.,.F.,
  (2,2),(0.,0.4),.PIECEWISE_BEZIER_KNOTS.);
#457 = CARTESIAN_POINT('',(-4.5,-1.,-10.975));
#458 = CARTESIAN_POINT('',(-4.5,-1.,-10.575));
#459 = B_SPLINE_SURFACE_WITH_KNOTS('',1,1,(
    (#460,#461)
    ,(#462,#463
    )),.UNSPECIFIED.,.F.,.F.,.F.,(2,2),(2,2),(0.,7.),(-0.4,0.),
  .PIECEWISE_BEZIER_KNOTS.);
#460 = CARTESIAN_POINT('',(2.5,-1.,-10.575));
#461 = CARTESIAN_POINT('',(2.5,-1.,-10.975));
#462 = CARTESIAN_POINT('',(-4.5,-1.,-10.575));
#463 = CARTESIAN_POINT('',(-4.5,-1.,-10.975));
#464 = ADVANCED_FACE('',(#465),#479,.F.);
#465 = FACE_BOUND('',#466,.F.);
#466 = EDGE_LOOP('',(#467,#472,#473,#478));
#467 = ORIENTED_EDGE('',*,*,#468,.F.);
#468 = EDGE_CURVE('',#397,#433,#469,.T.);
#469 = B_SPLINE_CURVE_WITH_KNOTS('',1,(#470,#471),.UNSPECIFIED.,.F.,.F.,
  (2,2),(0.,2.),.PIECEWISE_BEZIER_KNOTS.);
#470 = CARTESIAN_POINT('',(2.5,1.,-10.975));
#471 = CARTESIAN_POINT('',(2.5,-1.,-10.975));
#472 = ORIENTED_EDGE('',*,*,#396,.T.);
#473 = ORIENTED_EDGE('',*,*,#474,.T.);
#474 = EDGE_CURVE('',#399,#435,#475,.T.);
#475 = B_SPLINE_CURVE_WITH_KNOTS('',1,(#476,#477),.UNSPECIFIED.,.F.,.F.,
  (2,2),(0.,2.),.PIECEWISE_BEZIER_KNOTS.);
#476 = CARTESIAN_POINT('',(-4.5,1.,-10.975));
#477 = CARTESIAN_POINT('',(-4.5,-1.,-10.975));
#478 = ORIENTED_EDGE('',*,*,#432,.F.);
#479 = B_SPLINE_SURFACE_WITH_KNOTS('',1,1,(
    (#480,#481)
    ,(#482,#483)),.UNSPECIFIED.,.F.,.F.,.F.,(2,2),(2,2),(0.,7.),(0.,2.),
  .PIECEWISE_BEZIER_KNOTS.);
#480 = CARTESIAN_POINT('',(2.5,1.,-10.975));
#481 = CARTESIAN_POINT('',(2.5,-1.,-10.975));
#482 = CARTESIAN_POINT('',(-4.5,1.,-10.975));
#483 = CARTESIAN_POINT('',(-4.5,-1.,-10.975));
#484 = ADVANCED_FACE('',(#485),#499,.T.);
#485 = FACE_BOUND('',#486,.T.);
#486 = EDGE_LOOP('',(#487,#492,#493,#498));
#487 = ORIENTED_EDGE('',*,*,#488,.F.);
#488 = EDGE_CURVE('',#406,#442,#489,.T.);
#489 = B_SPLINE_CURVE_WITH_KNOTS('',1,(#490,#491),.UNSPECIFIED.,.F.,.F.,
  (2,2),(0.,2.),.PIECEWISE_BEZIER_KNOTS.);
#490 = CARTESIAN_POINT('',(2.5,1.,-10.575));
#491 = CARTESIAN_POINT('',(2.5,-1.,-10.575));
#492 = ORIENTED_EDGE('',*,*,#412,.T.);
#493 = ORIENTED_EDGE('',*,*,#494,.T.);
#494 = EDGE_CURVE('',#413,#449,#495,.T.);
#495 = B_SPLINE_CURVE_WITH_KNOTS('',1,(#496,#497),.UNSPECIFIED.,.F.,.F.,
  (2,2),(0.,2.),.PIECEWISE_BEZIER_KNOTS.);
#496 = CARTESIAN_POINT('',(-4.5,1.,-10.575));
#497 = CARTESIAN_POINT('',(-4.5,-1.,-10.575));
#498 = ORIENTED_EDGE('',*,*,#448,.F.);
#499 = B_SPLINE_SURFACE_WITH_KNOTS('',1,1,(
    (#500,#501)
    ,(#502,#503)),.UNSPECIFIED.,.F.,.F.,.F.,(2,2),(2,2),(0.,7.),(0.,2.),
  .PIECEWISE_BEZIER_KNOTS.);
#500 = CARTESIAN_POINT('',(2.5,1.,-10.575));
#501 = CARTESIAN_POINT('',(2.5,-1.,-10.575));
#502 = CARTESIAN_POINT('',(-4.5,1.,-10.575));
#503 = CARTESIAN_POINT('',(-4.5,-1.,-10.575));
#504 = ADVANCED_FACE('',(#505),#511,.F.);
#505 = FACE_BOUND('',#506,.F.);
#506 = EDGE_LOOP('',(#507,#508,#509,#510));
#507 = ORIENTED_EDGE('',*,*,#405,.F.);
#508 = ORIENTED_EDGE('',*,*,#468,.T.);
#509 = ORIENTED_EDGE('',*,*,#441,.T.);
#510 = ORIENTED_EDGE('',*,*,#488,.F.);
#511 = B_SPLINE_SURFACE_WITH_KNOTS('',1,1,(
    (#512,#513)
    ,(#514,#515
  )),.UNSPECIFIED.,.F.,.F.,.F.,(2,2),(2,2),(0.,2.),(0.,0.4),
  .PIECEWISE_BEZIER_KNOTS.);
#512 = CARTESIAN_POINT('',(2.5,1.,-10.975));
#513 = CARTESIAN_POINT('',(2.5,1.,-10.575));
#514 = CARTESIAN_POINT('',(2.5,-1.,-10.975));
#515 = CARTESIAN_POINT('',(2.5,-1.,-10.575));
#516 = ADVANCED_FACE('',(#517),#523,.T.);
#517 = FACE_BOUND('',#518,.T.);
#518 = EDGE_LOOP('',(#519,#520,#521,#522));
#519 = ORIENTED_EDGE('',*,*,#419,.F.);
#520 = ORIENTED_EDGE('',*,*,#474,.T.);
#521 = ORIENTED_EDGE('',*,*,#455,.T.);
#522 = ORIENTED_EDGE('',*,*,#494,.F.);
#523 = B_SPLINE_SURFACE_WITH_KNOTS('',1,1,(
    (#524,#525)
    ,(#526,#527
  )),.UNSPECIFIED.,.F.,.F.,.F.,(2,2),(2,2),(0.,2.),(0.,0.4),
  .PIECEWISE_BEZIER_KNOTS.);
#524 = CARTESIAN_POINT('',(-4.5,1.,-10.975));
#525 = CARTESIAN_POINT('',(-4.5,1.,-10.575));
#526 = CARTESIAN_POINT('',(-4.5,-1.,-10.975));
#527 = CARTESIAN_POINT('',(-4.5,-1.,-10.575));
#528 = MANIFOLD_SOLID_BREP('',#529);
#529 = CLOSED_SHELL('',(#530,#566,#602,#622,#642,#654));
#530 = ADVANCED_FACE('',(#531),#561,.F.);
#531 = FACE_BOUND('',#532,.F.);
#532 = EDGE_LOOP('',(#533,#542,#549,#556));
#533 = ORIENTED_EDGE('',*,*,#534,.F.);
#534 = EDGE_CURVE('',#535,#537,#539,.T.);
#535 = VERTEX_POINT('',#536);
#536 = CARTESIAN_POINT('',(2.5,1.,1.125));
#537 = VERTEX_POINT('',#538);
#538 = CARTESIAN_POINT('',(-4.5,1.,1.125));
#539 = B_SPLINE_CURVE_WITH_KNOTS('',1,(#540,#541),.UNSPECIFIED.,.F.,.F.,
  (2,2),(0.,7.),.PIECEWISE_BEZIER_KNOTS.);
#540 = CARTESIAN_POINT('',(2.5,1.,1.125));
#541 = CARTESIAN_POINT('',(-4.5,1.,1.125));
#542 = ORIENTED_EDGE('',*,*,#543,.T.);
#543 = EDGE_CURVE('',#535,#544,#546,.T.);
#544 = VERTEX_POINT('',#545);
#545 = CARTESIAN_POINT('',(2.5,1.,1.525));
#546 = B_SPLINE_CURVE_WITH_KNOTS('',1,(#547,#548),.UNSPECIFIED.,.F.,.F.,
  (2,2),(0.,0.4),.PIECEWISE_BEZIER_KNOTS.);
#547 = CARTESIAN_POINT('',(2.5,1.,1.125));
#548 = CARTESIAN_POINT('',(2.5,1.,1.525));
#549 = ORIENTED_EDGE('',*,*,#550,.T.);
#550 = EDGE_CURVE('',#544,#551,#553,.T.);
#551 = VERTEX_POINT('',#552);
#552 = CARTESIAN_POINT('',(-4.5,1.,1.525));
#553 = B_SPLINE_CURVE_WITH_KNOTS('',1,(#554,#555),.UNSPECIFIED.,.F.,.F.,
  (2,2),(0.,7.),.PIECEWISE_BEZIER_KNOTS.);
#554 = CARTESIAN_POINT('',(2.5,1.,1.525));
#555 = CARTESIAN_POINT('',(-4.5,1.,1.525));
#556 = ORIENTED_EDGE('',*,*,#557,.F.);
#557 = EDGE_CURVE('',#537,#551,#558,.T.);
#558 = B_SPLINE_CURVE_WITH_KNOTS('',1,(#559,#560),.UNSPECIFIED.,.F.,.F.,
  (2,2),(0.,0.4),.PIECEWISE_BEZIER_KNOTS.);
#559 = CARTESIAN_POINT('',(-4.5,1.,1.125));
#560 = CARTESIAN_POINT('',(-4.5,1.,1.525));
#561 = B_SPLINE_SURFACE_WITH_KNOTS('',1,1,(
    (#562,#563)
    ,(#564,#565
    )),.UNSPECIFIED.,.F.,.F.,.F.,(2,2),(2,2),(0.,7.),(-0.4,0.),
  .PIECEWISE_BEZIER_KNOTS.);
#562 = CARTESIAN_POINT('',(2.5,1.,1.525));
#563 = CARTESIAN_POINT('',(2.5,1.,1.125));
#564 = CARTESIAN_POINT('',(-4.5,1.,1.525));
#565 = CARTESIAN_POINT('',(-4.5,1.,1.125));
#566 = ADVANCED_FACE('',(#567),#597,.T.);
#567 = FACE_BOUND('',#568,.T.);
#568 = EDGE_LOOP('',(#569,#578,#585,#592));
#569 = ORIENTED_EDGE('',*,*,#570,.F.);
#570 = EDGE_CURVE('',#571,#573,#575,.T.);
#571 = VERTEX_POINT('',#572);
#572 = CARTESIAN_POINT('',(2.5,-1.,1.125));
#573 = VERTEX_POINT('',#574);
#574 = CARTESIAN_POINT('',(-4.5,-1.,1.125));
#575 = B_SPLINE_CURVE_WITH_KNOTS('',1,(#576,#577),.UNSPECIFIED.,.F.,.F.,
  (2,2),(0.,7.),.PIECEWISE_BEZIER_KNOTS.);
#576 = CARTESIAN_POINT('',(2.5,-1.,1.125));
#577 = CARTESIAN_POINT('',(-4.5,-1.,1.125));
#578 = ORIENTED_EDGE('',*,*,#579,.T.);
#579 = EDGE_CURVE('',#571,#580,#582,.T.);
#580 = VERTEX_POINT('',#581);
#581 = CARTESIAN_POINT('',(2.5,-1.,1.525));
#582 = B_SPLINE_CURVE_WITH_KNOTS('',1,(#583,#584),.UNSPECIFIED.,.F.,.F.,
  (2,2),(0.,0.4),.PIECEWISE_BEZIER_KNOTS.);
#583 = CARTESIAN_POINT('',(2.5,-1.,1.125));
#584 = CARTESIAN_POINT('',(2.5,-1.,1.525));
#585 = ORIENTED_EDGE('',*,*,#586,.T.);
#586 = EDGE_CURVE('',#580,#587,#589,.T.);
#587 = VERTEX_POINT('',#588);
#588 = CARTESIAN_POINT('',(-4.5,-1.,1.525));
#589 = B_SPLINE_CURVE_WITH_KNOTS('',1,(#590,#591),.UNSPECIFIED.,.F.,.F.,
  (2,2),(0.,7.),.PIECEWISE_BEZIER_KNOTS.);
#590 = CARTESIAN_POINT('',(2.5,-1.,1.525));
#591 = CARTESIAN_POINT('',(-4.5,-1.,1.525));
#592 = ORIENTED_EDGE('',*,*,#593,.F.);
#593 = EDGE_CURVE('',#573,#587,#594,.T.);
#594 = B_SPLINE_CURVE_WITH_KNOTS('',1,(#595,#596),.UNSPECIFIED.,.F.,.F.,
  (2,2),(0.,0.4),.PIECEWISE_BEZIER_KNOTS.);
#595 = CARTESIAN_POINT('',(-4.5,-1.,1.125));
#596 = CARTESIAN_POINT('',(-4.5,-1.,1.525));
#597 = B_SPLINE_SURFACE_WITH_KNOTS('',1,1,(
    (#598,#599)
    ,(#600,#601
    )),.UNSPECIFIED.,.F.,.F.,.F.,(2,2),(2,2),(0.,7.),(-0.4,0.),
  .PIECEWISE_BEZIER_KNOTS.);
#598 = CARTESIAN_POINT('',(2.5,-1.,1.525));
#599 = CARTESIAN_POINT('',(2.5,-1.,1.125));
#600 = CARTESIAN_POINT('',(-4.5,-1.,1.525));
#601 = CARTESIAN_POINT('',(-4.5,-1.,1.125));
#602 = ADVANCED_FACE('',(#603),#617,.F.);
#603 = FACE_BOUND('',#604,.F.);
#604 = EDGE_LOOP('',(#605,#610,#611,#616));
#605 = ORIENTED_EDGE('',*,*,#606,.F.);
#606 = EDGE_CURVE('',#535,#571,#607,.T.);
#607 = B_SPLINE_CURVE_WITH_KNOTS('',1,(#608,#609),.UNSPECIFIED.,.F.,.F.,
  (2,2),(0.,2.),.PIECEWISE_BEZIER_KNOTS.);
#608 = CARTESIAN_POINT('',(2.5,1.,1.125));
#609 = CARTESIAN_POINT('',(2.5,-1.,1.125));
#610 = ORIENTED_EDGE('',*,*,#534,.T.);
#611 = ORIENTED_EDGE('',*,*,#612,.T.);
#612 = EDGE_CURVE('',#537,#573,#613,.T.);
#613 = B_SPLINE_CURVE_WITH_KNOTS('',1,(#614,#615),.UNSPECIFIED.,.F.,.F.,
  (2,2),(0.,2.),.PIECEWISE_BEZIER_KNOTS.);
#614 = CARTESIAN_POINT('',(-4.5,1.,1.125));
#615 = CARTESIAN_POINT('',(-4.5,-1.,1.125));
#616 = ORIENTED_EDGE('',*,*,#570,.F.);
#617 = B_SPLINE_SURFACE_WITH_KNOTS('',1,1,(
    (#618,#619)
    ,(#620,#621)),.UNSPECIFIED.,.F.,.F.,.F.,(2,2),(2,2),(0.,7.),(0.,2.),
  .PIECEWISE_BEZIER_KNOTS.);
#618 = CARTESIAN_POINT('',(2.5,1.,1.125));
#619 = CARTESIAN_POINT('',(2.5,-1.,1.125));
#620 = CARTESIAN_POINT('',(-4.5,1.,1.125));
#621 = CARTESIAN_POINT('',(-4.5,-1.,1.125));
#622 = ADVANCED_FACE('',(#623),#637,.T.);
#623 = FACE_BOUND('',#624,.T.);
#624 = EDGE_LOOP('',(#625,#630,#631,#636));
#625 = ORIENTED_EDGE('',*,*,#626,.F.);
#626 = EDGE_CURVE('',#544,#580,#627,.T.);
#627 = B_SPLINE_CURVE_WITH_KNOTS('',1,(#628,#629),.UNSPECIFIED.,.F.,.F.,
  (2,2),(0.,2.),.PIECEWISE_BEZIER_KNOTS.);
#628 = CARTESIAN_POINT('',(2.5,1.,1.525));
#629 = CARTESIAN_POINT('',(2.5,-1.,1.525));
#630 = ORIENTED_EDGE('',*,*,#550,.T.);
#631 = ORIENTED_EDGE('',*,*,#632,.T.);
#632 = EDGE_CURVE('',#551,#587,#633,.T.);
#633 = B_SPLINE_CURVE_WITH_KNOTS('',1,(#634,#635),.UNSPECIFIED.,.F.,.F.,
  (2,2),(0.,2.),.PIECEWISE_BEZIER_KNOTS.);
#634 = CARTESIAN_POINT('',(-4.5,1.,1.525));
#635 = CARTESIAN_POINT('',(-4.5,-1.,1.525));
#636 = ORIENTED_EDGE('',*,*,#586,.F.);
#637 = B_SPLINE_SURFACE_WITH_KNOTS('',1,1,(
    (#638,#639)
    ,(#640,#641)),.UNSPECIFIED.,.F.,.F.,.F.,(2,2),(2,2),(0.,7.),(0.,2.),
  .PIECEWISE_BEZIER_KNOTS.);
#638 = CARTESIAN_POINT('',(2.5,1.,1.525));
#639 = CARTESIAN_POINT('',(2.5,-1.,1.525));
#640 = CARTESIAN_POINT('',(-4.5,1.,1.525));
#641 = CARTESIAN_POINT('',(-4.5,-1.,1.525));
#642 = ADVANCED_FACE('',(#643),#649,.F.);
#643 = FACE_BOUND('',#644,.F.);
#644 = EDGE_LOOP('',(#645,#646,#647,#648));
#645 = ORIENTED_EDGE('',*,*,#543,.F.);
#646 = ORIENTED_EDGE('',*,*,#606,.T.);
#647 = ORIENTED_EDGE('',*,*,#579,.T.);
#648 = ORIENTED_EDGE('',*,*,#626,.F.);
#649 = B_SPLINE_SURFACE_WITH_KNOTS('',1,1,(
    (#650,#651)
    ,(#652,#653
  )),.UNSPECIFIED.,.F.,.F.,.F.,(2,2),(2,2),(0.,2.),(0.,0.4),
  .PIECEWISE_BEZIER_KNOTS.);
#650 = CARTESIAN_POINT('',(2.5,1.,1.125));
#651 = CARTESIAN_POINT('',(2.5,1.,1.525));
#652 = CARTESIAN_POINT('',(2.5,-1.,1.125));
#653 = CARTESIAN_POINT('',(2.5,-1.,1.525));
#654 = ADVANCED_FACE('',(#655),#661,.T.);
#655 = FACE_BOUND('',#656,.T.);
#656 = EDGE_LOOP('',(#657,#658,#659,#660));
#657 = ORIENTED_EDGE('',*,*,#557,.F.);
#658 = ORIENTED_EDGE('',*,*,#612,.T.);
#659 = ORIENTED_EDGE('',*,*,#593,.T.);
#660 = ORIENTED_EDGE('',*,*,#632,.F.);
#661 = B_SPLINE_SURFACE_WITH_KNOTS('',1,1,(
    (#662,#663)
    ,(#664,#665
  )),.UNSPECIFIED.,.F.,.F.,.F.,(2,2),(2,2),(0.,2.),(0.,0.4),
  .PIECEWISE_BEZIER_KNOTS.);
#662 = CARTESIAN_POINT('',(-4.5,1.,1.125));
#663 = CARTESIAN_POINT('',(-4.5,1.,1.525));
#664 = CARTESIAN_POINT('',(-4.5,-1.,1.125));
#665 = CARTESIAN_POINT('',(-4.5,-1.,1.525));
#666 = MANIFOLD_SOLID_BREP('',#667);
#667 = CLOSED_SHELL('',(#668,#704,#740,#760,#780,#792));
#668 = ADVANCED_FACE('',(#669),#699,.F.);
#669 = FACE_BOUND('',#670,.F.);
#670 = EDGE_LOOP('',(#671,#680,#687,#694));
#671 = ORIENTED_EDGE('',*,*,#672,.F.);
#672 = EDGE_CURVE('',#673,#675,#677,.T.);
#673 = VERTEX_POINT('',#674);
#674 = CARTESIAN_POINT('',(3.5,7.65,-7.675));
#675 = VERTEX_POINT('',#676);
#676 = CARTESIAN_POINT('',(-1.,7.65,-7.675));
#677 = B_SPLINE_CURVE_WITH_KNOTS('',1,(#678,#679),.UNSPECIFIED.,.F.,.F.,
  (2,2),(0.,4.5),.PIECEWISE_BEZIER_KNOTS.);
#678 = CARTESIAN_POINT('',(3.5,7.65,-7.675));
#679 = CARTESIAN_POINT('',(-1.,7.65,-7.675));
#680 = ORIENTED_EDGE('',*,*,#681,.T.);
#681 = EDGE_CURVE('',#673,#682,#684,.T.);
#682 = VERTEX_POINT('',#683);
#683 = CARTESIAN_POINT('',(3.5,7.65,-6.775));
#684 = B_SPLINE_CURVE_WITH_KNOTS('',1,(#685,#686),.UNSPECIFIED.,.F.,.F.,
  (2,2),(0.,0.9),.PIECEWISE_BEZIER_KNOTS.);
#685 = CARTESIAN_POINT('',(3.5,7.65,-7.675));
#686 = CARTESIAN_POINT('',(3.5,7.65,-6.775));
#687 = ORIENTED_EDGE('',*,*,#688,.T.);
#688 = EDGE_CURVE('',#682,#689,#691,.T.);
#689 = VERTEX_POINT('',#690);
#690 = CARTESIAN_POINT('',(-1.,7.65,-6.775));
#691 = B_SPLINE_CURVE_WITH_KNOTS('',1,(#692,#693),.UNSPECIFIED.,.F.,.F.,
  (2,2),(0.,4.5),.PIECEWISE_BEZIER_KNOTS.);
#692 = CARTESIAN_POINT('',(3.5,7.65,-6.775));
#693 = CARTESIAN_POINT('',(-1.,7.65,-6.775));
#694 = ORIENTED_EDGE('',*,*,#695,.F.);
#695 = EDGE_CURVE('',#675,#689,#696,.T.);
#696 = B_SPLINE_CURVE_WITH_KNOTS('',1,(#697,#698),.UNSPECIFIED.,.F.,.F.,
  (2,2),(0.,0.9),.PIECEWISE_BEZIER_KNOTS.);
#697 = CARTESIAN_POINT('',(-1.,7.65,-7.675));
#698 = CARTESIAN_POINT('',(-1.,7.65,-6.775));
#699 = B_SPLINE_SURFACE_WITH_KNOTS('',1,1,(
    (#700,#701)
    ,(#702,#703
    )),.UNSPECIFIED.,.F.,.F.,.F.,(2,2),(2,2),(0.,4.5),(-0.9,0.),
  .PIECEWISE_BEZIER_KNOTS.);
#700 = CARTESIAN_POINT('',(3.5,7.65,-6.775));
#701 = CARTESIAN_POINT('',(3.5,7.65,-7.675));
#702 = CARTESIAN_POINT('',(-1.,7.65,-6.775));
#703 = CARTESIAN_POINT('',(-1.,7.65,-7.675));
#704 = ADVANCED_FACE('',(#705),#735,.T.);
#705 = FACE_BOUND('',#706,.T.);
#706 = EDGE_LOOP('',(#707,#716,#723,#730));
#707 = ORIENTED_EDGE('',*,*,#708,.F.);
#708 = EDGE_CURVE('',#709,#711,#713,.T.);
#709 = VERTEX_POINT('',#710);
#710 = CARTESIAN_POINT('',(3.5,7.35,-7.675));
#711 = VERTEX_POINT('',#712);
#712 = CARTESIAN_POINT('',(-1.,7.35,-7.675));
#713 = B_SPLINE_CURVE_WITH_KNOTS('',1,(#714,#715),.UNSPECIFIED.,.F.,.F.,
  (2,2),(0.,4.5),.PIECEWISE_BEZIER_KNOTS.);
#714 = CARTESIAN_POINT('',(3.5,7.35,-7.675));
#715 = CARTESIAN_POINT('',(-1.,7.35,-7.675));
#716 = ORIENTED_EDGE('',*,*,#717,.T.);
#717 = EDGE_CURVE('',#709,#718,#720,.T.);
#718 = VERTEX_POINT('',#719);
#719 = CARTESIAN_POINT('',(3.5,7.35,-6.775));
#720 = B_SPLINE_CURVE_WITH_KNOTS('',1,(#721,#722),.UNSPECIFIED.,.F.,.F.,
  (2,2),(0.,0.9),.PIECEWISE_BEZIER_KNOTS.);
#721 = CARTESIAN_POINT('',(3.5,7.35,-7.675));
#722 = CARTESIAN_POINT('',(3.5,7.35,-6.775));
#723 = ORIENTED_EDGE('',*,*,#724,.T.);
#724 = EDGE_CURVE('',#718,#725,#727,.T.);
#725 = VERTEX_POINT('',#726);
#726 = CARTESIAN_POINT('',(-1.,7.35,-6.775));
#727 = B_SPLINE_CURVE_WITH_KNOTS('',1,(#728,#729),.UNSPECIFIED.,.F.,.F.,
  (2,2),(0.,4.5),.PIECEWISE_BEZIER_KNOTS.);
#728 = CARTESIAN_POINT('',(3.5,7.35,-6.775));
#729 = CARTESIAN_POINT('',(-1.,7.35,-6.775));
#730 = ORIENTED_EDGE('',*,*,#731,.F.);
#731 = EDGE_CURVE('',#711,#725,#732,.T.);
#732 = B_SPLINE_CURVE_WITH_KNOTS('',1,(#733,#734),.UNSPECIFIED.,.F.,.F.,
  (2,2),(0.,0.9),.PIECEWISE_BEZIER_KNOTS.);
#733 = CARTESIAN_POINT('',(-1.,7.35,-7.675));
#734 = CARTESIAN_POINT('',(-1.,7.35,-6.775));
#735 = B_SPLINE_SURFACE_WITH_KNOTS('',1,1,(
    (#736,#737)
    ,(#738,#739
    )),.UNSPECIFIED.,.F.,.F.,.F.,(2,2),(2,2),(0.,4.5),(-0.9,0.),
  .PIECEWISE_BEZIER_KNOTS.);
#736 = CARTESIAN_POINT('',(3.5,7.35,-6.775));
#737 = CARTESIAN_POINT('',(3.5,7.35,-7.675));
#738 = CARTESIAN_POINT('',(-1.,7.35,-6.775));
#739 = CARTESIAN_POINT('',(-1.,7.35,-7.675));
#740 = ADVANCED_FACE('',(#741),#755,.F.);
#741 = FACE_BOUND('',#742,.F.);
#742 = EDGE_LOOP('',(#743,#748,#749,#754));
#743 = ORIENTED_EDGE('',*,*,#744,.F.);
#744 = EDGE_CURVE('',#673,#709,#745,.T.);
#745 = B_SPLINE_CURVE_WITH_KNOTS('',1,(#746,#747),.UNSPECIFIED.,.F.,.F.,
  (2,2),(0.,0.3),.PIECEWISE_BEZIER_KNOTS.);
#746 = CARTESIAN_POINT('',(3.5,7.65,-7.675));
#747 = CARTESIAN_POINT('',(3.5,7.35,-7.675));
#748 = ORIENTED_EDGE('',*,*,#672,.T.);
#749 = ORIENTED_EDGE('',*,*,#750,.T.);
#750 = EDGE_CURVE('',#675,#711,#751,.T.);
#751 = B_SPLINE_CURVE_WITH_KNOTS('',1,(#752,#753),.UNSPECIFIED.,.F.,.F.,
  (2,2),(0.,0.3),.PIECEWISE_BEZIER_KNOTS.);
#752 = CARTESIAN_POINT('',(-1.,7.65,-7.675));
#753 = CARTESIAN_POINT('',(-1.,7.35,-7.675));
#754 = ORIENTED_EDGE('',*,*,#708,.F.);
#755 = B_SPLINE_SURFACE_WITH_KNOTS('',1,1,(
    (#756,#757)
    ,(#758,#759
    )),.UNSPECIFIED.,.F.,.F.,.F.,(2,2),(2,2),(0.,4.5),(0.,0.3),
  .PIECEWISE_BEZIER_KNOTS.);
#756 = CARTESIAN_POINT('',(3.5,7.65,-7.675));
#757 = CARTESIAN_POINT('',(3.5,7.35,-7.675));
#758 = CARTESIAN_POINT('',(-1.,7.65,-7.675));
#759 = CARTESIAN_POINT('',(-1.,7.35,-7.675));
#760 = ADVANCED_FACE('',(#761),#775,.T.);
#761 = FACE_BOUND('',#762,.T.);
#762 = EDGE_LOOP('',(#763,#768,#769,#774));
#763 = ORIENTED_EDGE('',*,*,#764,.F.);
#764 = EDGE_CURVE('',#682,#718,#765,.T.);
#765 = B_SPLINE_CURVE_WITH_KNOTS('',1,(#766,#767),.UNSPECIFIED.,.F.,.F.,
  (2,2),(0.,0.3),.PIECEWISE_BEZIER_KNOTS.);
#766 = CARTESIAN_POINT('',(3.5,7.65,-6.775));
#767 = CARTESIAN_POINT('',(3.5,7.35,-6.775));
#768 = ORIENTED_EDGE('',*,*,#688,.T.);
#769 = ORIENTED_EDGE('',*,*,#770,.T.);
#770 = EDGE_CURVE('',#689,#725,#771,.T.);
#771 = B_SPLINE_CURVE_WITH_KNOTS('',1,(#772,#773),.UNSPECIFIED.,.F.,.F.,
  (2,2),(0.,0.3),.PIECEWISE_BEZIER_KNOTS.);
#772 = CARTESIAN_POINT('',(-1.,7.65,-6.775));
#773 = CARTESIAN_POINT('',(-1.,7.35,-6.775));
#774 = ORIENTED_EDGE('',*,*,#724,.F.);
#775 = B_SPLINE_SURFACE_WITH_KNOTS('',1,1,(
    (#776,#777)
    ,(#778,#779
    )),.UNSPECIFIED.,.F.,.F.,.F.,(2,2),(2,2),(0.,4.5),(0.,0.3),
  .PIECEWISE_BEZIER_KNOTS.);
#776 = CARTESIAN_POINT('',(3.5,7.65,-6.775));
#777 = CARTESIAN_POINT('',(3.5,7.35,-6.775));
#778 = CARTESIAN_POINT('',(-1.,7.65,-6.775));
#779 = CARTESIAN_POINT('',(-1.,7.35,-6.775));
#780 = ADVANCED_FACE('',(#781),#787,.F.);
#781 = FACE_BOUND('',#782,.F.);
#782 = EDGE_LOOP('',(#783,#784,#785,#786));
#783 = ORIENTED_EDGE('',*,*,#681,.F.);
#784 = ORIENTED_EDGE('',*,*,#744,.T.);
#785 = ORIENTED_EDGE('',*,*,#717,.T.);
#786 = ORIENTED_EDGE('',*,*,#764,.F.);
#787 = B_SPLINE_SURFACE_WITH_KNOTS('',1,1,(
    (#788,#789)
    ,(#790,#791
    )),.UNSPECIFIED.,.F.,.F.,.F.,(2,2),(2,2),(0.,0.3),(0.,0.9),
  .PIECEWISE_BEZIER_KNOTS.);
#788 = CARTESIAN_POINT('',(3.5,7.65,-7.675));
#789 = CARTESIAN_POINT('',(3.5,7.65,-6.775));
#790 = CARTESIAN_POINT('',(3.5,7.35,-7.675));
#791 = CARTESIAN_POINT('',(3.5,7.35,-6.775));
#792 = ADVANCED_FACE('',(#793),#799,.T.);
#793 = FACE_BOUND('',#794,.T.);
#794 = EDGE_LOOP('',(#795,#796,#797,#798));
#795 = ORIENTED_EDGE('',*,*,#695,.F.);
#796 = ORIENTED_EDGE('',*,*,#750,.T.);
#797 = ORIENTED_EDGE('',*,*,#731,.T.);
#798 = ORIENTED_EDGE('',*,*,#770,.F.);
#799 = B_SPLINE_SURFACE_WITH_KNOTS('',1,1,(
    (#800,#801)
    ,(#802,#803
    )),.UNSPECIFIED.,.F.,.F.,.F.,(2,2),(2,2),(0.,0.3),(0.,0.9),
  .PIECEWISE_BEZIER_KNOTS.);
#800 = CARTESIAN_POINT('',(-1.,7.65,-7.675));
#801 = CARTESIAN_POINT('',(-1.,7.65,-6.775));
#802 = CARTESIAN_POINT('',(-1.,7.35,-7.675));
#803 = CARTESIAN_POINT('',(-1.,7.35,-6.775));
#804 = MANIFOLD_SOLID_BREP('',#805);
#805 = CLOSED_SHELL('',(#806,#842,#878,#898,#918,#930));
#806 = ADVANCED_FACE('',(#807),#837,.F.);
#807 = FACE_BOUND('',#808,.F.);
#808 = EDGE_LOOP('',(#809,#818,#825,#832));
#809 = ORIENTED_EDGE('',*,*,#810,.F.);
#810 = EDGE_CURVE('',#811,#813,#815,.T.);
#811 = VERTEX_POINT('',#812);
#812 = CARTESIAN_POINT('',(-0.6,7.575,-7.675));
#813 = VERTEX_POINT('',#814);
#814 = CARTESIAN_POINT('',(-0.9,7.575,-7.675));
#815 = B_SPLINE_CURVE_WITH_KNOTS('',1,(#816,#817),.UNSPECIFIED.,.F.,.F.,
  (2,2),(0.,0.3),.PIECEWISE_BEZIER_KNOTS.);
#816 = CARTESIAN_POINT('',(-0.6,7.575,-7.675));
#817 = CARTESIAN_POINT('',(-0.9,7.575,-7.675));
#818 = ORIENTED_EDGE('',*,*,#819,.T.);
#819 = EDGE_CURVE('',#811,#820,#822,.T.);
#820 = VERTEX_POINT('',#821);
#821 = CARTESIAN_POINT('',(-0.6,7.575,-6.775));
#822 = B_SPLINE_CURVE_WITH_KNOTS('',1,(#823,#824),.UNSPECIFIED.,.F.,.F.,
  (2,2),(0.,0.9),.PIECEWISE_BEZIER_KNOTS.);
#823 = CARTESIAN_POINT('',(-0.6,7.575,-7.675));
#824 = CARTESIAN_POINT('',(-0.6,7.575,-6.775));
#825 = ORIENTED_EDGE('',*,*,#826,.T.);
#826 = EDGE_CURVE('',#820,#827,#829,.T.);
#827 = VERTEX_POINT('',#828);
#828 = CARTESIAN_POINT('',(-0.9,7.575,-6.775));
#829 = B_SPLINE_CURVE_WITH_KNOTS('',1,(#830,#831),.UNSPECIFIED.,.F.,.F.,
  (2,2),(0.,0.3),.PIECEWISE_BEZIER_KNOTS.);
#830 = CARTESIAN_POINT('',(-0.6,7.575,-6.775));
#831 = CARTESIAN_POINT('',(-0.9,7.575,-6.775));
#832 = ORIENTED_EDGE('',*,*,#833,.F.);
#833 = EDGE_CURVE('',#813,#827,#834,.T.);
#834 = B_SPLINE_CURVE_WITH_KNOTS('',1,(#835,#836),.UNSPECIFIED.,.F.,.F.,
  (2,2),(0.,0.9),.PIECEWISE_BEZIER_KNOTS.);
#835 = CARTESIAN_POINT('',(-0.9,7.575,-7.675));
#836 = CARTESIAN_POINT('',(-0.9,7.575,-6.775));
#837 = B_SPLINE_SURFACE_WITH_KNOTS('',1,1,(
    (#838,#839)
    ,(#840,#841
    )),.UNSPECIFIED.,.F.,.F.,.F.,(2,2),(2,2),(0.,0.3),(-0.9,0.),
  .PIECEWISE_BEZIER_KNOTS.);
#838 = CARTESIAN_POINT('',(-0.6,7.575,-6.775));
#839 = CARTESIAN_POINT('',(-0.6,7.575,-7.675));
#840 = CARTESIAN_POINT('',(-0.9,7.575,-6.775));
#841 = CARTESIAN_POINT('',(-0.9,7.575,-7.675));
#842 = ADVANCED_FACE('',(#843),#873,.T.);
#843 = FACE_BOUND('',#844,.T.);
#844 = EDGE_LOOP('',(#845,#854,#861,#868));
#845 = ORIENTED_EDGE('',*,*,#846,.F.);
#846 = EDGE_CURVE('',#847,#849,#851,.T.);
#847 = VERTEX_POINT('',#848);
#848 = CARTESIAN_POINT('',(-0.6,5.925,-7.675));
#849 = VERTEX_POINT('',#850);
#850 = CARTESIAN_POINT('',(-0.9,5.925,-7.675));
#851 = B_SPLINE_CURVE_WITH_KNOTS('',1,(#852,#853),.UNSPECIFIED.,.F.,.F.,
  (2,2),(0.,0.3),.PIECEWISE_BEZIER_KNOTS.);
#852 = CARTESIAN_POINT('',(-0.6,5.925,-7.675));
#853 = CARTESIAN_POINT('',(-0.9,5.925,-7.675));
#854 = ORIENTED_EDGE('',*,*,#855,.T.);
#855 = EDGE_CURVE('',#847,#856,#858,.T.);
#856 = VERTEX_POINT('',#857);
#857 = CARTESIAN_POINT('',(-0.6,5.925,-6.775));
#858 = B_SPLINE_CURVE_WITH_KNOTS('',1,(#859,#860),.UNSPECIFIED.,.F.,.F.,
  (2,2),(0.,0.9),.PIECEWISE_BEZIER_KNOTS.);
#859 = CARTESIAN_POINT('',(-0.6,5.925,-7.675));
#860 = CARTESIAN_POINT('',(-0.6,5.925,-6.775));
#861 = ORIENTED_EDGE('',*,*,#862,.T.);
#862 = EDGE_CURVE('',#856,#863,#865,.T.);
#863 = VERTEX_POINT('',#864);
#864 = CARTESIAN_POINT('',(-0.9,5.925,-6.775));
#865 = B_SPLINE_CURVE_WITH_KNOTS('',1,(#866,#867),.UNSPECIFIED.,.F.,.F.,
  (2,2),(0.,0.3),.PIECEWISE_BEZIER_KNOTS.);
#866 = CARTESIAN_POINT('',(-0.6,5.925,-6.775));
#867 = CARTESIAN_POINT('',(-0.9,5.925,-6.775));
#868 = ORIENTED_EDGE('',*,*,#869,.F.);
#869 = EDGE_CURVE('',#849,#863,#870,.T.);
#870 = B_SPLINE_CURVE_WITH_KNOTS('',1,(#871,#872),.UNSPECIFIED.,.F.,.F.,
  (2,2),(0.,0.9),.PIECEWISE_BEZIER_KNOTS.);
#871 = CARTESIAN_POINT('',(-0.9,5.925,-7.675));
#872 = CARTESIAN_POINT('',(-0.9,5.925,-6.775));
#873 = B_SPLINE_SURFACE_WITH_KNOTS('',1,1,(
    (#874,#875)
    ,(#876,#877
    )),.UNSPECIFIED.,.F.,.F.,.F.,(2,2),(2,2),(0.,0.3),(-0.9,0.),
  .PIECEWISE_BEZIER_KNOTS.);
#874 = CARTESIAN_POINT('',(-0.6,5.925,-6.775));
#875 = CARTESIAN_POINT('',(-0.6,5.925,-7.675));
#876 = CARTESIAN_POINT('',(-0.9,5.925,-6.775));
#877 = CARTESIAN_POINT('',(-0.9,5.925,-7.675));
#878 = ADVANCED_FACE('',(#879),#893,.F.);
#879 = FACE_BOUND('',#880,.F.);
#880 = EDGE_LOOP('',(#881,#886,#887,#892));
#881 = ORIENTED_EDGE('',*,*,#882,.F.);
#882 = EDGE_CURVE('',#811,#847,#883,.T.);
#883 = B_SPLINE_CURVE_WITH_KNOTS('',1,(#884,#885),.UNSPECIFIED.,.F.,.F.,
  (2,2),(0.,1.65),.PIECEWISE_BEZIER_KNOTS.);
#884 = CARTESIAN_POINT('',(-0.6,7.575,-7.675));
#885 = CARTESIAN_POINT('',(-0.6,5.925,-7.675));
#886 = ORIENTED_EDGE('',*,*,#810,.T.);
#887 = ORIENTED_EDGE('',*,*,#888,.T.);
#888 = EDGE_CURVE('',#813,#849,#889,.T.);
#889 = B_SPLINE_CURVE_WITH_KNOTS('',1,(#890,#891),.UNSPECIFIED.,.F.,.F.,
  (2,2),(0.,1.65),.PIECEWISE_BEZIER_KNOTS.);
#890 = CARTESIAN_POINT('',(-0.9,7.575,-7.675));
#891 = CARTESIAN_POINT('',(-0.9,5.925,-7.675));
#892 = ORIENTED_EDGE('',*,*,#846,.F.);
#893 = B_SPLINE_SURFACE_WITH_KNOTS('',1,1,(
    (#894,#895)
    ,(#896,#897
    )),.UNSPECIFIED.,.F.,.F.,.F.,(2,2),(2,2),(0.,0.3),(0.,1.65),
  .PIECEWISE_BEZIER_KNOTS.);
#894 = CARTESIAN_POINT('',(-0.6,7.575,-7.675));
#895 = CARTESIAN_POINT('',(-0.6,5.925,-7.675));
#896 = CARTESIAN_POINT('',(-0.9,7.575,-7.675));
#897 = CARTESIAN_POINT('',(-0.9,5.925,-7.675));
#898 = ADVANCED_FACE('',(#899),#913,.T.);
#899 = FACE_BOUND('',#900,.T.);
#900 = EDGE_LOOP('',(#901,#906,#907,#912));
#901 = ORIENTED_EDGE('',*,*,#902,.F.);
#902 = EDGE_CURVE('',#820,#856,#903,.T.);
#903 = B_SPLINE_CURVE_WITH_KNOTS('',1,(#904,#905),.UNSPECIFIED.,.F.,.F.,
  (2,2),(0.,1.65),.PIECEWISE_BEZIER_KNOTS.);
#904 = CARTESIAN_POINT('',(-0.6,7.575,-6.775));
#905 = CARTESIAN_POINT('',(-0.6,5.925,-6.775));
#906 = ORIENTED_EDGE('',*,*,#826,.T.);
#907 = ORIENTED_EDGE('',*,*,#908,.T.);
#908 = EDGE_CURVE('',#827,#863,#909,.T.);
#909 = B_SPLINE_CURVE_WITH_KNOTS('',1,(#910,#911),.UNSPECIFIED.,.F.,.F.,
  (2,2),(0.,1.65),.PIECEWISE_BEZIER_KNOTS.);
#910 = CARTESIAN_POINT('',(-0.9,7.575,-6.775));
#911 = CARTESIAN_POINT('',(-0.9,5.925,-6.775));
#912 = ORIENTED_EDGE('',*,*,#862,.F.);
#913 = B_SPLINE_SURFACE_WITH_KNOTS('',1,1,(
    (#914,#915)
    ,(#916,#917
    )),.UNSPECIFIED.,.F.,.F.,.F.,(2,2),(2,2),(0.,0.3),(0.,1.65),
  .PIECEWISE_BEZIER_KNOTS.);
#914 = CARTESIAN_POINT('',(-0.6,7.575,-6.775));
#915 = CARTESIAN_POINT('',(-0.6,5.925,-6.775));
#916 = CARTESIAN_POINT('',(-0.9,7.575,-6.775));
#917 = CARTESIAN_POINT('',(-0.9,5.925,-6.775));
#918 = ADVANCED_FACE('',(#919),#925,.F.);
#919 = FACE_BOUND('',#920,.F.);
#920 = EDGE_LOOP('',(#921,#922,#923,#924));
#921 = ORIENTED_EDGE('',*,*,#819,.F.);
#922 = ORIENTED_EDGE('',*,*,#882,.T.);
#923 = ORIENTED_EDGE('',*,*,#855,.T.);
#924 = ORIENTED_EDGE('',*,*,#902,.F.);
#925 = B_SPLINE_SURFACE_WITH_KNOTS('',1,1,(
    (#926,#927)
    ,(#928,#929
    )),.UNSPECIFIED.,.F.,.F.,.F.,(2,2),(2,2),(0.,1.65),(0.,0.9),
  .PIECEWISE_BEZIER_KNOTS.);
#926 = CARTESIAN_POINT('',(-0.6,7.575,-7.675));
#927 = CARTESIAN_POINT('',(-0.6,7.575,-6.775));
#928 = CARTESIAN_POINT('',(-0.6,5.925,-7.675));
#929 = CARTESIAN_POINT('',(-0.6,5.925,-6.775));
#930 = ADVANCED_FACE('',(#931),#937,.T.);
#931 = FACE_BOUND('',#932,.T.);
#932 = EDGE_LOOP('',(#933,#934,#935,#936));
#933 = ORIENTED_EDGE('',*,*,#833,.F.);
#934 = ORIENTED_EDGE('',*,*,#888,.T.);
#935 = ORIENTED_EDGE('',*,*,#869,.T.);
#936 = ORIENTED_EDGE('',*,*,#908,.F.);
#937 = B_SPLINE_SURFACE_WITH_KNOTS('',1,1,(
    (#938,#939)
    ,(#940,#941
    )),.UNSPECIFIED.,.F.,.F.,.F.,(2,2),(2,2),(0.,1.65),(0.,0.9),
  .PIECEWISE_BEZIER_KNOTS.);
#938 = CARTESIAN_POINT('',(-0.9,7.575,-7.675));
#939 = CARTESIAN_POINT('',(-0.9,7.575,-6.775));
#940 = CARTESIAN_POINT('',(-0.9,5.925,-7.675));
#941 = CARTESIAN_POINT('',(-0.9,5.925,-6.775));
#942 = MANIFOLD_SOLID_BREP('',#943);
#943 = CLOSED_SHELL('',(#944,#980,#1016,#1036,#1056,#1068));
#944 = ADVANCED_FACE('',(#945),#975,.F.);
#945 = FACE_BOUND('',#946,.F.);
#946 = EDGE_LOOP('',(#947,#956,#963,#970));
#947 = ORIENTED_EDGE('',*,*,#948,.F.);
#948 = EDGE_CURVE('',#949,#951,#953,.T.);
#949 = VERTEX_POINT('',#950);
#950 = CARTESIAN_POINT('',(3.5,7.65,-5.175));
#951 = VERTEX_POINT('',#952);
#952 = CARTESIAN_POINT('',(-1.,7.65,-5.175));
#953 = B_SPLINE_CURVE_WITH_KNOTS('',1,(#954,#955),.UNSPECIFIED.,.F.,.F.,
  (2,2),(0.,4.5),.PIECEWISE_BEZIER_KNOTS.);
#954 = CARTESIAN_POINT('',(3.5,7.65,-5.175));
#955 = CARTESIAN_POINT('',(-1.,7.65,-5.175));
#956 = ORIENTED_EDGE('',*,*,#957,.T.);
#957 = EDGE_CURVE('',#949,#958,#960,.T.);
#958 = VERTEX_POINT('',#959);
#959 = CARTESIAN_POINT('',(3.5,7.65,-4.275));
#960 = B_SPLINE_CURVE_WITH_KNOTS('',1,(#961,#962),.UNSPECIFIED.,.F.,.F.,
  (2,2),(0.,0.9),.PIECEWISE_BEZIER_KNOTS.);
#961 = CARTESIAN_POINT('',(3.5,7.65,-5.175));
#962 = CARTESIAN_POINT('',(3.5,7.65,-4.275));
#963 = ORIENTED_EDGE('',*,*,#964,.T.);
#964 = EDGE_CURVE('',#958,#965,#967,.T.);
#965 = VERTEX_POINT('',#966);
#966 = CARTESIAN_POINT('',(-1.,7.65,-4.275));
#967 = B_SPLINE_CURVE_WITH_KNOTS('',1,(#968,#969),.UNSPECIFIED.,.F.,.F.,
  (2,2),(0.,4.5),.PIECEWISE_BEZIER_KNOTS.);
#968 = CARTESIAN_POINT('',(3.5,7.65,-4.275));
#969 = CARTESIAN_POINT('',(-1.,7.65,-4.275));
#970 = ORIENTED_EDGE('',*,*,#971,.F.);
#971 = EDGE_CURVE('',#951,#965,#972,.T.);
#972 = B_SPLINE_CURVE_WITH_KNOTS('',1,(#973,#974),.UNSPECIFIED.,.F.,.F.,
  (2,2),(0.,0.9),.PIECEWISE_BEZIER_KNOTS.);
#973 = CARTESIAN_POINT('',(-1.,7.65,-5.175));
#974 = CARTESIAN_POINT('',(-1.,7.65,-4.275));
#975 = B_SPLINE_SURFACE_WITH_KNOTS('',1,1,(
    (#976,#977)
    ,(#978,#979
    )),.UNSPECIFIED.,.F.,.F.,.F.,(2,2),(2,2),(0.,4.5),(-0.9,0.),
  .PIECEWISE_BEZIER_KNOTS.);
#976 = CARTESIAN_POINT('',(3.5,7.65,-4.275));
#977 = CARTESIAN_POINT('',(3.5,7.65,-5.175));
#978 = CARTESIAN_POINT('',(-1.,7.65,-4.275));
#979 = CARTESIAN_POINT('',(-1.,7.65,-5.175));
#980 = ADVANCED_FACE('',(#981),#1011,.T.);
#981 = FACE_BOUND('',#982,.T.);
#982 = EDGE_LOOP('',(#983,#992,#999,#1006));
#983 = ORIENTED_EDGE('',*,*,#984,.F.);
#984 = EDGE_CURVE('',#985,#987,#989,.T.);
#985 = VERTEX_POINT('',#986);
#986 = CARTESIAN_POINT('',(3.5,7.35,-5.175));
#987 = VERTEX_POINT('',#988);
#988 = CARTESIAN_POINT('',(-1.,7.35,-5.175));
#989 = B_SPLINE_CURVE_WITH_KNOTS('',1,(#990,#991),.UNSPECIFIED.,.F.,.F.,
  (2,2),(0.,4.5),.PIECEWISE_BEZIER_KNOTS.);
#990 = CARTESIAN_POINT('',(3.5,7.35,-5.175));
#991 = CARTESIAN_POINT('',(-1.,7.35,-5.175));
#992 = ORIENTED_EDGE('',*,*,#993,.T.);
#993 = EDGE_CURVE('',#985,#994,#996,.T.);
#994 = VERTEX_POINT('',#995);
#995 = CARTESIAN_POINT('',(3.5,7.35,-4.275));
#996 = B_SPLINE_CURVE_WITH_KNOTS('',1,(#997,#998),.UNSPECIFIED.,.F.,.F.,
  (2,2),(0.,0.9),.PIECEWISE_BEZIER_KNOTS.);
#997 = CARTESIAN_POINT('',(3.5,7.35,-5.175));
#998 = CARTESIAN_POINT('',(3.5,7.35,-4.275));
#999 = ORIENTED_EDGE('',*,*,#1000,.T.);
#1000 = EDGE_CURVE('',#994,#1001,#1003,.T.);
#1001 = VERTEX_POINT('',#1002);
#1002 = CARTESIAN_POINT('',(-1.,7.35,-4.275));
#1003 = B_SPLINE_CURVE_WITH_KNOTS('',1,(#1004,#1005),.UNSPECIFIED.,.F.,
  .F.,(2,2),(0.,4.5),.PIECEWISE_BEZIER_KNOTS.);
#1004 = CARTESIAN_POINT('',(3.5,7.35,-4.275));
#1005 = CARTESIAN_POINT('',(-1.,7.35,-4.275));
#1006 = ORIENTED_EDGE('',*,*,#1007,.F.);
#1007 = EDGE_CURVE('',#987,#1001,#1008,.T.);
#1008 = B_SPLINE_CURVE_WITH_KNOTS('',1,(#1009,#1010),.UNSPECIFIED.,.F.,
  .F.,(2,2),(0.,0.9),.PIECEWISE_BEZIER_KNOTS.);
#1009 = CARTESIAN_POINT('',(-1.,7.35,-5.175));
#1010 = CARTESIAN_POINT('',(-1.,7.35,-4.275));
#1011 = B_SPLINE_SURFACE_WITH_KNOTS('',1,1,(
    (#1012,#1013)
    ,(#1014,#1015
    )),.UNSPECIFIED.,.F.,.F.,.F.,(2,2),(2,2),(0.,4.5),(-0.9,0.),
  .PIECEWISE_BEZIER_KNOTS.);
#1012 = CARTESIAN_POINT('',(3.5,7.35,-4.275));
#1013 = CARTESIAN_POINT('',(3.5,7.35,-5.175));
#1014 = CARTESIAN_POINT('',(-1.,7.35,-4.275));
#1015 = CARTESIAN_POINT('',(-1.,7.35,-5.175));
#1016 = ADVANCED_FACE('',(#1017),#1031,.F.);
#1017 = FACE_BOUND('',#1018,.F.);
#1018 = EDGE_LOOP('',(#1019,#1024,#1025,#1030));
#1019 = ORIENTED_EDGE('',*,*,#1020,.F.);
#1020 = EDGE_CURVE('',#949,#985,#1021,.T.);
#1021 = B_SPLINE_CURVE_WITH_KNOTS('',1,(#1022,#1023),.UNSPECIFIED.,.F.,
  .F.,(2,2),(0.,0.3),.PIECEWISE_BEZIER_KNOTS.);
#1022 = CARTESIAN_POINT('',(3.5,7.65,-5.175));
#1023 = CARTESIAN_POINT('',(3.5,7.35,-5.175));
#1024 = ORIENTED_EDGE('',*,*,#948,.T.);
#1025 = ORIENTED_EDGE('',*,*,#1026,.T.);
#1026 = EDGE_CURVE('',#951,#987,#1027,.T.);
#1027 = B_SPLINE_CURVE_WITH_KNOTS('',1,(#1028,#1029),.UNSPECIFIED.,.F.,
  .F.,(2,2),(0.,0.3),.PIECEWISE_BEZIER_KNOTS.);
#1028 = CARTESIAN_POINT('',(-1.,7.65,-5.175));
#1029 = CARTESIAN_POINT('',(-1.,7.35,-5.175));
#1030 = ORIENTED_EDGE('',*,*,#984,.F.);
#1031 = B_SPLINE_SURFACE_WITH_KNOTS('',1,1,(
    (#1032,#1033)
    ,(#1034,#1035
    )),.UNSPECIFIED.,.F.,.F.,.F.,(2,2),(2,2),(0.,4.5),(0.,0.3),
  .PIECEWISE_BEZIER_KNOTS.);
#1032 = CARTESIAN_POINT('',(3.5,7.65,-5.175));
#1033 = CARTESIAN_POINT('',(3.5,7.35,-5.175));
#1034 = CARTESIAN_POINT('',(-1.,7.65,-5.175));
#1035 = CARTESIAN_POINT('',(-1.,7.35,-5.175));
#1036 = ADVANCED_FACE('',(#1037),#1051,.T.);
#1037 = FACE_BOUND('',#1038,.T.);
#1038 = EDGE_LOOP('',(#1039,#1044,#1045,#1050));
#1039 = ORIENTED_EDGE('',*,*,#1040,.F.);
#1040 = EDGE_CURVE('',#958,#994,#1041,.T.);
#1041 = B_SPLINE_CURVE_WITH_KNOTS('',1,(#1042,#1043),.UNSPECIFIED.,.F.,
  .F.,(2,2),(0.,0.3),.PIECEWISE_BEZIER_KNOTS.);
#1042 = CARTESIAN_POINT('',(3.5,7.65,-4.275));
#1043 = CARTESIAN_POINT('',(3.5,7.35,-4.275));
#1044 = ORIENTED_EDGE('',*,*,#964,.T.);
#1045 = ORIENTED_EDGE('',*,*,#1046,.T.);
#1046 = EDGE_CURVE('',#965,#1001,#1047,.T.);
#1047 = B_SPLINE_CURVE_WITH_KNOTS('',1,(#1048,#1049),.UNSPECIFIED.,.F.,
  .F.,(2,2),(0.,0.3),.PIECEWISE_BEZIER_KNOTS.);
#1048 = CARTESIAN_POINT('',(-1.,7.65,-4.275));
#1049 = CARTESIAN_POINT('',(-1.,7.35,-4.275));
#1050 = ORIENTED_EDGE('',*,*,#1000,.F.);
#1051 = B_SPLINE_SURFACE_WITH_KNOTS('',1,1,(
    (#1052,#1053)
    ,(#1054,#1055
    )),.UNSPECIFIED.,.F.,.F.,.F.,(2,2),(2,2),(0.,4.5),(0.,0.3),
  .PIECEWISE_BEZIER_KNOTS.);
#1052 = CARTESIAN_POINT('',(3.5,7.65,-4.275));
#1053 = CARTESIAN_POINT('',(3.5,7.35,-4.275));
#1054 = CARTESIAN_POINT('',(-1.,7.65,-4.275));
#1055 = CARTESIAN_POINT('',(-1.,7.35,-4.275));
#1056 = ADVANCED_FACE('',(#1057),#1063,.F.);
#1057 = FACE_BOUND('',#1058,.F.);
#1058 = EDGE_LOOP('',(#1059,#1060,#1061,#1062));
#1059 = ORIENTED_EDGE('',*,*,#957,.F.);
#1060 = ORIENTED_EDGE('',*,*,#1020,.T.);
#1061 = ORIENTED_EDGE('',*,*,#993,.T.);
#1062 = ORIENTED_EDGE('',*,*,#1040,.F.);
#1063 = B_SPLINE_SURFACE_WITH_KNOTS('',1,1,(
    (#1064,#1065)
    ,(#1066,#1067
    )),.UNSPECIFIED.,.F.,.F.,.F.,(2,2),(2,2),(0.,0.3),(0.,0.9),
  .PIECEWISE_BEZIER_KNOTS.);
#1064 = CARTESIAN_POINT('',(3.5,7.65,-5.175));
#1065 = CARTESIAN_POINT('',(3.5,7.65,-4.275));
#1066 = CARTESIAN_POINT('',(3.5,7.35,-5.175));
#1067 = CARTESIAN_POINT('',(3.5,7.35,-4.275));
#1068 = ADVANCED_FACE('',(#1069),#1075,.T.);
#1069 = FACE_BOUND('',#1070,.T.);
#1070 = EDGE_LOOP('',(#1071,#1072,#1073,#1074));
#1071 = ORIENTED_EDGE('',*,*,#971,.F.);
#1072 = ORIENTED_EDGE('',*,*,#1026,.T.);
#1073 = ORIENTED_EDGE('',*,*,#1007,.T.);
#1074 = ORIENTED_EDGE('',*,*,#1046,.F.);
#1075 = B_SPLINE_SURFACE_WITH_KNOTS('',1,1,(
    (#1076,#1077)
    ,(#1078,#1079
    )),.UNSPECIFIED.,.F.,.F.,.F.,(2,2),(2,2),(0.,0.3),(0.,0.9),
  .PIECEWISE_BEZIER_KNOTS.);
#1076 = CARTESIAN_POINT('',(-1.,7.65,-5.175));
#1077 = CARTESIAN_POINT('',(-1.,7.65,-4.275));
#1078 = CARTESIAN_POINT('',(-1.,7.35,-5.175));
#1079 = CARTESIAN_POINT('',(-1.,7.35,-4.275));
#1080 = MANIFOLD_SOLID_BREP('',#1081);
#1081 = CLOSED_SHELL('',(#1082,#1118,#1154,#1174,#1194,#1206));
#1082 = ADVANCED_FACE('',(#1083),#1113,.F.);
#1083 = FACE_BOUND('',#1084,.F.);
#1084 = EDGE_LOOP('',(#1085,#1094,#1101,#1108));
#1085 = ORIENTED_EDGE('',*,*,#1086,.F.);
#1086 = EDGE_CURVE('',#1087,#1089,#1091,.T.);
#1087 = VERTEX_POINT('',#1088);
#1088 = CARTESIAN_POINT('',(-0.6,7.575,-5.175));
#1089 = VERTEX_POINT('',#1090);
#1090 = CARTESIAN_POINT('',(-0.9,7.575,-5.175));
#1091 = B_SPLINE_CURVE_WITH_KNOTS('',1,(#1092,#1093),.UNSPECIFIED.,.F.,
  .F.,(2,2),(0.,0.3),.PIECEWISE_BEZIER_KNOTS.);
#1092 = CARTESIAN_POINT('',(-0.6,7.575,-5.175));
#1093 = CARTESIAN_POINT('',(-0.9,7.575,-5.175));
#1094 = ORIENTED_EDGE('',*,*,#1095,.T.);
#1095 = EDGE_CURVE('',#1087,#1096,#1098,.T.);
#1096 = VERTEX_POINT('',#1097);
#1097 = CARTESIAN_POINT('',(-0.6,7.575,-4.275));
#1098 = B_SPLINE_CURVE_WITH_KNOTS('',1,(#1099,#1100),.UNSPECIFIED.,.F.,
  .F.,(2,2),(0.,0.9),.PIECEWISE_BEZIER_KNOTS.);
#1099 = CARTESIAN_POINT('',(-0.6,7.575,-5.175));
#1100 = CARTESIAN_POINT('',(-0.6,7.575,-4.275));
#1101 = ORIENTED_EDGE('',*,*,#1102,.T.);
#1102 = EDGE_CURVE('',#1096,#1103,#1105,.T.);
#1103 = VERTEX_POINT('',#1104);
#1104 = CARTESIAN_POINT('',(-0.9,7.575,-4.275));
#1105 = B_SPLINE_CURVE_WITH_KNOTS('',1,(#1106,#1107),.UNSPECIFIED.,.F.,
  .F.,(2,2),(0.,0.3),.PIECEWISE_BEZIER_KNOTS.);
#1106 = CARTESIAN_POINT('',(-0.6,7.575,-4.275));
#1107 = CARTESIAN_POINT('',(-0.9,7.575,-4.275));
#1108 = ORIENTED_EDGE('',*,*,#1109,.F.);
#1109 = EDGE_CURVE('',#1089,#1103,#1110,.T.);
#1110 = B_SPLINE_CURVE_WITH_KNOTS('',1,(#1111,#1112),.UNSPECIFIED.,.F.,
  .F.,(2,2),(0.,0.9),.PIECEWISE_BEZIER_KNOTS.);
#1111 = CARTESIAN_POINT('',(-0.9,7.575,-5.175));
#1112 = CARTESIAN_POINT('',(-0.9,7.575,-4.275));
#1113 = B_SPLINE_SURFACE_WITH_KNOTS('',1,1,(
    (#1114,#1115)
    ,(#1116,#1117
    )),.UNSPECIFIED.,.F.,.F.,.F.,(2,2),(2,2),(0.,0.3),(-0.9,0.),
  .PIECEWISE_BEZIER_KNOTS.);
#1114 = CARTESIAN_POINT('',(-0.6,7.575,-4.275));
#1115 = CARTESIAN_POINT('',(-0.6,7.575,-5.175));
#1116 = CARTESIAN_POINT('',(-0.9,7.575,-4.275));
#1117 = CARTESIAN_POINT('',(-0.9,7.575,-5.175));
#1118 = ADVANCED_FACE('',(#1119),#1149,.T.);
#1119 = FACE_BOUND('',#1120,.T.);
#1120 = EDGE_LOOP('',(#1121,#1130,#1137,#1144));
#1121 = ORIENTED_EDGE('',*,*,#1122,.F.);
#1122 = EDGE_CURVE('',#1123,#1125,#1127,.T.);
#1123 = VERTEX_POINT('',#1124);
#1124 = CARTESIAN_POINT('',(-0.6,5.925,-5.175));
#1125 = VERTEX_POINT('',#1126);
#1126 = CARTESIAN_POINT('',(-0.9,5.925,-5.175));
#1127 = B_SPLINE_CURVE_WITH_KNOTS('',1,(#1128,#1129),.UNSPECIFIED.,.F.,
  .F.,(2,2),(0.,0.3),.PIECEWISE_BEZIER_KNOTS.);
#1128 = CARTESIAN_POINT('',(-0.6,5.925,-5.175));
#1129 = CARTESIAN_POINT('',(-0.9,5.925,-5.175));
#1130 = ORIENTED_EDGE('',*,*,#1131,.T.);
#1131 = EDGE_CURVE('',#1123,#1132,#1134,.T.);
#1132 = VERTEX_POINT('',#1133);
#1133 = CARTESIAN_POINT('',(-0.6,5.925,-4.275));
#1134 = B_SPLINE_CURVE_WITH_KNOTS('',1,(#1135,#1136),.UNSPECIFIED.,.F.,
  .F.,(2,2),(0.,0.9),.PIECEWISE_BEZIER_KNOTS.);
#1135 = CARTESIAN_POINT('',(-0.6,5.925,-5.175));
#1136 = CARTESIAN_POINT('',(-0.6,5.925,-4.275));
#1137 = ORIENTED_EDGE('',*,*,#1138,.T.);
#1138 = EDGE_CURVE('',#1132,#1139,#1141,.T.);
#1139 = VERTEX_POINT('',#1140);
#1140 = CARTESIAN_POINT('',(-0.9,5.925,-4.275));
#1141 = B_SPLINE_CURVE_WITH_KNOTS('',1,(#1142,#1143),.UNSPECIFIED.,.F.,
  .F.,(2,2),(0.,0.3),.PIECEWISE_BEZIER_KNOTS.);
#1142 = CARTESIAN_POINT('',(-0.6,5.925,-4.275));
#1143 = CARTESIAN_POINT('',(-0.9,5.925,-4.275));
#1144 = ORIENTED_EDGE('',*,*,#1145,.F.);
#1145 = EDGE_CURVE('',#1125,#1139,#1146,.T.);
#1146 = B_SPLINE_CURVE_WITH_KNOTS('',1,(#1147,#1148),.UNSPECIFIED.,.F.,
  .F.,(2,2),(0.,0.9),.PIECEWISE_BEZIER_KNOTS.);
#1147 = CARTESIAN_POINT('',(-0.9,5.925,-5.175));
#1148 = CARTESIAN_POINT('',(-0.9,5.925,-4.275));
#1149 = B_SPLINE_SURFACE_WITH_KNOTS('',1,1,(
    (#1150,#1151)
    ,(#1152,#1153
    )),.UNSPECIFIED.,.F.,.F.,.F.,(2,2),(2,2),(0.,0.3),(-0.9,0.),
  .PIECEWISE_BEZIER_KNOTS.);
#1150 = CARTESIAN_POINT('',(-0.6,5.925,-4.275));
#1151 = CARTESIAN_POINT('',(-0.6,5.925,-5.175));
#1152 = CARTESIAN_POINT('',(-0.9,5.925,-4.275));
#1153 = CARTESIAN_POINT('',(-0.9,5.925,-5.175));
#1154 = ADVANCED_FACE('',(#1155),#1169,.F.);
#1155 = FACE_BOUND('',#1156,.F.);
#1156 = EDGE_LOOP('',(#1157,#1162,#1163,#1168));
#1157 = ORIENTED_EDGE('',*,*,#1158,.F.);
#1158 = EDGE_CURVE('',#1087,#1123,#1159,.T.);
#1159 = B_SPLINE_CURVE_WITH_KNOTS('',1,(#1160,#1161),.UNSPECIFIED.,.F.,
  .F.,(2,2),(0.,1.65),.PIECEWISE_BEZIER_KNOTS.);
#1160 = CARTESIAN_POINT('',(-0.6,7.575,-5.175));
#1161 = CARTESIAN_POINT('',(-0.6,5.925,-5.175));
#1162 = ORIENTED_EDGE('',*,*,#1086,.T.);
#1163 = ORIENTED_EDGE('',*,*,#1164,.T.);
#1164 = EDGE_CURVE('',#1089,#1125,#1165,.T.);
#1165 = B_SPLINE_CURVE_WITH_KNOTS('',1,(#1166,#1167),.UNSPECIFIED.,.F.,
  .F.,(2,2),(0.,1.65),.PIECEWISE_BEZIER_KNOTS.);
#1166 = CARTESIAN_POINT('',(-0.9,7.575,-5.175));
#1167 = CARTESIAN_POINT('',(-0.9,5.925,-5.175));
#1168 = ORIENTED_EDGE('',*,*,#1122,.F.);
#1169 = B_SPLINE_SURFACE_WITH_KNOTS('',1,1,(
    (#1170,#1171)
    ,(#1172,#1173
    )),.UNSPECIFIED.,.F.,.F.,.F.,(2,2),(2,2),(0.,0.3),(0.,1.65),
  .PIECEWISE_BEZIER_KNOTS.);
#1170 = CARTESIAN_POINT('',(-0.6,7.575,-5.175));
#1171 = CARTESIAN_POINT('',(-0.6,5.925,-5.175));
#1172 = CARTESIAN_POINT('',(-0.9,7.575,-5.175));
#1173 = CARTESIAN_POINT('',(-0.9,5.925,-5.175));
#1174 = ADVANCED_FACE('',(#1175),#1189,.T.);
#1175 = FACE_BOUND('',#1176,.T.);
#1176 = EDGE_LOOP('',(#1177,#1182,#1183,#1188));
#1177 = ORIENTED_EDGE('',*,*,#1178,.F.);
#1178 = EDGE_CURVE('',#1096,#1132,#1179,.T.);
#1179 = B_SPLINE_CURVE_WITH_KNOTS('',1,(#1180,#1181),.UNSPECIFIED.,.F.,
  .F.,(2,2),(0.,1.65),.PIECEWISE_BEZIER_KNOTS.);
#1180 = CARTESIAN_POINT('',(-0.6,7.575,-4.275));
#1181 = CARTESIAN_POINT('',(-0.6,5.925,-4.275));
#1182 = ORIENTED_EDGE('',*,*,#1102,.T.);
#1183 = ORIENTED_EDGE('',*,*,#1184,.T.);
#1184 = EDGE_CURVE('',#1103,#1139,#1185,.T.);
#1185 = B_SPLINE_CURVE_WITH_KNOTS('',1,(#1186,#1187),.UNSPECIFIED.,.F.,
  .F.,(2,2),(0.,1.65),.PIECEWISE_BEZIER_KNOTS.);
#1186 = CARTESIAN_POINT('',(-0.9,7.575,-4.275));
#1187 = CARTESIAN_POINT('',(-0.9,5.925,-4.275));
#1188 = ORIENTED_EDGE('',*,*,#1138,.F.);
#1189 = B_SPLINE_SURFACE_WITH_KNOTS('',1,1,(
    (#1190,#1191)
    ,(#1192,#1193
    )),.UNSPECIFIED.,.F.,.F.,.F.,(2,2),(2,2),(0.,0.3),(0.,1.65),
  .PIECEWISE_BEZIER_KNOTS.);
#1190 = CARTESIAN_POINT('',(-0.6,7.575,-4.275));
#1191 = CARTESIAN_POINT('',(-0.6,5.925,-4.275));
#1192 = CARTESIAN_POINT('',(-0.9,7.575,-4.275));
#1193 = CARTESIAN_POINT('',(-0.9,5.925,-4.275));
#1194 = ADVANCED_FACE('',(#1195),#1201,.F.);
#1195 = FACE_BOUND('',#1196,.F.);
#1196 = EDGE_LOOP('',(#1197,#1198,#1199,#1200));
#1197 = ORIENTED_EDGE('',*,*,#1095,.F.);
#1198 = ORIENTED_EDGE('',*,*,#1158,.T.);
#1199 = ORIENTED_EDGE('',*,*,#1131,.T.);
#1200 = ORIENTED_EDGE('',*,*,#1178,.F.);
#1201 = B_SPLINE_SURFACE_WITH_KNOTS('',1,1,(
    (#1202,#1203)
    ,(#1204,#1205
    )),.UNSPECIFIED.,.F.,.F.,.F.,(2,2),(2,2),(0.,1.65),(0.,0.9),
  .PIECEWISE_BEZIER_KNOTS.);
#1202 = CARTESIAN_POINT('',(-0.6,7.575,-5.175));
#1203 = CARTESIAN_POINT('',(-0.6,7.575,-4.275));
#1204 = CARTESIAN_POINT('',(-0.6,5.925,-5.175));
#1205 = CARTESIAN_POINT('',(-0.6,5.925,-4.275));
#1206 = ADVANCED_FACE('',(#1207),#1213,.T.);
#1207 = FACE_BOUND('',#1208,.T.);
#1208 = EDGE_LOOP('',(#1209,#1210,#1211,#1212));
#1209 = ORIENTED_EDGE('',*,*,#1109,.F.);
#1210 = ORIENTED_EDGE('',*,*,#1164,.T.);
#1211 = ORIENTED_EDGE('',*,*,#1145,.T.);
#1212 = ORIENTED_EDGE('',*,*,#1184,.F.);
#1213 = B_SPLINE_SURFACE_WITH_KNOTS('',1,1,(
    (#1214,#1215)
    ,(#1216,#1217
    )),.UNSPECIFIED.,.F.,.F.,.F.,(2,2),(2,2),(0.,1.65),(0.,0.9),
  .PIECEWISE_BEZIER_KNOTS.);
#1214 = CARTESIAN_POINT('',(-0.9,7.575,-5.175));
#1215 = CARTESIAN_POINT('',(-0.9,7.575,-4.275));
#1216 = CARTESIAN_POINT('',(-0.9,5.925,-5.175));
#1217 = CARTESIAN_POINT('',(-0.9,5.925,-4.275));
#1218 = MANIFOLD_SOLID_BREP('',#1219);
#1219 = CLOSED_SHELL('',(#1220,#1256,#1292,#1312,#1332,#1344));
#1220 = ADVANCED_FACE('',(#1221),#1251,.F.);
#1221 = FACE_BOUND('',#1222,.F.);
#1222 = EDGE_LOOP('',(#1223,#1232,#1239,#1246));
#1223 = ORIENTED_EDGE('',*,*,#1224,.F.);
#1224 = EDGE_CURVE('',#1225,#1227,#1229,.T.);
#1225 = VERTEX_POINT('',#1226);
#1226 = CARTESIAN_POINT('',(3.5,7.65,-2.675));
#1227 = VERTEX_POINT('',#1228);
#1228 = CARTESIAN_POINT('',(-1.,7.65,-2.675));
#1229 = B_SPLINE_CURVE_WITH_KNOTS('',1,(#1230,#1231),.UNSPECIFIED.,.F.,
  .F.,(2,2),(0.,4.5),.PIECEWISE_BEZIER_KNOTS.);
#1230 = CARTESIAN_POINT('',(3.5,7.65,-2.675));
#1231 = CARTESIAN_POINT('',(-1.,7.65,-2.675));
#1232 = ORIENTED_EDGE('',*,*,#1233,.T.);
#1233 = EDGE_CURVE('',#1225,#1234,#1236,.T.);
#1234 = VERTEX_POINT('',#1235);
#1235 = CARTESIAN_POINT('',(3.5,7.65,-1.775));
#1236 = B_SPLINE_CURVE_WITH_KNOTS('',1,(#1237,#1238),.UNSPECIFIED.,.F.,
  .F.,(2,2),(0.,0.9),.PIECEWISE_BEZIER_KNOTS.);
#1237 = CARTESIAN_POINT('',(3.5,7.65,-2.675));
#1238 = CARTESIAN_POINT('',(3.5,7.65,-1.775));
#1239 = ORIENTED_EDGE('',*,*,#1240,.T.);
#1240 = EDGE_CURVE('',#1234,#1241,#1243,.T.);
#1241 = VERTEX_POINT('',#1242);
#1242 = CARTESIAN_POINT('',(-1.,7.65,-1.775));
#1243 = B_SPLINE_CURVE_WITH_KNOTS('',1,(#1244,#1245),.UNSPECIFIED.,.F.,
  .F.,(2,2),(0.,4.5),.PIECEWISE_BEZIER_KNOTS.);
#1244 = CARTESIAN_POINT('',(3.5,7.65,-1.775));
#1245 = CARTESIAN_POINT('',(-1.,7.65,-1.775));
#1246 = ORIENTED_EDGE('',*,*,#1247,.F.);
#1247 = EDGE_CURVE('',#1227,#1241,#1248,.T.);
#1248 = B_SPLINE_CURVE_WITH_KNOTS('',1,(#1249,#1250),.UNSPECIFIED.,.F.,
  .F.,(2,2),(0.,0.9),.PIECEWISE_BEZIER_KNOTS.);
#1249 = CARTESIAN_POINT('',(-1.,7.65,-2.675));
#1250 = CARTESIAN_POINT('',(-1.,7.65,-1.775));
#1251 = B_SPLINE_SURFACE_WITH_KNOTS('',1,1,(
    (#1252,#1253)
    ,(#1254,#1255
    )),.UNSPECIFIED.,.F.,.F.,.F.,(2,2),(2,2),(0.,4.5),(-0.9,0.),
  .PIECEWISE_BEZIER_KNOTS.);
#1252 = CARTESIAN_POINT('',(3.5,7.65,-1.775));
#1253 = CARTESIAN_POINT('',(3.5,7.65,-2.675));
#1254 = CARTESIAN_POINT('',(-1.,7.65,-1.775));
#1255 = CARTESIAN_POINT('',(-1.,7.65,-2.675));
#1256 = ADVANCED_FACE('',(#1257),#1287,.T.);
#1257 = FACE_BOUND('',#1258,.T.);
#1258 = EDGE_LOOP('',(#1259,#1268,#1275,#1282));
#1259 = ORIENTED_EDGE('',*,*,#1260,.F.);
#1260 = EDGE_CURVE('',#1261,#1263,#1265,.T.);
#1261 = VERTEX_POINT('',#1262);
#1262 = CARTESIAN_POINT('',(3.5,7.35,-2.675));
#1263 = VERTEX_POINT('',#1264);
#1264 = CARTESIAN_POINT('',(-1.,7.35,-2.675));
#1265 = B_SPLINE_CURVE_WITH_KNOTS('',1,(#1266,#1267),.UNSPECIFIED.,.F.,
  .F.,(2,2),(0.,4.5),.PIECEWISE_BEZIER_KNOTS.);
#1266 = CARTESIAN_POINT('',(3.5,7.35,-2.675));
#1267 = CARTESIAN_POINT('',(-1.,7.35,-2.675));
#1268 = ORIENTED_EDGE('',*,*,#1269,.T.);
#1269 = EDGE_CURVE('',#1261,#1270,#1272,.T.);
#1270 = VERTEX_POINT('',#1271);
#1271 = CARTESIAN_POINT('',(3.5,7.35,-1.775));
#1272 = B_SPLINE_CURVE_WITH_KNOTS('',1,(#1273,#1274),.UNSPECIFIED.,.F.,
  .F.,(2,2),(0.,0.9),.PIECEWISE_BEZIER_KNOTS.);
#1273 = CARTESIAN_POINT('',(3.5,7.35,-2.675));
#1274 = CARTESIAN_POINT('',(3.5,7.35,-1.775));
#1275 = ORIENTED_EDGE('',*,*,#1276,.T.);
#1276 = EDGE_CURVE('',#1270,#1277,#1279,.T.);
#1277 = VERTEX_POINT('',#1278);
#1278 = CARTESIAN_POINT('',(-1.,7.35,-1.775));
#1279 = B_SPLINE_CURVE_WITH_KNOTS('',1,(#1280,#1281),.UNSPECIFIED.,.F.,
  .F.,(2,2),(0.,4.5),.PIECEWISE_BEZIER_KNOTS.);
#1280 = CARTESIAN_POINT('',(3.5,7.35,-1.775));
#1281 = CARTESIAN_POINT('',(-1.,7.35,-1.775));
#1282 = ORIENTED_EDGE('',*,*,#1283,.F.);
#1283 = EDGE_CURVE('',#1263,#1277,#1284,.T.);
#1284 = B_SPLINE_CURVE_WITH_KNOTS('',1,(#1285,#1286),.UNSPECIFIED.,.F.,
  .F.,(2,2),(0.,0.9),.PIECEWISE_BEZIER_KNOTS.);
#1285 = CARTESIAN_POINT('',(-1.,7.35,-2.675));
#1286 = CARTESIAN_POINT('',(-1.,7.35,-1.775));
#1287 = B_SPLINE_SURFACE_WITH_KNOTS('',1,1,(
    (#1288,#1289)
    ,(#1290,#1291
    )),.UNSPECIFIED.,.F.,.F.,.F.,(2,2),(2,2),(0.,4.5),(-0.9,0.),
  .PIECEWISE_BEZIER_KNOTS.);
#1288 = CARTESIAN_POINT('',(3.5,7.35,-1.775));
#1289 = CARTESIAN_POINT('',(3.5,7.35,-2.675));
#1290 = CARTESIAN_POINT('',(-1.,7.35,-1.775));
#1291 = CARTESIAN_POINT('',(-1.,7.35,-2.675));
#1292 = ADVANCED_FACE('',(#1293),#1307,.F.);
#1293 = FACE_BOUND('',#1294,.F.);
#1294 = EDGE_LOOP('',(#1295,#1300,#1301,#1306));
#1295 = ORIENTED_EDGE('',*,*,#1296,.F.);
#1296 = EDGE_CURVE('',#1225,#1261,#1297,.T.);
#1297 = B_SPLINE_CURVE_WITH_KNOTS('',1,(#1298,#1299),.UNSPECIFIED.,.F.,
  .F.,(2,2),(0.,0.3),.PIECEWISE_BEZIER_KNOTS.);
#1298 = CARTESIAN_POINT('',(3.5,7.65,-2.675));
#1299 = CARTESIAN_POINT('',(3.5,7.35,-2.675));
#1300 = ORIENTED_EDGE('',*,*,#1224,.T.);
#1301 = ORIENTED_EDGE('',*,*,#1302,.T.);
#1302 = EDGE_CURVE('',#1227,#1263,#1303,.T.);
#1303 = B_SPLINE_CURVE_WITH_KNOTS('',1,(#1304,#1305),.UNSPECIFIED.,.F.,
  .F.,(2,2),(0.,0.3),.PIECEWISE_BEZIER_KNOTS.);
#1304 = CARTESIAN_POINT('',(-1.,7.65,-2.675));
#1305 = CARTESIAN_POINT('',(-1.,7.35,-2.675));
#1306 = ORIENTED_EDGE('',*,*,#1260,.F.);
#1307 = B_SPLINE_SURFACE_WITH_KNOTS('',1,1,(
    (#1308,#1309)
    ,(#1310,#1311
    )),.UNSPECIFIED.,.F.,.F.,.F.,(2,2),(2,2),(0.,4.5),(0.,0.3),
  .PIECEWISE_BEZIER_KNOTS.);
#1308 = CARTESIAN_POINT('',(3.5,7.65,-2.675));
#1309 = CARTESIAN_POINT('',(3.5,7.35,-2.675));
#1310 = CARTESIAN_POINT('',(-1.,7.65,-2.675));
#1311 = CARTESIAN_POINT('',(-1.,7.35,-2.675));
#1312 = ADVANCED_FACE('',(#1313),#1327,.T.);
#1313 = FACE_BOUND('',#1314,.T.);
#1314 = EDGE_LOOP('',(#1315,#1320,#1321,#1326));
#1315 = ORIENTED_EDGE('',*,*,#1316,.F.);
#1316 = EDGE_CURVE('',#1234,#1270,#1317,.T.);
#1317 = B_SPLINE_CURVE_WITH_KNOTS('',1,(#1318,#1319),.UNSPECIFIED.,.F.,
  .F.,(2,2),(0.,0.3),.PIECEWISE_BEZIER_KNOTS.);
#1318 = CARTESIAN_POINT('',(3.5,7.65,-1.775));
#1319 = CARTESIAN_POINT('',(3.5,7.35,-1.775));
#1320 = ORIENTED_EDGE('',*,*,#1240,.T.);
#1321 = ORIENTED_EDGE('',*,*,#1322,.T.);
#1322 = EDGE_CURVE('',#1241,#1277,#1323,.T.);
#1323 = B_SPLINE_CURVE_WITH_KNOTS('',1,(#1324,#1325),.UNSPECIFIED.,.F.,
  .F.,(2,2),(0.,0.3),.PIECEWISE_BEZIER_KNOTS.);
#1324 = CARTESIAN_POINT('',(-1.,7.65,-1.775));
#1325 = CARTESIAN_POINT('',(-1.,7.35,-1.775));
#1326 = ORIENTED_EDGE('',*,*,#1276,.F.);
#1327 = B_SPLINE_SURFACE_WITH_KNOTS('',1,1,(
    (#1328,#1329)
    ,(#1330,#1331
    )),.UNSPECIFIED.,.F.,.F.,.F.,(2,2),(2,2),(0.,4.5),(0.,0.3),
  .PIECEWISE_BEZIER_KNOTS.);
#1328 = CARTESIAN_POINT('',(3.5,7.65,-1.775));
#1329 = CARTESIAN_POINT('',(3.5,7.35,-1.775));
#1330 = CARTESIAN_POINT('',(-1.,7.65,-1.775));
#1331 = CARTESIAN_POINT('',(-1.,7.35,-1.775));
#1332 = ADVANCED_FACE('',(#1333),#1339,.F.);
#1333 = FACE_BOUND('',#1334,.F.);
#1334 = EDGE_LOOP('',(#1335,#1336,#1337,#1338));
#1335 = ORIENTED_EDGE('',*,*,#1233,.F.);
#1336 = ORIENTED_EDGE('',*,*,#1296,.T.);
#1337 = ORIENTED_EDGE('',*,*,#1269,.T.);
#1338 = ORIENTED_EDGE('',*,*,#1316,.F.);
#1339 = B_SPLINE_SURFACE_WITH_KNOTS('',1,1,(
    (#1340,#1341)
    ,(#1342,#1343
    )),.UNSPECIFIED.,.F.,.F.,.F.,(2,2),(2,2),(0.,0.3),(0.,0.9),
  .PIECEWISE_BEZIER_KNOTS.);
#1340 = CARTESIAN_POINT('',(3.5,7.65,-2.675));
#1341 = CARTESIAN_POINT('',(3.5,7.65,-1.775));
#1342 = CARTESIAN_POINT('',(3.5,7.35,-2.675));
#1343 = CARTESIAN_POINT('',(3.5,7.35,-1.775));
#1344 = ADVANCED_FACE('',(#1345),#1351,.T.);
#1345 = FACE_BOUND('',#1346,.T.);
#1346 = EDGE_LOOP('',(#1347,#1348,#1349,#1350));
#1347 = ORIENTED_EDGE('',*,*,#1247,.F.);
#1348 = ORIENTED_EDGE('',*,*,#1302,.T.);
#1349 = ORIENTED_EDGE('',*,*,#1283,.T.);
#1350 = ORIENTED_EDGE('',*,*,#1322,.F.);
#1351 = B_SPLINE_SURFACE_WITH_KNOTS('',1,1,(
    (#1352,#1353)
    ,(#1354,#1355
    )),.UNSPECIFIED.,.F.,.F.,.F.,(2,2),(2,2),(0.,0.3),(0.,0.9),
  .PIECEWISE_BEZIER_KNOTS.);
#1352 = CARTESIAN_POINT('',(-1.,7.65,-2.675));
#1353 = CARTESIAN_POINT('',(-1.,7.65,-1.775));
#1354 = CARTESIAN_POINT('',(-1.,7.35,-2.675));
#1355 = CARTESIAN_POINT('',(-1.,7.35,-1.775));
#1356 = MANIFOLD_SOLID_BREP('',#1357);
#1357 = CLOSED_SHELL('',(#1358,#1394,#1430,#1450,#1470,#1482));
#1358 = ADVANCED_FACE('',(#1359),#1389,.F.);
#1359 = FACE_BOUND('',#1360,.F.);
#1360 = EDGE_LOOP('',(#1361,#1370,#1377,#1384));
#1361 = ORIENTED_EDGE('',*,*,#1362,.F.);
#1362 = EDGE_CURVE('',#1363,#1365,#1367,.T.);
#1363 = VERTEX_POINT('',#1364);
#1364 = CARTESIAN_POINT('',(-0.6,7.575,-2.675));
#1365 = VERTEX_POINT('',#1366);
#1366 = CARTESIAN_POINT('',(-0.9,7.575,-2.675));
#1367 = B_SPLINE_CURVE_WITH_KNOTS('',1,(#1368,#1369),.UNSPECIFIED.,.F.,
  .F.,(2,2),(0.,0.3),.PIECEWISE_BEZIER_KNOTS.);
#1368 = CARTESIAN_POINT('',(-0.6,7.575,-2.675));
#1369 = CARTESIAN_POINT('',(-0.9,7.575,-2.675));
#1370 = ORIENTED_EDGE('',*,*,#1371,.T.);
#1371 = EDGE_CURVE('',#1363,#1372,#1374,.T.);
#1372 = VERTEX_POINT('',#1373);
#1373 = CARTESIAN_POINT('',(-0.6,7.575,-1.775));
#1374 = B_SPLINE_CURVE_WITH_KNOTS('',1,(#1375,#1376),.UNSPECIFIED.,.F.,
  .F.,(2,2),(0.,0.9),.PIECEWISE_BEZIER_KNOTS.);
#1375 = CARTESIAN_POINT('',(-0.6,7.575,-2.675));
#1376 = CARTESIAN_POINT('',(-0.6,7.575,-1.775));
#1377 = ORIENTED_EDGE('',*,*,#1378,.T.);
#1378 = EDGE_CURVE('',#1372,#1379,#1381,.T.);
#1379 = VERTEX_POINT('',#1380);
#1380 = CARTESIAN_POINT('',(-0.9,7.575,-1.775));
#1381 = B_SPLINE_CURVE_WITH_KNOTS('',1,(#1382,#1383),.UNSPECIFIED.,.F.,
  .F.,(2,2),(0.,0.3),.PIECEWISE_BEZIER_KNOTS.);
#1382 = CARTESIAN_POINT('',(-0.6,7.575,-1.775));
#1383 = CARTESIAN_POINT('',(-0.9,7.575,-1.775));
#1384 = ORIENTED_EDGE('',*,*,#1385,.F.);
#1385 = EDGE_CURVE('',#1365,#1379,#1386,.T.);
#1386 = B_SPLINE_CURVE_WITH_KNOTS('',1,(#1387,#1388),.UNSPECIFIED.,.F.,
  .F.,(2,2),(0.,0.9),.PIECEWISE_BEZIER_KNOTS.);
#1387 = CARTESIAN_POINT('',(-0.9,7.575,-2.675));
#1388 = CARTESIAN_POINT('',(-0.9,7.575,-1.775));
#1389 = B_SPLINE_SURFACE_WITH_KNOTS('',1,1,(
    (#1390,#1391)
    ,(#1392,#1393
    )),.UNSPECIFIED.,.F.,.F.,.F.,(2,2),(2,2),(0.,0.3),(-0.9,0.),
  .PIECEWISE_BEZIER_KNOTS.);
#1390 = CARTESIAN_POINT('',(-0.6,7.575,-1.775));
#1391 = CARTESIAN_POINT('',(-0.6,7.575,-2.675));
#1392 = CARTESIAN_POINT('',(-0.9,7.575,-1.775));
#1393 = CARTESIAN_POINT('',(-0.9,7.575,-2.675));
#1394 = ADVANCED_FACE('',(#1395),#1425,.T.);
#1395 = FACE_BOUND('',#1396,.T.);
#1396 = EDGE_LOOP('',(#1397,#1406,#1413,#1420));
#1397 = ORIENTED_EDGE('',*,*,#1398,.F.);
#1398 = EDGE_CURVE('',#1399,#1401,#1403,.T.);
#1399 = VERTEX_POINT('',#1400);
#1400 = CARTESIAN_POINT('',(-0.6,5.925,-2.675));
#1401 = VERTEX_POINT('',#1402);
#1402 = CARTESIAN_POINT('',(-0.9,5.925,-2.675));
#1403 = B_SPLINE_CURVE_WITH_KNOTS('',1,(#1404,#1405),.UNSPECIFIED.,.F.,
  .F.,(2,2),(0.,0.3),.PIECEWISE_BEZIER_KNOTS.);
#1404 = CARTESIAN_POINT('',(-0.6,5.925,-2.675));
#1405 = CARTESIAN_POINT('',(-0.9,5.925,-2.675));
#1406 = ORIENTED_EDGE('',*,*,#1407,.T.);
#1407 = EDGE_CURVE('',#1399,#1408,#1410,.T.);
#1408 = VERTEX_POINT('',#1409);
#1409 = CARTESIAN_POINT('',(-0.6,5.925,-1.775));
#1410 = B_SPLINE_CURVE_WITH_KNOTS('',1,(#1411,#1412),.UNSPECIFIED.,.F.,
  .F.,(2,2),(0.,0.9),.PIECEWISE_BEZIER_KNOTS.);
#1411 = CARTESIAN_POINT('',(-0.6,5.925,-2.675));
#1412 = CARTESIAN_POINT('',(-0.6,5.925,-1.775));
#1413 = ORIENTED_EDGE('',*,*,#1414,.T.);
#1414 = EDGE_CURVE('',#1408,#1415,#1417,.T.);
#1415 = VERTEX_POINT('',#1416);
#1416 = CARTESIAN_POINT('',(-0.9,5.925,-1.775));
#1417 = B_SPLINE_CURVE_WITH_KNOTS('',1,(#1418,#1419),.UNSPECIFIED.,.F.,
  .F.,(2,2),(0.,0.3),.PIECEWISE_BEZIER_KNOTS.);
#1418 = CARTESIAN_POINT('',(-0.6,5.925,-1.775));
#1419 = CARTESIAN_POINT('',(-0.9,5.925,-1.775));
#1420 = ORIENTED_EDGE('',*,*,#1421,.F.);
#1421 = EDGE_CURVE('',#1401,#1415,#1422,.T.);
#1422 = B_SPLINE_CURVE_WITH_KNOTS('',1,(#1423,#1424),.UNSPECIFIED.,.F.,
  .F.,(2,2),(0.,0.9),.PIECEWISE_BEZIER_KNOTS.);
#1423 = CARTESIAN_POINT('',(-0.9,5.925,-2.675));
#1424 = CARTESIAN_POINT('',(-0.9,5.925,-1.775));
#1425 = B_SPLINE_SURFACE_WITH_KNOTS('',1,1,(
    (#1426,#1427)
    ,(#1428,#1429
    )),.UNSPECIFIED.,.F.,.F.,.F.,(2,2),(2,2),(0.,0.3),(-0.9,0.),
  .PIECEWISE_BEZIER_KNOTS.);
#1426 = CARTESIAN_POINT('',(-0.6,5.925,-1.775));
#1427 = CARTESIAN_POINT('',(-0.6,5.925,-2.675));
#1428 = CARTESIAN_POINT('',(-0.9,5.925,-1.775));
#1429 = CARTESIAN_POINT('',(-0.9,5.925,-2.675));
#1430 = ADVANCED_FACE('',(#1431),#1445,.F.);
#1431 = FACE_BOUND('',#1432,.F.);
#1432 = EDGE_LOOP('',(#1433,#1438,#1439,#1444));
#1433 = ORIENTED_EDGE('',*,*,#1434,.F.);
#1434 = EDGE_CURVE('',#1363,#1399,#1435,.T.);
#1435 = B_SPLINE_CURVE_WITH_KNOTS('',1,(#1436,#1437),.UNSPECIFIED.,.F.,
  .F.,(2,2),(0.,1.65),.PIECEWISE_BEZIER_KNOTS.);
#1436 = CARTESIAN_POINT('',(-0.6,7.575,-2.675));
#1437 = CARTESIAN_POINT('',(-0.6,5.925,-2.675));
#1438 = ORIENTED_EDGE('',*,*,#1362,.T.);
#1439 = ORIENTED_EDGE('',*,*,#1440,.T.);
#1440 = EDGE_CURVE('',#1365,#1401,#1441,.T.);
#1441 = B_SPLINE_CURVE_WITH_KNOTS('',1,(#1442,#1443),.UNSPECIFIED.,.F.,
  .F.,(2,2),(0.,1.65),.PIECEWISE_BEZIER_KNOTS.);
#1442 = CARTESIAN_POINT('',(-0.9,7.575,-2.675));
#1443 = CARTESIAN_POINT('',(-0.9,5.925,-2.675));
#1444 = ORIENTED_EDGE('',*,*,#1398,.F.);
#1445 = B_SPLINE_SURFACE_WITH_KNOTS('',1,1,(
    (#1446,#1447)
    ,(#1448,#1449
    )),.UNSPECIFIED.,.F.,.F.,.F.,(2,2),(2,2),(0.,0.3),(0.,1.65),
  .PIECEWISE_BEZIER_KNOTS.);
#1446 = CARTESIAN_POINT('',(-0.6,7.575,-2.675));
#1447 = CARTESIAN_POINT('',(-0.6,5.925,-2.675));
#1448 = CARTESIAN_POINT('',(-0.9,7.575,-2.675));
#1449 = CARTESIAN_POINT('',(-0.9,5.925,-2.675));
#1450 = ADVANCED_FACE('',(#1451),#1465,.T.);
#1451 = FACE_BOUND('',#1452,.T.);
#1452 = EDGE_LOOP('',(#1453,#1458,#1459,#1464));
#1453 = ORIENTED_EDGE('',*,*,#1454,.F.);
#1454 = EDGE_CURVE('',#1372,#1408,#1455,.T.);
#1455 = B_SPLINE_CURVE_WITH_KNOTS('',1,(#1456,#1457),.UNSPECIFIED.,.F.,
  .F.,(2,2),(0.,1.65),.PIECEWISE_BEZIER_KNOTS.);
#1456 = CARTESIAN_POINT('',(-0.6,7.575,-1.775));
#1457 = CARTESIAN_POINT('',(-0.6,5.925,-1.775));
#1458 = ORIENTED_EDGE('',*,*,#1378,.T.);
#1459 = ORIENTED_EDGE('',*,*,#1460,.T.);
#1460 = EDGE_CURVE('',#1379,#1415,#1461,.T.);
#1461 = B_SPLINE_CURVE_WITH_KNOTS('',1,(#1462,#1463),.UNSPECIFIED.,.F.,
  .F.,(2,2),(0.,1.65),.PIECEWISE_BEZIER_KNOTS.);
#1462 = CARTESIAN_POINT('',(-0.9,7.575,-1.775));
#1463 = CARTESIAN_POINT('',(-0.9,5.925,-1.775));
#1464 = ORIENTED_EDGE('',*,*,#1414,.F.);
#1465 = B_SPLINE_SURFACE_WITH_KNOTS('',1,1,(
    (#1466,#1467)
    ,(#1468,#1469
    )),.UNSPECIFIED.,.F.,.F.,.F.,(2,2),(2,2),(0.,0.3),(0.,1.65),
  .PIECEWISE_BEZIER_KNOTS.);
#1466 = CARTESIAN_POINT('',(-0.6,7.575,-1.775));
#1467 = CARTESIAN_POINT('',(-0.6,5.925,-1.775));
#1468 = CARTESIAN_POINT('',(-0.9,7.575,-1.775));
#1469 = CARTESIAN_POINT('',(-0.9,5.925,-1.775));
#1470 = ADVANCED_FACE('',(#1471),#1477,.F.);
#1471 = FACE_BOUND('',#1472,.F.);
#1472 = EDGE_LOOP('',(#1473,#1474,#1475,#1476));
#1473 = ORIENTED_EDGE('',*,*,#1371,.F.);
#1474 = ORIENTED_EDGE('',*,*,#1434,.T.);
#1475 = ORIENTED_EDGE('',*,*,#1407,.T.);
#1476 = ORIENTED_EDGE('',*,*,#1454,.F.);
#1477 = B_SPLINE_SURFACE_WITH_KNOTS('',1,1,(
    (#1478,#1479)
    ,(#1480,#1481
    )),.UNSPECIFIED.,.F.,.F.,.F.,(2,2),(2,2),(0.,1.65),(0.,0.9),
  .PIECEWISE_BEZIER_KNOTS.);
#1478 = CARTESIAN_POINT('',(-0.6,7.575,-2.675));
#1479 = CARTESIAN_POINT('',(-0.6,7.575,-1.775));
#1480 = CARTESIAN_POINT('',(-0.6,5.925,-2.675));
#1481 = CARTESIAN_POINT('',(-0.6,5.925,-1.775));
#1482 = ADVANCED_FACE('',(#1483),#1489,.T.);
#1483 = FACE_BOUND('',#1484,.T.);
#1484 = EDGE_LOOP('',(#1485,#1486,#1487,#1488));
#1485 = ORIENTED_EDGE('',*,*,#1385,.F.);
#1486 = ORIENTED_EDGE('',*,*,#1440,.T.);
#1487 = ORIENTED_EDGE('',*,*,#1421,.T.);
#1488 = ORIENTED_EDGE('',*,*,#1460,.F.);
#1489 = B_SPLINE_SURFACE_WITH_KNOTS('',1,1,(
    (#1490,#1491)
    ,(#1492,#1493
    )),.UNSPECIFIED.,.F.,.F.,.F.,(2,2),(2,2),(0.,1.65),(0.,0.9),
  .PIECEWISE_BEZIER_KNOTS.);
#1490 = CARTESIAN_POINT('',(-0.9,7.575,-2.675));
#1491 = CARTESIAN_POINT('',(-0.9,7.575,-1.775));
#1492 = CARTESIAN_POINT('',(-0.9,5.925,-2.675));
#1493 = CARTESIAN_POINT('',(-0.9,5.925,-1.775));
#1494 = MANIFOLD_SOLID_BREP('',#1495);
#1495 = CLOSED_SHELL('',(#1496,#1532,#1568,#1588,#1608,#1620));
#1496 = ADVANCED_FACE('',(#1497),#1527,.F.);
#1497 = FACE_BOUND('',#1498,.F.);
#1498 = EDGE_LOOP('',(#1499,#1508,#1515,#1522));
#1499 = ORIENTED_EDGE('',*,*,#1500,.F.);
#1500 = EDGE_CURVE('',#1501,#1503,#1505,.T.);
#1501 = VERTEX_POINT('',#1502);
#1502 = CARTESIAN_POINT('',(3.5,-6.85,-7.675));
#1503 = VERTEX_POINT('',#1504);
#1504 = CARTESIAN_POINT('',(-1.,-6.85,-7.675));
#1505 = B_SPLINE_CURVE_WITH_KNOTS('',1,(#1506,#1507),.UNSPECIFIED.,.F.,
  .F.,(2,2),(0.,4.5),.PIECEWISE_BEZIER_KNOTS.);
#1506 = CARTESIAN_POINT('',(3.5,-6.85,-7.675));
#1507 = CARTESIAN_POINT('',(-1.,-6.85,-7.675));
#1508 = ORIENTED_EDGE('',*,*,#1509,.T.);
#1509 = EDGE_CURVE('',#1501,#1510,#1512,.T.);
#1510 = VERTEX_POINT('',#1511);
#1511 = CARTESIAN_POINT('',(3.5,-6.85,-6.775));
#1512 = B_SPLINE_CURVE_WITH_KNOTS('',1,(#1513,#1514),.UNSPECIFIED.,.F.,
  .F.,(2,2),(0.,0.9),.PIECEWISE_BEZIER_KNOTS.);
#1513 = CARTESIAN_POINT('',(3.5,-6.85,-7.675));
#1514 = CARTESIAN_POINT('',(3.5,-6.85,-6.775));
#1515 = ORIENTED_EDGE('',*,*,#1516,.T.);
#1516 = EDGE_CURVE('',#1510,#1517,#1519,.T.);
#1517 = VERTEX_POINT('',#1518);
#1518 = CARTESIAN_POINT('',(-1.,-6.85,-6.775));
#1519 = B_SPLINE_CURVE_WITH_KNOTS('',1,(#1520,#1521),.UNSPECIFIED.,.F.,
  .F.,(2,2),(0.,4.5),.PIECEWISE_BEZIER_KNOTS.);
#1520 = CARTESIAN_POINT('',(3.5,-6.85,-6.775));
#1521 = CARTESIAN_POINT('',(-1.,-6.85,-6.775));
#1522 = ORIENTED_EDGE('',*,*,#1523,.F.);
#1523 = EDGE_CURVE('',#1503,#1517,#1524,.T.);
#1524 = B_SPLINE_CURVE_WITH_KNOTS('',1,(#1525,#1526),.UNSPECIFIED.,.F.,
  .F.,(2,2),(0.,0.9),.PIECEWISE_BEZIER_KNOTS.);
#1525 = CARTESIAN_POINT('',(-1.,-6.85,-7.675));
#1526 = CARTESIAN_POINT('',(-1.,-6.85,-6.775));
#1527 = B_SPLINE_SURFACE_WITH_KNOTS('',1,1,(
    (#1528,#1529)
    ,(#1530,#1531
    )),.UNSPECIFIED.,.F.,.F.,.F.,(2,2),(2,2),(0.,4.5),(-0.9,0.),
  .PIECEWISE_BEZIER_KNOTS.);
#1528 = CARTESIAN_POINT('',(3.5,-6.85,-6.775));
#1529 = CARTESIAN_POINT('',(3.5,-6.85,-7.675));
#1530 = CARTESIAN_POINT('',(-1.,-6.85,-6.775));
#1531 = CARTESIAN_POINT('',(-1.,-6.85,-7.675));
#1532 = ADVANCED_FACE('',(#1533),#1563,.T.);
#1533 = FACE_BOUND('',#1534,.T.);
#1534 = EDGE_LOOP('',(#1535,#1544,#1551,#1558));
#1535 = ORIENTED_EDGE('',*,*,#1536,.F.);
#1536 = EDGE_CURVE('',#1537,#1539,#1541,.T.);
#1537 = VERTEX_POINT('',#1538);
#1538 = CARTESIAN_POINT('',(3.5,-7.15,-7.675));
#1539 = VERTEX_POINT('',#1540);
#1540 = CARTESIAN_POINT('',(-1.,-7.15,-7.675));
#1541 = B_SPLINE_CURVE_WITH_KNOTS('',1,(#1542,#1543),.UNSPECIFIED.,.F.,
  .F.,(2,2),(0.,4.5),.PIECEWISE_BEZIER_KNOTS.);
#1542 = CARTESIAN_POINT('',(3.5,-7.15,-7.675));
#1543 = CARTESIAN_POINT('',(-1.,-7.15,-7.675));
#1544 = ORIENTED_EDGE('',*,*,#1545,.T.);
#1545 = EDGE_CURVE('',#1537,#1546,#1548,.T.);
#1546 = VERTEX_POINT('',#1547);
#1547 = CARTESIAN_POINT('',(3.5,-7.15,-6.775));
#1548 = B_SPLINE_CURVE_WITH_KNOTS('',1,(#1549,#1550),.UNSPECIFIED.,.F.,
  .F.,(2,2),(0.,0.9),.PIECEWISE_BEZIER_KNOTS.);
#1549 = CARTESIAN_POINT('',(3.5,-7.15,-7.675));
#1550 = CARTESIAN_POINT('',(3.5,-7.15,-6.775));
#1551 = ORIENTED_EDGE('',*,*,#1552,.T.);
#1552 = EDGE_CURVE('',#1546,#1553,#1555,.T.);
#1553 = VERTEX_POINT('',#1554);
#1554 = CARTESIAN_POINT('',(-1.,-7.15,-6.775));
#1555 = B_SPLINE_CURVE_WITH_KNOTS('',1,(#1556,#1557),.UNSPECIFIED.,.F.,
  .F.,(2,2),(0.,4.5),.PIECEWISE_BEZIER_KNOTS.);
#1556 = CARTESIAN_POINT('',(3.5,-7.15,-6.775));
#1557 = CARTESIAN_POINT('',(-1.,-7.15,-6.775));
#1558 = ORIENTED_EDGE('',*,*,#1559,.F.);
#1559 = EDGE_CURVE('',#1539,#1553,#1560,.T.);
#1560 = B_SPLINE_CURVE_WITH_KNOTS('',1,(#1561,#1562),.UNSPECIFIED.,.F.,
  .F.,(2,2),(0.,0.9),.PIECEWISE_BEZIER_KNOTS.);
#1561 = CARTESIAN_POINT('',(-1.,-7.15,-7.675));
#1562 = CARTESIAN_POINT('',(-1.,-7.15,-6.775));
#1563 = B_SPLINE_SURFACE_WITH_KNOTS('',1,1,(
    (#1564,#1565)
    ,(#1566,#1567
    )),.UNSPECIFIED.,.F.,.F.,.F.,(2,2),(2,2),(0.,4.5),(-0.9,0.),
  .PIECEWISE_BEZIER_KNOTS.);
#1564 = CARTESIAN_POINT('',(3.5,-7.15,-6.775));
#1565 = CARTESIAN_POINT('',(3.5,-7.15,-7.675));
#1566 = CARTESIAN_POINT('',(-1.,-7.15,-6.775));
#1567 = CARTESIAN_POINT('',(-1.,-7.15,-7.675));
#1568 = ADVANCED_FACE('',(#1569),#1583,.F.);
#1569 = FACE_BOUND('',#1570,.F.);
#1570 = EDGE_LOOP('',(#1571,#1576,#1577,#1582));
#1571 = ORIENTED_EDGE('',*,*,#1572,.F.);
#1572 = EDGE_CURVE('',#1501,#1537,#1573,.T.);
#1573 = B_SPLINE_CURVE_WITH_KNOTS('',1,(#1574,#1575),.UNSPECIFIED.,.F.,
  .F.,(2,2),(0.,0.3),.PIECEWISE_BEZIER_KNOTS.);
#1574 = CARTESIAN_POINT('',(3.5,-6.85,-7.675));
#1575 = CARTESIAN_POINT('',(3.5,-7.15,-7.675));
#1576 = ORIENTED_EDGE('',*,*,#1500,.T.);
#1577 = ORIENTED_EDGE('',*,*,#1578,.T.);
#1578 = EDGE_CURVE('',#1503,#1539,#1579,.T.);
#1579 = B_SPLINE_CURVE_WITH_KNOTS('',1,(#1580,#1581),.UNSPECIFIED.,.F.,
  .F.,(2,2),(0.,0.3),.PIECEWISE_BEZIER_KNOTS.);
#1580 = CARTESIAN_POINT('',(-1.,-6.85,-7.675));
#1581 = CARTESIAN_POINT('',(-1.,-7.15,-7.675));
#1582 = ORIENTED_EDGE('',*,*,#1536,.F.);
#1583 = B_SPLINE_SURFACE_WITH_KNOTS('',1,1,(
    (#1584,#1585)
    ,(#1586,#1587
    )),.UNSPECIFIED.,.F.,.F.,.F.,(2,2),(2,2),(0.,4.5),(0.,0.3),
  .PIECEWISE_BEZIER_KNOTS.);
#1584 = CARTESIAN_POINT('',(3.5,-6.85,-7.675));
#1585 = CARTESIAN_POINT('',(3.5,-7.15,-7.675));
#1586 = CARTESIAN_POINT('',(-1.,-6.85,-7.675));
#1587 = CARTESIAN_POINT('',(-1.,-7.15,-7.675));
#1588 = ADVANCED_FACE('',(#1589),#1603,.T.);
#1589 = FACE_BOUND('',#1590,.T.);
#1590 = EDGE_LOOP('',(#1591,#1596,#1597,#1602));
#1591 = ORIENTED_EDGE('',*,*,#1592,.F.);
#1592 = EDGE_CURVE('',#1510,#1546,#1593,.T.);
#1593 = B_SPLINE_CURVE_WITH_KNOTS('',1,(#1594,#1595),.UNSPECIFIED.,.F.,
  .F.,(2,2),(0.,0.3),.PIECEWISE_BEZIER_KNOTS.);
#1594 = CARTESIAN_POINT('',(3.5,-6.85,-6.775));
#1595 = CARTESIAN_POINT('',(3.5,-7.15,-6.775));
#1596 = ORIENTED_EDGE('',*,*,#1516,.T.);
#1597 = ORIENTED_EDGE('',*,*,#1598,.T.);
#1598 = EDGE_CURVE('',#1517,#1553,#1599,.T.);
#1599 = B_SPLINE_CURVE_WITH_KNOTS('',1,(#1600,#1601),.UNSPECIFIED.,.F.,
  .F.,(2,2),(0.,0.3),.PIECEWISE_BEZIER_KNOTS.);
#1600 = CARTESIAN_POINT('',(-1.,-6.85,-6.775));
#1601 = CARTESIAN_POINT('',(-1.,-7.15,-6.775));
#1602 = ORIENTED_EDGE('',*,*,#1552,.F.);
#1603 = B_SPLINE_SURFACE_WITH_KNOTS('',1,1,(
    (#1604,#1605)
    ,(#1606,#1607
    )),.UNSPECIFIED.,.F.,.F.,.F.,(2,2),(2,2),(0.,4.5),(0.,0.3),
  .PIECEWISE_BEZIER_KNOTS.);
#1604 = CARTESIAN_POINT('',(3.5,-6.85,-6.775));
#1605 = CARTESIAN_POINT('',(3.5,-7.15,-6.775));
#1606 = CARTESIAN_POINT('',(-1.,-6.85,-6.775));
#1607 = CARTESIAN_POINT('',(-1.,-7.15,-6.775));
#1608 = ADVANCED_FACE('',(#1609),#1615,.F.);
#1609 = FACE_BOUND('',#1610,.F.);
#1610 = EDGE_LOOP('',(#1611,#1612,#1613,#1614));
#1611 = ORIENTED_EDGE('',*,*,#1509,.F.);
#1612 = ORIENTED_EDGE('',*,*,#1572,.T.);
#1613 = ORIENTED_EDGE('',*,*,#1545,.T.);
#1614 = ORIENTED_EDGE('',*,*,#1592,.F.);
#1615 = B_SPLINE_SURFACE_WITH_KNOTS('',1,1,(
    (#1616,#1617)
    ,(#1618,#1619
    )),.UNSPECIFIED.,.F.,.F.,.F.,(2,2),(2,2),(0.,0.3),(0.,0.9),
  .PIECEWISE_BEZIER_KNOTS.);
#1616 = CARTESIAN_POINT('',(3.5,-6.85,-7.675));
#1617 = CARTESIAN_POINT('',(3.5,-6.85,-6.775));
#1618 = CARTESIAN_POINT('',(3.5,-7.15,-7.675));
#1619 = CARTESIAN_POINT('',(3.5,-7.15,-6.775));
#1620 = ADVANCED_FACE('',(#1621),#1627,.T.);
#1621 = FACE_BOUND('',#1622,.T.);
#1622 = EDGE_LOOP('',(#1623,#1624,#1625,#1626));
#1623 = ORIENTED_EDGE('',*,*,#1523,.F.);
#1624 = ORIENTED_EDGE('',*,*,#1578,.T.);
#1625 = ORIENTED_EDGE('',*,*,#1559,.T.);
#1626 = ORIENTED_EDGE('',*,*,#1598,.F.);
#1627 = B_SPLINE_SURFACE_WITH_KNOTS('',1,1,(
    (#1628,#1629)
    ,(#1630,#1631
    )),.UNSPECIFIED.,.F.,.F.,.F.,(2,2),(2,2),(0.,0.3),(0.,0.9),
  .PIECEWISE_BEZIER_KNOTS.);
#1628 = CARTESIAN_POINT('',(-1.,-6.85,-7.675));
#1629 = CARTESIAN_POINT('',(-1.,-6.85,-6.775));
#1630 = CARTESIAN_POINT('',(-1.,-7.15,-7.675));
#1631 = CARTESIAN_POINT('',(-1.,-7.15,-6.775));
#1632 = MANIFOLD_SOLID_BREP('',#1633);
#1633 = CLOSED_SHELL('',(#1634,#1670,#1706,#1726,#1746,#1758));
#1634 = ADVANCED_FACE('',(#1635),#1665,.F.);
#1635 = FACE_BOUND('',#1636,.F.);
#1636 = EDGE_LOOP('',(#1637,#1646,#1653,#1660));
#1637 = ORIENTED_EDGE('',*,*,#1638,.F.);
#1638 = EDGE_CURVE('',#1639,#1641,#1643,.T.);
#1639 = VERTEX_POINT('',#1640);
#1640 = CARTESIAN_POINT('',(-0.6,-5.925,-7.675));
#1641 = VERTEX_POINT('',#1642);
#1642 = CARTESIAN_POINT('',(-0.9,-5.925,-7.675));
#1643 = B_SPLINE_CURVE_WITH_KNOTS('',1,(#1644,#1645),.UNSPECIFIED.,.F.,
  .F.,(2,2),(0.,0.3),.PIECEWISE_BEZIER_KNOTS.);
#1644 = CARTESIAN_POINT('',(-0.6,-5.925,-7.675));
#1645 = CARTESIAN_POINT('',(-0.9,-5.925,-7.675));
#1646 = ORIENTED_EDGE('',*,*,#1647,.T.);
#1647 = EDGE_CURVE('',#1639,#1648,#1650,.T.);
#1648 = VERTEX_POINT('',#1649);
#1649 = CARTESIAN_POINT('',(-0.6,-5.925,-6.775));
#1650 = B_SPLINE_CURVE_WITH_KNOTS('',1,(#1651,#1652),.UNSPECIFIED.,.F.,
  .F.,(2,2),(0.,0.9),.PIECEWISE_BEZIER_KNOTS.);
#1651 = CARTESIAN_POINT('',(-0.6,-5.925,-7.675));
#1652 = CARTESIAN_POINT('',(-0.6,-5.925,-6.775));
#1653 = ORIENTED_EDGE('',*,*,#1654,.T.);
#1654 = EDGE_CURVE('',#1648,#1655,#1657,.T.);
#1655 = VERTEX_POINT('',#1656);
#1656 = CARTESIAN_POINT('',(-0.9,-5.925,-6.775));
#1657 = B_SPLINE_CURVE_WITH_KNOTS('',1,(#1658,#1659),.UNSPECIFIED.,.F.,
  .F.,(2,2),(0.,0.3),.PIECEWISE_BEZIER_KNOTS.);
#1658 = CARTESIAN_POINT('',(-0.6,-5.925,-6.775));
#1659 = CARTESIAN_POINT('',(-0.9,-5.925,-6.775));
#1660 = ORIENTED_EDGE('',*,*,#1661,.F.);
#1661 = EDGE_CURVE('',#1641,#1655,#1662,.T.);
#1662 = B_SPLINE_CURVE_WITH_KNOTS('',1,(#1663,#1664),.UNSPECIFIED.,.F.,
  .F.,(2,2),(0.,0.9),.PIECEWISE_BEZIER_KNOTS.);
#1663 = CARTESIAN_POINT('',(-0.9,-5.925,-7.675));
#1664 = CARTESIAN_POINT('',(-0.9,-5.925,-6.775));
#1665 = B_SPLINE_SURFACE_WITH_KNOTS('',1,1,(
    (#1666,#1667)
    ,(#1668,#1669
    )),.UNSPECIFIED.,.F.,.F.,.F.,(2,2),(2,2),(0.,0.3),(-0.9,0.),
  .PIECEWISE_BEZIER_KNOTS.);
#1666 = CARTESIAN_POINT('',(-0.6,-5.925,-6.775));
#1667 = CARTESIAN_POINT('',(-0.6,-5.925,-7.675));
#1668 = CARTESIAN_POINT('',(-0.9,-5.925,-6.775));
#1669 = CARTESIAN_POINT('',(-0.9,-5.925,-7.675));
#1670 = ADVANCED_FACE('',(#1671),#1701,.T.);
#1671 = FACE_BOUND('',#1672,.T.);
#1672 = EDGE_LOOP('',(#1673,#1682,#1689,#1696));
#1673 = ORIENTED_EDGE('',*,*,#1674,.F.);
#1674 = EDGE_CURVE('',#1675,#1677,#1679,.T.);
#1675 = VERTEX_POINT('',#1676);
#1676 = CARTESIAN_POINT('',(-0.6,-7.075,-7.675));
#1677 = VERTEX_POINT('',#1678);
#1678 = CARTESIAN_POINT('',(-0.9,-7.075,-7.675));
#1679 = B_SPLINE_CURVE_WITH_KNOTS('',1,(#1680,#1681),.UNSPECIFIED.,.F.,
  .F.,(2,2),(0.,0.3),.PIECEWISE_BEZIER_KNOTS.);
#1680 = CARTESIAN_POINT('',(-0.6,-7.075,-7.675));
#1681 = CARTESIAN_POINT('',(-0.9,-7.075,-7.675));
#1682 = ORIENTED_EDGE('',*,*,#1683,.T.);
#1683 = EDGE_CURVE('',#1675,#1684,#1686,.T.);
#1684 = VERTEX_POINT('',#1685);
#1685 = CARTESIAN_POINT('',(-0.6,-7.075,-6.775));
#1686 = B_SPLINE_CURVE_WITH_KNOTS('',1,(#1687,#1688),.UNSPECIFIED.,.F.,
  .F.,(2,2),(0.,0.9),.PIECEWISE_BEZIER_KNOTS.);
#1687 = CARTESIAN_POINT('',(-0.6,-7.075,-7.675));
#1688 = CARTESIAN_POINT('',(-0.6,-7.075,-6.775));
#1689 = ORIENTED_EDGE('',*,*,#1690,.T.);
#1690 = EDGE_CURVE('',#1684,#1691,#1693,.T.);
#1691 = VERTEX_POINT('',#1692);
#1692 = CARTESIAN_POINT('',(-0.9,-7.075,-6.775));
#1693 = B_SPLINE_CURVE_WITH_KNOTS('',1,(#1694,#1695),.UNSPECIFIED.,.F.,
  .F.,(2,2),(0.,0.3),.PIECEWISE_BEZIER_KNOTS.);
#1694 = CARTESIAN_POINT('',(-0.6,-7.075,-6.775));
#1695 = CARTESIAN_POINT('',(-0.9,-7.075,-6.775));
#1696 = ORIENTED_EDGE('',*,*,#1697,.F.);
#1697 = EDGE_CURVE('',#1677,#1691,#1698,.T.);
#1698 = B_SPLINE_CURVE_WITH_KNOTS('',1,(#1699,#1700),.UNSPECIFIED.,.F.,
  .F.,(2,2),(0.,0.9),.PIECEWISE_BEZIER_KNOTS.);
#1699 = CARTESIAN_POINT('',(-0.9,-7.075,-7.675));
#1700 = CARTESIAN_POINT('',(-0.9,-7.075,-6.775));
#1701 = B_SPLINE_SURFACE_WITH_KNOTS('',1,1,(
    (#1702,#1703)
    ,(#1704,#1705
    )),.UNSPECIFIED.,.F.,.F.,.F.,(2,2),(2,2),(0.,0.3),(-0.9,0.),
  .PIECEWISE_BEZIER_KNOTS.);
#1702 = CARTESIAN_POINT('',(-0.6,-7.075,-6.775));
#1703 = CARTESIAN_POINT('',(-0.6,-7.075,-7.675));
#1704 = CARTESIAN_POINT('',(-0.9,-7.075,-6.775));
#1705 = CARTESIAN_POINT('',(-0.9,-7.075,-7.675));
#1706 = ADVANCED_FACE('',(#1707),#1721,.F.);
#1707 = FACE_BOUND('',#1708,.F.);
#1708 = EDGE_LOOP('',(#1709,#1714,#1715,#1720));
#1709 = ORIENTED_EDGE('',*,*,#1710,.F.);
#1710 = EDGE_CURVE('',#1639,#1675,#1711,.T.);
#1711 = B_SPLINE_CURVE_WITH_KNOTS('',1,(#1712,#1713),.UNSPECIFIED.,.F.,
  .F.,(2,2),(0.,1.15),.PIECEWISE_BEZIER_KNOTS.);
#1712 = CARTESIAN_POINT('',(-0.6,-5.925,-7.675));
#1713 = CARTESIAN_POINT('',(-0.6,-7.075,-7.675));
#1714 = ORIENTED_EDGE('',*,*,#1638,.T.);
#1715 = ORIENTED_EDGE('',*,*,#1716,.T.);
#1716 = EDGE_CURVE('',#1641,#1677,#1717,.T.);
#1717 = B_SPLINE_CURVE_WITH_KNOTS('',1,(#1718,#1719),.UNSPECIFIED.,.F.,
  .F.,(2,2),(0.,1.15),.PIECEWISE_BEZIER_KNOTS.);
#1718 = CARTESIAN_POINT('',(-0.9,-5.925,-7.675));
#1719 = CARTESIAN_POINT('',(-0.9,-7.075,-7.675));
#1720 = ORIENTED_EDGE('',*,*,#1674,.F.);
#1721 = B_SPLINE_SURFACE_WITH_KNOTS('',1,1,(
    (#1722,#1723)
    ,(#1724,#1725
    )),.UNSPECIFIED.,.F.,.F.,.F.,(2,2),(2,2),(0.,0.3),(0.,1.15),
  .PIECEWISE_BEZIER_KNOTS.);
#1722 = CARTESIAN_POINT('',(-0.6,-5.925,-7.675));
#1723 = CARTESIAN_POINT('',(-0.6,-7.075,-7.675));
#1724 = CARTESIAN_POINT('',(-0.9,-5.925,-7.675));
#1725 = CARTESIAN_POINT('',(-0.9,-7.075,-7.675));
#1726 = ADVANCED_FACE('',(#1727),#1741,.T.);
#1727 = FACE_BOUND('',#1728,.T.);
#1728 = EDGE_LOOP('',(#1729,#1734,#1735,#1740));
#1729 = ORIENTED_EDGE('',*,*,#1730,.F.);
#1730 = EDGE_CURVE('',#1648,#1684,#1731,.T.);
#1731 = B_SPLINE_CURVE_WITH_KNOTS('',1,(#1732,#1733),.UNSPECIFIED.,.F.,
  .F.,(2,2),(0.,1.15),.PIECEWISE_BEZIER_KNOTS.);
#1732 = CARTESIAN_POINT('',(-0.6,-5.925,-6.775));
#1733 = CARTESIAN_POINT('',(-0.6,-7.075,-6.775));
#1734 = ORIENTED_EDGE('',*,*,#1654,.T.);
#1735 = ORIENTED_EDGE('',*,*,#1736,.T.);
#1736 = EDGE_CURVE('',#1655,#1691,#1737,.T.);
#1737 = B_SPLINE_CURVE_WITH_KNOTS('',1,(#1738,#1739),.UNSPECIFIED.,.F.,
  .F.,(2,2),(0.,1.15),.PIECEWISE_BEZIER_KNOTS.);
#1738 = CARTESIAN_POINT('',(-0.9,-5.925,-6.775));
#1739 = CARTESIAN_POINT('',(-0.9,-7.075,-6.775));
#1740 = ORIENTED_EDGE('',*,*,#1690,.F.);
#1741 = B_SPLINE_SURFACE_WITH_KNOTS('',1,1,(
    (#1742,#1743)
    ,(#1744,#1745
    )),.UNSPECIFIED.,.F.,.F.,.F.,(2,2),(2,2),(0.,0.3),(0.,1.15),
  .PIECEWISE_BEZIER_KNOTS.);
#1742 = CARTESIAN_POINT('',(-0.6,-5.925,-6.775));
#1743 = CARTESIAN_POINT('',(-0.6,-7.075,-6.775));
#1744 = CARTESIAN_POINT('',(-0.9,-5.925,-6.775));
#1745 = CARTESIAN_POINT('',(-0.9,-7.075,-6.775));
#1746 = ADVANCED_FACE('',(#1747),#1753,.F.);
#1747 = FACE_BOUND('',#1748,.F.);
#1748 = EDGE_LOOP('',(#1749,#1750,#1751,#1752));
#1749 = ORIENTED_EDGE('',*,*,#1647,.F.);
#1750 = ORIENTED_EDGE('',*,*,#1710,.T.);
#1751 = ORIENTED_EDGE('',*,*,#1683,.T.);
#1752 = ORIENTED_EDGE('',*,*,#1730,.F.);
#1753 = B_SPLINE_SURFACE_WITH_KNOTS('',1,1,(
    (#1754,#1755)
    ,(#1756,#1757
    )),.UNSPECIFIED.,.F.,.F.,.F.,(2,2),(2,2),(0.,1.15),(0.,0.9),
  .PIECEWISE_BEZIER_KNOTS.);
#1754 = CARTESIAN_POINT('',(-0.6,-5.925,-7.675));
#1755 = CARTESIAN_POINT('',(-0.6,-5.925,-6.775));
#1756 = CARTESIAN_POINT('',(-0.6,-7.075,-7.675));
#1757 = CARTESIAN_POINT('',(-0.6,-7.075,-6.775));
#1758 = ADVANCED_FACE('',(#1759),#1765,.T.);
#1759 = FACE_BOUND('',#1760,.T.);
#1760 = EDGE_LOOP('',(#1761,#1762,#1763,#1764));
#1761 = ORIENTED_EDGE('',*,*,#1661,.F.);
#1762 = ORIENTED_EDGE('',*,*,#1716,.T.);
#1763 = ORIENTED_EDGE('',*,*,#1697,.T.);
#1764 = ORIENTED_EDGE('',*,*,#1736,.F.);
#1765 = B_SPLINE_SURFACE_WITH_KNOTS('',1,1,(
    (#1766,#1767)
    ,(#1768,#1769
    )),.UNSPECIFIED.,.F.,.F.,.F.,(2,2),(2,2),(0.,1.15),(0.,0.9),
  .PIECEWISE_BEZIER_KNOTS.);
#1766 = CARTESIAN_POINT('',(-0.9,-5.925,-7.675));
#1767 = CARTESIAN_POINT('',(-0.9,-5.925,-6.775));
#1768 = CARTESIAN_POINT('',(-0.9,-7.075,-7.675));
#1769 = CARTESIAN_POINT('',(-0.9,-7.075,-6.775));
#1770 = MANIFOLD_SOLID_BREP('',#1771);
#1771 = CLOSED_SHELL('',(#1772,#1808,#1844,#1864,#1884,#1896));
#1772 = ADVANCED_FACE('',(#1773),#1803,.F.);
#1773 = FACE_BOUND('',#1774,.F.);
#1774 = EDGE_LOOP('',(#1775,#1784,#1791,#1798));
#1775 = ORIENTED_EDGE('',*,*,#1776,.F.);
#1776 = EDGE_CURVE('',#1777,#1779,#1781,.T.);
#1777 = VERTEX_POINT('',#1778);
#1778 = CARTESIAN_POINT('',(3.5,-6.85,-2.675));
#1779 = VERTEX_POINT('',#1780);
#1780 = CARTESIAN_POINT('',(-1.,-6.85,-2.675));
#1781 = B_SPLINE_CURVE_WITH_KNOTS('',1,(#1782,#1783),.UNSPECIFIED.,.F.,
  .F.,(2,2),(0.,4.5),.PIECEWISE_BEZIER_KNOTS.);
#1782 = CARTESIAN_POINT('',(3.5,-6.85,-2.675));
#1783 = CARTESIAN_POINT('',(-1.,-6.85,-2.675));
#1784 = ORIENTED_EDGE('',*,*,#1785,.T.);
#1785 = EDGE_CURVE('',#1777,#1786,#1788,.T.);
#1786 = VERTEX_POINT('',#1787);
#1787 = CARTESIAN_POINT('',(3.5,-6.85,-1.775));
#1788 = B_SPLINE_CURVE_WITH_KNOTS('',1,(#1789,#1790),.UNSPECIFIED.,.F.,
  .F.,(2,2),(0.,0.9),.PIECEWISE_BEZIER_KNOTS.);
#1789 = CARTESIAN_POINT('',(3.5,-6.85,-2.675));
#1790 = CARTESIAN_POINT('',(3.5,-6.85,-1.775));
#1791 = ORIENTED_EDGE('',*,*,#1792,.T.);
#1792 = EDGE_CURVE('',#1786,#1793,#1795,.T.);
#1793 = VERTEX_POINT('',#1794);
#1794 = CARTESIAN_POINT('',(-1.,-6.85,-1.775));
#1795 = B_SPLINE_CURVE_WITH_KNOTS('',1,(#1796,#1797),.UNSPECIFIED.,.F.,
  .F.,(2,2),(0.,4.5),.PIECEWISE_BEZIER_KNOTS.);
#1796 = CARTESIAN_POINT('',(3.5,-6.85,-1.775));
#1797 = CARTESIAN_POINT('',(-1.,-6.85,-1.775));
#1798 = ORIENTED_EDGE('',*,*,#1799,.F.);
#1799 = EDGE_CURVE('',#1779,#1793,#1800,.T.);
#1800 = B_SPLINE_CURVE_WITH_KNOTS('',1,(#1801,#1802),.UNSPECIFIED.,.F.,
  .F.,(2,2),(0.,0.9),.PIECEWISE_BEZIER_KNOTS.);
#1801 = CARTESIAN_POINT('',(-1.,-6.85,-2.675));
#1802 = CARTESIAN_POINT('',(-1.,-6.85,-1.775));
#1803 = B_SPLINE_SURFACE_WITH_KNOTS('',1,1,(
    (#1804,#1805)
    ,(#1806,#1807
    )),.UNSPECIFIED.,.F.,.F.,.F.,(2,2),(2,2),(0.,4.5),(-0.9,0.),
  .PIECEWISE_BEZIER_KNOTS.);
#1804 = CARTESIAN_POINT('',(3.5,-6.85,-1.775));
#1805 = CARTESIAN_POINT('',(3.5,-6.85,-2.675));
#1806 = CARTESIAN_POINT('',(-1.,-6.85,-1.775));
#1807 = CARTESIAN_POINT('',(-1.,-6.85,-2.675));
#1808 = ADVANCED_FACE('',(#1809),#1839,.T.);
#1809 = FACE_BOUND('',#1810,.T.);
#1810 = EDGE_LOOP('',(#1811,#1820,#1827,#1834));
#1811 = ORIENTED_EDGE('',*,*,#1812,.F.);
#1812 = EDGE_CURVE('',#1813,#1815,#1817,.T.);
#1813 = VERTEX_POINT('',#1814);
#1814 = CARTESIAN_POINT('',(3.5,-7.15,-2.675));
#1815 = VERTEX_POINT('',#1816);
#1816 = CARTESIAN_POINT('',(-1.,-7.15,-2.675));
#1817 = B_SPLINE_CURVE_WITH_KNOTS('',1,(#1818,#1819),.UNSPECIFIED.,.F.,
  .F.,(2,2),(0.,4.5),.PIECEWISE_BEZIER_KNOTS.);
#1818 = CARTESIAN_POINT('',(3.5,-7.15,-2.675));
#1819 = CARTESIAN_POINT('',(-1.,-7.15,-2.675));
#1820 = ORIENTED_EDGE('',*,*,#1821,.T.);
#1821 = EDGE_CURVE('',#1813,#1822,#1824,.T.);
#1822 = VERTEX_POINT('',#1823);
#1823 = CARTESIAN_POINT('',(3.5,-7.15,-1.775));
#1824 = B_SPLINE_CURVE_WITH_KNOTS('',1,(#1825,#1826),.UNSPECIFIED.,.F.,
  .F.,(2,2),(0.,0.9),.PIECEWISE_BEZIER_KNOTS.);
#1825 = CARTESIAN_POINT('',(3.5,-7.15,-2.675));
#1826 = CARTESIAN_POINT('',(3.5,-7.15,-1.775));
#1827 = ORIENTED_EDGE('',*,*,#1828,.T.);
#1828 = EDGE_CURVE('',#1822,#1829,#1831,.T.);
#1829 = VERTEX_POINT('',#1830);
#1830 = CARTESIAN_POINT('',(-1.,-7.15,-1.775));
#1831 = B_SPLINE_CURVE_WITH_KNOTS('',1,(#1832,#1833),.UNSPECIFIED.,.F.,
  .F.,(2,2),(0.,4.5),.PIECEWISE_BEZIER_KNOTS.);
#1832 = CARTESIAN_POINT('',(3.5,-7.15,-1.775));
#1833 = CARTESIAN_POINT('',(-1.,-7.15,-1.775));
#1834 = ORIENTED_EDGE('',*,*,#1835,.F.);
#1835 = EDGE_CURVE('',#1815,#1829,#1836,.T.);
#1836 = B_SPLINE_CURVE_WITH_KNOTS('',1,(#1837,#1838),.UNSPECIFIED.,.F.,
  .F.,(2,2),(0.,0.9),.PIECEWISE_BEZIER_KNOTS.);
#1837 = CARTESIAN_POINT('',(-1.,-7.15,-2.675));
#1838 = CARTESIAN_POINT('',(-1.,-7.15,-1.775));
#1839 = B_SPLINE_SURFACE_WITH_KNOTS('',1,1,(
    (#1840,#1841)
    ,(#1842,#1843
    )),.UNSPECIFIED.,.F.,.F.,.F.,(2,2),(2,2),(0.,4.5),(-0.9,0.),
  .PIECEWISE_BEZIER_KNOTS.);
#1840 = CARTESIAN_POINT('',(3.5,-7.15,-1.775));
#1841 = CARTESIAN_POINT('',(3.5,-7.15,-2.675));
#1842 = CARTESIAN_POINT('',(-1.,-7.15,-1.775));
#1843 = CARTESIAN_POINT('',(-1.,-7.15,-2.675));
#1844 = ADVANCED_FACE('',(#1845),#1859,.F.);
#1845 = FACE_BOUND('',#1846,.F.);
#1846 = EDGE_LOOP('',(#1847,#1852,#1853,#1858));
#1847 = ORIENTED_EDGE('',*,*,#1848,.F.);
#1848 = EDGE_CURVE('',#1777,#1813,#1849,.T.);
#1849 = B_SPLINE_CURVE_WITH_KNOTS('',1,(#1850,#1851),.UNSPECIFIED.,.F.,
  .F.,(2,2),(0.,0.3),.PIECEWISE_BEZIER_KNOTS.);
#1850 = CARTESIAN_POINT('',(3.5,-6.85,-2.675));
#1851 = CARTESIAN_POINT('',(3.5,-7.15,-2.675));
#1852 = ORIENTED_EDGE('',*,*,#1776,.T.);
#1853 = ORIENTED_EDGE('',*,*,#1854,.T.);
#1854 = EDGE_CURVE('',#1779,#1815,#1855,.T.);
#1855 = B_SPLINE_CURVE_WITH_KNOTS('',1,(#1856,#1857),.UNSPECIFIED.,.F.,
  .F.,(2,2),(0.,0.3),.PIECEWISE_BEZIER_KNOTS.);
#1856 = CARTESIAN_POINT('',(-1.,-6.85,-2.675));
#1857 = CARTESIAN_POINT('',(-1.,-7.15,-2.675));
#1858 = ORIENTED_EDGE('',*,*,#1812,.F.);
#1859 = B_SPLINE_SURFACE_WITH_KNOTS('',1,1,(
    (#1860,#1861)
    ,(#1862,#1863
    )),.UNSPECIFIED.,.F.,.F.,.F.,(2,2),(2,2),(0.,4.5),(0.,0.3),
  .PIECEWISE_BEZIER_KNOTS.);
#1860 = CARTESIAN_POINT('',(3.5,-6.85,-2.675));
#1861 = CARTESIAN_POINT('',(3.5,-7.15,-2.675));
#1862 = CARTESIAN_POINT('',(-1.,-6.85,-2.675));
#1863 = CARTESIAN_POINT('',(-1.,-7.15,-2.675));
#1864 = ADVANCED_FACE('',(#1865),#1879,.T.);
#1865 = FACE_BOUND('',#1866,.T.);
#1866 = EDGE_LOOP('',(#1867,#1872,#1873,#1878));
#1867 = ORIENTED_EDGE('',*,*,#1868,.F.);
#1868 = EDGE_CURVE('',#1786,#1822,#1869,.T.);
#1869 = B_SPLINE_CURVE_WITH_KNOTS('',1,(#1870,#1871),.UNSPECIFIED.,.F.,
  .F.,(2,2),(0.,0.3),.PIECEWISE_BEZIER_KNOTS.);
#1870 = CARTESIAN_POINT('',(3.5,-6.85,-1.775));
#1871 = CARTESIAN_POINT('',(3.5,-7.15,-1.775));
#1872 = ORIENTED_EDGE('',*,*,#1792,.T.);
#1873 = ORIENTED_EDGE('',*,*,#1874,.T.);
#1874 = EDGE_CURVE('',#1793,#1829,#1875,.T.);
#1875 = B_SPLINE_CURVE_WITH_KNOTS('',1,(#1876,#1877),.UNSPECIFIED.,.F.,
  .F.,(2,2),(0.,0.3),.PIECEWISE_BEZIER_KNOTS.);
#1876 = CARTESIAN_POINT('',(-1.,-6.85,-1.775));
#1877 = CARTESIAN_POINT('',(-1.,-7.15,-1.775));
#1878 = ORIENTED_EDGE('',*,*,#1828,.F.);
#1879 = B_SPLINE_SURFACE_WITH_KNOTS('',1,1,(
    (#1880,#1881)
    ,(#1882,#1883
    )),.UNSPECIFIED.,.F.,.F.,.F.,(2,2),(2,2),(0.,4.5),(0.,0.3),
  .PIECEWISE_BEZIER_KNOTS.);
#1880 = CARTESIAN_POINT('',(3.5,-6.85,-1.775));
#1881 = CARTESIAN_POINT('',(3.5,-7.15,-1.775));
#1882 = CARTESIAN_POINT('',(-1.,-6.85,-1.775));
#1883 = CARTESIAN_POINT('',(-1.,-7.15,-1.775));
#1884 = ADVANCED_FACE('',(#1885),#1891,.F.);
#1885 = FACE_BOUND('',#1886,.F.);
#1886 = EDGE_LOOP('',(#1887,#1888,#1889,#1890));
#1887 = ORIENTED_EDGE('',*,*,#1785,.F.);
#1888 = ORIENTED_EDGE('',*,*,#1848,.T.);
#1889 = ORIENTED_EDGE('',*,*,#1821,.T.);
#1890 = ORIENTED_EDGE('',*,*,#1868,.F.);
#1891 = B_SPLINE_SURFACE_WITH_KNOTS('',1,1,(
    (#1892,#1893)
    ,(#1894,#1895
    )),.UNSPECIFIED.,.F.,.F.,.F.,(2,2),(2,2),(0.,0.3),(0.,0.9),
  .PIECEWISE_BEZIER_KNOTS.);
#1892 = CARTESIAN_POINT('',(3.5,-6.85,-2.675));
#1893 = CARTESIAN_POINT('',(3.5,-6.85,-1.775));
#1894 = CARTESIAN_POINT('',(3.5,-7.15,-2.675));
#1895 = CARTESIAN_POINT('',(3.5,-7.15,-1.775));
#1896 = ADVANCED_FACE('',(#1897),#1903,.T.);
#1897 = FACE_BOUND('',#1898,.T.);
#1898 = EDGE_LOOP('',(#1899,#1900,#1901,#1902));
#1899 = ORIENTED_EDGE('',*,*,#1799,.F.);
#1900 = ORIENTED_EDGE('',*,*,#1854,.T.);
#1901 = ORIENTED_EDGE('',*,*,#1835,.T.);
#1902 = ORIENTED_EDGE('',*,*,#1874,.F.);
#1903 = B_SPLINE_SURFACE_WITH_KNOTS('',1,1,(
    (#1904,#1905)
    ,(#1906,#1907
    )),.UNSPECIFIED.,.F.,.F.,.F.,(2,2),(2,2),(0.,0.3),(0.,0.9),
  .PIECEWISE_BEZIER_KNOTS.);
#1904 = CARTESIAN_POINT('',(-1.,-6.85,-2.675));
#1905 = CARTESIAN_POINT('',(-1.,-6.85,-1.775));
#1906 = CARTESIAN_POINT('',(-1.,-7.15,-2.675));
#1907 = CARTESIAN_POINT('',(-1.,-7.15,-1.775));
#1908 = MANIFOLD_SOLID_BREP('',#1909);
#1909 = CLOSED_SHELL('',(#1910,#1946,#1982,#2002,#2022,#2034));
#1910 = ADVANCED_FACE('',(#1911),#1941,.F.);
#1911 = FACE_BOUND('',#1912,.F.);
#1912 = EDGE_LOOP('',(#1913,#1922,#1929,#1936));
#1913 = ORIENTED_EDGE('',*,*,#1914,.F.);
#1914 = EDGE_CURVE('',#1915,#1917,#1919,.T.);
#1915 = VERTEX_POINT('',#1916);
#1916 = CARTESIAN_POINT('',(-0.6,-5.925,-2.675));
#1917 = VERTEX_POINT('',#1918);
#1918 = CARTESIAN_POINT('',(-0.9,-5.925,-2.675));
#1919 = B_SPLINE_CURVE_WITH_KNOTS('',1,(#1920,#1921),.UNSPECIFIED.,.F.,
  .F.,(2,2),(0.,0.3),.PIECEWISE_BEZIER_KNOTS.);
#1920 = CARTESIAN_POINT('',(-0.6,-5.925,-2.675));
#1921 = CARTESIAN_POINT('',(-0.9,-5.925,-2.675));
#1922 = ORIENTED_EDGE('',*,*,#1923,.T.);
#1923 = EDGE_CURVE('',#1915,#1924,#1926,.T.);
#1924 = VERTEX_POINT('',#1925);
#1925 = CARTESIAN_POINT('',(-0.6,-5.925,-1.775));
#1926 = B_SPLINE_CURVE_WITH_KNOTS('',1,(#1927,#1928),.UNSPECIFIED.,.F.,
  .F.,(2,2),(0.,0.9),.PIECEWISE_BEZIER_KNOTS.);
#1927 = CARTESIAN_POINT('',(-0.6,-5.925,-2.675));
#1928 = CARTESIAN_POINT('',(-0.6,-5.925,-1.775));
#1929 = ORIENTED_EDGE('',*,*,#1930,.T.);
#1930 = EDGE_CURVE('',#1924,#1931,#1933,.T.);
#1931 = VERTEX_POINT('',#1932);
#1932 = CARTESIAN_POINT('',(-0.9,-5.925,-1.775));
#1933 = B_SPLINE_CURVE_WITH_KNOTS('',1,(#1934,#1935),.UNSPECIFIED.,.F.,
  .F.,(2,2),(0.,0.3),.PIECEWISE_BEZIER_KNOTS.);
#1934 = CARTESIAN_POINT('',(-0.6,-5.925,-1.775));
#1935 = CARTESIAN_POINT('',(-0.9,-5.925,-1.775));
#1936 = ORIENTED_EDGE('',*,*,#1937,.F.);
#1937 = EDGE_CURVE('',#1917,#1931,#1938,.T.);
#1938 = B_SPLINE_CURVE_WITH_KNOTS('',1,(#1939,#1940),.UNSPECIFIED.,.F.,
  .F.,(2,2),(0.,0.9),.PIECEWISE_BEZIER_KNOTS.);
#1939 = CARTESIAN_POINT('',(-0.9,-5.925,-2.675));
#1940 = CARTESIAN_POINT('',(-0.9,-5.925,-1.775));
#1941 = B_SPLINE_SURFACE_WITH_KNOTS('',1,1,(
    (#1942,#1943)
    ,(#1944,#1945
    )),.UNSPECIFIED.,.F.,.F.,.F.,(2,2),(2,2),(0.,0.3),(-0.9,0.),
  .PIECEWISE_BEZIER_KNOTS.);
#1942 = CARTESIAN_POINT('',(-0.6,-5.925,-1.775));
#1943 = CARTESIAN_POINT('',(-0.6,-5.925,-2.675));
#1944 = CARTESIAN_POINT('',(-0.9,-5.925,-1.775));
#1945 = CARTESIAN_POINT('',(-0.9,-5.925,-2.675));
#1946 = ADVANCED_FACE('',(#1947),#1977,.T.);
#1947 = FACE_BOUND('',#1948,.T.);
#1948 = EDGE_LOOP('',(#1949,#1958,#1965,#1972));
#1949 = ORIENTED_EDGE('',*,*,#1950,.F.);
#1950 = EDGE_CURVE('',#1951,#1953,#1955,.T.);
#1951 = VERTEX_POINT('',#1952);
#1952 = CARTESIAN_POINT('',(-0.6,-7.075,-2.675));
#1953 = VERTEX_POINT('',#1954);
#1954 = CARTESIAN_POINT('',(-0.9,-7.075,-2.675));
#1955 = B_SPLINE_CURVE_WITH_KNOTS('',1,(#1956,#1957),.UNSPECIFIED.,.F.,
  .F.,(2,2),(0.,0.3),.PIECEWISE_BEZIER_KNOTS.);
#1956 = CARTESIAN_POINT('',(-0.6,-7.075,-2.675));
#1957 = CARTESIAN_POINT('',(-0.9,-7.075,-2.675));
#1958 = ORIENTED_EDGE('',*,*,#1959,.T.);
#1959 = EDGE_CURVE('',#1951,#1960,#1962,.T.);
#1960 = VERTEX_POINT('',#1961);
#1961 = CARTESIAN_POINT('',(-0.6,-7.075,-1.775));
#1962 = B_SPLINE_CURVE_WITH_KNOTS('',1,(#1963,#1964),.UNSPECIFIED.,.F.,
  .F.,(2,2),(0.,0.9),.PIECEWISE_BEZIER_KNOTS.);
#1963 = CARTESIAN_POINT('',(-0.6,-7.075,-2.675));
#1964 = CARTESIAN_POINT('',(-0.6,-7.075,-1.775));
#1965 = ORIENTED_EDGE('',*,*,#1966,.T.);
#1966 = EDGE_CURVE('',#1960,#1967,#1969,.T.);
#1967 = VERTEX_POINT('',#1968);
#1968 = CARTESIAN_POINT('',(-0.9,-7.075,-1.775));
#1969 = B_SPLINE_CURVE_WITH_KNOTS('',1,(#1970,#1971),.UNSPECIFIED.,.F.,
  .F.,(2,2),(0.,0.3),.PIECEWISE_BEZIER_KNOTS.);
#1970 = CARTESIAN_POINT('',(-0.6,-7.075,-1.775));
#1971 = CARTESIAN_POINT('',(-0.9,-7.075,-1.775));
#1972 = ORIENTED_EDGE('',*,*,#1973,.F.);
#1973 = EDGE_CURVE('',#1953,#1967,#1974,.T.);
#1974 = B_SPLINE_CURVE_WITH_KNOTS('',1,(#1975,#1976),.UNSPECIFIED.,.F.,
  .F.,(2,2),(0.,0.9),.PIECEWISE_BEZIER_KNOTS.);
#1975 = CARTESIAN_POINT('',(-0.9,-7.075,-2.675));
#1976 = CARTESIAN_POINT('',(-0.9,-7.075,-1.775));
#1977 = B_SPLINE_SURFACE_WITH_KNOTS('',1,1,(
    (#1978,#1979)
    ,(#1980,#1981
    )),.UNSPECIFIED.,.F.,.F.,.F.,(2,2),(2,2),(0.,0.3),(-0.9,0.),
  .PIECEWISE_BEZIER_KNOTS.);
#1978 = CARTESIAN_POINT('',(-0.6,-7.075,-1.775));
#1979 = CARTESIAN_POINT('',(-0.6,-7.075,-2.675));
#1980 = CARTESIAN_POINT('',(-0.9,-7.075,-1.775));
#1981 = CARTESIAN_POINT('',(-0.9,-7.075,-2.675));
#1982 = ADVANCED_FACE('',(#1983),#1997,.F.);
#1983 = FACE_BOUND('',#1984,.F.);
#1984 = EDGE_LOOP('',(#1985,#1990,#1991,#1996));
#1985 = ORIENTED_EDGE('',*,*,#1986,.F.);
#1986 = EDGE_CURVE('',#1915,#1951,#1987,.T.);
#1987 = B_SPLINE_CURVE_WITH_KNOTS('',1,(#1988,#1989),.UNSPECIFIED.,.F.,
  .F.,(2,2),(0.,1.15),.PIECEWISE_BEZIER_KNOTS.);
#1988 = CARTESIAN_POINT('',(-0.6,-5.925,-2.675));
#1989 = CARTESIAN_POINT('',(-0.6,-7.075,-2.675));
#1990 = ORIENTED_EDGE('',*,*,#1914,.T.);
#1991 = ORIENTED_EDGE('',*,*,#1992,.T.);
#1992 = EDGE_CURVE('',#1917,#1953,#1993,.T.);
#1993 = B_SPLINE_CURVE_WITH_KNOTS('',1,(#1994,#1995),.UNSPECIFIED.,.F.,
  .F.,(2,2),(0.,1.15),.PIECEWISE_BEZIER_KNOTS.);
#1994 = CARTESIAN_POINT('',(-0.9,-5.925,-2.675));
#1995 = CARTESIAN_POINT('',(-0.9,-7.075,-2.675));
#1996 = ORIENTED_EDGE('',*,*,#1950,.F.);
#1997 = B_SPLINE_SURFACE_WITH_KNOTS('',1,1,(
    (#1998,#1999)
    ,(#2000,#2001
    )),.UNSPECIFIED.,.F.,.F.,.F.,(2,2),(2,2),(0.,0.3),(0.,1.15),
  .PIECEWISE_BEZIER_KNOTS.);
#1998 = CARTESIAN_POINT('',(-0.6,-5.925,-2.675));
#1999 = CARTESIAN_POINT('',(-0.6,-7.075,-2.675));
#2000 = CARTESIAN_POINT('',(-0.9,-5.925,-2.675));
#2001 = CARTESIAN_POINT('',(-0.9,-7.075,-2.675));
#2002 = ADVANCED_FACE('',(#2003),#2017,.T.);
#2003 = FACE_BOUND('',#2004,.T.);
#2004 = EDGE_LOOP('',(#2005,#2010,#2011,#2016));
#2005 = ORIENTED_EDGE('',*,*,#2006,.F.);
#2006 = EDGE_CURVE('',#1924,#1960,#2007,.T.);
#2007 = B_SPLINE_CURVE_WITH_KNOTS('',1,(#2008,#2009),.UNSPECIFIED.,.F.,
  .F.,(2,2),(0.,1.15),.PIECEWISE_BEZIER_KNOTS.);
#2008 = CARTESIAN_POINT('',(-0.6,-5.925,-1.775));
#2009 = CARTESIAN_POINT('',(-0.6,-7.075,-1.775));
#2010 = ORIENTED_EDGE('',*,*,#1930,.T.);
#2011 = ORIENTED_EDGE('',*,*,#2012,.T.);
#2012 = EDGE_CURVE('',#1931,#1967,#2013,.T.);
#2013 = B_SPLINE_CURVE_WITH_KNOTS('',1,(#2014,#2015),.UNSPECIFIED.,.F.,
  .F.,(2,2),(0.,1.15),.PIECEWISE_BEZIER_KNOTS.);
#2014 = CARTESIAN_POINT('',(-0.9,-5.925,-1.775));
#2015 = CARTESIAN_POINT('',(-0.9,-7.075,-1.775));
#2016 = ORIENTED_EDGE('',*,*,#1966,.F.);
#2017 = B_SPLINE_SURFACE_WITH_KNOTS('',1,1,(
    (#2018,#2019)
    ,(#2020,#2021
    )),.UNSPECIFIED.,.F.,.F.,.F.,(2,2),(2,2),(0.,0.3),(0.,1.15),
  .PIECEWISE_BEZIER_KNOTS.);
#2018 = CARTESIAN_POINT('',(-0.6,-5.925,-1.775));
#2019 = CARTESIAN_POINT('',(-0.6,-7.075,-1.775));
#2020 = CARTESIAN_POINT('',(-0.9,-5.925,-1.775));
#2021 = CARTESIAN_POINT('',(-0.9,-7.075,-1.775));
#2022 = ADVANCED_FACE('',(#2023),#2029,.F.);
#2023 = FACE_BOUND('',#2024,.F.);
#2024 = EDGE_LOOP('',(#2025,#2026,#2027,#2028));
#2025 = ORIENTED_EDGE('',*,*,#1923,.F.);
#2026 = ORIENTED_EDGE('',*,*,#1986,.T.);
#2027 = ORIENTED_EDGE('',*,*,#1959,.T.);
#2028 = ORIENTED_EDGE('',*,*,#2006,.F.);
#2029 = B_SPLINE_SURFACE_WITH_KNOTS('',1,1,(
    (#2030,#2031)
    ,(#2032,#2033
    )),.UNSPECIFIED.,.F.,.F.,.F.,(2,2),(2,2),(0.,1.15),(0.,0.9),
  .PIECEWISE_BEZIER_KNOTS.);
#2030 = CARTESIAN_POINT('',(-0.6,-5.925,-2.675));
#2031 = CARTESIAN_POINT('',(-0.6,-5.925,-1.775));
#2032 = CARTESIAN_POINT('',(-0.6,-7.075,-2.675));
#2033 = CARTESIAN_POINT('',(-0.6,-7.075,-1.775));
#2034 = ADVANCED_FACE('',(#2035),#2041,.T.);
#2035 = FACE_BOUND('',#2036,.T.);
#2036 = EDGE_LOOP('',(#2037,#2038,#2039,#2040));
#2037 = ORIENTED_EDGE('',*,*,#1937,.F.);
#2038 = ORIENTED_EDGE('',*,*,#1992,.T.);
#2039 = ORIENTED_EDGE('',*,*,#1973,.T.);
#2040 = ORIENTED_EDGE('',*,*,#2012,.F.);
#2041 = B_SPLINE_SURFACE_WITH_KNOTS('',1,1,(
    (#2042,#2043)
    ,(#2044,#2045
    )),.UNSPECIFIED.,.F.,.F.,.F.,(2,2),(2,2),(0.,1.15),(0.,0.9),
  .PIECEWISE_BEZIER_KNOTS.);
#2042 = CARTESIAN_POINT('',(-0.9,-5.925,-2.675));
#2043 = CARTESIAN_POINT('',(-0.9,-5.925,-1.775));
#2044 = CARTESIAN_POINT('',(-0.9,-7.075,-2.675));
#2045 = CARTESIAN_POINT('',(-0.9,-7.075,-1.775));
#2046 = ( GEOMETRIC_REPRESENTATION_CONTEXT(3) 
GLOBAL_UNCERTAINTY_ASSIGNED_CONTEXT((#2050)) 
GLOBAL_UNIT_ASSIGNED_CONTEXT((#2047,#2048,#2049)) REPRESENTATION_CONTEXT
('Context #1','3D Context with UNIT and UNCERTAINTY') );
#2047 = ( LENGTH_UNIT() NAMED_UNIT(*) SI_UNIT(.MILLI.,.METRE.) );
#2048 = ( NAMED_UNIT(*) PLANE_ANGLE_UNIT() SI_UNIT($,.RADIAN.) );
#2049 = ( NAMED_UNIT(*) SI_UNIT($,.STERADIAN.) SOLID_ANGLE_UNIT() );
#2050 = UNCERTAINTY_MEASURE_WITH_UNIT(LENGTH_MEASURE(1.E-07),#2047,
  'distance_accuracy_value','confusion accuracy');
#2051 = CONTEXT_DEPENDENT_SHAPE_REPRESENTATION(#2052,#2054);
#2052 = ( REPRESENTATION_RELATIONSHIP('','',#55,#32) 
REPRESENTATION_RELATIONSHIP_WITH_TRANSFORMATION(#2053) 
SHAPE_REPRESENTATION_RELATIONSHIP() );
#2053 = ITEM_DEFINED_TRANSFORMATION('','',#11,#33);
#2054 = PRODUCT_DEFINITION_SHAPE('Placement','Placement of an item',
  #2055);
#2055 = NEXT_ASSEMBLY_USAGE_OCCURRENCE('1','=>[0:1:1:3]','',#27,#50,$);
#2056 = PRODUCT_RELATED_PRODUCT_CATEGORY('part',$,(#52));
ENDSEC;
END-ISO-10303-21;
